entidad,relacion,objeto,source_file
Agustín Gómez,Lugar de nacimiento,Guatemala,guatemala
Agustín Gómez,Ocupación,escritor,guatemala
Agustín Gómez,Ciudadanía,Guatemala,guatemala
Agustín Gómez,Fecha de nacimiento,1838-02-24,guatemala
Agustín Gómez,Fecha de defunción,1908-05-07,guatemala
Agustín Gómez,Ocupación,abogado,guatemala
Agustín Iriarte,Ocupación,pintor,guatemala
Agustín Iriarte,Ciudadanía,Guatemala,guatemala
Agustín Iriarte,Fecha de nacimiento,1876-01-01,guatemala
Agustín Iriarte,Fecha de defunción,1963-01-01,guatemala
Alaíde Foppa,Lugar de nacimiento,Barcelona,guatemala
Alaíde Foppa,Ocupación,escritor,guatemala
Alaíde Foppa,Ciudadanía,España,guatemala
Alaíde Foppa,Educado en,Sorbonne Universidad de París,guatemala
Alaíde Foppa,Empleador,Universidad Nacional Autónoma de México,guatemala
Alaíde Foppa,Fecha de nacimiento,1914-12-03,guatemala
Alaíde Foppa,Ocupación,profesor,guatemala
Alaíde Foppa,Ocupación,poeta,guatemala
Alaíde Foppa,Ocupación,traductor,guatemala
Alaíde Foppa,Ocupación,crítico de arte,guatemala
Alaíde Foppa,Ocupación,diarista,guatemala
Alaíde Foppa,Ciudadanía,México,guatemala
Alaíde Foppa,Ciudadanía,Guatemala,guatemala
Harris Whitbeck,Lugar de nacimiento,Guatemala,guatemala
Harris Whitbeck,Ocupación,periodista,guatemala
Harris Whitbeck,Ciudadanía,Guatemala,guatemala
Harris Whitbeck,Educado en,Columbia University Graduate School of Journalism,guatemala
Harris Whitbeck,Empleador,Q1282786,guatemala
Harris Whitbeck,Fecha de nacimiento,1965-05-25,guatemala
Harris Whitbeck,Ocupación,presentador,guatemala
Harris Whitbeck,Educado en,Washington College,guatemala
Alejandro Sinibaldi,Lugar de nacimiento,Mazatenango,guatemala
Alejandro Sinibaldi,Ocupación,político,guatemala
Alejandro Sinibaldi,Ciudadanía,Guatemala,guatemala
Alejandro Sinibaldi,Educado en,Universidad Rafael Landívar,guatemala
Alejandro Sinibaldi,Fecha de nacimiento,1970-11-22,guatemala
Alfonso Bauer Paiz,Lugar de nacimiento,Ciudad de Guatemala,guatemala
Alfonso Bauer Paiz,Ocupación,escritor,guatemala
Alfonso Bauer Paiz,Ciudadanía,Guatemala,guatemala
Alfonso Bauer Paiz,Educado en,Universidad de San Carlos de Guatemala,guatemala
Alfonso Bauer Paiz,Cargo,Diputado del Congreso de Guatemala,guatemala
Alfonso Bauer Paiz,Fecha de nacimiento,1918-04-29,guatemala
Alfonso Bauer Paiz,Fecha de defunción,2011-07-10,guatemala
Alfonso Bauer Paiz,Ocupación,abogado,guatemala
Alfonso Bauer Paiz,Ocupación,político,guatemala
Alfonso Enrique Barrientos,Ocupación,escritor,guatemala
Alfonso Enrique Barrientos,Ciudadanía,Guatemala,guatemala
Alfonso Enrique Barrientos,Fecha de nacimiento,1921-01-01,guatemala
Alfonso Enrique Barrientos,Fecha de defunción,2007-09-24,guatemala
Alfonso Enrique Barrientos,Ocupación,periodista,guatemala
Alfonso Enrique Barrientos,Ocupación,crítico literario,guatemala
Alfredo Wyld,Lugar de nacimiento,Ciudad de Guatemala,guatemala
Alfredo Wyld,Ocupación,compositor,guatemala
Alfredo Wyld,Ciudadanía,Guatemala,guatemala
Alfredo Wyld,Fecha de nacimiento,1883-03-16,guatemala
Alfredo Wyld,Fecha de defunción,1947-04-23,guatemala
Alfredo Wyld,Ocupación,pianista,guatemala
Adela de Torrebiarte,Lugar de nacimiento,Ciudad de Guatemala,guatemala
Adela de Torrebiarte,Ocupación,político,guatemala
Adela de Torrebiarte,Ciudadanía,Guatemala,guatemala
Adela de Torrebiarte,Educado en,Universidad de San Carlos de Guatemala,guatemala
Adela de Torrebiarte,Fecha de nacimiento,1949-03-30,guatemala
Adela de Torrebiarte,Fecha de defunción,2020-12-15,guatemala
Alfonso Orantes,Lugar de nacimiento,Guatemala,guatemala
Alfonso Orantes,Ocupación,poeta,guatemala
Alfonso Orantes,Ciudadanía,Guatemala,guatemala
Alfonso Orantes,Educado en,Universidad de San Carlos de Guatemala,guatemala
Alfonso Orantes,Miembro de,Generación del 20,guatemala
Alfonso Orantes,Fecha de nacimiento,1898-07-17,guatemala
Alfonso Orantes,Fecha de defunción,1985-06-19,guatemala
Alfonso Orantes,Ocupación,diplomático,guatemala
Alfonso Orantes,Educado en,Instituto Nacional Central para Varones,guatemala
Hedras Ramos,Lugar de nacimiento,Ciudad de Guatemala,guatemala
Hedras Ramos,Ocupación,músico,guatemala
Hedras Ramos,Ciudadanía,Guatemala,guatemala
Hedras Ramos,Fecha de nacimiento,1992-02-03,guatemala
Hedras Ramos,Ocupación,guitarrista,guatemala
Helder Torres,Ocupación,nadador,guatemala
Helder Torres,Ciudadanía,Guatemala,guatemala
Helder Torres,Fecha de nacimiento,1975-06-29,guatemala
Helder Torres,Fecha de defunción,2015-09-16,guatemala
Helen Mack Chang,Lugar de nacimiento,Retalhuleu,guatemala
Helen Mack Chang,Ocupación,activista por los derechos humanos,guatemala
Helen Mack Chang,Ciudadanía,Guatemala,guatemala
Helen Mack Chang,Premio recibido,Premio Right Livelihood,guatemala
Helen Mack Chang,Fecha de nacimiento,1952-01-19,guatemala
Arturo Ubico Urruela,Lugar de nacimiento,Ciudad de Guatemala,guatemala
Arturo Ubico Urruela,Ocupación,político,guatemala
Arturo Ubico Urruela,Ciudadanía,Guatemala,guatemala
Arturo Ubico Urruela,Fecha de nacimiento,1848-03-08,guatemala
Arturo Ubico Urruela,Fecha de defunción,1927-04-29,guatemala
Baudilio Méndez,Lugar de nacimiento,Ciudad de Guatemala,guatemala
Baudilio Méndez,Ocupación,compositor,guatemala
Baudilio Méndez,Ciudadanía,Guatemala,guatemala
Baudilio Méndez,Fecha de nacimiento,1934-01-05,guatemala
Henry Raudales,Ocupación,violinista,guatemala
Henry Raudales,Ciudadanía,Guatemala,guatemala
Boby Tally,Lugar de nacimiento,Guastatoya,guatemala
Boby Tally,Ocupación,futbolista,guatemala
Boby Tally,Ciudadanía,Guatemala,guatemala
Boby Tally,Fecha de nacimiento,1988-04-27,guatemala
Boris España,Lugar de nacimiento,Chiquimula,guatemala
Boris España,Ocupación,empresario,guatemala
Boris España,Ciudadanía,Guatemala,guatemala
Boris España,Educado en,Escuela Agrícola Panamericana,guatemala
Boris España,Cargo,Diputado del Congreso de Guatemala,guatemala
Boris España,Fecha de nacimiento,1973-01-20,guatemala
Boris España,Ocupación,político,guatemala
Hernán Sandoval,Lugar de nacimiento,Ciudad de Guatemala,guatemala
Hernán Sandoval,Ocupación,futbolista,guatemala
Hernán Sandoval,Ciudadanía,Guatemala,guatemala
Hernán Sandoval,Fecha de nacimiento,1983-07-22,guatemala
Carlos Figueroa Ibarra,Ocupación,escritor,guatemala
Carlos Figueroa Ibarra,Ciudadanía,Guatemala,guatemala
Carlos Figueroa Ibarra,Fecha de nacimiento,1952-08-05,guatemala
Carlos Figueroa Ibarra,Ocupación,sociólogo,guatemala
Guatemala,país,Guatemala,guatemala
Guatemala,jefe de gobierno,Bernardo Arévalo de León,guatemala
Guatemala,continente,América del Norte,guatemala
Guatemala,instancia de,país,guatemala
Guatemala,instancia de,república,guatemala
escritor,instancia de,profesión,guatemala
escritor,instancia de,ocupación,guatemala
escritor,subclase de,autor,guatemala
escritor,subclase de,artista,guatemala
pintor,instancia de,ocupación,guatemala
pintor,instancia de,profesión artística,guatemala
pintor,subclase de,artista visual,guatemala
pintor,santo patrón,Lucas el Evangelista,guatemala
pintor,ámbito de la ocupación,pintura,guatemala
Barcelona,subdividido en (división administrativa),Distrito de Ciutat Vella,guatemala
Barcelona,subdividido en (división administrativa),Distrito de Les Corts,guatemala
Barcelona,subdividido en (división administrativa),Distrito de Nou Barris,guatemala
Barcelona,subdividido en (división administrativa),Distrito de Sant Andreu,guatemala
Barcelona,subdividido en (división administrativa),Sarrià-Sant Gervasi,guatemala
España,jefe de gobierno,Pedro Sánchez,guatemala
España,continente,Europa,guatemala
España,instancia de,país,guatemala
España,instancia de,Estado nación,guatemala
España,instancia de,reino,guatemala
Sorbonne Universidad de París,país,Francia,guatemala
Sorbonne Universidad de París,instancia de,universidad en Francia,guatemala
Sorbonne Universidad de París,instancia de,entidad desaparecida,guatemala
Sorbonne Universidad de París,nombrado en referencia a,París,guatemala
Sorbonne Universidad de París,nombrado en referencia a,Roberto de Sorbón,guatemala
Universidad Nacional Autónoma de México,país,México,guatemala
Universidad Nacional Autónoma de México,instancia de,universidad,guatemala
Universidad Nacional Autónoma de México,instancia de,editor de acceso abierto,guatemala
Universidad Nacional Autónoma de México,instancia de,universidad pública de investigación,guatemala
Universidad Nacional Autónoma de México,situado en la entidad territorial administrativa,Ciudad de México,guatemala
periodista,instancia de,profesión,guatemala
periodista,instancia de,cargo,guatemala
periodista,instancia de,ocupación,guatemala
periodista,instancia de,grupo de ocupaciones de la CIUO,guatemala
periodista,subclase de,autor,guatemala
Columbia University Graduate School of Journalism,país,Estados Unidos,guatemala
Columbia University Graduate School of Journalism,instancia de,escuela de periodismo,guatemala
Columbia University Graduate School of Journalism,instancia de,departamento universitario,guatemala
Columbia University Graduate School of Journalism,instancia de,escuela de postgrado,guatemala
Columbia University Graduate School of Journalism,fundador,Joseph Pulitzer,guatemala
Mazatenango,país,Guatemala,guatemala
Mazatenango,instancia de,municipio de Guatemala,guatemala
Mazatenango,comparte fronteras con,Samayac,guatemala
Mazatenango,comparte fronteras con,San Bernardino,guatemala
Mazatenango,comparte fronteras con,San Gabriel,guatemala
político,instancia de,profesión,guatemala
político,instancia de,frecuentemente,guatemala
político,subclase de,profesional,guatemala
político,ámbito de la ocupación,política,guatemala
político,categoría principal del tema,Categoría:Políticos,guatemala
Universidad Rafael Landívar,país,Guatemala,guatemala
Universidad Rafael Landívar,instancia de,universidad privada,guatemala
Universidad Rafael Landívar,instancia de,universidad jesuita,guatemala
Universidad Rafael Landívar,situado en la entidad territorial administrativa,Ciudad de Guatemala,guatemala
Universidad Rafael Landívar,nombrado en referencia a,Rafael Landívar,guatemala
Ciudad de Guatemala,jefe de gobierno,Ricardo Quiñónez Lemus,guatemala
Ciudad de Guatemala,país,Guatemala,guatemala
Ciudad de Guatemala,continente,América del Norte,guatemala
Ciudad de Guatemala,instancia de,ciudad,guatemala
Ciudad de Guatemala,instancia de,asentamiento,guatemala
Universidad de San Carlos de Guatemala,país,Guatemala,guatemala
Universidad de San Carlos de Guatemala,instancia de,universidad pública,guatemala
Universidad de San Carlos de Guatemala,instancia de,editor de acceso abierto,guatemala
Universidad de San Carlos de Guatemala,himno,Gaudeamus igitur,guatemala
Universidad de San Carlos de Guatemala,fundador,Carlos II de España,guatemala
Diputado del Congreso de Guatemala,país,Guatemala,guatemala
Diputado del Congreso de Guatemala,instancia de,cargo,guatemala
Diputado del Congreso de Guatemala,subclase de,parlamentario,guatemala
Diputado del Congreso de Guatemala,forma parte de,Congreso de la República de Guatemala,guatemala
Diputado del Congreso de Guatemala,categoría principal del tema,Categoría:Diputados de Guatemala,guatemala
compositor,instancia de,ocupación,guatemala
compositor,instancia de,profesión musical,guatemala
compositor,subclase de,autor,guatemala
compositor,subclase de,músico,guatemala
compositor,santo patrón,Cecilia de Roma,guatemala
poeta,instancia de,profesión,guatemala
poeta,subclase de,escritor,guatemala
poeta,ámbito de la ocupación,poesía,guatemala
poeta,categoría principal del tema,Categoría:Poetas,guatemala
Generación del 20,instancia de,colectivo de artistas,guatemala
Generación del 20,instancia de,grupo de humanos,guatemala
Generación del 20,compuesto por,Miguel Ángel Asturias,guatemala
Generación del 20,categoría principal del tema,Categoría:Miembros de la Generación del 20 de Guatemala,guatemala
Generación del 20,lugar de trabajo,Guatemala,guatemala
músico,instancia de,ocupación,guatemala
músico,instancia de,profesión musical,guatemala
músico,ocupación,pintor,guatemala
músico,subclase de,artista,guatemala
músico,ámbito de la ocupación,música,guatemala
guitarrista,instancia de,ocupación,guatemala
guitarrista,instancia de,profesión musical,guatemala
guitarrista,subclase de,intérprete de instrumento de cuerda pulsada,guatemala
guitarrista,ámbito de la ocupación,guitarra,guatemala
nadador,instancia de,ocupación,guatemala
nadador,subclase de,deportista,guatemala
nadador,ámbito de la ocupación,natación,guatemala
Retalhuleu,país,Guatemala,guatemala
Retalhuleu,instancia de,ciudad,guatemala
Retalhuleu,instancia de,municipio de Guatemala,guatemala
Retalhuleu,comparte fronteras con,Champerico,guatemala
Retalhuleu,comparte fronteras con,Santa Cruz Muluá,guatemala
activista por los derechos humanos,instancia de,ocupación,guatemala
activista por los derechos humanos,subclase de,activista político,guatemala
activista por los derechos humanos,categoría principal del tema,Categoría:Activistas por los derechos humanos,guatemala
activista por los derechos humanos,lista de interés para el proyecto Wikimedia,Wikiproyecto:Derechos humanos,guatemala
Premio Right Livelihood,país,Suecia,guatemala
Premio Right Livelihood,instancia de,premio político,guatemala
Premio Right Livelihood,fundador,Jakob von Uexkull,guatemala
Premio Right Livelihood,categoría principal del tema,Categoría:Premio Right Livelihood,guatemala
Premio Right Livelihood,conferido por,Right Livelihood Award Foundation,guatemala
violinista,instancia de,cargo,guatemala
violinista,instancia de,ocupación,guatemala
violinista,instancia de,profesión musical,guatemala
violinista,subclase de,instrumentalista,guatemala
Guastatoya,país,Guatemala,guatemala
Guastatoya,instancia de,ciudad,guatemala
Guastatoya,instancia de,municipio de Guatemala,guatemala
Guastatoya,comparte fronteras con,Sansare,guatemala
Guastatoya,comparte fronteras con,El Jícaro,guatemala
futbolista,instancia de,profesión,guatemala
futbolista,instancia de,ocupación,guatemala
futbolista,subclase de,jugador competitivo,guatemala
futbolista,subclase de,Jugador de fútbol,guatemala
Chiquimula,país,Guatemala,guatemala
Chiquimula,instancia de,municipio de Guatemala,guatemala
Chiquimula,comparte fronteras con,Zacapa,guatemala
Chiquimula,comparte fronteras con,San Luis Jilotepeque,guatemala
Chiquimula,comparte fronteras con,San Jacinto,guatemala
empresario,instancia de,profesión,guatemala
empresario,instancia de,persona jurídica,guatemala
empresario,instancia de,ocupación,guatemala
empresario,instancia de,concepto económico,guatemala
Escuela Agrícola Panamericana,país,Honduras,guatemala
Escuela Agrícola Panamericana,instancia de,institución educativa universitaria,guatemala
Escuela Agrícola Panamericana,fundador,Samuel Zemurray,guatemala
Escuela Agrícola Panamericana,situado en la entidad territorial administrativa,Tegucigalpa,guatemala
Escuela Agrícola Panamericana,categoría principal del tema,Categoría:Escuela Agrícola Panamericana,guatemala
sociólogo,instancia de,profesión,guatemala
sociólogo,instancia de,ocupación,guatemala
sociólogo,subclase de,científico social,guatemala
sociólogo,ámbito de la ocupación,sociología,guatemala
sociólogo,se dice que es lo mismo que,científico social,guatemala
Carlos Illescas,Ocupación,escritor,guatemala
Carlos Illescas,Ciudadanía,Guatemala,guatemala
Carlos Illescas,Premio recibido,Premio Xavier Villaurrutia,guatemala
Carlos Illescas,Fecha de nacimiento,1918-01-01,guatemala
Carlos Illescas,Fecha de defunción,1998-01-01,guatemala
Carlos Illescas,Ocupación,poeta,guatemala
Carlos Lapola,Lugar de nacimiento,Esquipulas,guatemala
Carlos Lapola,Ocupación,empresario,guatemala
Carlos Lapola,Ciudadanía,Guatemala,guatemala
Carlos Lapola,Fecha de nacimiento,1966-05-04,guatemala
Carlos Lapola,Ocupación,político,guatemala
Carlos Mercedes Vásquez,Lugar de nacimiento,Ciudad de Guatemala,guatemala
Carlos Mercedes Vásquez,Ocupación,futbolista,guatemala
Carlos Mercedes Vásquez,Ciudadanía,Guatemala,guatemala
Carlos Mercedes Vásquez,Fecha de nacimiento,1982-02-13,guatemala
Carlos Mercedes Vásquez,Fecha de defunción,2010-11-27,guatemala
Celso Lara,Lugar de nacimiento,Ciudad de Guatemala,guatemala
Celso Lara,Ocupación,antropólogo,guatemala
Celso Lara,Ciudadanía,Guatemala,guatemala
Celso Lara,Educado en,Universidad de San Carlos de Guatemala,guatemala
Celso Lara,Fecha de nacimiento,1947-11-23,guatemala
Celso Lara,Fecha de defunción,2019-08-29,guatemala
Cynthia del Águila,Lugar de nacimiento,Ciudad de Guatemala,guatemala
Cynthia del Águila,Ocupación,político,guatemala
Cynthia del Águila,Ciudadanía,Guatemala,guatemala
Cynthia del Águila,Educado en,Universidad del Valle de Guatemala,guatemala
Cynthia del Águila,Cargo,Ministro de Educación de Guatemala,guatemala
Cynthia del Águila,Fecha de nacimiento,1959-05-16,guatemala
Claudio valerio Gaetani,Lugar de nacimiento,Ciudad de Guatemala,guatemala
Claudio valerio Gaetani,Ocupación,actor,guatemala
Claudio valerio Gaetani,Ciudadanía,Guatemala,guatemala
Claudio valerio Gaetani,Fecha de nacimiento,1967-10-25,guatemala
Claudio valerio Gaetani,Ocupación,escritor,guatemala
Claudio valerio Gaetani,Ocupación,poeta,guatemala
Claudio valerio Gaetani,Ocupación,diseñador gráfico,guatemala
Claudio valerio Gaetani,Ocupación,pintor,guatemala
Claudio valerio Gaetani,Ocupación,escultor,guatemala
César Augusto Palma y Palma,Ocupación,poeta,guatemala
César Augusto Palma y Palma,Ciudadanía,Guatemala,guatemala
César Augusto Palma y Palma,Fecha de nacimiento,1907-12-07,guatemala
César Augusto Palma y Palma,Fecha de defunción,1985-02-21,guatemala
Dalia Soberanis,Lugar de nacimiento,Ciudad de Guatemala,guatemala
Dalia Soberanis,Ocupación,deportista,guatemala
Dalia Soberanis,Ciudadanía,Guatemala,guatemala
Dalia Soberanis,Fecha de nacimiento,1996-10-30,guatemala
Dante Liano,Lugar de nacimiento,Chimaltenango,guatemala
Dante Liano,Ocupación,escritor,guatemala
Dante Liano,Ciudadanía,Guatemala,guatemala
Dante Liano,Educado en,Universidad de San Carlos de Guatemala,guatemala
Dante Liano,Fecha de nacimiento,1948-01-01,guatemala
Dante Liano,Ocupación,profesor universitario,guatemala
Dante Liano,Ocupación,crítico literario,guatemala
Diego Molina Flores,Lugar de nacimiento,Ciudad de Guatemala,guatemala
Diego Molina Flores,Ocupación,fotógrafo,guatemala
Diego Molina Flores,Ciudadanía,Guatemala,guatemala
Diego Molina Flores,Fecha de nacimiento,1949-09-16,guatemala
Diego Molina Flores,Fecha de defunción,1994-05-01,guatemala
Domingo Bethancourt,Lugar de nacimiento,Quetzaltenango,guatemala
Domingo Bethancourt,Ocupación,compositor,guatemala
Domingo Bethancourt,Ciudadanía,Guatemala,guatemala
Domingo Bethancourt,Fecha de nacimiento,1906-12-20,guatemala
Domingo Bethancourt,Fecha de defunción,1980-01-01,guatemala
Edelberto Torres Rivas,Lugar de nacimiento,Guatemala,guatemala
Edelberto Torres Rivas,Ocupación,escritor,guatemala
Edelberto Torres Rivas,Ciudadanía,Guatemala,guatemala
Edelberto Torres Rivas,Fecha de nacimiento,1930-11-22,guatemala
Edelberto Torres Rivas,Fecha de defunción,2018-12-31,guatemala
Edelberto Torres Rivas,Ocupación,abogado,guatemala
Edelberto Torres Rivas,Ocupación,sociólogo,guatemala
Edwin Enríquez,Lugar de nacimiento,Cobán,guatemala
Edwin Enríquez,Ocupación,futbolista,guatemala
Edwin Enríquez,Ciudadanía,Guatemala,guatemala
Edwin Enríquez,Fecha de nacimiento,1983-06-04,guatemala
Efraín Medina,Lugar de nacimiento,Santa Catarina Mita,guatemala
Efraín Medina,Ocupación,ingeniero agrónomo,guatemala
Efraín Medina,Ciudadanía,Guatemala,guatemala
Efraín Medina,Educado en,Universidad de San Carlos de Guatemala,guatemala
Efraín Medina,Cargo,"Ministro de Agricultura, Ganadería y Alimentación de Guatemala",guatemala
Efraín Medina,Fecha de nacimiento,1954-05-12,guatemala
Enrique Martínez Sobral,Lugar de nacimiento,Ciudad de Guatemala,guatemala
Enrique Martínez Sobral,Ocupación,escritor,guatemala
Enrique Martínez Sobral,Ciudadanía,Guatemala,guatemala
Enrique Martínez Sobral,Miembro de,Academia Mexicana de la Lengua,guatemala
Enrique Martínez Sobral,Fecha de nacimiento,1875-09-16,guatemala
Enrique Martínez Sobral,Fecha de defunción,1950-01-31,guatemala
Enrique Martínez Sobral,Ocupación,economista,guatemala
Enrique Martínez Sobral,Miembro de,Academia de Geografía e Historia de Guatemala,guatemala
Enrique Solares,Ocupación,compositor,guatemala
Enrique Solares,Ciudadanía,Guatemala,guatemala
Enrique Solares,Fecha de nacimiento,1911-01-01,guatemala
Enrique Solares,Fecha de defunción,1995-09-03,guatemala
Erwin Guillermo,Lugar de nacimiento,Ciudad de Guatemala,guatemala
Erwin Guillermo,Ocupación,pintor,guatemala
Erwin Guillermo,Ciudadanía,Guatemala,guatemala
Erwin Guillermo,Fecha de nacimiento,1951-01-01,guatemala
Mario Monteforte Toledo,Lugar de nacimiento,Ciudad de Guatemala,guatemala
Mario Monteforte Toledo,Ocupación,escritor,guatemala
Mario Monteforte Toledo,Ciudadanía,Guatemala,guatemala
Mario Monteforte Toledo,Cargo,Presidente del Congreso de la República de Guatemala,guatemala
Mario Monteforte Toledo,Fecha de nacimiento,1911-09-15,guatemala
Mario Monteforte Toledo,Fecha de defunción,2003-09-04,guatemala
Mario Monteforte Toledo,Ocupación,político,guatemala
Mario Monteforte Toledo,Ocupación,diplomático,guatemala
Mario Monteforte Toledo,Ocupación,sociólogo,guatemala
Mario Monteforte Toledo,Cargo,Diputado del Congreso de Guatemala,guatemala
Luis de Lion,Lugar de nacimiento,San Juan del Obispo,guatemala
Luis de Lion,Ocupación,escritor,guatemala
Luis de Lion,Ciudadanía,Guatemala,guatemala
Luis de Lion,Fecha de nacimiento,1939-08-19,guatemala
Luis de Lion,Fecha de defunción,1984-06-06,guatemala
Fabián Rodríguez,Lugar de nacimiento,Ciudad de Guatemala,guatemala
Fabián Rodríguez,Ocupación,compositor,guatemala
Fabián Rodríguez,Ciudadanía,Guatemala,guatemala
Fabián Rodríguez,Fecha de nacimiento,1885-01-01,guatemala
Fabián Rodríguez,Fecha de defunción,1952-01-01,guatemala
Fabián Rodríguez,Ocupación,director de orquesta,guatemala
Premio Xavier Villaurrutia,país,México,guatemala
Premio Xavier Villaurrutia,instancia de,premio literario,guatemala
Premio Xavier Villaurrutia,nombrado en referencia a,Xavier Villaurrutia,guatemala
Premio Xavier Villaurrutia,conferido por,Instituto Nacional de Bellas Artes y Literatura,guatemala
Premio Xavier Villaurrutia,conferido por,Consejo Nacional para la Cultura y las Artes,guatemala
Esquipulas,jefe de gobierno,Carlos Lapola,guatemala
Esquipulas,país,Guatemala,guatemala
Esquipulas,instancia de,ciudad,guatemala
Esquipulas,instancia de,ciudad fronteriza,guatemala
Esquipulas,instancia de,municipio de Guatemala,guatemala
antropólogo,instancia de,profesión,guatemala
antropólogo,subclase de,científico social,guatemala
antropólogo,ámbito de la ocupación,antropología,guatemala
antropólogo,categoría principal del tema,Categoría:Antropólogos,guatemala
Universidad del Valle de Guatemala,país,Guatemala,guatemala
Universidad del Valle de Guatemala,instancia de,universidad privada,guatemala
Universidad del Valle de Guatemala,situado en la entidad territorial administrativa,Ciudad de Guatemala,guatemala
Ministro de Educación de Guatemala,instancia de,cargo público,guatemala
Ministro de Educación de Guatemala,subclase de,ministro de Educación,guatemala
Ministro de Educación de Guatemala,forma parte de,Consejo de Ministros de Guatemala,guatemala
Ministro de Educación de Guatemala,aplica a la jurisdicción,Guatemala,guatemala
Ministro de Educación de Guatemala,organización dirigida desde este cargo,Ministerio de Educación de Guatemala,guatemala
actor,instancia de,profesión,guatemala
actor,instancia de,ocupación,guatemala
actor,instancia de,grupo de ocupaciones de la CIUO,guatemala
actor,subclase de,artista escénico,guatemala
deportista,instancia de,profesión,guatemala
deportista,instancia de,ocupación,guatemala
deportista,subclase de,personalidad del deporte,guatemala
deportista,santo patrón,Sebastián de Milán,guatemala
deportista,ámbito de la ocupación,deporte,guatemala
Chimaltenango,país,Guatemala,guatemala
Chimaltenango,instancia de,municipio de Guatemala,guatemala
Chimaltenango,comparte fronteras con,Parramos,guatemala
Chimaltenango,comparte fronteras con,Zaragoza,guatemala
Chimaltenango,comparte fronteras con,El Tejar,guatemala
fotógrafo,instancia de,ocupación,guatemala
fotógrafo,instancia de,agente,guatemala
fotógrafo,subclase de,artista visual,guatemala
fotógrafo,santo patrón,Verónica,guatemala
fotógrafo,ámbito de la ocupación,fotografía,guatemala
Cobán,país,Guatemala,guatemala
Cobán,instancia de,municipio de Guatemala,guatemala
Cobán,comparte fronteras con,Chisec,guatemala
Cobán,comparte fronteras con,Santa Cruz Verapaz,guatemala
Cobán,comparte fronteras con,Tactic,guatemala
Santa Catarina Mita,país,Guatemala,guatemala
Santa Catarina Mita,instancia de,municipio de Guatemala,guatemala
Santa Catarina Mita,comparte fronteras con,El Progreso,guatemala
Santa Catarina Mita,comparte fronteras con,Jutiapa,guatemala
Santa Catarina Mita,comparte fronteras con,San Manuel Chaparrón,guatemala
ingeniero agrónomo,instancia de,profesión,guatemala
ingeniero agrónomo,instancia de,ocupación,guatemala
ingeniero agrónomo,subclase de,ingeniero,guatemala
ingeniero agrónomo,subclase de,agrónomo,guatemala
ingeniero agrónomo,ámbito de la ocupación,ingeniería agrícola,guatemala
"Ministro de Agricultura, Ganadería y Alimentación de Guatemala",instancia de,cargo público,guatemala
"Ministro de Agricultura, Ganadería y Alimentación de Guatemala",subclase de,ministro,guatemala
"Ministro de Agricultura, Ganadería y Alimentación de Guatemala",forma parte de,Consejo de Ministros de Guatemala,guatemala
"Ministro de Agricultura, Ganadería y Alimentación de Guatemala",aplica a la jurisdicción,Guatemala,guatemala
"Ministro de Agricultura, Ganadería y Alimentación de Guatemala",organización dirigida desde este cargo,"Ministerio de Agricultura, Ganadería y Alimentación de Guatemala",guatemala
Academia Mexicana de la Lengua,país,México,guatemala
Academia Mexicana de la Lengua,instancia de,academia,guatemala
Academia Mexicana de la Lengua,instancia de,academia nacional,guatemala
Academia Mexicana de la Lengua,ubicación de la sede,Ciudad de México,guatemala
Academia Mexicana de la Lengua,miembro de,Asociación de Academias de la Lengua Española,guatemala
Presidente del Congreso de la República de Guatemala,país,Guatemala,guatemala
Presidente del Congreso de la República de Guatemala,instancia de,cargo,guatemala
Presidente del Congreso de la República de Guatemala,subclase de,presidente del parlamento,guatemala
Presidente del Congreso de la República de Guatemala,designado por,Congreso de la República de Guatemala,guatemala
Carlos Solórzano,Lugar de nacimiento,San Marcos,guatemala
Carlos Solórzano,Ocupación,dramaturgo,guatemala
Carlos Solórzano,Ciudadanía,México,guatemala
Carlos Solórzano,Fecha de nacimiento,1922-05-01,guatemala
Carlos Solórzano,Fecha de defunción,2011-03-30,guatemala
Carlos Solórzano,Ocupación,ensayista,guatemala
Carlos Solórzano,Ocupación,crítico de teatro,guatemala
Carlos Solórzano,Ciudadanía,Guatemala,guatemala
Carmen Rodríguez,Ocupación,esgrimista,guatemala
Carmen Rodríguez,Ciudadanía,Guatemala,guatemala
Carmen Rodríguez,Fecha de nacimiento,1972-07-15,guatemala
Carol Zardetto,Lugar de nacimiento,Ciudad de Guatemala,guatemala
Carol Zardetto,Ocupación,guionista,guatemala
Carol Zardetto,Ciudadanía,Guatemala,guatemala
Carol Zardetto,Cargo,viceministro,guatemala
Carol Zardetto,Fecha de nacimiento,1960-01-01,guatemala
Carol Zardetto,Ocupación,escritor,guatemala
Carol Zardetto,Ocupación,abogado,guatemala
Carol Zardetto,Ocupación,diplomático,guatemala
Catarina Castor,Ocupación,político,guatemala
Catarina Castor,Ciudadanía,Guatemala,guatemala
Catarina Castor,Cargo,Diputado del Congreso de Guatemala,guatemala
Catarina Castor,Fecha de nacimiento,1980-01-01,guatemala
Catarina Castor,Fecha de defunción,2012-12-30,guatemala
Christian López,Lugar de nacimiento,Coatepeque,guatemala
Christian López,Ocupación,deportista,guatemala
Christian López,Ciudadanía,Guatemala,guatemala
Christian López,Fecha de nacimiento,1984-03-30,guatemala
Christian López,Fecha de defunción,2013-11-06,guatemala
Christopher Díaz-Figueroa,Lugar de nacimiento,Ciudad de Guatemala,guatemala
Christopher Díaz-Figueroa,Ocupación,tenista,guatemala
Christopher Díaz-Figueroa,Ciudadanía,Guatemala,guatemala
Christopher Díaz-Figueroa,Fecha de nacimiento,1990-03-14,guatemala
Claudio Albizuris,Lugar de nacimiento,Ciudad de Guatemala,guatemala
Claudio Albizuris,Ocupación,futbolista,guatemala
Claudio Albizuris,Ciudadanía,Guatemala,guatemala
Claudio Albizuris,Fecha de nacimiento,1981-07-01,guatemala
Cristian Álvarez,Lugar de nacimiento,Ciudad de Guatemala,guatemala
Cristian Álvarez,Ocupación,futbolista,guatemala
Cristian Álvarez,Ciudadanía,Guatemala,guatemala
Cristian Álvarez,Fecha de nacimiento,1982-05-21,guatemala
Cristian Álvarez,Fecha de nacimiento,1983-05-21,guatemala
Cristina Siekavizza,Lugar de nacimiento,Ciudad de Guatemala,guatemala
Cristina Siekavizza,Ciudadanía,Guatemala,guatemala
Cristina Siekavizza,Fecha de nacimiento,1977-12-09,guatemala
César Augusto Blanco Gramajo,Ocupación,ajedrecista,guatemala
César Augusto Blanco Gramajo,Ciudadanía,Guatemala,guatemala
César Augusto Blanco Gramajo,Fecha de nacimiento,1959-01-14,guatemala
César Augusto Blanco Gramajo,Ocupación,ajedrecista por correspondencia,guatemala
César Montenegro Paniagua,Ocupación,político,guatemala
César Montenegro Paniagua,Ciudadanía,Guatemala,guatemala
César Montenegro Paniagua,Fecha de nacimiento,1922-01-01,guatemala
César Montenegro Paniagua,Fecha de defunción,1970-01-01,guatemala
Daniela Schippers,Lugar de nacimiento,Ciudad de Guatemala,guatemala
Daniela Schippers,Ocupación,tenista,guatemala
Daniela Schippers,Ciudadanía,Guatemala,guatemala
Daniela Schippers,Educado en,Universidad Estatal de Florida,guatemala
Daniela Schippers,Fecha de nacimiento,1995-03-28,guatemala
Dario Escobar,Lugar de nacimiento,Ciudad de Guatemala,guatemala
Dario Escobar,Ocupación,pintor,guatemala
Dario Escobar,Ciudadanía,Guatemala,guatemala
Dario Escobar,Fecha de nacimiento,1971-01-01,guatemala
Myrna Elizabeth Mack Chang,Lugar de nacimiento,Departamento de Retalhuleu,guatemala
Myrna Elizabeth Mack Chang,Ocupación,activista por los derechos humanos,guatemala
Myrna Elizabeth Mack Chang,Ciudadanía,Guatemala,guatemala
Myrna Elizabeth Mack Chang,Educado en,Universidad de San Carlos de Guatemala,guatemala
Myrna Elizabeth Mack Chang,Fecha de nacimiento,1949-10-24,guatemala
Myrna Elizabeth Mack Chang,Fecha de defunción,1990-09-11,guatemala
Myrna Elizabeth Mack Chang,Ocupación,antropólogo,guatemala
Denis Chen,Lugar de nacimiento,San Pedro Carchá,guatemala
Denis Chen,Ocupación,futbolista,guatemala
Denis Chen,Ciudadanía,Guatemala,guatemala
Denis Chen,Educado en,Owen J. Roberts High School,guatemala
Denis Chen,Fecha de nacimiento,1977-08-09,guatemala
E. Antonio Romero,Lugar de nacimiento,Departamento de Sololá,guatemala
E. Antonio Romero,Ocupación,poeta,guatemala
E. Antonio Romero,Ciudadanía,Guatemala,guatemala
E. Antonio Romero,Fecha de nacimiento,1925-01-01,guatemala
E. Antonio Romero,Fecha de defunción,2005-01-01,guatemala
E. Antonio Romero,Ocupación,historiador,guatemala
E. Antonio Romero,Ocupación,filósofo,guatemala
Edgar Aroldo Cotto Gonzalez,Lugar de nacimiento,Asunción Mita,guatemala
Edgar Aroldo Cotto Gonzalez,Ocupación,futbolista,guatemala
Edgar Aroldo Cotto Gonzalez,Ciudadanía,Guatemala,guatemala
Edgar Aroldo Cotto Gonzalez,Fecha de nacimiento,1984-01-27,guatemala
Edgar Chinchilla,Lugar de nacimiento,Ciudad de Guatemala,guatemala
Edgar Chinchilla,Ocupación,futbolista,guatemala
Edgar Chinchilla,Ciudadanía,Guatemala,guatemala
Edgar Chinchilla,Fecha de nacimiento,1987-05-08,guatemala
Edgar Valencia,Lugar de nacimiento,Guatemala,guatemala
Edgar Valencia,Ocupación,futbolista,guatemala
Edgar Valencia,Ciudadanía,Guatemala,guatemala
Edgar Valencia,Fecha de nacimiento,1971-03-31,guatemala
Eduardo Acevedo,Lugar de nacimiento,Guatemala,guatemala
Eduardo Acevedo,Ocupación,entrenador,guatemala
Eduardo Acevedo,Ciudadanía,Guatemala,guatemala
Eduardo Acevedo,Fecha de nacimiento,1964-06-08,guatemala
Eduardo Acevedo,Ocupación,futbolista,guatemala
San Marcos,santo patrón,Marcos el Evangelista,guatemala
San Marcos,santo patrón,Inmaculada Concepción,guatemala
San Marcos,compuesto por,Ciudad de San Marcos,guatemala
San Marcos,categoría principal del tema,Categoría:San Marcos (San Marcos),guatemala
dramaturgo,elemento ejemplo,William Shakespeare,guatemala
dramaturgo,elemento ejemplo,Aristófanes,guatemala
dramaturgo,instancia de,oficio del teatro,guatemala
dramaturgo,subclase de,escritor,guatemala
México,miembro de,Organización de las Naciones Unidas,guatemala
México,miembro de,Mercosur,guatemala
México,miembro de,Movimiento Internacional de la Cruz Roja y de la Media Luna Roja,guatemala
México,miembro de,UNESCO,guatemala
México,miembro de,Organización Mundial de la Salud,guatemala
esgrimista,instancia de,ocupación,guatemala
esgrimista,subclase de,deportista,guatemala
esgrimista,ámbito de la ocupación,esgrima,guatemala
esgrimista,categoría principal del tema,Categoría:Esgrimidores,guatemala
guionista,sujeto tiene rol,escritor,guatemala
guionista,instancia de,profesión del cine,guatemala
guionista,género,guion,guatemala
guionista,subclase de,escritor,guatemala
viceministro,instancia de,cargo,guatemala
viceministro,subclase de,adjunto,guatemala
viceministro,parcialmente coincidente con,secretario de Estado,guatemala
Coatepeque,país,Guatemala,guatemala
Coatepeque,instancia de,municipio de Guatemala,guatemala
Coatepeque,comparte fronteras con,Retalhuleu,guatemala
Coatepeque,comparte fronteras con,Ocós,guatemala
Coatepeque,comparte fronteras con,El Quetzal,guatemala
tenista,instancia de,profesión,guatemala
tenista,subclase de,deportista,guatemala
tenista,subclase de,jugador competitivo,guatemala
tenista,ámbito de la ocupación,tenis,guatemala
tenista,ámbito de la ocupación,tenis femenino,guatemala
ajedrecista,instancia de,profesión,guatemala
ajedrecista,subclase de,deportista,guatemala
ajedrecista,subclase de,jugador de juego de tablero,guatemala
ajedrecista por correspondencia,instancia de,ocupación,guatemala
ajedrecista por correspondencia,subclase de,ajedrecista,guatemala
ajedrecista por correspondencia,ámbito de la ocupación,Ajedrez postal,guatemala
Universidad Estatal de Florida,país,Estados Unidos,guatemala
Universidad Estatal de Florida,instancia de,escuela,guatemala
Universidad Estatal de Florida,instancia de,universidad pública,guatemala
Universidad Estatal de Florida,instancia de,institución educativa pública de los Estados Unidos,guatemala
Universidad Estatal de Florida,situado en la entidad territorial administrativa,Tallahassee,guatemala
Departamento de Retalhuleu,país,Guatemala,guatemala
Departamento de Retalhuleu,instancia de,departamento de Guatemala,guatemala
Departamento de Retalhuleu,capital,Retalhuleu,guatemala
Departamento de Retalhuleu,idioma oficial,español,guatemala
Departamento de Retalhuleu,idioma oficial,Kaqchikel,guatemala
San Pedro Carchá,país,Guatemala,guatemala
San Pedro Carchá,instancia de,municipio de Guatemala,guatemala
San Pedro Carchá,comparte fronteras con,Lanquín,guatemala
San Pedro Carchá,comparte fronteras con,Fray Bartolomé de las Casas,guatemala
San Pedro Carchá,comparte fronteras con,Chisec,guatemala
Departamento de Sololá,país,Guatemala,guatemala
Departamento de Sololá,instancia de,departamento de Guatemala,guatemala
Departamento de Sololá,capital,Sololá,guatemala
Departamento de Sololá,comparte fronteras con,Departamento de Quiché,guatemala
Departamento de Sololá,comparte fronteras con,Departamento de Chimaltenango,guatemala
Asunción Mita,país,Guatemala,guatemala
Asunción Mita,instancia de,municipio de Guatemala,guatemala
Asunción Mita,comparte fronteras con,El Progreso,guatemala
Asunción Mita,comparte fronteras con,Jutiapa,guatemala
Asunción Mita,comparte fronteras con,Santa Catarina Mita,guatemala
entrenador,instancia de,profesión,guatemala
entrenador,instancia de,ocupación,guatemala
entrenador,ámbito de la ocupación,fútbol,guatemala
entrenador,deporte,fútbol,guatemala
Epaminondas González Dubón,Lugar de nacimiento,Ciudad de Guatemala,guatemala
Epaminondas González Dubón,Ocupación,juez,guatemala
Epaminondas González Dubón,Ciudadanía,Guatemala,guatemala
Epaminondas González Dubón,Educado en,Universidad de San Carlos de Guatemala,guatemala
Epaminondas González Dubón,Cargo,Magistrado de la Corte de Constitucionalidad de Guatemala,guatemala
Epaminondas González Dubón,Fecha de nacimiento,1931-10-01,guatemala
Epaminondas González Dubón,Fecha de defunción,1994-04-02,guatemala
Epaminondas González Dubón,Ocupación,abogado,guatemala
Eduardo López,Ocupación,esgrimista,guatemala
Eduardo López,Ciudadanía,Guatemala,guatemala
Eduardo López,Fecha de nacimiento,1926-09-05,guatemala
Eduardo Suger,Lugar de nacimiento,Zúrich,guatemala
Eduardo Suger,Ocupación,político,guatemala
Eduardo Suger,Ciudadanía,Guatemala,guatemala
Eduardo Suger,Fecha de nacimiento,1938-11-29,guatemala
Eduardo Suger,Ocupación,físico,guatemala
Edward Cocherari,Lugar de nacimiento,San Salvador,guatemala
Edward Cocherari,Ocupación,futbolista,guatemala
Edward Cocherari,Ciudadanía,Guatemala,guatemala
Edward Cocherari,Fecha de nacimiento,1980-01-23,guatemala
Edwin Westphal,Lugar de nacimiento,Puerto Barrios,guatemala
Edwin Westphal,Ocupación,futbolista,guatemala
Edwin Westphal,Ciudadanía,Guatemala,guatemala
Edwin Westphal,Fecha de nacimiento,1966-03-04,guatemala
Edy Cabrera,Lugar de nacimiento,Santo Tomás de Castilla,guatemala
Edy Cabrera,Ocupación,futbolista,guatemala
Edy Cabrera,Ciudadanía,Guatemala,guatemala
Edy Cabrera,Fecha de nacimiento,1976-08-14,guatemala
Efraín Enrique Recinos Vanenzuela,Lugar de nacimiento,Quetzaltenango,guatemala
Efraín Enrique Recinos Vanenzuela,Ocupación,arquitecto,guatemala
Efraín Enrique Recinos Vanenzuela,Ciudadanía,Guatemala,guatemala
Efraín Enrique Recinos Vanenzuela,Educado en,Universidad de San Carlos de Guatemala,guatemala
Efraín Enrique Recinos Vanenzuela,Fecha de nacimiento,1928-05-15,guatemala
Efraín Enrique Recinos Vanenzuela,Fecha de defunción,2011-10-02,guatemala
Efraín Enrique Recinos Vanenzuela,Ocupación,pintor,guatemala
Efraín Enrique Recinos Vanenzuela,Ocupación,culturista,guatemala
Engelver Herrera,Lugar de nacimiento,Ciudad de Guatemala,guatemala
Engelver Herrera,Ocupación,futbolista,guatemala
Engelver Herrera,Ciudadanía,Guatemala,guatemala
Engelver Herrera,Fecha de nacimiento,1973-05-11,guatemala
Enrique Gómez Carrillo,Lugar de nacimiento,Ciudad de Guatemala,guatemala
Enrique Gómez Carrillo,Ocupación,escritor,guatemala
Enrique Gómez Carrillo,Ciudadanía,Argentina,guatemala
Enrique Gómez Carrillo,Obra notable,"Del amor, del dolor y del vicio",guatemala
Enrique Gómez Carrillo,Fecha de nacimiento,1873-02-27,guatemala
Enrique Gómez Carrillo,Fecha de defunción,1927-11-29,guatemala
Enrique Gómez Carrillo,Ocupación,diplomático,guatemala
Enrique Gómez Carrillo,Ocupación,periodista,guatemala
Enrique Gómez Carrillo,Ocupación,crítico literario,guatemala
Enrique Gómez Carrillo,Ciudadanía,Guatemala,guatemala
Eric Vonn,Lugar de nacimiento,Guatemala,guatemala
Eric Vonn,Ocupación,guionista,guatemala
Eric Vonn,Ciudadanía,Estados Unidos,guatemala
Eric Vonn,Fecha de nacimiento,1958-06-09,guatemala
Eric Vonn,Ciudadanía,Guatemala,guatemala
Erick Miranda,Lugar de nacimiento,Escuintla,guatemala
Erick Miranda,Ocupación,futbolista,guatemala
Erick Miranda,Ciudadanía,Guatemala,guatemala
Erick Miranda,Fecha de nacimiento,1971-12-17,guatemala
Ramón Aceña Durán,Lugar de nacimiento,Antigua Guatemala,guatemala
Ramón Aceña Durán,Ocupación,escritor,guatemala
Ramón Aceña Durán,Ciudadanía,Guatemala,guatemala
Ramón Aceña Durán,Educado en,Universidad de San Carlos de Guatemala,guatemala
Ramón Aceña Durán,Miembro de,Generación del 20,guatemala
Ramón Aceña Durán,Fecha de nacimiento,1895-01-16,guatemala
Ramón Aceña Durán,Fecha de defunción,1945-06-11,guatemala
Ramón Aceña Durán,Ocupación,poeta,guatemala
Ramón Aceña Durán,Ocupación,periodista,guatemala
Ernesto Cofiño,Lugar de nacimiento,Ciudad de Guatemala,guatemala
Ernesto Cofiño,Ocupación,cirujano,guatemala
Ernesto Cofiño,Ciudadanía,Guatemala,guatemala
Ernesto Cofiño,Educado en,Sorbonne Universidad de París,guatemala
Ernesto Cofiño,Miembro de,Opus Dei,guatemala
Ernesto Cofiño,Fecha de nacimiento,1899-06-05,guatemala
Ernesto Cofiño,Fecha de defunción,1991-10-17,guatemala
Georgina Pontaza,Lugar de nacimiento,Guatemala,guatemala
Georgina Pontaza,Ocupación,actor,guatemala
Georgina Pontaza,Ciudadanía,Guatemala,guatemala
Georgina Pontaza,Educado en,Universidad de San Carlos de Guatemala,guatemala
Georgina Pontaza,Fecha de nacimiento,1976-01-15,guatemala
Georgina Pontaza,Ocupación,cantante,guatemala
Euda María Carías Morales,Ocupación,taekwondista,guatemala
Euda María Carías Morales,Ciudadanía,Guatemala,guatemala
Euda María Carías Morales,Fecha de nacimiento,1984-05-07,guatemala
Evelyn Núñez,Lugar de nacimiento,Ciudad de Guatemala,guatemala
Evelyn Núñez,Ocupación,atleta,guatemala
Evelyn Núñez,Ciudadanía,Guatemala,guatemala
Evelyn Núñez,Fecha de nacimiento,1971-04-09,guatemala
Fabiola Rodas,Lugar de nacimiento,Ciudad de Guatemala,guatemala
Fabiola Rodas,Ocupación,compositor,guatemala
Fabiola Rodas,Ciudadanía,Guatemala,guatemala
Fabiola Rodas,Fecha de nacimiento,1992-09-06,guatemala
Fabiola Rodas,Ocupación,cantante,guatemala
Fabricio Benítez,Lugar de nacimiento,Ciudad de Guatemala,guatemala
Fabricio Benítez,Ocupación,futbolista,guatemala
Fabricio Benítez,Ciudadanía,Guatemala,guatemala
Fabricio Benítez,Fecha de nacimiento,1975-06-11,guatemala
Federico Urruela,Lugar de nacimiento,Ciudad de Guatemala,guatemala
Federico Urruela,Ocupación,diplomático,guatemala
Federico Urruela,Ciudadanía,Guatemala,guatemala
Federico Urruela,Fecha de nacimiento,1952-10-07,guatemala
Federico Urruela,Fecha de defunción,2004-01-31,guatemala
Fernando Marroquin,Ocupación,nadador,guatemala
Fernando Marroquin,Ciudadanía,Guatemala,guatemala
Fernando Marroquin,Fecha de nacimiento,1968-04-19,guatemala
juez,instancia de,embede,guatemala
juez,instancia de,profesión jurídica,guatemala
juez,instancia de,grupo de ocupaciones de la CIUO,guatemala
juez,subclase de,jurista,guatemala
Magistrado de la Corte de Constitucionalidad de Guatemala,país,Guatemala,guatemala
Magistrado de la Corte de Constitucionalidad de Guatemala,instancia de,cargo,guatemala
Magistrado de la Corte de Constitucionalidad de Guatemala,forma parte de,Corte de Constitucionalidad de Guatemala,guatemala
Magistrado de la Corte de Constitucionalidad de Guatemala,categoría principal del tema,Categoría:Magistrados de la Corte de Constitucionalidad de Guatemala,guatemala
Zúrich,jefe de gobierno,Corine Mauch,guatemala
Zúrich,país,Suiza,guatemala
Zúrich,continente,Europa,guatemala
Zúrich,instancia de,gemeinde de Suiza,guatemala
Zúrich,instancia de,ciudad universitaria,guatemala
físico,instancia de,profesión,guatemala
físico,subclase de,científico físico,guatemala
físico,ámbito de la ocupación,física,guatemala
físico,categoría principal del tema,Categoría:Físicos,guatemala
físico,diferente de,médico,guatemala
San Salvador,jefe de gobierno,Mario Durán,guatemala
San Salvador,país,El Salvador,guatemala
San Salvador,instancia de,entidad territorial administrativa,guatemala
San Salvador,instancia de,gran ciudad,guatemala
San Salvador,instancia de,distrito de El Salvador,guatemala
Puerto Barrios,país,Guatemala,guatemala
Puerto Barrios,instancia de,ciudad,guatemala
Puerto Barrios,instancia de,gran ciudad,guatemala
Puerto Barrios,instancia de,municipio de Guatemala,guatemala
Puerto Barrios,comparte fronteras con,Morales,guatemala
Santo Tomás de Castilla,país,Guatemala,guatemala
Santo Tomás de Castilla,instancia de,ciudad,guatemala
Santo Tomás de Castilla,instancia de,puerto,guatemala
Santo Tomás de Castilla,situado en la entidad territorial administrativa,Puerto Barrios,guatemala
arquitecto,instancia de,profesión,guatemala
arquitecto,instancia de,título corporativo,guatemala
arquitecto,instancia de,ocupación,guatemala
arquitecto,instancia de,grupo de ocupaciones de la CIUO,guatemala
Argentina,miembro de,Organización de las Naciones Unidas,guatemala
Argentina,miembro de,Unión de Naciones Suramericanas,guatemala
Argentina,miembro de,Mercosur,guatemala
Argentina,miembro de,UNESCO,guatemala
"Del amor, del dolor y del vicio",instancia de,"edición, traducción o versión",guatemala
"Del amor, del dolor y del vicio",autor,Enrique Gómez Carrillo,guatemala
"Del amor, del dolor y del vicio",representa a,personaje LGBT,guatemala
"Del amor, del dolor y del vicio",lugar de publicación,París,guatemala
"Del amor, del dolor y del vicio",idioma de la obra o del nombre,español,guatemala
Estados Unidos,forma de gobierno,república,guatemala
Estados Unidos,forma de gobierno,presidencialismo,guatemala
Estados Unidos,forma de gobierno,república federal,guatemala
Estados Unidos,nombrado en referencia a,América,guatemala
Estados Unidos,subdividido en (división administrativa),California,guatemala
Escuintla,país,Guatemala,guatemala
Escuintla,instancia de,ciudad,guatemala
Escuintla,instancia de,municipio de Guatemala,guatemala
Escuintla,comparte fronteras con,La Democracia,guatemala
Escuintla,comparte fronteras con,Santa Lucía Cotzumalguapa,guatemala
Antigua Guatemala,país,Guatemala,guatemala
Antigua Guatemala,instancia de,ciudad,guatemala
Antigua Guatemala,instancia de,municipio de Guatemala,guatemala
Antigua Guatemala,comparte fronteras con,Santa María de Jesús,guatemala
Antigua Guatemala,comparte fronteras con,San Antonio Aguas Calientes,guatemala
cirujano,instancia de,grado académico,guatemala
cirujano,instancia de,especialidad,guatemala
cirujano,instancia de,cargo,guatemala
cirujano,instancia de,disciplina académica,guatemala
cirujano,instancia de,profesión medicina,guatemala
Opus Dei,instancia de,prelatura personal,guatemala
Opus Dei,fundador,Josemaría Escrivá de Balaguer,guatemala
Opus Dei,religión,Iglesia católica,guatemala
Opus Dei,ubicación de la sede,Villa Tevere,guatemala
Opus Dei,filial,Pontificia Universidad de la Santa Cruz,guatemala
taekwondista,instancia de,profesión,guatemala
taekwondista,instancia de,ocupación,guatemala
taekwondista,subclase de,deportista,guatemala
taekwondista,ámbito de la ocupación,taekwondo,guatemala
taekwondista,ámbito de la ocupación,taekwondo adaptado,guatemala
atleta,instancia de,ocupación,guatemala
atleta,subclase de,deportista,guatemala
atleta,ámbito de la ocupación,atletismo,guatemala
atleta,ámbito de la ocupación,Máster,guatemala
atleta,ámbito de la ocupación,atletismo de pista y campo,guatemala
cantante,instancia de,grupo de ocupaciones de la CIUO,guatemala
cantante,instancia de,ocupación en la música,guatemala
cantante,subclase de,músico,guatemala
cantante,ámbito de la ocupación,canto,guatemala
diplomático,instancia de,profesión,guatemala
diplomático,instancia de,título corporativo,guatemala
diplomático,subclase de,estadista,guatemala
diplomático,subclase de,alto cargo,guatemala
diplomático,ámbito de la ocupación,diplomacia,guatemala
Luis Aceituno,Lugar de nacimiento,Antigua Guatemala,guatemala
Luis Aceituno,Ocupación,periodista,guatemala
Luis Aceituno,Ciudadanía,Guatemala,guatemala
Luis Aceituno,Fecha de nacimiento,1958-01-01,guatemala
Luis Aceituno,Ocupación,Q19766747,guatemala
Manuel León,Lugar de nacimiento,Ciudad de Guatemala,guatemala
Manuel León,Ocupación,futbolista,guatemala
Manuel León,Ciudadanía,Guatemala,guatemala
Manuel León,Fecha de nacimiento,1987-09-23,guatemala
Manuel Ángel Molina Bedoya,Ocupación,soldado,guatemala
Manuel Ángel Molina Bedoya,Ciudadanía,Guatemala,guatemala
Manuel Ángel Molina Bedoya,Fecha de defunción,1842-01-01,guatemala
Marco Ciani,Lugar de nacimiento,Ciudad de Guatemala,guatemala
Marco Ciani,Ocupación,futbolista,guatemala
Marco Ciani,Ciudadanía,Guatemala,guatemala
Marco Ciani,Fecha de nacimiento,1987-03-07,guatemala
Marco Rivas,Lugar de nacimiento,Esquipulas,guatemala
Marco Rivas,Ocupación,futbolista,guatemala
Marco Rivas,Ciudadanía,Guatemala,guatemala
Marco Rivas,Fecha de nacimiento,1991-04-20,guatemala
Mariano Antonio Sánchez Cabrera,Lugar de nacimiento,Estanzuela,guatemala
Mariano Antonio Sánchez Cabrera,Ocupación,político,guatemala
Mariano Antonio Sánchez Cabrera,Ciudadanía,Guatemala,guatemala
Mariano Antonio Sánchez Cabrera,Fecha de nacimiento,2000-01-01,guatemala
Mariano Antonio Sánchez Cabrera,Fecha de defunción,2000-06-01,guatemala
Mario David García Velásquez,Lugar de nacimiento,Departamento de San Marcos,guatemala
Mario David García Velásquez,Ocupación,escritor,guatemala
Mario David García Velásquez,Ciudadanía,Guatemala,guatemala
Mario David García Velásquez,Educado en,Universidad Francisco Marroquín,guatemala
Mario David García Velásquez,Fecha de nacimiento,1946-06-13,guatemala
Mario David García Velásquez,Ocupación,político,guatemala
Mario David García Velásquez,Ocupación,economista,guatemala
Mario David García Velásquez,Ocupación,profesor universitario,guatemala
Mario David García Velásquez,Ocupación,periodista,guatemala
Mario Estrada,Lugar de nacimiento,Monjas,guatemala
Mario Estrada,Ocupación,político,guatemala
Mario Estrada,Ciudadanía,Guatemala,guatemala
Mario Estrada,Educado en,Universidad de San Carlos de Guatemala,guatemala
Mario Estrada,Fecha de nacimiento,1950-06-19,guatemala
Marta Yolanda Díaz-Durán,Lugar de nacimiento,Ciudad de Guatemala,guatemala
Marta Yolanda Díaz-Durán,Ocupación,profesor universitario,guatemala
Marta Yolanda Díaz-Durán,Ciudadanía,Guatemala,guatemala
Marta Yolanda Díaz-Durán,Educado en,Universidad Francisco Marroquín,guatemala
Marta Yolanda Díaz-Durán,Fecha de nacimiento,1968-03-21,guatemala
Marta Yolanda Díaz-Durán,Ocupación,periodista,guatemala
Martha Bolaños de Prado,Lugar de nacimiento,Ciudad de Guatemala,guatemala
Martha Bolaños de Prado,Ocupación,actor,guatemala
Martha Bolaños de Prado,Ciudadanía,Guatemala,guatemala
Martha Bolaños de Prado,Fecha de nacimiento,1897-01-15,guatemala
Martha Bolaños de Prado,Fecha de defunción,1963-06-04,guatemala
Martha Bolaños de Prado,Ocupación,compositor,guatemala
Martha Bolaños de Prado,Ocupación,profesor,guatemala
Martha Bolaños de Prado,Ocupación,pianista,guatemala
Martín Machón,Lugar de nacimiento,Ciudad de Guatemala,guatemala
Martín Machón,Ocupación,futbolista,guatemala
Martín Machón,Ciudadanía,Guatemala,guatemala
Martín Machón,Fecha de nacimiento,1973-02-04,guatemala
María Cristina Orive,Lugar de nacimiento,Antigua Guatemala,guatemala
María Cristina Orive,Ocupación,fotógrafo,guatemala
María Cristina Orive,Ciudadanía,Guatemala,guatemala
María Cristina Orive,Fecha de nacimiento,1931-01-01,guatemala
María Cristina Orive,Fecha de defunción,2017-09-02,guatemala
María Dolores Molina,Lugar de nacimiento,Guatemala,guatemala
María Dolores Molina,Ocupación,ciclista,guatemala
María Dolores Molina,Ciudadanía,Guatemala,guatemala
María Dolores Molina,Fecha de nacimiento,1966-08-02,guatemala
María Teresa Aycinena y Piñol,Lugar de nacimiento,Ciudad de Guatemala,guatemala
María Teresa Aycinena y Piñol,Ocupación,monja,guatemala
María Teresa Aycinena y Piñol,Ciudadanía,Guatemala,guatemala
María Teresa Aycinena y Piñol,Fecha de nacimiento,1784-04-15,guatemala
María Teresa Aycinena y Piñol,Fecha de defunción,1841-11-29,guatemala
María del Rosario Molina,Lugar de nacimiento,Ciudad de Guatemala,guatemala
María del Rosario Molina,Ocupación,escritor,guatemala
María del Rosario Molina,Ciudadanía,Guatemala,guatemala
María del Rosario Molina,Fecha de nacimiento,1939-04-17,guatemala
María del Rosario Molina,Ocupación,periodista,guatemala
Mauricio López Bonilla,Lugar de nacimiento,Ciudad de Guatemala,guatemala
Mauricio López Bonilla,Ocupación,político,guatemala
Mauricio López Bonilla,Ciudadanía,Guatemala,guatemala
Mauricio López Bonilla,Educado en,Universidad Francisco Marroquín,guatemala
Mauricio López Bonilla,Fecha de nacimiento,1959-01-01,guatemala
Maximino Pérez,Lugar de nacimiento,Esquipulas,guatemala
Maximino Pérez,Ocupación,político,guatemala
Maximino Pérez,Ciudadanía,Guatemala,guatemala
Maximino Pérez,Fecha de nacimiento,1947-12-15,guatemala
Maximino Pérez,Fecha de defunción,2006-04-11,guatemala
Mayra Rodríguez,Lugar de nacimiento,Ciudad de Guatemala,guatemala
Mayra Rodríguez,Ocupación,bailarín,guatemala
Mayra Rodríguez,Ciudadanía,Guatemala,guatemala
Mayra Rodríguez,Fecha de nacimiento,1960-07-09,guatemala
MENEO,Lugar de nacimiento,Guatemala,guatemala
MENEO,Ocupación,músico,guatemala
MENEO,Ciudadanía,Guatemala,guatemala
MENEO,Fecha de nacimiento,1978-07-12,guatemala
Miguel Ángel García y Aráuz,Lugar de nacimiento,Ciudad de Guatemala,guatemala
Miguel Ángel García y Aráuz,Ocupación,sacerdote católico,guatemala
Miguel Ángel García y Aráuz,Ciudadanía,Guatemala,guatemala
Miguel Ángel García y Aráuz,Cargo,obispo auxiliar,guatemala
Miguel Ángel García y Aráuz,Fecha de nacimiento,1911-10-08,guatemala
Miguel Ángel García y Aráuz,Fecha de defunción,2003-12-28,guatemala
Miguel Ángel García y Aráuz,Ocupación,obispo católico,guatemala
Miguel Ángel García y Aráuz,Cargo,obispo titular,guatemala
Miguel Ángel García y Aráuz,Cargo,obispo diocesano,guatemala
soldado,instancia de,cargo,guatemala
soldado,instancia de,profesión militar,guatemala
soldado,subclase de,militar,guatemala
soldado,santo patrón,Ignacio de Loyola,guatemala
Estanzuela,país,Guatemala,guatemala
Estanzuela,instancia de,municipio de Guatemala,guatemala
Estanzuela,comparte fronteras con,Zacapa,guatemala
Estanzuela,comparte fronteras con,Teculután,guatemala
Estanzuela,comparte fronteras con,Huité,guatemala
Departamento de San Marcos,categoría principal del tema,Categoría:Departamento de San Marcos,guatemala
Departamento de San Marcos,categoría para las personas que nacieron aquí,Categoría:Nacidos en el departamento de San Marcos,guatemala
Departamento de San Marcos,categoría de personas relacionadas,Categoría:Personas del departamento de San Marcos,guatemala
Departamento de San Marcos,idioma usado,mam,guatemala
Departamento de San Marcos,idioma usado,Idioma sipacapense,guatemala
Universidad Francisco Marroquín,país,Guatemala,guatemala
Universidad Francisco Marroquín,instancia de,universidad,guatemala
Universidad Francisco Marroquín,fundador,Manuel Ayau,guatemala
Universidad Francisco Marroquín,situado en la entidad territorial administrativa,Ciudad de Guatemala,guatemala
Universidad Francisco Marroquín,categoría principal del tema,Categoría:Universidad Francisco Marroquín,guatemala
Monjas,país,Guatemala,guatemala
Monjas,instancia de,municipio de Guatemala,guatemala
Monjas,comparte fronteras con,El Progreso,guatemala
Monjas,comparte fronteras con,San Pedro Pinula,guatemala
Monjas,comparte fronteras con,Jalapa,guatemala
profesor universitario,instancia de,profesión académica,guatemala
profesor universitario,subclase de,profesor,guatemala
profesor universitario,subclase de,académico,guatemala
profesor universitario,ámbito de la ocupación,enseñanza,guatemala
ciclista,instancia de,profesión,guatemala
ciclista,instancia de,deportista,guatemala
ciclista,subclase de,ciclista,guatemala
ciclista,ámbito de la ocupación,ciclismo de competición,guatemala
monja,instancia de,ocupación religiosa,guatemala
monja,subclase de,monje,guatemala
monja,ámbito de la ocupación,monacato femenino,guatemala
monja,opuesto a,monje,guatemala
monja,prefijo honorífico,Hermana,guatemala
bailarín,instancia de,profesión,guatemala
bailarín,instancia de,ocupación,guatemala
bailarín,subclase de,artista escénico,guatemala
bailarín,santo patrón,Vito de Lucania,guatemala
sacerdote católico,instancia de,vocación católica,guatemala
sacerdote católico,religión,catolicismo,guatemala
sacerdote católico,religión,Iglesia católica,guatemala
sacerdote católico,subclase de,sacerdote,guatemala
sacerdote católico,subclase de,presbítero,guatemala
obispo auxiliar,instancia de,función episcopal,guatemala
obispo auxiliar,instancia de,vocación católica,guatemala
obispo auxiliar,religión,catolicismo,guatemala
obispo auxiliar,subclase de,obispo,guatemala
obispo auxiliar,subclase de,obispo católico,guatemala
Justo Rufino Barrios,Lugar de nacimiento,San Marcos,guatemala
Justo Rufino Barrios,Ocupación,abogado,guatemala
Justo Rufino Barrios,Ciudadanía,Guatemala,guatemala
Justo Rufino Barrios,Educado en,Universidad de San Carlos de Guatemala,guatemala
Justo Rufino Barrios,Cargo,presidente de Guatemala,guatemala
Justo Rufino Barrios,Fecha de nacimiento,1835-07-19,guatemala
Justo Rufino Barrios,Fecha de defunción,1885-04-02,guatemala
Justo Rufino Barrios,Ocupación,político,guatemala
Justo Rufino Barrios,Educado en,Colegio San José de los Infantes,guatemala
Gert Rosenthal,Lugar de nacimiento,Ámsterdam,guatemala
Gert Rosenthal,Ocupación,político,guatemala
Gert Rosenthal,Ciudadanía,Guatemala,guatemala
Gert Rosenthal,Educado en,Universidad de San Carlos de Guatemala,guatemala
Gert Rosenthal,Cargo,embajador,guatemala
Gert Rosenthal,Premio recibido,Gran Cruz de la Orden de Isabel la Católica,guatemala
Gert Rosenthal,Fecha de nacimiento,1935-09-11,guatemala
Gert Rosenthal,Ocupación,diplomático,guatemala
Gert Rosenthal,Premio recibido,Gran Cruz de la Orden El Sol del Perú,guatemala
Gert Rosenthal,Educado en,Colegio Americano de Guatemala,guatemala
Gert Rosenthal,Cargo,Ministro de Relaciones Exteriores de Guatemala,guatemala
Fernando Romeo Lucas García,Lugar de nacimiento,San Juan Chamelco,guatemala
Fernando Romeo Lucas García,Ocupación,político,guatemala
Fernando Romeo Lucas García,Ciudadanía,Guatemala,guatemala
Fernando Romeo Lucas García,Educado en,Escuela Politécnica,guatemala
Fernando Romeo Lucas García,Cargo,presidente de Guatemala,guatemala
Fernando Romeo Lucas García,Fecha de nacimiento,1924-07-04,guatemala
Fernando Romeo Lucas García,Fecha de defunción,2006-05-27,guatemala
Manuel Lisandro Barillas Bercián,Lugar de nacimiento,Quetzaltenango,guatemala
Manuel Lisandro Barillas Bercián,Ocupación,político,guatemala
Manuel Lisandro Barillas Bercián,Ciudadanía,Guatemala,guatemala
Manuel Lisandro Barillas Bercián,Cargo,presidente de Guatemala,guatemala
Manuel Lisandro Barillas Bercián,Fecha de nacimiento,1845-01-17,guatemala
Manuel Lisandro Barillas Bercián,Fecha de defunción,1907-03-15,guatemala
Arturo Herbruger Asturias,Lugar de nacimiento,Ciudad de Guatemala,guatemala
Arturo Herbruger Asturias,Ocupación,juez,guatemala
Arturo Herbruger Asturias,Ciudadanía,Guatemala,guatemala
Arturo Herbruger Asturias,Cargo,vicepresidente de Guatemala,guatemala
Arturo Herbruger Asturias,Fecha de nacimiento,1912-06-03,guatemala
Arturo Herbruger Asturias,Fecha de defunción,1999-10-25,guatemala
Arturo Herbruger Asturias,Ocupación,abogado,guatemala
Arturo Herbruger Asturias,Ocupación,político,guatemala
Arturo Herbruger Asturias,Cargo,Magistrado de la Corte Suprema de Justicia de Guatemala,guatemala
Mariano Rivera Paz,Lugar de nacimiento,Ciudad de Guatemala,guatemala
Mariano Rivera Paz,Ocupación,político,guatemala
Mariano Rivera Paz,Ciudadanía,Guatemala,guatemala
Mariano Rivera Paz,Educado en,Universidad de San Carlos de Guatemala,guatemala
Mariano Rivera Paz,Cargo,presidente de Guatemala,guatemala
Mariano Rivera Paz,Fecha de nacimiento,1804-12-24,guatemala
Mariano Rivera Paz,Fecha de defunción,1849-02-26,guatemala
Mariano Rivera Paz,Cargo,jefe supremo del Estado de Guatemala,guatemala
Edwin Villatoro,Lugar de nacimiento,Ciudad de Guatemala,guatemala
Edwin Villatoro,Ocupación,futbolista,guatemala
Edwin Villatoro,Ciudadanía,Guatemala,guatemala
Edwin Villatoro,Fecha de nacimiento,1980-02-18,guatemala
Rómulo Méndez,Lugar de nacimiento,Cobán,guatemala
Rómulo Méndez,Ocupación,árbitro de fútbol,guatemala
Rómulo Méndez,Ciudadanía,Guatemala,guatemala
Rómulo Méndez,Fecha de nacimiento,1938-12-21,guatemala
Rómulo Méndez,Fecha de defunción,2022-01-06,guatemala
José Eulalio Samayoa,Lugar de nacimiento,Ciudad de Guatemala,guatemala
José Eulalio Samayoa,Ocupación,compositor,guatemala
José Eulalio Samayoa,Ciudadanía,Guatemala,guatemala
José Eulalio Samayoa,Fecha de nacimiento,1780-12-01,guatemala
José Eulalio Samayoa,Fecha de defunción,1866-01-01,guatemala
José Eulalio Samayoa,Ciudadanía,Imperio Español,guatemala
Johnny Morales,Ocupación,ciclista,guatemala
Johnny Morales,Ciudadanía,Guatemala,guatemala
Johnny Morales,Fecha de nacimiento,1983-04-02,guatemala
Luis Swisher,Lugar de nacimiento,Ciudad de Guatemala,guatemala
Luis Swisher,Ocupación,futbolista,guatemala
Luis Swisher,Ciudadanía,Guatemala,guatemala
Luis Swisher,Fecha de nacimiento,1978-06-21,guatemala
Norma Cruz,Lugar de nacimiento,Guatemala,guatemala
Norma Cruz,Ocupación,activista por los derechos humanos,guatemala
Norma Cruz,Ciudadanía,Guatemala,guatemala
Norma Cruz,Premio recibido,Premio Internacional a las Mujeres de Coraje,guatemala
Norma Cruz,Fecha de nacimiento,1962-01-01,guatemala
Norma Cruz,Lugar de nacimiento,Ciudad de Guatemala,guatemala
Baudilio Palma,Lugar de nacimiento,Santa Catarina Mita,guatemala
Baudilio Palma,Ocupación,político,guatemala
Baudilio Palma,Ciudadanía,Guatemala,guatemala
Baudilio Palma,Educado en,Universidad de San Carlos de Guatemala,guatemala
Baudilio Palma,Cargo,presidente de Guatemala,guatemala
Baudilio Palma,Fecha de nacimiento,1880-06-10,guatemala
Baudilio Palma,Fecha de defunción,1930-12-17,guatemala
Enrique Peralta Azurdia,Lugar de nacimiento,Ciudad de Guatemala,guatemala
Enrique Peralta Azurdia,Ocupación,político,guatemala
Enrique Peralta Azurdia,Ciudadanía,Guatemala,guatemala
Enrique Peralta Azurdia,Educado en,Escuela Politécnica,guatemala
Enrique Peralta Azurdia,Cargo,presidente de Guatemala,guatemala
Enrique Peralta Azurdia,Premio recibido,Gran Cruz del Mérito Militar con distintivo blanco,guatemala
Enrique Peralta Azurdia,Fecha de nacimiento,1908-06-17,guatemala
Enrique Peralta Azurdia,Fecha de defunción,1997-02-18,guatemala
Manuel Estrada Cabrera,Lugar de nacimiento,Quetzaltenango,guatemala
Manuel Estrada Cabrera,Ocupación,abogado,guatemala
Manuel Estrada Cabrera,Ciudadanía,Guatemala,guatemala
Manuel Estrada Cabrera,Educado en,Universidad de San Carlos de Guatemala,guatemala
Manuel Estrada Cabrera,Cargo,vicepresidente de Guatemala,guatemala
Manuel Estrada Cabrera,Premio recibido,Gran Cruz de la Orden de la Torre y la Espada,guatemala
Manuel Estrada Cabrera,Fecha de nacimiento,1859-11-21,guatemala
Manuel Estrada Cabrera,Fecha de defunción,1924-09-24,guatemala
Manuel Estrada Cabrera,Ocupación,político,guatemala
Manuel Estrada Cabrera,Ocupación,jurista,guatemala
Manuel Estrada Cabrera,Premio recibido,Gran Cruz de la Orden Civil de Alfonso XII,guatemala
Manuel Estrada Cabrera,Cargo,presidente de Guatemala,guatemala
Manuel Estrada Cabrera,Cargo,Ministro de Gobernación de Guatemala,guatemala
Miguel Ydígoras Fuentes,Lugar de nacimiento,Retalhuleu,guatemala
Miguel Ydígoras Fuentes,Ocupación,político,guatemala
Miguel Ydígoras Fuentes,Ciudadanía,Guatemala,guatemala
Miguel Ydígoras Fuentes,Educado en,Escuela Politécnica,guatemala
Miguel Ydígoras Fuentes,Cargo,presidente de Guatemala,guatemala
Miguel Ydígoras Fuentes,Premio recibido,Orden del Libertador San Martín,guatemala
Miguel Ydígoras Fuentes,Fecha de nacimiento,1895-10-17,guatemala
Miguel Ydígoras Fuentes,Fecha de defunción,1982-10-06,guatemala
Miguel Ydígoras Fuentes,Premio recibido,Orden del Quetzal,guatemala
Miguel Ydígoras Fuentes,Premio recibido,Gran Cruz de la Orden de Isabel la Católica,guatemala
Julio César Méndez Montenegro,Lugar de nacimiento,Ciudad de Guatemala,guatemala
Julio César Méndez Montenegro,Ocupación,abogado,guatemala
Julio César Méndez Montenegro,Ciudadanía,Guatemala,guatemala
Julio César Méndez Montenegro,Educado en,Universidad de San Carlos de Guatemala,guatemala
Julio César Méndez Montenegro,Cargo,presidente de Guatemala,guatemala
Julio César Méndez Montenegro,Fecha de nacimiento,1915-11-23,guatemala
Julio César Méndez Montenegro,Fecha de defunción,1996-04-30,guatemala
Julio César Méndez Montenegro,Ocupación,político,guatemala
Jorge Serrano Elías,Lugar de nacimiento,Ciudad de Guatemala,guatemala
Jorge Serrano Elías,Ocupación,político,guatemala
Jorge Serrano Elías,Ciudadanía,Guatemala,guatemala
Jorge Serrano Elías,Educado en,Universidad Stanford,guatemala
Jorge Serrano Elías,Cargo,presidente de Guatemala,guatemala
Jorge Serrano Elías,Premio recibido,Grand Order of Mugunghwa,guatemala
Jorge Serrano Elías,Fecha de nacimiento,1945-04-26,guatemala
Jorge Serrano Elías,Premio recibido,Collar de la Orden de Isabel la Católica,guatemala
Jorge Serrano Elías,Educado en,Universidad de San Carlos de Guatemala,guatemala
Guillermo Flores Avendaño,Lugar de nacimiento,San Andrés Itzapa,guatemala
Guillermo Flores Avendaño,Ocupación,político,guatemala
Guillermo Flores Avendaño,Ciudadanía,Guatemala,guatemala
Guillermo Flores Avendaño,Cargo,presidente de Guatemala,guatemala
Guillermo Flores Avendaño,Fecha de nacimiento,1894-06-17,guatemala
Guillermo Flores Avendaño,Fecha de defunción,1982-05-26,guatemala
Luis Arturo González López,Lugar de nacimiento,Zacapa,guatemala
Luis Arturo González López,Ocupación,juez,guatemala
Luis Arturo González López,Ciudadanía,Guatemala,guatemala
Luis Arturo González López,Cargo,presidente de Guatemala,guatemala
Luis Arturo González López,Fecha de nacimiento,1900-12-21,guatemala
Luis Arturo González López,Fecha de defunción,1965-11-11,guatemala
Luis Arturo González López,Ocupación,político,guatemala
Luis Arturo González López,Cargo,Presidente del Congreso de la República de Guatemala,guatemala
abogado,instancia de,profesión jurídica,guatemala
abogado,subclase de,jurista,guatemala
abogado,santo patrón,Catalina de Alejandría,guatemala
abogado,santo patrón,Alfonso María de Ligorio,guatemala
abogado,santo patrón,Raimundo de Peñafort,guatemala
presidente de Guatemala,residencia oficial,Palacio Nacional de la Cultura,guatemala
presidente de Guatemala,subclase de,jefe de Estado,guatemala
presidente de Guatemala,subclase de,presidente de la Republica,guatemala
presidente de Guatemala,subclase de,jefe del Gobierno,guatemala
presidente de Guatemala,forma parte de,Consejo de Ministros de Guatemala,guatemala
Ámsterdam,jefe de gobierno,Femke Halsema,guatemala
Ámsterdam,país,Países Bajos,guatemala
Ámsterdam,continente,Europa,guatemala
Ámsterdam,instancia de,ciudad,guatemala
Ámsterdam,instancia de,ciudad de ciclismo,guatemala
embajador,lista de interés para el proyecto Wikimedia,Wikipedia:Lista de artículos que toda Wikipedia debería tener/Expandida,guatemala
embajador,instancia de,rango diplomático,guatemala
embajador,instancia de,título de autoridad,guatemala
embajador,instancia de,cargo,guatemala
San Juan Chamelco,país,Guatemala,guatemala
San Juan Chamelco,instancia de,municipio de Guatemala,guatemala
San Juan Chamelco,comparte fronteras con,San Pedro Carchá,guatemala
San Juan Chamelco,comparte fronteras con,Senahú,guatemala
San Juan Chamelco,comparte fronteras con,Tamahú,guatemala
Escuela Politécnica,país,Guatemala,guatemala
Escuela Politécnica,instancia de,escuela politécnica,guatemala
Escuela Politécnica,instancia de,institución académica,guatemala
Escuela Politécnica,situado en la entidad territorial administrativa,San Juan Sacatepéquez,guatemala
Escuela Politécnica,categoría para las personas que estudiaron en esta institución,Categoría:Alumnado de la Escuela Politécnica de Guatemala,guatemala
vicepresidente de Guatemala,país,Guatemala,guatemala
vicepresidente de Guatemala,instancia de,cargo,guatemala
vicepresidente de Guatemala,residencia oficial,Palacio Nacional de la Cultura,guatemala
vicepresidente de Guatemala,subclase de,vicepresidente,guatemala
vicepresidente de Guatemala,forma parte de,Consejo de Ministros de Guatemala,guatemala
árbitro de fútbol,instancia de,profesión,guatemala
árbitro de fútbol,subclase de,árbitro,guatemala
árbitro de fútbol,subclase de,oficial del partido,guatemala
Premio Internacional a las Mujeres de Coraje,país,Estados Unidos,guatemala
Premio Internacional a las Mujeres de Coraje,instancia de,distinción a la valentía,guatemala
Premio Internacional a las Mujeres de Coraje,ubicación,Washington D. C.,guatemala
Premio Internacional a las Mujeres de Coraje,subclase de,distinción,guatemala
Premio Internacional a las Mujeres de Coraje,categoría principal del tema,Categoría:Premio Internacional a las Mujeres de Coraje,guatemala
San Andrés Itzapa,país,Guatemala,guatemala
San Andrés Itzapa,instancia de,municipio de Guatemala,guatemala
San Andrés Itzapa,comparte fronteras con,Parramos,guatemala
San Andrés Itzapa,comparte fronteras con,Chimaltenango,guatemala
San Andrés Itzapa,comparte fronteras con,Patzicía,guatemala
Zacapa,propietario de,Estadio David Ordóñez Bardales,guatemala
Zacapa,país,Guatemala,guatemala
Zacapa,instancia de,municipio de Guatemala,guatemala
Zacapa,comparte fronteras con,Estanzuela,guatemala
Zacapa,comparte fronteras con,Gualán,guatemala
Jorge Roldán,Lugar de nacimiento,Ciudad de Guatemala,guatemala
Jorge Roldán,Ocupación,entrenador,guatemala
Jorge Roldán,Ciudadanía,Guatemala,guatemala
Jorge Roldán,Fecha de nacimiento,1940-11-16,guatemala
Jorge Roldán,Fecha de defunción,2023-06-08,guatemala
Jorge Roldán,Ocupación,futbolista,guatemala
Laura Godoy,Lugar de nacimiento,Ciudad de Guatemala,guatemala
Laura Godoy,Ocupación,modelo,guatemala
Laura Godoy,Ciudadanía,Guatemala,guatemala
Laura Godoy,Fecha de nacimiento,1988-07-06,guatemala
Laura Godoy,Ocupación,participante en concursos de belleza,guatemala
Luis Chicas,Ocupación,jugador de fútbol sala,guatemala
Luis Chicas,Ciudadanía,Guatemala,guatemala
Luis Chicas,Fecha de nacimiento,1982-11-30,guatemala
Luis Pedro Molina,Lugar de nacimiento,Retalhuleu,guatemala
Luis Pedro Molina,Ocupación,futbolista,guatemala
Luis Pedro Molina,Ciudadanía,Guatemala,guatemala
Luis Pedro Molina,Fecha de nacimiento,1977-06-04,guatemala
Luis Ricardo Rodríguez,Lugar de nacimiento,San Bernardino,guatemala
Luis Ricardo Rodríguez,Ocupación,futbolista,guatemala
Luis Ricardo Rodríguez,Ciudadanía,Guatemala,guatemala
Luis Ricardo Rodríguez,Fecha de nacimiento,1982-09-27,guatemala
Marie-Andrée Lessard,Lugar de nacimiento,Ciudad de Guatemala,guatemala
Marie-Andrée Lessard,Ocupación,voleibolista,guatemala
Marie-Andrée Lessard,Ciudadanía,Canadá,guatemala
Marie-Andrée Lessard,Educado en,Universidad McGill,guatemala
Marie-Andrée Lessard,Fecha de nacimiento,1977-12-06,guatemala
Marie-Andrée Lessard,Ocupación,jugador de voleibol de playa,guatemala
Marie-Andrée Lessard,Ciudadanía,Guatemala,guatemala
Marvin Ceballos,Lugar de nacimiento,Ciudad de Guatemala,guatemala
Marvin Ceballos,Ocupación,futbolista,guatemala
Marvin Ceballos,Ciudadanía,Guatemala,guatemala
Marvin Ceballos,Fecha de nacimiento,1992-04-22,guatemala
Marvin Mejicanos,Ocupación,jugador de fútbol sala,guatemala
Marvin Mejicanos,Ciudadanía,Guatemala,guatemala
Marvin Mejicanos,Fecha de nacimiento,1962-12-26,guatemala
Oscar Murúa,Lugar de nacimiento,Ciudad de Guatemala,guatemala
Oscar Murúa,Ocupación,pintor,guatemala
Oscar Murúa,Ciudadanía,Guatemala,guatemala
Oscar Murúa,Fecha de nacimiento,1898-01-25,guatemala
Oscar Murúa,Fecha de defunción,1980-04-01,guatemala
Osmar López,Ocupación,futbolista,guatemala
Osmar López,Ciudadanía,Guatemala,guatemala
Osmar López,Fecha de nacimiento,1987-11-04,guatemala
Pablo Melgar,Lugar de nacimiento,Ciudad de Guatemala,guatemala
Pablo Melgar,Ocupación,futbolista,guatemala
Pablo Melgar,Ciudadanía,Guatemala,guatemala
Pablo Melgar,Fecha de nacimiento,1980-01-14,guatemala
Zipacná de León,Lugar de nacimiento,Ciudad de Guatemala,guatemala
Zipacná de León,Ocupación,pintor,guatemala
Zipacná de León,Ciudadanía,Guatemala,guatemala
Zipacná de León,Fecha de nacimiento,1948-07-25,guatemala
Zipacná de León,Fecha de defunción,2002-01-21,guatemala
Rafael Morales,Lugar de nacimiento,Antigua Guatemala,guatemala
Rafael Morales,Ocupación,futbolista,guatemala
Rafael Morales,Ciudadanía,Guatemala,guatemala
Rafael Morales,Fecha de nacimiento,1988-04-06,guatemala
Ricardo Jerez,Lugar de nacimiento,Ciudad de Guatemala,guatemala
Ricardo Jerez,Ocupación,futbolista,guatemala
Ricardo Jerez,Ciudadanía,Guatemala,guatemala
Ricardo Jerez,Fecha de nacimiento,1986-02-04,guatemala
Rigoberto Gómez,Lugar de nacimiento,Tegucigalpa,guatemala
Rigoberto Gómez,Ocupación,futbolista,guatemala
Rigoberto Gómez,Ciudadanía,Guatemala,guatemala
Rigoberto Gómez,Fecha de nacimiento,1977-01-09,guatemala
Rigoberto Gómez,Ciudadanía,Honduras,guatemala
Rolf Rottmann,Ocupación,jugador de fútbol sala,guatemala
Rolf Rottmann,Ciudadanía,Guatemala,guatemala
Rolf Rottmann,Fecha de nacimiento,1972-07-29,guatemala
Willie Sims,Lugar de nacimiento,Ciudad de Guatemala,guatemala
Willie Sims,Ocupación,futbolista,guatemala
Willie Sims,Ciudadanía,Guatemala,guatemala
Willie Sims,Educado en,Reseda High School,guatemala
Willie Sims,Fecha de nacimiento,1984-01-18,guatemala
Wylder Rodríguez,Ocupación,jugador de fútbol sala,guatemala
Wylder Rodríguez,Ciudadanía,Guatemala,guatemala
Wylder Rodríguez,Fecha de nacimiento,1980-11-21,guatemala
Ana Sofía Gómez,Lugar de nacimiento,Ciudad de Guatemala,guatemala
Ana Sofía Gómez,Ocupación,gimnasta artístico,guatemala
Ana Sofía Gómez,Ciudadanía,Guatemala,guatemala
Ana Sofía Gómez,Educado en,Universidad de San Carlos de Guatemala,guatemala
Ana Sofía Gómez,Fecha de nacimiento,1995-11-24,guatemala
César Montes,Lugar de nacimiento,Quetzaltenango,guatemala
César Montes,Ocupación,político,guatemala
César Montes,Ciudadanía,Guatemala,guatemala
César Montes,Fecha de nacimiento,1942-01-01,guatemala
modelo,instancia de,profesión,guatemala
modelo,subclase de,profesional de la moda,guatemala
modelo,ámbito de la ocupación,modelaje,guatemala
modelo,categoría principal del tema,Categoría:Modelos,guatemala
participante en concursos de belleza,instancia de,ocupación,guatemala
participante en concursos de belleza,subclase de,animador,guatemala
participante en concursos de belleza,subclase de,modelo,guatemala
participante en concursos de belleza,subclase de,concursante,guatemala
participante en concursos de belleza,ámbito de la ocupación,concurso de belleza,guatemala
jugador de fútbol sala,instancia de,ocupación,guatemala
jugador de fútbol sala,subclase de,jugador competitivo,guatemala
jugador de fútbol sala,ámbito de la ocupación,fútbol sala,guatemala
jugador de fútbol sala,ámbito de la ocupación,fútbol sala masculino,guatemala
jugador de fútbol sala,deporte,fútbol sala,guatemala
San Bernardino,país,Guatemala,guatemala
San Bernardino,instancia de,municipio de Guatemala,guatemala
San Bernardino,comparte fronteras con,Samayac,guatemala
San Bernardino,comparte fronteras con,Mazatenango,guatemala
San Bernardino,comparte fronteras con,san Antonio Suchitepéquez,guatemala
voleibolista,instancia de,profesión,guatemala
voleibolista,subclase de,deportista,guatemala
voleibolista,subclase de,jugador competitivo,guatemala
voleibolista,ámbito de la ocupación,voleibol,guatemala
voleibolista,ámbito de la ocupación,voleibol sentado,guatemala
Canadá,miembro de,Organización para la Seguridad y la Cooperación en Europa,guatemala
Canadá,miembro de,Organización de los Estados Americanos,guatemala
Canadá,miembro de,Organización Internacional de la Francofonía,guatemala
Canadá,miembro de,Organización Meteorológica Mundial,guatemala
Canadá,miembro de,Foro de Cooperación Económica Asia-Pacífico,guatemala
Universidad McGill,país,Canadá,guatemala
Universidad McGill,instancia de,editor de acceso abierto,guatemala
Universidad McGill,instancia de,universidad pública de investigación,guatemala
Universidad McGill,fundador,James McGill,guatemala
Tegucigalpa,país,Honduras,guatemala
Tegucigalpa,instancia de,entidad territorial administrativa,guatemala
Tegucigalpa,instancia de,gran ciudad,guatemala
Tegucigalpa,instancia de,ciudad más grande,guatemala
Tegucigalpa,situado en la entidad territorial administrativa,Distrito Central,guatemala
Honduras,país,Honduras,guatemala
Honduras,jefe de gobierno,Xiomara Castro,guatemala
Honduras,continente,América del Norte,guatemala
Honduras,instancia de,país,guatemala
Honduras,instancia de,estado soberano,guatemala
gimnasta artístico,instancia de,profesión,guatemala
gimnasta artístico,instancia de,ocupación,guatemala
gimnasta artístico,subclase de,gimnasta,guatemala
gimnasta artístico,ámbito de la ocupación,gimnasia artística,guatemala
gimnasta artístico,deporte,gimnasia artística,guatemala
Jacobo Árbenz,Lugar de nacimiento,Quetzaltenango,guatemala
Jacobo Árbenz,Ocupación,profesor universitario,guatemala
Jacobo Árbenz,Ciudadanía,Guatemala,guatemala
Jacobo Árbenz,Educado en,Escuela Politécnica,guatemala
Jacobo Árbenz,Cargo,presidente de Guatemala,guatemala
Jacobo Árbenz,Premio recibido,Orden del Quetzal,guatemala
Jacobo Árbenz,Fecha de nacimiento,1913-09-14,guatemala
Jacobo Árbenz,Fecha de defunción,1971-01-27,guatemala
Álvaro Arzú Irigoyen,Lugar de nacimiento,Ciudad de Guatemala,guatemala
Álvaro Arzú Irigoyen,Ocupación,político,guatemala
Álvaro Arzú Irigoyen,Ciudadanía,Guatemala,guatemala
Álvaro Arzú Irigoyen,Educado en,Universidad Rafael Landívar,guatemala
Álvaro Arzú Irigoyen,Cargo,presidente de Guatemala,guatemala
Álvaro Arzú Irigoyen,Premio recibido,Premio Félix Houphouët-Boigny,guatemala
Álvaro Arzú Irigoyen,Fecha de nacimiento,1946-03-14,guatemala
Álvaro Arzú Irigoyen,Fecha de defunción,2018-04-27,guatemala
Álvaro Arzú Irigoyen,Ocupación,emprendedor,guatemala
Álvaro Arzú Irigoyen,Premio recibido,Medalla de Oro de Galicia,guatemala
Álvaro Arzú Irigoyen,Premio recibido,Hijo Adoptivo de Fuenterrabía,guatemala
Álvaro Arzú Irigoyen,Premio recibido,Grand Cross of the Order of San Carlos,guatemala
Álvaro Arzú Irigoyen,Cargo,Alcalde de Guatemala,guatemala
Álvaro Colom,Lugar de nacimiento,Ciudad de Guatemala,guatemala
Álvaro Colom,Ocupación,político,guatemala
Álvaro Colom,Ciudadanía,Guatemala,guatemala
Álvaro Colom,Educado en,Universidad de San Carlos de Guatemala,guatemala
Álvaro Colom,Cargo,presidente de Guatemala,guatemala
Álvaro Colom,Premio recibido,Orden José Cecilio del Valle,guatemala
Álvaro Colom,Fecha de nacimiento,1951-06-15,guatemala
Álvaro Colom,Fecha de defunción,2023-01-23,guatemala
Álvaro Colom,Ocupación,emprendedor,guatemala
Álvaro Colom,Premio recibido,Orden del Jade Brillante,guatemala
Álvaro Leonel Ramazzini Imeri,Lugar de nacimiento,Ciudad de Guatemala,guatemala
Álvaro Leonel Ramazzini Imeri,Ocupación,sacerdote católico,guatemala
Álvaro Leonel Ramazzini Imeri,Ciudadanía,Guatemala,guatemala
Álvaro Leonel Ramazzini Imeri,Educado en,Pontificia Universidad Gregoriana,guatemala
Álvaro Leonel Ramazzini Imeri,Cargo,obispo diocesano,guatemala
Álvaro Leonel Ramazzini Imeri,Premio recibido,Premio Pacem in Terris,guatemala
Álvaro Leonel Ramazzini Imeri,Fecha de nacimiento,1947-07-16,guatemala
Álvaro Leonel Ramazzini Imeri,Ocupación,obispo católico,guatemala
Álvaro Leonel Ramazzini Imeri,Ocupación,profesor universitario,guatemala
Álvaro Leonel Ramazzini Imeri,Cargo,cardenal presbítero,guatemala
Augusto Robles,Ocupación,árbitro de fútbol,guatemala
Augusto Robles,Ciudadanía,Guatemala,guatemala
Augusto Robles,Fecha de nacimiento,1950-01-01,guatemala
Óscar Berger,Lugar de nacimiento,Ciudad de Guatemala,guatemala
Óscar Berger,Ocupación,abogado,guatemala
Óscar Berger,Ciudadanía,Guatemala,guatemala
Óscar Berger,Educado en,Universidad Rafael Landívar,guatemala
Óscar Berger,Cargo,presidente de Guatemala,guatemala
Óscar Berger,Premio recibido,Collar de la Orden de Isabel la Católica,guatemala
Óscar Berger,Fecha de nacimiento,1946-08-11,guatemala
Óscar Berger,Ocupación,político,guatemala
Óscar Berger,Educado en,Liceo Javier,guatemala
Óscar Berger,Cargo,Alcalde de Guatemala,guatemala
Óscar Julio Vian Morales,Lugar de nacimiento,Ciudad de Guatemala,guatemala
Óscar Julio Vian Morales,Ocupación,sacerdote católico,guatemala
Óscar Julio Vian Morales,Ciudadanía,Guatemala,guatemala
Óscar Julio Vian Morales,Educado en,Universidad de San Carlos de Guatemala,guatemala
Óscar Julio Vian Morales,Cargo,obispo titular,guatemala
Óscar Julio Vian Morales,Fecha de nacimiento,1947-10-18,guatemala
Óscar Julio Vian Morales,Fecha de defunción,2018-02-24,guatemala
Óscar Julio Vian Morales,Ocupación,obispo católico,guatemala
Óscar Julio Vian Morales,Cargo,vicario apostólico,guatemala
Óscar Julio Vian Morales,Cargo,arzobispo de Santiago de Guatemala,guatemala
Óscar Julio Vian Morales,Cargo,arzobispo de Los Altos Quetzaltenango-Totonicapán,guatemala
Óscar Humberto Mejía Víctores,Lugar de nacimiento,Ciudad de Guatemala,guatemala
Óscar Humberto Mejía Víctores,Ocupación,político,guatemala
Óscar Humberto Mejía Víctores,Ciudadanía,Guatemala,guatemala
Óscar Humberto Mejía Víctores,Educado en,Escuela Politécnica,guatemala
Óscar Humberto Mejía Víctores,Cargo,presidente de Guatemala,guatemala
Óscar Humberto Mejía Víctores,Fecha de nacimiento,1930-12-08,guatemala
Óscar Humberto Mejía Víctores,Fecha de defunción,2016-02-01,guatemala
Óscar Marroquín,Ocupación,político,guatemala
Óscar Marroquín,Ciudadanía,Guatemala,guatemala
Óscar Marroquín,Cargo,Diputado del Congreso de Guatemala,guatemala
Óscar Marroquín,Fecha de nacimiento,1924-01-01,guatemala
Óscar Marroquín,Fecha de defunción,2010-09-30,guatemala
Óscar Marroquín,Ocupación,periodista,guatemala
Óscar Mendoza Azurdia,Lugar de nacimiento,Ciudad de Guatemala,guatemala
Óscar Mendoza Azurdia,Ocupación,político,guatemala
Óscar Mendoza Azurdia,Ciudadanía,Guatemala,guatemala
Óscar Mendoza Azurdia,Cargo,vicepresidente de Guatemala,guatemala
Óscar Mendoza Azurdia,Fecha de nacimiento,1917-06-04,guatemala
Óscar Mendoza Azurdia,Fecha de defunción,1995-01-09,guatemala
Óscar Mendoza Azurdia,Cargo,presidente de Guatemala,guatemala
Óscar Piñeda,Ocupación,ciclista,guatemala
Óscar Piñeda,Ciudadanía,Guatemala,guatemala
Óscar Piñeda,Fecha de nacimiento,1977-04-04,guatemala
Carlos Batres,Lugar de nacimiento,Ciudad de Guatemala,guatemala
Carlos Batres,Ocupación,árbitro de fútbol,guatemala
Carlos Batres,Ciudadanía,Guatemala,guatemala
Carlos Batres,Cargo,árbitro FIFA,guatemala
Carlos Batres,Fecha de nacimiento,1968-04-02,guatemala
Luis von Ahn,Lugar de nacimiento,Ciudad de Guatemala,guatemala
Luis von Ahn,Ocupación,informático teórico,guatemala
Luis von Ahn,Ciudadanía,Guatemala,guatemala
Luis von Ahn,Educado en,Universidad Carnegie Mellon,guatemala
Luis von Ahn,Empleador,Google,guatemala
Luis von Ahn,Obra notable,reCAPTCHA,guatemala
Luis von Ahn,Cargo,director ejecutivo,guatemala
Luis von Ahn,Premio recibido,Beca Sloan,guatemala
Luis von Ahn,Fecha de nacimiento,1978-08-19,guatemala
Luis von Ahn,Ocupación,profesor universitario,guatemala
Luis von Ahn,Premio recibido,Innovadores Menores de 35,guatemala
Luis von Ahn,Premio recibido,Faculty Early Career Development (CAREER) Award,guatemala
Luis von Ahn,Premio recibido,Packard Fellowship for Science and Engineering,guatemala
Luis von Ahn,Educado en,Colegio Americano de Guatemala,guatemala
Luis von Ahn,Premio recibido,Premio Lemelson MIT,guatemala
Luis von Ahn,Premio recibido,Salón Nacional de la Fama de los Inventores,guatemala
Luis von Ahn,Premio recibido,Premio Grace Murray Hopper,guatemala
Luis von Ahn,Premio recibido,Beca MacArthur,guatemala
Luis von Ahn,Premio recibido,Presidential Early Career Award for Scientists and Engineers,guatemala
Luis von Ahn,Empleador,Universidad Carnegie Mellon,guatemala
Luis von Ahn,Empleador,Duolingo,guatemala
Luis von Ahn,Obra notable,Duolingo,guatemala
Luis von Ahn,Educado en,Universidad Duke,guatemala
Miguel Ángel Asturias,Lugar de nacimiento,Ciudad de Guatemala,guatemala
Miguel Ángel Asturias,Ocupación,escritor,guatemala
Miguel Ángel Asturias,Ciudadanía,Guatemala,guatemala
Miguel Ángel Asturias,Educado en,Sorbonne Universidad de París,guatemala
Miguel Ángel Asturias,Obra notable,Leyendas de Guatemala,guatemala
Miguel Ángel Asturias,Miembro de,Academia de Geografía e Historia de Guatemala,guatemala
Miguel Ángel Asturias,Cargo,Diputado del Congreso de Guatemala,guatemala
Miguel Ángel Asturias,Premio recibido,Premio Nobel de Literatura,guatemala
Miguel Ángel Asturias,Fecha de nacimiento,1899-10-19,guatemala
Miguel Ángel Asturias,Fecha de defunción,1974-06-09,guatemala
Miguel Ángel Asturias,Ocupación,poeta,guatemala
Miguel Ángel Asturias,Ocupación,político,guatemala
Miguel Ángel Asturias,Ocupación,diplomático,guatemala
Miguel Ángel Asturias,Ocupación,poeta abogado,guatemala
Miguel Ángel Asturias,Ocupación,periodista,guatemala
Miguel Ángel Asturias,Premio recibido,Premio Lenin de la Paz,guatemala
Miguel Ángel Asturias,Premio recibido,Medalla Yucatán,guatemala
Miguel Ángel Asturias,Premio recibido,Orden Augusto César Sandino,guatemala
Miguel Ángel Asturias,Premio recibido,doctorado honoris causa por la Universidad de Bretaña Occidental,guatemala
Miguel Ángel Asturias,Premio recibido,doctorado honoris causa por la Universidad Reims Champagne-Ardenne,guatemala
Miguel Ángel Asturias,Educado en,Universidad de San Carlos de Guatemala,guatemala
Miguel Ángel Asturias,Obra notable,Mulata de tal,guatemala
Miguel Ángel Asturias,Cargo,presidente del jurado del Festival de Cannes,guatemala
Juan Antonio Martínez,Lugar de nacimiento,Ciudad de Guatemala,guatemala
Juan Antonio Martínez,Ocupación,político,guatemala
Juan Antonio Martínez,Ciudadanía,Guatemala,guatemala
Juan Antonio Martínez,Cargo,presidente de Guatemala,guatemala
Juan Antonio Martínez,Fecha de nacimiento,1750-01-01,guatemala
Juan Antonio Martínez,Fecha de defunción,1854-04-30,guatemala
Moises Béhar,Lugar de nacimiento,Huehuetenango,guatemala
Moises Béhar,Ocupación,autor,guatemala
Moises Béhar,Ciudadanía,Guatemala,guatemala
Moises Béhar,Premio recibido,Beca Guggenheim,guatemala
Moises Béhar,Fecha de nacimiento,1922-08-28,guatemala
Moises Béhar,Fecha de defunción,2015-02-14,guatemala
Moises Béhar,Ocupación,recolector de plantas,guatemala
Moises Béhar,Ocupación,botánico,guatemala
Moises Béhar,Ocupación,orquideólogo,guatemala
Franz Ippisch,Lugar de nacimiento,Viena,guatemala
Franz Ippisch,Ocupación,compositor,guatemala
Franz Ippisch,Ciudadanía,Austria,guatemala
Franz Ippisch,Educado en,Universidad de Música y Arte Dramático de Viena,guatemala
Franz Ippisch,Fecha de nacimiento,1883-07-18,guatemala
Franz Ippisch,Fecha de defunción,1958-02-20,guatemala
Franz Ippisch,Ocupación,violonchelista,guatemala
Franz Ippisch,Ocupación,profesor de música,guatemala
Franz Ippisch,Ciudadanía,Guatemala,guatemala
Alfonso Portillo,Lugar de nacimiento,Zacapa,guatemala
Alfonso Portillo,Ocupación,político,guatemala
Alfonso Portillo,Ciudadanía,Guatemala,guatemala
Alfonso Portillo,Educado en,Universidad Nacional Autónoma de México,guatemala
Alfonso Portillo,Cargo,presidente de Guatemala,guatemala
Alfonso Portillo,Fecha de nacimiento,1951-09-24,guatemala
Alfonso Portillo,Educado en,Universidad Autónoma de Guerrero,guatemala
Alfonso Portillo,Cargo,Diputado del Congreso de Guatemala,guatemala
Rigoberta Menchú,Lugar de nacimiento,Laj Chimel,guatemala
Rigoberta Menchú,Ocupación,escritor,guatemala
Rigoberta Menchú,Ciudadanía,Guatemala,guatemala
Rigoberta Menchú,Miembro de,Club de Roma,guatemala
Rigoberta Menchú,Cargo,Embajadores de las Naciones Unidas,guatemala
Rigoberta Menchú,Premio recibido,Premio Nobel de la Paz,guatemala
Rigoberta Menchú,Fecha de nacimiento,1966-01-09,guatemala
Rigoberta Menchú,Ocupación,político,guatemala
Rigoberta Menchú,Ocupación,activista por los derechos humanos,guatemala
Rigoberta Menchú,Ocupación,autobiógrafo,guatemala
Rigoberta Menchú,Premio recibido,Premio UNESCO Educación para la Paz,guatemala
Rigoberta Menchú,Premio recibido,Premio Princesa de Asturias de Cooperación Internacional,guatemala
Rigoberta Menchú,Miembro de,Iniciativa de Mujeres Nobel,guatemala
Miguel Ángel Asturias,Cargo,ambassador of Guatemala to France,guatemala
Miguel Ángel Asturias,Miembro de,Generación del 20,guatemala
Miguel Ángel Asturias,Cargo,Embajador de Guatemala en México,guatemala
Miguel Ángel Asturias,Cargo,Embajador de Guatemala en El Salvador,guatemala
Jacobo Árbenz,Ocupación,militar,guatemala
Jacobo Árbenz,Premio recibido,Legión al Mérito,guatemala
Rigoberta Menchú,Premio recibido,doctor honoris causa por la Universidad de Zaragoza,guatemala
Rigoberta Menchú,Premio recibido,doctor honoris causa por la Universidad de Las Palmas de Gran Canaria,guatemala
Rigoberta Menchú,Premio recibido,doctor honoris causa por la Universidad de Sevilla,guatemala
Rigoberta Menchú,Premio recibido,doctor honoris causa por la Universidad Autónoma de Madrid,guatemala
Rigoberta Menchú,Premio recibido,doctorado honorario Universidad de Tromsø,guatemala
Elmar Rojas,Lugar de nacimiento,Sacatepéquez,guatemala
Elmar Rojas,Ocupación,arquitecto,guatemala
Elmar Rojas,Ciudadanía,Guatemala,guatemala
Elmar Rojas,Fecha de nacimiento,1942-01-01,guatemala
Elmar Rojas,Fecha de defunción,2018-02-18,guatemala
Elmar Rojas,Ocupación,pintor,guatemala
Pontificia Universidad Gregoriana,país,Italia,guatemala
Pontificia Universidad Gregoriana,instancia de,universidad pontificia,guatemala
Pontificia Universidad Gregoriana,instancia de,universidad jesuita,guatemala
Pontificia Universidad Gregoriana,fundador,Ignacio de Loyola,guatemala
Pontificia Universidad Gregoriana,situado en la entidad territorial administrativa,Roma,guatemala
obispo diocesano,instancia de,cargo eclesiástico,guatemala
obispo diocesano,instancia de,función episcopal,guatemala
obispo diocesano,subclase de,obispo,guatemala
obispo diocesano,subclase de,pastor,guatemala
obispo diocesano,subclase de,ordinario,guatemala
obispo titular,instancia de,cargo,guatemala
obispo titular,instancia de,cargo eclesiástico,guatemala
obispo titular,instancia de,función episcopal,guatemala
obispo titular,instancia de,vocación católica,guatemala
obispo titular,subclase de,obispo católico,guatemala
árbitro FIFA,instancia de,cargo,guatemala
árbitro FIFA,subclase de,árbitro de fútbol,guatemala
árbitro FIFA,subclase de,árbitro internacional,guatemala
árbitro FIFA,deporte,fútbol,guatemala
árbitro FIFA,designado por,FIFA,guatemala
informático teórico,categoría relacionada,Categoría:Informáticos por país,guatemala
informático teórico,instancia de,profesión,guatemala
informático teórico,subclase de,científico,guatemala
informático teórico,subclase de,analista de sistemas,guatemala
Universidad Carnegie Mellon,P2643,"de cuatro años, a tiempo completo, más selectivo, con menor transferencia",guatemala
Leyendas de Guatemala,instancia de,obra literaria,guatemala
Leyendas de Guatemala,autor,Miguel Ángel Asturias,guatemala
Leyendas de Guatemala,género,leyenda,guatemala
Leyendas de Guatemala,género,fantasía,guatemala
Leyendas de Guatemala,idioma de la obra o del nombre,español,guatemala
Huehuetenango,país,Guatemala,guatemala
Huehuetenango,instancia de,ciudad,guatemala
Huehuetenango,instancia de,municipio de Guatemala,guatemala
Huehuetenango,comparte fronteras con,Malacatancito,guatemala
Huehuetenango,comparte fronteras con,San Sebastián Huehuetenango,guatemala
autor,instancia de,ocupación,guatemala
autor,subclase de,creador,guatemala
autor,ámbito de la ocupación,escritura narrativa,guatemala
autor,ámbito de la ocupación,creación,guatemala
Beca Guggenheim,país,Estados Unidos,guatemala
Beca Guggenheim,instancia de,beca,guatemala
Beca Guggenheim,instancia de,evento anual,guatemala
Beca Guggenheim,campo de trabajo,ciencia,guatemala
Beca Guggenheim,campo de trabajo,música,guatemala
Viena,instancia de,capital federal,guatemala
Viena,instancia de,estado de Austria,guatemala
Viena,instancia de,ciudad estatutaria de Austria,guatemala
Viena,instancia de,gemeinde de Austria,guatemala
Viena,instancia de,distrito de Austria,guatemala
Austria,forma parte de,Unión Europea,guatemala
Austria,forma parte de,Espacio Económico Europeo,guatemala
Austria,forma parte de,Europa Central,guatemala
Austria,miembro de,Unión Europea,guatemala
Universidad de Música y Arte Dramático de Viena,país,Austria,guatemala
Universidad de Música y Arte Dramático de Viena,instancia de,conservatorio de música,guatemala
Universidad de Música y Arte Dramático de Viena,instancia de,universidad pública,guatemala
Universidad de Música y Arte Dramático de Viena,instancia de,escuela de arte dramático,guatemala
Universidad de Música y Arte Dramático de Viena,fundador,Gesellschaft der Musikfreunde,guatemala
Club de Roma,país,Suiza,guatemala
Club de Roma,instancia de,think tank,guatemala
Club de Roma,instancia de,organización sin fines de lucro,guatemala
Club de Roma,instancia de,organización internacional,guatemala
Club de Roma,instancia de,sociedad erudita,guatemala
Embajadores de las Naciones Unidas,instancia de,título de autoridad,guatemala
Embajadores de las Naciones Unidas,instancia de,título honorífico,guatemala
Embajadores de las Naciones Unidas,instancia de,cargo,guatemala
Embajadores de las Naciones Unidas,subclase de,Embajador de Buena Voluntad,guatemala
Embajadores de las Naciones Unidas,categoría principal del tema,Categoría:Embajadores de las Naciones Unidas,guatemala
Sacatepéquez,país,Guatemala,guatemala
Sacatepéquez,instancia de,ciudad,guatemala
Sacatepéquez,instancia de,municipio de Guatemala,guatemala
Sacatepéquez,instancia de,antiguo asentamiento,guatemala
Sacatepéquez,situado en la entidad territorial administrativa,Departamento de Chimaltenango,guatemala
Fernando Wilfredo Escobar,Ocupación,ciclista,guatemala
Fernando Wilfredo Escobar,Ciudadanía,Guatemala,guatemala
Fernando Wilfredo Escobar,Fecha de nacimiento,1976-03-29,guatemala
Rodolfo Ramírez,Lugar de nacimiento,Ciudad de Guatemala,guatemala
Rodolfo Ramírez,Ocupación,badmintonista,guatemala
Rodolfo Ramírez,Ciudadanía,Guatemala,guatemala
Rodolfo Ramírez,Premio recibido,Pan American champion,guatemala
Rodolfo Ramírez,Fecha de nacimiento,1988-07-31,guatemala
Rodolfo Ramírez,Premio recibido,campeón nacional,guatemala
Gregorio Valdez O’Connell,Lugar de nacimiento,Ciudad de Guatemala,guatemala
Gregorio Valdez O’Connell,Ocupación,emprendedor,guatemala
Gregorio Valdez O’Connell,Ciudadanía,Guatemala,guatemala
Gregorio Valdez O’Connell,Fecha de nacimiento,1945-01-01,guatemala
Luis Grill Prieto,Lugar de nacimiento,Ciudad de Guatemala,guatemala
Luis Grill Prieto,Ocupación,futbolista,guatemala
Luis Grill Prieto,Ciudadanía,Guatemala,guatemala
Luis Grill Prieto,Fecha de nacimiento,1923-01-01,guatemala
Luis Grill Prieto,Fecha de defunción,2011-04-21,guatemala
Frank William La Rue,Lugar de nacimiento,Guatemala,guatemala
Frank William La Rue,Ocupación,abogado,guatemala
Frank William La Rue,Ciudadanía,Guatemala,guatemala
Frank William La Rue,Educado en,Universidad Johns Hopkins,guatemala
Frank William La Rue,Cargo,relatoría especial de las Naciones Unidas,guatemala
Frank William La Rue,Premio recibido,Premio Pionero EFF,guatemala
Frank William La Rue,Fecha de nacimiento,1952-01-01,guatemala
Frank William La Rue,Ocupación,diplomático,guatemala
Frank William La Rue,Ocupación,activista por los derechos humanos,guatemala
Frank William La Rue,Educado en,Universidad de San Carlos de Guatemala,guatemala
Ricardo Trigueño Foster,Lugar de nacimiento,Livingston,guatemala
Ricardo Trigueño Foster,Ocupación,futbolista,guatemala
Ricardo Trigueño Foster,Ciudadanía,Guatemala,guatemala
Ricardo Trigueño Foster,Fecha de nacimiento,1980-04-17,guatemala
Fredy Thompson,Lugar de nacimiento,Puerto Barrios,guatemala
Fredy Thompson,Ocupación,futbolista,guatemala
Fredy Thompson,Ciudadanía,Guatemala,guatemala
Fredy Thompson,Fecha de nacimiento,1982-06-02,guatemala
Rafael Landívar,Lugar de nacimiento,Santiago de los Caballeros de Guatemala,guatemala
Rafael Landívar,Ocupación,poeta,guatemala
Rafael Landívar,Ciudadanía,Guatemala,guatemala
Rafael Landívar,Educado en,Universidad de San Carlos de Guatemala,guatemala
Rafael Landívar,Fecha de nacimiento,1731-10-27,guatemala
Rafael Landívar,Fecha de defunción,1793-09-27,guatemala
José Roberto Alejos Cámbara,Lugar de nacimiento,Ciudad de Guatemala,guatemala
José Roberto Alejos Cámbara,Ocupación,político,guatemala
José Roberto Alejos Cámbara,Ciudadanía,Guatemala,guatemala
José Roberto Alejos Cámbara,Cargo,Diputado del Congreso de Guatemala,guatemala
José Roberto Alejos Cámbara,Fecha de nacimiento,1961-01-01,guatemala
Dionisio Gutiérrez Mayorga,Lugar de nacimiento,Ciudad de Guatemala,guatemala
Dionisio Gutiérrez Mayorga,Ocupación,emprendedor,guatemala
Dionisio Gutiérrez Mayorga,Ciudadanía,Guatemala,guatemala
Dionisio Gutiérrez Mayorga,Educado en,Universidad de Salamanca,guatemala
Dionisio Gutiérrez Mayorga,Fecha de nacimiento,1959-01-01,guatemala
Donaldo Álvarez Ruiz,Lugar de nacimiento,Ciudad de Guatemala,guatemala
Donaldo Álvarez Ruiz,Ocupación,abogado,guatemala
Donaldo Álvarez Ruiz,Ciudadanía,Guatemala,guatemala
Donaldo Álvarez Ruiz,Fecha de nacimiento,1931-08-22,guatemala
Donaldo Álvarez Ruiz,Ocupación,político,guatemala
Mariano Gálvez,Lugar de nacimiento,Ciudad de Guatemala,guatemala
Mariano Gálvez,Ocupación,abogado,guatemala
Mariano Gálvez,Ciudadanía,Guatemala,guatemala
Mariano Gálvez,Educado en,Universidad de San Carlos de Guatemala,guatemala
Mariano Gálvez,Cargo,jefe supremo del Estado de Guatemala,guatemala
Mariano Gálvez,Fecha de nacimiento,1790-01-01,guatemala
Mariano Gálvez,Fecha de defunción,1862-03-29,guatemala
Mariano Gálvez,Ocupación,político,guatemala
Mariano Gálvez,Ocupación,estadista,guatemala
Mariano Gálvez,Ocupación,periodista,guatemala
Mariano Gálvez,Ocupación,filósofo,guatemala
Mariano Gálvez,Educado en,Colegio San José de los Infantes,guatemala
Mariano Gálvez,Cargo,Presidente del Congreso de la República Federal de Centro América,guatemala
Elizabeth Zamora,Lugar de nacimiento,Ciudad de Guatemala,guatemala
Elizabeth Zamora,Ocupación,taekwondista,guatemala
Elizabeth Zamora,Ciudadanía,Guatemala,guatemala
Elizabeth Zamora,Fecha de nacimiento,1993-05-11,guatemala
Enrique Anleu Díaz,Lugar de nacimiento,Ciudad de Guatemala,guatemala
Enrique Anleu Díaz,Ocupación,compositor,guatemala
Enrique Anleu Díaz,Ciudadanía,Guatemala,guatemala
Enrique Anleu Díaz,Educado en,Universidad de San Carlos de Guatemala,guatemala
Enrique Anleu Díaz,Empleador,Universidad de San Carlos de Guatemala,guatemala
Enrique Anleu Díaz,Fecha de nacimiento,1940-06-07,guatemala
Enrique Anleu Díaz,Fecha de defunción,2023-11-22,guatemala
Enrique Anleu Díaz,Ocupación,director de orquesta,guatemala
Enrique Anleu Díaz,Ocupación,pintor,guatemala
Enrique Anleu Díaz,Ocupación,director musical,guatemala
Enrique Anleu Díaz,Ocupación,musicólogo,guatemala
Enrique Anleu Díaz,Ocupación,educador de arte,guatemala
Enrique Anleu Díaz,Educado en,"Escuela Nacional de Artes Plásticas ""Rafael Rodríguez Padilla",guatemala
Enrique Anleu Díaz,Educado en,Conservatorio Nacional de Música,guatemala
Enrique Anleu Díaz,Empleador,"Escuela Nacional de Artes Plásticas ""Rafael Rodríguez Padilla",guatemala
Enrique Anleu Díaz,Empleador,Conservatorio Nacional de Música,guatemala
Pedro Nolasco Estrada Aristondo,Lugar de nacimiento,Ciudad de Guatemala,guatemala
Pedro Nolasco Estrada Aristondo,Ocupación,compositor,guatemala
Pedro Nolasco Estrada Aristondo,Ciudadanía,Guatemala,guatemala
Pedro Nolasco Estrada Aristondo,Fecha de nacimiento,1800-01-01,guatemala
Pedro Nolasco Estrada Aristondo,Fecha de defunción,1804-01-01,guatemala
Pedro Nolasco Estrada Aristondo,Ocupación,maestro de capilla,guatemala
Juan Nepomuceno Barrundia Cepeda,Lugar de nacimiento,Ciudad de Guatemala,guatemala
Juan Nepomuceno Barrundia Cepeda,Ocupación,político,guatemala
Juan Nepomuceno Barrundia Cepeda,Ciudadanía,Guatemala,guatemala
Juan Nepomuceno Barrundia Cepeda,Cargo,jefe supremo del Estado de Guatemala,guatemala
Juan Nepomuceno Barrundia Cepeda,Fecha de nacimiento,1800-01-01,guatemala
Juan Nepomuceno Barrundia Cepeda,Fecha de defunción,1843-01-01,guatemala
Juan Nepomuceno Barrundia Cepeda,Fecha de defunción,1854-01-01,guatemala
Erick Anguiano,Ocupación,badmintonista,guatemala
Erick Anguiano,Ciudadanía,Guatemala,guatemala
Erick Anguiano,Fecha de nacimiento,1980-01-01,guatemala
Erwin Sperisen,Ocupación,agente de policía,guatemala
Erwin Sperisen,Ciudadanía,Suiza,guatemala
Erwin Sperisen,Fecha de nacimiento,1970-06-27,guatemala
Erwin Sperisen,Ciudadanía,Guatemala,guatemala
Juan Gerardi,Lugar de nacimiento,Ciudad de Guatemala,guatemala
Juan Gerardi,Ocupación,sacerdote católico,guatemala
Juan Gerardi,Ciudadanía,Guatemala,guatemala
Juan Gerardi,Cargo,obispo auxiliar,guatemala
Juan Gerardi,Fecha de nacimiento,1922-12-27,guatemala
Juan Gerardi,Fecha de defunción,1998-04-26,guatemala
Juan Gerardi,Ocupación,obispo católico,guatemala
Juan Gerardi,Ocupación,activista por los derechos humanos,guatemala
Juan Gerardi,Cargo,obispo titular,guatemala
Juan Gerardi,Cargo,obispo diocesano,guatemala
Juan Gerardi,Cargo,Obispo de Verapaz,guatemala
Otto René Castillo,Lugar de nacimiento,Quetzaltenango,guatemala
Otto René Castillo,Ocupación,poeta,guatemala
Otto René Castillo,Ciudadanía,Guatemala,guatemala
Otto René Castillo,Educado en,Universidad de San Carlos de Guatemala,guatemala
Otto René Castillo,Fecha de nacimiento,1936-04-25,guatemala
Otto René Castillo,Fecha de defunción,1967-03-19,guatemala
badmintonista,instancia de,profesión,guatemala
badmintonista,subclase de,deportista,guatemala
badmintonista,subclase de,jugador competitivo,guatemala
badmintonista,ámbito de la ocupación,bádminton,guatemala
emprendedor,categoría que contiene subcategorías epónimas,Categoría:Categorías de empresarios,guatemala
emprendedor,instancia de,profesión,guatemala
emprendedor,instancia de,estatus legal,guatemala
emprendedor,campo de trabajo,comercio,guatemala
emprendedor,campo de trabajo,actividad económica,guatemala
Universidad Johns Hopkins,país,Estados Unidos,guatemala
Universidad Johns Hopkins,instancia de,universidad,guatemala
Universidad Johns Hopkins,instancia de,instituto de investigación,guatemala
Universidad Johns Hopkins,instancia de,institución educativa privada sin fines de lucro,guatemala
Universidad Johns Hopkins,instancia de,editor de acceso abierto,guatemala
relatoría especial de las Naciones Unidas,instancia de,cargo,guatemala
relatoría especial de las Naciones Unidas,subclase de,relator,guatemala
relatoría especial de las Naciones Unidas,categoría principal del tema,Categoría:Relatores especiales de Naciones Unidas,guatemala
relatoría especial de las Naciones Unidas,aplica a la jurisdicción,Organización de las Naciones Unidas,guatemala
relatoría especial de las Naciones Unidas,lista de interés para el proyecto Wikimedia,Wikiproyecto:Derechos humanos,guatemala
Livingston,país,Guatemala,guatemala
Livingston,instancia de,villa,guatemala
Livingston,instancia de,municipio de Guatemala,guatemala
Livingston,comparte fronteras con,Lago de Izabal,guatemala
Livingston,comparte fronteras con,Chahal,guatemala
Santiago de los Caballeros de Guatemala,país,Guatemala,guatemala
Santiago de los Caballeros de Guatemala,instancia de,ciudad,guatemala
Santiago de los Caballeros de Guatemala,situado en la entidad territorial administrativa,Capitanía general de Guatemala,guatemala
Santiago de los Caballeros de Guatemala,reemplazado por,Antigua Guatemala,guatemala
Universidad de Salamanca,país,España,guatemala
Universidad de Salamanca,instancia de,universidad pública,guatemala
Universidad de Salamanca,instancia de,editor de acceso abierto,guatemala
Universidad de Salamanca,situado en la entidad territorial administrativa,Salamanca,guatemala
Universidad de Salamanca,ubicación de la sede,Salamanca,guatemala
jefe supremo del Estado de Guatemala,país,República Federal de Centroamérica,guatemala
jefe supremo del Estado de Guatemala,instancia de,posición militar,guatemala
jefe supremo del Estado de Guatemala,subclase de,jefe supremo,guatemala
jefe supremo del Estado de Guatemala,aplica a la jurisdicción,Estado de Guatemala,guatemala
jefe supremo del Estado de Guatemala,titular del cargo,José Francisco Barrundia y Cepeda,guatemala
agente de policía,instancia de,profesión,guatemala
agente de policía,nombrado en referencia a,Robert Peel,guatemala
agente de policía,nombrado en referencia a,Pitufo,guatemala
agente de policía,forma parte de,policía,guatemala
Suiza,capital,Berna,guatemala
Suiza,idioma oficial,francés,guatemala
Suiza,idioma oficial,alemán,guatemala
Suiza,idioma oficial,italiano,guatemala
Suiza,idioma oficial,romanche,guatemala
presidente de Guatemala,país,Guatemala,guatemala
presidente de Guatemala,instancia de,cargo público,guatemala
presidente de Guatemala,instancia de,cargo,guatemala
presidente de Guatemala,instancia de,cargo elegido,guatemala
Universidad Duke,país,Estados Unidos,guatemala
Universidad Duke,instancia de,universidad,guatemala
Universidad Duke,instancia de,institución educativa privada sin fines de lucro,guatemala
Universidad Duke,instancia de,editor de acceso abierto,guatemala
Universidad Duke,campo de trabajo,investigación,guatemala
Universidad Carnegie Mellon,país,Estados Unidos,guatemala
Universidad Carnegie Mellon,instancia de,universidad privada,guatemala
Universidad Carnegie Mellon,instancia de,universidad de investigación,guatemala
Universidad Carnegie Mellon,instancia de,institución educativa privada sin fines de lucro,guatemala
Universidad Carnegie Mellon,fundador,Andrew Carnegie,guatemala
Universidad de Salamanca,reemplaza a,Estudio General de Salamanca,guatemala
Universidad de Salamanca,propietario de,Casa-museo de Unamuno,guatemala
Universidad de Salamanca,propietario de,Escuelas Menores,guatemala
Universidad de Salamanca,propietario de,Colegio Mayor de Santiago el Zebedeo,guatemala
Francisco Javier Arana,Lugar de nacimiento,Villa Canales,guatemala
Francisco Javier Arana,Ocupación,militar,guatemala
Francisco Javier Arana,Ciudadanía,Guatemala,guatemala
Francisco Javier Arana,Cargo,jefe del estado mayor,guatemala
Francisco Javier Arana,Fecha de nacimiento,1905-12-05,guatemala
Francisco Javier Arana,Fecha de defunción,1949-07-18,guatemala
Francisco Javier Arana,Ocupación,político,guatemala
Francisco Javier Arana,Cargo,presidente de Guatemala,guatemala
José Javier del Águila,Lugar de nacimiento,Ciudad de Guatemala,guatemala
José Javier del Águila,Ocupación,futbolista,guatemala
José Javier del Águila,Ciudadanía,Guatemala,guatemala
José Javier del Águila,Fecha de nacimiento,1991-03-07,guatemala
Juan Pablo Escobar López,Ocupación,árbitro de fútbol,guatemala
Juan Pablo Escobar López,Ciudadanía,Guatemala,guatemala
Juan Pablo Escobar López,Fecha de nacimiento,1951-06-24,guatemala
Luis Espel,Ocupación,futbolista,guatemala
Luis Espel,Ciudadanía,Guatemala,guatemala
Luis Espel,Fecha de nacimiento,1964-07-08,guatemala
Manuel Ayau,Lugar de nacimiento,Ciudad de Guatemala,guatemala
Manuel Ayau,Ocupación,empresario,guatemala
Manuel Ayau,Ciudadanía,Guatemala,guatemala
Manuel Ayau,Educado en,Universidad Estatal de Luisiana,guatemala
Manuel Ayau,Miembro de,Sociedad Mont Pelerin,guatemala
Manuel Ayau,Fecha de nacimiento,1925-12-27,guatemala
Manuel Ayau,Fecha de defunción,2010-08-04,guatemala
Manuel Ayau,Educado en,Hillsdale College,guatemala
Manuel Ayau,Educado en,Northwood University,guatemala
Mario Gonzalez,Lugar de nacimiento,Guatemala,guatemala
Mario Gonzalez,Ocupación,actor,guatemala
Mario Gonzalez,Ciudadanía,Guatemala,guatemala
Mario Gonzalez,Fecha de nacimiento,1943-01-01,guatemala
Nan Cuz,Lugar de nacimiento,Senahú,guatemala
Nan Cuz,Ocupación,fotógrafo,guatemala
Nan Cuz,Ciudadanía,Alemania,guatemala
Nan Cuz,Fecha de nacimiento,1927-01-04,guatemala
Nan Cuz,Fecha de defunción,2019-11-11,guatemala
Nan Cuz,Ocupación,pintor,guatemala
Nan Cuz,Fecha de nacimiento,1927-01-27,guatemala
Nan Cuz,Ciudadanía,Guatemala,guatemala
Mario Acevedo,Lugar de nacimiento,Puerto Barrios,guatemala
Mario Acevedo,Ocupación,futbolista,guatemala
Mario Acevedo,Ciudadanía,Guatemala,guatemala
Mario Acevedo,Fecha de nacimiento,1969-02-15,guatemala
Humberto Akabal,Lugar de nacimiento,Momostenango,guatemala
Humberto Akabal,Ocupación,escritor,guatemala
Humberto Akabal,Ciudadanía,Guatemala,guatemala
Humberto Akabal,Premio recibido,Beca Guggenheim,guatemala
Humberto Akabal,Fecha de nacimiento,1952-10-31,guatemala
Humberto Akabal,Fecha de defunción,2019-01-28,guatemala
Humberto Akabal,Ocupación,poeta,guatemala
Luis Augusto Turcios Lima,Lugar de nacimiento,Ciudad de Guatemala,guatemala
Luis Augusto Turcios Lima,Ocupación,político,guatemala
Luis Augusto Turcios Lima,Ciudadanía,Guatemala,guatemala
Luis Augusto Turcios Lima,Educado en,Escuela Politécnica,guatemala
Luis Augusto Turcios Lima,Fecha de nacimiento,1941-11-23,guatemala
Luis Augusto Turcios Lima,Fecha de defunción,1966-10-02,guatemala
Luis Augusto Turcios Lima,Ocupación,oficial militar,guatemala
Bernardo Alvarado Monzón,Lugar de nacimiento,Guatemala,guatemala
Bernardo Alvarado Monzón,Ocupación,político,guatemala
Bernardo Alvarado Monzón,Ciudadanía,Guatemala,guatemala
Bernardo Alvarado Monzón,Fecha de nacimiento,1925-11-08,guatemala
Bernardo Alvarado Monzón,Fecha de defunción,1972-09-26,guatemala
Eddie Valenzuela,Lugar de nacimiento,Ciudad de Guatemala,guatemala
Eddie Valenzuela,Ocupación,boxeador,guatemala
Eddie Valenzuela,Ciudadanía,Guatemala,guatemala
Eddie Valenzuela,Fecha de nacimiento,1982-12-22,guatemala
Rodrigo Asturias,Lugar de nacimiento,Ciudad de Guatemala,guatemala
Rodrigo Asturias,Ocupación,político,guatemala
Rodrigo Asturias,Ciudadanía,Guatemala,guatemala
Rodrigo Asturias,Empleador,Universidad Nacional Autónoma de México,guatemala
Rodrigo Asturias,Fecha de nacimiento,1939-10-30,guatemala
Rodrigo Asturias,Fecha de defunción,2005-06-15,guatemala
Rogelia Cruz Martínez,Lugar de nacimiento,Ciudad de Guatemala,guatemala
Rogelia Cruz Martínez,Ocupación,político,guatemala
Rogelia Cruz Martínez,Ciudadanía,Guatemala,guatemala
Rogelia Cruz Martínez,Fecha de nacimiento,1940-08-01,guatemala
Rogelia Cruz Martínez,Fecha de defunción,1968-01-11,guatemala
Rogelia Cruz Martínez,Ocupación,activista,guatemala
Rogelia Cruz Martínez,Ocupación,participante en concursos de belleza,guatemala
Franz Galich,Ocupación,escritor,guatemala
Franz Galich,Ciudadanía,Guatemala,guatemala
Franz Galich,Premio recibido,Premio Centroamericano de Literatura Rogelio Sinán,guatemala
Franz Galich,Fecha de nacimiento,1951-01-08,guatemala
Franz Galich,Fecha de defunción,2007-02-03,guatemala
Tránsito Montepeque,Lugar de nacimiento,Sipacate,guatemala
Tránsito Montepeque,Ocupación,futbolista,guatemala
Tránsito Montepeque,Ciudadanía,Guatemala,guatemala
Tránsito Montepeque,Fecha de nacimiento,1980-12-16,guatemala
Fredy Archila,Ocupación,recolector de plantas,guatemala
Fredy Archila,Ciudadanía,Guatemala,guatemala
Fredy Archila,Educado en,Escuela Nacional Central de Agricultura,guatemala
Fredy Archila,Fecha de nacimiento,1973-07-01,guatemala
Fredy Archila,Ocupación,botánico,guatemala
Abner Trigueros,Lugar de nacimiento,Ciudad de Guatemala,guatemala
Abner Trigueros,Ocupación,futbolista,guatemala
Abner Trigueros,Ciudadanía,Guatemala,guatemala
Abner Trigueros,Fecha de nacimiento,1987-12-27,guatemala
Alejandra Barillas,Lugar de nacimiento,Zacapa,guatemala
Alejandra Barillas,Ocupación,modelo,guatemala
Alejandra Barillas,Ciudadanía,Guatemala,guatemala
Alejandra Barillas,Fecha de nacimiento,1987-01-01,guatemala
Alejandro Galindo,Lugar de nacimiento,Ciudad de Guatemala,guatemala
Alejandro Galindo,Ocupación,futbolista,guatemala
Alejandro Galindo,Ciudadanía,Guatemala,guatemala
Alejandro Galindo,Fecha de nacimiento,1992-03-05,guatemala
Villa Canales,país,Guatemala,guatemala
Villa Canales,instancia de,ciudad,guatemala
Villa Canales,instancia de,municipio de Guatemala,guatemala
Villa Canales,comparte fronteras con,Fraijanes,guatemala
Villa Canales,comparte fronteras con,Santa Catarina Pinula,guatemala
militar,instancia de,profesión,guatemala
militar,instancia de,ocupación,guatemala
militar,subclase de,empleado,guatemala
militar,subclase de,guerrero,guatemala
militar,opuesto a,civil,guatemala
jefe del estado mayor,instancia de,profesión,guatemala
jefe del estado mayor,campo de trabajo,estado mayor,guatemala
jefe del estado mayor,subclase de,posición militar,guatemala
Universidad Estatal de Luisiana,país,Estados Unidos,guatemala
Universidad Estatal de Luisiana,instancia de,Universidad de concesión de tierras,guatemala
Universidad Estatal de Luisiana,instancia de,universidad pública,guatemala
Universidad Estatal de Luisiana,instancia de,universidad de investigación,guatemala
Universidad Estatal de Luisiana,instancia de,institución educativa pública de los Estados Unidos,guatemala
Sociedad Mont Pelerin,país,Estados Unidos,guatemala
Sociedad Mont Pelerin,instancia de,think tank,guatemala
Sociedad Mont Pelerin,instancia de,asociación científica,guatemala
Sociedad Mont Pelerin,campo de trabajo,política económica,guatemala
Sociedad Mont Pelerin,fundador,Friedrich Hayek,guatemala
Senahú,país,Guatemala,guatemala
Senahú,instancia de,municipio de Guatemala,guatemala
Senahú,comparte fronteras con,Lanquín,guatemala
Senahú,comparte fronteras con,San Pedro Carchá,guatemala
Senahú,comparte fronteras con,Tucurú,guatemala
Alemania,miembro de,Organización para la Cooperación y el Desarrollo Económico,guatemala
Alemania,miembro de,Organismo Internacional de Energía Atómica,guatemala
Alemania,miembro de,Agencia Espacial Europea,guatemala
Alemania,miembro de,Programa de exención de visa,guatemala
Alemania,miembro de,Organización Internacional del Trabajo,guatemala
Momostenango,país,Guatemala,guatemala
Momostenango,instancia de,municipio de Guatemala,guatemala
Momostenango,comparte fronteras con,San Bartolo,guatemala
Momostenango,comparte fronteras con,San Carlos Sija,guatemala
Momostenango,situado en la entidad territorial administrativa,Departamento de Totonicapán,guatemala
boxeador,instancia de,profesión,guatemala
boxeador,subclase de,deportista,guatemala
boxeador,subclase de,artista marcial,guatemala
boxeador,ámbito de la ocupación,boxeo,guatemala
boxeador,ámbito de la ocupación,boxeo aficionado,guatemala
Premio Centroamericano de Literatura Rogelio Sinán,país,Panamá,guatemala
Premio Centroamericano de Literatura Rogelio Sinán,instancia de,premio literario,guatemala
Premio Centroamericano de Literatura Rogelio Sinán,nombrado en referencia a,Rogelio Sinán,guatemala
Premio Centroamericano de Literatura Rogelio Sinán,conferido por,Universidad Tecnológica de Panamá,guatemala
Sipacate,país,Guatemala,guatemala
Sipacate,instancia de,municipio de Guatemala,guatemala
Sipacate,comparte fronteras con,Puerto San José,guatemala
Sipacate,comparte fronteras con,La Gomera,guatemala
Sipacate,situado en la entidad territorial administrativa,Departamento de Escuintla,guatemala
recolector de plantas,instancia de,ocupación,guatemala
recolector de plantas,subclase de,recolector científico,guatemala
recolector de plantas,ámbito de la ocupación,botánica,guatemala
recolector de plantas,ámbito de la ocupación,coleccionismo de plantas,guatemala
Escuela Nacional Central de Agricultura,país,Guatemala,guatemala
Escuela Nacional Central de Agricultura,instancia de,institución educativa pública,guatemala
Escuela Nacional Central de Agricultura,instancia de,escuela de agricultura,guatemala
Escuela Nacional Central de Agricultura,situado en la entidad territorial administrativa,Villa Nueva,guatemala
Escuela Nacional Central de Agricultura,premio recibido,Orden del Quetzal,guatemala
botánico,instancia de,profesión,guatemala
botánico,subclase de,biólogo,guatemala
botánico,ámbito de la ocupación,botánica,guatemala
botánico,categoría principal del tema,Categoría:Botánicos,guatemala
botánico,plantilla principal del tema,Plantilla:Botánico,guatemala
Carlos Castrillo,Lugar de nacimiento,Ciudad de Guatemala,guatemala
Carlos Castrillo,Ocupación,futbolista,guatemala
Carlos Castrillo,Ciudadanía,Guatemala,guatemala
Carlos Castrillo,Fecha de nacimiento,1985-05-16,guatemala
Carlos Estuardo Mérida,Ocupación,jugador de fútbol sala,guatemala
Carlos Estuardo Mérida,Ciudadanía,Guatemala,guatemala
Carlos Estuardo Mérida,Fecha de nacimiento,1978-03-27,guatemala
Carlos Peña,Lugar de nacimiento,Ciudad de Guatemala,guatemala
Carlos Peña,Ocupación,compositor,guatemala
Carlos Peña,Ciudadanía,Guatemala,guatemala
Carlos Peña,Fecha de nacimiento,1988-01-09,guatemala
Carlos Peña,Ocupación,cantante,guatemala
Carlos Peña,Ocupación,compositor de canciones,guatemala
Carlos Villa,Lugar de nacimiento,Ciudad de Guatemala,guatemala
Carlos Villa,Ocupación,futbolista,guatemala
Carlos Villa,Ciudadanía,Guatemala,guatemala
Carlos Villa,Fecha de nacimiento,1986-07-18,guatemala
Roberto Carpio Nicolle,Lugar de nacimiento,Ciudad de Guatemala,guatemala
Roberto Carpio Nicolle,Ocupación,político,guatemala
Roberto Carpio Nicolle,Ciudadanía,Guatemala,guatemala
Roberto Carpio Nicolle,Cargo,vicepresidente de Guatemala,guatemala
Roberto Carpio Nicolle,Fecha de nacimiento,1930-07-16,guatemala
Roberto Carpio Nicolle,Fecha de defunción,2022-02-24,guatemala
Roberto Carpio Nicolle,Cargo,Presidente del Congreso de la República de Guatemala,guatemala
Claudio Rojas,Lugar de nacimiento,Ciudad de Guatemala,guatemala
Claudio Rojas,Ocupación,futbolista,guatemala
Claudio Rojas,Ciudadanía,Argentina,guatemala
Claudio Rojas,Fecha de nacimiento,1973-11-29,guatemala
Claudio Rojas,Ciudadanía,Guatemala,guatemala
Elías Vásquez,Lugar de nacimiento,Ciudad de Guatemala,guatemala
Elías Vásquez,Ocupación,futbolista,guatemala
Elías Vásquez,Ciudadanía,Guatemala,guatemala
Elías Vásquez,Fecha de nacimiento,1992-06-18,guatemala
Erick Acevedo,Ocupación,jugador de fútbol sala,guatemala
Erick Acevedo,Ciudadanía,Guatemala,guatemala
Erick Acevedo,Fecha de nacimiento,1980-09-20,guatemala
Erick Fion,Ocupación,jugador de fútbol sala,guatemala
Erick Fion,Ciudadanía,Guatemala,guatemala
Erick Fion,Fecha de nacimiento,1976-02-20,guatemala
Estuardo De León,Ocupación,jugador de fútbol sala,guatemala
Estuardo De León,Ciudadanía,Guatemala,guatemala
Estuardo De León,Fecha de nacimiento,1977-07-06,guatemala
Haroldo Juárez Arjona,Ocupación,futbolista,guatemala
Haroldo Juárez Arjona,Ciudadanía,Guatemala,guatemala
Haroldo Juárez Arjona,Fecha de nacimiento,1940-01-01,guatemala
Héctor De Mata,Lugar de nacimiento,Ciudad de Guatemala,guatemala
Héctor De Mata,Ocupación,futbolista,guatemala
Héctor De Mata,Ciudadanía,Guatemala,guatemala
Héctor De Mata,Fecha de nacimiento,1980-04-17,guatemala
Héctor De Mata,Lugar de nacimiento,Chimaltenango,guatemala
Héctor De Mata,Ocupación,jugador de fútbol sala,guatemala
Ilma Urrutia,Lugar de nacimiento,Jutiapa,guatemala
Ilma Urrutia,Ocupación,modelo,guatemala
Ilma Urrutia,Ciudadanía,Guatemala,guatemala
Ilma Urrutia,Fecha de nacimiento,1962-07-09,guatemala
Ilma Urrutia,Ocupación,participante en concursos de belleza,guatemala
Jaime Díaz Rozzotto,Lugar de nacimiento,Quetzaltenango,guatemala
Jaime Díaz Rozzotto,Ocupación,profesor,guatemala
Jaime Díaz Rozzotto,Ciudadanía,Guatemala,guatemala
Jaime Díaz Rozzotto,Fecha de nacimiento,1918-12-18,guatemala
Jaime Díaz Rozzotto,Fecha de defunción,2011-10-29,guatemala
Jaime Díaz Rozzotto,Ocupación,político,guatemala
Jairo Arreola,Lugar de nacimiento,Ciudad de Guatemala,guatemala
Jairo Arreola,Ocupación,futbolista,guatemala
Jairo Arreola,Ciudadanía,Guatemala,guatemala
Jairo Arreola,Fecha de nacimiento,1985-09-20,guatemala
Juan Bautista Frener,Lugar de nacimiento,Lucerna,guatemala
Juan Bautista Frener,Ocupación,medallista,guatemala
Juan Bautista Frener,Ciudadanía,Suiza,guatemala
Juan Bautista Frener,Fecha de nacimiento,1821-12-10,guatemala
Juan Bautista Frener,Fecha de defunción,1892-04-30,guatemala
Juan Bautista Frener,Ocupación,grabador,guatemala
Juan Bautista Frener,Ciudadanía,Guatemala,guatemala
Jean Márquez,Lugar de nacimiento,Ciudad de Guatemala,guatemala
Jean Márquez,Ocupación,futbolista,guatemala
Jean Márquez,Ciudadanía,Guatemala,guatemala
Jean Márquez,Fecha de nacimiento,1985-03-06,guatemala
Jessica Scheel,Lugar de nacimiento,Guatemala,guatemala
Jessica Scheel,Ocupación,modelo,guatemala
Jessica Scheel,Ciudadanía,Guatemala,guatemala
Jessica Scheel,Fecha de nacimiento,1990-01-13,guatemala
Jessica Scheel,Ocupación,participante en concursos de belleza,guatemala
José Carlos Castillo,Lugar de nacimiento,Ciudad de Guatemala,guatemala
José Carlos Castillo,Ocupación,futbolista,guatemala
José Carlos Castillo,Ciudadanía,Guatemala,guatemala
José Carlos Castillo,Fecha de nacimiento,1992-02-18,guatemala
Juan José Ruiz,Ocupación,jugador de fútbol sala,guatemala
Juan José Ruiz,Ciudadanía,Guatemala,guatemala
Juan José Ruiz,Fecha de nacimiento,1980-02-05,guatemala
Jutiapa,capital de,Departamento de Jutiapa,guatemala
Jutiapa,diferente de,Jutiapa,guatemala
Jutiapa,país,Guatemala,guatemala
Jutiapa,instancia de,municipio de Guatemala,guatemala
profesor,instancia de,profesión,guatemala
profesor,instancia de,cargo,guatemala
profesor,instancia de,ocupación,guatemala
profesor,subclase de,educador,guatemala
profesor,subclase de,académico,guatemala
Lucerna,jefe de gobierno,Beat Züsli,guatemala
Lucerna,país,Suiza,guatemala
Lucerna,instancia de,gemeinde de Suiza,guatemala
Lucerna,instancia de,capital cantonal de Suiza,guatemala
Lucerna,instancia de,ciudad de Suiza,guatemala
medallista,instancia de,profesión,guatemala
medallista,subclase de,grabador,guatemala
medallista,subclase de,escultor,guatemala
medallista,categoría principal del tema,Categoría:Artistas de medallas,guatemala
Luis Mendizábal,Ocupación,político,guatemala
Luis Mendizábal,Ciudadanía,Guatemala,guatemala
Luis Mendizábal,Fecha de nacimiento,1940-01-01,guatemala
Luis Mendizábal,Ocupación,emprendedor,guatemala
Luis Mendizábal,Ocupación,jurista,guatemala
Luis Mendizábal,Ocupación,asesor,guatemala
Luis Mendizábal,Fecha de nacimiento,1947-01-01,guatemala
Luis Felipe Arias,Lugar de nacimiento,Ciudad de Guatemala,guatemala
Luis Felipe Arias,Ocupación,pianista,guatemala
Luis Felipe Arias,Ciudadanía,Guatemala,guatemala
Luis Felipe Arias,Fecha de nacimiento,1876-08-03,guatemala
Luis Felipe Arias,Fecha de defunción,1908-03-23,guatemala
Luis Manresa Formosa,Lugar de nacimiento,Ciudad de Guatemala,guatemala
Luis Manresa Formosa,Ocupación,sacerdote católico,guatemala
Luis Manresa Formosa,Ciudadanía,Guatemala,guatemala
Luis Manresa Formosa,Cargo,"obispo de Quetzaltenango, Los Altos",guatemala
Luis Manresa Formosa,Fecha de nacimiento,1915-04-08,guatemala
Luis Manresa Formosa,Fecha de defunción,2010-12-25,guatemala
Luis Manresa Formosa,Ocupación,obispo católico,guatemala
Luis María Estrada Paetau,Lugar de nacimiento,Ciudad de Guatemala,guatemala
Luis María Estrada Paetau,Ocupación,sacerdote católico,guatemala
Luis María Estrada Paetau,Ciudadanía,Guatemala,guatemala
Luis María Estrada Paetau,Cargo,obispo titular,guatemala
Luis María Estrada Paetau,Fecha de nacimiento,1935-05-26,guatemala
Luis María Estrada Paetau,Fecha de defunción,2011-03-25,guatemala
Luis María Estrada Paetau,Ocupación,obispo católico,guatemala
Luis María Estrada Paetau,Cargo,administrador apostólico,guatemala
Luis María Estrada Paetau,Cargo,vicario apostólico,guatemala
Luis Santizo,Ocupación,ciclista,guatemala
Luis Santizo,Ciudadanía,Guatemala,guatemala
Luis Santizo,Fecha de nacimiento,1979-10-23,guatemala
Manuel Baldizón,Lugar de nacimiento,Flores,guatemala
Manuel Baldizón,Ocupación,abogado,guatemala
Manuel Baldizón,Ciudadanía,Guatemala,guatemala
Manuel Baldizón,Educado en,Universidad de Oxford,guatemala
Manuel Baldizón,Cargo,Diputado del Congreso de Guatemala,guatemala
Manuel Baldizón,Fecha de nacimiento,1970-05-06,guatemala
Manuel Baldizón,Ocupación,empresario,guatemala
Manuel Baldizón,Ocupación,político,guatemala
Manuel Baldizón,Educado en,Universidad de Salamanca,guatemala
Manuel Baldizón,Educado en,Universidad de San Carlos de Guatemala,guatemala
Manuel Baldizón,Educado en,Universidad de Valparaíso,guatemala
Manuel Baldizón,Educado en,Universidad Mariano Gálvez de Guatemala,guatemala
Manuel Rodas,Lugar de nacimiento,La Esperanza,guatemala
Manuel Rodas,Ocupación,ciclista,guatemala
Manuel Rodas,Ciudadanía,Guatemala,guatemala
Manuel Rodas,Fecha de nacimiento,1984-07-05,guatemala
Manuel de la Cruz Tot,Lugar de nacimiento,Cobán,guatemala
Manuel de la Cruz Tot,Ocupación,intérprete,guatemala
Manuel de la Cruz Tot,Ciudadanía,Guatemala,guatemala
Manuel de la Cruz Tot,Fecha de nacimiento,1790-01-01,guatemala
Manuel de la Cruz Tot,Fecha de defunción,1815-01-01,guatemala
Mario Enrique Ríos Montt,Lugar de nacimiento,Huehuetenango,guatemala
Mario Enrique Ríos Montt,Ocupación,sacerdote católico,guatemala
Mario Enrique Ríos Montt,Ciudadanía,Guatemala,guatemala
Mario Enrique Ríos Montt,Cargo,obispo auxiliar,guatemala
Mario Enrique Ríos Montt,Fecha de nacimiento,1932-03-17,guatemala
Mario Enrique Ríos Montt,Ocupación,obispo católico,guatemala
Mario Enrique Ríos Montt,Ocupación,activista por los derechos humanos,guatemala
Mario Enrique Ríos Montt,Cargo,obispo titular,guatemala
Mario Enrique Ríos Montt,Cargo,administrador apostólico,guatemala
Rosalina Tuyuc,Lugar de nacimiento,San Juan Comalapa,guatemala
Rosalina Tuyuc,Ocupación,político,guatemala
Rosalina Tuyuc,Ciudadanía,Guatemala,guatemala
Rosalina Tuyuc,Cargo,Diputado del Congreso de Guatemala,guatemala
Rosalina Tuyuc,Premio recibido,Orden Nacional de la Legión de Honor,guatemala
Rosalina Tuyuc,Fecha de nacimiento,1956-10-14,guatemala
Rosalina Tuyuc,Ocupación,activista por los derechos humanos,guatemala
Rosalina Tuyuc,Premio recibido,Medalla Geuzen,guatemala
Miguel Pérez Laparra,Ocupación,ciclista,guatemala
Miguel Pérez Laparra,Ciudadanía,Guatemala,guatemala
Miguel Pérez Laparra,Fecha de nacimiento,1980-07-31,guatemala
Mynor Ramírez,Ocupación,luchador,guatemala
Mynor Ramírez,Ciudadanía,Guatemala,guatemala
Mynor Ramírez,Fecha de nacimiento,1972-07-25,guatemala
Nery Velásquez,Lugar de nacimiento,Guatemala,guatemala
Nery Velásquez,Ocupación,ciclista,guatemala
Nery Velásquez,Ciudadanía,Guatemala,guatemala
Nery Velásquez,Fecha de nacimiento,1980-10-17,guatemala
Jorge Toriello Garrido,Lugar de nacimiento,Ciudad de Guatemala,guatemala
Jorge Toriello Garrido,Ocupación,político,guatemala
Jorge Toriello Garrido,Ciudadanía,Guatemala,guatemala
Jorge Toriello Garrido,Cargo,presidente de Guatemala,guatemala
Jorge Toriello Garrido,Fecha de nacimiento,1908-04-23,guatemala
Jorge Toriello Garrido,Fecha de defunción,1998-06-16,guatemala
Paulo César Motta,Lugar de nacimiento,Ciudad de Guatemala,guatemala
Paulo César Motta,Ocupación,futbolista,guatemala
Paulo César Motta,Ciudadanía,Guatemala,guatemala
Paulo César Motta,Fecha de nacimiento,1982-03-29,guatemala
Pedro José Valenzuela Jáuregui,Lugar de nacimiento,Ciudad de Guatemala,guatemala
Pedro José Valenzuela Jáuregui,Ocupación,político,guatemala
Pedro José Valenzuela Jáuregui,Ciudadanía,Guatemala,guatemala
Pedro José Valenzuela Jáuregui,Cargo,jefe supremo del Estado de Guatemala,guatemala
Pedro José Valenzuela Jáuregui,Fecha de nacimiento,1797-07-29,guatemala
Pedro José Valenzuela Jáuregui,Fecha de defunción,1865-01-01,guatemala
Henry López,Lugar de nacimiento,Ciudad de Guatemala,guatemala
Henry López,Ocupación,futbolista,guatemala
Henry López,Ciudadanía,Guatemala,guatemala
Henry López,Fecha de nacimiento,1992-08-08,guatemala
Minor López,Lugar de nacimiento,Quetzaltenango,guatemala
Minor López,Ocupación,futbolista,guatemala
Minor López,Ciudadanía,Guatemala,guatemala
Minor López,Fecha de nacimiento,1987-02-01,guatemala
Rafael Antonio Castellanos,Lugar de nacimiento,Antigua Guatemala,guatemala
Rafael Antonio Castellanos,Ocupación,compositor,guatemala
Rafael Antonio Castellanos,Ciudadanía,Guatemala,guatemala
Rafael Antonio Castellanos,Fecha de nacimiento,1725-01-01,guatemala
Rafael Antonio Castellanos,Fecha de defunción,1791-01-01,guatemala
Rafael Rodríguez Padilla,Lugar de nacimiento,Ciudad de Guatemala,guatemala
Rafael Rodríguez Padilla,Ocupación,pintor,guatemala
Rafael Rodríguez Padilla,Ciudadanía,Guatemala,guatemala
Rafael Rodríguez Padilla,Fecha de nacimiento,1890-01-23,guatemala
Rafael Rodríguez Padilla,Fecha de defunción,1929-01-24,guatemala
Rafael Rodríguez Padilla,Ocupación,escultor,guatemala
jurista,instancia de,grado académico,guatemala
jurista,instancia de,profesión jurídica,guatemala
jurista,subclase de,profesional,guatemala
jurista,ámbito de la ocupación,derecho,guatemala
jurista,ámbito de la ocupación,ciencia del derecho,guatemala
pianista,instancia de,cargo,guatemala
pianista,instancia de,ocupación,guatemala
pianista,instancia de,profesión musical,guatemala
pianista,subclase de,tecladista,guatemala
pianista,ámbito de la ocupación,interpretación de piano,guatemala
"obispo de Quetzaltenango, Los Altos",país,Guatemala,guatemala
"obispo de Quetzaltenango, Los Altos",instancia de,cargo episcopal histórico,guatemala
"obispo de Quetzaltenango, Los Altos",subclase de,obispo católico,guatemala
"obispo de Quetzaltenango, Los Altos",subclase de,obispo diocesano,guatemala
"obispo de Quetzaltenango, Los Altos",subclase de,ordinario,guatemala
Flores,país,Guatemala,guatemala
Flores,instancia de,municipio de Guatemala,guatemala
Flores,comparte fronteras con,Campeche,guatemala
Flores,comparte fronteras con,Melchor de Mencos,guatemala
Flores,comparte fronteras con,Dolores,guatemala
Universidad de Oxford,situado en la entidad territorial administrativa,Oxford,guatemala
Universidad de Oxford,ubicación de la sede,Oxford,guatemala
Universidad de Oxford,escudo de armas,escudo de la Universidad de Oxford,guatemala
Universidad de Oxford,ubicación,Oxfordshire,guatemala
Universidad de Oxford,ubicación,Oxford,guatemala
La Esperanza,país,Guatemala,guatemala
La Esperanza,instancia de,municipio de Guatemala,guatemala
La Esperanza,comparte fronteras con,San Mateo,guatemala
La Esperanza,comparte fronteras con,San Miguel Sigüilá,guatemala
intérprete,instancia de,profesión,guatemala
intérprete,subclase de,mediador lingüístico,guatemala
intérprete,ámbito de la ocupación,interpretación,guatemala
San Juan Comalapa,país,Guatemala,guatemala
San Juan Comalapa,instancia de,municipio de Guatemala,guatemala
San Juan Comalapa,comparte fronteras con,San José Poaquíl,guatemala
San Juan Comalapa,comparte fronteras con,Santa Apolonia,guatemala
San Juan Comalapa,comparte fronteras con,Santa Cruz Balanyá,guatemala
Orden Nacional de la Legión de Honor,país,Francia,guatemala
Orden Nacional de la Legión de Honor,instancia de,orden estatal,guatemala
Orden Nacional de la Legión de Honor,fundador,Napoleón Bonaparte,guatemala
Orden Nacional de la Legión de Honor,país de origen,Francia,guatemala
Orden Nacional de la Legión de Honor,compuesto por,Gran Collar de la Orden Nacional de la Legión de Honor,guatemala
luchador,instancia de,ocupación,guatemala
luchador,subclase de,luchador,guatemala
luchador,ámbito de la ocupación,lucha,guatemala
luchador,ámbito de la ocupación,lucha amateur,guatemala
luchador,deporte,lucha amateur,guatemala
Miguel Ángel Klee,Lugar de nacimiento,Guatemala,guatemala
Miguel Ángel Klee,Ocupación,entrenador,guatemala
Miguel Ángel Klee,Ciudadanía,Guatemala,guatemala
Miguel Ángel Klee,Fecha de nacimiento,1977-02-19,guatemala
Miguel Ángel Klee,Ocupación,futbolista,guatemala
Moisés Hernández,Lugar de nacimiento,Dallas,guatemala
Moisés Hernández,Ocupación,futbolista,guatemala
Moisés Hernández,Ciudadanía,Estados Unidos,guatemala
Moisés Hernández,Educado en,Escuela Preparatoria Seagoville,guatemala
Moisés Hernández,Fecha de nacimiento,1992-03-05,guatemala
Moisés Hernández,Ciudadanía,Guatemala,guatemala
Nelson Morales,Lugar de nacimiento,Cobán,guatemala
Nelson Morales,Ocupación,futbolista,guatemala
Nelson Morales,Ciudadanía,Guatemala,guatemala
Nelson Morales,Fecha de nacimiento,1976-09-20,guatemala
Noé Rivera,Lugar de nacimiento,Ciudad de Guatemala,guatemala
Noé Rivera,Ocupación,skater,guatemala
Noé Rivera,Ciudadanía,Guatemala,guatemala
Noé Rivera,Fecha de nacimiento,1985-09-05,guatemala
Noé Rivera,Fecha de defunción,2011-05-14,guatemala
Octavio Sandoval,Ocupación,deportista,guatemala
Octavio Sandoval,Ciudadanía,Guatemala,guatemala
Octavio Sandoval,Fecha de nacimiento,1973-01-01,guatemala
Oliverio Castañeda de León,Lugar de nacimiento,Ciudad de Guatemala,guatemala
Oliverio Castañeda de León,Ocupación,estudiante,guatemala
Oliverio Castañeda de León,Ciudadanía,Guatemala,guatemala
Oliverio Castañeda de León,Educado en,Universidad de San Carlos de Guatemala,guatemala
Oliverio Castañeda de León,Fecha de nacimiento,1955-10-12,guatemala
Oliverio Castañeda de León,Fecha de defunción,1978-10-20,guatemala
Oliverio Castañeda de León,Educado en,Colegio Americano de Guatemala,guatemala
Oscar Maeda,Ocupación,remero,guatemala
Oscar Maeda,Ciudadanía,Guatemala,guatemala
Oscar Maeda,Fecha de nacimiento,1981-12-13,guatemala
Oswar Gramajo,Lugar de nacimiento,Guatemala,guatemala
Oswar Gramajo,Ocupación,futbolista,guatemala
Oswar Gramajo,Ciudadanía,Guatemala,guatemala
Oswar Gramajo,Fecha de nacimiento,1989-06-04,guatemala
Otto-Raúl González,Lugar de nacimiento,Ciudad de Guatemala,guatemala
Otto-Raúl González,Ocupación,abogado,guatemala
Otto-Raúl González,Ciudadanía,México,guatemala
Otto-Raúl González,Educado en,Universidad Nacional Autónoma de México,guatemala
Otto-Raúl González,Fecha de nacimiento,1921-01-01,guatemala
Otto-Raúl González,Fecha de defunción,2007-06-23,guatemala
Otto-Raúl González,Ocupación,poeta,guatemala
Otto-Raúl González,Ciudadanía,Guatemala,guatemala
Otto Daniel Galindo García.,Ocupación,periodista,guatemala
Otto Daniel Galindo García.,Ciudadanía,Guatemala,guatemala
Otto Daniel Galindo García.,Fecha de nacimiento,1983-04-11,guatemala
Otto Pérez Leal,Lugar de nacimiento,Mixco,guatemala
Otto Pérez Leal,Ocupación,político,guatemala
Otto Pérez Leal,Ciudadanía,Guatemala,guatemala
Otto Pérez Leal,Educado en,Universidad George Mason,guatemala
Otto Pérez Leal,Fecha de nacimiento,1972-10-14,guatemala
Pablo Bromo,Lugar de nacimiento,Ciudad de Guatemala,guatemala
Pablo Bromo,Ocupación,poeta,guatemala
Pablo Bromo,Ciudadanía,Guatemala,guatemala
Pablo Bromo,Fecha de nacimiento,1980-01-01,guatemala
Pablo Bromo,Ocupación,editor,guatemala
Pavel Centeno,Lugar de nacimiento,Ciudad de Guatemala,guatemala
Pavel Centeno,Ocupación,político,guatemala
Pavel Centeno,Ciudadanía,Guatemala,guatemala
Pavel Centeno,Fecha de nacimiento,1959-01-01,guatemala
Pavel Centeno,Fecha de defunción,2016-10-28,guatemala
Pedro Samayoa,Lugar de nacimiento,Ciudad de Guatemala,guatemala
Pedro Samayoa,Ocupación,futbolista,guatemala
Pedro Samayoa,Ciudadanía,Guatemala,guatemala
Pedro Samayoa,Fecha de nacimiento,1985-07-25,guatemala
Irma Flaquer,Lugar de nacimiento,Ciudad de Guatemala,guatemala
Irma Flaquer,Ocupación,periodista,guatemala
Irma Flaquer,Ciudadanía,Guatemala,guatemala
Irma Flaquer,Fecha de nacimiento,1938-09-05,guatemala
Irma Flaquer,Fecha de defunción,1980-10-16,guatemala
Isabella Escobar,Lugar de nacimiento,Miami,guatemala
Isabella Escobar,Ocupación,tenista,guatemala
Isabella Escobar,Ciudadanía,Guatemala,guatemala
Isabella Escobar,Educado en,Universidad George Washington,guatemala
Isabella Escobar,Fecha de nacimiento,1992-08-12,guatemala
Rafael Álvarez Ovalle,Ocupación,compositor,guatemala
Rafael Álvarez Ovalle,Ciudadanía,Guatemala,guatemala
Rafael Álvarez Ovalle,Fecha de nacimiento,1858-10-24,guatemala
Rafael Álvarez Ovalle,Fecha de defunción,1946-12-26,guatemala
Rafael Álvarez Ovalle,Ocupación,Boys,guatemala
Rafael Hernández,Lugar de nacimiento,Ciudad de Guatemala,guatemala
Rafael Hernández,Ocupación,comediante,guatemala
Rafael Hernández,Ciudadanía,Guatemala,guatemala
Rafael Hernández,Fecha de nacimiento,1939-10-09,guatemala
Rafael Hernández,Fecha de defunción,2023-08-10,guatemala
Rafael Vásquez Álvarez,Lugar de nacimiento,Ciudad de Guatemala,guatemala
Rafael Vásquez Álvarez,Ocupación,compositor,guatemala
Rafael Vásquez Álvarez,Ciudadanía,Guatemala,guatemala
Rafael Vásquez Álvarez,Fecha de nacimiento,1885-05-03,guatemala
Rafael Vásquez Álvarez,Fecha de defunción,1941-08-24,guatemala
Ramón Peralta,Lugar de nacimiento,Esquipulas,guatemala
Ramón Peralta,Ocupación,político,guatemala
Ramón Peralta,Ciudadanía,Guatemala,guatemala
Ramón Peralta,Fecha de nacimiento,1961-09-20,guatemala
Dallas,jefe de gobierno,Eric Johnson,guatemala
Dallas,país,Estados Unidos,guatemala
Dallas,instancia de,ciudad de Estados Unidos,guatemala
Dallas,instancia de,gran ciudad,guatemala
Dallas,situado en la entidad territorial administrativa,condado de Dallas,guatemala
Escuela Preparatoria Seagoville,país,Estados Unidos,guatemala
Escuela Preparatoria Seagoville,instancia de,escuela secundaria superior,guatemala
Escuela Preparatoria Seagoville,situado en la entidad territorial administrativa,Texas,guatemala
Escuela Preparatoria Seagoville,distrito escolar,Distrito Escolar Independiente de Dallas,guatemala
skater,instancia de,profesión,guatemala
skater,instancia de,ocupación,guatemala
skater,ámbito de la ocupación,monopatinaje,guatemala
estudiante,instancia de,grupo social,guatemala
estudiante,instancia de,ocupación,guatemala
estudiante,instancia de,grupo de humanos,guatemala
estudiante,subclase de,estudiante,guatemala
estudiante,ámbito de la ocupación,actividad extracurricular,guatemala
remero,instancia de,ocupación,guatemala
remero,subclase de,deportista,guatemala
remero,subclase de,barquero,guatemala
remero,ámbito de la ocupación,remo,guatemala
Mixco,país,Guatemala,guatemala
Mixco,instancia de,ciudad,guatemala
Mixco,instancia de,municipio de Guatemala,guatemala
Mixco,comparte fronteras con,Ciudad de Guatemala,guatemala
Mixco,comparte fronteras con,San Raymundo,guatemala
Universidad George Mason,país,Estados Unidos,guatemala
Universidad George Mason,instancia de,universidad,guatemala
Universidad George Mason,instancia de,institución educativa pública de los Estados Unidos,guatemala
Universidad George Mason,situado en la entidad territorial administrativa,Virginia,guatemala
Universidad George Mason,situado en la entidad territorial administrativa,condado de Fairfax,guatemala
editor,instancia de,profesión,guatemala
editor,instancia de,cargo,guatemala
editor,instancia de,ocupación,guatemala
editor,subclase de,empresario de medios,guatemala
editor,subclase de,editor,guatemala
Miami,jefe de gobierno,Francis Suárez,guatemala
Miami,país,Estados Unidos,guatemala
Miami,instancia de,ciudad de Estados Unidos,guatemala
Miami,situado en la entidad territorial administrativa,Condado de Miami-Dade,guatemala
Miami,nombrado en referencia a,Mayaimi,guatemala
Universidad George Washington,país,Estados Unidos,guatemala
Universidad George Washington,instancia de,universidad privada,guatemala
Universidad George Washington,instancia de,universidad de investigación,guatemala
Universidad George Washington,instancia de,institución educativa privada sin fines de lucro,guatemala
Universidad George Washington,instancia de,editor de acceso abierto,guatemala
Boys,instancia de,canción,guatemala
Boys,instancia de,sencillo,guatemala
Boys,género,hip-hop,guatemala
Boys,género,R&B contemporáneo,guatemala
Boys,precedido por,Anticipating,guatemala
comediante,instancia de,profesión,guatemala
comediante,instancia de,ocupación,guatemala
comediante,subclase de,actor,guatemala
comediante,subclase de,artista,guatemala
embajador,texto regulador principal,Convención de Viena sobre Relaciones Diplomáticas,guatemala
embajador,subclase de,jefe de misión,guatemala
Raphael Girard,Lugar de nacimiento,Martigny,guatemala
Raphael Girard,Ocupación,escritor,guatemala
Raphael Girard,Ciudadanía,Guatemala,guatemala
Raphael Girard,Premio recibido,Orden del Quetzal,guatemala
Raphael Girard,Fecha de nacimiento,1898-10-30,guatemala
Raphael Girard,Fecha de defunción,1982-12-25,guatemala
Raphael Girard,Ocupación,etnólogo,guatemala
Raphael Girard,Ocupación,antropólogo,guatemala
Raphael Girard,Premio recibido,Orden de Francisco Morazán,guatemala
Raphael Girard,Premio recibido,Orden Nacional José Matías Delgado,guatemala
Raphael Girard,Premio recibido,Orden de la Independencia Cultural Rubén Darío,guatemala
Raphael Girard,Premio recibido,Comendador de la Orden del Sol del Perú,guatemala
Raquel Blandón,Lugar de nacimiento,Jalapa,guatemala
Raquel Blandón,Ocupación,abogado,guatemala
Raquel Blandón,Ciudadanía,Guatemala,guatemala
Raquel Blandón,Educado en,Universidad de San Carlos de Guatemala,guatemala
Raquel Blandón,Premio recibido,Orden de Isabel la Católica,guatemala
Raquel Blandón,Fecha de nacimiento,1943-05-10,guatemala
Raquel Blandón,Fecha de defunción,2024-09-21,guatemala
Raquel Blandón,Ocupación,activista,guatemala
Raquel Blandón,Premio recibido,Gran Cruz de la Orden de Isabel la Católica,guatemala
Renato Blanco,Lugar de nacimiento,Puerto Barrios,guatemala
Renato Blanco,Ocupación,futbolista,guatemala
Renato Blanco,Ciudadanía,Guatemala,guatemala
Renato Blanco,Fecha de nacimiento,1984-12-04,guatemala
René Poitevin,Lugar de nacimiento,Guatemala,guatemala
René Poitevin,Ocupación,escritor,guatemala
René Poitevin,Ciudadanía,Guatemala,guatemala
René Poitevin,Fecha de nacimiento,1943-12-28,guatemala
René Poitevin,Fecha de defunción,2007-05-09,guatemala
René Poitevin,Ocupación,abogado,guatemala
René Poitevin,Ocupación,sociólogo,guatemala
Roberto Díaz-Gomar,Lugar de nacimiento,Escuintla,guatemala
Roberto Díaz-Gomar,Ocupación,actor,guatemala
Roberto Díaz-Gomar,Ciudadanía,Guatemala,guatemala
Roberto Díaz-Gomar,Educado en,Universidad de San Carlos de Guatemala,guatemala
Roberto Díaz-Gomar,Fecha de nacimiento,1946-08-13,guatemala
Roberto Díaz-Gomar,Ocupación,actor de cine,guatemala
Roberto Sagastume Pinto,Lugar de nacimiento,Esquipulas,guatemala
Roberto Sagastume Pinto,Ocupación,político,guatemala
Roberto Sagastume Pinto,Ciudadanía,Guatemala,guatemala
Roberto Sagastume Pinto,Educado en,Universidad de San Carlos de Guatemala,guatemala
Roberto Sagastume Pinto,Fecha de nacimiento,1944-11-24,guatemala
Roberto Sagastume Pinto,Fecha de defunción,2014-12-01,guatemala
Rodolfo Narciso Chavarría,Lugar de nacimiento,San Cristóbal Verapaz,guatemala
Rodolfo Narciso Chavarría,Ocupación,compositor,guatemala
Rodolfo Narciso Chavarría,Ciudadanía,Guatemala,guatemala
Rodolfo Narciso Chavarría,Fecha de nacimiento,1901-03-04,guatemala
Rodolfo Narciso Chavarría,Fecha de defunción,1968-10-03,guatemala
Rodolfo Narciso Chavarría,Ocupación,músico,guatemala
Rolando Ovando,Ocupación,ciclista,guatemala
Rolando Ovando,Ciudadanía,Guatemala,guatemala
Rolando Ovando,Fecha de nacimiento,1963-12-12,guatemala
Rosa Leal de Pérez,Lugar de nacimiento,Ciudad de Guatemala,guatemala
Rosa Leal de Pérez,Ocupación,político,guatemala
Rosa Leal de Pérez,Ciudadanía,Guatemala,guatemala
Rosa Leal de Pérez,Educado en,Universidad de San Carlos de Guatemala,guatemala
Rosa Leal de Pérez,Fecha de nacimiento,1953-12-09,guatemala
Salomón Gómez,Lugar de nacimiento,Ciudad de Guatemala,guatemala
Salomón Gómez,Ocupación,actor,guatemala
Salomón Gómez,Ciudadanía,Guatemala,guatemala
Salomón Gómez,Fecha de nacimiento,1947-01-01,guatemala
Salomón Gómez,Fecha de defunción,2009-12-14,guatemala
Jacobo,Lugar de nacimiento,Ciudad de Guatemala,guatemala
Jacobo,Ocupación,político,guatemala
Jacobo,Ciudadanía,Guatemala,guatemala
Jacobo,Fecha de nacimiento,1946-11-13,guatemala
Jacqueline Solís,Ocupación,yudoca,guatemala
Jacqueline Solís,Ciudadanía,Guatemala,guatemala
Jacqueline Solís,Fecha de nacimiento,1988-12-22,guatemala
Jaime Hernández Méndez,Ocupación,político,guatemala
Jaime Hernández Méndez,Ciudadanía,Guatemala,guatemala
Jaime Hernández Méndez,Fecha de nacimiento,1933-06-14,guatemala
Sergio Azurdia,Lugar de nacimiento,Huehuetenango,guatemala
Sergio Azurdia,Ocupación,futbolista,guatemala
Sergio Azurdia,Ciudadanía,Guatemala,guatemala
Sergio Azurdia,Fecha de nacimiento,1989-07-17,guatemala
Sergio Fernando Morales Alvarado,Lugar de nacimiento,Ciudad de Guatemala,guatemala
Sergio Fernando Morales Alvarado,Ocupación,profesor universitario,guatemala
Sergio Fernando Morales Alvarado,Ciudadanía,Guatemala,guatemala
Sergio Fernando Morales Alvarado,Educado en,Universidad de San Carlos de Guatemala,guatemala
Sergio Fernando Morales Alvarado,Fecha de nacimiento,1957-01-13,guatemala
Sergio Tischler,Ocupación,sociólogo,guatemala
Sergio Tischler,Ciudadanía,Guatemala,guatemala
Sergio Tischler,Fecha de nacimiento,1954-01-01,guatemala
Sergio Trujillo,Lugar de nacimiento,Departamento de Zacapa,guatemala
Sergio Trujillo,Ocupación,futbolista,guatemala
Sergio Trujillo,Ciudadanía,Guatemala,guatemala
Sergio Trujillo,Fecha de nacimiento,1987-01-01,guatemala
Severo Martínez Peláez,Lugar de nacimiento,Quetzaltenango,guatemala
Severo Martínez Peláez,Ocupación,académico,guatemala
Severo Martínez Peláez,Ciudadanía,Guatemala,guatemala
Severo Martínez Peláez,Educado en,Universidad de San Carlos de Guatemala,guatemala
Severo Martínez Peláez,Fecha de nacimiento,1925-02-16,guatemala
Severo Martínez Peláez,Fecha de defunción,1998-01-14,guatemala
Víctor Manuel Ayala,Lugar de nacimiento,Morales,guatemala
Víctor Manuel Ayala,Ocupación,futbolista,guatemala
Víctor Manuel Ayala,Ciudadanía,Guatemala,guatemala
Víctor Manuel Ayala,Fecha de nacimiento,1989-05-08,guatemala
Víctor Muñoz (escritor),Lugar de nacimiento,Ciudad de Guatemala,guatemala
Víctor Muñoz (escritor),Ocupación,escritor,guatemala
Víctor Muñoz (escritor),Ciudadanía,Guatemala,guatemala
Víctor Muñoz (escritor),Fecha de nacimiento,1951-11-13,guatemala
Víctor Muñoz (escritor),Ocupación,poeta,guatemala
Martigny,categoría de personas relacionadas,Categoría:Personas de Martigny,guatemala
Martigny,diferente de,Martigny,guatemala
Orden del Quetzal,país,Guatemala,guatemala
Orden del Quetzal,instancia de,orden,guatemala
Orden del Quetzal,fundador,Jorge Ubico Castañeda,guatemala
Orden del Quetzal,compuesto por,Gran Cruz de la Orden del Quetzal,guatemala
Orden del Quetzal,compuesto por,Gran Oficial de la Orden del Quetzal,guatemala
Jalapa,país,Guatemala,guatemala
Jalapa,instancia de,ciudad,guatemala
Jalapa,instancia de,gran ciudad,guatemala
Jalapa,instancia de,municipio de Guatemala,guatemala
Jalapa,comparte fronteras con,Sansare,guatemala
Orden de Isabel la Católica,país,España,guatemala
Orden de Isabel la Católica,instancia de,orden,guatemala
Orden de Isabel la Católica,instancia de,condecoración civil,guatemala
Orden de Isabel la Católica,fundador,Fernando VII de España,guatemala
Orden de Isabel la Católica,compuesto por,Gran Cruz de la Orden de Isabel la Católica,guatemala
San Cristóbal Verapaz,país,Guatemala,guatemala
San Cristóbal Verapaz,instancia de,ciudad,guatemala
San Cristóbal Verapaz,instancia de,municipio de Guatemala,guatemala
San Cristóbal Verapaz,comparte fronteras con,Santa Cruz Verapaz,guatemala
San Cristóbal Verapaz,comparte fronteras con,Cobán,guatemala
yudoca,instancia de,profesión,guatemala
yudoca,instancia de,ocupación,guatemala
yudoca,subclase de,deportista,guatemala
yudoca,subclase de,artista marcial,guatemala
Departamento de Zacapa,país,Guatemala,guatemala
Departamento de Zacapa,instancia de,departamento de Guatemala,guatemala
Departamento de Zacapa,capital,Zacapa,guatemala
Departamento de Zacapa,comparte fronteras con,Departamento de Alta Verapaz,guatemala
Departamento de Zacapa,comparte fronteras con,Departamento de Izabal,guatemala
académico,instancia de,profesión,guatemala
académico,instancia de,cargo,guatemala
académico,subclase de,científico,guatemala
académico,subclase de,cuadro profesional,guatemala
académico,subclase de,erudito,guatemala
Morales,país,Guatemala,guatemala
Morales,instancia de,municipio de Guatemala,guatemala
Morales,comparte fronteras con,Puerto Barrios,guatemala
Morales,comparte fronteras con,Los Amates,guatemala
Morales,comparte fronteras con,Livingston,guatemala
Wendy Widmann,Lugar de nacimiento,Ciudad de Guatemala,guatemala
Wendy Widmann,Ocupación,político,guatemala
Wendy Widmann,Ciudadanía,Guatemala,guatemala
Wendy Widmann,Educado en,Universidad de San Carlos de Guatemala,guatemala
Wendy Widmann,Premio recibido,Gran Cruz de la Orden de Isabel la Católica,guatemala
Wendy Widmann,Fecha de nacimiento,1946-08-11,guatemala
Wilber Caal,Lugar de nacimiento,Flores,guatemala
Wilber Caal,Ocupación,futbolista,guatemala
Wilber Caal,Ciudadanía,Guatemala,guatemala
Wilber Caal,Fecha de nacimiento,1984-04-25,guatemala
William Orbaugh,Lugar de nacimiento,Ciudad de Guatemala,guatemala
William Orbaugh,Ocupación,músico,guatemala
William Orbaugh,Ciudadanía,Guatemala,guatemala
William Orbaugh,Fecha de nacimiento,1958-08-04,guatemala
Jean Pierre Brol,Lugar de nacimiento,Ciudad de Guatemala,guatemala
Jean Pierre Brol,Ocupación,tirador,guatemala
Jean Pierre Brol,Ciudadanía,Guatemala,guatemala
Jean Pierre Brol,Fecha de nacimiento,1982-12-18,guatemala
Álvaro Rodrigo Aguilar Aguilar,Lugar de nacimiento,Guatemala,guatemala
Álvaro Rodrigo Aguilar Aguilar,Ocupación,músico,guatemala
Álvaro Rodrigo Aguilar Aguilar,Ciudadanía,Guatemala,guatemala
Álvaro Rodrigo Aguilar Aguilar,Fecha de nacimiento,1958-05-17,guatemala
Jesús Tecú Osorio,Ocupación,activista por los derechos humanos,guatemala
Jesús Tecú Osorio,Ciudadanía,Guatemala,guatemala
Jesús Tecú Osorio,Premio recibido,Reebok Human Rights Award,guatemala
Jesús Tecú Osorio,Fecha de nacimiento,1971-01-01,guatemala
Jesús Tecú Osorio,Premio recibido,Roger N. Baldwin Medal of Liberty,guatemala
Jorge Mario García Laguardia,Lugar de nacimiento,Ciudad de Guatemala,guatemala
Jorge Mario García Laguardia,Ocupación,juez,guatemala
Jorge Mario García Laguardia,Ciudadanía,México,guatemala
Jorge Mario García Laguardia,Educado en,Universidad Nacional Autónoma de México,guatemala
Jorge Mario García Laguardia,Miembro de,Academia de Geografía e Historia de Guatemala,guatemala
Jorge Mario García Laguardia,Cargo,Procurador de los Derechos Humanos de Guatemala,guatemala
Jorge Mario García Laguardia,Premio recibido,doctor honoris causa por la Universidad de Extremadura,guatemala
Jorge Mario García Laguardia,Fecha de nacimiento,1931-07-13,guatemala
Jorge Mario García Laguardia,Fecha de defunción,2021-09-13,guatemala
Jorge Mario García Laguardia,Ocupación,escritor,guatemala
Jorge Mario García Laguardia,Ocupación,abogado,guatemala
Jorge Mario García Laguardia,Ocupación,historiador,guatemala
Jorge Mario García Laguardia,Ocupación,activista por los derechos humanos,guatemala
Jorge Mario García Laguardia,Ocupación,profesor universitario,guatemala
Jorge Mario García Laguardia,Ocupación,periodista,guatemala
Jorge Mario García Laguardia,Ocupación,académico,guatemala
Jorge Mario García Laguardia,Ciudadanía,Guatemala,guatemala
Jorge Mario García Laguardia,Ciudadanía,Costa Rica,guatemala
Jorge Mario García Laguardia,Educado en,Universidad de San Carlos de Guatemala,guatemala
Jorge Mario García Laguardia,Educado en,Universidad de Florencia,guatemala
Jorge Mario García Laguardia,Cargo,Magistrado de la Corte de Constitucionalidad de Guatemala,guatemala
Juan José Paredes,Lugar de nacimiento,Poptún,guatemala
Juan José Paredes,Ocupación,futbolista,guatemala
Juan José Paredes,Ciudadanía,Guatemala,guatemala
Juan José Paredes,Fecha de nacimiento,1984-11-27,guatemala
Juan José Paredes,Fecha de nacimiento,1984-11-29,guatemala
Juan Manuel Funes,Lugar de nacimiento,Ciudad de Guatemala,guatemala
Juan Manuel Funes,Ocupación,futbolista,guatemala
Juan Manuel Funes,Ciudadanía,Guatemala,guatemala
Juan Manuel Funes,Fecha de nacimiento,1966-05-16,guatemala
Jorge Rodas,Lugar de nacimiento,Jalapa,guatemala
Jorge Rodas,Ocupación,futbolista,guatemala
Jorge Rodas,Ciudadanía,Guatemala,guatemala
Jorge Rodas,Fecha de nacimiento,1971-10-09,guatemala
Jorge Rodas,Ocupación,deportista,guatemala
José Luis Cabrera,Ocupación,productor de televisión,guatemala
José Luis Cabrera,Ciudadanía,Estados Unidos,guatemala
José Luis Cabrera,Fecha de nacimiento,1984-01-01,guatemala
José Luis Cabrera,Ocupación,pintor,guatemala
José Luis Cabrera,Ciudadanía,Guatemala,guatemala
Joseph Burge,Ocupación,luchador,guatemala
Joseph Burge,Ciudadanía,Guatemala,guatemala
Joseph Burge,Fecha de nacimiento,1952-04-09,guatemala
José Batres Montúfar,Lugar de nacimiento,San Salvador,guatemala
José Batres Montúfar,Ocupación,poeta,guatemala
José Batres Montúfar,Ciudadanía,Guatemala,guatemala
José Batres Montúfar,Fecha de nacimiento,1809-01-01,guatemala
José Batres Montúfar,Fecha de defunción,1844-01-01,guatemala
José Batres Montúfar,Ocupación,político,guatemala
José María Bonilla,Lugar de nacimiento,Departamento de Jalapa,guatemala
José María Bonilla,Ocupación,escritor,guatemala
José María Bonilla,Ciudadanía,Guatemala,guatemala
José María Bonilla,Miembro de,Academia de Geografía e Historia de Guatemala,guatemala
José María Bonilla,Fecha de nacimiento,1889-01-01,guatemala
José María Bonilla,Fecha de defunción,1957-01-01,guatemala
José María Bonilla,Ocupación,poeta,guatemala
José Rubén Zamora,Ocupación,periodista,guatemala
José Rubén Zamora,Ciudadanía,Guatemala,guatemala
José Rubén Zamora,Empleador,ElPeriódico,guatemala
José Rubén Zamora,Premio recibido,Premio María Moors Cabot,guatemala
José Rubén Zamora,Fecha de nacimiento,1956-08-19,guatemala
José Rubén Zamora,Premio recibido,CPJ International Press Freedom Awards,guatemala
José Rubén Zamora,Premio recibido,International Press Institute World Press Freedom Heroes,guatemala
José Rubén Zamora,Premio recibido,Premios Internacionales de Periodismo Rey de España,guatemala
José Zacarías Antonio,Lugar de nacimiento,Ciudad de Guatemala,guatemala
José Zacarías Antonio,Ocupación,futbolista,guatemala
José Zacarías Antonio,Ciudadanía,Guatemala,guatemala
José Zacarías Antonio,Fecha de nacimiento,1982-03-15,guatemala
Juan Andrés Rodríguez Silva,Ocupación,jinete hípico,guatemala
Juan Andrés Rodríguez Silva,Ciudadanía,Guatemala,guatemala
Juan Andrés Rodríguez Silva,Fecha de nacimiento,1971-09-27,guatemala
Juan Carlos Romero,Ocupación,tirador,guatemala
Juan Carlos Romero,Ciudadanía,Guatemala,guatemala
Juan Carlos Romero,Fecha de nacimiento,1963-10-12,guatemala
Juan Francisco Reyes López,Lugar de nacimiento,Ciudad de Guatemala,guatemala
Juan Francisco Reyes López,Ocupación,político,guatemala
Juan Francisco Reyes López,Ciudadanía,Guatemala,guatemala
Juan Francisco Reyes López,Cargo,vicepresidente de Guatemala,guatemala
Juan Francisco Reyes López,Fecha de nacimiento,1938-07-10,guatemala
Juan Francisco Reyes López,Fecha de defunción,2019-01-10,guatemala
Juan Francisco Reyes López,Cargo,Diputado del Congreso de Guatemala,guatemala
Juan José Gutiérrez Mayorga,Lugar de nacimiento,Ciudad de Guatemala,guatemala
Juan José Gutiérrez Mayorga,Ocupación,empresario,guatemala
Juan José Gutiérrez Mayorga,Ciudadanía,Guatemala,guatemala
Juan José Gutiérrez Mayorga,Fecha de nacimiento,1958-01-01,guatemala
Juan José Gutiérrez Mayorga,Ocupación,director ejecutivo,guatemala
Gran Cruz de la Orden de Isabel la Católica,país,España,guatemala
Gran Cruz de la Orden de Isabel la Católica,instancia de,grado de una orden,guatemala
Gran Cruz de la Orden de Isabel la Católica,subclase de,Gran Cruz,guatemala
Gran Cruz de la Orden de Isabel la Católica,forma parte de,Orden de Isabel la Católica,guatemala
Gran Cruz de la Orden de Isabel la Católica,categoría para los galardonados con este premio,Categoría:Caballeros grandes cruces de la Orden de Isabel la Católica,guatemala
tirador,instancia de,profesión,guatemala
tirador,subclase de,deportista,guatemala
tirador,subclase de,tirador,guatemala
tirador,ámbito de la ocupación,tiro deportivo,guatemala
tirador,ámbito de la ocupación,Tiro Práctico,guatemala
Academia de Geografía e Historia de Guatemala,país,Guatemala,guatemala
Academia de Geografía e Historia de Guatemala,instancia de,academia,guatemala
Academia de Geografía e Historia de Guatemala,instancia de,editorial académica,guatemala
Poptún,país,Guatemala,guatemala
Poptún,instancia de,municipio de Guatemala,guatemala
Poptún,comparte fronteras con,Sayaxché,guatemala
Poptún,comparte fronteras con,Dolores,guatemala
Poptún,situado en la entidad territorial administrativa,Departamento de Petén,guatemala
productor de televisión,instancia de,profesión,guatemala
productor de televisión,instancia de,cargo,guatemala
productor de televisión,subclase de,profesional de medios,guatemala
productor de televisión,subclase de,productor,guatemala
productor de televisión,forma parte de,equipo de televisión,guatemala
Departamento de Jalapa,país,Guatemala,guatemala
Departamento de Jalapa,instancia de,departamento de Guatemala,guatemala
Departamento de Jalapa,capital,Jalapa,guatemala
Departamento de Jalapa,idioma oficial,español,guatemala
Departamento de Jalapa,comparte fronteras con,Departamento de Guatemala,guatemala
ElPeriódico,país,Guatemala,guatemala
ElPeriódico,instancia de,periódico,guatemala
ElPeriódico,instancia de,publicación periódica,guatemala
ElPeriódico,fundador,José Rubén Zamora,guatemala
ElPeriódico,ubicación de la sede,Ciudad de Guatemala,guatemala
Premio María Moors Cabot,país,Estados Unidos,guatemala
Premio María Moors Cabot,instancia de,premio de periodismo,guatemala
Premio María Moors Cabot,nombrado en referencia a,Maria Moors Cabot,guatemala
Premio María Moors Cabot,categoría principal del tema,Categoría:Premio Maria Moors Cabot,guatemala
Premio María Moors Cabot,conferido por,Universidad de Columbia,guatemala
jinete hípico,instancia de,profesión,guatemala
jinete hípico,instancia de,ocupación,guatemala
jinete hípico,subclase de,deportista,guatemala
jinete hípico,subclase de,jinete,guatemala
jinete hípico,ámbito de la ocupación,deporte ecuestre,guatemala
director ejecutivo,instancia de,profesión,guatemala
director ejecutivo,instancia de,concepto jurídico,guatemala
director ejecutivo,instancia de,título corporativo,guatemala
director ejecutivo,instancia de,ocupación,guatemala
director ejecutivo,subclase de,ejecutivo,guatemala
Juan Mauricio Wurmser,Ocupación,empresario,guatemala
Juan Mauricio Wurmser,Ciudadanía,Guatemala,guatemala
Juan Mauricio Wurmser,Educado en,Universidad Francisco Marroquín,guatemala
Juan Mauricio Wurmser,Fecha de nacimiento,1901-01-01,guatemala
Juan Montoya,Ocupación,ciclista,guatemala
Juan Montoya,Ciudadanía,Guatemala,guatemala
Juan Montoya,Fecha de nacimiento,1932-11-22,guatemala
Juan de Hernández,Ocupación,luchador,guatemala
Juan de Hernández,Ciudadanía,Guatemala,guatemala
Juan de Hernández,Fecha de nacimiento,1947-12-27,guatemala
Julen Urigüen,Lugar de nacimiento,Ciudad de Guatemala,guatemala
Julen Urigüen,Ocupación,tenista,guatemala
Julen Urigüen,Ciudadanía,Guatemala,guatemala
Julen Urigüen,Educado en,Universidad de Virginia,guatemala
Julen Urigüen,Fecha de nacimiento,1991-07-22,guatemala
Julio Ariz Leiva,Lugar de nacimiento,Sonsonate,guatemala
Julio Ariz Leiva,Ocupación,entrenador,guatemala
Julio Ariz Leiva,Ciudadanía,Guatemala,guatemala
Julio Ariz Leiva,Fecha de nacimiento,1977-07-17,guatemala
Julio Ariz Leiva,Fecha de defunción,2024-08-18,guatemala
Julio Ariz Leiva,Ocupación,futbolista,guatemala
Julio Ariz Leiva,Ciudadanía,El Salvador,guatemala
Julio César Anderson,Lugar de nacimiento,Tiquisate,guatemala
Julio César Anderson,Ocupación,futbolista,guatemala
Julio César Anderson,Ciudadanía,Guatemala,guatemala
Julio César Anderson,Fecha de nacimiento,1947-11-27,guatemala
Julio César Anderson,Fecha de defunción,2021-08-07,guatemala
Julio Quevedo,Ocupación,atleta,guatemala
Julio Quevedo,Ciudadanía,Guatemala,guatemala
Julio Quevedo,Fecha de nacimiento,1939-10-17,guatemala
Julio Quevedo,Fecha de defunción,2025-06-09,guatemala
Julio Rodas,Lugar de nacimiento,Guatemala,guatemala
Julio Rodas,Ocupación,futbolista,guatemala
Julio Rodas,Ciudadanía,Guatemala,guatemala
Julio Rodas,Fecha de nacimiento,1966-12-09,guatemala
Julio Serrano Echeverría,Lugar de nacimiento,Quetzaltenango,guatemala
Julio Serrano Echeverría,Ocupación,actor,guatemala
Julio Serrano Echeverría,Ciudadanía,Guatemala,guatemala
Julio Serrano Echeverría,Educado en,Universidad de San Carlos de Guatemala,guatemala
Julio Serrano Echeverría,Fecha de nacimiento,1983-01-01,guatemala
Julio Serrano Echeverría,Ocupación,escritor,guatemala
Julio Serrano Echeverría,Ocupación,poeta,guatemala
Julio Serrano Echeverría,Ocupación,editor,guatemala
Julio Serrano Echeverría,Ocupación,realizador,guatemala
Kevin Avila Soto,Ocupación,nadador,guatemala
Kevin Avila Soto,Ciudadanía,Guatemala,guatemala
Kevin Avila Soto,Fecha de nacimiento,1992-12-22,guatemala
Kevin Sandoval,Lugar de nacimiento,Ciudad de Guatemala,guatemala
Kevin Sandoval,Ocupación,futbolista,guatemala
Kevin Sandoval,Ciudadanía,Guatemala,guatemala
Kevin Sandoval,Educado en,Universidad de Misuri,guatemala
Kevin Sandoval,Fecha de nacimiento,1962-08-18,guatemala
Cash Luna,Lugar de nacimiento,Ciudad de Guatemala,guatemala
Cash Luna,Ocupación,escritor,guatemala
Cash Luna,Ciudadanía,Guatemala,guatemala
Cash Luna,Educado en,Universidad Francisco Marroquín,guatemala
Cash Luna,Empleador,Casa de Dios,guatemala
Cash Luna,Fecha de nacimiento,1962-03-04,guatemala
Cash Luna,Ocupación,empresario,guatemala
Cash Luna,Ocupación,pastor,guatemala
Cash Luna,Ocupación,misionero,guatemala
Cash Luna,Ocupación,predicador,guatemala
Cash Luna,Ocupación,telepredicador,guatemala
Herman García,Ocupación,remero,guatemala
Herman García,Ciudadanía,Guatemala,guatemala
Herman García,Fecha de nacimiento,1978-07-22,guatemala
Kenroy Arana Álvarez,Lugar de nacimiento,Livingston,guatemala
Kenroy Arana Álvarez,Ocupación,futbolista,guatemala
Kenroy Arana Álvarez,Ciudadanía,Guatemala,guatemala
Kenroy Arana Álvarez,Fecha de nacimiento,1992-02-07,guatemala
Leonel Noriega,Lugar de nacimiento,Cobán,guatemala
Leonel Noriega,Ocupación,futbolista,guatemala
Leonel Noriega,Ciudadanía,Guatemala,guatemala
Leonel Noriega,Fecha de nacimiento,1975-05-10,guatemala
Lourdes Figueroa,Lugar de nacimiento,Ciudad de Guatemala,guatemala
Lourdes Figueroa,Ocupación,participante en concursos de belleza,guatemala
Lourdes Figueroa,Ciudadanía,Guatemala,guatemala
Lourdes Figueroa,Fecha de nacimiento,1988-04-21,guatemala
Luis Flores Asturias,Lugar de nacimiento,Ciudad de Guatemala,guatemala
Luis Flores Asturias,Ocupación,político,guatemala
Luis Flores Asturias,Ciudadanía,Guatemala,guatemala
Luis Flores Asturias,Cargo,vicepresidente de Guatemala,guatemala
Luis Flores Asturias,Fecha de nacimiento,1947-10-29,guatemala
Luis Flores Asturias,Ocupación,deportista,guatemala
Luis Cardoza y Aragón,Lugar de nacimiento,Antigua Guatemala,guatemala
Luis Cardoza y Aragón,Ocupación,escritor,guatemala
Luis Cardoza y Aragón,Ciudadanía,Guatemala,guatemala
Luis Cardoza y Aragón,Educado en,Sorbonne Universidad de París,guatemala
Luis Cardoza y Aragón,Miembro de,Academia de Geografía e Historia de Guatemala,guatemala
Luis Cardoza y Aragón,Cargo,Diputado del Congreso de Guatemala,guatemala
Luis Cardoza y Aragón,Fecha de nacimiento,1904-06-21,guatemala
Luis Cardoza y Aragón,Fecha de defunción,1992-09-04,guatemala
Luis Cardoza y Aragón,Ocupación,poeta,guatemala
Luis Cardoza y Aragón,Ocupación,político,guatemala
Luis Cardoza y Aragón,Ocupación,diplomático,guatemala
Luis Cardoza y Aragón,Ocupación,crítico literario,guatemala
Luis Enrique Sam Colop,Lugar de nacimiento,Cantel,guatemala
Luis Enrique Sam Colop,Ocupación,escritor,guatemala
Luis Enrique Sam Colop,Ciudadanía,Guatemala,guatemala
Luis Enrique Sam Colop,Educado en,Universidad de Búfalo,guatemala
Luis Enrique Sam Colop,Premio recibido,Beca Guggenheim,guatemala
Luis Enrique Sam Colop,Fecha de nacimiento,1955-12-11,guatemala
Luis Enrique Sam Colop,Fecha de defunción,2011-07-15,guatemala
Luis Enrique Sam Colop,Ocupación,poeta,guatemala
Luis Enrique Sam Colop,Ocupación,lingüista,guatemala
Luis Enrique Sam Colop,Premio recibido,J. William Fulbright Prize,guatemala
Luis Enrique Sam Colop,Educado en,Universidad Rafael Landívar,guatemala
Luis Fernando García,Lugar de nacimiento,Amatitlán,guatemala
Luis Fernando García,Ocupación,atleta,guatemala
Luis Fernando García,Ciudadanía,Guatemala,guatemala
Luis Fernando García,Fecha de nacimiento,1974-09-13,guatemala
Universidad de Virginia,país,Estados Unidos,guatemala
Universidad de Virginia,instancia de,institución educativa pública de los Estados Unidos,guatemala
Universidad de Virginia,instancia de,universidad pública de investigación,guatemala
Universidad de Virginia,fundador,Thomas Jefferson,guatemala
Universidad de Virginia,situado en la entidad territorial administrativa,Charlottesville,guatemala
Sonsonate,país,El Salvador,guatemala
Sonsonate,instancia de,ciudad,guatemala
Sonsonate,instancia de,entidad territorial administrativa,guatemala
Tiquisate,país,Guatemala,guatemala
Tiquisate,instancia de,municipio de Guatemala,guatemala
Tiquisate,comparte fronteras con,Nueva Concepción,guatemala
Tiquisate,comparte fronteras con,San Juan Bautista,guatemala
Tiquisate,comparte fronteras con,Río Bravo,guatemala
Universidad de Misuri,idioma usado,inglés,guatemala
Universidad de Misuri,categoría para las personas que estudiaron en esta institución,Categoría:Alumnado de la Universidad de Misuri,guatemala
Casa de Dios,país,Guatemala,guatemala
Casa de Dios,instancia de,megaiglesia,guatemala
Casa de Dios,fundador,Cash Luna,guatemala
Casa de Dios,situado en la entidad territorial administrativa,Fraijanes,guatemala
Casa de Dios,religión,movimiento carismático,guatemala
Cantel,país,Guatemala,guatemala
Cantel,instancia de,municipio de Guatemala,guatemala
Cantel,comparte fronteras con,Zunil,guatemala
Cantel,comparte fronteras con,Almolonga,guatemala
Universidad de Búfalo,calendario académico,semestre,guatemala
Universidad de Búfalo,país,Estados Unidos,guatemala
Universidad de Búfalo,instancia de,lugar designado por el censo en los Estados Unidos,guatemala
Universidad de Búfalo,instancia de,institución educativa pública de los Estados Unidos,guatemala
Universidad de Búfalo,instancia de,editor de acceso abierto,guatemala
Amatitlán,país,Guatemala,guatemala
Amatitlán,instancia de,municipio de Guatemala,guatemala
Amatitlán,comparte fronteras con,Santa María de Jesús,guatemala
Amatitlán,comparte fronteras con,Villa Canales,guatemala
Amatitlán,comparte fronteras con,Palín,guatemala
Lissie Habie,Ocupación,fotógrafo,guatemala
Lissie Habie,Ciudadanía,Guatemala,guatemala
Lissie Habie,Fecha de nacimiento,1954-01-01,guatemala
Lissie Habie,Fecha de defunción,2008-01-01,guatemala
Lissie Habie,Ocupación,artista,guatemala
Jesús Laparra,Ocupación,profesor,guatemala
Jesús Laparra,Ciudadanía,Guatemala,guatemala
Jesús Laparra,Ocupación,poeta,guatemala
Desideria Reyes de Laparra,Ciudadanía,Guatemala,guatemala
Desideria Reyes de Laparra,Fecha de defunción,1836-01-01,guatemala
Julia Urrutia,Ocupación,profesor,guatemala
Julia Urrutia,Ciudadanía,Guatemala,guatemala
Julia Urrutia,Ocupación,activista por los derechos de las mujeres,guatemala
Sandra Xinico Batz,Lugar de nacimiento,Patzún,guatemala
Sandra Xinico Batz,Ocupación,columnista,guatemala
Sandra Xinico Batz,Ciudadanía,Guatemala,guatemala
Sandra Xinico Batz,Fecha de nacimiento,1986-01-01,guatemala
Sandra Xinico Batz,Ocupación,antropólogo,guatemala
Sandra Xinico Batz,Ocupación,activista,guatemala
Lucía Xiloj Cui,Ocupación,abogado,guatemala
Lucía Xiloj Cui,Ciudadanía,Guatemala,guatemala
Rebecca Lane,Lugar de nacimiento,Ciudad de Guatemala,guatemala
Rebecca Lane,Ocupación,activista,guatemala
Rebecca Lane,Ciudadanía,Guatemala,guatemala
Rebecca Lane,Fecha de nacimiento,1984-01-01,guatemala
Rebecca Lane,Ocupación,músico de hip-hop,guatemala
Lorena Cabnal,Ocupación,activista,guatemala
Lorena Cabnal,Ciudadanía,Guatemala,guatemala
Lorena Cabnal,Fecha de nacimiento,1973-01-01,guatemala
Marcela Gereda,Ocupación,columnista,guatemala
Marcela Gereda,Ciudadanía,Guatemala,guatemala
Marcela Gereda,Ocupación,antropólogo,guatemala
Amalia Chévez Nicolle,Ocupación,poeta,guatemala
Amalia Chévez Nicolle,Ciudadanía,Guatemala,guatemala
Amalia Chévez Nicolle,Ocupación,periodista,guatemala
Amalia Chévez Nicolle,Ocupación,novelista,guatemala
Miguel Álvarez Arévalo,Lugar de nacimiento,Ciudad de Guatemala,guatemala
Miguel Álvarez Arévalo,Ocupación,escritor,guatemala
Miguel Álvarez Arévalo,Ciudadanía,Guatemala,guatemala
Miguel Álvarez Arévalo,Educado en,Universidad Nacional Autónoma de México,guatemala
Miguel Álvarez Arévalo,Fecha de nacimiento,1952-04-21,guatemala
Miguel Álvarez Arévalo,Ocupación,historiador,guatemala
Miguel Álvarez Arévalo,Ocupación,profesor universitario,guatemala
Miguel Álvarez Arévalo,Educado en,Universidad de San Carlos de Guatemala,guatemala
Joaquín Álvarez,Ocupación,futbolista,guatemala
Joaquín Álvarez,Ciudadanía,Guatemala,guatemala
Joaquín Álvarez,Fecha de nacimiento,1981-07-29,guatemala
Alberto Herrarte González,Ocupación,político,guatemala
Alberto Herrarte González,Ciudadanía,Guatemala,guatemala
Alberto Herrarte González,Miembro de,Academia de Geografía e Historia de Guatemala,guatemala
Alberto Herrarte González,Cargo,ministro de Relaciones Exteriores,guatemala
Alberto Herrarte González,Premio recibido,Gran Cruz de la Orden de Isabel la Católica,guatemala
Alberto Herrarte González,Fecha de nacimiento,1907-01-01,guatemala
Alfonso Cabrera Hidalgo,Lugar de nacimiento,Ciudad de Guatemala,guatemala
Alfonso Cabrera Hidalgo,Ocupación,político,guatemala
Alfonso Cabrera Hidalgo,Ciudadanía,Guatemala,guatemala
Alfonso Cabrera Hidalgo,Cargo,ministro de Relaciones Exteriores,guatemala
Alfonso Cabrera Hidalgo,Fecha de nacimiento,1941-01-01,guatemala
Yolanda Fernández de Cofiño,Lugar de nacimiento,Santiago de Chile,guatemala
Yolanda Fernández de Cofiño,Ocupación,empresario,guatemala
Yolanda Fernández de Cofiño,Ciudadanía,Chile,guatemala
Yolanda Fernández de Cofiño,Educado en,Universidad de las Hamburguesas,guatemala
Yolanda Fernández de Cofiño,Fecha de nacimiento,1934-07-29,guatemala
Yolanda Fernández de Cofiño,Fecha de defunción,2021-09-06,guatemala
Yolanda Fernández de Cofiño,Ocupación,emprendedor,guatemala
Yolanda Fernández de Cofiño,Ocupación,filántropo,guatemala
Yolanda Fernández de Cofiño,Ciudadanía,Guatemala,guatemala
Romeo Gongora,Lugar de nacimiento,Montreal,guatemala
Romeo Gongora,Ocupación,videoartista,guatemala
Romeo Gongora,Ciudadanía,Canadá,guatemala
Romeo Gongora,Educado en,academia van beeldende kunsten,guatemala
Romeo Gongora,Fecha de nacimiento,1974-01-01,guatemala
Romeo Gongora,Ciudadanía,Guatemala,guatemala
Julia Guillermina Herrera Peña,Lugar de nacimiento,Ciudad de Guatemala,guatemala
Julia Guillermina Herrera Peña,Ocupación,lingüista,guatemala
Julia Guillermina Herrera Peña,Ciudadanía,Guatemala,guatemala
Julia Guillermina Herrera Peña,Empleador,Universidad Rafael Landívar,guatemala
Julia Guillermina Herrera Peña,Fecha de nacimiento,1945-01-01,guatemala
Ana María Urruela de Quezada,Ocupación,conservador de museo,guatemala
Ana María Urruela de Quezada,Ciudadanía,Guatemala,guatemala
Ana María Urruela de Quezada,Miembro de,Academia de Geografía e Historia de Guatemala,guatemala
Ana María Urruela de Quezada,Ocupación,historiador del arte,guatemala
María del Carmen Meléndez de Alonzo,Ocupación,crítico literario,guatemala
María del Carmen Meléndez de Alonzo,Ciudadanía,Guatemala,guatemala
María del Carmen Meléndez de Alonzo,Fecha de defunción,2012-01-01,guatemala
Delia Quiñónez Castillo de Tock,Ocupación,poeta,guatemala
Delia Quiñónez Castillo de Tock,Ciudadanía,Guatemala,guatemala
Delia Quiñónez Castillo de Tock,Fecha de nacimiento,1946-03-07,guatemala
Delia Quiñónez Castillo de Tock,Ocupación,académico,guatemala
Guatemala,relación diplomática,Australia,guatemala
Guatemala,relación diplomática,Corea del Norte,guatemala
Guatemala,relación diplomática,Unión Europea,guatemala
Guatemala,relación diplomática,India,guatemala
Guatemala,relación diplomática,Israel,guatemala
artista,instancia de,ocupación,guatemala
artista,instancia de,profesión artística,guatemala
artista,subclase de,creador,guatemala
artista,santo patrón,Fra Angelico,guatemala
activista por los derechos de las mujeres,instancia de,ocupación,guatemala
activista por los derechos de las mujeres,instancia de,activista,guatemala
activista por los derechos de las mujeres,subclase de,activista por los derechos humanos,guatemala
activista por los derechos de las mujeres,ámbito de la ocupación,activismo femenino,guatemala
activista por los derechos de las mujeres,se dice que es lo mismo que,defensora de los derechos humanos,guatemala
Patzún,país,Guatemala,guatemala
Patzún,instancia de,municipio de Guatemala,guatemala
Patzún,comparte fronteras con,Departamento de Sololá,guatemala
Patzún,comparte fronteras con,Pochuta,guatemala
Patzún,comparte fronteras con,Patzicía,guatemala
columnista,instancia de,profesión,guatemala
columnista,instancia de,cargo,guatemala
columnista,subclase de,escritor,guatemala
columnista,subclase de,periodista,guatemala
columnista,subclase de,periodista de opinión,guatemala
activista,instancia de,ocupación,guatemala
activista,instancia de,actitud ética,guatemala
activista,subclase de,persona,guatemala
activista,ámbito de la ocupación,activismo,guatemala
activista,ámbito de la ocupación,incidencia política,guatemala
músico de hip-hop,instancia de,profesión musical,guatemala
músico de hip-hop,subclase de,músico,guatemala
músico de hip-hop,ámbito de la ocupación,hip-hop,guatemala
músico de hip-hop,categoría principal del tema,Categoría:Músicos de hip hop,guatemala
músico de hip-hop,lista del elemento,Anexo:Músicos de hip-hop,guatemala
novelista,instancia de,profesión,guatemala
novelista,subclase de,escritor,guatemala
novelista,ámbito de la ocupación,novela,guatemala
novelista,ámbito de la ocupación,narrativa,guatemala
novelista,categoría principal del tema,Categoría:Novelistas,guatemala
ministro de Relaciones Exteriores,instancia de,cargo público,guatemala
ministro de Relaciones Exteriores,campo de trabajo,relaciones exteriores,guatemala
ministro de Relaciones Exteriores,subclase de,ministro,guatemala
ministro de Relaciones Exteriores,categoría principal del tema,Categoría:Ministros de Relaciones Exteriores,guatemala
ministro de Relaciones Exteriores,organización dirigida desde este cargo,ministerio de relaciones exteriores,guatemala
Santiago de Chile,país,Chile,guatemala
Santiago de Chile,instancia de,ciudad global,guatemala
Santiago de Chile,instancia de,gran ciudad,guatemala
Santiago de Chile,instancia de,ciudad de Chile,guatemala
Santiago de Chile,instancia de,ciudad más grande,guatemala
Chile,forma parte de,América del Sur,guatemala
Chile,forma parte de,Cono Sur,guatemala
Chile,miembro de,Organización de las Naciones Unidas,guatemala
Universidad de las Hamburguesas,país,Estados Unidos,guatemala
Universidad de las Hamburguesas,instancia de,institución educativa,guatemala
Universidad de las Hamburguesas,fundador,Ray Kroc,guatemala
Montreal,país,Canadá,guatemala
Montreal,continente,América del Norte,guatemala
Montreal,instancia de,metrópoli,guatemala
Montreal,instancia de,ciudad universitaria,guatemala
videoartista,instancia de,profesión,guatemala
videoartista,subclase de,cineasta,guatemala
videoartista,subclase de,artista de nuevos medios,guatemala
videoartista,ámbito de la ocupación,videoarte,guatemala
videoartista,categoría principal del tema,Categoría:Videoartistas,guatemala
academia van beeldende kunsten,país,Países Bajos,guatemala
academia van beeldende kunsten,instancia de,academia de bellas artes,guatemala
academia van beeldende kunsten,arquitecto,Koen van Velsen,guatemala
academia van beeldende kunsten,situado en la entidad territorial administrativa,Amsterdam,guatemala
lingüista,instancia de,profesión,guatemala
lingüista,instancia de,ocupación,guatemala
lingüista,instancia de,profesión académica,guatemala
lingüista,subclase de,filólogo,guatemala
conservador de museo,instancia de,profesión,guatemala
conservador de museo,instancia de,cargo,guatemala
conservador de museo,instancia de,ocupación,guatemala
conservador de museo,subclase de,museólogo,guatemala
conservador de museo,subclase de,profesional de museos,guatemala
historiador del arte,instancia de,profesión,guatemala
historiador del arte,instancia de,ocupación,guatemala
historiador del arte,subclase de,historiador,guatemala
historiador del arte,subclase de,académico de humanidades,guatemala
historiador del arte,ámbito de la ocupación,estudio de la historia del arte,guatemala
crítico literario,instancia de,profesión,guatemala
crítico literario,subclase de,crítico,guatemala
crítico literario,subclase de,recensor,guatemala
crítico literario,subclase de,especialista en literatura,guatemala
crítico literario,subclase de,periodista cultural,guatemala
K. Samanta Orellana,Ocupación,entomólogo,guatemala
K. Samanta Orellana,Ciudadanía,Guatemala,guatemala
K. Samanta Orellana,Educado en,Universidad de San Carlos de Guatemala,guatemala
K. Samanta Orellana,Empleador,Universidad de San Carlos de Guatemala,guatemala
K. Samanta Orellana,Educado en,Universidad Estatal de Arizona,guatemala
K. Samanta Orellana,Educado en,Universidad de Panamá,guatemala
K. Samanta Orellana,Empleador,Universidad Estatal de Arizona,guatemala
Manuel Recinos,Lugar de nacimiento,Ciudad de Guatemala,guatemala
Manuel Recinos,Ocupación,médico,guatemala
Manuel Recinos,Ciudadanía,Guatemala,guatemala
Manuel Recinos,Fecha de nacimiento,1944-02-04,guatemala
Manuel Recinos,Fecha de defunción,2010-07-24,guatemala
Manuel Recinos,Ocupación,futbolista,guatemala
Vicenta Jerónimo,Lugar de nacimiento,Todos Santos Cuchumatán,guatemala
Vicenta Jerónimo,Ocupación,político,guatemala
Vicenta Jerónimo,Ciudadanía,México,guatemala
Vicenta Jerónimo,Cargo,Diputado del Congreso de Guatemala,guatemala
Vicenta Jerónimo,Fecha de nacimiento,1972-10-27,guatemala
Vicenta Jerónimo,Ciudadanía,Guatemala,guatemala
Sonia Gutiérrez Raguay,Lugar de nacimiento,Palín,guatemala
Sonia Gutiérrez Raguay,Ocupación,abogado,guatemala
Sonia Gutiérrez Raguay,Ciudadanía,Guatemala,guatemala
Sonia Gutiérrez Raguay,Educado en,Universidad de San Carlos de Guatemala,guatemala
Sonia Gutiérrez Raguay,Cargo,Diputado del Congreso de Guatemala,guatemala
Sonia Gutiérrez Raguay,Fecha de nacimiento,1981-02-05,guatemala
Sonia Gutiérrez Raguay,Ocupación,político,guatemala
Petrona Mejía,Lugar de nacimiento,Chimaltenango,guatemala
Petrona Mejía,Ocupación,político,guatemala
Petrona Mejía,Ciudadanía,Guatemala,guatemala
Petrona Mejía,Cargo,Diputado del Congreso de Guatemala,guatemala
Petrona Mejía,Fecha de nacimiento,1973-10-04,guatemala
Carlos Martínez Durán,Ocupación,médico,guatemala
Carlos Martínez Durán,Ciudadanía,Guatemala,guatemala
Carlos Martínez Durán,Miembro de,Academia de Geografía e Historia de Guatemala,guatemala
Carlos Martínez Durán,Fecha de nacimiento,1906-01-01,guatemala
Carlos Martínez Durán,Fecha de defunción,1974-01-01,guatemala
Carlos Martínez Durán,Ocupación,político,guatemala
Carlos Martínez Durán,Ocupación,historiador,guatemala
Juan Passarelli,Ocupación,electronic literature writer,guatemala
Juan Passarelli,Ciudadanía,Guatemala,guatemala
Juan Passarelli,Obra notable,The Engineer,guatemala
Shirley Rivera,Lugar de nacimiento,Escuintla,guatemala
Shirley Rivera,Ocupación,político,guatemala
Shirley Rivera,Ciudadanía,Guatemala,guatemala
Shirley Rivera,Cargo,Presidente del Congreso de la República de Guatemala,guatemala
Shirley Rivera,Fecha de nacimiento,1971-09-22,guatemala
Shirley Rivera,Ocupación,administración de empresas,guatemala
Shirley Rivera,Cargo,Diputado del Congreso de Guatemala,guatemala
Paulina Cruz Ruiz,Ocupación,líder comunitario,guatemala
Paulina Cruz Ruiz,Ciudadanía,Guatemala,guatemala
Paulina Cruz Ruiz,Fecha de defunción,2019-09-14,guatemala
Rosa Candida Mayorga Muñoz,Ocupación,trabajador social,guatemala
Rosa Candida Mayorga Muñoz,Ciudadanía,Guatemala,guatemala
Rosa Candida Mayorga Muñoz,Fecha de defunción,2018-04-04,guatemala
Rosa Candida Mayorga Muñoz,Ocupación,sindicalista,guatemala
Diana Isabel Hernández Juárez,Ocupación,ambientalista,guatemala
Diana Isabel Hernández Juárez,Ciudadanía,Guatemala,guatemala
Diana Isabel Hernández Juárez,Fecha de defunción,2019-09-07,guatemala
Diana Isabel Hernández Juárez,Ocupación,organizador comunitario,guatemala
Glenda R. Carpio,Lugar de nacimiento,Guatemala,guatemala
Glenda R. Carpio,Ocupación,profesor universitario,guatemala
Glenda R. Carpio,Ciudadanía,Estados Unidos,guatemala
Glenda R. Carpio,Educado en,Universidad de California en Berkeley,guatemala
Glenda R. Carpio,Empleador,Universidad Harvard,guatemala
Glenda R. Carpio,Ocupación,académico,guatemala
Glenda R. Carpio,Ciudadanía,Guatemala,guatemala
Glenda R. Carpio,Educado en,Vassar College,guatemala
Glenda R. Carpio,Empleador,Universidad de Nueva York,guatemala
Glenda R. Carpio,Empleador,Universidad de California en Berkeley,guatemala
Glenda R. Carpio,Empleador,Universidad Pace,guatemala
Juana Ramírez Santiago,Ocupación,matrona,guatemala
Juana Ramírez Santiago,Ciudadanía,Guatemala,guatemala
Juana Ramírez Santiago,Ocupación,activista por los derechos humanos,guatemala
Juana Ramírez Santiago,Ocupación,líder comunitario,guatemala
Juana Ramírez Santiago,Ocupación,activista por los derechos de las mujeres,guatemala
María Cecilia Alfaro Quesada,Ciudadanía,Guatemala,guatemala
María Cecilia Alfaro Quesada,Miembro de,National Board for Integral Education in Sexuality,guatemala
Dannia Guevara,Ocupación,modelo,guatemala
Dannia Guevara,Ciudadanía,Guatemala,guatemala
Juana Raymundo,Ocupación,enfermero,guatemala
Juana Raymundo,Ciudadanía,Guatemala,guatemala
Juana Raymundo,Fecha de defunción,2018-07-01,guatemala
Juana Raymundo,Ocupación,activista por los derechos humanos,guatemala
Leonardo McNish,Ocupación,futbolista,guatemala
Leonardo McNish,Ciudadanía,Guatemala,guatemala
Leonardo McNish,Cargo,defensa,guatemala
Leonardo McNish,Fecha de nacimiento,1946-10-14,guatemala
Leonardo McNish,Fecha de defunción,2021-12-04,guatemala
Cecilia Echeverría Falla,Lugar de nacimiento,Ciudad de Guatemala,guatemala
Cecilia Echeverría Falla,Ocupación,filósofo,guatemala
Cecilia Echeverría Falla,Ciudadanía,Guatemala,guatemala
Cecilia Echeverría Falla,Educado en,Facultad de Filosofía de la Pontificia Universidad de la Santa Cruz,guatemala
Cecilia Echeverría Falla,Fecha de nacimiento,1964-12-26,guatemala
Cecilia Echeverría Falla,Ocupación,ético,guatemala
Eduardo de León,Lugar de nacimiento,Ciudad de Guatemala,guatemala
Eduardo de León,Ocupación,futbolista,guatemala
Eduardo de León,Ciudadanía,Guatemala,guatemala
Eduardo de León,Fecha de nacimiento,1933-10-30,guatemala
Eduardo de León,Fecha de defunción,2019-11-21,guatemala
Andrea Villagrán,Lugar de nacimiento,Ciudad de Guatemala,guatemala
Andrea Villagrán,Ocupación,político,guatemala
Andrea Villagrán,Ciudadanía,Guatemala,guatemala
Andrea Villagrán,Educado en,Universidad Rafael Landívar,guatemala
Andrea Villagrán,Cargo,Diputado del Congreso de Guatemala,guatemala
Andrea Villagrán,Fecha de nacimiento,1992-01-02,guatemala
entomólogo,instancia de,profesión,guatemala
entomólogo,instancia de,cargo,guatemala
entomólogo,instancia de,ocupación,guatemala
entomólogo,subclase de,zoólogo de invertebrados,guatemala
entomólogo,ámbito de la ocupación,entomología,guatemala
Universidad Estatal de Arizona,país,Estados Unidos,guatemala
Universidad Estatal de Arizona,instancia de,universidad,guatemala
Universidad Estatal de Arizona,instancia de,institución educativa pública de los Estados Unidos,guatemala
Universidad Estatal de Arizona,instancia de,editor de acceso abierto,guatemala
Universidad Estatal de Arizona,fundador,Charles T. Hayden,guatemala
médico,instancia de,profesión sanitaria,guatemala
médico,instancia de,cargo,guatemala
médico,instancia de,ocupación,guatemala
médico,instancia de,profesión medicina,guatemala
médico,instancia de,grupo de ocupaciones de la CIUO,guatemala
Todos Santos Cuchumatán,país,Guatemala,guatemala
Todos Santos Cuchumatán,instancia de,municipio de Guatemala,guatemala
Todos Santos Cuchumatán,comparte fronteras con,Santa Eulalia,guatemala
Todos Santos Cuchumatán,comparte fronteras con,Concepción Huista,guatemala
Todos Santos Cuchumatán,comparte fronteras con,San Pedro Soloma,guatemala
Palín,país,Guatemala,guatemala
Palín,instancia de,municipio de Guatemala,guatemala
Palín,comparte fronteras con,Villa Canales,guatemala
Palín,comparte fronteras con,Escuintla,guatemala
Palín,comparte fronteras con,San Vicente Pacaya,guatemala
líder comunitario,instancia de,cargo,guatemala
líder comunitario,instancia de,ocupación,guatemala
líder comunitario,subclase de,político,guatemala
líder comunitario,subclase de,líder,guatemala
líder comunitario,diferente de,portavoz,guatemala
trabajador social,instancia de,profesión,guatemala
trabajador social,instancia de,profesión sanitaria,guatemala
trabajador social,instancia de,cargo,guatemala
trabajador social,instancia de,ocupación,guatemala
sindicalista,instancia de,ocupación,guatemala
sindicalista,subclase de,activista social,guatemala
sindicalista,subclase de,activista político,guatemala
sindicalista,ámbito de la ocupación,sindicalismo,guatemala
ambientalista,instancia de,profesión,guatemala
ambientalista,instancia de,ocupación,guatemala
ambientalista,subclase de,activista,guatemala
ambientalista,ámbito de la ocupación,protección medioambiental,guatemala
ambientalista,ámbito de la ocupación,activismo ambiental,guatemala
organizador comunitario,instancia de,ocupación,guatemala
organizador comunitario,subclase de,organizador,guatemala
organizador comunitario,subclase de,activista,guatemala
organizador comunitario,ámbito de la ocupación,organización comunitaria,guatemala
Universidad de California en Berkeley,filial,Computer Systems Research Group,guatemala
Universidad de California en Berkeley,filial,Escuela de Negocios Haas,guatemala
Universidad Harvard,filial,Escuela de Medicina Harvard,guatemala
Universidad Harvard,filial,Escuela de Derecho Harvard,guatemala
Universidad Harvard,filial,Escuela de Negocios Harvard,guatemala
Universidad Harvard,filial,Escuela de Gobierno John F. Kennedy,guatemala
matrona,instancia de,profesión sanitaria,guatemala
matrona,instancia de,ocupación,guatemala
matrona,ámbito de la ocupación,matronería,guatemala
enfermero,instancia de,trabajo,guatemala
enfermero,instancia de,profesión sanitaria,guatemala
enfermero,instancia de,ocupación,guatemala
enfermero,santo patrón,Alejo de Roma,guatemala
defensa,instancia de,posición de fútbol,guatemala
defensa,subclase de,defensa,guatemala
defensa,forma parte de,defensa,guatemala
defensa,opuesto a,delantero,guatemala
defensa,compuesto por,defensor central,guatemala
filósofo,instancia de,ocupación,guatemala
filósofo,subclase de,académico de humanidades,guatemala
filósofo,santo patrón,Tomás de Aquino,guatemala
filósofo,santo patrón,Alberto Magno,guatemala
filósofo,santo patrón,Catalina de Alejandría,guatemala
Facultad de Filosofía de la Pontificia Universidad de la Santa Cruz,país,Italia,guatemala
Facultad de Filosofía de la Pontificia Universidad de la Santa Cruz,instancia de,facultad universitaria,guatemala
Facultad de Filosofía de la Pontificia Universidad de la Santa Cruz,instancia de,facultad de filosofía,guatemala
Facultad de Filosofía de la Pontificia Universidad de la Santa Cruz,situado en la entidad territorial administrativa,Roma,guatemala
Facultad de Filosofía de la Pontificia Universidad de la Santa Cruz,forma parte de,Pontificia Universidad de la Santa Cruz,guatemala
Henry Stokes,Lugar de nacimiento,Morales,guatemala
Henry Stokes,Ocupación,cirujano,guatemala
Henry Stokes,Ciudadanía,Guatemala,guatemala
Henry Stokes,Educado en,Universidad de San Carlos de Guatemala,guatemala
Henry Stokes,Fecha de nacimiento,1943-01-23,guatemala
Henry Stokes,Fecha de defunción,2020-03-18,guatemala
Henry Stokes,Ocupación,neurólogo,guatemala
Henry Stokes,Ocupación,futbolista,guatemala
José Rafael Godoy,Lugar de nacimiento,Antigua Guatemala,guatemala
José Rafael Godoy,Ocupación,futbolista,guatemala
José Rafael Godoy,Ciudadanía,Guatemala,guatemala
José Rafael Godoy,Fecha de nacimiento,1942-05-15,guatemala
José Rafael Godoy,Fecha de defunción,2005-01-01,guatemala
José Toledo Ordóñez,Lugar de nacimiento,Guatemala,guatemala
José Toledo Ordóñez,Ocupación,pintor,guatemala
José Toledo Ordóñez,Ciudadanía,Guatemala,guatemala
José Toledo Ordóñez,Fecha de nacimiento,1951-01-01,guatemala
José Toledo Ordóñez,Ocupación,escultor,guatemala
José Toledo Ordóñez,Ocupación,productor de cine,guatemala
Lenina Amapola García,Lugar de nacimiento,Ciudad de Guatemala,guatemala
Lenina Amapola García,Ocupación,escritor,guatemala
Lenina Amapola García,Ciudadanía,Guatemala,guatemala
Lenina Amapola García,Educado en,Universidad de San Carlos de Guatemala,guatemala
Lenina Amapola García,Ocupación,poeta,guatemala
Francisco Wurmser Ordóñez,Lugar de nacimiento,Guatemala,guatemala
Francisco Wurmser Ordóñez,Ocupación,teólogo,guatemala
Francisco Wurmser Ordóñez,Ciudadanía,Guatemala,guatemala
Francisco Wurmser Ordóñez,Fecha de nacimiento,1955-05-09,guatemala
José María Vallejo García-Hevia,Lugar de nacimiento,Avilés,guatemala
José María Vallejo García-Hevia,Ocupación,abogado,guatemala
José María Vallejo García-Hevia,Ciudadanía,España,guatemala
José María Vallejo García-Hevia,Empleador,Universidad Complutense de Madrid,guatemala
José María Vallejo García-Hevia,Fecha de nacimiento,1964-01-01,guatemala
José María Vallejo García-Hevia,Ocupación,jurista,guatemala
José María Vallejo García-Hevia,Ocupación,historiador del derecho,guatemala
José María Vallejo García-Hevia,Ciudadanía,Guatemala,guatemala
José María Vallejo García-Hevia,Empleador,Universidad de Zaragoza,guatemala
José María Vallejo García-Hevia,Empleador,Universidad de Castilla-La Mancha,guatemala
Daniel Salamanca Posadas,Lugar de nacimiento,Ciudad de Guatemala,guatemala
Daniel Salamanca Posadas,Ocupación,futbolista,guatemala
Daniel Salamanca Posadas,Ciudadanía,Guatemala,guatemala
Daniel Salamanca Posadas,Fecha de nacimiento,1939-01-20,guatemala
Tony Ewing,Ocupación,médico,guatemala
Tony Ewing,Ciudadanía,Guatemala,guatemala
Tony Ewing,Fecha de defunción,2014-09-01,guatemala
Tony Ewing,Ocupación,futbolista,guatemala
Ronald MacKay,Lugar de nacimiento,Ciudad de Guatemala,guatemala
Ronald MacKay,Ocupación,actor de voz,guatemala
Ronald MacKay,Ciudadanía,Guatemala,guatemala
Ronald MacKay,Fecha de nacimiento,1975-01-14,guatemala
Ronald MacKay,Ocupación,youtuber,guatemala
Ronald MacKay,Ocupación,streamer,guatemala
Andrea Ixchíu,Ocupación,activista por los derechos humanos,guatemala
Andrea Ixchíu,Ciudadanía,Guatemala,guatemala
Andrea Ixchíu,Fecha de nacimiento,1987-09-11,guatemala
Andrea Ixchíu,Ocupación,mando,guatemala
Andrea Ixchíu,Ocupación,comunicador,guatemala
Guillermo Grajeda Mena,Ocupación,pintor,guatemala
Guillermo Grajeda Mena,Ciudadanía,Guatemala,guatemala
Guillermo Grajeda Mena,Miembro de,Academia de Geografía e Historia de Guatemala,guatemala
Guillermo Grajeda Mena,Fecha de nacimiento,1918-10-01,guatemala
Guillermo Grajeda Mena,Fecha de defunción,1995-06-05,guatemala
Guillermo Grajeda Mena,Ocupación,escultor,guatemala
Claudia Ruíz Casasola,Lugar de nacimiento,Puerto Barrios,guatemala
Claudia Ruíz Casasola,Ocupación,político,guatemala
Claudia Ruíz Casasola,Ciudadanía,Guatemala,guatemala
Claudia Ruíz Casasola,Educado en,Universidad Panamericana de Guatemala,guatemala
Claudia Ruíz Casasola,Cargo,Ministro de Educación de Guatemala,guatemala
Claudia Ruíz Casasola,Fecha de nacimiento,1968-07-23,guatemala
Claudia Ruíz Casasola,Ocupación,funcionario,guatemala
Alvaro González Ricci,Ocupación,empresario,guatemala
Alvaro González Ricci,Ciudadanía,Guatemala,guatemala
Alvaro González Ricci,Educado en,Universidad Rafael Landívar,guatemala
Alvaro González Ricci,Cargo,Presidente del Banco de Guatemala,guatemala
Alvaro González Ricci,Fecha de nacimiento,1967-02-19,guatemala
Alvaro González Ricci,Ocupación,político,guatemala
Alvaro González Ricci,Ocupación,economista,guatemala
Alvaro González Ricci,Cargo,Diputado del Congreso de Guatemala,guatemala
Alvaro González Ricci,Cargo,Ministro de Finanzas Públicas,guatemala
Oliverio García Rodas,Ocupación,político,guatemala
Oliverio García Rodas,Ciudadanía,Guatemala,guatemala
Oliverio García Rodas,Cargo,Diputado del Congreso de Guatemala,guatemala
Oliverio García Rodas,Fecha de nacimiento,1947-05-13,guatemala
Oliverio García Rodas,Cargo,Ministro de Gobernación de Guatemala,guatemala
Gendri Reyes,Ocupación,político,guatemala
Gendri Reyes,Ciudadanía,Guatemala,guatemala
Gendri Reyes,Cargo,Ministro de Gobernación de Guatemala,guatemala
Juan Rozzoto,Lugar de nacimiento,Retalhuleu,guatemala
Juan Rozzoto,Ocupación,futbolista,guatemala
Juan Rozzoto,Ciudadanía,Guatemala,guatemala
Juan Rozzoto,Fecha de nacimiento,1951-01-16,guatemala
Arabella Castro,Lugar de nacimiento,Ciudad de Guatemala,guatemala
Arabella Castro,Ocupación,abogado,guatemala
Arabella Castro,Ciudadanía,Guatemala,guatemala
Arabella Castro,Educado en,Universidad de San Carlos de Guatemala,guatemala
Arabella Castro,Cargo,Presidente del Congreso de la República de Guatemala,guatemala
Arabella Castro,Fecha de nacimiento,1955-01-01,guatemala
Arabella Castro,Ocupación,político,guatemala
Arabella Castro,Ocupación,funcionario,guatemala
Arabella Castro,Cargo,Diputado del Congreso de Guatemala,guatemala
Luis Enrique Monterroso,Lugar de nacimiento,San Marcos,guatemala
Luis Enrique Monterroso,Ocupación,político,guatemala
Luis Enrique Monterroso,Ciudadanía,Guatemala,guatemala
Luis Enrique Monterroso,Cargo,Ministro de Salud Pública y Asistencia Social,guatemala
Luis Enrique Monterroso,Fecha de nacimiento,1970-07-15,guatemala
Luis Enrique Monterroso,Ocupación,economista,guatemala
Luis Enrique Monterroso,Ocupación,asesor político,guatemala
Mario Búcaro,Lugar de nacimiento,Ciudad de Guatemala,guatemala
Mario Búcaro,Ocupación,diplomático,guatemala
Mario Búcaro,Ciudadanía,Guatemala,guatemala
Mario Búcaro,Educado en,Universidad de Salamanca,guatemala
Mario Búcaro,Cargo,Ministro de Relaciones Exteriores de Guatemala,guatemala
Mario Búcaro,Premio recibido,Orden de la Estrella Brillante,guatemala
Mario Búcaro,Fecha de nacimiento,1977-05-05,guatemala
Mario Búcaro,Ocupación,funcionario,guatemala
Mario Búcaro,Premio recibido,"Orden del Príncipe Yaroslav el Sabio, 2.ª clase",guatemala
Mario Búcaro,Educado en,Universidad de San Carlos de Guatemala,guatemala
Mario Búcaro,Educado en,Universidad de Castilla-La Mancha,guatemala
Mario Búcaro,Educado en,Universidad Rafael Landívar,guatemala
Mario Búcaro,Educado en,Universidad Mariano Gálvez de Guatemala,guatemala
Mario Búcaro,Cargo,Embajador de Guatemala en México,guatemala
José María Cofiño Valladares,Ocupación,empresario,guatemala
José María Cofiño Valladares,Ciudadanía,Guatemala,guatemala
José María Cofiño Valladares,Fecha de nacimiento,1924-01-15,guatemala
José María Cofiño Valladares,Fecha de defunción,1995-05-17,guatemala
escultor,instancia de,profesión artística,guatemala
escultor,subclase de,artesano,guatemala
escultor,subclase de,artista visual,guatemala
escultor,subclase de,artista plástico,guatemala
escultor,ámbito de la ocupación,escultura,guatemala
teólogo,instancia de,profesión,guatemala
teólogo,subclase de,religioso,guatemala
teólogo,subclase de,académico de humanidades,guatemala
teólogo,ámbito de la ocupación,teología,guatemala
teólogo,ámbito de la ocupación,estudios teológicos,guatemala
Avilés,jefe de gobierno,Mariví Monteserín,guatemala
Avilés,país,España,guatemala
Avilés,instancia de,concejo,guatemala
Universidad Complutense de Madrid,país,España,guatemala
Universidad Complutense de Madrid,instancia de,universidad pública,guatemala
Universidad Complutense de Madrid,situado en la entidad territorial administrativa,Madrid,guatemala
Universidad Complutense de Madrid,ubicación de la sede,Rectorado de la UCM,guatemala
Universidad Complutense de Madrid,filial,Centro Universitario Villanueva,guatemala
actor de voz,instancia de,profesión,guatemala
actor de voz,subclase de,actor,guatemala
actor de voz,ámbito de la ocupación,actuación de voz,guatemala
actor de voz,se dice que es lo mismo que,seiyū,guatemala
actor de voz,categoría principal del tema,Categoría:Actores de voz,guatemala
youtuber,instancia de,ocupación,guatemala
youtuber,subclase de,videobloguero,guatemala
youtuber,subclase de,creador de contenido,guatemala
youtuber,subclase de,creador digital,guatemala
mando,instancia de,estatus social,guatemala
mando,instancia de,relación,guatemala
mando,instancia de,cargo,guatemala
mando,subclase de,poder,guatemala
comunicador,instancia de,ocupación,guatemala
comunicador,subclase de,persona,guatemala
comunicador,se dice que es lo mismo que,gerente de comunicaciones,guatemala
comunicador,diferente de,Comunicador (Star Trek),guatemala
Universidad Panamericana de Guatemala,país,Guatemala,guatemala
Universidad Panamericana de Guatemala,instancia de,universidad,guatemala
Universidad Panamericana de Guatemala,situado en la entidad territorial administrativa,Ciudad de Guatemala,guatemala
Presidente del Banco de Guatemala,país,Guatemala,guatemala
Presidente del Banco de Guatemala,instancia de,cargo público,guatemala
Presidente del Banco de Guatemala,subclase de,banco central,guatemala
Presidente del Banco de Guatemala,organización dirigida desde este cargo,Banco de Guatemala,guatemala
Ministro de Gobernación de Guatemala,instancia de,cargo público,guatemala
Ministro de Gobernación de Guatemala,subclase de,ministro,guatemala
Ministro de Gobernación de Guatemala,forma parte de,Consejo de Ministros de Guatemala,guatemala
Ministro de Gobernación de Guatemala,aplica a la jurisdicción,Guatemala,guatemala
Ministro de Gobernación de Guatemala,organización dirigida desde este cargo,Ministerio de Gobernación de Guatemala,guatemala
Ministro de Salud Pública y Asistencia Social,instancia de,cargo público,guatemala
Ministro de Salud Pública y Asistencia Social,subclase de,ministro,guatemala
Ministro de Salud Pública y Asistencia Social,forma parte de,Consejo de Ministros de Guatemala,guatemala
Ministro de Salud Pública y Asistencia Social,categoría principal del tema,Categoría:Ministros de Salud de Guatemala,guatemala
Ministro de Salud Pública y Asistencia Social,aplica a la jurisdicción,Guatemala,guatemala
Ministro de Relaciones Exteriores de Guatemala,país,Guatemala,guatemala
Ministro de Relaciones Exteriores de Guatemala,instancia de,cargo,guatemala
Ministro de Relaciones Exteriores de Guatemala,subclase de,ministro de Relaciones Exteriores,guatemala
Ministro de Relaciones Exteriores de Guatemala,forma parte de,Consejo de Ministros de Guatemala,guatemala
Ministro de Relaciones Exteriores de Guatemala,categoría principal del tema,Categoría:Ministros de Relaciones Exteriores de Guatemala,guatemala
Virginia Laparra,Lugar de nacimiento,Isla Nublar,guatemala
Virginia Laparra,Ocupación,fiscal,guatemala
Virginia Laparra,Ciudadanía,Guatemala,guatemala
Virginia Laparra,Educado en,Universidad de San Carlos de Guatemala,guatemala
Virginia Laparra,Fecha de nacimiento,1980-01-01,guatemala
Ch´umilkaj Curruchiche,Lugar de nacimiento,San Juan Comalapa,guatemala
Ch´umilkaj Curruchiche,Ocupación,cantante,guatemala
Ch´umilkaj Curruchiche,Ciudadanía,Guatemala,guatemala
Angelina Aspuac,Ocupación,activista,guatemala
Angelina Aspuac,Ciudadanía,Guatemala,guatemala
Yeison del Cid,Ocupación,badmintonista,guatemala
Yeison del Cid,Ciudadanía,Guatemala,guatemala
Yeison del Cid,Fecha de nacimiento,2004-01-03,guatemala
Kaypa' Tz'iken,Lugar de nacimiento,Sacapulas,guatemala
Kaypa' Tz'iken,Ciudadanía,Guatemala,guatemala
Kaypa' Tz'iken,Educado en,Universidad de San Carlos de Guatemala,guatemala
Kaypa' Tz'iken,Fecha de nacimiento,1974-07-30,guatemala
Napoleón Barrientos,Ocupación,político,guatemala
Napoleón Barrientos,Ciudadanía,Guatemala,guatemala
Napoleón Barrientos,Cargo,Ministro de Gobernación de Guatemala,guatemala
Lorena Calvo,Ciudadanía,Guatemala,guatemala
Lorena Calvo,Premio recibido,Premios Whitley,guatemala
Reginaldo Chayax,Ciudadanía,Guatemala,guatemala
Reginaldo Chayax,Premio recibido,Premios Whitley,guatemala
Marleny Rosales-Meda,Ciudadanía,Guatemala,guatemala
Marleny Rosales-Meda,Premio recibido,Premios Whitley,guatemala
Carlos Soza,Ocupación,agricultor,guatemala
Carlos Soza,Ciudadanía,Guatemala,guatemala
Carlos Soza,Premio recibido,Premios Whitley,guatemala
Carlos Soza,Ocupación,ambientalista,guatemala
Francisco Barnoya Galvez,Lugar de nacimiento,Ciudad de Guatemala,guatemala
Francisco Barnoya Galvez,Ocupación,escritor,guatemala
Francisco Barnoya Galvez,Ciudadanía,Guatemala,guatemala
Francisco Barnoya Galvez,Miembro de,Academia de Geografía e Historia de Guatemala,guatemala
Francisco Barnoya Galvez,Fecha de nacimiento,1907-01-01,guatemala
Ricardo Castañeda Paganini,Ocupación,historiador,guatemala
Ricardo Castañeda Paganini,Ciudadanía,Guatemala,guatemala
Ricardo Castañeda Paganini,Miembro de,Academia de Geografía e Historia de Guatemala,guatemala
Ricardo Castañeda Paganini,Fecha de nacimiento,1908-01-01,guatemala
Ricardo Castañeda Paganini,Fecha de defunción,1965-01-01,guatemala
Ernesto Chinchilla Aguilar,Ocupación,historiador,guatemala
Ernesto Chinchilla Aguilar,Ciudadanía,Guatemala,guatemala
Ernesto Chinchilla Aguilar,Miembro de,Academia de Geografía e Historia de Guatemala,guatemala
Ernesto Chinchilla Aguilar,Fecha de nacimiento,1926-01-01,guatemala
Ernesto Chinchilla Aguilar,Fecha de defunción,1996-01-01,guatemala
Jorge del Valle Matheu,Ocupación,jurista,guatemala
Jorge del Valle Matheu,Ciudadanía,Guatemala,guatemala
Jorge del Valle Matheu,Miembro de,Sociedad de Geografía de París,guatemala
Jorge del Valle Matheu,Fecha de nacimiento,1906-01-01,guatemala
Jorge del Valle Matheu,Miembro de,Academia de Geografía e Historia de Guatemala,guatemala
Agustín Estrada Monroy,Ocupación,historiador,guatemala
Agustín Estrada Monroy,Ciudadanía,Guatemala,guatemala
Agustín Estrada Monroy,Miembro de,Academia de Geografía e Historia de Guatemala,guatemala
Agustín Estrada Monroy,Fecha de nacimiento,1925-01-01,guatemala
Agustín Estrada Monroy,Fecha de defunción,2002-01-01,guatemala
Horacio Figueroa Marroquín,Ocupación,historiador,guatemala
Horacio Figueroa Marroquín,Ciudadanía,Guatemala,guatemala
Horacio Figueroa Marroquín,Miembro de,Academia de Geografía e Historia de Guatemala,guatemala
Horacio Figueroa Marroquín,Fecha de nacimiento,1903-01-01,guatemala
Horacio Figueroa Marroquín,Fecha de defunción,1991-01-01,guatemala
Antonio Goubaud Carrera,Ocupación,historiador,guatemala
Antonio Goubaud Carrera,Ciudadanía,Guatemala,guatemala
Antonio Goubaud Carrera,Miembro de,Academia de Geografía e Historia de Guatemala,guatemala
Antonio Goubaud Carrera,Fecha de nacimiento,1902-01-01,guatemala
Antonio Goubaud Carrera,Fecha de defunción,1951-01-01,guatemala
Alfredo Guerra-Borges,Ocupación,economista,guatemala
Alfredo Guerra-Borges,Ciudadanía,Guatemala,guatemala
Alfredo Guerra-Borges,Miembro de,Academia de Geografía e Historia de Guatemala,guatemala
Luis Luján Muñoz,Ciudadanía,Guatemala,guatemala
Luis Luján Muñoz,Miembro de,Academia de Geografía e Historia de Guatemala,guatemala
Luis Luján Muñoz,Fecha de nacimiento,1934-01-01,guatemala
Luis Luján Muñoz,Fecha de defunción,2005-01-01,guatemala
Flavio Rojas Lima,Ocupación,historiador,guatemala
Flavio Rojas Lima,Ciudadanía,Guatemala,guatemala
Flavio Rojas Lima,Miembro de,Academia de Geografía e Historia de Guatemala,guatemala
Flavio Rojas Lima,Fecha de nacimiento,1933-01-01,guatemala
Isla Nublar,país,Costa Rica,guatemala
Isla Nublar,instancia de,isla ficticia,guatemala
Isla Nublar,situado cerca del cuerpo de agua,Océano Pacífico,guatemala
Isla Nublar,del universo narrativo,universo de Parque Jurásico,guatemala
Isla Nublar,presente en la obra,Parque Jurásico,guatemala
fiscal,instancia de,cargo,guatemala
fiscal,instancia de,profesión jurídica,guatemala
fiscal,subclase de,consejero legal,guatemala
fiscal,subclase de,abogados del gobierno,guatemala
Sacapulas,país,Guatemala,guatemala
Sacapulas,instancia de,municipio de Guatemala,guatemala
Sacapulas,comparte fronteras con,Departamento de Totonicapán,guatemala
Sacapulas,comparte fronteras con,San Andrés Sajcabajá,guatemala
Sacapulas,comparte fronteras con,San Bartolomé Jocotenango,guatemala
Premios Whitley,país,Reino Unido,guatemala
Premios Whitley,instancia de,premio medioambiental,guatemala
Premios Whitley,nombrado en referencia a,Edward Whitley,guatemala
agricultor,instancia de,ocupación,guatemala
agricultor,subclase de,trabajador agrícola,guatemala
agricultor,subclase de,cultivadores de cultivos extensivos y hortalizas,guatemala
historiador,categoría que contiene subcategorías epónimas,Categoría:Categorías de historiadores,guatemala
historiador,instancia de,profesión,guatemala
historiador,subclase de,académico de humanidades,guatemala
historiador,ámbito de la ocupación,historiografía,guatemala
Sociedad de Geografía de París,país,Francia,guatemala
Sociedad de Geografía de París,instancia de,sociedad geográfica,guatemala
Sociedad de Geografía de París,campo de trabajo,geografía,guatemala
Sociedad de Geografía de París,ubicación de la sede,París,guatemala
Sociedad de Geografía de París,industria,otras organizaciones funcionando por adhesión voluntaria,guatemala
economista,instancia de,profesión,guatemala
economista,instancia de,grupo de ocupaciones de la CIUO,guatemala
economista,subclase de,científico social,guatemala
economista,subclase de,profesionales sociales y religiosos,guatemala
economista,ámbito de la ocupación,economía,guatemala
Pedro Zamora Castellanos,Ocupación,militar,guatemala
Pedro Zamora Castellanos,Ciudadanía,Guatemala,guatemala
Pedro Zamora Castellanos,Miembro de,Academia de Geografía e Historia de Guatemala,guatemala
Pedro Zamora Castellanos,Fecha de nacimiento,1879-01-01,guatemala
Pedro Zamora Castellanos,Fecha de defunción,1954-01-01,guatemala
Pedro Zamora Castellanos,Ocupación,ingeniero,guatemala
Josefina Alonso de Rodríguez,Ocupación,historiador del arte,guatemala
Josefina Alonso de Rodríguez,Ciudadanía,Guatemala,guatemala
Josefina Alonso de Rodríguez,Miembro de,Academia de Geografía e Historia de Guatemala,guatemala
Edgar Juan Aparicio y Aparicio,Ocupación,diplomático,guatemala
Edgar Juan Aparicio y Aparicio,Ciudadanía,Guatemala,guatemala
Edgar Juan Aparicio y Aparicio,Miembro de,Academia de Geografía e Historia de Guatemala,guatemala
Edgar Juan Aparicio y Aparicio,Ocupación,historiador,guatemala
Edgar Juan Aparicio y Aparicio,Ocupación,genealogista,guatemala
Jorge Arias de Blois,Ocupación,geógrafo,guatemala
Jorge Arias de Blois,Ciudadanía,Guatemala,guatemala
Jorge Arias de Blois,Miembro de,Academia de Geografía e Historia de Guatemala,guatemala
Jorge Arias de Blois,Fecha de nacimiento,1916-01-01,guatemala
Jorge Luis Arriola,Lugar de nacimiento,Totonicapán,guatemala
Jorge Luis Arriola,Ocupación,escritor,guatemala
Jorge Luis Arriola,Ciudadanía,Guatemala,guatemala
Jorge Luis Arriola,Miembro de,Academia de Geografía e Historia de Guatemala,guatemala
Jorge Luis Arriola,Fecha de nacimiento,1906-01-01,guatemala
Jorge Luis Arriola,Fecha de defunción,1995-01-01,guatemala
Jorge Luis Arriola,Ocupación,político,guatemala
Jorge Luis Arriola,Ocupación,diplomático,guatemala
Jorge Luis Arriola,Ocupación,historiador,guatemala
Manuel Chavarría Flores,Ocupación,pedagogo,guatemala
Manuel Chavarría Flores,Ciudadanía,Guatemala,guatemala
Manuel Chavarría Flores,Miembro de,Academia de Geografía e Historia de Guatemala,guatemala
Federico Fahsen Ortega,Ocupación,arquitecto,guatemala
Federico Fahsen Ortega,Ciudadanía,Guatemala,guatemala
Federico Fahsen Ortega,Miembro de,Academia de Geografía e Historia de Guatemala,guatemala
Federico Fahsen Ortega,Fecha de nacimiento,1936-11-17,guatemala
Federico Fahsen Ortega,Ocupación,epigrafista,guatemala
José Mata Gavidia,Ocupación,escritor,guatemala
José Mata Gavidia,Ciudadanía,Guatemala,guatemala
José Mata Gavidia,Miembro de,Academia de Geografía e Historia de Guatemala,guatemala
José Mata Gavidia,Ocupación,historiador,guatemala
Ramiro Ordoñez Jonama,Ocupación,jurista,guatemala
Ramiro Ordoñez Jonama,Ciudadanía,Guatemala,guatemala
Ramiro Ordoñez Jonama,Miembro de,Academia de Geografía e Historia de Guatemala,guatemala
Ramiro Ordoñez Jonama,Fecha de nacimiento,1945-12-27,guatemala
Mariano Pacheco Herrarte,Ocupación,agrónomo,guatemala
Mariano Pacheco Herrarte,Ciudadanía,Guatemala,guatemala
Mariano Pacheco Herrarte,Miembro de,Academia de Geografía e Historia de Guatemala,guatemala
Mariano Pacheco Herrarte,Fecha de nacimiento,1878-01-01,guatemala
Ovidio Rodas Corzo,Ocupación,pintor,guatemala
Ovidio Rodas Corzo,Ciudadanía,Guatemala,guatemala
Ovidio Rodas Corzo,Miembro de,Academia de Geografía e Historia de Guatemala,guatemala
Ovidio Rodas Corzo,Fecha de nacimiento,1906-01-01,guatemala
Ovidio Rodas Corzo,Ocupación,editor,guatemala
Lisandro Sandoval,Ocupación,escritor,guatemala
Lisandro Sandoval,Ciudadanía,Guatemala,guatemala
Lisandro Sandoval,Miembro de,Academia de Geografía e Historia de Guatemala,guatemala
Lisandro Sandoval,Fecha de nacimiento,1862-01-01,guatemala
Lisandro Sandoval,Ocupación,profesor,guatemala
Lisandro Sandoval,Ocupación,ingeniero,guatemala
Ignacio Zúñiga Corres,Ocupación,historiador,guatemala
Ignacio Zúñiga Corres,Ciudadanía,Guatemala,guatemala
Ignacio Zúñiga Corres,Miembro de,Academia de Geografía e Historia de Guatemala,guatemala
María Cristina Zilbermann de Luján,Ocupación,historiador,guatemala
María Cristina Zilbermann de Luján,Ciudadanía,Guatemala,guatemala
María Cristina Zilbermann de Luján,Miembro de,Academia de Geografía e Historia de Guatemala,guatemala
María Cristina Zilbermann de Luján,Fecha de nacimiento,1939-01-01,guatemala
Arturo Valdés Oliva,Ocupación,historiador,guatemala
Arturo Valdés Oliva,Ciudadanía,Guatemala,guatemala
Arturo Valdés Oliva,Miembro de,Academia de Geografía e Historia de Guatemala,guatemala
Francisco Sánchez Latour,Ocupación,diplomático,guatemala
Francisco Sánchez Latour,Ciudadanía,Guatemala,guatemala
Francisco Sánchez Latour,Miembro de,Academia de Geografía e Historia de Guatemala,guatemala
Francisco Sánchez Latour,Fecha de nacimiento,1876-08-21,guatemala
Francisco Sánchez Latour,Fecha de defunción,1927-11-07,guatemala
Carlos Alfonso Álvarez-Lobos Villatoro,Ocupación,historiador,guatemala
Carlos Alfonso Álvarez-Lobos Villatoro,Ciudadanía,Guatemala,guatemala
Carlos Alfonso Álvarez-Lobos Villatoro,Miembro de,Academia de Geografía e Historia de Guatemala,guatemala
Roberto Aycinena Echeverría,Ocupación,arquitecto,guatemala
Roberto Aycinena Echeverría,Ciudadanía,Guatemala,guatemala
Roberto Aycinena Echeverría,Miembro de,Academia de Geografía e Historia de Guatemala,guatemala
Roberto Aycinena Echeverría,Fecha de nacimiento,1917-01-01,guatemala
Roberto Aycinena Echeverría,Fecha de defunción,2006-01-01,guatemala
Luis Beltranena Sinibaldi,Ocupación,historiador,guatemala
Luis Beltranena Sinibaldi,Ciudadanía,Guatemala,guatemala
Luis Beltranena Sinibaldi,Miembro de,Academia de Geografía e Historia de Guatemala,guatemala
José Edgardo Cal Montoya,Ocupación,historiador,guatemala
José Edgardo Cal Montoya,Ciudadanía,Guatemala,guatemala
José Edgardo Cal Montoya,Educado en,Universidad Pablo de Olavide,guatemala
José Edgardo Cal Montoya,Empleador,Universidad de San Carlos de Guatemala,guatemala
José Edgardo Cal Montoya,Miembro de,Academia de Geografía e Historia de Guatemala,guatemala
genealogista,instancia de,profesión,guatemala
genealogista,subclase de,historiador,guatemala
genealogista,ámbito de la ocupación,genealogía,guatemala
genealogista,categoría principal del tema,Categoría:Genealogistas,guatemala
geógrafo,instancia de,profesión,guatemala
geógrafo,subclase de,científico de la Tierra,guatemala
geógrafo,ámbito de la ocupación,geografía,guatemala
geógrafo,categoría principal del tema,Categoría:Geógrafos,guatemala
Totonicapán,descrito en la fuente,Encyclopædia Britannica (11ª edición),guatemala
Totonicapán,país,Guatemala,guatemala
Totonicapán,instancia de,ciudad,guatemala
Totonicapán,instancia de,municipio de Guatemala,guatemala
Totonicapán,comparte fronteras con,Sololá,guatemala
pedagogo,instancia de,profesión,guatemala
pedagogo,subclase de,científico social,guatemala
pedagogo,ámbito de la ocupación,pedagogía,guatemala
pedagogo,categoría principal del tema,Categoría:Pedagogos,guatemala
epigrafista,instancia de,profesión,guatemala
epigrafista,subclase de,historiador,guatemala
epigrafista,subclase de,arqueólogo,guatemala
epigrafista,subclase de,filólogo,guatemala
epigrafista,ámbito de la ocupación,epigrafía,guatemala
agrónomo,instancia de,profesión,guatemala
agrónomo,instancia de,ocupación,guatemala
agrónomo,subclase de,ingeniero,guatemala
agrónomo,ámbito de la ocupación,agronomía,guatemala
editor,instancia de,título corporativo,guatemala
editor,instancia de,ocupación mediática,guatemala
editor,subclase de,autor,guatemala
editor,ámbito de la ocupación,edición,guatemala
Universidad Pablo de Olavide,categoría para las personas que estudiaron en esta institución,Categoría:Alumnado de la Universidad Pablo de Olavide,guatemala
Universidad Pablo de Olavide,país,España,guatemala
Universidad Pablo de Olavide,instancia de,universidad pública,guatemala
Universidad Pablo de Olavide,instancia de,editor de acceso abierto,guatemala
Luis Antonio Díaz Vasconcelos,Ocupación,historiador,guatemala
Luis Antonio Díaz Vasconcelos,Ciudadanía,Guatemala,guatemala
Luis Antonio Díaz Vasconcelos,Miembro de,Academia de Geografía e Historia de Guatemala,guatemala
Teresa Fernández Hall de Arévalo,Ocupación,escritor,guatemala
Teresa Fernández Hall de Arévalo,Ciudadanía,Guatemala,guatemala
Teresa Fernández Hall de Arévalo,Miembro de,Academia de Geografía e Historia de Guatemala,guatemala
Teresa Fernández Hall de Arévalo,Fecha de defunción,2012-01-01,guatemala
Francisco Ferrus Roig,Ocupación,historiador,guatemala
Francisco Ferrus Roig,Ciudadanía,Guatemala,guatemala
Francisco Ferrus Roig,Miembro de,Academia de Geografía e Historia de Guatemala,guatemala
José Garcia Bauer,Ocupación,historiador,guatemala
José Garcia Bauer,Ciudadanía,Guatemala,guatemala
José Garcia Bauer,Miembro de,Academia de Geografía e Historia de Guatemala,guatemala
Bárbara Knoke de Arathoon,Ocupación,historiador,guatemala
Bárbara Knoke de Arathoon,Ciudadanía,Guatemala,guatemala
Bárbara Knoke de Arathoon,Miembro de,Academia de Geografía e Historia de Guatemala,guatemala
Mariano López Mayorical,Ocupación,historiador,guatemala
Mariano López Mayorical,Ciudadanía,Guatemala,guatemala
Mariano López Mayorical,Miembro de,Academia de Geografía e Historia de Guatemala,guatemala
Guillermo Mata Amado,Ocupación,dentista,guatemala
Guillermo Mata Amado,Ciudadanía,Guatemala,guatemala
Guillermo Mata Amado,Miembro de,Academia de Geografía e Historia de Guatemala,guatemala
Guillermo Mata Amado,Fecha de nacimiento,1928-01-01,guatemala
Guillermo Mata Amado,Fecha de defunción,2018-01-01,guatemala
Guillermo Mata Amado,Ocupación,arqueólogo,guatemala
Pedro Pérez Valenzuela,Ocupación,historiador,guatemala
Pedro Pérez Valenzuela,Ciudadanía,Guatemala,guatemala
Pedro Pérez Valenzuela,Miembro de,Academia de Geografía e Historia de Guatemala,guatemala
Pedro Pérez Valenzuela,Fecha de nacimiento,1895-01-01,guatemala
Pedro Pérez Valenzuela,Fecha de defunción,1981-01-01,guatemala
José Luis Reyes Monroy,Ocupación,historiador,guatemala
José Luis Reyes Monroy,Ciudadanía,Guatemala,guatemala
José Luis Reyes Monroy,Miembro de,Academia de Geografía e Historia de Guatemala,guatemala
Flavio Rodas Noriega,Ocupación,etnólogo,guatemala
Flavio Rodas Noriega,Ciudadanía,Guatemala,guatemala
Flavio Rodas Noriega,Miembro de,Academia de Geografía e Historia de Guatemala,guatemala
Flavio Rodas Noriega,Fecha de nacimiento,1882-01-01,guatemala
José Rodríguez Cerna,Ocupación,historiador,guatemala
José Rodríguez Cerna,Ciudadanía,Guatemala,guatemala
José Rodríguez Cerna,Miembro de,Academia de Geografía e Historia de Guatemala,guatemala
José Rodríguez Cerna,Fecha de nacimiento,1885-01-01,guatemala
José Rodríguez Cerna,Fecha de defunción,1952-01-01,guatemala
Zoila Rodríguez Girón,Ocupación,historiador,guatemala
Zoila Rodríguez Girón,Ciudadanía,Guatemala,guatemala
Zoila Rodríguez Girón,Miembro de,Academia de Geografía e Historia de Guatemala,guatemala
León Yela,Ocupación,ingeniero,guatemala
León Yela,Ciudadanía,Guatemala,guatemala
León Yela,Miembro de,Academia de Geografía e Historia de Guatemala,guatemala
León Yela,Fecha de nacimiento,1885-01-01,guatemala
León Yela,Ocupación,topógrafo,guatemala
Mariano Zeceña,Ocupación,historiador,guatemala
Mariano Zeceña,Ciudadanía,Guatemala,guatemala
Mariano Zeceña,Miembro de,Academia de Geografía e Historia de Guatemala,guatemala
Coralia Anchisi de Rodríguez,Ocupación,historiador,guatemala
Coralia Anchisi de Rodríguez,Ciudadanía,Guatemala,guatemala
Coralia Anchisi de Rodríguez,Miembro de,Academia de Geografía e Historia de Guatemala,guatemala
Edu Linares,Lugar de nacimiento,Departamento de Guatemala,guatemala
Edu Linares,Ocupación,productor musical,guatemala
Edu Linares,Ciudadanía,Guatemala,guatemala
Edu Linares,Fecha de nacimiento,1991-05-18,guatemala
Ivana Batchelor,Lugar de nacimiento,Quetzaltenango,guatemala
Ivana Batchelor,Ocupación,traductor,guatemala
Ivana Batchelor,Ciudadanía,Guatemala,guatemala
Ivana Batchelor,Fecha de nacimiento,2000-10-28,guatemala
Ivana Batchelor,Ocupación,modelo,guatemala
Ivana Batchelor,Ocupación,bailarín,guatemala
Alejandro Enríquez,Lugar de nacimiento,Ciudad de Guatemala,guatemala
Alejandro Enríquez,Ocupación,jugador de squash,guatemala
Alejandro Enríquez,Ciudadanía,Guatemala,guatemala
Alejandro Enríquez,Fecha de nacimiento,2000-01-17,guatemala
Lowsan Melgar,Ocupación,cantante,guatemala
Lowsan Melgar,Ciudadanía,Guatemala,guatemala
Adrián Lorenzo Fernández,Lugar de nacimiento,Antigua Guatemala,guatemala
Adrián Lorenzo Fernández,Ocupación,futbolista,guatemala
Adrián Lorenzo Fernández,Ciudadanía,Guatemala,guatemala
Adrián Lorenzo Fernández,Fecha de nacimiento,1943-09-19,guatemala
dentista,instancia de,profesión sanitaria,guatemala
dentista,instancia de,ocupación,guatemala
dentista,instancia de,grupo de ocupaciones de la CIUO,guatemala
dentista,subclase de,médico,guatemala
dentista,subclase de,médico especialista,guatemala
etnólogo,instancia de,profesión,guatemala
etnólogo,instancia de,ocupación,guatemala
etnólogo,subclase de,antropólogo,guatemala
etnólogo,subclase de,científico social,guatemala
etnólogo,ámbito de la ocupación,etnología,guatemala
ingeniero,categoría relacionada,Categoría:Ingenieros químicos,guatemala
ingeniero,instancia de,profesión,guatemala
ingeniero,instancia de,cargo,guatemala
ingeniero,elemento operado,producto,guatemala
topógrafo,instancia de,profesión,guatemala
topógrafo,instancia de,cargo,guatemala
topógrafo,subclase de,cartógrafo,guatemala
topógrafo,subclase de,agrimensor,guatemala
topógrafo,ámbito de la ocupación,topografía,guatemala
Departamento de Guatemala,país,Guatemala,guatemala
Departamento de Guatemala,instancia de,departamento de Guatemala,guatemala
Departamento de Guatemala,capital,Ciudad de Guatemala,guatemala
Departamento de Guatemala,comparte fronteras con,Departamento de Baja Verapaz,guatemala
Departamento de Guatemala,comparte fronteras con,Departamento de Sacatepéquez,guatemala
productor musical,instancia de,profesión,guatemala
productor musical,subclase de,productor discográfico,guatemala
productor musical,subclase de,autor,guatemala
productor musical,ámbito de la ocupación,producción musical,guatemala
productor musical,diferente de,productor discográfico,guatemala
traductor,instancia de,profesión,guatemala
traductor,subclase de,escritor,guatemala
traductor,subclase de,mediador lingüístico,guatemala
traductor,ámbito de la ocupación,traducción,guatemala
jugador de squash,instancia de,ocupación,guatemala
jugador de squash,subclase de,deportista,guatemala
jugador de squash,subclase de,jugador competitivo,guatemala
jugador de squash,ámbito de la ocupación,squash,guatemala
jugador de squash,deporte,squash,guatemala
Tulio Omar Pérez Rivera,Lugar de nacimiento,Ciudad de Guatemala,guatemala
Tulio Omar Pérez Rivera,Ocupación,sacerdote católico,guatemala
Tulio Omar Pérez Rivera,Ciudadanía,Guatemala,guatemala
Tulio Omar Pérez Rivera,Cargo,obispo auxiliar,guatemala
Tulio Omar Pérez Rivera,Fecha de nacimiento,1977-09-14,guatemala
Tulio Omar Pérez Rivera,Ocupación,obispo católico,guatemala
Tulio Omar Pérez Rivera,Ocupación,diácono católico,guatemala
Tulio Omar Pérez Rivera,Cargo,obispo titular,guatemala
Octavio López Aguilar,Lugar de nacimiento,Ciudad de Guatemala,guatemala
Octavio López Aguilar,Ocupación,futbolista,guatemala
Octavio López Aguilar,Ciudadanía,Guatemala,guatemala
Octavio López Aguilar,Fecha de nacimiento,1948-03-25,guatemala
Jorge Alfredo Lemcke Arévalo,Lugar de nacimiento,Guatemala,guatemala
Jorge Alfredo Lemcke Arévalo,Ocupación,empresario,guatemala
Jorge Alfredo Lemcke Arévalo,Ciudadanía,Guatemala,guatemala
Jorge Alfredo Lemcke Arévalo,Educado en,Universidad de San Carlos de Guatemala,guatemala
Jorge Alfredo Lemcke Arévalo,Empleador,Ministerio de Relaciones Exteriores de Guatemala,guatemala
Jorge Alfredo Lemcke Arévalo,Fecha de nacimiento,1953-10-16,guatemala
Jorge Alfredo Lemcke Arévalo,Ocupación,diplomático,guatemala
Leonora Árbenz,Lugar de nacimiento,San Salvador,guatemala
Leonora Árbenz,Ciudadanía,Guatemala,guatemala
Leonora Árbenz,Fecha de nacimiento,1942-04-26,guatemala
Leonora Árbenz,Fecha de defunción,2004-03-01,guatemala
Leonora Árbenz,Ciudadanía,El Salvador,guatemala
Silvia Valdés,Lugar de nacimiento,Ciudad de Guatemala,guatemala
Silvia Valdés,Ocupación,abogado,guatemala
Silvia Valdés,Ciudadanía,Guatemala,guatemala
Silvia Valdés,Educado en,Pontificia Universidad Javeriana,guatemala
Silvia Valdés,Cargo,Magistrado de la Corte Suprema de Justicia de Guatemala,guatemala
Silvia Valdés,Fecha de nacimiento,1953-06-03,guatemala
Silvia Valdés,Ocupación,magistrado,guatemala
Silvia Valdés,Educado en,Universidad Mariano Gálvez de Guatemala,guatemala
Silvia Valdés,Cargo,Presidente del Organismo Judicial de Guatemala,guatemala
Leyli Santizo,Ocupación,abogado,guatemala
Leyli Santizo,Ciudadanía,Guatemala,guatemala
Eva Siomara Sosa,Ocupación,abogado,guatemala
Eva Siomara Sosa,Ciudadanía,Guatemala,guatemala
Eva Siomara Sosa,Fecha de nacimiento,1975-02-09,guatemala
Eva Siomara Sosa,Ocupación,fiscal,guatemala
Ricardo Méndez Ruiz,Ciudadanía,Guatemala,guatemala
Ricardo Méndez Ruiz,Miembro de,Fundación contra el Terrorismo,guatemala
Ricardo Méndez Ruíz Rohrmoser,Ocupación,militar,guatemala
Ricardo Méndez Ruíz Rohrmoser,Ciudadanía,Guatemala,guatemala
Ricardo Méndez Ruíz Rohrmoser,Cargo,ministro de la Gobernación,guatemala
Ricardo Méndez Ruíz Rohrmoser,Fecha de defunción,2016-01-01,guatemala
Rafael Curruchiche,Ocupación,abogado,guatemala
Rafael Curruchiche,Ciudadanía,Guatemala,guatemala
Rafael Curruchiche,Ocupación,fiscal,guatemala
Carmen Catarina Peneleu,Ocupación,psicólogo,guatemala
Carmen Catarina Peneleu,Ciudadanía,Guatemala,guatemala
José Ardón,Lugar de nacimiento,Villa Canales,guatemala
José Ardón,Ocupación,futbolista,guatemala
José Ardón,Ciudadanía,Guatemala,guatemala
José Ardón,Fecha de nacimiento,2000-01-20,guatemala
Astrid Gramajo,Lugar de nacimiento,Departamento de Baja Verapaz,guatemala
Astrid Gramajo,Ocupación,árbitro de fútbol,guatemala
Astrid Gramajo,Ciudadanía,Guatemala,guatemala
Astrid Gramajo,Fecha de nacimiento,1901-01-01,guatemala
Mariela SR Coline Fanon,Ocupación,escritor,guatemala
Mariela SR Coline Fanon,Ciudadanía,Guatemala,guatemala
Mariela SR Coline Fanon,Miembro de,Raíces Perdidas,guatemala
Mariela SR Coline Fanon,Fecha de nacimiento,1986-01-01,guatemala
Mariela SR Coline Fanon,Ocupación,activista por los derechos humanos,guatemala
Edwin Martinez Cameros,Ocupación,político,guatemala
Edwin Martinez Cameros,Ciudadanía,Guatemala,guatemala
Edwin Martinez Cameros,Cargo,Ministro de Finanzas Públicas,guatemala
Fredy Pérez,Lugar de nacimiento,Nueva Concepción,guatemala
Fredy Pérez,Ocupación,futbolista,guatemala
Fredy Pérez,Ciudadanía,Guatemala,guatemala
Fredy Pérez,Fecha de nacimiento,1994-12-09,guatemala
Kenderson Navarro,Lugar de nacimiento,Cuilapa,guatemala
Kenderson Navarro,Ocupación,futbolista,guatemala
Kenderson Navarro,Ciudadanía,Guatemala,guatemala
Kenderson Navarro,Fecha de nacimiento,2002-02-25,guatemala
Gerson Barrios Garrido,Ocupación,político,guatemala
Gerson Barrios Garrido,Ciudadanía,Guatemala,guatemala
Gerson Barrios Garrido,Cargo,Ministro de Ambiente y Recursos Naturales de Guatemala,guatemala
Héctor Cana Rivera,Ocupación,político,guatemala
Héctor Cana Rivera,Ciudadanía,Guatemala,guatemala
Héctor Cana Rivera,Cargo,Ministro de Desarrollo Social de Guatemala,guatemala
Brandon Dávila,Ocupación,futbolista,guatemala
Brandon Dávila,Ciudadanía,Guatemala,guatemala
Brandon Dávila,Fecha de nacimiento,1996-02-29,guatemala
Ministerio de Relaciones Exteriores de Guatemala,país,Guatemala,guatemala
Ministerio de Relaciones Exteriores de Guatemala,instancia de,ministerio de relaciones exteriores,guatemala
Ministerio de Relaciones Exteriores de Guatemala,campo de trabajo,relaciones internacionales,guatemala
Ministerio de Relaciones Exteriores de Guatemala,aplica a la jurisdicción,Guatemala,guatemala
Ministerio de Relaciones Exteriores de Guatemala,cargo ocupado por el dirigente,Ministro de Relaciones Exteriores de Guatemala,guatemala
El Salvador,país,El Salvador,guatemala
El Salvador,jefe de gobierno,Nayib Bukele,guatemala
El Salvador,continente,América del Norte,guatemala
El Salvador,instancia de,país,guatemala
El Salvador,instancia de,estado soberano,guatemala
Pontificia Universidad Javeriana,categoría para las personas que estudiaron en esta institución,Categoría:Alumnado de la Pontificia Universidad Javeriana,guatemala
Pontificia Universidad Javeriana,categoría para empleados de la organización,Categoría:Profesores de la Pontificia Universidad Javeriana,guatemala
Pontificia Universidad Javeriana,financiador,Open Society Foundations,guatemala
Pontificia Universidad Javeriana,país,Colombia,guatemala
Magistrado de la Corte Suprema de Justicia de Guatemala,país,Guatemala,guatemala
Magistrado de la Corte Suprema de Justicia de Guatemala,instancia de,cargo,guatemala
Magistrado de la Corte Suprema de Justicia de Guatemala,subclase de,magistrado,guatemala
Magistrado de la Corte Suprema de Justicia de Guatemala,forma parte de,Corte Suprema de Justicia de Guatemala,guatemala
Fundación contra el Terrorismo,país,Guatemala,guatemala
Fundación contra el Terrorismo,instancia de,asociación voluntaria,guatemala
ministro de la Gobernación,subclase de,ministro,guatemala
psicólogo,elemento ejemplo,psicólogo clínico,guatemala
psicólogo,instancia de,profesión,guatemala
psicólogo,instancia de,grupo de ocupaciones de la CIUO,guatemala
Departamento de Baja Verapaz,país,Guatemala,guatemala
Departamento de Baja Verapaz,instancia de,departamento de Guatemala,guatemala
Departamento de Baja Verapaz,capital,Salamá,guatemala
Departamento de Baja Verapaz,comparte fronteras con,Departamento de Alta Verapaz,guatemala
Departamento de Baja Verapaz,comparte fronteras con,Departamento de Quiché,guatemala
Raíces Perdidas,instancia de,club,guatemala
Raíces Perdidas,presidente,Mariela SR Coline Fanon,guatemala
Ministro de Finanzas Públicas,instancia de,cargo público,guatemala
Ministro de Finanzas Públicas,subclase de,ministro,guatemala
Ministro de Finanzas Públicas,forma parte de,Consejo de Ministros de Guatemala,guatemala
Ministro de Finanzas Públicas,aplica a la jurisdicción,Guatemala,guatemala
Ministro de Finanzas Públicas,organización dirigida desde este cargo,Ministerio de Finanzas Públicas de Guatemala,guatemala
Nueva Concepción,país,Guatemala,guatemala
Nueva Concepción,instancia de,municipio de Guatemala,guatemala
Nueva Concepción,comparte fronteras con,Santa Lucía Cotzumalguapa,guatemala
Nueva Concepción,comparte fronteras con,Tiquisate,guatemala
Nueva Concepción,comparte fronteras con,La Gomera,guatemala
Cuilapa,país,Guatemala,guatemala
Cuilapa,instancia de,municipio de Guatemala,guatemala
Cuilapa,comparte fronteras con,Chiquimulilla,guatemala
Cuilapa,comparte fronteras con,Santa María Ixhuatán,guatemala
Cuilapa,comparte fronteras con,Pueblo Nuevo Viñas,guatemala
Ministro de Ambiente y Recursos Naturales de Guatemala,instancia de,cargo público,guatemala
Ministro de Ambiente y Recursos Naturales de Guatemala,subclase de,ministro,guatemala
Ministro de Ambiente y Recursos Naturales de Guatemala,forma parte de,Consejo de Ministros de Guatemala,guatemala
Ministro de Ambiente y Recursos Naturales de Guatemala,aplica a la jurisdicción,Guatemala,guatemala
Ministro de Ambiente y Recursos Naturales de Guatemala,organización dirigida desde este cargo,Ministerio de Ambiente y Recursos Naturales de Guatemala,guatemala
Ministro de Desarrollo Social de Guatemala,instancia de,cargo público,guatemala
Ministro de Desarrollo Social de Guatemala,subclase de,ministro,guatemala
Ministro de Desarrollo Social de Guatemala,forma parte de,Consejo de Ministros de Guatemala,guatemala
Ministro de Desarrollo Social de Guatemala,aplica a la jurisdicción,Guatemala,guatemala
Ministro de Desarrollo Social de Guatemala,organización dirigida desde este cargo,Ministerio de Desarrollo Social de Guatemala,guatemala
Alejandro Córdova Herrera,Lugar de nacimiento,Ciudad de Guatemala,guatemala
Alejandro Córdova Herrera,Ocupación,abogado,guatemala
Alejandro Córdova Herrera,Ciudadanía,Guatemala,guatemala
Alejandro Córdova Herrera,Educado en,Universidad de San Carlos de Guatemala,guatemala
Alejandro Córdova Herrera,Cargo,Procurador de los Derechos Humanos de Guatemala,guatemala
Alejandro Córdova Herrera,Fecha de nacimiento,1969-11-25,guatemala
Alejandro Córdova Herrera,Ocupación,funcionario,guatemala
Alejandro Córdova Herrera,Ocupación,magistrado,guatemala
Rodolfo Espinosa,Lugar de nacimiento,Nueva York,guatemala
Rodolfo Espinosa,Ocupación,actor,guatemala
Rodolfo Espinosa,Ciudadanía,Guatemala,guatemala
Rodolfo Espinosa,Educado en,Universidad de San Carlos de Guatemala,guatemala
Rodolfo Espinosa,Obra notable,Aquí me quedo,guatemala
Rodolfo Espinosa,Fecha de nacimiento,1981-06-28,guatemala
Rodolfo Espinosa,Ocupación,cineasta,guatemala
Rodolfo Espinosa,Ocupación,director de cine,guatemala
Rodolfo Espinosa,Ocupación,productor de cine,guatemala
Jorge Raúl Cruz Villagrán,Lugar de nacimiento,Ciudad de Guatemala,guatemala
Jorge Raúl Cruz Villagrán,Ciudadanía,Guatemala,guatemala
Jorge Raúl Cruz Villagrán,Fecha de nacimiento,1980-09-12,guatemala
Manuel Estuardo Roldán Barillas,Ocupación,diplomático,guatemala
Manuel Estuardo Roldán Barillas,Ciudadanía,Guatemala,guatemala
Manuel Estuardo Roldán Barillas,Cargo,embajador en Canadá,guatemala
Manuel Estuardo Roldán Barillas,Fecha de nacimiento,1963-12-31,guatemala
Manuel Estuardo Roldán Barillas,Cargo,embajador en la República de Austria,guatemala
Manuel Estuardo Roldán Barillas,Cargo,embajador en Japón,guatemala
Manuel Estuardo Roldán Barillas,Cargo,embajador en Brasil,guatemala
Manuel Estuardo Roldán Barillas,Cargo,embajador de Guatemala,guatemala
Manuel Estuardo Roldán Barillas,Cargo,embajador en Belice,guatemala
Manuel Estuardo Roldán Barillas,Cargo,representante permanente en la agencia internacional de la energía atómica,guatemala
Héctor Cifuentes,Ocupación,abogado,guatemala
Héctor Cifuentes,Ciudadanía,Guatemala,guatemala
Héctor Cifuentes,Educado en,Universidad de San Carlos de Guatemala,guatemala
Héctor Cifuentes,Cargo,Diputado del Congreso de Guatemala,guatemala
Héctor Cifuentes,Fecha de nacimiento,1951-01-01,guatemala
Héctor Cifuentes,Ocupación,político,guatemala
Héctor Cifuentes,Ocupación,funcionario,guatemala
Tatiana M. Alonzo,Lugar de nacimiento,Departamento de Petén,guatemala
Tatiana M. Alonzo,Ocupación,escritor,guatemala
Tatiana M. Alonzo,Ciudadanía,Guatemala,guatemala
Tatiana M. Alonzo,Fecha de nacimiento,1988-02-18,guatemala
Miguel Ángel Martínez Méndez,Lugar de nacimiento,Yupiltepeque,guatemala
Miguel Ángel Martínez Méndez,Ocupación,sacerdote católico,guatemala
Miguel Ángel Martínez Méndez,Ciudadanía,Guatemala,guatemala
Miguel Ángel Martínez Méndez,Cargo,vicario apostólico,guatemala
Miguel Ángel Martínez Méndez,Fecha de nacimiento,1959-05-05,guatemala
Miguel Ángel Martínez Méndez,Ocupación,obispo católico,guatemala
Máximo Santa Cruz,Ocupación,político,guatemala
Máximo Santa Cruz,Ciudadanía,Guatemala,guatemala
Máximo Santa Cruz,Fecha de nacimiento,1968-01-01,guatemala
Máximo Santa Cruz,Ocupación,diplomático,guatemala
Máximo Santa Cruz,Ocupación,comunicador,guatemala
Máximo Santa Cruz,Ocupación,consultor,guatemala
Máximo Santa Cruz,Ocupación,analista político,guatemala
Álvaro Sagone,Lugar de nacimiento,Ciudad de Guatemala,guatemala
Álvaro Sagone,Ocupación,actor,guatemala
Álvaro Sagone,Ciudadanía,Guatemala,guatemala
Álvaro Sagone,Fecha de nacimiento,1979-02-13,guatemala
Rudio Lecsan Mérida,Lugar de nacimiento,Guatemala,guatemala
Rudio Lecsan Mérida,Ocupación,político,guatemala
Rudio Lecsan Mérida,Ciudadanía,Guatemala,guatemala
Rudio Lecsan Mérida,Cargo,Diputado del Congreso de Guatemala,guatemala
Rudio Lecsan Mérida,Fecha de nacimiento,1961-07-06,guatemala
Ricardo Sagastume,Lugar de nacimiento,Ciudad de Guatemala,guatemala
Ricardo Sagastume,Ocupación,abogado,guatemala
Ricardo Sagastume,Ciudadanía,Guatemala,guatemala
Ricardo Sagastume,Educado en,Universidad Francisco Marroquín,guatemala
Ricardo Sagastume,Fecha de nacimiento,1958-04-27,guatemala
Ricardo Sagastume,Ocupación,político,guatemala
Luis Lam Padilla,Lugar de nacimiento,Guatemala,guatemala
Luis Lam Padilla,Ocupación,abogado,guatemala
Luis Lam Padilla,Ciudadanía,Guatemala,guatemala
Luis Lam Padilla,Fecha de nacimiento,1981-01-01,guatemala
Luis Lam Padilla,Ocupación,político,guatemala
Luis Lam Padilla,Ocupación,diplomático,guatemala
Luis Lam Padilla,Ocupación,soldado,guatemala
Amílcar Pop,Lugar de nacimiento,Cobán,guatemala
Amílcar Pop,Ocupación,abogado,guatemala
Amílcar Pop,Ciudadanía,Guatemala,guatemala
Amílcar Pop,Educado en,Universidad de San Carlos de Guatemala,guatemala
Amílcar Pop,Miembro de,Grupo de Puebla,guatemala
Amílcar Pop,Cargo,Diputado del Congreso de Guatemala,guatemala
Amílcar Pop,Fecha de nacimiento,1977-10-03,guatemala
Amílcar Pop,Ocupación,político,guatemala
Amílcar Pop,Ocupación,activista por los derechos humanos,guatemala
Francisco Arredondo,Lugar de nacimiento,Ciudad de Guatemala,guatemala
Francisco Arredondo,Ocupación,médico,guatemala
Francisco Arredondo,Ciudadanía,Guatemala,guatemala
Francisco Arredondo,Educado en,Universidad de San Carlos de Guatemala,guatemala
Francisco Arredondo,Fecha de nacimiento,1949-12-05,guatemala
Francisco Arredondo,Ocupación,político,guatemala
Francisco Arredondo,Ocupación,profesor universitario,guatemala
Francisco Arredondo,Ocupación,académico,guatemala
Francisco Arredondo,Educado en,Colegio Médico de Wisconsin,guatemala
Raquel Zelaya,Lugar de nacimiento,Ciudad de Guatemala,guatemala
Raquel Zelaya,Ocupación,político,guatemala
Raquel Zelaya,Ciudadanía,Guatemala,guatemala
Raquel Zelaya,Educado en,Universidad Rafael Landívar,guatemala
Raquel Zelaya,Fecha de nacimiento,1945-01-01,guatemala
Raquel Zelaya,Ocupación,economista,guatemala
Raquel Zelaya,Ocupación,analista,guatemala
Raquel Zelaya,Ocupación,activista por los derechos humanos,guatemala
Raquel Zelaya,Ocupación,profesor universitario,guatemala
Karin Herrera,Lugar de nacimiento,Ciudad de Guatemala,guatemala
Karin Herrera,Ocupación,político,guatemala
Karin Herrera,Ciudadanía,Guatemala,guatemala
Karin Herrera,Educado en,Universidad Pontificia de Salamanca,guatemala
Karin Herrera,Fecha de nacimiento,1967-07-25,guatemala
Karin Herrera,Ocupación,profesor universitario,guatemala
Karin Herrera,Ocupación,químico biólogo,guatemala
Karin Herrera,Educado en,Universidad de San Carlos de Guatemala,guatemala
Karin Herrera,Educado en,Universidad del Valle de Guatemala,guatemala
Carlos Contreras Solórzano,Lugar de nacimiento,Ciudad de Guatemala,guatemala
Carlos Contreras Solórzano,Ocupación,abogado,guatemala
Carlos Contreras Solórzano,Ciudadanía,Guatemala,guatemala
Carlos Contreras Solórzano,Educado en,Universidad de San Carlos de Guatemala,guatemala
Carlos Contreras Solórzano,Fecha de nacimiento,1958-03-09,guatemala
Carlos Contreras Solórzano,Ocupación,político,guatemala
Hugo Montoya,Lugar de nacimiento,Ciudad de Guatemala,guatemala
Hugo Montoya,Ocupación,futbolista,guatemala
Hugo Montoya,Ciudadanía,Guatemala,guatemala
Hugo Montoya,Fecha de nacimiento,1941-08-07,guatemala
Matilda Noriega,Ocupación,escritor,guatemala
Matilda Noriega,Ciudadanía,Guatemala,guatemala
Sammy Morales,Lugar de nacimiento,Ciudad de Guatemala,guatemala
Sammy Morales,Ocupación,actor,guatemala
Sammy Morales,Ciudadanía,Guatemala,guatemala
Sammy Morales,Fecha de nacimiento,1967-05-19,guatemala
Sammy Morales,Ocupación,escritor,guatemala
Sammy Morales,Ocupación,político,guatemala
Sammy Morales,Ocupación,director de cine,guatemala
Sammy Morales,Ocupación,productor de cine,guatemala
Procurador de los Derechos Humanos de Guatemala,país,Guatemala,guatemala
Procurador de los Derechos Humanos de Guatemala,instancia de,cargo público,guatemala
Procurador de los Derechos Humanos de Guatemala,instancia de,organismo público,guatemala
Procurador de los Derechos Humanos de Guatemala,instancia de,cargo,guatemala
Procurador de los Derechos Humanos de Guatemala,campo de trabajo,derechos humanos,guatemala
Nueva York,jefe de gobierno,Eric Adams,guatemala
Nueva York,país,Estados Unidos,guatemala
Nueva York,continente,América del Norte,guatemala
Nueva York,instancia de,ciudad,guatemala
Nueva York,instancia de,megaciudad,guatemala
Aquí me quedo,instancia de,película,guatemala
Aquí me quedo,director,Rodolfo Espinosa,guatemala
Aquí me quedo,género,cine de humor negro,guatemala
Aquí me quedo,idioma de la película o programa de televisión,español,guatemala
Aquí me quedo,país de origen,Guatemala,guatemala
embajador en Canadá,país,Canadá,guatemala
embajador en Canadá,instancia de,clase de embajadores en un país,guatemala
embajador en Canadá,subclase de,embajador en un país,guatemala
embajador en Canadá,opuesto a,alto comisionado de Canadá,guatemala
embajador en Canadá,categoría principal del tema,Categoría:Embajadores en Canadá,guatemala
embajador en la República de Austria,país,Austria,guatemala
embajador en la República de Austria,instancia de,clase de embajadores en un país,guatemala
embajador en la República de Austria,subclase de,embajador en un país,guatemala
embajador en la República de Austria,opuesto a,embajador de la República de Austria,guatemala
embajador en la República de Austria,categoría principal del tema,Categoría:Embajadores en Austria,guatemala
Departamento de Petén,categoría de personas relacionadas,Categoría:Personas del departamento de Petén,guatemala
Departamento de Petén,idioma usado,quekchí,guatemala
Departamento de Petén,idioma usado,itzá,guatemala
Departamento de Petén,idioma usado,mopán,guatemala
Departamento de Petén,país,Guatemala,guatemala
Yupiltepeque,país,Guatemala,guatemala
Yupiltepeque,instancia de,municipio de Guatemala,guatemala
Yupiltepeque,comparte fronteras con,Jerez,guatemala
Yupiltepeque,comparte fronteras con,Atescatempa,guatemala
Yupiltepeque,comparte fronteras con,Zapotitlán,guatemala
vicario apostólico,instancia de,cargo eclesiástico,guatemala
vicario apostólico,instancia de,vocación católica,guatemala
vicario apostólico,subclase de,obispo,guatemala
vicario apostólico,subclase de,vicario,guatemala
vicario apostólico,subclase de,vicario episcopal,guatemala
Grupo de Puebla,instancia de,organización,guatemala
Grupo de Puebla,fundador,José Mujica,guatemala
Grupo de Puebla,fundador,Rafael Correa,guatemala
Grupo de Puebla,fundador,Luiz Inácio Lula da Silva,guatemala
Grupo de Puebla,fundador,Dilma Rousseff,guatemala
médico,lista de interés para el proyecto Wikimedia,Wikipedia:Lista de artículos que toda Wikipedia debería tener/Expandida,guatemala
Universidad Pontificia de Salamanca,país,España,guatemala
Universidad Pontificia de Salamanca,instancia de,universidad privada,guatemala
Universidad Pontificia de Salamanca,instancia de,universidad pontificia,guatemala
Universidad Pontificia de Salamanca,instancia de,editor de acceso abierto,guatemala
Universidad Pontificia de Salamanca,situado en la entidad territorial administrativa,Salamanca,guatemala
Mario Méndez Montenegro,Lugar de nacimiento,Chiquimulilla,guatemala
Mario Méndez Montenegro,Ocupación,político,guatemala
Mario Méndez Montenegro,Ciudadanía,Guatemala,guatemala
Mario Méndez Montenegro,Educado en,Universidad de San Carlos de Guatemala,guatemala
Mario Méndez Montenegro,Cargo,Alcalde de Guatemala,guatemala
Mario Méndez Montenegro,Fecha de nacimiento,1910-11-30,guatemala
Mario Méndez Montenegro,Fecha de defunción,1965-10-31,guatemala
Gloria Hernández,Lugar de nacimiento,Guatemala,guatemala
Gloria Hernández,Ocupación,escritor,guatemala
Gloria Hernández,Ciudadanía,Guatemala,guatemala
Gloria Hernández,Educado en,Universidad de San Carlos de Guatemala,guatemala
Gloria Hernández,Empleador,Alfaguara,guatemala
Gloria Hernández,Miembro de,Academia Guatemalteca de la Lengua,guatemala
Gloria Hernández,Cargo,tesorero,guatemala
Gloria Hernández,Premio recibido,Premio Nacional de Literatura de Guatemala,guatemala
Gloria Hernández,Fecha de nacimiento,1960-10-13,guatemala
Gloria Hernández,Ocupación,poeta,guatemala
Gloria Hernández,Ocupación,novelista,guatemala
Gloria Hernández,Ocupación,escritor de cuentos,guatemala
Gloria Hernández,Educado en,Universidad Rafael Landívar,guatemala
Gloria Hernández,Empleador,Grupo Editorial Norma,guatemala
Gloria Hernández,Miembro de,Asociación de Academias de la Lengua Española,guatemala
Gloria Hernández,Miembro de,Ministerio de Cultura y Deportes de Guatemala,guatemala
Gloria Hernández,Cargo,catedrático de universidad,guatemala
Katheryn Patá,Lugar de nacimiento,Ciudad de Guatemala,guatemala
Katheryn Patá,Ocupación,músico,guatemala
Katheryn Patá,Ciudadanía,Guatemala,guatemala
Katheryn Patá,Ocupación,tatuador,guatemala
Katheryn Patá,Ocupación,gestor cultural,guatemala
Giovanni Reyes,Lugar de nacimiento,Ciudad de Guatemala,guatemala
Giovanni Reyes,Ocupación,economista,guatemala
Giovanni Reyes,Ciudadanía,Guatemala,guatemala
Giovanni Reyes,Educado en,Universidad de San Carlos de Guatemala,guatemala
Giovanni Reyes,Ocupación,profesor universitario,guatemala
Giovanni Reyes,Ocupación,ingeniero agrónomo,guatemala
Ninotchka Matute,Lugar de nacimiento,Ciudad de Guatemala,guatemala
Ninotchka Matute,Ocupación,arquitecto,guatemala
Ninotchka Matute,Ciudadanía,Guatemala,guatemala
Ninotchka Matute,Educado en,Universidad de Chile,guatemala
Ninotchka Matute,Fecha de nacimiento,1967-01-26,guatemala
Ninotchka Matute,Ocupación,político,guatemala
Ninotchka Matute,Ocupación,urbanista,guatemala
Ninotchka Matute,Educado en,Universidad Rafael Landívar,guatemala
Armando Castillo,Lugar de nacimiento,Nebaj,guatemala
Armando Castillo,Ocupación,empresario,guatemala
Armando Castillo,Ciudadanía,Guatemala,guatemala
Armando Castillo,Fecha de nacimiento,1965-09-27,guatemala
Armando Castillo,Ocupación,político,guatemala
Juan Francisco Solórzano Foppa,Ocupación,abogado,guatemala
Juan Francisco Solórzano Foppa,Ciudadanía,Guatemala,guatemala
Juan Francisco Solórzano Foppa,Educado en,Universidad Rafael Landívar,guatemala
Juan Francisco Solórzano Foppa,Miembro de,Colegio de Abogados y Notarios de Guatemala,guatemala
Juan Francisco Solórzano Foppa,Ocupación,político,guatemala
Juan Francisco Solórzano Foppa,Ocupación,fiscal,guatemala
Katheryn Patá,Ocupación,artista visual,guatemala
Magda Eunice Sánchez,Lugar de nacimiento,Ciudad de Guatemala,guatemala
Magda Eunice Sánchez,Ocupación,pintor,guatemala
Magda Eunice Sánchez,Ciudadanía,Guatemala,guatemala
Magda Eunice Sánchez,Ocupación,escultor,guatemala
Magda Eunice Sánchez,Ocupación,ceramista,guatemala
Magda Eunice Sánchez,Ocupación,dibujante,guatemala
Magda Eunice Sánchez,Ocupación,acuarelista,guatemala
Maya Juracán,Ocupación,curador,guatemala
Maya Juracán,Ciudadanía,Guatemala,guatemala
Maya Juracán,Fecha de nacimiento,1987-09-04,guatemala
Maya Juracán,Ocupación,historiador,guatemala
Maya Juracán,Ocupación,activista,guatemala
Sharon van Tuylen,Ocupación,biólogo,guatemala
Sharon van Tuylen,Ciudadanía,Guatemala,guatemala
Sharon van Tuylen,Miembro de,Organización para las Mujeres en Ciencia para el Mundo en Desarrollo,guatemala
Sharon van Tuylen,Ocupación,recolector de plantas,guatemala
Sharon van Tuylen,Ocupación,recolector científico,guatemala
Zabdi Lopez,Ocupación,conservador de museo,guatemala
Zabdi Lopez,Ciudadanía,Guatemala,guatemala
Zabdi Lopez,Educado en,Universidad del Sureste de Noruega,guatemala
Zabdi Lopez,Empleador,Instituto Polar Noruego,guatemala
Zabdi Lopez,Ocupación,biólogo,guatemala
Zabdi Lopez,Ocupación,profesor universitario,guatemala
Zabdi Lopez,Ocupación,ecólogo,guatemala
Zabdi Lopez,Ocupación,recolector científico,guatemala
Zabdi Lopez,Empleador,Universidad del Valle de Guatemala,guatemala
Acisclo Valladares Molina,Lugar de nacimiento,Ciudad de Guatemala,guatemala
Acisclo Valladares Molina,Ocupación,abogado,guatemala
Acisclo Valladares Molina,Ciudadanía,Guatemala,guatemala
Acisclo Valladares Molina,Educado en,Universidad de Salamanca,guatemala
Acisclo Valladares Molina,Fecha de nacimiento,1946-09-17,guatemala
Acisclo Valladares Molina,Ocupación,político,guatemala
Acisclo Valladares Molina,Ocupación,diplomático,guatemala
Acisclo Valladares Molina,Educado en,Pontificia Universidad Gregoriana,guatemala
Acisclo Valladares Molina,Educado en,Universidad de San Carlos de Guatemala,guatemala
Karina Paz,Lugar de nacimiento,Ciudad de Guatemala,guatemala
Karina Paz,Ocupación,político,guatemala
Karina Paz,Ciudadanía,Guatemala,guatemala
Karina Paz,Educado en,Universidad Francisco Marroquín,guatemala
Karina Paz,Cargo,Diputado del Congreso de Guatemala,guatemala
Karina Paz,Fecha de nacimiento,1987-07-28,guatemala
Karina Paz,Educado en,Pontificia Universidad Católica de Chile,guatemala
Lucrecia Marroquín,Lugar de nacimiento,Ciudad de Guatemala,guatemala
Lucrecia Marroquín,Ocupación,político,guatemala
Lucrecia Marroquín,Ciudadanía,Guatemala,guatemala
Lucrecia Marroquín,Cargo,Diputado del Congreso de Guatemala,guatemala
Lucrecia Marroquín,Fecha de nacimiento,1951-07-26,guatemala
Ligia Hernández,Ocupación,abogado,guatemala
Ligia Hernández,Ciudadanía,Guatemala,guatemala
Ligia Hernández,Cargo,Diputado del Congreso de Guatemala,guatemala
Ligia Hernández,Fecha de nacimiento,1981-09-26,guatemala
Ligia Hernández,Ocupación,político,guatemala
Patricia Sandoval,Lugar de nacimiento,Pasaco,guatemala
Patricia Sandoval,Ocupación,político,guatemala
Patricia Sandoval,Ciudadanía,Guatemala,guatemala
Patricia Sandoval,Fecha de nacimiento,1984-05-01,guatemala
Hugo Rodríguez Chinchilla,Lugar de nacimiento,Guatemala,guatemala
Hugo Rodríguez Chinchilla,Ocupación,político,guatemala
Hugo Rodríguez Chinchilla,Ciudadanía,Guatemala,guatemala
Hugo Rodríguez Chinchilla,Cargo,Diputado del Congreso de Guatemala,guatemala
Hugo Rodríguez Chinchilla,Fecha de nacimiento,1975-10-05,guatemala
Hugo Rodríguez Chinchilla,Fecha de defunción,2023-04-05,guatemala
Jonathan Franco,Lugar de nacimiento,Ciudad de Guatemala,guatemala
Jonathan Franco,Ocupación,futbolista,guatemala
Jonathan Franco,Ciudadanía,Guatemala,guatemala
Jonathan Franco,Fecha de nacimiento,2003-07-26,guatemala
Jorge Mario García,Lugar de nacimiento,Ciudad de Guatemala,guatemala
Jorge Mario García,Ocupación,empresario,guatemala
Jorge Mario García,Ciudadanía,Guatemala,guatemala
Jorge Mario García,Educado en,Universidad de San Carlos de Guatemala,guatemala
Jorge Mario García,Fecha de nacimiento,1976-01-01,guatemala
Jorge Mario García,Ocupación,político,guatemala
Jorge Mario García,Ocupación,agente de bolsa,guatemala
Rogelio Flores,Lugar de nacimiento,Ciudad de Guatemala,guatemala
Rogelio Flores,Ocupación,futbolista,guatemala
Rogelio Flores,Ciudadanía,Guatemala,guatemala
Rogelio Flores,Fecha de nacimiento,1954-05-17,guatemala
Giovanni Reyes,Ocupación,político,guatemala
Giovanni Reyes,Educado en,Universidad de Pittsburgh,guatemala
Chiquimulilla,país,Guatemala,guatemala
Chiquimulilla,instancia de,municipio de Guatemala,guatemala
Chiquimulilla,comparte fronteras con,Pasaco,guatemala
Chiquimulilla,comparte fronteras con,Cuilapa,guatemala
Chiquimulilla,comparte fronteras con,Santa María Ixhuatán,guatemala
Alcalde de Guatemala,país,Guatemala,guatemala
Alcalde de Guatemala,instancia de,cargo público,guatemala
Alcalde de Guatemala,subclase de,alcalde,guatemala
Alcalde de Guatemala,categoría principal del tema,Categoría:Alcaldes de la Ciudad de Guatemala,guatemala
Alcalde de Guatemala,aplica a la jurisdicción,Ciudad de Guatemala,guatemala
Alfaguara,país,España,guatemala
Alfaguara,instancia de,editorial,guatemala
Alfaguara,fundador,Camilo José Cela,guatemala
Alfaguara,fundador,Jesús Huarte Beaumont,guatemala
Alfaguara,propiedad de,Penguin Random House Grupo Editorial,guatemala
tatuador,instancia de,profesión,guatemala
tatuador,subclase de,artista visual,guatemala
tatuador,ámbito de la ocupación,tatuaje,guatemala
tatuador,categoría principal del tema,Categoría:Tatuadores,guatemala
gestor cultural,instancia de,profesión,guatemala
gestor cultural,instancia de,cargo,guatemala
gestor cultural,instancia de,ocupación,guatemala
gestor cultural,subclase de,productor,guatemala
gestor cultural,subclase de,administrador,guatemala
Universidad de Chile,categoría para las personas que estudiaron en esta institución,Categoría:Alumnado de la Universidad de Chile,guatemala
Universidad de Chile,categoría para empleados de la organización,Categoría:Profesores de la Universidad de Chile,guatemala
Universidad de Chile,confiere,magíster en ciencias con mención en computación,guatemala
Universidad de Chile,país,Chile,guatemala
Nebaj,país,Guatemala,guatemala
Nebaj,instancia de,municipio de Guatemala,guatemala
Nebaj,comparte fronteras con,Santa Eulalia,guatemala
Nebaj,comparte fronteras con,San Juan Cotzal,guatemala
Nebaj,comparte fronteras con,San Juan Ixcoy,guatemala
Colegio de Abogados y Notarios de Guatemala,país,Guatemala,guatemala
Colegio de Abogados y Notarios de Guatemala,instancia de,club,guatemala
Colegio de Abogados y Notarios de Guatemala,instancia de,colegio profesional,guatemala
ceramista,instancia de,profesión,guatemala
ceramista,instancia de,ocupación,guatemala
ceramista,subclase de,artesano,guatemala
ceramista,subclase de,artista visual,guatemala
curador,instancia de,parentesco civil,guatemala
curador,instancia de,cargo,guatemala
curador,subclase de,comisionado,guatemala
curador,subclase de,representante,guatemala
biólogo,instancia de,profesión,guatemala
biólogo,subclase de,científico,guatemala
biólogo,ámbito de la ocupación,biología,guatemala
Organización para las Mujeres en Ciencia para el Mundo en Desarrollo,instancia de,asociación profesional,guatemala
Organización para las Mujeres en Ciencia para el Mundo en Desarrollo,instancia de,asociación de mujeres,guatemala
Organización para las Mujeres en Ciencia para el Mundo en Desarrollo,instancia de,organización de las Naciones Unidas,guatemala
Organización para las Mujeres en Ciencia para el Mundo en Desarrollo,ubicación de la sede,Trieste,guatemala
Organización para las Mujeres en Ciencia para el Mundo en Desarrollo,miembro de,Consejo Científico Internacional,guatemala
recolector científico,instancia de,ocupación,guatemala
recolector científico,subclase de,coleccionista,guatemala
Universidad del Sureste de Noruega,país,Noruega,guatemala
Universidad del Sureste de Noruega,instancia de,universidad,guatemala
Universidad del Sureste de Noruega,instancia de,organización,guatemala
Universidad del Sureste de Noruega,situado en la entidad territorial administrativa,Bø,guatemala
Universidad del Sureste de Noruega,situado en la entidad territorial administrativa,Midt-Telemark,guatemala
Instituto Polar Noruego,país,Noruega,guatemala
Instituto Polar Noruego,instancia de,agencia cartográfica nacional,guatemala
Instituto Polar Noruego,instancia de,editor de acceso abierto,guatemala
Pasaco,país,Guatemala,guatemala
Pasaco,instancia de,municipio de Guatemala,guatemala
Pasaco,comparte fronteras con,Chiquimulilla,guatemala
Pasaco,situado en la entidad territorial administrativa,Departamento de Jutiapa,guatemala
Pasaco,santo patrón,Francisco de Asís,guatemala
Próspero Penados del Barrio,Lugar de nacimiento,Flores,guatemala
Próspero Penados del Barrio,Ocupación,sacerdote católico,guatemala
Próspero Penados del Barrio,Ciudadanía,Guatemala,guatemala
Próspero Penados del Barrio,Educado en,Pontificia Universidad Gregoriana,guatemala
Próspero Penados del Barrio,Cargo,obispo auxiliar,guatemala
Próspero Penados del Barrio,Fecha de nacimiento,1925-08-28,guatemala
Próspero Penados del Barrio,Fecha de defunción,2005-05-13,guatemala
Próspero Penados del Barrio,Ocupación,obispo católico,guatemala
Próspero Penados del Barrio,Cargo,obispo titular,guatemala
Próspero Penados del Barrio,Cargo,obispo diocesano,guatemala
Próspero Penados del Barrio,Cargo,arzobispo de Santiago de Guatemala,guatemala
Rafael Castillo Valdez,Ocupación,político,guatemala
Rafael Castillo Valdez,Ciudadanía,Guatemala,guatemala
Rafael Castillo Valdez,Cargo,Presidente del Congreso de la República de Guatemala,guatemala
Rafael Castillo Valdez,Fecha de nacimiento,1928-01-15,guatemala
Rafael Castillo Valdez,Fecha de defunción,2015-03-17,guatemala
Rafael Castillo Valdez,Ocupación,diplomático,guatemala
Rafael Castillo Valdez,Cargo,Diputado del Congreso de Guatemala,guatemala
Ramiro Ponce Monroy,Lugar de nacimiento,Chiquimula,guatemala
Ramiro Ponce Monroy,Ocupación,político,guatemala
Ramiro Ponce Monroy,Ciudadanía,Guatemala,guatemala
Ramiro Ponce Monroy,Educado en,Universidad de San Carlos de Guatemala,guatemala
Ramiro Ponce Monroy,Cargo,vicepresidente de Guatemala,guatemala
Ramiro Ponce Monroy,Fecha de nacimiento,1923-02-28,guatemala
Ramiro Ponce Monroy,Fecha de defunción,2010-12-25,guatemala
Ramiro Ponce Monroy,Cargo,Ministro de Economía de Guatemala,guatemala
Ramiro Ponce Monroy,Cargo,Alcalde de Guatemala,guatemala
Raúl Aguilar Batres,Lugar de nacimiento,Ciudad de Guatemala,guatemala
Raúl Aguilar Batres,Ocupación,ingeniero civil,guatemala
Raúl Aguilar Batres,Ciudadanía,Guatemala,guatemala
Raúl Aguilar Batres,Educado en,Universidad de San Carlos de Guatemala,guatemala
Raúl Aguilar Batres,Fecha de nacimiento,1910-12-01,guatemala
Raúl Aguilar Batres,Fecha de defunción,1964-05-13,guatemala
René Romano,Lugar de nacimiento,Ciudad de Guatemala,guatemala
René Romano,Ocupación,escritor,guatemala
René Romano,Ciudadanía,Guatemala,guatemala
René Romano,Fecha de nacimiento,1974-03-06,guatemala
Ricardo Alfonso Cerna,Lugar de nacimiento,Ciudad de Guatemala,guatemala
Ricardo Alfonso Cerna,Ocupación,criminal,guatemala
Ricardo Alfonso Cerna,Ciudadanía,Guatemala,guatemala
Ricardo Alfonso Cerna,Fecha de nacimiento,1956-08-08,guatemala
Ricardo Alfonso Cerna,Fecha de defunción,2003-12-19,guatemala
Ricardo Falla Sánchez,Lugar de nacimiento,Ciudad de Guatemala,guatemala
Ricardo Falla Sánchez,Ocupación,activista por los derechos humanos,guatemala
Ricardo Falla Sánchez,Ciudadanía,Guatemala,guatemala
Ricardo Falla Sánchez,Educado en,Universidad de Costa Rica,guatemala
Ricardo Falla Sánchez,Fecha de nacimiento,1932-08-30,guatemala
Ricardo Falla Sánchez,Ocupación,antropólogo,guatemala
Ricardo Falla Sánchez,Educado en,Pontificia Universidad Católica del Ecuador,guatemala
Rita Sanz-Agero,Lugar de nacimiento,Ciudad de Guatemala,guatemala
Rita Sanz-Agero,Ocupación,pentatleta moderno,guatemala
Rita Sanz-Agero,Ciudadanía,Guatemala,guatemala
Rita Sanz-Agero,Fecha de nacimiento,1991-11-08,guatemala
Roberto Granados,Ocupación,nadador,guatemala
Roberto Granados,Ciudadanía,Guatemala,guatemala
Roberto Granados,Fecha de nacimiento,1968-08-18,guatemala
Roberto González Goyri,Lugar de nacimiento,Ciudad de Guatemala,guatemala
Roberto González Goyri,Ocupación,pintor,guatemala
Roberto González Goyri,Ciudadanía,Guatemala,guatemala
Roberto González Goyri,Educado en,Liga de estudiantes de arte de Nueva York,guatemala
Roberto González Goyri,Miembro de,Academia de Geografía e Historia de Guatemala,guatemala
Roberto González Goyri,Fecha de nacimiento,1924-01-01,guatemala
Roberto González Goyri,Fecha de defunción,2007-11-13,guatemala
Roberto González Goyri,Ocupación,escultor,guatemala
Roberto González Goyri,Ocupación,coreógrafo,guatemala
Roberto González Goyri,Ocupación,realizador,guatemala
Roberto González Goyri,Ocupación,bailarín,guatemala
Roberto Herrera Ibarguen,Ocupación,político,guatemala
Roberto Herrera Ibarguen,Ciudadanía,Guatemala,guatemala
Roberto Herrera Ibarguen,Premio recibido,Gran Cruz de la Orden del Mérito Civil,guatemala
Roberto Herrera Ibarguen,Fecha de nacimiento,1921-10-11,guatemala
Roberto Herrera Ibarguen,Fecha de defunción,2015-01-02,guatemala
Roberto Taylor,Lugar de nacimiento,Guatemala,guatemala
Roberto Taylor,Ocupación,futbolista,guatemala
Roberto Taylor,Ciudadanía,Guatemala,guatemala
Roberto Taylor,Educado en,University of New Haven,guatemala
Roberto Taylor,Fecha de nacimiento,1949-08-28,guatemala
Rodolfo Abularach,Lugar de nacimiento,Ciudad de Guatemala,guatemala
Rodolfo Abularach,Ocupación,pintor,guatemala
Rodolfo Abularach,Ciudadanía,Guatemala,guatemala
Rodolfo Abularach,Premio recibido,Beca Guggenheim,guatemala
Rodolfo Abularach,Fecha de nacimiento,1933-01-07,guatemala
Rodolfo Abularach,Fecha de defunción,2020-08-30,guatemala
Rodolfo Abularach,Ocupación,profesor universitario,guatemala
Rodolfo Abularach,Ocupación,grabador,guatemala
Rodolfo Abularach,Ocupación,dibujante,guatemala
Rodolfo Abularach,Ocupación,litógrafo,guatemala
Rodolfo Robles Valverde,Lugar de nacimiento,Quetzaltenango,guatemala
Rodolfo Robles Valverde,Ocupación,médico,guatemala
Rodolfo Robles Valverde,Ciudadanía,Guatemala,guatemala
Rodolfo Robles Valverde,Educado en,Sorbonne Universidad de París,guatemala
Rodolfo Robles Valverde,Fecha de nacimiento,1878-01-14,guatemala
Rodolfo Robles Valverde,Fecha de defunción,1939-11-08,guatemala
Rubén Soberón,Lugar de nacimiento,Ciudad de Guatemala,guatemala
Rubén Soberón,Ocupación,esgrimista,guatemala
Rubén Soberón,Ciudadanía,Guatemala,guatemala
Rubén Soberón,Fecha de nacimiento,1909-06-26,guatemala
Rubén Soberón,Fecha de defunción,1999-09-07,guatemala
Sandra Torres,Lugar de nacimiento,Melchor de Mencos,guatemala
Sandra Torres,Ocupación,político,guatemala
Sandra Torres,Ciudadanía,Guatemala,guatemala
Sandra Torres,Educado en,Universidad Rafael Landívar,guatemala
Sandra Torres,Cargo,Primera Dama de Guatemala,guatemala
Sandra Torres,Fecha de nacimiento,1955-10-05,guatemala
Sandy Montenegro Littlefield,Lugar de nacimiento,Guatemala,guatemala
Sandy Montenegro Littlefield,Ocupación,empresario,guatemala
Sandy Montenegro Littlefield,Ciudadanía,Guatemala,guatemala
Sandy Montenegro Littlefield,Educado en,Universidad Harvard,guatemala
Sandy Montenegro Littlefield,Empleador,Siebel Systems,guatemala
Sandy Montenegro Littlefield,Educado en,Escuela de Negocios Harvard,guatemala
Saturnino Rustrián,Ocupación,ciclista,guatemala
Saturnino Rustrián,Ciudadanía,Guatemala,guatemala
Saturnino Rustrián,Fecha de nacimiento,1942-11-29,guatemala
Saturnino Rustrián,Fecha de defunción,2013-07-14,guatemala
Selvyn Ponciano,Lugar de nacimiento,Guatemala,guatemala
Selvyn Ponciano,Ocupación,futbolista,guatemala
Selvyn Ponciano,Ciudadanía,Guatemala,guatemala
Selvyn Ponciano,Fecha de nacimiento,1973-07-18,guatemala
Sergio Guevara,Lugar de nacimiento,Ciudad de Guatemala,guatemala
Sergio Guevara,Ocupación,futbolista,guatemala
Sergio Guevara,Ciudadanía,Guatemala,guatemala
Sergio Guevara,Fecha de nacimiento,1973-07-07,guatemala
ingeniero civil,instancia de,profesión,guatemala
ingeniero civil,instancia de,grado académico,guatemala
ingeniero civil,instancia de,grupo de ocupaciones de la CIUO,guatemala
ingeniero civil,subclase de,ingeniero,guatemala
criminal,instancia de,clase social,guatemala
criminal,instancia de,ocupación,guatemala
criminal,subclase de,malhechor,guatemala
criminal,subclase de,persona vinculada al derecho,guatemala
criminal,ámbito de la ocupación,crimen,guatemala
Universidad de Costa Rica,país,Costa Rica,guatemala
Universidad de Costa Rica,instancia de,universidad,guatemala
Universidad de Costa Rica,instancia de,editor de acceso abierto,guatemala
Universidad de Costa Rica,situado en la entidad territorial administrativa,Cantón de Montes de Oca,guatemala
Universidad de Costa Rica,filial,"Vicerrectoría de Investigación, Universidad de Costa Rica",guatemala
pentatleta moderno,instancia de,profesión,guatemala
pentatleta moderno,subclase de,deportista,guatemala
pentatleta moderno,ámbito de la ocupación,pentatlón moderno,guatemala
pentatleta moderno,deporte,pentatlón moderno,guatemala
pentatleta moderno,categoría principal del tema,Categoría:Pentatletas modernos,guatemala
Liga de estudiantes de arte de Nueva York,país,Estados Unidos,guatemala
Liga de estudiantes de arte de Nueva York,instancia de,academia de bellas artes,guatemala
Liga de estudiantes de arte de Nueva York,instancia de,recinto artístico,guatemala
Liga de estudiantes de arte de Nueva York,fundador,Helena de Kay Gilder,guatemala
Liga de estudiantes de arte de Nueva York,situado en la entidad territorial administrativa,Nueva York,guatemala
Gran Cruz de la Orden del Mérito Civil,país,España,guatemala
Gran Cruz de la Orden del Mérito Civil,instancia de,grado de una orden,guatemala
Gran Cruz de la Orden del Mérito Civil,subclase de,Gran Cruz,guatemala
Gran Cruz de la Orden del Mérito Civil,forma parte de,Orden del Mérito Civil,guatemala
Gran Cruz de la Orden del Mérito Civil,categoría principal del tema,Categoría:Grandes cruces de la Orden del Mérito Civil,guatemala
Melchor de Mencos,país,Guatemala,guatemala
Melchor de Mencos,instancia de,ciudad fronteriza,guatemala
Melchor de Mencos,instancia de,municipio de Guatemala,guatemala
Melchor de Mencos,comparte fronteras con,México,guatemala
Melchor de Mencos,comparte fronteras con,Belice,guatemala
Primera Dama de Guatemala,país,Guatemala,guatemala
Primera Dama de Guatemala,instancia de,título,guatemala
Primera Dama de Guatemala,instancia de,cargo,guatemala
Primera Dama de Guatemala,residencia oficial,Casa Presidencial de Guatemala,guatemala
Primera Dama de Guatemala,residencia oficial,Palacio Nacional de la Cultura,guatemala
Siebel Systems,país,Estados Unidos,guatemala
Siebel Systems,instancia de,progicial,guatemala
Siebel Systems,instancia de,negocio,guatemala
Siebel Systems,instancia de,empresa,guatemala
Siebel Systems,fundador,Thomas Siebel,guatemala
Sergio Sánchez (tirador),Ocupación,tirador,guatemala
Sergio Sánchez (tirador),Ciudadanía,Guatemala,guatemala
Sergio Sánchez (tirador),Fecha de nacimiento,1970-08-22,guatemala
Sergio Sánchez (tirador),Ocupación,pentatleta,guatemala
Teodoro Palacios,Lugar de nacimiento,Ciudad de Guatemala,guatemala
Teodoro Palacios,Ocupación,atleta,guatemala
Teodoro Palacios,Ciudadanía,Guatemala,guatemala
Teodoro Palacios,Fecha de nacimiento,1939-01-07,guatemala
Teodoro Palacios,Fecha de defunción,2019-08-17,guatemala
Uwaldo Pérez,Lugar de nacimiento,Ciudad de Guatemala,guatemala
Uwaldo Pérez,Ocupación,futbolista,guatemala
Uwaldo Pérez,Ciudadanía,Guatemala,guatemala
Uwaldo Pérez,Fecha de nacimiento,1979-10-25,guatemala
Virgilio Rodríguez Beteta,Lugar de nacimiento,Ciudad de Guatemala,guatemala
Virgilio Rodríguez Beteta,Ocupación,abogado,guatemala
Virgilio Rodríguez Beteta,Ciudadanía,Guatemala,guatemala
Virgilio Rodríguez Beteta,Educado en,Universidad de San Carlos de Guatemala,guatemala
Virgilio Rodríguez Beteta,Miembro de,Academia de Geografía e Historia de Guatemala,guatemala
Virgilio Rodríguez Beteta,Fecha de nacimiento,1885-03-10,guatemala
Virgilio Rodríguez Beteta,Fecha de defunción,1967-03-23,guatemala
Virgilio Rodríguez Beteta,Ocupación,historiador,guatemala
Víctor Hugo Monzón,Lugar de nacimiento,Ciudad de Guatemala,guatemala
Víctor Hugo Monzón,Ocupación,entrenador,guatemala
Víctor Hugo Monzón,Ciudadanía,Guatemala,guatemala
Víctor Hugo Monzón,Fecha de nacimiento,1957-11-12,guatemala
Víctor Hugo Monzón,Ocupación,futbolista,guatemala
Víctor Manuel Gutiérrez,Lugar de nacimiento,Departamento de Santa Rosa,guatemala
Víctor Manuel Gutiérrez,Ocupación,político,guatemala
Víctor Manuel Gutiérrez,Ciudadanía,Guatemala,guatemala
Víctor Manuel Gutiérrez,Fecha de nacimiento,1922-01-10,guatemala
Víctor Manuel Gutiérrez,Fecha de defunción,1966-03-06,guatemala
Víctor Manuel Gutiérrez,Ocupación,sindicalista,guatemala
Walter Nahún López,Lugar de nacimiento,La Labor,guatemala
Walter Nahún López,Ocupación,entrenador,guatemala
Walter Nahún López,Ciudadanía,Guatemala,guatemala
Walter Nahún López,Fecha de nacimiento,1977-09-01,guatemala
Walter Nahún López,Fecha de defunción,2015-08-09,guatemala
Walter Nahún López,Ocupación,futbolista,guatemala
Walter Nahún López,Ciudadanía,Honduras,guatemala
Wilfred Velásquez,Lugar de nacimiento,Tiquisate,guatemala
Wilfred Velásquez,Ocupación,futbolista,guatemala
Wilfred Velásquez,Ciudadanía,Guatemala,guatemala
Wilfred Velásquez,Fecha de nacimiento,1985-09-10,guatemala
Álvaro Morales,Lugar de nacimiento,Ciudad de Guatemala,guatemala
Álvaro Morales,Ocupación,periodista,guatemala
Álvaro Morales,Ciudadanía,Guatemala,guatemala
Álvaro Morales,Fecha de nacimiento,1980-06-14,guatemala
Álvaro Fortuny,Ocupación,nadador,guatemala
Álvaro Fortuny,Ciudadanía,Guatemala,guatemala
Álvaro Fortuny,Educado en,Universidad George Washington,guatemala
Álvaro Fortuny,Fecha de nacimiento,1979-06-17,guatemala
Álvaro Hurtarte,Lugar de nacimiento,Antigua Guatemala,guatemala
Álvaro Hurtarte,Ocupación,futbolista,guatemala
Álvaro Hurtarte,Ciudadanía,Guatemala,guatemala
Álvaro Hurtarte,Fecha de nacimiento,1981-12-24,guatemala
Álvaro Jiménez,Lugar de nacimiento,Antigua Guatemala,guatemala
Álvaro Jiménez,Ocupación,futbolista,guatemala
Álvaro Jiménez,Ciudadanía,Guatemala,guatemala
Álvaro Jiménez,Fecha de nacimiento,1974-11-24,guatemala
Ángel Sanabria,Lugar de nacimiento,Poptún,guatemala
Ángel Sanabria,Ocupación,futbolista,guatemala
Ángel Sanabria,Ciudadanía,Guatemala,guatemala
Ángel Sanabria,Fecha de nacimiento,1984-07-26,guatemala
Élmer Ponciano,Lugar de nacimiento,Ciudad de Guatemala,guatemala
Élmer Ponciano,Ocupación,futbolista,guatemala
Élmer Ponciano,Ciudadanía,Guatemala,guatemala
Élmer Ponciano,Fecha de nacimiento,1978-06-28,guatemala
Hunahpú,Ciudadanía,Guatemala,guatemala
Iván de León Rodríguez,Lugar de nacimiento,París,guatemala
Iván de León Rodríguez,Ocupación,pintor,guatemala
Iván de León Rodríguez,Ciudadanía,Guatemala,guatemala
Iván de León Rodríguez,Fecha de nacimiento,1955-05-15,guatemala
José Joaquín Palma,Lugar de nacimiento,Bayamo,guatemala
José Joaquín Palma,Ocupación,poeta,guatemala
José Joaquín Palma,Ciudadanía,Guatemala,guatemala
José Joaquín Palma,Fecha de nacimiento,1844-09-11,guatemala
José Joaquín Palma,Fecha de defunción,1911-08-02,guatemala
José Joaquín Palma,Ocupación,diplomático,guatemala
José Joaquín Palma,Ocupación,periodista,guatemala
Matías de Córdova,Lugar de nacimiento,Tapachula de Córdova y Ordóñez,guatemala
Matías de Córdova,Ocupación,escritor,guatemala
Matías de Córdova,Ciudadanía,Guatemala,guatemala
Matías de Córdova,Fecha de nacimiento,1768-01-01,guatemala
Matías de Córdova,Fecha de defunción,1828-01-01,guatemala
Matías de Córdova,Ocupación,periodista,guatemala
Matías de Córdova,Fecha de nacimiento,1768-04-20,guatemala
Matías de Córdova,Fecha de defunción,1829-10-17,guatemala
Tanya Zea,Lugar de nacimiento,Cobán,guatemala
Tanya Zea,Ocupación,compositor,guatemala
Tanya Zea,Ciudadanía,Guatemala,guatemala
Tanya Zea,Fecha de nacimiento,1953-02-25,guatemala
Tanya Zea,Ocupación,cantante,guatemala
Alfredo Mury,Lugar de nacimiento,Bex,guatemala
Alfredo Mury,Ocupación,tirador,guatemala
Alfredo Mury,Ciudadanía,Guatemala,guatemala
Alfredo Mury,Fecha de nacimiento,1908-12-03,guatemala
Alfredo Mury,Fecha de defunción,1997-07-14,guatemala
pentatleta,instancia de,ocupación,guatemala
pentatleta,subclase de,atleta de pruebas combinadas,guatemala
pentatleta,ámbito de la ocupación,pentatlón,guatemala
pentatleta,categoría principal del tema,Categoría:Pentatletas,guatemala
pentatleta,diferente de,pentatleta moderno,guatemala
Departamento de Santa Rosa,país,Guatemala,guatemala
Departamento de Santa Rosa,instancia de,departamento de Guatemala,guatemala
Departamento de Santa Rosa,capital,Cuilapa,guatemala
Departamento de Santa Rosa,idioma oficial,español,guatemala
Departamento de Santa Rosa,comparte fronteras con,Departamento de Guatemala,guatemala
La Labor,país,Honduras,guatemala
La Labor,instancia de,municipio de Honduras,guatemala
La Labor,situado en la entidad territorial administrativa,departamento de Ocotepeque,guatemala
París,jefe de gobierno,Anne Hidalgo,guatemala
París,país,Francia,guatemala
París,continente,Europa,guatemala
París,instancia de,departamento de Francia,guatemala
París,instancia de,megaciudad,guatemala
Bayamo,país,Cuba,guatemala
Bayamo,instancia de,ciudad,guatemala
Bayamo,instancia de,municipio de Cuba,guatemala
Bayamo,instancia de,gran ciudad,guatemala
Bayamo,fundador,Diego Velázquez de Cuéllar,guatemala
Tapachula de Córdova y Ordóñez,país,México,guatemala
Tapachula de Córdova y Ordóñez,instancia de,ciudad,guatemala
Tapachula de Córdova y Ordóñez,instancia de,gran ciudad,guatemala
Tapachula de Córdova y Ordóñez,instancia de,localidad de México,guatemala
Bex,jefe de gobierno,Pierre Rochat,guatemala
Bex,país,Suiza,guatemala
Bex,instancia de,gemeinde de Suiza,guatemala
Bex,idioma oficial,francés,guatemala
Bex,situado en la entidad territorial administrativa,Distrito de Aigle,guatemala
Universidad de Pittsburgh,país,Estados Unidos,guatemala
Universidad de Pittsburgh,instancia de,colaboración público–privada,guatemala
Universidad de Pittsburgh,instancia de,universidad privada,guatemala
Universidad de Pittsburgh,instancia de,universidad de investigación,guatemala
Universidad de Pittsburgh,instancia de,institución educativa pública de los Estados Unidos,guatemala
Pedro Zamora Álvarez,Lugar de nacimiento,Guatemala,guatemala
Pedro Zamora Álvarez,Ocupación,sindicalista,guatemala
Pedro Zamora Álvarez,Ciudadanía,Guatemala,guatemala
Pedro Zamora Álvarez,Fecha de nacimiento,1964-01-01,guatemala
Pedro Zamora Álvarez,Fecha de defunción,2007-01-15,guatemala
Pepe Mollinedo,Lugar de nacimiento,Ciudad de Guatemala,guatemala
Pepe Mollinedo,Ocupación,músico,guatemala
Pepe Mollinedo,Ciudadanía,Guatemala,guatemala
Pepe Mollinedo,Fecha de nacimiento,1973-04-02,guatemala
Manuel José Arce y Valladares,Lugar de nacimiento,Guatemala,guatemala
Manuel José Arce y Valladares,Ocupación,escritor,guatemala
Manuel José Arce y Valladares,Ciudadanía,Guatemala,guatemala
Manuel José Arce y Valladares,Fecha de nacimiento,1907-02-21,guatemala
Manuel José Arce y Valladares,Fecha de defunción,1970-01-01,guatemala
Manuel José Arce y Valladares,Ocupación,diplomático,guatemala
Lisandro Guarcax,Ciudadanía,Guatemala,guatemala
Lisandro Guarcax,Fecha de defunción,2010-01-01,guatemala
Fritz García-Gallont,Lugar de nacimiento,Ciudad de Guatemala,guatemala
Fritz García-Gallont,Ocupación,político,guatemala
Fritz García-Gallont,Ciudadanía,Guatemala,guatemala
Fritz García-Gallont,Cargo,"Ministro de Comunicaciones, Infraestructura y Vivienda",guatemala
Fritz García-Gallont,Fecha de nacimiento,1955-01-01,guatemala
Fritz García-Gallont,Cargo,Alcalde de Guatemala,guatemala
Juan Díaz (fraile),Lugar de nacimiento,Sonsonate,guatemala
Juan Díaz (fraile),Ocupación,escritor,guatemala
Juan Díaz (fraile),Ciudadanía,Guatemala,guatemala
Juan Díaz (fraile),Obra notable,Vida y virtudes del venerable fray Andrés del Valle,guatemala
Juan Díaz (fraile),Fecha de defunción,1651-01-01,guatemala
Juan Díaz (fraile),Ocupación,religioso cristiano,guatemala
Juan Díaz (fraile),Ciudadanía,El Salvador,guatemala
Juan Pedro Laporte,Ocupación,arqueólogo,guatemala
Juan Pedro Laporte,Ciudadanía,Guatemala,guatemala
Juan Pedro Laporte,Fecha de nacimiento,1945-08-07,guatemala
Juan Pedro Laporte,Fecha de defunción,2010-01-22,guatemala
Juan Pedro Laporte,Ocupación,antropólogo,guatemala
Paulina Schippers,Lugar de nacimiento,Ciudad de Guatemala,guatemala
Paulina Schippers,Ocupación,tenista,guatemala
Paulina Schippers,Ciudadanía,Guatemala,guatemala
Paulina Schippers,Educado en,Universidad de Auburn,guatemala
Paulina Schippers,Fecha de nacimiento,1991-04-02,guatemala
Fernando Carrera,Lugar de nacimiento,Ciudad de Guatemala,guatemala
Fernando Carrera,Ocupación,economista,guatemala
Fernando Carrera,Ciudadanía,Guatemala,guatemala
Fernando Carrera,Educado en,"Universidad Nacional, Costa Rica",guatemala
Fernando Carrera,Cargo,Ministro de Relaciones Exteriores de Guatemala,guatemala
Fernando Carrera,Fecha de nacimiento,1966-04-19,guatemala
Eduardo Stein,Lugar de nacimiento,Ciudad de Guatemala,guatemala
Eduardo Stein,Ocupación,político,guatemala
Eduardo Stein,Ciudadanía,Guatemala,guatemala
Eduardo Stein,Educado en,Liceo Javier,guatemala
Eduardo Stein,Cargo,vicepresidente de Guatemala,guatemala
Eduardo Stein,Premio recibido,Orden José Cecilio del Valle,guatemala
Eduardo Stein,Fecha de nacimiento,1945-10-20,guatemala
Eduardo Stein,Premio recibido,Orden de Vasco Núñez de Balboa,guatemala
Eduardo Stein,Premio recibido,Gran Cruz de la Orden de Isabel la Católica,guatemala
Eduardo Stein,Premio recibido,Gran Cruz de la Orden El Sol del Perú,guatemala
Eduardo Stein,Premio recibido,Banda de la Orden Mexicana del Águila Azteca,guatemala
Domingo Buezo Leiva,Ocupación,sacerdote católico,guatemala
Domingo Buezo Leiva,Ciudadanía,Guatemala,guatemala
Domingo Buezo Leiva,Cargo,obispo diocesano,guatemala
Domingo Buezo Leiva,Fecha de nacimiento,1962-12-12,guatemala
Domingo Buezo Leiva,Ocupación,obispo católico,guatemala
Domingo Buezo Leiva,Cargo,vicario apostólico,guatemala
Domingo Buezo Leiva,Cargo,obispo titular de Dardanus,guatemala
Mauricio Claudio Rosal,Ocupación,diplomático,guatemala
Mauricio Claudio Rosal,Ciudadanía,Guatemala,guatemala
Mauricio Claudio Rosal,Fecha de nacimiento,1912-12-23,guatemala
Mauricio Claudio Rosal,Fecha de defunción,1975-01-01,guatemala
Willi Kaltschmitt Luján,Lugar de nacimiento,San José,guatemala
Willi Kaltschmitt Luján,Ocupación,dirigente deportivo,guatemala
Willi Kaltschmitt Luján,Ciudadanía,Guatemala,guatemala
Willi Kaltschmitt Luján,Miembro de,Comité Olímpico Internacional,guatemala
Willi Kaltschmitt Luján,Fecha de nacimiento,1939-08-13,guatemala
Jonathan Solís,Ocupación,badmintonista,guatemala
Jonathan Solís,Ciudadanía,Guatemala,guatemala
Jonathan Solís,Premio recibido,campeón nacional,guatemala
Jonathan Solís,Fecha de nacimiento,1993-08-21,guatemala
Nikté Sotomayor,Lugar de nacimiento,Retalhuleu,guatemala
Nikté Sotomayor,Ocupación,badmintonista,guatemala
Nikté Sotomayor,Ciudadanía,Guatemala,guatemala
Nikté Sotomayor,Premio recibido,campeón nacional,guatemala
Nikté Sotomayor,Fecha de nacimiento,1994-07-01,guatemala
Nikté Sotomayor,Ocupación,deportista olímpico,guatemala
Ana Lucia de Leon,Ocupación,badmintonista,guatemala
Ana Lucia de Leon,Ciudadanía,Guatemala,guatemala
Ana Lucia de Leon,Fecha de nacimiento,1991-06-24,guatemala
Mayra Conde,Lugar de nacimiento,Ciudad de Guatemala,guatemala
Mayra Conde,Ocupación,luchador de artes marciales mixtas,guatemala
Mayra Conde,Ciudadanía,Guatemala,guatemala
Mayra Conde,Fecha de nacimiento,1969-01-28,guatemala
Marco Antonio Flores,Lugar de nacimiento,Guatemala,guatemala
Marco Antonio Flores,Ocupación,poeta,guatemala
Marco Antonio Flores,Ciudadanía,Guatemala,guatemala
Marco Antonio Flores,Educado en,United High School,guatemala
Marco Antonio Flores,Fecha de nacimiento,1937-01-01,guatemala
Marco Antonio Flores,Fecha de defunción,2013-07-26,guatemala
Adolfo Molina Orantes,Lugar de nacimiento,Ciudad de Guatemala,guatemala
Adolfo Molina Orantes,Ocupación,diplomático,guatemala
Adolfo Molina Orantes,Ciudadanía,Guatemala,guatemala
Adolfo Molina Orantes,Educado en,Universidad de San Carlos de Guatemala,guatemala
Adolfo Molina Orantes,Miembro de,Academia de Geografía e Historia de Guatemala,guatemala
Adolfo Molina Orantes,Cargo,Cruz de Honor de la Orden de San Raimundo de Peñafort,guatemala
Adolfo Molina Orantes,Premio recibido,Orden de Francisco Morazán,guatemala
Adolfo Molina Orantes,Fecha de nacimiento,1915-03-25,guatemala
Adolfo Molina Orantes,Fecha de defunción,1980-01-31,guatemala
Adolfo Molina Orantes,Premio recibido,Gran Cruz de la Orden de Isabel la Católica,guatemala
Adolfo Molina Orantes,Premio recibido,Gran Cruz de la Orden El Sol del Perú,guatemala
Adolfo Molina Orantes,Premio recibido,Cruz de Honor de la Orden de San Raimundo de Peñafort,guatemala
Ricardo Rosales,Lugar de nacimiento,Ciudad de Guatemala,guatemala
Ricardo Rosales,Ocupación,político,guatemala
Ricardo Rosales,Ciudadanía,Guatemala,guatemala
Ricardo Rosales,Educado en,Universidad de San Carlos de Guatemala,guatemala
Ricardo Rosales,Cargo,Diputado del Congreso de Guatemala,guatemala
Ricardo Rosales,Fecha de nacimiento,1934-02-14,guatemala
Ricardo Rosales,Fecha de defunción,2020-01-02,guatemala
"Ministro de Comunicaciones, Infraestructura y Vivienda",instancia de,cargo público,guatemala
"Ministro de Comunicaciones, Infraestructura y Vivienda",subclase de,ministro,guatemala
"Ministro de Comunicaciones, Infraestructura y Vivienda",forma parte de,Consejo de Ministros de Guatemala,guatemala
"Ministro de Comunicaciones, Infraestructura y Vivienda",aplica a la jurisdicción,Guatemala,guatemala
"Ministro de Comunicaciones, Infraestructura y Vivienda",organización dirigida desde este cargo,"Ministerio de Comunicaciones, Infraestructura y Vivienda de Guatemala",guatemala
arqueólogo,instancia de,profesión,guatemala
arqueólogo,instancia de,ocupación,guatemala
arqueólogo,subclase de,académico de humanidades,guatemala
arqueólogo,subclase de,académico de la cultura,guatemala
arqueólogo,santo patrón,Jerónimo,guatemala
Universidad de Auburn,país,Estados Unidos,guatemala
Universidad de Auburn,instancia de,universidad,guatemala
Universidad de Auburn,instancia de,Universidad de concesión de tierras,guatemala
Universidad de Auburn,instancia de,comunidad no incorporada en los Estados Unidos,guatemala
Universidad de Auburn,calendario académico,semestre,guatemala
"Universidad Nacional, Costa Rica",país,Costa Rica,guatemala
"Universidad Nacional, Costa Rica",instancia de,universidad,guatemala
"Universidad Nacional, Costa Rica",instancia de,editor de acceso abierto,guatemala
"Universidad Nacional, Costa Rica",situado en la entidad territorial administrativa,Heredia,guatemala
Liceo Javier,país,Guatemala,guatemala
Liceo Javier,instancia de,escuela,guatemala
Liceo Javier,orden religiosa,Compañía de Jesús,guatemala
obispo católico,instancia de,función episcopal,guatemala
obispo católico,instancia de,vocación católica,guatemala
obispo católico,religión,Iglesia católica,guatemala
obispo católico,subclase de,obispo,guatemala
obispo católico,subclase de,sacerdote,guatemala
San José,país,Guatemala,guatemala
San José,instancia de,asentamiento,guatemala
San José,instancia de,municipio de Guatemala,guatemala
San José,comparte fronteras con,Masagua,guatemala
San José,comparte fronteras con,Iztapa,guatemala
dirigente deportivo,instancia de,profesión,guatemala
dirigente deportivo,instancia de,cargo,guatemala
dirigente deportivo,instancia de,ocupación,guatemala
dirigente deportivo,subclase de,funcionario,guatemala
dirigente deportivo,subclase de,gerente,guatemala
Comité Olímpico Internacional,país,Suiza,guatemala
Comité Olímpico Internacional,instancia de,organización no gubernamental,guatemala
Comité Olímpico Internacional,instancia de,organización sin fines de lucro,guatemala
Comité Olímpico Internacional,instancia de,federación deportiva internacional,guatemala
Comité Olímpico Internacional,idioma oficial,francés,guatemala
campeón nacional,instancia de,título deportivo,guatemala
campeón nacional,instancia de,"título, grado o estatus",guatemala
campeón nacional,subclase de,campeón,guatemala
campeón nacional,subclase de,jugador competitivo,guatemala
luchador de artes marciales mixtas,instancia de,profesión,guatemala
luchador de artes marciales mixtas,subclase de,artista marcial,guatemala
luchador de artes marciales mixtas,ámbito de la ocupación,artes marciales mixtas,guatemala
luchador de artes marciales mixtas,categoría principal del tema,Categoría:Practicantes de artes marciales mixtas,guatemala
Luis Fuentes,Ocupación,luchador,guatemala
Luis Fuentes,Ciudadanía,Guatemala,guatemala
Luis Fuentes,Fecha de nacimiento,1946-09-27,guatemala
Angelina Acuña,Lugar de nacimiento,Jutiapa,guatemala
Angelina Acuña,Ocupación,escritor,guatemala
Angelina Acuña,Ciudadanía,Guatemala,guatemala
Angelina Acuña,Fecha de nacimiento,1906-01-31,guatemala
Angelina Acuña,Fecha de defunción,2006-06-14,guatemala
Angelina Acuña,Ocupación,poeta,guatemala
León Bilak Peritz,Ocupación,filatelista,guatemala
León Bilak Peritz,Ciudadanía,Guatemala,guatemala
León Bilak Peritz,Miembro de,Academia de Geografía e Historia de Guatemala,guatemala
León Bilak Peritz,Fecha de nacimiento,1903-01-01,guatemala
Oswaldo Méndez,Ocupación,deportista,guatemala
Oswaldo Méndez,Ciudadanía,Guatemala,guatemala
Oswaldo Méndez,Fecha de nacimiento,1956-12-18,guatemala
Rodrigo Leal,Ocupación,nadador,guatemala
Rodrigo Leal,Ciudadanía,Guatemala,guatemala
Rodrigo Leal,Educado en,Gordon Graydon Memorial Secondary School,guatemala
Rodrigo Leal,Fecha de nacimiento,1966-10-31,guatemala
Karen Slowing-Aceituno,Ocupación,nadador,guatemala
Karen Slowing-Aceituno,Ciudadanía,Guatemala,guatemala
Karen Slowing-Aceituno,Fecha de nacimiento,1968-12-22,guatemala
Rodrigo Díaz,Ocupación,nadador,guatemala
Rodrigo Díaz,Ciudadanía,Guatemala,guatemala
Rodrigo Díaz,Fecha de nacimiento,1984-03-12,guatemala
Teresita Collado,Lugar de nacimiento,Chinique,guatemala
Teresita Collado,Ocupación,atleta,guatemala
Teresita Collado,Ciudadanía,Guatemala,guatemala
Teresita Collado,Fecha de nacimiento,1971-11-20,guatemala
Juan Carlos Nájera,Ocupación,atleta,guatemala
Juan Carlos Nájera,Ciudadanía,Guatemala,guatemala
Juan Carlos Nájera,Educado en,Universidad de San Carlos de Guatemala,guatemala
Juan Carlos Nájera,Fecha de nacimiento,1981-02-13,guatemala
Julio César Urías,Ocupación,atleta,guatemala
Julio César Urías,Ciudadanía,Guatemala,guatemala
Julio César Urías,Fecha de nacimiento,1972-01-11,guatemala
Melanie Slowing,Lugar de nacimiento,Ciudad de Guatemala,guatemala
Melanie Slowing,Ocupación,nadador,guatemala
Melanie Slowing,Ciudadanía,Guatemala,guatemala
Melanie Slowing,Fecha de nacimiento,1973-01-10,guatemala
Paulette Samayoa,Lugar de nacimiento,Ciudad de Guatemala,guatemala
Paulette Samayoa,Ocupación,participante en concursos de belleza,guatemala
Paulette Samayoa,Ciudadanía,Guatemala,guatemala
Paulette Samayoa,Fecha de nacimiento,1990-01-17,guatemala
Marlon Sequen,Lugar de nacimiento,Ciudad de Guatemala,guatemala
Marlon Sequen,Ocupación,futbolista,guatemala
Marlon Sequen,Ciudadanía,Guatemala,guatemala
Marlon Sequen,Fecha de nacimiento,1993-06-23,guatemala
Pablo Junior Barros,Lugar de nacimiento,Quetzaltenango,guatemala
Pablo Junior Barros,Ocupación,futbolista,guatemala
Pablo Junior Barros,Ciudadanía,Guatemala,guatemala
Pablo Junior Barros,Fecha de nacimiento,1987-04-17,guatemala
José Orlando Alvarado,Lugar de nacimiento,Coatepeque,guatemala
José Orlando Alvarado,Ocupación,futbolista,guatemala
José Orlando Alvarado,Ciudadanía,Guatemala,guatemala
José Orlando Alvarado,Fecha de nacimiento,1989-03-05,guatemala
Kristian Guzman,Lugar de nacimiento,Quetzaltenango,guatemala
Kristian Guzman,Ocupación,futbolista,guatemala
Kristian Guzman,Ciudadanía,Guatemala,guatemala
Kristian Guzman,Fecha de nacimiento,1986-08-19,guatemala
José Hidalgo,Lugar de nacimiento,Mazatenango,guatemala
José Hidalgo,Ocupación,escritor,guatemala
José Hidalgo,Ciudadanía,Guatemala,guatemala
José Hidalgo,Premio recibido,Premio Copé,guatemala
José Hidalgo,Fecha de nacimiento,1989-01-01,guatemala
José Hidalgo,Ocupación,futbolista,guatemala
Margarita Carrera,Lugar de nacimiento,Ciudad de Guatemala,guatemala
Margarita Carrera,Ocupación,escritor,guatemala
Margarita Carrera,Ciudadanía,Guatemala,guatemala
Margarita Carrera,Educado en,Universidad de Iowa,guatemala
Margarita Carrera,Empleador,Universidad Autónoma de Madrid,guatemala
Margarita Carrera,Miembro de,Academia Guatemalteca de la Lengua,guatemala
Margarita Carrera,Premio recibido,Premio Nacional de Literatura de Guatemala,guatemala
Margarita Carrera,Fecha de nacimiento,1929-09-16,guatemala
Margarita Carrera,Fecha de defunción,2018-03-31,guatemala
Margarita Carrera,Ocupación,poeta,guatemala
Margarita Carrera,Ocupación,periodista,guatemala
Margarita Carrera,Educado en,Universidad de San Carlos de Guatemala,guatemala
Margarita Carrera,Educado en,Universidad Rafael Landívar,guatemala
Margarita Carrera,Educado en,Universidad del Valle de Guatemala,guatemala
Margarita Carrera,Miembro de,Academia Norteamericana de la Lengua Española,guatemala
Margarita Carrera,Miembro de,Real Academia Española,guatemala
René Maltez,Lugar de nacimiento,Chicacao,guatemala
René Maltez,Ocupación,futbolista,guatemala
René Maltez,Ciudadanía,Guatemala,guatemala
René Maltez,Fecha de nacimiento,1994-12-29,guatemala
Wilson Lalín,Lugar de nacimiento,Retalhuleu,guatemala
Wilson Lalín,Ocupación,futbolista,guatemala
Wilson Lalín,Ciudadanía,Guatemala,guatemala
Wilson Lalín,Fecha de nacimiento,1985-05-03,guatemala
filatelista,instancia de,ocupación,guatemala
filatelista,instancia de,término filatélico,guatemala
filatelista,subclase de,coleccionista,guatemala
filatelista,ámbito de la ocupación,filatelia,guatemala
filatelista,ámbito de la ocupación,coleccionismo de sellos,guatemala
Chinique,país,Guatemala,guatemala
Chinique,instancia de,municipio de Guatemala,guatemala
Chinique,comparte fronteras con,Santa Cruz del Quiché,guatemala
Chinique,comparte fronteras con,San Andrés Sajcabajá,guatemala
Chinique,comparte fronteras con,Zacualpa,guatemala
Premio Copé,país,Perú,guatemala
Premio Copé,instancia de,premio literario,guatemala
Premio Copé,patrocinador,Petroperú,guatemala
Universidad de Iowa,propietario de,Kinnick Stadium,guatemala
Universidad Autónoma de Madrid,país,España,guatemala
Universidad Autónoma de Madrid,instancia de,universidad pública,guatemala
Universidad Autónoma de Madrid,instancia de,editor de acceso abierto,guatemala
Universidad Autónoma de Madrid,situado en la entidad territorial administrativa,Madrid,guatemala
Universidad Autónoma de Madrid,filial,Instituto de Investigaciones Biomédicas Alberto Sols,guatemala
Chicacao,país,Guatemala,guatemala
Chicacao,instancia de,municipio de Guatemala,guatemala
Chicacao,comparte fronteras con,Santiago Atitlán,guatemala
Chicacao,comparte fronteras con,Santa Bárbara,guatemala
Chicacao,comparte fronteras con,san Antonio Suchitepéquez,guatemala
Luisa Ruano,Ocupación,periodista,guatemala
Luisa Ruano,Ciudadanía,Guatemala,guatemala
Liwy Grazioso,Ocupación,historiador,guatemala
Liwy Grazioso,Ciudadanía,Guatemala,guatemala
Liwy Grazioso,Educado en,Escuela Nacional de Antropología e Historia,guatemala
Liwy Grazioso,Ocupación,profesor universitario,guatemala
Liwy Grazioso,Ocupación,arqueólogo,guatemala
Henry Saenz,Ocupación,militar,guatemala
Henry Saenz,Ciudadanía,Guatemala,guatemala
Henry Saenz,Educado en,Universidad Galileo,guatemala
Rebeca Orellana,Ocupación,biólogo,guatemala
Rebeca Orellana,Ciudadanía,Guatemala,guatemala
Rebeca Orellana,Educado en,Universidad de San Carlos de Guatemala,guatemala
Rebeca Orellana,Empleador,Universidad de San Carlos de Guatemala,guatemala
Rebeca Orellana,Fecha de nacimiento,1962-01-01,guatemala
Rebeca Orellana,Fecha de defunción,2023-01-01,guatemala
Rebeca Orellana,Ocupación,recolector de plantas,guatemala
Norma Sancir,Ocupación,periodista,guatemala
Norma Sancir,Ciudadanía,Guatemala,guatemala
Cándido Macabi Véliz,Lugar de nacimiento,Guatemala,guatemala
Cándido Macabi Véliz,Ocupación,futbolista,guatemala
Cándido Macabi Véliz,Ciudadanía,Guatemala,guatemala
Cándido Macabi Véliz,Fecha de nacimiento,2000-01-01,guatemala
Cándido Macabi Véliz,Fecha de defunción,2023-04-29,guatemala
Kristhal André Figueroa Mansilla,Ocupación,periodista,guatemala
Kristhal André Figueroa Mansilla,Ciudadanía,Guatemala,guatemala
Kimberly Rocío López,Ocupación,periodista,guatemala
Kimberly Rocío López,Ciudadanía,Guatemala,guatemala
Ketzali Pérez,Ocupación,artista,guatemala
Ketzali Pérez,Ciudadanía,Guatemala,guatemala
Ketzali Pérez,Ocupación,periodista,guatemala
Karen Lucía Lara,Ocupación,diseñador gráfico,guatemala
Karen Lucía Lara,Ciudadanía,Guatemala,guatemala
Julie López,Lugar de nacimiento,Guatemala,guatemala
Julie López,Ocupación,periodista freelance,guatemala
Julie López,Ciudadanía,Guatemala,guatemala
Julie López,Fecha de nacimiento,1969-01-01,guatemala
Jovanna García Contreras,Lugar de nacimiento,Guatemala,guatemala
Jovanna García Contreras,Ocupación,fotógrafo,guatemala
Jovanna García Contreras,Ciudadanía,Guatemala,guatemala
Jovanna García Contreras,Fecha de nacimiento,1999-01-01,guatemala
Jovanna García Contreras,Ocupación,periodista,guatemala
Jeanelly Vásquez González,Ocupación,reportero,guatemala
Jeanelly Vásquez González,Ciudadanía,Guatemala,guatemala
Jeanelly Vásquez González,Ocupación,periodista de prensa escrita,guatemala
Irene García,Ocupación,fotoperiodista,guatemala
Irene García,Ciudadanía,Guatemala,guatemala
Irene García,Ocupación,periodista freelance,guatemala
Gaby Castillo,Lugar de nacimiento,Ciudad de Guatemala,guatemala
Gaby Castillo,Ocupación,productor de cine,guatemala
Gaby Castillo,Ciudadanía,Guatemala,guatemala
Gaby Castillo,Fecha de nacimiento,1984-01-01,guatemala
Gaby Castillo,Ocupación,activista por los derechos de las personas transgénero,guatemala
Mónica Estefanía Chub,Ocupación,activista LGBTI,guatemala
Mónica Estefanía Chub,Ciudadanía,Guatemala,guatemala
Francelia Solano,Ocupación,periodista,guatemala
Francelia Solano,Ciudadanía,Guatemala,guatemala
Evelyn Margarita Boche Ventura,Ocupación,periodista,guatemala
Evelyn Margarita Boche Ventura,Ciudadanía,Guatemala,guatemala
Evelin Vásquez,Ocupación,periodista,guatemala
Evelin Vásquez,Ciudadanía,Guatemala,guatemala
Estephany Raquel Arreaga Jiménez,Ocupación,fotoperiodista,guatemala
Estephany Raquel Arreaga Jiménez,Ciudadanía,Guatemala,guatemala
Escuela Nacional de Antropología e Historia,país,México,guatemala
Escuela Nacional de Antropología e Historia,instancia de,institución académica,guatemala
Escuela Nacional de Antropología e Historia,situado en la entidad territorial administrativa,Ciudad de México,guatemala
Escuela Nacional de Antropología e Historia,miembro de,Asociación Nacional de Universidades e Instituciones de Educación Superior,guatemala
Escuela Nacional de Antropología e Historia,organización matriz,Instituto Nacional de Antropología e Historia,guatemala
Universidad Galileo,país,Guatemala,guatemala
Universidad Galileo,instancia de,universidad,guatemala
Universidad Galileo,situado en la entidad territorial administrativa,Ciudad de Guatemala,guatemala
diseñador gráfico,instancia de,profesión,guatemala
diseñador gráfico,subclase de,diseñador,guatemala
diseñador gráfico,ámbito de la ocupación,diseño gráfico,guatemala
diseñador gráfico,categoría principal del tema,Categoría:Diseñadores gráficos,guatemala
diseñador gráfico,diferente de,artista gráfico,guatemala
periodista freelance,instancia de,profesión,guatemala
periodista freelance,instancia de,ocupación,guatemala
periodista freelance,subclase de,periodista,guatemala
reportero,instancia de,profesión,guatemala
reportero,instancia de,cargo,guatemala
reportero,subclase de,periodista,guatemala
reportero,ámbito de la ocupación,periodismo,guatemala
reportero,categoría principal del tema,Categoría:Corresponsales y enviados especiales,guatemala
periodista de prensa escrita,instancia de,profesión,guatemala
periodista de prensa escrita,subclase de,periodista,guatemala
periodista de prensa escrita,ámbito de la ocupación,prensa escrita,guatemala
fotoperiodista,instancia de,profesión,guatemala
fotoperiodista,instancia de,cargo,guatemala
fotoperiodista,subclase de,periodista,guatemala
fotoperiodista,subclase de,fotógrafo profesional,guatemala
fotoperiodista,ámbito de la ocupación,periodismo fotográfico,guatemala
productor de cine,instancia de,profesión del cine,guatemala
productor de cine,subclase de,productor,guatemala
productor de cine,ámbito de la ocupación,producción cinematográfica,guatemala
activista por los derechos de las personas transgénero,instancia de,ocupación,guatemala
activista por los derechos de las personas transgénero,subclase de,activista LGBTI,guatemala
activista por los derechos de las personas transgénero,ámbito de la ocupación,derechos trans,guatemala
activista por los derechos de las personas transgénero,ámbito de la ocupación,activismo transgénero,guatemala
activista por los derechos de las personas transgénero,opuesto a,activista antitransgénero,guatemala
activista LGBTI,instancia de,ocupación,guatemala
activista LGBTI,subclase de,activista por los derechos civiles,guatemala
activista LGBTI,subclase de,activista por los derechos humanos,guatemala
activista LGBTI,subclase de,activista sobre temas  relacionados con la sexualidad y el género,guatemala
activista LGBTI,forma parte de,movimiento LGBT,guatemala
Jacinto Rodríguez Díaz,Lugar de nacimiento,Totonicapán,guatemala
Jacinto Rodríguez Díaz,Ocupación,militar,guatemala
Jacinto Rodríguez Díaz,Ciudadanía,Guatemala,guatemala
Jacinto Rodríguez Díaz,Educado en,Escuela Politécnica,guatemala
Jacinto Rodríguez Díaz,Fecha de nacimiento,1901-08-16,guatemala
Jacinto Rodríguez Díaz,Fecha de defunción,1929-09-28,guatemala
Jacinto Rodríguez Díaz,Ocupación,piloto de aviación,guatemala
Juan de Urruela,Lugar de nacimiento,Ciudad de Guatemala,guatemala
Juan de Urruela,Ocupación,futbolista,guatemala
Juan de Urruela,Ciudadanía,España,guatemala
Juan de Urruela,Cargo,Marquesado de San Román de Ayala,guatemala
Juan de Urruela,Fecha de nacimiento,1881-01-26,guatemala
Juan de Urruela,Fecha de defunción,1947-12-16,guatemala
Juan de Urruela,Ciudadanía,Guatemala,guatemala
Adrian Vidaurre,Lugar de nacimiento,La Libertad,guatemala
Adrian Vidaurre,Ocupación,abogado,guatemala
Adrian Vidaurre,Ciudadanía,Guatemala,guatemala
Adrian Vidaurre,Fecha de nacimiento,1900-01-01,guatemala
Adrian Vidaurre,Ocupación,político,guatemala
Adrian Vidaurre,Ocupación,diplomático,guatemala
Luis Martinez Castellanos,Lugar de nacimiento,Salamá,guatemala
Luis Martinez Castellanos,Ocupación,futbolista,guatemala
Luis Martinez Castellanos,Ciudadanía,Guatemala,guatemala
Luis Martinez Castellanos,Fecha de nacimiento,1991-12-14,guatemala
Luis Martínez Mont,Lugar de nacimiento,Departamento de Huehuetenango,guatemala
Luis Martínez Mont,Ocupación,psicólogo,guatemala
Luis Martínez Mont,Ciudadanía,Guatemala,guatemala
Luis Martínez Mont,Miembro de,Academia de Geografía e Historia de Guatemala,guatemala
Luis Martínez Mont,Fecha de nacimiento,1901-01-01,guatemala
Luis Martínez Mont,Fecha de defunción,1999-01-01,guatemala
Alexander Cifuentes,Lugar de nacimiento,San Carlos Sija,guatemala
Alexander Cifuentes,Ocupación,futbolista,guatemala
Alexander Cifuentes,Ciudadanía,Guatemala,guatemala
Alexander Cifuentes,Fecha de nacimiento,1990-01-22,guatemala
Martin Prado Velez,Lugar de nacimiento,Cobán,guatemala
Martin Prado Velez,Ocupación,funcionario,guatemala
Martin Prado Velez,Ciudadanía,Guatemala,guatemala
Martin Prado Velez,Educado en,Universidad de San Carlos de Guatemala,guatemala
Martin Prado Velez,Fecha de nacimiento,1914-09-25,guatemala
Martin Prado Velez,Fecha de defunción,1973-10-15,guatemala
Mauro de León,Ocupación,oficial militar,guatemala
Mauro de León,Ciudadanía,Guatemala,guatemala
Mauro de León,Fecha de nacimiento,1870-11-29,guatemala
Mauro de León,Fecha de defunción,1930-12-17,guatemala
Néstor Jucup,Lugar de nacimiento,Quetzaltenango,guatemala
Néstor Jucup,Ocupación,futbolista,guatemala
Néstor Jucup,Ciudadanía,Guatemala,guatemala
Néstor Jucup,Fecha de nacimiento,1989-02-26,guatemala
César Nathanael Morales,Lugar de nacimiento,Quetzaltenango,guatemala
César Nathanael Morales,Ocupación,futbolista,guatemala
César Nathanael Morales,Ciudadanía,Guatemala,guatemala
César Nathanael Morales,Fecha de nacimiento,1989-02-20,guatemala
Aldo Ricardo Castañeda,Ocupación,médico,guatemala
Aldo Ricardo Castañeda,Ciudadanía,Guatemala,guatemala
Aldo Ricardo Castañeda,Fecha de nacimiento,1930-07-17,guatemala
Aldo Ricardo Castañeda,Fecha de defunción,2021-04-30,guatemala
Aldo Ricardo Castañeda,Ocupación,cirujano,guatemala
Sixto Betancourt,Lugar de nacimiento,Tiquisate,guatemala
Sixto Betancourt,Ocupación,futbolista,guatemala
Sixto Betancourt,Ciudadanía,Guatemala,guatemala
Sixto Betancourt,Fecha de nacimiento,1992-05-16,guatemala
Francisco Danilo Aguilar,Ocupación,futbolista,guatemala
Francisco Danilo Aguilar,Ciudadanía,Guatemala,guatemala
Francisco Danilo Aguilar,Fecha de nacimiento,1983-02-09,guatemala
Kevin Arriola,Lugar de nacimiento,Guatemala,guatemala
Kevin Arriola,Ocupación,futbolista,guatemala
Kevin Arriola,Ciudadanía,Guatemala,guatemala
Kevin Arriola,Fecha de nacimiento,1991-08-03,guatemala
Edgar Barquín,Lugar de nacimiento,La Libertad,guatemala
Edgar Barquín,Ocupación,business undergraduate,guatemala
Edgar Barquín,Ciudadanía,Guatemala,guatemala
Edgar Barquín,Educado en,Universidad de San Carlos de Guatemala,guatemala
Edgar Barquín,Cargo,Presidente del Banco de Guatemala,guatemala
Edgar Barquín,Fecha de nacimiento,1958-11-06,guatemala
Rigoberto Bran Azmitia,Ocupación,poeta,guatemala
Rigoberto Bran Azmitia,Ciudadanía,Guatemala,guatemala
Rigoberto Bran Azmitia,Fecha de nacimiento,1923-01-04,guatemala
Rigoberto Bran Azmitia,Fecha de defunción,2002-04-01,guatemala
Rigoberto Bran Azmitia,Ocupación,periodista,guatemala
Serapio Cruz,Lugar de nacimiento,Palencia,guatemala
Serapio Cruz,Ocupación,condottiero,guatemala
Serapio Cruz,Ciudadanía,Guatemala,guatemala
Serapio Cruz,Fecha de nacimiento,1835-09-01,guatemala
Serapio Cruz,Fecha de defunción,1870-01-22,guatemala
Jimmy Morales Cabrera,Lugar de nacimiento,Ciudad de Guatemala,guatemala
Jimmy Morales Cabrera,Ocupación,político,guatemala
Jimmy Morales Cabrera,Ciudadanía,Guatemala,guatemala
Jimmy Morales Cabrera,Educado en,Universidad de San Carlos de Guatemala,guatemala
Jimmy Morales Cabrera,Obra notable,Gerardi,guatemala
Jimmy Morales Cabrera,Cargo,presidente de Guatemala,guatemala
Jimmy Morales Cabrera,Premio recibido,Orden del Jade Brillante,guatemala
