entidad,relacion,objeto,source_file
Edgard Crisanto,Lugar de nacimiento,Tela,honduras
Edgard Crisanto,Ocupación,futbolista,honduras
Edgard Crisanto,Ciudadanía,Honduras,honduras
Edgard Crisanto,Fecha de nacimiento,1989-04-20,honduras
Randy Diamond,Lugar de nacimiento,Santa Bárbara,honduras
Randy Diamond,Ocupación,entrenador,honduras
Randy Diamond,Ciudadanía,Honduras,honduras
Randy Diamond,Fecha de nacimiento,1987-01-14,honduras
Randy Diamond,Ocupación,futbolista,honduras
Josué Discua,Lugar de nacimiento,Comayagua,honduras
Josué Discua,Ocupación,futbolista,honduras
Josué Discua,Ciudadanía,Honduras,honduras
Josué Discua,Fecha de nacimiento,1991-09-12,honduras
Manuel Doño,Lugar de nacimiento,San Pedro Sula,honduras
Manuel Doño,Ocupación,futbolista,honduras
Manuel Doño,Ciudadanía,Honduras,honduras
Manuel Doño,Fecha de nacimiento,1989-09-13,honduras
José Escalante,Lugar de nacimiento,Villanueva,honduras
José Escalante,Ocupación,entrenador,honduras
José Escalante,Ciudadanía,Honduras,honduras
José Escalante,Fecha de nacimiento,1995-05-29,honduras
José Escalante,Ocupación,futbolista,honduras
Kevin Espinoza,Lugar de nacimiento,San Pedro Sula,honduras
Kevin Espinoza,Ocupación,futbolista,honduras
Kevin Espinoza,Ciudadanía,Honduras,honduras
Kevin Espinoza,Fecha de nacimiento,1993-04-21,honduras
Bryan Róchez,Lugar de nacimiento,Tegucigalpa,honduras
Bryan Róchez,Ocupación,entrenador,honduras
Bryan Róchez,Ciudadanía,Honduras,honduras
Bryan Róchez,Fecha de nacimiento,1995-01-01,honduras
Bryan Róchez,Ocupación,futbolista,honduras
Brayan Figueroa,Lugar de nacimiento,San Pedro Sula,honduras
Brayan Figueroa,Ocupación,futbolista,honduras
Brayan Figueroa,Ciudadanía,Honduras,honduras
Brayan Figueroa,Fecha de nacimiento,1992-03-28,honduras
Juan Flores Madariaga,Lugar de nacimiento,El Porvenir,honduras
Juan Flores Madariaga,Ocupación,futbolista,honduras
Juan Flores Madariaga,Ciudadanía,Honduras,honduras
Juan Flores Madariaga,Fecha de nacimiento,1964-03-08,honduras
Alexander García,Lugar de nacimiento,Tegucigalpa,honduras
Alexander García,Ocupación,futbolista,honduras
Alexander García,Ciudadanía,Honduras,honduras
Alexander García,Fecha de nacimiento,1990-02-23,honduras
Brayan García,Lugar de nacimiento,Catacamas,honduras
Brayan García,Ocupación,futbolista,honduras
Brayan García,Ciudadanía,Honduras,honduras
Brayan García,Fecha de nacimiento,1993-03-26,honduras
Brayan García,Fecha de nacimiento,1993-05-26,honduras
Luis García Peña,Lugar de nacimiento,El Progreso,honduras
Luis García Peña,Ocupación,futbolista,honduras
Luis García Peña,Ciudadanía,Honduras,honduras
Luis García Peña,Fecha de nacimiento,1993-04-28,honduras
Ana García Carías,Lugar de nacimiento,Tegucigalpa,honduras
Ana García Carías,Ocupación,presidente,honduras
Ana García Carías,Ciudadanía,Honduras,honduras
Ana García Carías,Educado en,Universidad de Albany,honduras
Ana García Carías,Cargo,Primera Dama de Honduras,honduras
Ana García Carías,Fecha de nacimiento,1969-09-21,honduras
Ana García Carías,Ocupación,abogado,honduras
Ana García Carías,Ocupación,político,honduras
Ana García Carías,Educado en,Universidad Nacional Autónoma de Honduras,honduras
Harlinton Gutiérrez,Lugar de nacimiento,José Santos Guardiola,honduras
Harlinton Gutiérrez,Ocupación,futbolista,honduras
Harlinton Gutiérrez,Ciudadanía,Honduras,honduras
Harlinton Gutiérrez,Fecha de nacimiento,1992-06-05,honduras
Hernán García Martínez,Lugar de nacimiento,Puerto Cortés,honduras
Hernán García Martínez,Ocupación,futbolista,honduras
Hernán García Martínez,Ciudadanía,Honduras,honduras
Hernán García Martínez,Fecha de nacimiento,1956-10-08,honduras
Hernán García Martínez,Fecha de defunción,2020-03-05,honduras
Franklyn Jhonson,Lugar de nacimiento,La Ceiba,honduras
Franklyn Jhonson,Ocupación,futbolista,honduras
Franklyn Jhonson,Ciudadanía,Honduras,honduras
Franklyn Jhonson,Fecha de nacimiento,1988-11-26,honduras
Ronald Martínez Ponce,Lugar de nacimiento,Tegucigalpa,honduras
Ronald Martínez Ponce,Ocupación,futbolista,honduras
Ronald Martínez Ponce,Ciudadanía,Honduras,honduras
Ronald Martínez Ponce,Fecha de nacimiento,1990-07-26,honduras
Henrry Mejia,Lugar de nacimiento,Balfate,honduras
Henrry Mejia,Ocupación,futbolista,honduras
Henrry Mejia,Ciudadanía,Honduras,honduras
Henrry Mejia,Fecha de nacimiento,1991-03-13,honduras
Henrry Mejia,Fecha de defunción,2014-05-21,honduras
Rubén Licona,Lugar de nacimiento,Catacamas,honduras
Rubén Licona,Ocupación,futbolista,honduras
Rubén Licona,Ciudadanía,Honduras,honduras
Rubén Licona,Fecha de nacimiento,1986-09-29,honduras
Efraín López,Lugar de nacimiento,La Ceiba,honduras
Efraín López,Ocupación,futbolista,honduras
Efraín López,Ciudadanía,Honduras,honduras
Efraín López,Fecha de nacimiento,1987-04-19,honduras
Tela,país,Honduras,honduras
Tela,instancia de,municipio de Honduras,honduras
Tela,situado en la entidad territorial administrativa,Departamento de Atlántida,honduras
Tela,ciudad hermana,Cancún,honduras
Tela,ciudad hermana,La Ceiba,honduras
futbolista,instancia de,profesión,honduras
futbolista,instancia de,ocupación,honduras
futbolista,subclase de,jugador competitivo,honduras
futbolista,subclase de,Jugador de fútbol,honduras
Honduras,país,Honduras,honduras
Honduras,jefe de gobierno,Xiomara Castro,honduras
Honduras,continente,América del Norte,honduras
Honduras,instancia de,país,honduras
Honduras,instancia de,estado soberano,honduras
Santa Bárbara,capital de,Departamento de Santa Bárbara,honduras
Santa Bárbara,diferente de,Santa Bárbara,honduras
Santa Bárbara,país,Honduras,honduras
Santa Bárbara,instancia de,ciudad,honduras
Santa Bárbara,instancia de,municipio de Honduras,honduras
entrenador,instancia de,profesión,honduras
entrenador,instancia de,ocupación,honduras
entrenador,ámbito de la ocupación,fútbol,honduras
entrenador,deporte,fútbol,honduras
Comayagua,país,Honduras,honduras
Comayagua,instancia de,gran ciudad,honduras
Comayagua,instancia de,municipio de Honduras,honduras
Comayagua,situado en la entidad territorial administrativa,Departamento de Comayagua,honduras
Comayagua,ciudad hermana,Cúcuta,honduras
San Pedro Sula,jefe de gobierno,Roberto Contreras,honduras
San Pedro Sula,país,Honduras,honduras
San Pedro Sula,instancia de,gran ciudad,honduras
San Pedro Sula,instancia de,municipio de Honduras,honduras
San Pedro Sula,idioma oficial,español,honduras
Villanueva,país,Honduras,honduras
Villanueva,instancia de,municipio de Honduras,honduras
Villanueva,situado en la entidad territorial administrativa,Departamento de Cortés,honduras
Villanueva,diferente de,Villanueva,honduras
Tegucigalpa,país,Honduras,honduras
Tegucigalpa,instancia de,entidad territorial administrativa,honduras
Tegucigalpa,instancia de,gran ciudad,honduras
Tegucigalpa,instancia de,ciudad más grande,honduras
Tegucigalpa,situado en la entidad territorial administrativa,Distrito Central,honduras
El Porvenir,país,Honduras,honduras
El Porvenir,instancia de,municipio de Honduras,honduras
El Porvenir,situado en la entidad territorial administrativa,Departamento de Atlántida,honduras
El Porvenir,diferente de,El Porvenir,honduras
Catacamas,país,Honduras,honduras
Catacamas,instancia de,municipio de Honduras,honduras
Catacamas,situado en la entidad territorial administrativa,Departamento de Olancho,honduras
Catacamas,diferente de,Catacamas,honduras
El Progreso,país,Honduras,honduras
El Progreso,instancia de,municipio de Honduras,honduras
El Progreso,situado en la entidad territorial administrativa,Departamento de Yoro,honduras
presidente,instancia de,cargo público,honduras
presidente,instancia de,cargo,honduras
presidente,precedido por,presidente electo,honduras
presidente,subclase de,jefe de Estado,honduras
presidente,subclase de,político,honduras
Universidad de Albany,país,Estados Unidos,honduras
Universidad de Albany,instancia de,universidad pública,honduras
Universidad de Albany,instancia de,institución educativa pública de los Estados Unidos,honduras
Universidad de Albany,situado en la entidad territorial administrativa,Albany,honduras
Universidad de Albany,ubicación de la sede,Albany,honduras
Primera Dama de Honduras,país,Honduras,honduras
Primera Dama de Honduras,instancia de,título,honduras
Primera Dama de Honduras,instancia de,cargo,honduras
Primera Dama de Honduras,residencia oficial,Casa Presidencial de Honduras,honduras
Primera Dama de Honduras,subclase de,primera dama,honduras
José Santos Guardiola,país,Honduras,honduras
José Santos Guardiola,instancia de,municipio de Honduras,honduras
José Santos Guardiola,situado en la entidad territorial administrativa,Departamento de Islas de la Bahía,honduras
José Santos Guardiola,nombrado en referencia a,José Santos Guardiola,honduras
Puerto Cortés,descrito en la fuente,Encyclopædia Britannica (11ª edición),honduras
Puerto Cortés,categoría de personas relacionadas,Categoría:Personas de Puerto Cortés,honduras
Puerto Cortés,propietario de,Estadio Excelsior,honduras
Puerto Cortés,diferente de,Puerto Cortés,honduras
La Ceiba,país,Honduras,honduras
La Ceiba,instancia de,gran ciudad,honduras
La Ceiba,instancia de,municipio de Honduras,honduras
La Ceiba,situado en la entidad territorial administrativa,Departamento de Atlántida,honduras
La Ceiba,ciudad hermana,Cali,honduras
Balfate,país,Honduras,honduras
Balfate,instancia de,municipio de Honduras,honduras
Balfate,situado en la entidad territorial administrativa,Departamento de Colón,honduras
Dennis Ferrera,Lugar de nacimiento,San Pedro Sula,honduras
Dennis Ferrera,Ocupación,entrenador,honduras
Dennis Ferrera,Ciudadanía,Honduras,honduras
Dennis Ferrera,Fecha de nacimiento,1980-12-03,honduras
Dennis Ferrera,Ocupación,futbolista,honduras
Dunia Elvir,Lugar de nacimiento,La Ceiba,honduras
Dunia Elvir,Ocupación,periodista,honduras
Dunia Elvir,Ciudadanía,Honduras,honduras
Dunia Elvir,Educado en,Universidad de Phoenix,honduras
Dunia Elvir,Fecha de nacimiento,1973-06-09,honduras
Dunia Elvir,Educado en,Jordan High School,honduras
Eddy Vega,Lugar de nacimiento,Roatán,honduras
Eddy Vega,Ocupación,entrenador,honduras
Eddy Vega,Ciudadanía,Honduras,honduras
Eddy Vega,Fecha de nacimiento,1980-08-13,honduras
Eddy Vega,Ocupación,futbolista,honduras
Edgar Nuñez,Lugar de nacimiento,Honduras,honduras
Edgar Nuñez,Ocupación,entrenador,honduras
Edgar Nuñez,Ciudadanía,Honduras,honduras
Edgar Nuñez,Fecha de nacimiento,1979-08-23,honduras
Edgar Nuñez,Ocupación,futbolista,honduras
Eduardo Arriola,Lugar de nacimiento,Tela,honduras
Eduardo Arriola,Ocupación,entrenador,honduras
Eduardo Arriola,Ciudadanía,Honduras,honduras
Eduardo Arriola,Fecha de nacimiento,1972-10-11,honduras
Eduardo Arriola,Ocupación,futbolista,honduras
Eduardo Bähr,Lugar de nacimiento,Tela,honduras
Eduardo Bähr,Ocupación,actor,honduras
Eduardo Bähr,Ciudadanía,Honduras,honduras
Eduardo Bähr,Premio recibido,Brassavola de oro,honduras
Eduardo Bähr,Fecha de nacimiento,1940-01-01,honduras
Eduardo Bähr,Fecha de defunción,2023-08-04,honduras
Eduardo Bähr,Ocupación,escritor,honduras
Edwin Yobani Avila,Lugar de nacimiento,La Ceiba,honduras
Edwin Yobani Avila,Ocupación,futbolista,honduras
Edwin Yobani Avila,Ciudadanía,Honduras,honduras
Edwin Yobani Avila,Fecha de nacimiento,1976-10-26,honduras
María Antonieta Guillén Vásquez,Lugar de nacimiento,Honduras,honduras
María Antonieta Guillén Vásquez,Ocupación,político,honduras
María Antonieta Guillén Vásquez,Ciudadanía,Honduras,honduras
María Antonieta Guillén Vásquez,Cargo,vicepresidente,honduras
María Antonieta Guillén Vásquez,Fecha de nacimiento,1955-07-13,honduras
Elizabeth Azcona Bocock,Ocupación,político,honduras
Elizabeth Azcona Bocock,Ciudadanía,Honduras,honduras
Elizabeth Azcona Bocock,Educado en,Universidad de Notre Dame,honduras
Elizabeth Azcona Bocock,Fecha de nacimiento,1969-10-05,honduras
Elkin González,Lugar de nacimiento,La Libertad,honduras
Elkin González,Ocupación,entrenador,honduras
Elkin González,Ciudadanía,Honduras,honduras
Elkin González,Fecha de nacimiento,1980-09-29,honduras
Elkin González,Ocupación,futbolista,honduras
Elmer Marín,Lugar de nacimiento,Sonaguera,honduras
Elmer Marín,Ocupación,entrenador,honduras
Elmer Marín,Ciudadanía,Honduras,honduras
Elmer Marín,Fecha de nacimiento,1979-10-14,honduras
Elmer Marín,Ocupación,futbolista,honduras
Elmer Mejia,Lugar de nacimiento,Comayagua,honduras
Elmer Mejia,Ocupación,futbolista,honduras
Elmer Mejia,Ciudadanía,Honduras,honduras
Elmer Mejia,Fecha de nacimiento,1978-06-23,honduras
Elmer Montoya,Lugar de nacimiento,Honduras,honduras
Elmer Montoya,Ocupación,entrenador,honduras
Elmer Montoya,Ciudadanía,Honduras,honduras
Elmer Montoya,Fecha de nacimiento,1977-12-08,honduras
Elmer Montoya,Ocupación,futbolista,honduras
Elvia Alvarado,Ocupación,activista por los derechos humanos,honduras
Elvia Alvarado,Ciudadanía,Honduras,honduras
Elvia Reyes,Ocupación,esgrimista,honduras
Elvia Reyes,Ciudadanía,Honduras,honduras
Elvia Reyes,Fecha de nacimiento,1956-06-12,honduras
Elvis Scott,Lugar de nacimiento,Puerto Cortés,honduras
Elvis Scott,Ocupación,futbolista,honduras
Elvis Scott,Ciudadanía,Honduras,honduras
Elvis Scott,Fecha de nacimiento,1978-08-01,honduras
Emilio Umanzor,Lugar de nacimiento,Olanchito,honduras
Emilio Umanzor,Ocupación,entrenador,honduras
Emilio Umanzor,Ciudadanía,Honduras,honduras
Emilio Umanzor,Fecha de nacimiento,1973-10-19,honduras
Emilio Umanzor,Ocupación,futbolista,honduras
Emilson Cruz,Lugar de nacimiento,Tegucigalpa,honduras
Emilson Cruz,Ocupación,entrenador,honduras
Emilson Cruz,Ciudadanía,Honduras,honduras
Emilson Cruz,Fecha de nacimiento,1987-10-24,honduras
Emilson Cruz,Ocupación,futbolista,honduras
Enrique Flores Lanza,Ocupación,abogado,honduras
Enrique Flores Lanza,Ciudadanía,Honduras,honduras
Enrique Flores Lanza,Ocupación,político,honduras
Erick Andino,Lugar de nacimiento,San Pedro Sula,honduras
Erick Andino,Ocupación,entrenador,honduras
Erick Andino,Ciudadanía,Honduras,honduras
Erick Andino,Fecha de nacimiento,1989-07-21,honduras
Erick Andino,Ocupación,futbolista,honduras
periodista,instancia de,profesión,honduras
periodista,instancia de,cargo,honduras
periodista,instancia de,ocupación,honduras
periodista,instancia de,grupo de ocupaciones de la CIUO,honduras
periodista,subclase de,autor,honduras
Universidad de Phoenix,país,Estados Unidos,honduras
Universidad de Phoenix,instancia de,universidad,honduras
Universidad de Phoenix,fundador,John Sperling,honduras
Universidad de Phoenix,situado en la entidad territorial administrativa,Phoenix,honduras
Roatán,país,Honduras,honduras
Roatán,instancia de,isla,honduras
Roatán,instancia de,asentamiento,honduras
Roatán,situado en la entidad territorial administrativa,Departamento de Islas de la Bahía,honduras
Roatán,situado cerca del cuerpo de agua,Mar Caribe,honduras
actor,instancia de,profesión,honduras
actor,instancia de,ocupación,honduras
actor,instancia de,grupo de ocupaciones de la CIUO,honduras
actor,subclase de,artista escénico,honduras
Brassavola de oro,instancia de,distinción,honduras
Brassavola de oro,fundador,Museo del Hombre Hondureño,honduras
Brassavola de oro,lugar de formación,Tegucigalpa,honduras
político,instancia de,profesión,honduras
político,instancia de,frecuentemente,honduras
político,subclase de,profesional,honduras
político,ámbito de la ocupación,política,honduras
político,categoría principal del tema,Categoría:Políticos,honduras
vicepresidente,instancia de,cargo,honduras
vicepresidente,instancia de,título corporativo,honduras
vicepresidente,instancia de,ocupación,honduras
vicepresidente,precedido por,vicepresidente electo,honduras
vicepresidente,subclase de,alto cargo,honduras
Universidad de Notre Dame,país,Estados Unidos,honduras
Universidad de Notre Dame,instancia de,universidad católica,honduras
Universidad de Notre Dame,instancia de,universidad privada,honduras
Universidad de Notre Dame,instancia de,institución educativa privada sin fines de lucro,honduras
Universidad de Notre Dame,instancia de,editor de acceso abierto,honduras
La Libertad,país,Honduras,honduras
La Libertad,instancia de,municipio de Honduras,honduras
La Libertad,situado en la entidad territorial administrativa,Departamento de Comayagua,honduras
Sonaguera,país,Honduras,honduras
Sonaguera,instancia de,municipio de Honduras,honduras
Sonaguera,situado en la entidad territorial administrativa,Departamento de Colón,honduras
activista por los derechos humanos,instancia de,ocupación,honduras
activista por los derechos humanos,subclase de,activista político,honduras
activista por los derechos humanos,categoría principal del tema,Categoría:Activistas por los derechos humanos,honduras
activista por los derechos humanos,lista de interés para el proyecto Wikimedia,Wikiproyecto:Derechos humanos,honduras
esgrimista,instancia de,ocupación,honduras
esgrimista,subclase de,deportista,honduras
esgrimista,ámbito de la ocupación,esgrima,honduras
esgrimista,categoría principal del tema,Categoría:Esgrimidores,honduras
Olanchito,país,Honduras,honduras
Olanchito,instancia de,municipio de Honduras,honduras
Olanchito,situado en la entidad territorial administrativa,Departamento de Yoro,honduras
abogado,instancia de,profesión jurídica,honduras
abogado,subclase de,jurista,honduras
abogado,santo patrón,Catalina de Alejandría,honduras
abogado,santo patrón,Alfonso María de Ligorio,honduras
abogado,santo patrón,Raimundo de Peñafort,honduras
Erick Martínez Ávila,Ocupación,periodista,honduras
Erick Martínez Ávila,Ciudadanía,Honduras,honduras
Erick Martínez Ávila,Educado en,Universidad Nacional Autónoma de Honduras,honduras
Erick Martínez Ávila,Fecha de nacimiento,1980-01-18,honduras
Erick Martínez Ávila,Fecha de defunción,2012-05-07,honduras
Erick Martínez Ávila,Ocupación,activista LGBTI,honduras
Mary Flake de Flores,Lugar de nacimiento,Memphis,honduras
Mary Flake de Flores,Ocupación,político,honduras
Mary Flake de Flores,Ciudadanía,Estados Unidos,honduras
Mary Flake de Flores,Educado en,Universidad Estatal de Luisiana,honduras
Mary Flake de Flores,Cargo,Primera Dama de Honduras,honduras
Mary Flake de Flores,Premio recibido,Brassavola de oro,honduras
Mary Flake de Flores,Fecha de nacimiento,1950-09-25,honduras
Mary Flake de Flores,Ciudadanía,Honduras,honduras
Ernesto Noel Aquino,Lugar de nacimiento,La Ceiba,honduras
Ernesto Noel Aquino,Ocupación,entrenador,honduras
Ernesto Noel Aquino,Ciudadanía,Honduras,honduras
Ernesto Noel Aquino,Fecha de nacimiento,1975-10-16,honduras
Ernesto Noel Aquino,Ocupación,futbolista,honduras
Esdras Padilla,Lugar de nacimiento,Tegucigalpa,honduras
Esdras Padilla,Ocupación,entrenador,honduras
Esdras Padilla,Ciudadanía,Honduras,honduras
Esdras Padilla,Fecha de nacimiento,1989-09-04,honduras
Esdras Padilla,Ocupación,futbolista,honduras
Esteban Handal Perez,Ocupación,empresario,honduras
Esteban Handal Perez,Ciudadanía,Honduras,honduras
Esteban Handal Perez,Educado en,Universidad de Texas en Austin,honduras
Esteban Handal Perez,Cargo,diputado del Congreso Nacional de Honduras,honduras
Esteban Handal Perez,Fecha de nacimiento,1965-01-07,honduras
Esteban Handal Perez,Ocupación,político,honduras
Esteban Handal Perez,Educado en,Universidad Estatal de Luisiana,honduras
Fermin Galeano,Ocupación,actor,honduras
Fermin Galeano,Ciudadanía,Honduras,honduras
Fermin Galeano,Fecha de nacimiento,1975-11-07,honduras
Júnior Lacayo,Lugar de nacimiento,La Ceiba,honduras
Júnior Lacayo,Ocupación,entrenador,honduras
Júnior Lacayo,Ciudadanía,Honduras,honduras
Júnior Lacayo,Fecha de nacimiento,1995-08-19,honduras
Júnior Lacayo,Ocupación,futbolista,honduras
Francisco Antonio López,Lugar de nacimiento,Tela,honduras
Francisco Antonio López,Ocupación,futbolista,honduras
Francisco Antonio López,Ciudadanía,Honduras,honduras
Francisco Antonio López,Fecha de nacimiento,1989-10-03,honduras
Francisco Antonio Pavón,Lugar de nacimiento,La Ceiba,honduras
Francisco Antonio Pavón,Ocupación,futbolista,honduras
Francisco Antonio Pavón,Ciudadanía,Honduras,honduras
Francisco Antonio Pavón,Fecha de nacimiento,1977-01-28,honduras
Franco Güity,Lugar de nacimiento,Santa Rosa de Aguán,honduras
Franco Güity,Ocupación,futbolista,honduras
Franco Güity,Ciudadanía,Honduras,honduras
Franco Güity,Fecha de nacimiento,1987-12-05,honduras
Franklin Webster,Lugar de nacimiento,San Pedro Sula,honduras
Franklin Webster,Ocupación,futbolista,honduras
Franklin Webster,Ciudadanía,Honduras,honduras
Franklin Webster,Fecha de nacimiento,1978-08-07,honduras
Fredy Nasser,Lugar de nacimiento,Tegucigalpa,honduras
Fredy Nasser,Ocupación,empresario,honduras
Fredy Nasser,Ciudadanía,Honduras,honduras
Fredy Nasser,Educado en,Universidad de Texas A&M,honduras
Fredy Nasser,Fecha de nacimiento,1956-06-04,honduras
Félix Crisanto,Lugar de nacimiento,Brus Laguna,honduras
Félix Crisanto,Ocupación,futbolista,honduras
Félix Crisanto,Ciudadanía,Honduras,honduras
Félix Crisanto,Fecha de nacimiento,1990-09-09,honduras
Gabriela Núñez,Ocupación,político,honduras
Gabriela Núñez,Ciudadanía,Honduras,honduras
Gabriela Núñez,Educado en,Universidad Nacional Autónoma de Honduras,honduras
Gabriela Núñez,Fecha de nacimiento,1962-10-25,honduras
Georgino Orellana,Ocupación,periodista,honduras
Georgino Orellana,Ciudadanía,Honduras,honduras
Georgino Orellana,Fecha de nacimiento,1960-02-13,honduras
Georgino Orellana,Fecha de defunción,2010-04-20,honduras
Geovanny Castro,Lugar de nacimiento,Honduras,honduras
Geovanny Castro,Ocupación,entrenador,honduras
Geovanny Castro,Ciudadanía,Honduras,honduras
Geovanny Castro,Fecha de nacimiento,1969-06-24,honduras
Geovanny Castro,Ocupación,futbolista,honduras
Geovany Baca,Ocupación,boxeador,honduras
Geovany Baca,Ciudadanía,Honduras,honduras
Geovany Baca,Fecha de nacimiento,1971-03-05,honduras
Nahúm Espinoza,Lugar de nacimiento,Tela,honduras
Nahúm Espinoza,Ocupación,entrenador,honduras
Nahúm Espinoza,Ciudadanía,Honduras,honduras
Nahúm Espinoza,Fecha de nacimiento,1964-08-14,honduras
Nahúm Espinoza,Ocupación,futbolista,honduras
Gerson Rodas,Lugar de nacimiento,San Pedro Sula,honduras
Gerson Rodas,Ocupación,entrenador,honduras
Gerson Rodas,Ciudadanía,Honduras,honduras
Gerson Rodas,Fecha de nacimiento,1990-07-06,honduras
Gerson Rodas,Ocupación,futbolista,honduras
Sami Kafati,Lugar de nacimiento,Tegucigalpa,honduras
Sami Kafati,Ocupación,director de cine,honduras
Sami Kafati,Ciudadanía,Honduras,honduras
Sami Kafati,Fecha de nacimiento,1936-12-21,honduras
Sami Kafati,Fecha de defunción,1996-04-29,honduras
Universidad Nacional Autónoma de Honduras,país,Honduras,honduras
Universidad Nacional Autónoma de Honduras,instancia de,universidad,honduras
Universidad Nacional Autónoma de Honduras,fundador,José Trinidad Reyes,honduras
Universidad Nacional Autónoma de Honduras,situado en la entidad territorial administrativa,Tegucigalpa,honduras
Universidad Nacional Autónoma de Honduras,miembro de,Consejo Superior Universitario Centroamericano,honduras
Memphis,país,Estados Unidos,honduras
Memphis,instancia de,sede de condado,honduras
Memphis,instancia de,ciudad de Estados Unidos,honduras
Memphis,instancia de,gran ciudad,honduras
Estados Unidos,forma de gobierno,república,honduras
Estados Unidos,forma de gobierno,presidencialismo,honduras
Estados Unidos,forma de gobierno,república federal,honduras
Estados Unidos,nombrado en referencia a,América,honduras
Estados Unidos,subdividido en (división administrativa),California,honduras
Universidad Estatal de Luisiana,país,Estados Unidos,honduras
Universidad Estatal de Luisiana,instancia de,Universidad de concesión de tierras,honduras
Universidad Estatal de Luisiana,instancia de,universidad pública,honduras
Universidad Estatal de Luisiana,instancia de,universidad de investigación,honduras
Universidad Estatal de Luisiana,instancia de,institución educativa pública de los Estados Unidos,honduras
empresario,instancia de,profesión,honduras
empresario,instancia de,persona jurídica,honduras
empresario,instancia de,ocupación,honduras
empresario,instancia de,concepto económico,honduras
Universidad de Texas en Austin,país,Estados Unidos,honduras
Universidad de Texas en Austin,instancia de,institución educativa pública de los Estados Unidos,honduras
Universidad de Texas en Austin,instancia de,universidad pública de investigación,honduras
Universidad de Texas en Austin,situado en la entidad territorial administrativa,Austin,honduras
Universidad de Texas en Austin,ubicación de la sede,Austin,honduras
diputado del Congreso Nacional de Honduras,país,Honduras,honduras
diputado del Congreso Nacional de Honduras,instancia de,cargo,honduras
diputado del Congreso Nacional de Honduras,subclase de,parlamentario,honduras
diputado del Congreso Nacional de Honduras,forma parte de,Congreso Nacional de Honduras,honduras
diputado del Congreso Nacional de Honduras,categoría principal del tema,Categoría:Diputados de Honduras,honduras
Santa Rosa de Aguán,país,Honduras,honduras
Santa Rosa de Aguán,instancia de,municipio de Honduras,honduras
Santa Rosa de Aguán,situado en la entidad territorial administrativa,Departamento de Colón,honduras
Santa Rosa de Aguán,diferente de,Santa Rosa de Aguán,honduras
Universidad de Texas A&M,país,Estados Unidos,honduras
Universidad de Texas A&M,instancia de,universidad,honduras
Universidad de Texas A&M,instancia de,Universidad de concesión de tierras,honduras
Universidad de Texas A&M,instancia de,institución educativa pública de los Estados Unidos,honduras
Brus Laguna,país,Honduras,honduras
Brus Laguna,instancia de,municipio de Honduras,honduras
Brus Laguna,situado en la entidad territorial administrativa,Departamento de Gracias a Dios,honduras
Brus Laguna,diferente de,Brus Laguna,honduras
boxeador,instancia de,profesión,honduras
boxeador,subclase de,deportista,honduras
boxeador,subclase de,artista marcial,honduras
boxeador,ámbito de la ocupación,boxeo,honduras
boxeador,ámbito de la ocupación,boxeo aficionado,honduras
director de cine,instancia de,profesión,honduras
director de cine,instancia de,profesión del cine,honduras
director de cine,subclase de,artista visual,honduras
director de cine,subclase de,profesional del cine,honduras
director de cine,subclase de,realizador,honduras
Ramón Rosa,Lugar de nacimiento,Tegucigalpa,honduras
Ramón Rosa,Ocupación,abogado,honduras
Ramón Rosa,Ciudadanía,Honduras,honduras
Ramón Rosa,Educado en,Universidad de San Carlos de Guatemala,honduras
Ramón Rosa,Fecha de nacimiento,1848-07-14,honduras
Ramón Rosa,Fecha de defunción,1893-05-28,honduras
Ramón Rosa,Ocupación,poeta,honduras
Ramón Rosa,Ocupación,político,honduras
Ramón Rosa,Ocupación,diplomático,honduras
Ramón Rosa,Ocupación,periodista,honduras
Gilberto Machado,Lugar de nacimiento,San Pedro Sula,honduras
Gilberto Machado,Ocupación,entrenador,honduras
Gilberto Machado,Ciudadanía,Honduras,honduras
Gilberto Machado,Fecha de nacimiento,1962-03-23,honduras
Gilberto Machado,Ocupación,futbolista,honduras
Felipe Bustillo,Lugar de nacimiento,Juticalpa,honduras
Felipe Bustillo,Ocupación,abogado,honduras
Felipe Bustillo,Ciudadanía,Honduras,honduras
Felipe Bustillo,Cargo,diputado del Congreso Nacional de Honduras,honduras
Felipe Bustillo,Fecha de nacimiento,1807-01-01,honduras
Felipe Bustillo,Fecha de defunción,1899-01-01,honduras
Felipe Bustillo,Ocupación,político,honduras
Rafael Manzanares Aguilar,Lugar de nacimiento,La Esperanza,honduras
Rafael Manzanares Aguilar,Ocupación,compositor,honduras
Rafael Manzanares Aguilar,Ciudadanía,Honduras,honduras
Rafael Manzanares Aguilar,Educado en,Universidad Nacional Autónoma de Honduras,honduras
Rafael Manzanares Aguilar,Premio recibido,Premio Nacional de Arte Pablo Zelaya Sierra,honduras
Rafael Manzanares Aguilar,Fecha de nacimiento,1918-07-17,honduras
Rafael Manzanares Aguilar,Fecha de defunción,1999-08-28,honduras
Rafael Manzanares Aguilar,Ocupación,abogado,honduras
Rafael Manzanares Aguilar,Ocupación,etnógrafo,honduras
Argentina Díaz Lozano,Lugar de nacimiento,Santa Rosa de Copán,honduras
Argentina Díaz Lozano,Ocupación,diplomático,honduras
Argentina Díaz Lozano,Ciudadanía,Honduras,honduras
Argentina Díaz Lozano,Educado en,Universidad de San Carlos de Guatemala,honduras
Argentina Díaz Lozano,Premio recibido,Orden de la Cruz del Sur,honduras
Argentina Díaz Lozano,Fecha de nacimiento,1909-12-05,honduras
Argentina Díaz Lozano,Fecha de defunción,1999-08-13,honduras
Argentina Díaz Lozano,Ocupación,suffragette,honduras
Argentina Díaz Lozano,Ocupación,activista por los derechos humanos,honduras
Argentina Díaz Lozano,Ocupación,periodista,honduras
Argentina Díaz Lozano,Premio recibido,Orden del Quetzal,honduras
Argentina Díaz Lozano,Fecha de nacimiento,1912-12-15,honduras
Argentina Díaz Lozano,Educado en,Academy of the Holy Names,honduras
Carlos Gutiérrez (diplomático),Lugar de nacimiento,Tegucigalpa,honduras
Carlos Gutiérrez (diplomático),Ocupación,abogado,honduras
Carlos Gutiérrez (diplomático),Ciudadanía,Honduras,honduras
Carlos Gutiérrez (diplomático),Educado en,Universidad de Boston,honduras
Carlos Gutiérrez (diplomático),Fecha de nacimiento,1818-01-01,honduras
Carlos Gutiérrez (diplomático),Fecha de defunción,1882-01-01,honduras
Carlos Gutiérrez (diplomático),Ocupación,diplomático,honduras
Carlos Gutiérrez (diplomático),Fecha de defunción,1892-01-01,honduras
Carlos Zúñiga Figueroa,Lugar de nacimiento,Tegucigalpa,honduras
Carlos Zúñiga Figueroa,Ocupación,político,honduras
Carlos Zúñiga Figueroa,Ciudadanía,Honduras,honduras
Carlos Zúñiga Figueroa,Fecha de nacimiento,1885-06-05,honduras
Carlos Zúñiga Figueroa,Fecha de defunción,1964-01-01,honduras
Carlos Zúñiga Figueroa,Ocupación,pintor,honduras
Cirilo Nelson,Lugar de nacimiento,La Ceiba,honduras
Cirilo Nelson,Ocupación,botánico,honduras
Cirilo Nelson,Ciudadanía,Honduras,honduras
Cirilo Nelson,Educado en,Universidad de Colorado,honduras
Cirilo Nelson,Fecha de nacimiento,1938-02-28,honduras
Cirilo Nelson,Fecha de defunción,2020-12-26,honduras
Clementina Suárez,Lugar de nacimiento,Juticalpa,honduras
Clementina Suárez,Ocupación,escritor,honduras
Clementina Suárez,Ciudadanía,Honduras,honduras
Clementina Suárez,Fecha de nacimiento,1902-05-12,honduras
Clementina Suárez,Fecha de defunción,1991-12-09,honduras
Clementina Suárez,Ocupación,poeta,honduras
Nora Gúnera de Melgar,Lugar de nacimiento,Concepción de María,honduras
Nora Gúnera de Melgar,Ocupación,político,honduras
Nora Gúnera de Melgar,Ciudadanía,Honduras,honduras
Nora Gúnera de Melgar,Educado en,Universidad Nacional Autónoma de Honduras,honduras
Nora Gúnera de Melgar,Cargo,diputado del Congreso Nacional de Honduras,honduras
Nora Gúnera de Melgar,Premio recibido,Gran Cruz de la Orden de Isabel la Católica,honduras
Nora Gúnera de Melgar,Fecha de nacimiento,1942-01-01,honduras
Nora Gúnera de Melgar,Fecha de defunción,2021-10-01,honduras
Edwin Pavón,Lugar de nacimiento,La Lima,honduras
Edwin Pavón,Ocupación,político,honduras
Edwin Pavón,Ciudadanía,Honduras,honduras
Edwin Pavón,Fecha de nacimiento,1962-11-06,honduras
Edwin Pavón,Fecha de defunción,2018-12-28,honduras
Edwin Pavón,Ocupación,entrenador,honduras
Edwin Pavón,Ocupación,futbolista,honduras
Ernesto Alvarado García,Lugar de nacimiento,La Unión,honduras
Ernesto Alvarado García,Ocupación,juez,honduras
Ernesto Alvarado García,Ciudadanía,Honduras,honduras
Ernesto Alvarado García,Educado en,Universidad Nacional Autónoma de Honduras,honduras
Ernesto Alvarado García,Fecha de nacimiento,1904-01-21,honduras
Ernesto Alvarado García,Fecha de defunción,1972-11-26,honduras
Ernesto Alvarado García,Ocupación,abogado,honduras
Ernesto Alvarado García,Ocupación,jurista,honduras
Ernesto Bondy Reyes,Lugar de nacimiento,Tegucigalpa,honduras
Ernesto Bondy Reyes,Ocupación,escritor,honduras
Ernesto Bondy Reyes,Ciudadanía,Honduras,honduras
Ernesto Bondy Reyes,Fecha de nacimiento,1947-07-03,honduras
Esteban Handal Pérez,Ocupación,empresario,honduras
Esteban Handal Pérez,Ciudadanía,Honduras,honduras
Esteban Handal Pérez,Fecha de nacimiento,1965-01-07,honduras
Esteban Handal Pérez,Ocupación,político,honduras
Eugenio Dolmo Flores,Lugar de nacimiento,Puerto Cortés,honduras
Eugenio Dolmo Flores,Ocupación,futbolista,honduras
Eugenio Dolmo Flores,Ciudadanía,Honduras,honduras
Eugenio Dolmo Flores,Fecha de nacimiento,1965-07-31,honduras
Eva Cortés,Lugar de nacimiento,Tegucigalpa,honduras
Eva Cortés,Ocupación,compositor,honduras
Eva Cortés,Ciudadanía,Honduras,honduras
Eva Cortés,Fecha de nacimiento,1972-01-01,honduras
Eva Cortés,Ocupación,cantante,honduras
Federico Ramírez,Lugar de nacimiento,Tegucigalpa,honduras
Federico Ramírez,Ocupación,compositor,honduras
Federico Ramírez,Ciudadanía,Honduras,honduras
Federico Ramírez,Fecha de nacimiento,1942-06-08,honduras
Gaby Flores,Lugar de nacimiento,San Pedro Sula,honduras
Gaby Flores,Ocupación,artista,honduras
Gaby Flores,Ciudadanía,Honduras,honduras
Gaby Flores,Fecha de nacimiento,1991-11-16,honduras
Gonzalo Guardiola,Lugar de nacimiento,Departamento de Comayagua,honduras
Gonzalo Guardiola,Ocupación,escritor,honduras
Gonzalo Guardiola,Ciudadanía,Honduras,honduras
Gonzalo Guardiola,Fecha de nacimiento,1848-01-10,honduras
Gonzalo Guardiola,Fecha de defunción,1903-03-22,honduras
Hermán Allan Padgett,Lugar de nacimiento,Departamento de El Paraíso,honduras
Hermán Allan Padgett,Ocupación,actor,honduras
Hermán Allan Padgett,Ciudadanía,Honduras,honduras
Hermán Allan Padgett,Fecha de nacimiento,1936-10-01,honduras
Hermán Allan Padgett,Fecha de defunción,2001-02-06,honduras
Hermán Allan Padgett,Ocupación,periodista,honduras
Universidad de San Carlos de Guatemala,país,Guatemala,honduras
Universidad de San Carlos de Guatemala,instancia de,universidad pública,honduras
Universidad de San Carlos de Guatemala,instancia de,editor de acceso abierto,honduras
Universidad de San Carlos de Guatemala,himno,Gaudeamus igitur,honduras
Universidad de San Carlos de Guatemala,fundador,Carlos II de España,honduras
Juticalpa,diferente de,Juticalpa,honduras
Juticalpa,país,Honduras,honduras
Juticalpa,instancia de,gran ciudad,honduras
Juticalpa,instancia de,municipio de Honduras,honduras
La Esperanza,país,Honduras,honduras
La Esperanza,instancia de,ciudad,honduras
La Esperanza,instancia de,municipio de Honduras,honduras
La Esperanza,situado en la entidad territorial administrativa,Departamento de Intibucá,honduras
compositor,instancia de,ocupación,honduras
compositor,instancia de,profesión musical,honduras
compositor,subclase de,autor,honduras
compositor,subclase de,músico,honduras
compositor,santo patrón,Cecilia de Roma,honduras
Premio Nacional de Arte Pablo Zelaya Sierra,país,Honduras,honduras
Premio Nacional de Arte Pablo Zelaya Sierra,instancia de,distinción,honduras
Premio Nacional de Arte Pablo Zelaya Sierra,nombrado en referencia a,Pablo Zelaya Sierra,honduras
Premio Nacional de Arte Pablo Zelaya Sierra,conferido por,Gobierno de la República de Honduras,honduras
Premio Nacional de Arte Pablo Zelaya Sierra,ganador,Rafael Manzanares Aguilar,honduras
Santa Rosa de Copán,país,Honduras,honduras
Santa Rosa de Copán,instancia de,ciudad,honduras
Santa Rosa de Copán,instancia de,municipio de Honduras,honduras
Santa Rosa de Copán,situado en la entidad territorial administrativa,Departamento de Copán,honduras
Santa Rosa de Copán,ciudad hermana,Cusco,honduras
diplomático,instancia de,profesión,honduras
diplomático,instancia de,título corporativo,honduras
diplomático,subclase de,estadista,honduras
diplomático,subclase de,alto cargo,honduras
diplomático,ámbito de la ocupación,diplomacia,honduras
Orden de la Cruz del Sur,país,Brasil,honduras
Orden de la Cruz del Sur,instancia de,orden,honduras
Orden de la Cruz del Sur,fundador,Pedro I de Brasil,honduras
Orden de la Cruz del Sur,nombrado en referencia a,Crux,honduras
Universidad de Boston,país,Estados Unidos,honduras
Universidad de Boston,instancia de,universidad,honduras
Universidad de Boston,instancia de,institución educativa privada sin fines de lucro,honduras
Universidad de Boston,instancia de,editor de acceso abierto,honduras
Universidad de Boston,situado en la entidad territorial administrativa,Boston,honduras
botánico,instancia de,profesión,honduras
botánico,subclase de,biólogo,honduras
botánico,ámbito de la ocupación,botánica,honduras
botánico,categoría principal del tema,Categoría:Botánicos,honduras
botánico,plantilla principal del tema,Plantilla:Botánico,honduras
Universidad de Colorado,país,Estados Unidos,honduras
Universidad de Colorado,instancia de,universidad,honduras
Universidad de Colorado,ubicación de la sede,Denver,honduras
Universidad de Colorado,filial,Universidad de Colorado en Boulder,honduras
Universidad de Colorado,filial,Universidad de Colorado en Denver,honduras
escritor,instancia de,profesión,honduras
escritor,instancia de,ocupación,honduras
escritor,subclase de,autor,honduras
escritor,subclase de,artista,honduras
Concepción de María,país,Honduras,honduras
Concepción de María,instancia de,municipio de Honduras,honduras
Concepción de María,situado en la entidad territorial administrativa,Departamento de Choluteca,honduras
Concepción de María,diferente de,Concepción de María,honduras
La Lima,país,Honduras,honduras
La Lima,instancia de,municipio de Honduras,honduras
La Lima,situado en la entidad territorial administrativa,Departamento de Cortés,honduras
La Unión,país,Honduras,honduras
La Unión,instancia de,municipio de Honduras,honduras
La Unión,situado en la entidad territorial administrativa,Departamento de Copán,honduras
juez,instancia de,embede,honduras
juez,instancia de,profesión jurídica,honduras
juez,instancia de,grupo de ocupaciones de la CIUO,honduras
juez,subclase de,jurista,honduras
cantante,instancia de,grupo de ocupaciones de la CIUO,honduras
cantante,instancia de,ocupación en la música,honduras
cantante,subclase de,músico,honduras
cantante,ámbito de la ocupación,canto,honduras
artista,instancia de,ocupación,honduras
artista,instancia de,profesión artística,honduras
artista,subclase de,creador,honduras
artista,santo patrón,Fra Angelico,honduras
Departamento de Comayagua,país,Honduras,honduras
Departamento de Comayagua,instancia de,departamento de Honduras,honduras
Departamento de Comayagua,capital,Comayagua,honduras
Departamento de Comayagua,comparte fronteras con,Departamento de Intibucá,honduras
Departamento de Comayagua,comparte fronteras con,Departamento de Santa Bárbara,honduras
Departamento de El Paraíso,país,Honduras,honduras
Departamento de El Paraíso,instancia de,departamento de Honduras,honduras
Departamento de El Paraíso,capital,Yuscarán,honduras
Departamento de El Paraíso,comparte fronteras con,Departamento de Nueva Segovia,honduras
Departamento de El Paraíso,comparte fronteras con,Departamento de Jinotega,honduras
Rafael Coello Ramos,Lugar de nacimiento,Comayagüela,honduras
Rafael Coello Ramos,Ocupación,compositor,honduras
Rafael Coello Ramos,Ciudadanía,Honduras,honduras
Rafael Coello Ramos,Premio recibido,Orden de Francisco Morazán,honduras
Rafael Coello Ramos,Fecha de nacimiento,1877-12-12,honduras
Rafael Coello Ramos,Fecha de defunción,1967-01-01,honduras
Rafael Coello Ramos,Ocupación,compositor de canciones,honduras
Rafael Coello Ramos,Ocupación,letrista,honduras
Óscar Boniek García,Lugar de nacimiento,Tegucigalpa,honduras
Óscar Boniek García,Ocupación,futbolista,honduras
Óscar Boniek García,Ciudadanía,Honduras,honduras
Óscar Boniek García,Fecha de nacimiento,1984-09-04,honduras
Jimmy Stewart,Lugar de nacimiento,Puerto Cortés,honduras
Jimmy Stewart,Ocupación,futbolista,honduras
Jimmy Stewart,Ciudadanía,Honduras,honduras
Jimmy Stewart,Fecha de nacimiento,1946-12-09,honduras
José María Reyes Mata,Lugar de nacimiento,San Francisco de Yojoa,honduras
José María Reyes Mata,Ocupación,médico,honduras
José María Reyes Mata,Ciudadanía,Honduras,honduras
José María Reyes Mata,Fecha de nacimiento,1943-10-05,honduras
José María Reyes Mata,Fecha de defunción,1983-01-01,honduras
José María Reyes Mata,Ocupación,político,honduras
Carlos Flores Facussé,Lugar de nacimiento,Tegucigalpa,honduras
Carlos Flores Facussé,Ocupación,político,honduras
Carlos Flores Facussé,Ciudadanía,Honduras,honduras
Carlos Flores Facussé,Educado en,Universidad Estatal de Luisiana,honduras
Carlos Flores Facussé,Cargo,Presidente del Congreso Nacional de Honduras,honduras
Carlos Flores Facussé,Fecha de nacimiento,1950-03-10,honduras
Carlos Flores Facussé,Ocupación,emprendedor,honduras
Carlos Flores Facussé,Educado en,American School of Tegucigalpa,honduras
Carlos Flores Facussé,Cargo,presidente de Honduras,honduras
Carlos Flores Facussé,Cargo,diputado del Congreso Nacional de Honduras,honduras
Reinaldo Llanta,Lugar de nacimiento,Cali,honduras
Reinaldo Llanta,Ocupación,entrenador,honduras
Reinaldo Llanta,Ciudadanía,Colombia,honduras
Reinaldo Llanta,Educado en,Universidad del Valle,honduras
Reinaldo Llanta,Fecha de nacimiento,1957-04-16,honduras
Reinaldo Llanta,Ocupación,futbolista,honduras
Reinaldo Llanta,Ciudadanía,Honduras,honduras
Fernando Bulnes,Lugar de nacimiento,Tegucigalpa,honduras
Fernando Bulnes,Ocupación,futbolista,honduras
Fernando Bulnes,Ciudadanía,Honduras,honduras
Fernando Bulnes,Fecha de nacimiento,1946-10-21,honduras
Donis Escober,Lugar de nacimiento,San Ignacio,honduras
Donis Escober,Ocupación,futbolista,honduras
Donis Escober,Ciudadanía,Honduras,honduras
Donis Escober,Fecha de nacimiento,1981-02-03,honduras
Juan Lindo y Zelaya,Lugar de nacimiento,Tegucigalpa,honduras
Juan Lindo y Zelaya,Ocupación,abogado,honduras
Juan Lindo y Zelaya,Ciudadanía,España,honduras
Juan Lindo y Zelaya,Educado en,Universidad de San Carlos de Guatemala,honduras
Juan Lindo y Zelaya,Cargo,presidente de Honduras,honduras
Juan Lindo y Zelaya,Fecha de nacimiento,1790-05-16,honduras
Juan Lindo y Zelaya,Fecha de defunción,1857-04-23,honduras
Juan Lindo y Zelaya,Ocupación,político,honduras
Juan Lindo y Zelaya,Ciudadanía,Honduras,honduras
Juan Lindo y Zelaya,Ciudadanía,El Salvador,honduras
Juan Lindo y Zelaya,Ciudadanía,República Federal de Centroamérica,honduras
Juan Lindo y Zelaya,Cargo,jefe supremo del Estado de El Salvador,honduras
Wilmer Velásquez,Lugar de nacimiento,San Pedro Sula,honduras
Wilmer Velásquez,Ocupación,político,honduras
Wilmer Velásquez,Ciudadanía,Honduras,honduras
Wilmer Velásquez,Cargo,diputado del Congreso Nacional de Honduras,honduras
Wilmer Velásquez,Fecha de nacimiento,1972-04-28,honduras
Wilmer Velásquez,Ocupación,futbolista,honduras
Luis Ramos,Lugar de nacimiento,San Pedro Sula,honduras
Luis Ramos,Ocupación,futbolista,honduras
Luis Ramos,Ciudadanía,Honduras,honduras
Luis Ramos,Fecha de nacimiento,1985-04-11,honduras
Aurelio (músico),Lugar de nacimiento,Plaplaya,honduras
Aurelio (músico),Ocupación,político,honduras
Aurelio (músico),Ciudadanía,Honduras,honduras
Aurelio (músico),Cargo,diputado del Congreso Nacional de Honduras,honduras
Aurelio (músico),Fecha de nacimiento,1969-09-25,honduras
Aurelio (músico),Fecha de defunción,2025-03-17,honduras
Aurelio (músico),Ocupación,músico,honduras
Aurelio (músico),Ocupación,guitarrista,honduras
Aurelio (músico),Ocupación,percusionista,honduras
Aarón Bardales,Lugar de nacimiento,Honduras,honduras
Aarón Bardales,Ocupación,futbolista,honduras
Aarón Bardales,Ciudadanía,Honduras,honduras
Aarón Bardales,Fecha de nacimiento,1985-12-03,honduras
Ramón Villeda Morales,Lugar de nacimiento,Ocotepeque,honduras
Ramón Villeda Morales,Ocupación,político,honduras
Ramón Villeda Morales,Ciudadanía,Honduras,honduras
Ramón Villeda Morales,Educado en,Universidad Humboldt de Berlín,honduras
Ramón Villeda Morales,Cargo,presidente de Honduras,honduras
Ramón Villeda Morales,Fecha de nacimiento,1909-11-26,honduras
Ramón Villeda Morales,Fecha de defunción,1971-10-08,honduras
Ramón Villeda Morales,Educado en,Universidad Nacional Autónoma de Honduras,honduras
Carlos Pastrana,Ocupación,árbitro de fútbol,honduras
Carlos Pastrana,Ciudadanía,Honduras,honduras
Carlos Pastrana,Fecha de nacimiento,1968-11-27,honduras
Billy Joya,Lugar de nacimiento,Tegucigalpa,honduras
Billy Joya,Ocupación,político,honduras
Billy Joya,Ciudadanía,Honduras,honduras
Billy Joya,Educado en,Instituto del Hemisferio Occidental para la Cooperación en Seguridad,honduras
Billy Joya,Fecha de nacimiento,2000-01-01,honduras
Billy Joya,Educado en,Academia Militar de Honduras General Francisco Morazán,honduras
Billy Joya,Educado en,Instituto San Francisco,honduras
Romell Quioto,Lugar de nacimiento,Balfate,honduras
Romell Quioto,Ocupación,futbolista,honduras
Romell Quioto,Ciudadanía,Honduras,honduras
Romell Quioto,Fecha de nacimiento,1991-08-09,honduras
Carlos Roberto Reina Idiáquez,Lugar de nacimiento,Tegucigalpa,honduras
Carlos Roberto Reina Idiáquez,Ocupación,juez,honduras
Carlos Roberto Reina Idiáquez,Ciudadanía,Honduras,honduras
Carlos Roberto Reina Idiáquez,Educado en,Universidad Nacional Autónoma de Honduras,honduras
Carlos Roberto Reina Idiáquez,Cargo,presidente de Honduras,honduras
Carlos Roberto Reina Idiáquez,Fecha de nacimiento,1926-03-13,honduras
Carlos Roberto Reina Idiáquez,Fecha de defunción,2003-08-19,honduras
Carlos Roberto Reina Idiáquez,Ocupación,abogado,honduras
Carlos Roberto Reina Idiáquez,Ocupación,político,honduras
Carlos Roberto Reina Idiáquez,Ocupación,diplomático,honduras
Carlos Roberto Reina Idiáquez,Cargo,embajador de Honduras en Francia,honduras
Juan Alberto Melgar Castro,Lugar de nacimiento,Marcala,honduras
Juan Alberto Melgar Castro,Ocupación,político,honduras
Juan Alberto Melgar Castro,Ciudadanía,Honduras,honduras
Juan Alberto Melgar Castro,Educado en,Academia Militar de Honduras General Francisco Morazán,honduras
Juan Alberto Melgar Castro,Cargo,presidente de Honduras,honduras
Juan Alberto Melgar Castro,Premio recibido,Collar de la Orden de Isabel la Católica,honduras
Juan Alberto Melgar Castro,Fecha de nacimiento,1930-06-26,honduras
Juan Alberto Melgar Castro,Fecha de defunción,1987-12-02,honduras
Policarpo Paz García,Lugar de nacimiento,Goascorán,honduras
Policarpo Paz García,Ocupación,político,honduras
Policarpo Paz García,Ciudadanía,Honduras,honduras
Policarpo Paz García,Educado en,Academia Militar de Honduras General Francisco Morazán,honduras
Policarpo Paz García,Cargo,presidente de Honduras,honduras
Policarpo Paz García,Fecha de nacimiento,1932-12-07,honduras
Policarpo Paz García,Fecha de defunción,2000-04-16,honduras
Policarpo Paz García,Ocupación,líder militar,honduras
Comayagüela,país,Honduras,honduras
Comayagüela,instancia de,entidad territorial administrativa,honduras
Comayagüela,situado en la entidad territorial administrativa,Distrito Central,honduras
Comayagüela,situado cerca del cuerpo de agua,Río Choluteca,honduras
Orden de Francisco Morazán,país,Honduras,honduras
Orden de Francisco Morazán,instancia de,orden,honduras
Orden de Francisco Morazán,conferido por,presidente de Honduras,honduras
Orden de Francisco Morazán,diferente de,Orden Parlamento Centroamericano Francisco Morazán,honduras
Orden de Francisco Morazán,categoría para los galardonados con este premio,Categoría:Ganadores de la Orden de Francisco Morazán,honduras
San Francisco de Yojoa,país,Honduras,honduras
San Francisco de Yojoa,instancia de,municipio de Honduras,honduras
San Francisco de Yojoa,situado en la entidad territorial administrativa,Departamento de Cortés,honduras
San Francisco de Yojoa,diferente de,San Francisco de Yojoa,honduras
médico,lista de interés para el proyecto Wikimedia,Wikipedia:Lista de artículos que toda Wikipedia debería tener/Expandida,honduras
médico,instancia de,profesión sanitaria,honduras
médico,instancia de,cargo,honduras
médico,instancia de,ocupación,honduras
Presidente del Congreso Nacional de Honduras,país,Honduras,honduras
Presidente del Congreso Nacional de Honduras,instancia de,cargo,honduras
Presidente del Congreso Nacional de Honduras,subclase de,presidente del parlamento,honduras
Presidente del Congreso Nacional de Honduras,subclase de,diputado del Congreso Nacional de Honduras,honduras
Presidente del Congreso Nacional de Honduras,forma parte de,Congreso Nacional de Honduras,honduras
Cali,país,Colombia,honduras
Cali,instancia de,ciudad,honduras
Cali,instancia de,gran ciudad,honduras
Cali,instancia de,municipio de Colombia,honduras
Cali,fundador,Sebastián de Belalcázar,honduras
Colombia,jefe de gobierno,Gustavo Petro,honduras
Colombia,continente,América del Sur,honduras
Colombia,instancia de,país,honduras
Colombia,instancia de,república,honduras
Colombia,instancia de,Estado laico,honduras
Universidad del Valle,categoría para las personas que estudiaron en esta institución,Categoría:Alumnado de la Universidad del Valle,honduras
Universidad del Valle,categoría para empleados de la organización,Categoría:Profesores de la Universidad del Valle,honduras
Universidad del Valle,país,Colombia,honduras
Universidad del Valle,instancia de,universidad,honduras
San Ignacio,país,Honduras,honduras
San Ignacio,instancia de,municipio de Honduras,honduras
San Ignacio,situado en la entidad territorial administrativa,Departamento de Francisco Morazán,honduras
España,jefe de gobierno,Pedro Sánchez,honduras
España,continente,Europa,honduras
España,instancia de,país,honduras
España,instancia de,Estado nación,honduras
España,instancia de,reino,honduras
presidente de Honduras,país,Honduras,honduras
presidente de Honduras,instancia de,cargo público,honduras
presidente de Honduras,subclase de,presidente de la Republica,honduras
presidente de Honduras,subclase de,jefe del Gobierno,honduras
Plaplaya,país,Honduras,honduras
Plaplaya,instancia de,pueblo,honduras
Plaplaya,situado en la entidad territorial administrativa,Departamento de Gracias a Dios,honduras
Ocotepeque,país,Honduras,honduras
Ocotepeque,instancia de,ciudad,honduras
Ocotepeque,instancia de,municipio de Honduras,honduras
Ocotepeque,situado en la entidad territorial administrativa,departamento de Ocotepeque,honduras
Universidad Humboldt de Berlín,país,Alemania,honduras
Universidad Humboldt de Berlín,instancia de,editor de acceso abierto,honduras
Universidad Humboldt de Berlín,instancia de,universidad pública de investigación,honduras
árbitro de fútbol,instancia de,profesión,honduras
árbitro de fútbol,subclase de,árbitro,honduras
árbitro de fútbol,subclase de,oficial del partido,honduras
Instituto del Hemisferio Occidental para la Cooperación en Seguridad,país,Estados Unidos,honduras
Instituto del Hemisferio Occidental para la Cooperación en Seguridad,instancia de,escuela,honduras
Instituto del Hemisferio Occidental para la Cooperación en Seguridad,instancia de,escuela militar,honduras
Instituto del Hemisferio Occidental para la Cooperación en Seguridad,situado en la entidad territorial administrativa,Columbus,honduras
Instituto del Hemisferio Occidental para la Cooperación en Seguridad,operador,Ejército de los Estados Unidos,honduras
Marcala,país,Honduras,honduras
Marcala,instancia de,municipio de Honduras,honduras
Marcala,situado en la entidad territorial administrativa,Departamento de La Paz,honduras
Marcala,diferente de,Marcala,honduras
Academia Militar de Honduras General Francisco Morazán,país,Timor Oriental,honduras
Academia Militar de Honduras General Francisco Morazán,instancia de,institución académica,honduras
Academia Militar de Honduras General Francisco Morazán,categoría para las personas que estudiaron en esta institución,Categoría:Alumnado de la Escuela Militar de Honduras,honduras
Goascorán,país,Honduras,honduras
Goascorán,instancia de,municipio de Honduras,honduras
Goascorán,situado en la entidad territorial administrativa,Departamento de Valle,honduras
Goascorán,diferente de,Goascorán,honduras
Manuel Bueso Pineda,Lugar de nacimiento,Santa Rosa de Copán,honduras
Manuel Bueso Pineda,Ocupación,empresario,honduras
Manuel Bueso Pineda,Ciudadanía,Honduras,honduras
Manuel Bueso Pineda,Fecha de nacimiento,1893-09-01,honduras
Manuel Bueso Pineda,Fecha de defunción,1968-06-23,honduras
Manuel Bueso Pineda,Ocupación,político,honduras
Mary Elizabeth Flores,Lugar de nacimiento,Tegucigalpa,honduras
Mary Elizabeth Flores,Ocupación,abogado,honduras
Mary Elizabeth Flores,Ciudadanía,Honduras,honduras
Mary Elizabeth Flores,Educado en,Universidad Nacional Autónoma de Honduras,honduras
Mary Elizabeth Flores,Cargo,diputado del Congreso Nacional de Honduras,honduras
Mary Elizabeth Flores,Fecha de nacimiento,1973-12-06,honduras
Mary Elizabeth Flores,Ocupación,político,honduras
Mary Elizabeth Flores,Ocupación,diplomático,honduras
María Martha Díaz Velásquez,Lugar de nacimiento,Tegucigalpa,honduras
María Martha Díaz Velásquez,Ocupación,empresario,honduras
María Martha Díaz Velásquez,Ciudadanía,Honduras,honduras
María Martha Díaz Velásquez,Fecha de nacimiento,1951-08-30,honduras
María Martha Díaz Velásquez,Ocupación,político,honduras
Maximiliano Ramírez Euceda,Lugar de nacimiento,Caridad,honduras
Maximiliano Ramírez Euceda,Ocupación,pintor,honduras
Maximiliano Ramírez Euceda,Ciudadanía,Honduras,honduras
Maximiliano Ramírez Euceda,Fecha de nacimiento,1891-01-01,honduras
Maximiliano Ramírez Euceda,Fecha de defunción,1987-01-01,honduras
Melina Pineda,Lugar de nacimiento,Tegucigalpa,honduras
Melina Pineda,Ocupación,cantante,honduras
Melina Pineda,Ciudadanía,Honduras,honduras
Melina Pineda,Fecha de nacimiento,1973-02-21,honduras
Miguel Rodrigo Pastor,Lugar de nacimiento,San Pedro Sula,honduras
Miguel Rodrigo Pastor,Ocupación,empresario,honduras
Miguel Rodrigo Pastor,Ciudadanía,Honduras,honduras
Miguel Rodrigo Pastor,Educado en,Universidad Nacional Autónoma de Honduras,honduras
Miguel Rodrigo Pastor,Fecha de nacimiento,1965-12-22,honduras
Miguel Rodrigo Pastor,Ocupación,político,honduras
Modesto Rodas Alvarado,Lugar de nacimiento,Sabanagrande,honduras
Modesto Rodas Alvarado,Ocupación,abogado,honduras
Modesto Rodas Alvarado,Ciudadanía,Honduras,honduras
Modesto Rodas Alvarado,Educado en,Universidad Nacional Autónoma de Honduras,honduras
Modesto Rodas Alvarado,Cargo,Presidente del Congreso Nacional de Honduras,honduras
Modesto Rodas Alvarado,Fecha de nacimiento,1921-03-15,honduras
Modesto Rodas Alvarado,Fecha de defunción,1979-07-10,honduras
Modesto Rodas Alvarado,Ocupación,político,honduras
Moisés Becerra,Lugar de nacimiento,Dulce Nombre,honduras
Moisés Becerra,Ocupación,pintor,honduras
Moisés Becerra,Ciudadanía,Honduras,honduras
Moisés Becerra,Fecha de nacimiento,1926-12-26,honduras
Moisés Becerra,Fecha de defunción,2018-11-30,honduras
Odis Borjas,Lugar de nacimiento,Puerto Cortés,honduras
Odis Borjas,Ocupación,futbolista,honduras
Odis Borjas,Ciudadanía,Honduras,honduras
Odis Borjas,Fecha de nacimiento,1987-10-03,honduras
Pablo Zelaya Sierra,Lugar de nacimiento,Tegucigalpa,honduras
Pablo Zelaya Sierra,Ocupación,pintor,honduras
Pablo Zelaya Sierra,Ciudadanía,Honduras,honduras
Pablo Zelaya Sierra,Fecha de nacimiento,1896-10-30,honduras
Pablo Zelaya Sierra,Fecha de defunción,1933-01-01,honduras
Irbin Guerrero,Lugar de nacimiento,Sonaguera,honduras
Irbin Guerrero,Ocupación,futbolista,honduras
Irbin Guerrero,Ciudadanía,Honduras,honduras
Irbin Guerrero,Fecha de nacimiento,1984-04-26,honduras
Irvin Reyna,Lugar de nacimiento,Tela,honduras
Irvin Reyna,Ocupación,entrenador,honduras
Irvin Reyna,Ciudadanía,Honduras,honduras
Irvin Reyna,Fecha de nacimiento,1987-06-07,honduras
Irvin Reyna,Ocupación,futbolista,honduras
Ricardo Agurcia Fasquelle,Lugar de nacimiento,Tegucigalpa,honduras
Ricardo Agurcia Fasquelle,Ocupación,arqueólogo,honduras
Ricardo Agurcia Fasquelle,Ciudadanía,Honduras,honduras
Ricardo Agurcia Fasquelle,Educado en,Universidad Duke,honduras
Ricardo Agurcia Fasquelle,Fecha de nacimiento,1952-01-01,honduras
Ricardo Barrios,Lugar de nacimiento,La Ceiba,honduras
Ricardo Barrios,Ocupación,futbolista,honduras
Ricardo Barrios,Ciudadanía,Honduras,honduras
Ricardo Barrios,Fecha de nacimiento,1994-02-22,honduras
Rómulo Ernesto Durón,Lugar de nacimiento,Comayagüela,honduras
Rómulo Ernesto Durón,Ocupación,juez,honduras
Rómulo Ernesto Durón,Ciudadanía,Honduras,honduras
Rómulo Ernesto Durón,Educado en,Universidad Nacional Autónoma de Honduras,honduras
Rómulo Ernesto Durón,Fecha de nacimiento,1865-07-06,honduras
Rómulo Ernesto Durón,Fecha de defunción,1942-08-13,honduras
Rómulo Ernesto Durón,Ocupación,escritor,honduras
Rómulo Ernesto Durón,Ocupación,abogado,honduras
Rómulo Ernesto Durón,Ocupación,político,honduras
Samuel Trigueros,Lugar de nacimiento,Tegucigalpa,honduras
Samuel Trigueros,Ocupación,guionista,honduras
Samuel Trigueros,Ciudadanía,Honduras,honduras
Samuel Trigueros,Fecha de nacimiento,1967-01-01,honduras
Samuel Trigueros,Ocupación,actor,honduras
Samuel Trigueros,Ocupación,escritor,honduras
Samuel Trigueros,Ocupación,poeta,honduras
Samuel Trigueros,Ocupación,editor,honduras
Samuel Trigueros,Ocupación,director de teatro,honduras
Samuel Trigueros,Ocupación,libretista,honduras
Samuel Trigueros,Ocupación,escritor de cuentos,honduras
Samuel Trigueros,Fecha de nacimiento,1967-02-07,honduras
Jaime Rosales,Lugar de nacimiento,Olanchito,honduras
Jaime Rosales,Ocupación,futbolista,honduras
Jaime Rosales,Ciudadanía,Honduras,honduras
Jaime Rosales,Fecha de nacimiento,1978-06-08,honduras
Javier Arnaldo Portillo,Lugar de nacimiento,Morolica,honduras
Javier Arnaldo Portillo,Ocupación,futbolista,honduras
Javier Arnaldo Portillo,Ciudadanía,Honduras,honduras
Javier Arnaldo Portillo,Fecha de nacimiento,1981-06-10,honduras
Javier Hernández Maradiaga,Lugar de nacimiento,Puerto Cortés,honduras
Javier Hernández Maradiaga,Ocupación,nadador,honduras
Javier Hernández Maradiaga,Ciudadanía,Honduras,honduras
Javier Hernández Maradiaga,Fecha de nacimiento,1988-05-08,honduras
Javier Omar Martínez,Lugar de nacimiento,San Pedro Sula,honduras
Javier Omar Martínez,Ocupación,entrenador,honduras
Javier Omar Martínez,Ciudadanía,Honduras,honduras
Javier Omar Martínez,Fecha de nacimiento,1971-12-06,honduras
Javier Omar Martínez,Ocupación,futbolista,honduras
Caridad,país,Honduras,honduras
Caridad,instancia de,municipio de Honduras,honduras
Caridad,situado en la entidad territorial administrativa,Departamento de Valle,honduras
Caridad,diferente de,Caridad,honduras
pintor,instancia de,ocupación,honduras
pintor,instancia de,profesión artística,honduras
pintor,subclase de,artista visual,honduras
pintor,santo patrón,Lucas el Evangelista,honduras
pintor,ámbito de la ocupación,pintura,honduras
Sabanagrande,país,Honduras,honduras
Sabanagrande,instancia de,municipio de Honduras,honduras
Sabanagrande,situado en la entidad territorial administrativa,Departamento de Francisco Morazán,honduras
Dulce Nombre,país,Honduras,honduras
Dulce Nombre,instancia de,municipio de Honduras,honduras
Dulce Nombre,situado en la entidad territorial administrativa,Departamento de Copán,honduras
Dulce Nombre,diferente de,Dulce Nombre,honduras
arqueólogo,instancia de,profesión,honduras
arqueólogo,instancia de,ocupación,honduras
arqueólogo,subclase de,académico de humanidades,honduras
arqueólogo,subclase de,académico de la cultura,honduras
arqueólogo,santo patrón,Jerónimo,honduras
Universidad Duke,país,Estados Unidos,honduras
Universidad Duke,instancia de,universidad,honduras
Universidad Duke,instancia de,institución educativa privada sin fines de lucro,honduras
Universidad Duke,instancia de,editor de acceso abierto,honduras
Universidad Duke,campo de trabajo,investigación,honduras
guionista,sujeto tiene rol,escritor,honduras
guionista,instancia de,profesión del cine,honduras
guionista,género,guion,honduras
guionista,subclase de,escritor,honduras
Morolica,país,Honduras,honduras
Morolica,instancia de,municipio de Honduras,honduras
Morolica,situado en la entidad territorial administrativa,Departamento de Choluteca,honduras
Morolica,diferente de,Morolica,honduras
nadador,instancia de,ocupación,honduras
nadador,subclase de,deportista,honduras
nadador,ámbito de la ocupación,natación,honduras
Óscar Andrés Rodríguez Maradiaga,Lugar de nacimiento,Tegucigalpa,honduras
Óscar Andrés Rodríguez Maradiaga,Ocupación,obispo católico,honduras
Óscar Andrés Rodríguez Maradiaga,Ciudadanía,Honduras,honduras
Óscar Andrés Rodríguez Maradiaga,Educado en,Universidad de Innsbruck,honduras
Óscar Andrés Rodríguez Maradiaga,Cargo,cardenal,honduras
Óscar Andrés Rodríguez Maradiaga,Premio recibido,Gran Cruz de la Orden El Sol del Perú,honduras
Óscar Andrés Rodríguez Maradiaga,Fecha de nacimiento,1942-12-29,honduras
Óscar Andrés Rodríguez Maradiaga,Ocupación,profesor universitario,honduras
Óscar Andrés Rodríguez Maradiaga,Ocupación,sacerdote católico,honduras
Óscar Andrés Rodríguez Maradiaga,Premio recibido,Brassavola de oro,honduras
Óscar Andrés Rodríguez Maradiaga,Premio recibido,Doctores honoris causa por la Pontificia Universidad Católica del Perú,honduras
Óscar Andrés Rodríguez Maradiaga,Premio recibido,honorary doctorate from the University of Parma,honduras
Óscar Andrés Rodríguez Maradiaga,Cargo,obispo auxiliar,honduras
Óscar Andrés Rodríguez Maradiaga,Cargo,obispo titular,honduras
Óscar Andrés Rodríguez Maradiaga,Cargo,Arzobispo de Tegucigalpa,honduras
Roberto Micheletti,Lugar de nacimiento,El Progreso,honduras
Roberto Micheletti,Ocupación,político,honduras
Roberto Micheletti,Ciudadanía,Honduras,honduras
Roberto Micheletti,Cargo,Presidente del Congreso Nacional de Honduras,honduras
Roberto Micheletti,Fecha de nacimiento,1943-08-13,honduras
Roberto Micheletti,Ocupación,emprendedor,honduras
Roberto Micheletti,Cargo,presidente de Honduras,honduras
Wilson Palacios,Lugar de nacimiento,La Ceiba,honduras
Wilson Palacios,Ocupación,futbolista,honduras
Wilson Palacios,Ciudadanía,Honduras,honduras
Wilson Palacios,Fecha de nacimiento,1984-07-29,honduras
Edder Delgado,Lugar de nacimiento,San Manuel,honduras
Edder Delgado,Ocupación,entrenador,honduras
Edder Delgado,Ciudadanía,Honduras,honduras
Edder Delgado,Fecha de nacimiento,1986-11-20,honduras
Edder Delgado,Ocupación,futbolista,honduras
Maynor Figueroa,Lugar de nacimiento,Jutiapa,honduras
Maynor Figueroa,Ocupación,futbolista,honduras
Maynor Figueroa,Ciudadanía,Honduras,honduras
Maynor Figueroa,Fecha de nacimiento,1983-05-02,honduras
Edgard Álvarez,Lugar de nacimiento,Puerto Cortés,honduras
Edgard Álvarez,Ocupación,futbolista,honduras
Edgard Álvarez,Ciudadanía,Honduras,honduras
Edgard Álvarez,Fecha de nacimiento,1980-01-18,honduras
Diego Vigil,Lugar de nacimiento,Tegucigalpa,honduras
Diego Vigil,Ocupación,abogado,honduras
Diego Vigil,Ciudadanía,Honduras,honduras
Diego Vigil,Educado en,Universidad Nacional Autónoma de Nicaragua-León,honduras
Diego Vigil,Cargo,presidente de Honduras,honduras
Diego Vigil,Fecha de defunción,1845-01-10,honduras
Diego Vigil,Ocupación,político,honduras
Diego Vigil,Ciudadanía,El Salvador,honduras
Diego Vigil,Cargo,presidente de la República Federal de Centro América,honduras
Diego Vigil,Cargo,jefe supremo del Estado de El Salvador,honduras
Francisco Morazán,Lugar de nacimiento,Tegucigalpa,honduras
Francisco Morazán,Ocupación,escritor,honduras
Francisco Morazán,Ciudadanía,España,honduras
Francisco Morazán,Cargo,presidente de El Salvador,honduras
Francisco Morazán,Fecha de nacimiento,1792-10-03,honduras
Francisco Morazán,Fecha de defunción,1842-09-15,honduras
Francisco Morazán,Ocupación,político,honduras
Francisco Morazán,Ocupación,soldado,honduras
Francisco Morazán,Ciudadanía,Honduras,honduras
Francisco Morazán,Ciudadanía,El Salvador,honduras
Francisco Morazán,Cargo,presidente de Honduras,honduras
Francisco Morazán,Cargo,presidente de la República Federal de Centro América,honduras
Francisco Morazán,Cargo,jefe supremo del Estado de El Salvador,honduras
Julio Lozano Díaz,Lugar de nacimiento,Hong Kong británico,honduras
Julio Lozano Díaz,Ocupación,político,honduras
Julio Lozano Díaz,Ciudadanía,Honduras,honduras
Julio Lozano Díaz,Cargo,presidente de Honduras,honduras
Julio Lozano Díaz,Fecha de nacimiento,1885-03-27,honduras
Julio Lozano Díaz,Fecha de defunción,1957-08-20,honduras
Saúl Martínez,Lugar de nacimiento,Departamento de Colón,honduras
Saúl Martínez,Ocupación,futbolista,honduras
Saúl Martínez,Ciudadanía,Honduras,honduras
Saúl Martínez,Fecha de nacimiento,1976-01-29,honduras
César Ham,Ocupación,político,honduras
César Ham,Ciudadanía,Colombia,honduras
César Ham,Cargo,diputado del Congreso Nacional de Honduras,honduras
César Ham,Fecha de nacimiento,1973-07-23,honduras
César Ham,Ciudadanía,Honduras,honduras
José de la Cruz Turcios y Barahona,Lugar de nacimiento,Departamento de Choluteca,honduras
José de la Cruz Turcios y Barahona,Ocupación,sacerdote católico,honduras
José de la Cruz Turcios y Barahona,Ciudadanía,Honduras,honduras
José de la Cruz Turcios y Barahona,Cargo,obispo auxiliar,honduras
José de la Cruz Turcios y Barahona,Fecha de nacimiento,1884-09-01,honduras
José de la Cruz Turcios y Barahona,Fecha de defunción,1968-07-08,honduras
José de la Cruz Turcios y Barahona,Ocupación,obispo católico,honduras
José de la Cruz Turcios y Barahona,Cargo,obispo titular,honduras
José de la Cruz Turcios y Barahona,Cargo,arzobispo titular,honduras
José de la Cruz Turcios y Barahona,Cargo,Arzobispo de Tegucigalpa,honduras
Roger Rojas,Lugar de nacimiento,Tegucigalpa,honduras
Roger Rojas,Ocupación,futbolista,honduras
Roger Rojas,Ciudadanía,Honduras,honduras
Roger Rojas,Fecha de nacimiento,1990-06-09,honduras
Rafael López Gutiérrez,Lugar de nacimiento,Tegucigalpa,honduras
Rafael López Gutiérrez,Ocupación,político,honduras
Rafael López Gutiérrez,Ciudadanía,Honduras,honduras
Rafael López Gutiérrez,Educado en,Academia Militar de Honduras General Francisco Morazán,honduras
Rafael López Gutiérrez,Cargo,presidente de Honduras,honduras
Rafael López Gutiérrez,Fecha de nacimiento,1855-02-28,honduras
Rafael López Gutiérrez,Fecha de defunción,1924-03-10,honduras
Manuel Zelaya,Lugar de nacimiento,Catacamas,honduras
Manuel Zelaya,Ocupación,político,honduras
Manuel Zelaya,Ciudadanía,Honduras,honduras
Manuel Zelaya,Educado en,Instituto Salesiano San Miguel,honduras
Manuel Zelaya,Cargo,presidente de Honduras,honduras
Manuel Zelaya,Premio recibido,Orden de Francisco Morazán,honduras
Manuel Zelaya,Fecha de nacimiento,1952-09-20,honduras
Manuel Zelaya,Cargo,diputado del Congreso Nacional de Honduras,honduras
David Suazo,Lugar de nacimiento,San Pedro Sula,honduras
David Suazo,Ocupación,futbolista,honduras
David Suazo,Ciudadanía,Honduras,honduras
David Suazo,Fecha de nacimiento,1979-11-05,honduras
Valeriu Marcu,Lugar de nacimiento,Bucarest,honduras
Valeriu Marcu,Ocupación,escritor,honduras
Valeriu Marcu,Ciudadanía,Rumania,honduras
Valeriu Marcu,Miembro de,Free Press and Literature League,honduras
Valeriu Marcu,Fecha de nacimiento,1899-03-08,honduras
Valeriu Marcu,Fecha de defunción,1942-07-04,honduras
Valeriu Marcu,Ocupación,poeta,honduras
Valeriu Marcu,Ocupación,historiador,honduras
Valeriu Marcu,Ocupación,biógrafo,honduras
Valeriu Marcu,Ocupación,escritor de no ficción,honduras
Valeriu Marcu,Ciudadanía,Honduras,honduras
Valeriu Marcu,Ciudadanía,Reino de Prusia,honduras
Valeriu Marcu,Miembro de,Internacional Juvenil Comunista,honduras
Valeriu Marcu,Miembro de,PEN Centre Germany,honduras
Juan Ángel Arias,Lugar de nacimiento,Comayagua,honduras
Juan Ángel Arias,Ocupación,político,honduras
Juan Ángel Arias,Ciudadanía,Honduras,honduras
Juan Ángel Arias,Cargo,presidente de Honduras,honduras
Juan Ángel Arias,Fecha de nacimiento,1800-01-01,honduras
Juan Ángel Arias,Fecha de defunción,1842-01-01,honduras
"Milton ""Chocolate"" Flores",Lugar de nacimiento,La Lima,honduras
"Milton ""Chocolate"" Flores",Ocupación,futbolista,honduras
"Milton ""Chocolate"" Flores",Ciudadanía,Honduras,honduras
"Milton ""Chocolate"" Flores",Fecha de nacimiento,1974-12-05,honduras
"Milton ""Chocolate"" Flores",Fecha de defunción,2003-01-19,honduras
Óscar Andrés Rodríguez Maradiaga,Educado en,Pontificia Universidad Lateranense,honduras
Óscar Andrés Rodríguez Maradiaga,Premio recibido,Premio Viktor Frankl,honduras
Óscar Andrés Rodríguez Maradiaga,Premio recibido,Gran Cruz del Mérito con Estrella y Cinto del Mérito de La República Federal de Alemania,honduras
Óscar Andrés Rodríguez Maradiaga,Educado en,Universidad Pontificia Salesiana,honduras
Francisco Morazán,Ciudadanía,República Federal de Centroamérica,honduras
José Justo Milla,Lugar de nacimiento,Honduras,honduras
José Justo Milla,Ocupación,político,honduras
José Justo Milla,Ciudadanía,Honduras,honduras
José Justo Milla,Cargo,presidente de Honduras,honduras
José Justo Milla,Fecha de nacimiento,1794-01-01,honduras
José Justo Milla,Fecha de defunción,1838-01-01,honduras
obispo católico,instancia de,función episcopal,honduras
obispo católico,instancia de,vocación católica,honduras
obispo católico,religión,Iglesia católica,honduras
obispo católico,subclase de,obispo,honduras
obispo católico,subclase de,sacerdote,honduras
Universidad de Innsbruck,país,Austria,honduras
Universidad de Innsbruck,instancia de,universidad pública,honduras
Universidad de Innsbruck,situado en la entidad territorial administrativa,Innsbruck,honduras
Universidad de Innsbruck,ubicación de la sede,Innsbruck,honduras
cardenal,instancia de,título,honduras
cardenal,instancia de,cargo,honduras
cardenal,instancia de,vocación católica,honduras
cardenal,título nobiliario,titulus,honduras
cardenal,religión,catolicismo,honduras
San Manuel,país,Honduras,honduras
San Manuel,instancia de,municipio de Honduras,honduras
San Manuel,situado en la entidad territorial administrativa,Departamento de Cortés,honduras
Jutiapa,país,Honduras,honduras
Jutiapa,instancia de,municipio de Honduras,honduras
Jutiapa,situado en la entidad territorial administrativa,Departamento de Atlántida,honduras
Jutiapa,diferente de,Jutiapa,honduras
Universidad Nacional Autónoma de Nicaragua-León,país,Nicaragua,honduras
Universidad Nacional Autónoma de Nicaragua-León,instancia de,universidad,honduras
Universidad Nacional Autónoma de Nicaragua-León,situado en la entidad territorial administrativa,León,honduras
Universidad Nacional Autónoma de Nicaragua-León,miembro de,Consejo Superior Universitario Centroamericano,honduras
Universidad Nacional Autónoma de Nicaragua-León,miembro de,Sistema Editorial Universitario Centroamericano,honduras
presidente de El Salvador,país,El Salvador,honduras
presidente de El Salvador,instancia de,cargo público,honduras
presidente de El Salvador,instancia de,cargo elegido,honduras
presidente de El Salvador,residencia oficial,Casa Presidencial de El Salvador,honduras
presidente de El Salvador,subclase de,presidente de la Republica,honduras
Hong Kong británico,país,Reino Unido,honduras
Hong Kong británico,continente,Asia,honduras
Hong Kong británico,instancia de,colonia de la Corona británica,honduras
Hong Kong británico,instancia de,Territorio británico dependiente,honduras
Hong Kong británico,instancia de,entidad administrativa desaparecida,honduras
Departamento de Colón,país,Honduras,honduras
Departamento de Colón,instancia de,departamento de Honduras,honduras
Departamento de Colón,capital,Trujillo,honduras
Departamento de Colón,comparte fronteras con,Departamento de Atlántida,honduras
Departamento de Colón,comparte fronteras con,Departamento de Olancho,honduras
Departamento de Choluteca,país,Honduras,honduras
Departamento de Choluteca,instancia de,departamento de Honduras,honduras
Departamento de Choluteca,capital,Choluteca,honduras
Departamento de Choluteca,comparte fronteras con,Departamento de Chinandega,honduras
Departamento de Choluteca,comparte fronteras con,Departamento de Nueva Segovia,honduras
sacerdote católico,instancia de,vocación católica,honduras
sacerdote católico,religión,catolicismo,honduras
sacerdote católico,religión,Iglesia católica,honduras
sacerdote católico,subclase de,sacerdote,honduras
sacerdote católico,subclase de,presbítero,honduras
obispo auxiliar,categoría principal del tema,Categoría:Obispos auxiliares,honduras
obispo auxiliar,diferente de,obispo coadjutor,honduras
obispo auxiliar,diferente de,obispo asistente,honduras
obispo auxiliar,instancia de,función episcopal,honduras
obispo auxiliar,instancia de,vocación católica,honduras
Instituto Salesiano San Miguel,país,Honduras,honduras
Instituto Salesiano San Miguel,instancia de,institución académica,honduras
Bucarest,país,Rumania,honduras
Bucarest,continente,Europa,honduras
Bucarest,instancia de,municipio de Rumania,honduras
Bucarest,instancia de,ciudad universitaria,honduras
Rumania,forma parte de,Unión Europea,honduras
Rumania,forma parte de,Espacio Económico Europeo,honduras
Rumania,forma parte de,Europa Oriental,honduras
Rumania,miembro de,Unión Europea,honduras
Hendry Thomas,Lugar de nacimiento,La Ceiba,honduras
Hendry Thomas,Ocupación,futbolista,honduras
Hendry Thomas,Ciudadanía,Honduras,honduras
Hendry Thomas,Fecha de nacimiento,1985-02-23,honduras
Carlos Pavón Plumer,Lugar de nacimiento,El Progreso,honduras
Carlos Pavón Plumer,Ocupación,futbolista,honduras
Carlos Pavón Plumer,Ciudadanía,Honduras,honduras
Carlos Pavón Plumer,Fecha de nacimiento,1973-10-09,honduras
Emilio Izaguirre,Lugar de nacimiento,Tegucigalpa,honduras
Emilio Izaguirre,Ocupación,futbolista,honduras
Emilio Izaguirre,Ciudadanía,Honduras,honduras
Emilio Izaguirre,Fecha de nacimiento,1986-05-10,honduras
Amado Guevara,Lugar de nacimiento,Tegucigalpa,honduras
Amado Guevara,Ocupación,entrenador,honduras
Amado Guevara,Ciudadanía,Honduras,honduras
Amado Guevara,Premio recibido,Jugador Más Valioso de la Major League Soccer,honduras
Amado Guevara,Fecha de nacimiento,1976-05-02,honduras
Amado Guevara,Ocupación,futbolista,honduras
Amado Guevara,Premio recibido,MLS Scoring Champion Award,honduras
Ramón Núñez,Lugar de nacimiento,Tegucigalpa,honduras
Ramón Núñez,Ocupación,futbolista,honduras
Ramón Núñez,Ciudadanía,Honduras,honduras
Ramón Núñez,Educado en,Escuela Preparatoria W. T. White,honduras
Ramón Núñez,Fecha de nacimiento,1985-11-14,honduras
Florencio Xatruch,Ocupación,político,honduras
Florencio Xatruch,Ciudadanía,Honduras,honduras
Florencio Xatruch,Educado en,Universidad Nacional Autónoma de Nicaragua-León,honduras
Florencio Xatruch,Cargo,presidente de Honduras,honduras
Florencio Xatruch,Fecha de nacimiento,1811-10-21,honduras
Florencio Xatruch,Fecha de defunción,1893-02-15,honduras
Florencio Xatruch,Ciudadanía,Nicaragua,honduras
Oswaldo López Arellano,Lugar de nacimiento,Danlí,honduras
Oswaldo López Arellano,Ocupación,empresario,honduras
Oswaldo López Arellano,Ciudadanía,Honduras,honduras
Oswaldo López Arellano,Educado en,Academia Militar de Honduras General Francisco Morazán,honduras
Oswaldo López Arellano,Cargo,presidente de Honduras,honduras
Oswaldo López Arellano,Premio recibido,Gran Cruz de la Orden de Isabel la Católica,honduras
Oswaldo López Arellano,Fecha de nacimiento,1921-06-30,honduras
Oswaldo López Arellano,Fecha de defunción,2010-05-16,honduras
Oswaldo López Arellano,Ocupación,político,honduras
Wilmer Crisanto,Lugar de nacimiento,La Ceiba,honduras
Wilmer Crisanto,Ocupación,futbolista,honduras
Wilmer Crisanto,Ciudadanía,Honduras,honduras
Wilmer Crisanto,Fecha de nacimiento,1989-06-24,honduras
Francisco Bertrand Barahona,Lugar de nacimiento,Juticalpa,honduras
Francisco Bertrand Barahona,Ocupación,político,honduras
Francisco Bertrand Barahona,Ciudadanía,Honduras,honduras
Francisco Bertrand Barahona,Educado en,Universidad de El Salvador,honduras
Francisco Bertrand Barahona,Cargo,presidente de Honduras,honduras
Francisco Bertrand Barahona,Fecha de nacimiento,1866-10-09,honduras
Francisco Bertrand Barahona,Fecha de defunción,1926-07-15,honduras
Policarpo Bonilla,Lugar de nacimiento,Tegucigalpa,honduras
Policarpo Bonilla,Ocupación,abogado,honduras
Policarpo Bonilla,Ciudadanía,Honduras,honduras
Policarpo Bonilla,Educado en,Universidad Nacional Autónoma de Honduras,honduras
Policarpo Bonilla,Cargo,presidente de Honduras,honduras
Policarpo Bonilla,Fecha de nacimiento,1858-03-17,honduras
Policarpo Bonilla,Fecha de defunción,1926-09-11,honduras
Policarpo Bonilla,Ocupación,político,honduras
Policarpo Bonilla,Cargo,diputado del Congreso Nacional de Honduras,honduras
Terencio Sierra,Lugar de nacimiento,San Francisco de Coray,honduras
Terencio Sierra,Ocupación,político,honduras
Terencio Sierra,Ciudadanía,Honduras,honduras
Terencio Sierra,Educado en,Universidad Nacional Autónoma de Honduras,honduras
Terencio Sierra,Cargo,presidente de Honduras,honduras
Terencio Sierra,Fecha de nacimiento,1839-11-16,honduras
Terencio Sierra,Fecha de defunción,1907-09-25,honduras
Terencio Sierra,Educado en,Colegio Tridentino de Comayagua,honduras
Francisco Bográn Barahona,Lugar de nacimiento,Departamento de Santa Bárbara,honduras
Francisco Bográn Barahona,Ocupación,político,honduras
Francisco Bográn Barahona,Ciudadanía,Honduras,honduras
Francisco Bográn Barahona,Educado en,Universidad de San Carlos de Guatemala,honduras
Francisco Bográn Barahona,Cargo,presidente de Honduras,honduras
Francisco Bográn Barahona,Fecha de nacimiento,1852-01-01,honduras
Francisco Bográn Barahona,Fecha de defunción,1926-12-07,honduras
Luis Bográn,Lugar de nacimiento,Departamento de Santa Bárbara,honduras
Luis Bográn,Ocupación,abogado,honduras
Luis Bográn,Ciudadanía,Honduras,honduras
Luis Bográn,Educado en,Universidad de San Carlos de Guatemala,honduras
Luis Bográn,Cargo,presidente de Honduras,honduras
Luis Bográn,Fecha de nacimiento,1849-06-03,honduras
Luis Bográn,Fecha de defunción,1895-07-09,honduras
Luis Bográn,Ocupación,político,honduras
Miguel Oquelí Bustillo,Lugar de nacimiento,Tegucigalpa,honduras
Miguel Oquelí Bustillo,Ocupación,político,honduras
Miguel Oquelí Bustillo,Ciudadanía,Honduras,honduras
Miguel Oquelí Bustillo,Educado en,Universidad Nacional Autónoma de Honduras,honduras
Miguel Oquelí Bustillo,Cargo,presidente de Honduras,honduras
Miguel Oquelí Bustillo,Fecha de nacimiento,1856-02-25,honduras
Miguel Oquelí Bustillo,Fecha de defunción,1938-04-18,honduras
Ponciano Leiva,Lugar de nacimiento,Ceguaca,honduras
Ponciano Leiva,Ocupación,político,honduras
Ponciano Leiva,Ciudadanía,Honduras,honduras
Ponciano Leiva,Cargo,presidente de Honduras,honduras
Ponciano Leiva,Fecha de nacimiento,1821-11-01,honduras
Ponciano Leiva,Fecha de defunción,1896-01-01,honduras
Vicente Mejía Colindres,Lugar de nacimiento,Departamento de Intibucá,honduras
Vicente Mejía Colindres,Ocupación,político,honduras
Vicente Mejía Colindres,Ciudadanía,Honduras,honduras
Vicente Mejía Colindres,Educado en,Universidad de San Carlos de Guatemala,honduras
Vicente Mejía Colindres,Cargo,presidente de Honduras,honduras
Vicente Mejía Colindres,Fecha de nacimiento,1878-04-06,honduras
Vicente Mejía Colindres,Fecha de defunción,1966-08-24,honduras
Vicente Mejía Colindres,Educado en,Universidad Nacional Autónoma de Honduras,honduras
Carlos Céleo Arias López,Lugar de nacimiento,Goascorán,honduras
Carlos Céleo Arias López,Ocupación,abogado,honduras
Carlos Céleo Arias López,Ciudadanía,Honduras,honduras
Carlos Céleo Arias López,Educado en,Colegio Tridentino de Comayagua,honduras
Carlos Céleo Arias López,Cargo,presidente de Honduras,honduras
Carlos Céleo Arias López,Fecha de nacimiento,1835-02-02,honduras
Carlos Céleo Arias López,Fecha de defunción,1890-05-28,honduras
Carlos Céleo Arias López,Ocupación,político,honduras
Noel Jalladares,Lugar de nacimiento,Comayagua,honduras
Noel Jalladares,Ocupación,futbolista,honduras
Noel Jalladares,Ciudadanía,Honduras,honduras
Noel Jalladares,Fecha de nacimiento,1977-05-03,honduras
Ricardo Maduro,Lugar de nacimiento,Panamá,honduras
Ricardo Maduro,Ocupación,empresario,honduras
Ricardo Maduro,Ciudadanía,Honduras,honduras
Ricardo Maduro,Educado en,Universidad Stanford,honduras
Ricardo Maduro,Cargo,presidente de Honduras,honduras
Ricardo Maduro,Fecha de nacimiento,1946-04-20,honduras
Ricardo Maduro,Ocupación,político,honduras
Ricardo Maduro,Ocupación,economista,honduras
Ricardo Maduro,Educado en,American School of Tegucigalpa,honduras
Ricardo Maduro,Educado en,Lawrenceville School,honduras
Enrique Ortez,Lugar de nacimiento,Honduras,honduras
Enrique Ortez,Ocupación,político,honduras
Enrique Ortez,Ciudadanía,Honduras,honduras
Enrique Ortez,Cargo,Ministro de Relaciones Exteriores,honduras
Enrique Ortez,Fecha de nacimiento,1931-10-29,honduras
Enrique Ortez,Fecha de defunción,2022-03-30,honduras
Jugador Más Valioso de la Major League Soccer,país,Estados Unidos,honduras
Jugador Más Valioso de la Major League Soccer,instancia de,Jugador Más Valioso,honduras
Jugador Más Valioso de la Major League Soccer,nombrado en referencia a,Landon Donovan,honduras
Jugador Más Valioso de la Major League Soccer,deporte,fútbol,honduras
Jugador Más Valioso de la Major League Soccer,organizador,Major League Soccer,honduras
Escuela Preparatoria W. T. White,país,Estados Unidos,honduras
Escuela Preparatoria W. T. White,instancia de,escuela secundaria superior,honduras
Escuela Preparatoria W. T. White,situado en la entidad territorial administrativa,Texas,honduras
Escuela Preparatoria W. T. White,distrito escolar,Distrito Escolar Independiente de Dallas,honduras
Danlí,país,Honduras,honduras
Danlí,instancia de,municipio de Honduras,honduras
Danlí,situado en la entidad territorial administrativa,Departamento de El Paraíso,honduras
Universidad de El Salvador,país,El Salvador,honduras
Universidad de El Salvador,instancia de,universidad pública,honduras
Universidad de El Salvador,situado en la entidad territorial administrativa,San Salvador,honduras
Universidad de El Salvador,miembro de,Consejo Superior Universitario Centroamericano,honduras
San Francisco de Coray,país,Honduras,honduras
San Francisco de Coray,instancia de,municipio de Honduras,honduras
San Francisco de Coray,situado en la entidad territorial administrativa,Departamento de Valle,honduras
San Francisco de Coray,diferente de,San Francisco de Coray,honduras
Departamento de Santa Bárbara,país,Honduras,honduras
Departamento de Santa Bárbara,instancia de,departamento de Honduras,honduras
Departamento de Santa Bárbara,capital,Santa Bárbara,honduras
Departamento de Santa Bárbara,comparte fronteras con,Departamento de Intibucá,honduras
Departamento de Santa Bárbara,comparte fronteras con,Departamento de Izabal,honduras
Ceguaca,país,Honduras,honduras
Ceguaca,instancia de,municipio de Honduras,honduras
Ceguaca,situado en la entidad territorial administrativa,Departamento de Santa Bárbara,honduras
Ceguaca,diferente de,Ceguaca,honduras
Departamento de Intibucá,país,Honduras,honduras
Departamento de Intibucá,instancia de,departamento de Honduras,honduras
Departamento de Intibucá,capital,La Esperanza,honduras
Departamento de Intibucá,comparte fronteras con,Departamento de Santa Bárbara,honduras
Departamento de Intibucá,comparte fronteras con,Departamento de Lempira,honduras
Colegio Tridentino de Comayagua,país,Honduras,honduras
Colegio Tridentino de Comayagua,instancia de,monumento histórico,honduras
Colegio Tridentino de Comayagua,instancia de,institución académica,honduras
Colegio Tridentino de Comayagua,situado en la entidad territorial administrativa,Comayagua,honduras
Colegio Tridentino de Comayagua,categoría para las personas que estudiaron en esta institución,Categoría:Alumnado del Colegio Tridentino de Comayagua,honduras
Panamá,forma parte de,América Latina,honduras
Panamá,forma parte de,América Central,honduras
Panamá,forma parte de,América Central continental,honduras
Panamá,forma parte de,Anexo:Paraísos fiscales según la Unión Europea,honduras
Ministro de Relaciones Exteriores,país,Honduras,honduras
Ministro de Relaciones Exteriores,instancia de,cargo público,honduras
Ministro de Relaciones Exteriores,subclase de,ministro de Relaciones Exteriores,honduras
Ministro de Relaciones Exteriores,aplica a la jurisdicción,Honduras,honduras
Horacio Parham,Lugar de nacimiento,Tegucigalpa,honduras
Horacio Parham,Ocupación,futbolista,honduras
Horacio Parham,Ciudadanía,Honduras,honduras
Horacio Parham,Fecha de nacimiento,1987-05-10,honduras
Héctor Enrique Santos Hernández,Lugar de nacimiento,Ocotepeque,honduras
Héctor Enrique Santos Hernández,Ocupación,sacerdote católico,honduras
Héctor Enrique Santos Hernández,Ciudadanía,Honduras,honduras
Héctor Enrique Santos Hernández,Cargo,obispo diocesano,honduras
Héctor Enrique Santos Hernández,Premio recibido,Orden de Francisco Morazán,honduras
Héctor Enrique Santos Hernández,Fecha de nacimiento,1917-09-17,honduras
Héctor Enrique Santos Hernández,Fecha de defunción,2005-05-10,honduras
Héctor Enrique Santos Hernández,Ocupación,obispo católico,honduras
Héctor Enrique Santos Hernández,Cargo,Arzobispo de Tegucigalpa,honduras
Israel Fonseca,Lugar de nacimiento,Tegucigalpa,honduras
Israel Fonseca,Ocupación,futbolista,honduras
Israel Fonseca,Ciudadanía,Honduras,honduras
Israel Fonseca,Fecha de nacimiento,1990-05-27,honduras
Jesús Aguilar Paz,Lugar de nacimiento,Gualala,honduras
Jesús Aguilar Paz,Ocupación,farmacéutico,honduras
Jesús Aguilar Paz,Ciudadanía,Honduras,honduras
Jesús Aguilar Paz,Educado en,Universidad Nacional Autónoma de Honduras,honduras
Jesús Aguilar Paz,Fecha de nacimiento,1895-10-15,honduras
Jesús Aguilar Paz,Fecha de defunción,1974-06-26,honduras
Jesús Aguilar Paz,Ocupación,químico,honduras
Johnny Harol Leverón,Lugar de nacimiento,Yoro,honduras
Johnny Harol Leverón,Ocupación,futbolista,honduras
Johnny Harol Leverón,Ciudadanía,Honduras,honduras
Johnny Harol Leverón,Fecha de nacimiento,1976-05-02,honduras
Hugo Caballero,Lugar de nacimiento,Tela,honduras
Hugo Caballero,Ocupación,entrenador,honduras
Hugo Caballero,Ciudadanía,Honduras,honduras
Hugo Caballero,Fecha de nacimiento,1974-11-14,honduras
Hugo Caballero,Ocupación,futbolista,honduras
Jonathan Mejía Ruiz,Lugar de nacimiento,Málaga,honduras
Jonathan Mejía Ruiz,Ocupación,futbolista,honduras
Jonathan Mejía Ruiz,Ciudadanía,España,honduras
Jonathan Mejía Ruiz,Fecha de nacimiento,1989-01-07,honduras
Jonathan Mejía Ruiz,Ciudadanía,Honduras,honduras
Jorge Urquía,Lugar de nacimiento,Comayagüela,honduras
Jorge Urquía,Ocupación,futbolista,honduras
Jorge Urquía,Ciudadanía,Honduras,honduras
Jorge Urquía,Fecha de nacimiento,1946-09-19,honduras
José Antonio Velásquez,Lugar de nacimiento,Caridad,honduras
José Antonio Velásquez,Ocupación,pintor,honduras
José Antonio Velásquez,Ciudadanía,Honduras,honduras
José Antonio Velásquez,Premio recibido,Orden José Cecilio del Valle,honduras
José Antonio Velásquez,Fecha de nacimiento,1906-02-08,honduras
José Antonio Velásquez,Fecha de defunción,1983-02-14,honduras
José Antonio Velásquez,Premio recibido,Premio Nacional de Arte Pablo Zelaya Sierra,honduras
José Francisco Bustillo Murcia,Ocupación,abogado,honduras
José Francisco Bustillo Murcia,Ciudadanía,Honduras,honduras
José Francisco Bustillo Murcia,Educado en,Universidad Nacional Autónoma de Honduras,honduras
José Francisco Bustillo Murcia,Fecha de nacimiento,1945-06-03,honduras
José Francisco Bustillo Murcia,Ocupación,político,honduras
José Francisco Gómez y Argüelles,Lugar de nacimiento,Departamento de Olancho,honduras
José Francisco Gómez y Argüelles,Ocupación,político,honduras
José Francisco Gómez y Argüelles,Ciudadanía,Honduras,honduras
José Francisco Gómez y Argüelles,Cargo,presidente de Honduras,honduras
José Francisco Gómez y Argüelles,Fecha de nacimiento,1810-01-01,honduras
José Francisco Gómez y Argüelles,Fecha de defunción,1854-07-25,honduras
José Nicolás Irías Midence,Lugar de nacimiento,Honduras,honduras
José Nicolás Irías Midence,Ocupación,sacerdote,honduras
José Nicolás Irías Midence,Ciudadanía,Honduras,honduras
José Nicolás Irías Midence,Educado en,Universidad de San Carlos de Guatemala,honduras
José Nicolás Irías Midence,Fecha de nacimiento,1774-01-01,honduras
José Nicolás Irías Midence,Fecha de defunción,1842-01-01,honduras
Juan Orlando Hernández,Lugar de nacimiento,Gracias,honduras
Juan Orlando Hernández,Ocupación,narcotraficante,honduras
Juan Orlando Hernández,Ciudadanía,Honduras,honduras
Juan Orlando Hernández,Educado en,Universidad de Albany,honduras
Juan Orlando Hernández,Cargo,Presidente del Congreso Nacional de Honduras,honduras
Juan Orlando Hernández,Premio recibido,Orden del Jade Brillante,honduras
Juan Orlando Hernández,Fecha de nacimiento,1968-10-28,honduras
Juan Orlando Hernández,Educado en,Universidad Nacional Autónoma de Honduras,honduras
Juan Orlando Hernández,Educado en,Facultad de Ciencias Jurídicas,honduras
Juan Orlando Hernández,Educado en,Liceo Militar del Norte,honduras
Juan Orlando Hernández,Cargo,presidente de Honduras,honduras
Juan Ángel Arias Boquín,Lugar de nacimiento,Comayagua,honduras
Juan Ángel Arias Boquín,Ocupación,político,honduras
Juan Ángel Arias Boquín,Ciudadanía,Honduras,honduras
Juan Ángel Arias Boquín,Educado en,Universidad de San Carlos de Guatemala,honduras
Juan Ángel Arias Boquín,Cargo,presidente de Honduras,honduras
Juan Ángel Arias Boquín,Fecha de nacimiento,1859-08-07,honduras
Juan Ángel Arias Boquín,Fecha de defunción,1927-04-29,honduras
Juan Ángel Arias Boquín,Educado en,Universidad de El Salvador,honduras
Héctor Francisco Medina Polanco,Lugar de nacimiento,Honduras,honduras
Héctor Francisco Medina Polanco,Ocupación,periodista,honduras
Héctor Francisco Medina Polanco,Ciudadanía,Honduras,honduras
Héctor Francisco Medina Polanco,Fecha de nacimiento,1974-03-05,honduras
Héctor Francisco Medina Polanco,Fecha de defunción,2011-03-11,honduras
Héctor Medina,Lugar de nacimiento,Trujillo,honduras
Héctor Medina,Ocupación,entrenador,honduras
Héctor Medina,Ciudadanía,Honduras,honduras
Héctor Medina,Fecha de nacimiento,1975-01-27,honduras
Héctor Medina,Ocupación,futbolista,honduras
Ian Osorio,Lugar de nacimiento,Omoa,honduras
Ian Osorio,Ocupación,futbolista,honduras
Ian Osorio,Ciudadanía,Honduras,honduras
Ian Osorio,Fecha de nacimiento,1985-08-09,honduras
Luis Alberto Salgado López,Ocupación,voleibolista,honduras
Luis Alberto Salgado López,Ciudadanía,Honduras,honduras
Luis Alberto Salgado López,Fecha de nacimiento,1981-01-01,honduras
Luis Landa Escober,Lugar de nacimiento,Cedros,honduras
Luis Landa Escober,Ocupación,escritor,honduras
Luis Landa Escober,Ciudadanía,Honduras,honduras
Luis Landa Escober,Educado en,Universidad de Chile,honduras
Luis Landa Escober,Fecha de nacimiento,1875-12-28,honduras
Luis Landa Escober,Fecha de defunción,1977-01-01,honduras
Luis Landa Escober,Ocupación,abogado,honduras
Luis Landa Escober,Ocupación,político,honduras
Luis Lobo,Lugar de nacimiento,La Lima,honduras
Luis Lobo,Ocupación,futbolista,honduras
Luis Lobo,Ciudadanía,Honduras,honduras
Luis Lobo,Fecha de nacimiento,1987-12-26,honduras
obispo diocesano,instancia de,cargo eclesiástico,honduras
obispo diocesano,instancia de,función episcopal,honduras
obispo diocesano,subclase de,obispo,honduras
obispo diocesano,subclase de,pastor,honduras
obispo diocesano,subclase de,ordinario,honduras
Gualala,país,Honduras,honduras
Gualala,instancia de,municipio de Honduras,honduras
Gualala,situado en la entidad territorial administrativa,Departamento de Santa Bárbara,honduras
Gualala,santo patrón,Santo Cristo de Esquipulas,honduras
farmacéutico,instancia de,profesión sanitaria,honduras
farmacéutico,instancia de,grupo de ocupaciones de la CIUO,honduras
farmacéutico,forma parte de,farmacia,honduras
farmacéutico,ámbito de la ocupación,farmacia,honduras
Yoro,país,Honduras,honduras
Yoro,instancia de,gran ciudad,honduras
Yoro,instancia de,municipio de Honduras,honduras
Yoro,situado en la entidad territorial administrativa,Departamento de Yoro,honduras
Málaga,jefe de gobierno,Francisco de la Torre Prados,honduras
Málaga,país,España,honduras
Málaga,continente,Europa,honduras
Málaga,instancia de,municipio de España,honduras
Málaga,capital,ciudad de Málaga,honduras
Orden José Cecilio del Valle,país,Honduras,honduras
Orden José Cecilio del Valle,instancia de,orden,honduras
Orden José Cecilio del Valle,nombrado en referencia a,José Cecilio del Valle,honduras
Orden José Cecilio del Valle,categoría para los galardonados con este premio,Categoría:Orden de José Cecilio del Valle,honduras
Orden José Cecilio del Valle,rango inmediatamente superior,Orden de Francisco Morazán,honduras
Departamento de Olancho,país,Honduras,honduras
Departamento de Olancho,instancia de,departamento de Honduras,honduras
Departamento de Olancho,capital,Juticalpa,honduras
Departamento de Olancho,comparte fronteras con,Región Autónoma de la Costa Caribe Norte,honduras
Departamento de Olancho,comparte fronteras con,Departamento de Jinotega,honduras
sacerdote,instancia de,ocupación religiosa,honduras
sacerdote,subclase de,clérigo,honduras
sacerdote,ámbito de la ocupación,sacerdocio,honduras
sacerdote,se dice que es lo mismo que,ministro religioso,honduras
sacerdote,prefijo honorífico,reverendo,honduras
Gracias,país,Honduras,honduras
Gracias,instancia de,ciudad,honduras
Gracias,instancia de,municipio de Honduras,honduras
Gracias,situado en la entidad territorial administrativa,Departamento de Lempira,honduras
narcotraficante,instancia de,ocupación,honduras
narcotraficante,subclase de,contrabandista,honduras
narcotraficante,ámbito de la ocupación,narcotráfico,honduras
narcotraficante,categoría principal del tema,Categoría:Narcotraficantes,honduras
narcotraficante,diferente de,dealer,honduras
Trujillo,país,Honduras,honduras
Trujillo,instancia de,ciudad,honduras
Trujillo,instancia de,municipio de Honduras,honduras
Trujillo,situado en la entidad territorial administrativa,Departamento de Colón,honduras
Trujillo,ciudad hermana,Trujillo,honduras
Omoa,país,Honduras,honduras
Omoa,instancia de,municipio de Honduras,honduras
Omoa,situado en la entidad territorial administrativa,Departamento de Cortés,honduras
voleibolista,instancia de,profesión,honduras
voleibolista,subclase de,deportista,honduras
voleibolista,subclase de,jugador competitivo,honduras
voleibolista,ámbito de la ocupación,voleibol,honduras
voleibolista,ámbito de la ocupación,voleibol sentado,honduras
Cedros,país,Honduras,honduras
Cedros,instancia de,municipio de Honduras,honduras
Cedros,situado en la entidad territorial administrativa,Departamento de Francisco Morazán,honduras
Cedros,santo patrón,Santo Cristo de Esquipulas,honduras
Universidad de Chile,categoría para las personas que estudiaron en esta institución,Categoría:Alumnado de la Universidad de Chile,honduras
Universidad de Chile,categoría para empleados de la organización,Categoría:Profesores de la Universidad de Chile,honduras
Universidad de Chile,confiere,magíster en ciencias con mención en computación,honduras
Universidad de Chile,país,Chile,honduras
Porfirio Lobo Sosa,Lugar de nacimiento,Trujillo,honduras
Porfirio Lobo Sosa,Ocupación,político,honduras
Porfirio Lobo Sosa,Ciudadanía,Honduras,honduras
Porfirio Lobo Sosa,Educado en,Universidad de Miami,honduras
Porfirio Lobo Sosa,Cargo,Presidente del Congreso Nacional de Honduras,honduras
Porfirio Lobo Sosa,Fecha de nacimiento,1947-12-22,honduras
Porfirio Lobo Sosa,Ocupación,agricultor,honduras
Porfirio Lobo Sosa,Ocupación,taekwondista,honduras
Porfirio Lobo Sosa,Educado en,Universidad Rusa de la Amistad de los Pueblos,honduras
Porfirio Lobo Sosa,Educado en,Universidad Nacional Autónoma de Honduras,honduras
Porfirio Lobo Sosa,Educado en,University of Miami School of Business Administration,honduras
Porfirio Lobo Sosa,Cargo,presidente de Honduras,honduras
Porfirio Lobo Sosa,Cargo,diputado del Congreso Nacional de Honduras,honduras
Rafael Heliodoro Valle,Lugar de nacimiento,Tegucigalpa,honduras
Rafael Heliodoro Valle,Ocupación,escritor,honduras
Rafael Heliodoro Valle,Ciudadanía,Honduras,honduras
Rafael Heliodoro Valle,Premio recibido,Premio María Moors Cabot,honduras
Rafael Heliodoro Valle,Fecha de nacimiento,1896-07-03,honduras
Rafael Heliodoro Valle,Fecha de defunción,1959-07-29,honduras
Rafael Heliodoro Valle,Ocupación,político,honduras
Rafael Heliodoro Valle,Ocupación,diplomático,honduras
Rafael Heliodoro Valle,Ocupación,historiador,honduras
Rafael Heliodoro Valle,Ocupación,periodista,honduras
Rafael Heliodoro Valle,Premio recibido,Orden Mexicana del Águila Azteca,honduras
Jorge Claros,Lugar de nacimiento,La Ceiba,honduras
Jorge Claros,Ocupación,futbolista,honduras
Jorge Claros,Ciudadanía,Honduras,honduras
Jorge Claros,Fecha de nacimiento,1986-01-08,honduras
José Trinidad Cabañas,Lugar de nacimiento,Tegucigalpa,honduras
José Trinidad Cabañas,Ocupación,político,honduras
José Trinidad Cabañas,Ciudadanía,Honduras,honduras
José Trinidad Cabañas,Cargo,presidente de Honduras,honduras
José Trinidad Cabañas,Fecha de nacimiento,1805-06-09,honduras
José Trinidad Cabañas,Fecha de defunción,1871-01-08,honduras
Miguel Paz Barahona,Lugar de nacimiento,San Nicolás,honduras
Miguel Paz Barahona,Ocupación,político,honduras
Miguel Paz Barahona,Ciudadanía,Honduras,honduras
Miguel Paz Barahona,Educado en,Universidad de San Carlos de Guatemala,honduras
Miguel Paz Barahona,Cargo,presidente de Honduras,honduras
Miguel Paz Barahona,Fecha de nacimiento,1863-09-04,honduras
Miguel Paz Barahona,Fecha de defunción,1937-11-11,honduras
Vicente Tosta Carrasco,Lugar de nacimiento,Jesús de Otoro,honduras
Vicente Tosta Carrasco,Ocupación,político,honduras
Vicente Tosta Carrasco,Ciudadanía,Honduras,honduras
Vicente Tosta Carrasco,Educado en,Academia Militar de Honduras General Francisco Morazán,honduras
Vicente Tosta Carrasco,Cargo,presidente de Honduras,honduras
Vicente Tosta Carrasco,Fecha de nacimiento,1881-03-16,honduras
Vicente Tosta Carrasco,Fecha de defunción,1930-08-07,honduras
Miguel Rafael Dávila Cuéllar,Lugar de nacimiento,Tegucigalpa,honduras
Miguel Rafael Dávila Cuéllar,Ocupación,abogado,honduras
Miguel Rafael Dávila Cuéllar,Ciudadanía,España,honduras
Miguel Rafael Dávila Cuéllar,Educado en,Universidad Nacional Autónoma de Honduras,honduras
Miguel Rafael Dávila Cuéllar,Cargo,presidente de Honduras,honduras
Miguel Rafael Dávila Cuéllar,Fecha de nacimiento,1856-09-29,honduras
Miguel Rafael Dávila Cuéllar,Fecha de defunción,1927-10-12,honduras
Miguel Rafael Dávila Cuéllar,Ocupación,político,honduras
Miguel Rafael Dávila Cuéllar,Ciudadanía,Honduras,honduras
Juan Manuel Gálvez,Lugar de nacimiento,Tegucigalpa,honduras
Juan Manuel Gálvez,Ocupación,abogado,honduras
Juan Manuel Gálvez,Ciudadanía,Honduras,honduras
Juan Manuel Gálvez,Educado en,Universidad Nacional Autónoma de Honduras,honduras
Juan Manuel Gálvez,Cargo,presidente de Honduras,honduras
Juan Manuel Gálvez,Fecha de nacimiento,1887-06-10,honduras
Juan Manuel Gálvez,Fecha de defunción,1972-08-20,honduras
Juan Manuel Gálvez,Ocupación,político,honduras
Roberto Suazo Córdova,Lugar de nacimiento,La Paz,honduras
Roberto Suazo Córdova,Ocupación,político,honduras
Roberto Suazo Córdova,Ciudadanía,Honduras,honduras
Roberto Suazo Córdova,Educado en,Universidad de San Carlos de Guatemala,honduras
Roberto Suazo Córdova,Cargo,presidente de Honduras,honduras
Roberto Suazo Córdova,Fecha de nacimiento,1927-03-17,honduras
Roberto Suazo Córdova,Fecha de defunción,2018-12-22,honduras
Roberto Suazo Córdova,Ocupación,cirujano,honduras
Manuel Bonilla,Lugar de nacimiento,Juticalpa,honduras
Manuel Bonilla,Ocupación,político,honduras
Manuel Bonilla,Ciudadanía,Honduras,honduras
Manuel Bonilla,Cargo,presidente de Honduras,honduras
Manuel Bonilla,Fecha de nacimiento,1849-06-07,honduras
Manuel Bonilla,Fecha de defunción,1913-03-21,honduras
Rafael Leonardo Callejas Romero,Lugar de nacimiento,Tegucigalpa,honduras
Rafael Leonardo Callejas Romero,Ocupación,político,honduras
Rafael Leonardo Callejas Romero,Ciudadanía,Honduras,honduras
Rafael Leonardo Callejas Romero,Educado en,Universidad del Estado de Misisipi,honduras
Rafael Leonardo Callejas Romero,Cargo,presidente,honduras
Rafael Leonardo Callejas Romero,Premio recibido,doctor honoris causa,honduras
Rafael Leonardo Callejas Romero,Fecha de nacimiento,1943-11-14,honduras
Rafael Leonardo Callejas Romero,Fecha de defunción,2020-04-04,honduras
Rafael Leonardo Callejas Romero,Ocupación,economista,honduras
Rafael Leonardo Callejas Romero,Ocupación,dirigente deportivo,honduras
Rafael Leonardo Callejas Romero,Educado en,American School of Tegucigalpa,honduras
Rafael Leonardo Callejas Romero,Cargo,presidente de Honduras,honduras
José Azcona del Hoyo,Lugar de nacimiento,La Ceiba,honduras
José Azcona del Hoyo,Ocupación,empresario,honduras
José Azcona del Hoyo,Ciudadanía,España,honduras
José Azcona del Hoyo,Educado en,Universidad de Monterrey,honduras
José Azcona del Hoyo,Cargo,presidente de Honduras,honduras
José Azcona del Hoyo,Fecha de nacimiento,1927-01-26,honduras
José Azcona del Hoyo,Fecha de defunción,2005-10-24,honduras
José Azcona del Hoyo,Ocupación,político,honduras
José Azcona del Hoyo,Ciudadanía,Honduras,honduras
José Azcona del Hoyo,Educado en,Universidad Nacional Autónoma de Honduras,honduras
Francisco Ferrera,Lugar de nacimiento,Comayagua,honduras
Francisco Ferrera,Ocupación,abogado,honduras
Francisco Ferrera,Ciudadanía,Honduras,honduras
Francisco Ferrera,Educado en,Academia Literaria de Tegucigalpa,honduras
Francisco Ferrera,Cargo,presidente de Honduras,honduras
Francisco Ferrera,Fecha de nacimiento,1794-01-29,honduras
Francisco Ferrera,Fecha de defunción,1851-04-10,honduras
Francisco Ferrera,Ocupación,político,honduras
Francisco de Aguilar,Lugar de nacimiento,Comayagua,honduras
Francisco de Aguilar,Ocupación,abogado,honduras
Francisco de Aguilar,Ciudadanía,Honduras,honduras
Francisco de Aguilar,Cargo,presidente de Honduras,honduras
Francisco de Aguilar,Fecha de nacimiento,1810-01-01,honduras
Francisco de Aguilar,Fecha de defunción,1900-01-01,honduras
Francisco de Aguilar,Ocupación,político,honduras
Francisco Bueso Cuéllar,Lugar de nacimiento,Santa Rosa de Copán,honduras
Francisco Bueso Cuéllar,Ocupación,político,honduras
Francisco Bueso Cuéllar,Ciudadanía,Honduras,honduras
Francisco Bueso Cuéllar,Educado en,Universidad Nacional Autónoma de Honduras,honduras
Francisco Bueso Cuéllar,Cargo,presidente de Honduras,honduras
Francisco Bueso Cuéllar,Fecha de nacimiento,1860-01-01,honduras
Francisco Inestroza,Lugar de nacimiento,Tegucigalpa,honduras
Francisco Inestroza,Ocupación,abogado,honduras
Francisco Inestroza,Ciudadanía,Honduras,honduras
Francisco Inestroza,Cargo,presidente de Honduras,honduras
Francisco Inestroza,Fecha de nacimiento,1863-12-31,honduras
Francisco Inestroza,Fecha de defunción,1864-03-15,honduras
Francisco Inestroza,Ocupación,político,honduras
Crescencio Gómez Valladares,Lugar de nacimiento,Tegucigalpa,honduras
Crescencio Gómez Valladares,Ocupación,abogado,honduras
Crescencio Gómez Valladares,Ciudadanía,Honduras,honduras
Crescencio Gómez Valladares,Educado en,Universidad Nacional Autónoma de Honduras,honduras
Crescencio Gómez Valladares,Cargo,presidente de Honduras,honduras
Crescencio Gómez Valladares,Fecha de nacimiento,1833-04-19,honduras
Crescencio Gómez Valladares,Fecha de defunción,1921-05-09,honduras
Crescencio Gómez Valladares,Ocupación,político,honduras
Crescencio Gómez Valladares,Educado en,Academia Literaria de Tegucigalpa,honduras
José María Medina,Lugar de nacimiento,Sensenti,honduras
José María Medina,Ocupación,político,honduras
José María Medina,Ciudadanía,Honduras,honduras
José María Medina,Cargo,presidente de Honduras,honduras
José María Medina,Fecha de nacimiento,1826-03-19,honduras
José María Medina,Fecha de defunción,1878-01-23,honduras
José Santiago Bueso Soto,Lugar de nacimiento,Comayagua,honduras
José Santiago Bueso Soto,Ocupación,abogado,honduras
José Santiago Bueso Soto,Ciudadanía,Honduras,honduras
José Santiago Bueso Soto,Cargo,presidente de Honduras,honduras
José Santiago Bueso Soto,Fecha de nacimiento,1783-01-01,honduras
José Santiago Bueso Soto,Fecha de defunción,1857-05-06,honduras
José Santiago Bueso Soto,Ocupación,político,honduras
Universidad de Miami,financiador,Open Society Foundations,honduras
Universidad de Miami,calendario académico,semestre,honduras
Universidad de Miami,país,Estados Unidos,honduras
Universidad de Miami,instancia de,universidad,honduras
Universidad de Miami,instancia de,institución educativa privada sin fines de lucro,honduras
Premio María Moors Cabot,país,Estados Unidos,honduras
Premio María Moors Cabot,instancia de,premio de periodismo,honduras
Premio María Moors Cabot,nombrado en referencia a,Maria Moors Cabot,honduras
Premio María Moors Cabot,categoría principal del tema,Categoría:Premio Maria Moors Cabot,honduras
Premio María Moors Cabot,conferido por,Universidad de Columbia,honduras
San Nicolás,país,Honduras,honduras
San Nicolás,instancia de,municipio de Honduras,honduras
San Nicolás,situado en la entidad territorial administrativa,Departamento de Santa Bárbara,honduras
Jesús de Otoro,país,Honduras,honduras
Jesús de Otoro,instancia de,municipio de Honduras,honduras
Jesús de Otoro,situado en la entidad territorial administrativa,Departamento de Intibucá,honduras
Jesús de Otoro,diferente de,Jesús de Otoro,honduras
La Paz,país,Honduras,honduras
La Paz,instancia de,ciudad,honduras
La Paz,instancia de,municipio de Honduras,honduras
La Paz,situado en la entidad territorial administrativa,Departamento de La Paz,honduras
Universidad del Estado de Misisipi,país,Estados Unidos,honduras
Universidad del Estado de Misisipi,instancia de,Universidad de concesión de tierras,honduras
Universidad del Estado de Misisipi,instancia de,universidad pública,honduras
Universidad del Estado de Misisipi,instancia de,universidad de investigación,honduras
Universidad del Estado de Misisipi,instancia de,comunidad no incorporada en los Estados Unidos,honduras
presidente,subclase de,líder de una organización,honduras
presidente,se dice que es lo mismo que,líder,honduras
presidente,se dice que es lo mismo que,presidente,honduras
Universidad de Monterrey,país,México,honduras
Universidad de Monterrey,instancia de,universidad privada,honduras
Universidad de Monterrey,miembro de,Asociación Nacional de Universidades e Instituciones de Educación Superior,honduras
Academia Literaria de Tegucigalpa,país,Honduras,honduras
Academia Literaria de Tegucigalpa,instancia de,institución académica,honduras
Sensenti,país,Honduras,honduras
Sensenti,instancia de,municipio de Honduras,honduras
Sensenti,situado en la entidad territorial administrativa,departamento de Ocotepeque,honduras
Sensenti,diferente de,Sensenti,honduras
Eduardo Bennett,Lugar de nacimiento,La Ceiba,honduras
Eduardo Bennett,Ocupación,entrenador,honduras
Eduardo Bennett,Ciudadanía,Honduras,honduras
Eduardo Bennett,Fecha de nacimiento,1968-09-11,honduras
Eduardo Bennett,Ocupación,futbolista,honduras
Eduardo Laing,Lugar de nacimiento,Puerto Cortés,honduras
Eduardo Laing,Ocupación,futbolista,honduras
Eduardo Laing,Ciudadanía,Honduras,honduras
Eduardo Laing,Fecha de nacimiento,1958-12-27,honduras
Miguel Castillo,Lugar de nacimiento,Tegucigalpa,honduras
Miguel Castillo,Ocupación,entrenador,honduras
Miguel Castillo,Ciudadanía,Honduras,honduras
Miguel Castillo,Fecha de nacimiento,1983-08-30,honduras
Miguel Castillo,Ocupación,futbolista,honduras
Miguel Castillo,Fecha de nacimiento,1983-09-30,honduras
David Velásquez Colón,Lugar de nacimiento,La Ceiba,honduras
David Velásquez Colón,Ocupación,entrenador,honduras
David Velásquez Colón,Ciudadanía,Honduras,honduras
David Velásquez Colón,Fecha de nacimiento,1989-12-08,honduras
David Velásquez Colón,Ocupación,futbolista,honduras
José Mendoza Posas,Lugar de nacimiento,Olanchito,honduras
José Mendoza Posas,Ocupación,entrenador,honduras
José Mendoza Posas,Ciudadanía,Honduras,honduras
José Mendoza Posas,Fecha de nacimiento,1989-07-21,honduras
José Mendoza Posas,Ocupación,futbolista,honduras
Kevin Hernández,Lugar de nacimiento,Guanaja,honduras
Kevin Hernández,Ocupación,entrenador,honduras
Kevin Hernández,Ciudadanía,Honduras,honduras
Kevin Hernández,Fecha de nacimiento,1985-12-21,honduras
Kevin Hernández,Ocupación,futbolista,honduras
Mitchel Brown,Lugar de nacimiento,La Ceiba,honduras
Mitchel Brown,Ocupación,futbolista,honduras
Mitchel Brown,Ciudadanía,Honduras,honduras
Mitchel Brown,Fecha de nacimiento,1981-07-16,honduras
Francisco Javier Reyes,Lugar de nacimiento,La Ceiba,honduras
Francisco Javier Reyes,Ocupación,futbolista,honduras
Francisco Javier Reyes,Ciudadanía,Honduras,honduras
Francisco Javier Reyes,Fecha de nacimiento,1990-02-07,honduras
Francisco Javier Toledo,Lugar de nacimiento,San Pedro Sula,honduras
Francisco Javier Toledo,Ocupación,futbolista,honduras
Francisco Javier Toledo,Ciudadanía,Honduras,honduras
Francisco Javier Toledo,Fecha de nacimiento,1959-09-30,honduras
Francisco Javier Toledo,Fecha de defunción,2006-08-03,honduras
Gesler Philips,Ocupación,futbolista,honduras
Gesler Philips,Ciudadanía,Honduras,honduras
Gesler Philips,Fecha de nacimiento,1978-11-18,honduras
Henry Enamorado,Lugar de nacimiento,Santa Bárbara,honduras
Henry Enamorado,Ocupación,futbolista,honduras
Henry Enamorado,Ciudadanía,Honduras,honduras
Henry Enamorado,Fecha de nacimiento,1977-08-05,honduras
Hilder Colón,Lugar de nacimiento,Puerto Cortés,honduras
Hilder Colón,Ocupación,futbolista,honduras
Hilder Colón,Ciudadanía,Honduras,honduras
Hilder Colón,Fecha de nacimiento,1989-04-06,honduras
Jaime Villegas,Lugar de nacimiento,La Ceiba,honduras
Jaime Villegas,Ocupación,futbolista,honduras
Jaime Villegas,Ciudadanía,Honduras,honduras
Jaime Villegas,Fecha de nacimiento,1950-07-05,honduras
José Cardona,Lugar de nacimiento,Potrerillos,honduras
José Cardona,Ocupación,futbolista,honduras
José Cardona,Ciudadanía,Honduras,honduras
José Cardona,Fecha de nacimiento,1939-02-27,honduras
José Cardona,Fecha de defunción,2013-01-30,honduras
Salomón Nazar,Lugar de nacimiento,Honduras,honduras
Salomón Nazar,Ocupación,entrenador,honduras
Salomón Nazar,Ciudadanía,Honduras,honduras
Salomón Nazar,Fecha de nacimiento,1952-08-07,honduras
Salomón Nazar,Ocupación,futbolista,honduras
Salomón Nazar,Fecha de nacimiento,1953-09-07,honduras
Juan Cruz Murillo,Lugar de nacimiento,Tegucigalpa,honduras
Juan Cruz Murillo,Ocupación,futbolista,honduras
Juan Cruz Murillo,Ciudadanía,Honduras,honduras
Juan Cruz Murillo,Fecha de nacimiento,1959-02-27,honduras
Júnior Izaguirre,Lugar de nacimiento,Tegucigalpa,honduras
Júnior Izaguirre,Ocupación,futbolista,honduras
Júnior Izaguirre,Ciudadanía,Honduras,honduras
Júnior Izaguirre,Fecha de nacimiento,1979-08-12,honduras
Kervin Johnson,Lugar de nacimiento,Roatán,honduras
Kervin Johnson,Ocupación,futbolista,honduras
Kervin Johnson,Ciudadanía,Honduras,honduras
Kervin Johnson,Fecha de nacimiento,1987-12-25,honduras
Leonardo Morales,Lugar de nacimiento,Santa Rosa de Aguán,honduras
Leonardo Morales,Ocupación,entrenador,honduras
Leonardo Morales,Ciudadanía,Honduras,honduras
Leonardo Morales,Fecha de nacimiento,1975-10-08,honduras
Leonardo Morales,Ocupación,futbolista,honduras
Niche Perez,Lugar de nacimiento,Iriona,honduras
Niche Perez,Ocupación,entrenador,honduras
Niche Perez,Ciudadanía,Honduras,honduras
Niche Perez,Fecha de nacimiento,1976-07-26,honduras
Niche Perez,Ocupación,futbolista,honduras
Niche Perez,Ocupación,periodista,honduras
Guanaja,país,Honduras,honduras
Guanaja,instancia de,municipio de Honduras,honduras
Guanaja,situado en la entidad territorial administrativa,Departamento de Islas de la Bahía,honduras
Guanaja,situado cerca del cuerpo de agua,Mar Caribe,honduras
Guanaja,forma parte de,Departamento de Islas de la Bahía,honduras
Potrerillos,país,Honduras,honduras
Potrerillos,instancia de,municipio de Honduras,honduras
Potrerillos,situado en la entidad territorial administrativa,Departamento de Cortés,honduras
Iriona,país,Honduras,honduras
Iriona,instancia de,municipio de Honduras,honduras
Iriona,situado en la entidad territorial administrativa,Departamento de Colón,honduras
Marco Tulio Vega,Lugar de nacimiento,Utila,honduras
Marco Tulio Vega,Ocupación,entrenador,honduras
Marco Tulio Vega,Ciudadanía,Honduras,honduras
Marco Tulio Vega,Fecha de nacimiento,1987-04-14,honduras
Marco Tulio Vega,Ocupación,futbolista,honduras
Marco Tulio Vega,Fecha de nacimiento,1988-08-07,honduras
Mariano Acevedo,Lugar de nacimiento,El Progreso,honduras
Mariano Acevedo,Ocupación,entrenador,honduras
Mariano Acevedo,Ciudadanía,Honduras,honduras
Mariano Acevedo,Fecha de nacimiento,1983-01-09,honduras
Mariano Acevedo,Ocupación,futbolista,honduras
Mario Alexander Barahona Martínez,Lugar de nacimiento,San Pedro Sula,honduras
Mario Alexander Barahona Martínez,Ocupación,político,honduras
Mario Alexander Barahona Martínez,Ciudadanía,Honduras,honduras
Mario Alexander Barahona Martínez,Cargo,diputado del Congreso Nacional de Honduras,honduras
Mario Alexander Barahona Martínez,Fecha de nacimiento,1976-10-03,honduras
Mario Arnaldo Gómez,Lugar de nacimiento,Tela,honduras
Mario Arnaldo Gómez,Ocupación,entrenador,honduras
Mario Arnaldo Gómez,Ciudadanía,Honduras,honduras
Mario Arnaldo Gómez,Fecha de nacimiento,1981-08-12,honduras
Mario Arnaldo Gómez,Ocupación,futbolista,honduras
Mario Artica,Lugar de nacimiento,Honduras,honduras
Mario Artica,Ocupación,entrenador,honduras
Mario Artica,Ciudadanía,Honduras,honduras
Mario Artica,Ocupación,futbolista,honduras
Mario Beata,Lugar de nacimiento,Puerto Cortés,honduras
Mario Beata,Ocupación,futbolista,honduras
Mario Beata,Ciudadanía,Honduras,honduras
Mario Beata,Fecha de nacimiento,1974-10-17,honduras
Mario Chávez,Lugar de nacimiento,La Ceiba,honduras
Mario Chávez,Ocupación,futbolista,honduras
Mario Chávez,Ciudadanía,Honduras,honduras
Mario Chávez,Fecha de nacimiento,1989-06-02,honduras
Mario René Berríos,Lugar de nacimiento,Tela,honduras
Mario René Berríos,Ocupación,entrenador,honduras
Mario René Berríos,Ciudadanía,Honduras,honduras
Mario René Berríos,Fecha de nacimiento,1982-05-29,honduras
Mario René Berríos,Ocupación,futbolista,honduras
Marlon Guillermo Lara Orellana,Lugar de nacimiento,San Pedro Sula,honduras
Marlon Guillermo Lara Orellana,Ocupación,político,honduras
Marlon Guillermo Lara Orellana,Ciudadanía,Honduras,honduras
Marlon Guillermo Lara Orellana,Cargo,diputado del Congreso Nacional de Honduras,honduras
Marlon Guillermo Lara Orellana,Fecha de nacimiento,1966-04-30,honduras
Marlon Licona,Lugar de nacimiento,Catacamas,honduras
Marlon Licona,Ocupación,futbolista,honduras
Marlon Licona,Ciudadanía,Honduras,honduras
Marlon Licona,Fecha de nacimiento,1991-02-09,honduras
Marvin Ponce,Ocupación,político,honduras
Marvin Ponce,Ciudadanía,Honduras,honduras
Marvin Ponce,Cargo,diputado del Congreso Nacional de Honduras,honduras
María Rosa Leggol,Lugar de nacimiento,Puerto Cortés,honduras
María Rosa Leggol,Ocupación,activista social,honduras
María Rosa Leggol,Ciudadanía,Honduras,honduras
María Rosa Leggol,Fecha de nacimiento,1926-11-21,honduras
María Rosa Leggol,Fecha de defunción,2020-10-16,honduras
María Rosa Leggol,Ocupación,hermana religiosa,honduras
Mauricio Fúnez,Lugar de nacimiento,Honduras,honduras
Mauricio Fúnez,Ocupación,entrenador,honduras
Mauricio Fúnez,Ciudadanía,Honduras,honduras
Mauricio Fúnez,Fecha de nacimiento,1959-03-10,honduras
Mauricio Fúnez,Ocupación,futbolista,honduras
Miguel Ferrera,Lugar de nacimiento,Tegucigalpa,honduras
Miguel Ferrera,Ocupación,taekwondista,honduras
Miguel Ferrera,Ciudadanía,Honduras,honduras
Miguel Ferrera,Fecha de nacimiento,1981-05-25,honduras
Milton Palacios Suazo,Lugar de nacimiento,La Ceiba,honduras
Milton Palacios Suazo,Ocupación,futbolista,honduras
Milton Palacios Suazo,Ciudadanía,Honduras,honduras
Milton Palacios Suazo,Fecha de nacimiento,1980-12-02,honduras
Nahún Solís,Lugar de nacimiento,San Marcos,honduras
Nahún Solís,Ocupación,futbolista,honduras
Nahún Solís,Ciudadanía,Honduras,honduras
Nahún Solís,Fecha de nacimiento,1989-01-18,honduras
Nahún Avila,Lugar de nacimiento,Choluteca,honduras
Nahún Avila,Ocupación,entrenador,honduras
Nahún Avila,Ciudadanía,Honduras,honduras
Nahún Avila,Fecha de nacimiento,1983-11-29,honduras
Nahún Avila,Ocupación,futbolista,honduras
Nicolás Suazo,Lugar de nacimiento,San Pedro Sula,honduras
Nicolás Suazo,Ocupación,futbolista,honduras
Nicolás Suazo,Ciudadanía,Honduras,honduras
Nicolás Suazo,Fecha de nacimiento,1965-01-09,honduras
Néstor Matamala,Lugar de nacimiento,Cholchol,honduras
Néstor Matamala,Ocupación,entrenador,honduras
Néstor Matamala,Ciudadanía,Chile,honduras
Néstor Matamala,Fecha de nacimiento,1940-10-13,honduras
Néstor Matamala,Fecha de defunción,2023-05-06,honduras
Néstor Matamala,Ocupación,futbolista,honduras
Néstor Matamala,Ciudadanía,Honduras,honduras
Omar Elvir,Lugar de nacimiento,Comayagüela,honduras
Omar Elvir,Ocupación,entrenador,honduras
Omar Elvir,Ciudadanía,Honduras,honduras
Omar Elvir,Fecha de nacimiento,1989-09-28,honduras
Omar Elvir,Ocupación,futbolista,honduras
Utila,país,Honduras,honduras
Utila,instancia de,isla,honduras
Utila,instancia de,municipio de Honduras,honduras
Utila,situado en la entidad territorial administrativa,Departamento de Islas de la Bahía,honduras
Utila,situado cerca del cuerpo de agua,Mar Caribe,honduras
activista social,instancia de,ocupación,honduras
activista social,instancia de,actividad humana,honduras
activista social,subclase de,activista,honduras
activista social,ámbito de la ocupación,movimiento social,honduras
activista social,categoría principal del tema,Categoría:Activistas sociales,honduras
taekwondista,instancia de,profesión,honduras
taekwondista,instancia de,ocupación,honduras
taekwondista,subclase de,deportista,honduras
taekwondista,ámbito de la ocupación,taekwondo,honduras
taekwondista,ámbito de la ocupación,taekwondo adaptado,honduras
San Marcos,país,Honduras,honduras
San Marcos,instancia de,municipio de Honduras,honduras
San Marcos,situado en la entidad territorial administrativa,Departamento de Santa Bárbara,honduras
Choluteca,país,Honduras,honduras
Choluteca,instancia de,gran ciudad,honduras
Choluteca,instancia de,municipio de Honduras,honduras
Choluteca,situado en la entidad territorial administrativa,Departamento de Choluteca,honduras
Choluteca,situado cerca del cuerpo de agua,Río Choluteca,honduras
Cholchol,país,Chile,honduras
Cholchol,instancia de,villa,honduras
Cholchol,instancia de,comuna de Chile,honduras
Cholchol,situado en la entidad territorial administrativa,Cautín,honduras
Chile,forma parte de,América del Sur,honduras
Chile,forma parte de,Cono Sur,honduras
Chile,miembro de,Organización de las Naciones Unidas,honduras
Elvin Ernesto Santos Peña,Lugar de nacimiento,Tegucigalpa,honduras
Elvin Ernesto Santos Peña,Ocupación,político,honduras
Elvin Ernesto Santos Peña,Ciudadanía,Honduras,honduras
Elvin Ernesto Santos Peña,Educado en,Lamar University,honduras
Elvin Ernesto Santos Peña,Fecha de nacimiento,1963-01-18,honduras
Elvin Ernesto Santos Peña,Ocupación,emprendedor,honduras
Darwin Oliva,Lugar de nacimiento,La Ceiba,honduras
Darwin Oliva,Ocupación,entrenador,honduras
Darwin Oliva,Ciudadanía,Honduras,honduras
Darwin Oliva,Fecha de nacimiento,1989-03-21,honduras
Darwin Oliva,Ocupación,futbolista,honduras
Jorge Arturo Reina,Lugar de nacimiento,Tegucigalpa,honduras
Jorge Arturo Reina,Ocupación,abogado,honduras
Jorge Arturo Reina,Ciudadanía,Honduras,honduras
Jorge Arturo Reina,Educado en,Universidad Nacional Autónoma de México,honduras
Jorge Arturo Reina,Cargo,diputado del Congreso Nacional de Honduras,honduras
Jorge Arturo Reina,Fecha de nacimiento,1935-03-21,honduras
Jorge Arturo Reina,Ocupación,político,honduras
Jorge Arturo Reina,Ocupación,diplomático,honduras
Jorge Arturo Reina,Educado en,Universidad de El Salvador,honduras
Jorge Arturo Reina,Educado en,Universidad Nacional Autónoma de Honduras,honduras
Allan Lalin,Lugar de nacimiento,Tegucigalpa,honduras
Allan Lalin,Ocupación,futbolista,honduras
Allan Lalin,Ciudadanía,Honduras,honduras
Allan Lalin,Fecha de nacimiento,1981-01-05,honduras
Anthony Lozano,Lugar de nacimiento,Yoro,honduras
Anthony Lozano,Ocupación,futbolista,honduras
Anthony Lozano,Ciudadanía,Honduras,honduras
Anthony Lozano,Fecha de nacimiento,1993-04-25,honduras
Álex Pineda Chacón,Lugar de nacimiento,Santa Cruz de Yojoa,honduras
Álex Pineda Chacón,Ocupación,futbolista,honduras
Álex Pineda Chacón,Ciudadanía,Honduras,honduras
Álex Pineda Chacón,Fecha de nacimiento,1969-12-19,honduras
Argelio Sabillón,Lugar de nacimiento,Santa Bárbara,honduras
Argelio Sabillón,Ocupación,árbitro de fútbol,honduras
Argelio Sabillón,Ciudadanía,Honduras,honduras
Argelio Sabillón,Fecha de nacimiento,1957-01-30,honduras
Edgar Flores,Lugar de nacimiento,Tegucigalpa,honduras
Edgar Flores,Ocupación,actor,honduras
Edgar Flores,Ciudadanía,Honduras,honduras
Edgar Flores,Fecha de nacimiento,1982-12-01,honduras
Edgar Flores,Ocupación,actor de cine,honduras
Guayo Cedeño,Lugar de nacimiento,La Ceiba,honduras
Guayo Cedeño,Ocupación,compositor,honduras
Guayo Cedeño,Ciudadanía,Honduras,honduras
Guayo Cedeño,Fecha de nacimiento,1974-01-07,honduras
Guayo Cedeño,Fecha de defunción,2022-03-11,honduras
Guayo Cedeño,Ocupación,productor discográfico,honduras
Guayo Cedeño,Ocupación,músico,honduras
Guayo Cedeño,Ocupación,guitarrista,honduras
Raúl Martínez Sambulá,Lugar de nacimiento,Tela,honduras
Raúl Martínez Sambulá,Ocupación,entrenador,honduras
Raúl Martínez Sambulá,Ciudadanía,Honduras,honduras
Raúl Martínez Sambulá,Fecha de nacimiento,1963-03-14,honduras
Raúl Martínez Sambulá,Ocupación,futbolista,honduras
Germán Antonio Rivas,Lugar de nacimiento,Santa Rosa de Copán,honduras
Germán Antonio Rivas,Ocupación,empresario,honduras
Germán Antonio Rivas,Ciudadanía,Honduras,honduras
Germán Antonio Rivas,Fecha de nacimiento,1958-01-01,honduras
Germán Antonio Rivas,Fecha de defunción,2003-01-01,honduras
Germán Antonio Rivas,Ocupación,periodista,honduras
Carlos Hartling,Lugar de nacimiento,Schlotheim,honduras
Carlos Hartling,Ocupación,compositor,honduras
Carlos Hartling,Ciudadanía,Honduras,honduras
Carlos Hartling,Obra notable,Himno nacional de Honduras,honduras
Carlos Hartling,Fecha de nacimiento,1869-09-02,honduras
Carlos Hartling,Fecha de defunción,1920-08-13,honduras
Delbert Alvarado,Lugar de nacimiento,La Ceiba,honduras
Delbert Alvarado,Ocupación,jugador de fútbol americano,honduras
Delbert Alvarado,Ciudadanía,Estados Unidos,honduras
Delbert Alvarado,Educado en,Escuela secundaria Thomas Richard Robinson,honduras
Delbert Alvarado,Fecha de nacimiento,1989-01-03,honduras
Delbert Alvarado,Ocupación,jugador de fútbol canadiense,honduras
Delbert Alvarado,Ciudadanía,Honduras,honduras
Edy Vásquez,Lugar de nacimiento,Tegucigalpa,honduras
Edy Vásquez,Ocupación,entrenador,honduras
Edy Vásquez,Ciudadanía,Honduras,honduras
Edy Vásquez,Fecha de nacimiento,1983-10-31,honduras
Edy Vásquez,Fecha de defunción,2007-05-12,honduras
Edy Vásquez,Ocupación,futbolista,honduras
Erick Norales,Lugar de nacimiento,La Ceiba,honduras
Erick Norales,Ocupación,futbolista,honduras
Erick Norales,Ciudadanía,Honduras,honduras
Erick Norales,Fecha de nacimiento,1985-02-11,honduras
José Güity,Lugar de nacimiento,La Ceiba,honduras
José Güity,Ocupación,futbolista,honduras
José Güity,Ciudadanía,Honduras,honduras
José Güity,Fecha de nacimiento,1985-05-19,honduras
José Luis Fuentes,Ocupación,árbitro de fútbol,honduras
José Luis Fuentes,Ciudadanía,Honduras,honduras
Luis Alfredo Ramírez,Lugar de nacimiento,San Pedro Sula,honduras
Luis Alfredo Ramírez,Ocupación,futbolista,honduras
Luis Alfredo Ramírez,Ciudadanía,Honduras,honduras
Luis Alfredo Ramírez,Fecha de nacimiento,1977-11-20,honduras
Luis Alfredo Ramírez,Fecha de nacimiento,1977-11-21,honduras
Marvin Sánchez,Lugar de nacimiento,Puerto Cortés,honduras
Marvin Sánchez,Ocupación,futbolista,honduras
Marvin Sánchez,Ciudadanía,Honduras,honduras
Marvin Sánchez,Fecha de nacimiento,1986-11-02,honduras
Universidad Nacional Autónoma de México,país,México,honduras
Universidad Nacional Autónoma de México,instancia de,universidad,honduras
Universidad Nacional Autónoma de México,instancia de,editor de acceso abierto,honduras
Universidad Nacional Autónoma de México,instancia de,universidad pública de investigación,honduras
Universidad Nacional Autónoma de México,situado en la entidad territorial administrativa,Ciudad de México,honduras
Santa Cruz de Yojoa,país,Honduras,honduras
Santa Cruz de Yojoa,instancia de,municipio de Honduras,honduras
Santa Cruz de Yojoa,situado en la entidad territorial administrativa,Departamento de Cortés,honduras
Santa Cruz de Yojoa,diferente de,Santa Cruz de Yojoa,honduras
actor de cine,instancia de,profesión del cine,honduras
actor de cine,subclase de,actor,honduras
actor de cine,categoría principal del tema,Categoría:Actores de cine,honduras
actor de cine,diferente de,actor de televisión,honduras
Schlotheim,país,Alemania,honduras
Schlotheim,instancia de,ortsteil,honduras
Schlotheim,instancia de,municipio urbano de Alemania,honduras
Schlotheim,situado en la entidad territorial administrativa,Nottertal-Heilinger Höhen,honduras
Himno nacional de Honduras,país,Honduras,honduras
Himno nacional de Honduras,instancia de,himno nacional,honduras
Himno nacional de Honduras,música de,Carlos Hartling,honduras
Himno nacional de Honduras,idioma de la obra o del nombre,español hondureño,honduras
Himno nacional de Honduras,letra de,Augusto C. Coello,honduras
jugador de fútbol americano,instancia de,profesión,honduras
jugador de fútbol americano,subclase de,jugador de fútbol gridiron,honduras
jugador de fútbol americano,forma parte de,club de fútbol americano,honduras
jugador de fútbol americano,ámbito de la ocupación,fútbol americano,honduras
jugador de fútbol americano,deporte,fútbol americano,honduras
Escuela secundaria Thomas Richard Robinson,país,Estados Unidos,honduras
Escuela secundaria Thomas Richard Robinson,instancia de,escuela secundaria superior,honduras
Escuela secundaria Thomas Richard Robinson,situado en la entidad territorial administrativa,Tampa,honduras
Escuela secundaria Thomas Richard Robinson,distrito escolar,Escuelas Públicas del Condado de Hillsborough,honduras
Pontificia Universidad Lateranense,país,Italia,honduras
Pontificia Universidad Lateranense,instancia de,universidad pontificia,honduras
Pontificia Universidad Lateranense,fundador,Clemente XIV,honduras
Pontificia Universidad Lateranense,situado en la entidad territorial administrativa,Roma,honduras
Pontificia Universidad Lateranense,filial,Pontificio Instituto Juan Pablo II,honduras
José Piñeda,Ocupación,árbitro de fútbol,honduras
José Piñeda,Ciudadanía,Honduras,honduras
José Piñeda,Fecha de nacimiento,1971-03-25,honduras
Inocente Rodríguez,Lugar de nacimiento,Departamento de Santa Bárbara,honduras
Inocente Rodríguez,Ocupación,abogado,honduras
Inocente Rodríguez,Ciudadanía,Honduras,honduras
Inocente Rodríguez,Cargo,presidente de Honduras,honduras
Inocente Rodríguez,Fecha de nacimiento,1845-01-01,honduras
Inocente Rodríguez,Fecha de defunción,1900-01-01,honduras
Inocente Rodríguez,Ocupación,político,honduras
Darwin Rudy Andino Ramírez,Lugar de nacimiento,Tegucigalpa,honduras
Darwin Rudy Andino Ramírez,Ocupación,sacerdote católico,honduras
Darwin Rudy Andino Ramírez,Ciudadanía,Honduras,honduras
Darwin Rudy Andino Ramírez,Educado en,Ateneo Pontificio San Anselmo,honduras
Darwin Rudy Andino Ramírez,Cargo,obispo auxiliar,honduras
Darwin Rudy Andino Ramírez,Fecha de nacimiento,1959-08-06,honduras
Darwin Rudy Andino Ramírez,Ocupación,obispo católico,honduras
Darwin Rudy Andino Ramírez,Cargo,obispo titular,honduras
Darwin Rudy Andino Ramírez,Cargo,obispo diocesano,honduras
Raimundo Calix Garcia,Ocupación,árbitro de fútbol,honduras
Raimundo Calix Garcia,Ciudadanía,Honduras,honduras
Raimundo Calix Garcia,Fecha de nacimiento,1954-03-15,honduras
Salinas Reynaldo,Ocupación,árbitro de fútbol,honduras
Salinas Reynaldo,Ciudadanía,Honduras,honduras
Salinas Reynaldo,Fecha de nacimiento,1963-03-17,honduras
Juan José Alvarado,Lugar de nacimiento,Departamento de Intibucá,honduras
Juan José Alvarado,Ocupación,abogado,honduras
Juan José Alvarado,Ciudadanía,Honduras,honduras
Juan José Alvarado,Cargo,presidente de Honduras,honduras
Juan José Alvarado,Fecha de nacimiento,1798-01-01,honduras
Juan José Alvarado,Fecha de defunción,1857-01-01,honduras
Juan José Alvarado,Ocupación,político,honduras
Serapio Romero,Lugar de nacimiento,Departamento de Olancho,honduras
Serapio Romero,Ocupación,político,honduras
Serapio Romero,Ciudadanía,Honduras,honduras
Serapio Romero,Fecha de nacimiento,1835-01-01,honduras
Serapio Romero,Fecha de defunción,1868-07-27,honduras
Serapio Romero,Ocupación,guerrillero,honduras
Serapio Romero,Fecha de nacimiento,1844-03-12,honduras
José María Martínez Salinas,Lugar de nacimiento,Honduras,honduras
José María Martínez Salinas,Ocupación,político,honduras
José María Martínez Salinas,Ciudadanía,Honduras,honduras
José María Martínez Salinas,Fecha de nacimiento,1780-01-01,honduras
Jerry Bengtson,Lugar de nacimiento,Santa Rosa de Aguán,honduras
Jerry Bengtson,Ocupación,futbolista,honduras
Jerry Bengtson,Ciudadanía,Honduras,honduras
Jerry Bengtson,Fecha de nacimiento,1987-04-08,honduras
Miguel Eusebio Bustamante,Lugar de nacimiento,Departamento de El Paraíso,honduras
Miguel Eusebio Bustamante,Ocupación,abogado,honduras
Miguel Eusebio Bustamante,Ciudadanía,Honduras,honduras
Miguel Eusebio Bustamante,Educado en,Universidad de San Carlos de Guatemala,honduras
Miguel Eusebio Bustamante,Cargo,diputado del Congreso Nacional de Honduras,honduras
Miguel Eusebio Bustamante,Fecha de nacimiento,1780-01-01,honduras
Miguel Eusebio Bustamante,Fecha de defunción,1869-04-05,honduras
Miguel Eusebio Bustamante,Ocupación,político,honduras
Rolando Palacios,Lugar de nacimiento,Sambo Creek,honduras
Rolando Palacios,Ocupación,velocista,honduras
Rolando Palacios,Ciudadanía,Honduras,honduras
Rolando Palacios,Fecha de nacimiento,1987-05-03,honduras
Julio César Arzú,Lugar de nacimiento,Tegucigalpa,honduras
Julio César Arzú,Ocupación,entrenador,honduras
Julio César Arzú,Ciudadanía,Honduras,honduras
Julio César Arzú,Fecha de nacimiento,1954-06-05,honduras
Julio César Arzú,Ocupación,futbolista,honduras
Mario Roberto Martínez,Lugar de nacimiento,San Pedro Sula,honduras
Mario Roberto Martínez,Ocupación,futbolista,honduras
Mario Roberto Martínez,Ciudadanía,Honduras,honduras
Mario Roberto Martínez,Fecha de nacimiento,1989-07-30,honduras
Fabio Ulloa,Lugar de nacimiento,Tela,honduras
Fabio Ulloa,Ocupación,futbolista,honduras
Fabio Ulloa,Ciudadanía,Honduras,honduras
Fabio Ulloa,Fecha de nacimiento,1976-08-20,honduras
Javier Abril Espinoza,Lugar de nacimiento,Honduras,honduras
Javier Abril Espinoza,Ocupación,guionista,honduras
Javier Abril Espinoza,Ciudadanía,Honduras,honduras
Javier Abril Espinoza,Fecha de nacimiento,1967-01-01,honduras
Javier Abril Espinoza,Ocupación,escritor,honduras
Felipe Neri Medina,Lugar de nacimiento,Departamento de El Paraíso,honduras
Felipe Neri Medina,Ocupación,abogado,honduras
Felipe Neri Medina,Ciudadanía,Honduras,honduras
Felipe Neri Medina,Educado en,Universidad de San Carlos de Guatemala,honduras
Felipe Neri Medina,Cargo,presidente de Honduras,honduras
Felipe Neri Medina,Fecha de nacimiento,1797-05-26,honduras
Felipe Neri Medina,Fecha de defunción,1900-01-01,honduras
Felipe Neri Medina,Ocupación,político,honduras
Fernando Soto Henríquez,Lugar de nacimiento,Tegucigalpa,honduras
Fernando Soto Henríquez,Ocupación,piloto de aviación,honduras
Fernando Soto Henríquez,Ciudadanía,Honduras,honduras
Fernando Soto Henríquez,Fecha de nacimiento,1939-06-24,honduras
Fernando Soto Henríquez,Fecha de defunción,2006-06-25,honduras
Roberto Perdomo Paredes,Lugar de nacimiento,Honduras,honduras
Roberto Perdomo Paredes,Ocupación,político,honduras
Roberto Perdomo Paredes,Ciudadanía,Honduras,honduras
Roberto Perdomo Paredes,Cargo,embajador,honduras
Roberto Perdomo Paredes,Fecha de nacimiento,1926-08-29,honduras
Roberto Perdomo Paredes,Fecha de defunción,2007-03-07,honduras
Roberto Perdomo Paredes,Ocupación,diplomático,honduras
José Francisco Milla Guevara,Lugar de nacimiento,Gracias,honduras
José Francisco Milla Guevara,Ocupación,político,honduras
José Francisco Milla Guevara,Ciudadanía,Honduras,honduras
José Francisco Milla Guevara,Cargo,presidente de Honduras,honduras
José Francisco Milla Guevara,Fecha de nacimiento,1789-08-01,honduras
José Francisco Milla Guevara,Fecha de defunción,1900-01-01,honduras
José Lino Matute,Lugar de nacimiento,Juticalpa,honduras
José Lino Matute,Ocupación,político,honduras
José Lino Matute,Ciudadanía,Honduras,honduras
José Lino Matute,Cargo,presidente de Honduras,honduras
José Lino Matute,Fecha de nacimiento,1780-01-01,honduras
José Lino Matute,Fecha de defunción,1854-07-25,honduras
Ateneo Pontificio San Anselmo,cargo ocupado por el dirigente,Superior General de la Orden de San Benito,honduras
Ateneo Pontificio San Anselmo,país,Italia,honduras
Ateneo Pontificio San Anselmo,instancia de,universidad,honduras
Ateneo Pontificio San Anselmo,instancia de,universidad pontificia,honduras
Sambo Creek,país,Honduras,honduras
Sambo Creek,instancia de,asentamiento,honduras
Sambo Creek,situado en la entidad territorial administrativa,La Ceiba,honduras
velocista,instancia de,profesión,honduras
velocista,instancia de,disciplina deportiva,honduras
velocista,subclase de,corredor,honduras
velocista,ámbito de la ocupación,carrera de velocidad,honduras
velocista,deporte,atletismo,honduras
piloto de aviación,instancia de,profesión,honduras
piloto de aviación,elemento operado,aeronave,honduras
piloto de aviación,subclase de,miembro de tripulación,honduras
piloto de aviación,subclase de,operador de vehículo,honduras
piloto de aviación,ámbito de la ocupación,aviación,honduras
embajador,lista de interés para el proyecto Wikimedia,Wikipedia:Lista de artículos que toda Wikipedia debería tener/Expandida,honduras
embajador,instancia de,rango diplomático,honduras
embajador,instancia de,título de autoridad,honduras
embajador,instancia de,cargo,honduras
Mario César Rodríguez,Lugar de nacimiento,Potrerillos,honduras
Mario César Rodríguez,Ocupación,entrenador,honduras
Mario César Rodríguez,Ciudadanía,Honduras,honduras
Mario César Rodríguez,Fecha de nacimiento,1975-07-31,honduras
Mario César Rodríguez,Ocupación,futbolista,honduras
Marvin Brown,Lugar de nacimiento,Honduras,honduras
Marvin Brown,Ocupación,futbolista,honduras
Marvin Brown,Ciudadanía,Honduras,honduras
Marvin Brown,Fecha de nacimiento,1974-05-11,honduras
Milton Reyes,Lugar de nacimiento,Arenal,honduras
Milton Reyes,Ocupación,entrenador,honduras
Milton Reyes,Ciudadanía,Honduras,honduras
Milton Reyes,Fecha de nacimiento,1974-05-02,honduras
Milton Reyes,Ocupación,futbolista,honduras
Milton Núñez,Lugar de nacimiento,Sambo Creek,honduras
Milton Núñez,Ocupación,futbolista,honduras
Milton Núñez,Ciudadanía,Honduras,honduras
Milton Núñez,Fecha de nacimiento,1972-10-30,honduras
Nery Medina,Lugar de nacimiento,Santa Rosa de Aguán,honduras
Nery Medina,Ocupación,futbolista,honduras
Nery Medina,Ciudadanía,Honduras,honduras
Nery Medina,Fecha de nacimiento,1981-08-05,honduras
Ninrrol Medina,Lugar de nacimiento,San Ignacio,honduras
Ninrrol Medina,Ocupación,entrenador,honduras
Ninrrol Medina,Ciudadanía,Honduras,honduras
Ninrrol Medina,Fecha de nacimiento,1976-08-26,honduras
Ninrrol Medina,Ocupación,futbolista,honduras
Olenka Fuschich,Ocupación,modelo,honduras
Olenka Fuschich,Ciudadanía,Honduras,honduras
Orlin Vallecillo,Lugar de nacimiento,Sonaguera,honduras
Orlin Vallecillo,Ocupación,futbolista,honduras
Orlin Vallecillo,Ciudadanía,Honduras,honduras
Orlin Vallecillo,Fecha de nacimiento,1983-07-01,honduras
Orlin Vallecillo,Fecha de nacimiento,1989-07-21,honduras
Óscar Lagos,Lugar de nacimiento,Villa de San Francisco,honduras
Óscar Lagos,Ocupación,entrenador,honduras
Óscar Lagos,Ciudadanía,Honduras,honduras
Óscar Lagos,Fecha de nacimiento,1973-06-17,honduras
Óscar Lagos,Ocupación,futbolista,honduras
Quiarol Arzú,Lugar de nacimiento,Jutiapa,honduras
Quiarol Arzú,Ocupación,entrenador,honduras
Quiarol Arzú,Ciudadanía,Honduras,honduras
Quiarol Arzú,Fecha de nacimiento,1985-03-03,honduras
Quiarol Arzú,Ocupación,futbolista,honduras
Reynaldo Pineda,Lugar de nacimiento,San Pedro Sula,honduras
Reynaldo Pineda,Ocupación,entrenador,honduras
Reynaldo Pineda,Ciudadanía,Honduras,honduras
Reynaldo Pineda,Fecha de nacimiento,1978-08-06,honduras
Reynaldo Pineda,Ocupación,futbolista,honduras
Ricky Denis García,Lugar de nacimiento,Puerto Cortés,honduras
Ricky Denis García,Ocupación,entrenador,honduras
Ricky Denis García,Ciudadanía,Honduras,honduras
Ricky Denis García,Fecha de nacimiento,1971-07-21,honduras
Ricky Denis García,Ocupación,futbolista,honduras
Rigoberto Gómez,Lugar de nacimiento,Tegucigalpa,honduras
Rigoberto Gómez,Ocupación,futbolista,honduras
Rigoberto Gómez,Ciudadanía,Guatemala,honduras
Rigoberto Gómez,Fecha de nacimiento,1977-01-09,honduras
Rigoberto Gómez,Ciudadanía,Honduras,honduras
Robel Bernárdez,Lugar de nacimiento,Santa Fe,honduras
Robel Bernárdez,Ocupación,entrenador,honduras
Robel Bernárdez,Ciudadanía,Honduras,honduras
Robel Bernárdez,Fecha de nacimiento,1972-06-08,honduras
Robel Bernárdez,Ocupación,futbolista,honduras
Roberto Bailey,Lugar de nacimiento,Honduras,honduras
Roberto Bailey,Ocupación,futbolista,honduras
Roberto Bailey,Ciudadanía,Honduras,honduras
Roberto Bailey,Fecha de nacimiento,1952-08-10,honduras
Roberto Bailey,Fecha de defunción,2019-06-11,honduras
Rommel Murillo,Lugar de nacimiento,San Pedro Sula,honduras
Rommel Murillo,Ocupación,futbolista,honduras
Rommel Murillo,Ciudadanía,Honduras,honduras
Rommel Murillo,Fecha de nacimiento,1983-11-05,honduras
Keylin Suzette Gómez,Lugar de nacimiento,Departamento de Cortés,honduras
Keylin Suzette Gómez,Ocupación,modelo,honduras
Keylin Suzette Gómez,Ciudadanía,Honduras,honduras
Keylin Suzette Gómez,Fecha de nacimiento,1988-08-13,honduras
Keylin Suzette Gómez,Ocupación,participante en concursos de belleza,honduras
Víctor Coello,Lugar de nacimiento,Villanueva,honduras
Víctor Coello,Ocupación,futbolista,honduras
Víctor Coello,Ciudadanía,Honduras,honduras
Víctor Coello,Fecha de nacimiento,1974-07-29,honduras
Manuel de Adalid y Gamero,Lugar de nacimiento,Danlí,honduras
Manuel de Adalid y Gamero,Ocupación,compositor,honduras
Manuel de Adalid y Gamero,Ciudadanía,Honduras,honduras
Manuel de Adalid y Gamero,Fecha de nacimiento,1872-02-08,honduras
Manuel de Adalid y Gamero,Fecha de defunción,1947-03-29,honduras
Manuel de Adalid y Gamero,Ocupación,director de orquesta,honduras
Melvin Valladares,Lugar de nacimiento,Tegucigalpa,honduras
Melvin Valladares,Ocupación,futbolista,honduras
Melvin Valladares,Ciudadanía,Honduras,honduras
Melvin Valladares,Fecha de nacimiento,1984-07-14,honduras
Arenal,país,Honduras,honduras
Arenal,instancia de,municipio de Honduras,honduras
Arenal,situado en la entidad territorial administrativa,Departamento de Yoro,honduras
Arenal,diferente de,Arenal,honduras
modelo,instancia de,profesión,honduras
modelo,subclase de,profesional de la moda,honduras
modelo,ámbito de la ocupación,modelaje,honduras
modelo,categoría principal del tema,Categoría:Modelos,honduras
Villa de San Francisco,país,Honduras,honduras
Villa de San Francisco,instancia de,municipio de Honduras,honduras
Villa de San Francisco,situado en la entidad territorial administrativa,Departamento de Francisco Morazán,honduras
Villa de San Francisco,diferente de,Villa de San Francisco,honduras
Guatemala,país,Guatemala,honduras
Guatemala,jefe de gobierno,Bernardo Arévalo de León,honduras
Guatemala,continente,América del Norte,honduras
Guatemala,instancia de,país,honduras
Guatemala,instancia de,república,honduras
Santa Fe,país,Honduras,honduras
Santa Fe,instancia de,municipio de Honduras,honduras
Santa Fe,situado en la entidad territorial administrativa,Departamento de Colón,honduras
Departamento de Cortés,país,Honduras,honduras
Departamento de Cortés,instancia de,departamento de Honduras,honduras
Departamento de Cortés,capital,San Pedro Sula,honduras
Departamento de Cortés,comparte fronteras con,Departamento de Santa Bárbara,honduras
Departamento de Cortés,comparte fronteras con,Departamento de Atlántida,honduras
participante en concursos de belleza,instancia de,ocupación,honduras
participante en concursos de belleza,subclase de,animador,honduras
participante en concursos de belleza,subclase de,modelo,honduras
participante en concursos de belleza,subclase de,concursante,honduras
participante en concursos de belleza,ámbito de la ocupación,concurso de belleza,honduras
Ramón Ernesto Cruz Uclés,Lugar de nacimiento,Cantarranas,honduras
Ramón Ernesto Cruz Uclés,Ocupación,abogado,honduras
Ramón Ernesto Cruz Uclés,Ciudadanía,Honduras,honduras
Ramón Ernesto Cruz Uclés,Educado en,Universidad Nacional Autónoma de Honduras,honduras
Ramón Ernesto Cruz Uclés,Cargo,embajador,honduras
Ramón Ernesto Cruz Uclés,Premio recibido,Orden de Francisco Morazán,honduras
Ramón Ernesto Cruz Uclés,Fecha de nacimiento,1903-01-04,honduras
Ramón Ernesto Cruz Uclés,Fecha de defunción,1985-08-06,honduras
Ramón Ernesto Cruz Uclés,Ocupación,político,honduras
Ramón Ernesto Cruz Uclés,Ocupación,diplomático,honduras
Ramón Ernesto Cruz Uclés,Cargo,presidente de Honduras,honduras
Cantarranas,país,Honduras,honduras
Cantarranas,instancia de,municipio de Honduras,honduras
Cantarranas,situado en la entidad territorial administrativa,Departamento de Francisco Morazán,honduras
José Francisco Zelaya y Ayes,Lugar de nacimiento,Juticalpa,honduras
José Francisco Zelaya y Ayes,Ocupación,político,honduras
José Francisco Zelaya y Ayes,Ciudadanía,Honduras,honduras
José Francisco Zelaya y Ayes,Cargo,presidente de Honduras,honduras
José Francisco Zelaya y Ayes,Fecha de nacimiento,1798-01-01,honduras
José Francisco Zelaya y Ayes,Fecha de defunción,1848-10-20,honduras
Carlos Oliva,Lugar de nacimiento,San Pedro Sula,honduras
Carlos Oliva,Ocupación,entrenador,honduras
Carlos Oliva,Ciudadanía,Honduras,honduras
Carlos Oliva,Fecha de nacimiento,1979-07-28,honduras
Carlos Oliva,Ocupación,futbolista,honduras
Carlos Padilla Velásquez,Lugar de nacimiento,San Antonio del Norte,honduras
Carlos Padilla Velásquez,Ocupación,entrenador,honduras
Carlos Padilla Velásquez,Ciudadanía,Honduras,honduras
Carlos Padilla Velásquez,Fecha de nacimiento,1934-01-17,honduras
Carlos Padilla Velásquez,Fecha de defunción,2014-01-06,honduras
Carlos Padilla Velásquez,Ocupación,futbolista,honduras
Carlos Paez,Lugar de nacimiento,Tegucigalpa,honduras
Carlos Paez,Ocupación,entrenador,honduras
Carlos Paez,Ciudadanía,Honduras,honduras
Carlos Paez,Fecha de nacimiento,1978-05-29,honduras
Carlos Paez,Ocupación,futbolista,honduras
Carlos Palacios,Lugar de nacimiento,Balfate,honduras
Carlos Palacios,Ocupación,entrenador,honduras
Carlos Palacios,Ciudadanía,Honduras,honduras
Carlos Palacios,Fecha de nacimiento,1982-01-30,honduras
Carlos Palacios,Ocupación,futbolista,honduras
Carlos Ramón Aguilar Guifarro,Ocupación,abogado,honduras
Carlos Ramón Aguilar Guifarro,Ciudadanía,Honduras,honduras
Carlos Ramón Aguilar Guifarro,Cargo,diputado del Congreso Nacional de Honduras,honduras
Carlos Ramón Aguilar Guifarro,Fecha de nacimiento,1973-07-28,honduras
Carlos Ramón Aguilar Guifarro,Ocupación,político,honduras
Carlos Salgado,Lugar de nacimiento,Honduras,honduras
Carlos Salgado,Ocupación,periodista,honduras
Carlos Salgado,Ciudadanía,Honduras,honduras
Carlos Salgado,Educado en,Universidad Nacional Autónoma de Honduras,honduras
Carlos Salgado,Fecha de nacimiento,1945-01-01,honduras
Carlos Salgado,Fecha de defunción,2007-10-11,honduras
Carlos Mejía,Lugar de nacimiento,Omoa,honduras
Carlos Mejía,Ocupación,entrenador,honduras
Carlos Mejía,Ciudadanía,Honduras,honduras
Carlos Mejía,Fecha de nacimiento,1983-09-29,honduras
Carlos Mejía,Ocupación,futbolista,honduras
Christian Altamirano,Lugar de nacimiento,San Pedro Sula,honduras
Christian Altamirano,Ocupación,futbolista,honduras
Christian Altamirano,Ciudadanía,Honduras,honduras
Christian Altamirano,Fecha de nacimiento,1989-11-26,honduras
Christian Samir Martínez,Lugar de nacimiento,La Ceiba,honduras
Christian Samir Martínez,Ocupación,entrenador,honduras
Christian Samir Martínez,Ciudadanía,Honduras,honduras
Christian Samir Martínez,Fecha de nacimiento,1990-09-08,honduras
Christian Samir Martínez,Ocupación,futbolista,honduras
Cristopher Pavón,Ocupación,halterófilo,honduras
Cristopher Pavón,Ciudadanía,Honduras,honduras
Cristopher Pavón,Fecha de nacimiento,1993-04-18,honduras
Claudia Fajardo,Ocupación,tirador,honduras
Claudia Fajardo,Ciudadanía,Honduras,honduras
Claudia Fajardo,Fecha de nacimiento,1985-09-26,honduras
Cruzito,Lugar de nacimiento,Departamento de Colón,honduras
Cruzito,Ocupación,compositor,honduras
Cruzito,Ciudadanía,Honduras,honduras
Cruzito,Fecha de nacimiento,1986-12-17,honduras
Cruzito,Ocupación,cantante,honduras
Cruzito,Ocupación,rapero,honduras
César Castellanos Madrid,Lugar de nacimiento,Santa Rosa de Copán,honduras
César Castellanos Madrid,Ocupación,político,honduras
César Castellanos Madrid,Ciudadanía,Honduras,honduras
César Castellanos Madrid,Educado en,Universidad Nacional Autónoma de Honduras,honduras
César Castellanos Madrid,Fecha de nacimiento,1948-11-01,honduras
César Castellanos Madrid,Fecha de defunción,1998-11-01,honduras
César Castellanos Madrid,Ocupación,neurocirujano,honduras
César Obando,Lugar de nacimiento,Tegucigalpa,honduras
César Obando,Ocupación,futbolista,honduras
César Obando,Ciudadanía,Honduras,honduras
César Obando,Fecha de nacimiento,1969-10-26,honduras
César Oseguera,Lugar de nacimiento,Tierra Blanca,honduras
César Oseguera,Ocupación,futbolista,honduras
César Oseguera,Ciudadanía,Honduras,honduras
César Oseguera,Fecha de nacimiento,1990-07-20,honduras
Darwin Angeles,Ocupación,boxeador,honduras
Darwin Angeles,Ciudadanía,Honduras,honduras
Darwin Angeles,Fecha de nacimiento,1968-10-22,honduras
Darwin Pacheco,Lugar de nacimiento,Sinuapa,honduras
Darwin Pacheco,Ocupación,entrenador,honduras
Darwin Pacheco,Ciudadanía,Honduras,honduras
Darwin Pacheco,Fecha de nacimiento,1976-07-24,honduras
Darwin Pacheco,Ocupación,futbolista,honduras
David Daniel Álvarez,Lugar de nacimiento,Honduras,honduras
David Daniel Álvarez,Ocupación,entrenador,honduras
David Daniel Álvarez,Ciudadanía,Honduras,honduras
David Daniel Álvarez,Fecha de nacimiento,1985-12-05,honduras
David Daniel Álvarez,Ocupación,futbolista,honduras
David Romero Ellner,Ocupación,político,honduras
David Romero Ellner,Ciudadanía,Honduras,honduras
David Romero Ellner,Cargo,diputado del Congreso Nacional de Honduras,honduras
David Romero Ellner,Fecha de nacimiento,1901-01-01,honduras
David Romero Ellner,Fecha de defunción,2020-07-18,honduras
David Romero Ellner,Ocupación,periodista,honduras
San Antonio del Norte,país,Honduras,honduras
San Antonio del Norte,instancia de,municipio de Honduras,honduras
San Antonio del Norte,situado en la entidad territorial administrativa,Departamento de La Paz,honduras
San Antonio del Norte,diferente de,San Antonio del Norte,honduras
halterófilo,instancia de,ocupación,honduras
halterófilo,subclase de,atleta de fuerza,honduras
halterófilo,ámbito de la ocupación,halterofilia,honduras
halterófilo,categoría principal del tema,Categoría:Halterófilos,honduras
tirador,instancia de,profesión,honduras
tirador,subclase de,deportista,honduras
tirador,subclase de,tirador,honduras
tirador,ámbito de la ocupación,tiro deportivo,honduras
tirador,ámbito de la ocupación,Tiro Práctico,honduras
Tierra Blanca,instancia de,página de desambiguación de Wikimedia,honduras
Sinuapa,país,Honduras,honduras
Sinuapa,instancia de,municipio de Honduras,honduras
Sinuapa,situado en la entidad territorial administrativa,departamento de Ocotepeque,honduras
Sinuapa,diferente de,Sinuapa,honduras
Orlando Bueso,Lugar de nacimiento,Departamento de Atlántida,honduras
Orlando Bueso,Ocupación,futbolista,honduras
Orlando Bueso,Ciudadanía,Honduras,honduras
Orlando Bueso,Educado en,Lindsey Wilson College,honduras
Orlando Bueso,Fecha de nacimiento,1974-05-13,honduras
Departamento de Atlántida,país,Honduras,honduras
Departamento de Atlántida,instancia de,departamento de Honduras,honduras
Departamento de Atlántida,capital,La Ceiba,honduras
Departamento de Atlántida,comparte fronteras con,Departamento de Cortés,honduras
Departamento de Atlántida,comparte fronteras con,Departamento de Colón,honduras
Oscar Andrés Morales,Lugar de nacimiento,Guarizama,honduras
Oscar Andrés Morales,Ocupación,entrenador,honduras
Oscar Andrés Morales,Ciudadanía,Honduras,honduras
Oscar Andrés Morales,Fecha de nacimiento,1986-05-12,honduras
Oscar Andrés Morales,Ocupación,futbolista,honduras
Pedro Atala,Lugar de nacimiento,Honduras,honduras
Pedro Atala,Ocupación,empresario,honduras
Pedro Atala,Ciudadanía,Honduras,honduras
Pedro Atala,Fecha de nacimiento,1968-07-19,honduras
Pompilio Cacho Valerio,Lugar de nacimiento,Tela,honduras
Pompilio Cacho Valerio,Ocupación,futbolista,honduras
Pompilio Cacho Valerio,Ciudadanía,Honduras,honduras
Pompilio Cacho Valerio,Fecha de nacimiento,1976-12-22,honduras
Rafael Pineda Ponce,Lugar de nacimiento,San Miguel Guancapla,honduras
Rafael Pineda Ponce,Ocupación,político,honduras
Rafael Pineda Ponce,Ciudadanía,Honduras,honduras
Rafael Pineda Ponce,Educado en,Universidad de São Paulo,honduras
Rafael Pineda Ponce,Cargo,Presidente del Congreso Nacional de Honduras,honduras
Rafael Pineda Ponce,Fecha de nacimiento,1930-08-18,honduras
Rafael Pineda Ponce,Fecha de defunción,2014-01-24,honduras
Ramon Alberto Castillo,Lugar de nacimiento,San Manuel,honduras
Ramon Alberto Castillo,Ocupación,entrenador,honduras
Ramon Alberto Castillo,Ciudadanía,Honduras,honduras
Ramon Alberto Castillo,Fecha de nacimiento,1985-06-10,honduras
Ramon Alberto Castillo,Ocupación,futbolista,honduras
Ramón Amaya Amador,Lugar de nacimiento,Q10340468,honduras
Ramón Amaya Amador,Ocupación,escritor,honduras
Ramón Amaya Amador,Ciudadanía,Honduras,honduras
Ramón Amaya Amador,Fecha de nacimiento,1916-04-29,honduras
Ramón Amaya Amador,Fecha de defunción,1966-11-24,honduras
Ramón Amaya Amador,Ocupación,periodista,honduras
Reynaldo Clavasquín,Lugar de nacimiento,Puerto Cortés,honduras
Reynaldo Clavasquín,Ocupación,entrenador,honduras
Reynaldo Clavasquín,Ciudadanía,Honduras,honduras
Reynaldo Clavasquín,Fecha de nacimiento,1972-01-28,honduras
Reynaldo Clavasquín,Ocupación,futbolista,honduras
Reynaldo Tilguath,Lugar de nacimiento,Tegucigalpa,honduras
Reynaldo Tilguath,Ocupación,entrenador,honduras
Reynaldo Tilguath,Ciudadanía,Honduras,honduras
Reynaldo Tilguath,Fecha de nacimiento,1979-08-04,honduras
Reynaldo Tilguath,Ocupación,futbolista,honduras
Ricardo Antonio Álvarez Arias,Lugar de nacimiento,Ciudad de Panamá,honduras
Ricardo Antonio Álvarez Arias,Ocupación,político,honduras
Ricardo Antonio Álvarez Arias,Ciudadanía,Honduras,honduras
Ricardo Antonio Álvarez Arias,Educado en,Universidad de Miami,honduras
Ricardo Antonio Álvarez Arias,Cargo,diputado del Congreso Nacional de Honduras,honduras
Ricardo Antonio Álvarez Arias,Fecha de nacimiento,1963-02-04,honduras
Ricardo Antonio Álvarez Arias,Ocupación,economista,honduras
Richard Perdomo,Lugar de nacimiento,Miami,honduras
Richard Perdomo,Ocupación,entrenador,honduras
Richard Perdomo,Ciudadanía,Honduras,honduras
Richard Perdomo,Educado en,Universidad Creighton,honduras
Richard Perdomo,Fecha de nacimiento,1985-10-01,honduras
Richard Perdomo,Ocupación,futbolista,honduras
Richardson Smith,Lugar de nacimiento,San Pedro Sula,honduras
Richardson Smith,Ocupación,futbolista,honduras
Richardson Smith,Ciudadanía,Honduras,honduras
Richardson Smith,Fecha de nacimiento,1963-02-24,honduras
Rigoberto Padilla,Lugar de nacimiento,Tegucigalpa,honduras
Rigoberto Padilla,Ocupación,entrenador,honduras
Rigoberto Padilla,Ciudadanía,Honduras,honduras
Rigoberto Padilla,Fecha de nacimiento,1985-12-01,honduras
Rigoberto Padilla,Ocupación,futbolista,honduras
Rocsi Diaz,Lugar de nacimiento,Tegucigalpa,honduras
Rocsi Diaz,Ocupación,personalidad de radio,honduras
Rocsi Diaz,Ciudadanía,Honduras,honduras
Rocsi Diaz,Educado en,West Jefferson High School,honduras
Rocsi Diaz,Fecha de nacimiento,1983-11-17,honduras
Rodolfo Padilla Sunseri,Lugar de nacimiento,Boston,honduras
Rodolfo Padilla Sunseri,Ocupación,abogado,honduras
Rodolfo Padilla Sunseri,Ciudadanía,Honduras,honduras
Rodolfo Padilla Sunseri,Educado en,Universidad Nacional Autónoma de Honduras,honduras
Rodolfo Padilla Sunseri,Fecha de nacimiento,1960-02-11,honduras
Rodolfo Padilla Sunseri,Ocupación,empresario,honduras
Rodolfo Padilla Sunseri,Ocupación,político,honduras
Romeo Vásquez Velásquez,Lugar de nacimiento,Siguatepeque,honduras
Romeo Vásquez Velásquez,Ocupación,político,honduras
Romeo Vásquez Velásquez,Ciudadanía,Honduras,honduras
Romeo Vásquez Velásquez,Educado en,Instituto Tecnológico y de Estudios Superiores de Monterrey,honduras
Romeo Vásquez Velásquez,Fecha de nacimiento,1952-01-29,honduras
Romeo Vásquez Velásquez,Educado en,Universidad de El Salvador,honduras
Romeo Vásquez Velásquez,Educado en,Universidad Nacional Autónoma de Honduras,honduras
Rubilio Castillo,Lugar de nacimiento,La Ceiba,honduras
Rubilio Castillo,Ocupación,futbolista,honduras
Rubilio Castillo,Ciudadanía,Honduras,honduras
Rubilio Castillo,Fecha de nacimiento,1991-11-26,honduras
Ronald Bennett,Lugar de nacimiento,La Ceiba,honduras
Ronald Bennett,Ocupación,atleta,honduras
Ronald Bennett,Ciudadanía,Honduras,honduras
Ronald Bennett,Fecha de nacimiento,1984-10-11,honduras
Ronald Bennett,Fecha de nacimiento,1986-10-11,honduras
Rony García,Lugar de nacimiento,San Pedro Sula,honduras
Rony García,Ocupación,futbolista,honduras
Rony García,Ciudadanía,Honduras,honduras
Rony García,Fecha de nacimiento,1982-11-13,honduras
Rony Morales,Lugar de nacimiento,Olanchito,honduras
Rony Morales,Ocupación,entrenador,honduras
Rony Morales,Ciudadanía,Honduras,honduras
Rony Morales,Fecha de nacimiento,1978-06-08,honduras
Rony Morales,Ocupación,futbolista,honduras
Rony Padilla,Ocupación,compositor,honduras
Rony Padilla,Ciudadanía,Honduras,honduras
Rony Padilla,Fecha de nacimiento,1983-01-01,honduras
Guarizama,país,Honduras,honduras
Guarizama,instancia de,municipio de Honduras,honduras
Guarizama,situado en la entidad territorial administrativa,Departamento de Olancho,honduras
Guarizama,diferente de,Guarizama,honduras
San Miguel Guancapla,país,Honduras,honduras
San Miguel Guancapla,instancia de,municipio de Honduras,honduras
San Miguel Guancapla,situado en la entidad territorial administrativa,Departamento de Intibucá,honduras
Universidad de São Paulo,categoría para las personas que estudiaron en esta institución,Categoría:Alumnado de la Universidad de São Paulo,honduras
Universidad de São Paulo,categoría para empleados de la organización,Categoría:Profesores de la Universidad de São Paulo,honduras
Universidad de São Paulo,país,Brasil,honduras
Universidad de São Paulo,instancia de,instituto de investigación,honduras
Ciudad de Panamá,jefe de gobierno,Mayer Mizrachi,honduras
Ciudad de Panamá,país,Panamá,honduras
Ciudad de Panamá,instancia de,ciudad,honduras
Ciudad de Panamá,instancia de,gran ciudad,honduras
Ciudad de Panamá,instancia de,área metropolitana,honduras
Miami,jefe de gobierno,Francis Suárez,honduras
Miami,país,Estados Unidos,honduras
Miami,instancia de,ciudad de Estados Unidos,honduras
Miami,situado en la entidad territorial administrativa,Condado de Miami-Dade,honduras
Miami,nombrado en referencia a,Mayaimi,honduras
Universidad Creighton,país,Estados Unidos,honduras
Universidad Creighton,instancia de,universidad,honduras
Universidad Creighton,instancia de,institución educativa privada sin fines de lucro,honduras
Universidad Creighton,instancia de,editor de acceso abierto,honduras
Universidad Creighton,situado en la entidad territorial administrativa,Omaha,honduras
personalidad de radio,instancia de,profesión,honduras
personalidad de radio,instancia de,ocupación mediática,honduras
personalidad de radio,subclase de,locutor,honduras
personalidad de radio,subclase de,personalidad mediática,honduras
personalidad de radio,subclase de,presentador,honduras
Boston,jefe de gobierno,Michelle Wu,honduras
Boston,país,Estados Unidos,honduras
Boston,continente,América del Norte,honduras
Boston,instancia de,ciudad de Estados Unidos,honduras
Boston,instancia de,gran ciudad,honduras
Siguatepeque,país,Honduras,honduras
Siguatepeque,instancia de,municipio de Honduras,honduras
Siguatepeque,situado en la entidad territorial administrativa,Departamento de Comayagua,honduras
Siguatepeque,diferente de,Siguatepeque,honduras
Instituto Tecnológico y de Estudios Superiores de Monterrey,idioma usado,español,honduras
Instituto Tecnológico y de Estudios Superiores de Monterrey,idioma usado,inglés,honduras
Instituto Tecnológico y de Estudios Superiores de Monterrey,categoría para las personas que estudiaron en esta institución,Categoría:Alumnado del Instituto Tecnológico y de Estudios Superiores de Monterrey,honduras
Instituto Tecnológico y de Estudios Superiores de Monterrey,categoría para empleados de la organización,Categoría:Académicos e investigadores del Instituto Tecnológico y de Estudios Superiores de Monterrey,honduras
atleta,instancia de,ocupación,honduras
atleta,subclase de,deportista,honduras
atleta,ámbito de la ocupación,atletismo,honduras
atleta,ámbito de la ocupación,Máster,honduras
atleta,ámbito de la ocupación,atletismo de pista y campo,honduras
Victor Ariel Martinez Castro,Ocupación,baloncestista,honduras
Victor Ariel Martinez Castro,Ciudadanía,Honduras,honduras
Victor Ariel Martinez Castro,Fecha de nacimiento,2003-05-25,honduras
Jose Alfredo Castillo Casanova,Ocupación,baloncestista,honduras
Jose Alfredo Castillo Casanova,Ciudadanía,Estados Unidos,honduras
Jose Alfredo Castillo Casanova,Fecha de nacimiento,2003-09-10,honduras
Jose Alfredo Castillo Casanova,Ciudadanía,Honduras,honduras
baloncestista,instancia de,profesión,honduras
baloncestista,subclase de,deportista,honduras
baloncestista,subclase de,jugador competitivo,honduras
baloncestista,forma parte de,club de baloncesto,honduras
baloncestista,ámbito de la ocupación,baloncesto,honduras
Jose Rolando Argeñal Avelar,Ocupación,baloncestista,honduras
Jose Rolando Argeñal Avelar,Ciudadanía,Honduras,honduras
Jose Rolando Argeñal Avelar,Fecha de nacimiento,2003-09-04,honduras
Sebastian Rodrigo Mc.Cormick Ayestas,Ocupación,baloncestista,honduras
Sebastian Rodrigo Mc.Cormick Ayestas,Ciudadanía,Honduras,honduras
Sebastian Rodrigo Mc.Cormick Ayestas,Fecha de nacimiento,2003-10-01,honduras
Diego Andres Lopez Segura,Ocupación,baloncestista,honduras
Diego Andres Lopez Segura,Ciudadanía,Honduras,honduras
Diego Andres Lopez Segura,Fecha de nacimiento,2005-02-22,honduras
Diego Andree Aguiriano Sarmiento,Ocupación,baloncestista,honduras
Diego Andree Aguiriano Sarmiento,Ciudadanía,Honduras,honduras
Diego Andree Aguiriano Sarmiento,Fecha de nacimiento,2004-02-10,honduras
Victor Enmanuel Castillo Rovelo,Ocupación,baloncestista,honduras
Victor Enmanuel Castillo Rovelo,Ciudadanía,Honduras,honduras
Victor Enmanuel Castillo Rovelo,Fecha de nacimiento,2004-08-22,honduras
Luis Carlos Zelaya Barahona,Ocupación,baloncestista,honduras
Luis Carlos Zelaya Barahona,Ciudadanía,Honduras,honduras
Luis Carlos Zelaya Barahona,Fecha de nacimiento,2003-10-11,honduras
Danilo Javier Velasquez Castillo,Ocupación,baloncestista,honduras
Danilo Javier Velasquez Castillo,Ciudadanía,Honduras,honduras
Danilo Javier Velasquez Castillo,Fecha de nacimiento,2004-06-11,honduras
Jorge Francisco Salomon Diaz,Ocupación,baloncestista,honduras
Jorge Francisco Salomon Diaz,Ciudadanía,Estados Unidos,honduras
Jorge Francisco Salomon Diaz,Fecha de nacimiento,2004-01-15,honduras
Jorge Francisco Salomon Diaz,Ciudadanía,Honduras,honduras
Karla Ordonez,Ocupación,baloncestista,honduras
Karla Ordonez,Ciudadanía,Honduras,honduras
Karla Ordonez,Fecha de nacimiento,1995-11-01,honduras
Daniela Rodriguez,Ocupación,baloncestista,honduras
Daniela Rodriguez,Ciudadanía,Honduras,honduras
Daniela Rodriguez,Fecha de nacimiento,1996-12-21,honduras
Marian Nicole Gomez Ortiz,Ocupación,baloncestista,honduras
Marian Nicole Gomez Ortiz,Ciudadanía,Honduras,honduras
Marian Nicole Gomez Ortiz,Fecha de nacimiento,1993-10-17,honduras
Cristhian Williams,Ocupación,baloncestista,honduras
Cristhian Williams,Ciudadanía,Honduras,honduras
Cristhian Williams,Fecha de nacimiento,1998-08-03,honduras
Josh Anderson Whittaker Boddem,Ocupación,baloncestista,honduras
Josh Anderson Whittaker Boddem,Ciudadanía,Honduras,honduras
Josh Anderson Whittaker Boddem,Fecha de nacimiento,2001-09-13,honduras
Nelson Reniery Chavez Herrera,Ocupación,baloncestista,honduras
Nelson Reniery Chavez Herrera,Ciudadanía,Honduras,honduras
Nelson Reniery Chavez Herrera,Fecha de nacimiento,2001-10-17,honduras
Gabriel Facusse,Ocupación,baloncestista,honduras
Gabriel Facusse,Ciudadanía,Honduras,honduras
Gabriel Facusse,Fecha de nacimiento,2001-04-23,honduras
Carlos Andres Estrada Lopez,Ocupación,baloncestista,honduras
Carlos Andres Estrada Lopez,Ciudadanía,Honduras,honduras
Carlos Andres Estrada Lopez,Fecha de nacimiento,2001-10-31,honduras
Christian Manuel Reichle Collier,Ocupación,baloncestista,honduras
Christian Manuel Reichle Collier,Ciudadanía,Honduras,honduras
Christian Manuel Reichle Collier,Fecha de nacimiento,2002-01-07,honduras
Raymond Samuel Cherington Flores,Ocupación,baloncestista,honduras
Raymond Samuel Cherington Flores,Ciudadanía,Honduras,honduras
Raymond Samuel Cherington Flores,Fecha de nacimiento,2002-01-11,honduras
Ornie Brooks,Ocupación,baloncestista,honduras
Ornie Brooks,Ciudadanía,Honduras,honduras
Ornie Brooks,Fecha de nacimiento,2002-01-02,honduras
Josue Samuel Valladares Carvajal,Ocupación,baloncestista,honduras
Josue Samuel Valladares Carvajal,Ciudadanía,Honduras,honduras
Josue Samuel Valladares Carvajal,Fecha de nacimiento,2002-07-19,honduras
Alina Donaire,Ciudadanía,Honduras,honduras
Abigail Galindo,Ciudadanía,Honduras,honduras
Antonio Pavón Molina,Lugar de nacimiento,La Lima,honduras
Antonio Pavón Molina,Ocupación,futbolista,honduras
Antonio Pavón Molina,Ciudadanía,Honduras,honduras
Antonio Pavón Molina,Fecha de nacimiento,1954-06-13,honduras
Mariano Godoy,Lugar de nacimiento,Tegucigalpa,honduras
Mariano Godoy,Ocupación,futbolista,honduras
Mariano Godoy,Ciudadanía,Honduras,honduras
Mariano Godoy,Fecha de nacimiento,1950-10-17,honduras
Rodolfo Godoy,Lugar de nacimiento,Tegucigalpa,honduras
Rodolfo Godoy,Ocupación,futbolista,honduras
Rodolfo Godoy,Ciudadanía,Honduras,honduras
Rodolfo Godoy,Fecha de nacimiento,1928-01-01,honduras
Rodolfo Godoy,Fecha de defunción,2012-02-02,honduras
Carlos Conrado Bonilla,Lugar de nacimiento,Tegucigalpa,honduras
Carlos Conrado Bonilla,Ocupación,político,honduras
Carlos Conrado Bonilla,Ciudadanía,Honduras,honduras
Carlos Conrado Bonilla,Educado en,Dickinson College,honduras
Carlos Conrado Bonilla,Fecha de nacimiento,1894-09-24,honduras
Carlos Conrado Bonilla,Fecha de defunción,1954-01-01,honduras
Carlos Conrado Bonilla,Ocupación,historiador,honduras
Carlos Conrado Bonilla,Ocupación,químico,honduras
William Reyes,Ocupación,guionista,honduras
William Reyes,Ciudadanía,Honduras,honduras
William Reyes,Ocupación,cineasta,honduras
William Reyes,Ocupación,productor de cine,honduras
Oliverio Roger Medina Callejas,Lugar de nacimiento,Danlí,honduras
Oliverio Roger Medina Callejas,Ocupación,empresario,honduras
Oliverio Roger Medina Callejas,Ciudadanía,Honduras,honduras
Oliverio Roger Medina Callejas,Fecha de nacimiento,1918-08-28,honduras
Oliverio Lezama Gallo,Lugar de nacimiento,Langue,honduras
Oliverio Lezama Gallo,Ocupación,empresario,honduras
Oliverio Lezama Gallo,Ciudadanía,Honduras,honduras
Oliverio Lezama Gallo,Fecha de nacimiento,1896-06-26,honduras
Oliverio Lezama Gallo,Fecha de defunción,1985-09-30,honduras
Roxanna Somoza,Ocupación,influencer,honduras
Roxanna Somoza,Ciudadanía,Honduras,honduras
Salvador Jiménez Cáceres,Ocupación,dirigente deportivo,honduras
Salvador Jiménez Cáceres,Ciudadanía,Honduras,honduras
Salvador Jiménez Cáceres,Fecha de nacimiento,1944-11-11,honduras
Salvador Jiménez Cáceres,Fecha de defunción,2025-01-18,honduras
Alejandro Irías,Ocupación,empresario,honduras
Alejandro Irías,Ciudadanía,Honduras,honduras
Alejandro Irías,Fecha de nacimiento,1974-09-08,honduras
Donaldo Rosales,Lugar de nacimiento,Coyoles Central,honduras
Donaldo Rosales,Ocupación,futbolista,honduras
Donaldo Rosales,Ciudadanía,Honduras,honduras
Donaldo Rosales,Fecha de nacimiento,1959-03-03,honduras
Donaldo Rosales,Fecha de defunción,1978-07-01,honduras
Viccky Gutierrez,Ocupación,activista,honduras
Viccky Gutierrez,Ciudadanía,Honduras,honduras
Viccky Gutierrez,Fecha de defunción,2018-01-10,honduras
Christian Duarte,Lugar de nacimiento,Tegucigalpa,honduras
Christian Duarte,Ocupación,economista,honduras
Christian Duarte,Ciudadanía,Honduras,honduras
Christian Duarte,Educado en,Facultad Latinoamericana de Ciencias Sociales,honduras
Christian Duarte,Empleador,Banco Mundial,honduras
Christian Duarte,Fecha de nacimiento,1991-09-15,honduras
Christian Duarte,Educado en,Universidad Nacional Autónoma de Honduras,honduras
Christian Duarte,Empleador,Secretaria de Finanzas de Honduras,honduras
Johel Zelaya,Lugar de nacimiento,Reitoca,honduras
Johel Zelaya,Ocupación,abogado,honduras
Johel Zelaya,Ciudadanía,Honduras,honduras
Johel Zelaya,Educado en,Universidad Nacional Autónoma de Honduras,honduras
Johel Zelaya,Fecha de nacimiento,1979-10-23,honduras
Johel Zelaya,Ocupación,notario,honduras
Johel Zelaya,Ocupación,fiscal,honduras
Johel Zelaya,Educado en,Facultad de Ciencias Jurídicas,honduras
Ángela Stassano,Ocupación,arquitecto,honduras
Ángela Stassano,Ciudadanía,Honduras,honduras
Ángela Stassano,Educado en,Universidad de San Pedro Sula,honduras
Luis Santamaría Crisanto Peña,Lugar de nacimiento,El Progreso,honduras
Luis Santamaría Crisanto Peña,Ocupación,futbolista,honduras
Luis Santamaría Crisanto Peña,Ciudadanía,Honduras,honduras
Luis Santamaría Crisanto Peña,Fecha de nacimiento,2000-03-01,honduras
Júnior Costly,Ocupación,futbolista,honduras
Júnior Costly,Ciudadanía,Honduras,honduras
Júnior Costly,Fecha de nacimiento,1959-11-03,honduras
Dickinson College,país,Estados Unidos,honduras
Dickinson College,instancia de,college,honduras
Dickinson College,instancia de,institución educativa privada sin fines de lucro,honduras
Dickinson College,fundador,Benjamín Rush,honduras
Dickinson College,situado en la entidad territorial administrativa,Carlisle,honduras
cineasta,instancia de,profesión del cine,honduras
cineasta,instancia de,ocupación mediática,honduras
cineasta,subclase de,artista,honduras
cineasta,subclase de,artista visual,honduras
cineasta,forma parte de,producción cinematográfica,honduras
productor de cine,instancia de,profesión del cine,honduras
productor de cine,subclase de,productor,honduras
productor de cine,ámbito de la ocupación,producción cinematográfica,honduras
Langue,país,Honduras,honduras
Langue,instancia de,municipio de Honduras,honduras
Langue,situado en la entidad territorial administrativa,Departamento de Valle,honduras
Langue,santo patrón,Santo Cristo de Esquipulas,honduras
influencer,instancia de,profesión,honduras
influencer,subclase de,mercadotécnico,honduras
influencer,subclase de,celebridad de Internet,honduras
influencer,ámbito de la ocupación,marketing influyente,honduras
influencer,categoría principal del tema,Categoría:Influencers,honduras
dirigente deportivo,instancia de,profesión,honduras
dirigente deportivo,instancia de,cargo,honduras
dirigente deportivo,instancia de,ocupación,honduras
dirigente deportivo,subclase de,funcionario,honduras
dirigente deportivo,subclase de,gerente,honduras
Coyoles Central,país,Honduras,honduras
Coyoles Central,instancia de,asentamiento,honduras
Coyoles Central,situado en la entidad territorial administrativa,Olanchito,honduras
activista,instancia de,ocupación,honduras
activista,instancia de,actitud ética,honduras
activista,subclase de,persona,honduras
activista,ámbito de la ocupación,activismo,honduras
activista,ámbito de la ocupación,incidencia política,honduras
economista,instancia de,profesión,honduras
economista,instancia de,grupo de ocupaciones de la CIUO,honduras
economista,subclase de,científico social,honduras
economista,subclase de,profesionales sociales y religiosos,honduras
economista,ámbito de la ocupación,economía,honduras
Facultad Latinoamericana de Ciencias Sociales,país,Costa Rica,honduras
Facultad Latinoamericana de Ciencias Sociales,instancia de,instituto de investigación,honduras
Facultad Latinoamericana de Ciencias Sociales,instancia de,facultad universitaria,honduras
Facultad Latinoamericana de Ciencias Sociales,situado en la entidad territorial administrativa,San José,honduras
Banco Mundial,país,Estados Unidos,honduras
Banco Mundial,instancia de,institución financiera internacional,honduras
Banco Mundial,instancia de,banco de desarrollo,honduras
Banco Mundial,idioma oficial,francés,honduras
Banco Mundial,idioma oficial,español,honduras
Reitoca,país,Honduras,honduras
Reitoca,instancia de,municipio de Honduras,honduras
Reitoca,situado en la entidad territorial administrativa,Departamento de Francisco Morazán,honduras
Reitoca,diferente de,Reitoca,honduras
arquitecto,instancia de,profesión,honduras
arquitecto,instancia de,título corporativo,honduras
arquitecto,instancia de,ocupación,honduras
arquitecto,instancia de,grupo de ocupaciones de la CIUO,honduras
Universidad de San Pedro Sula,país,Honduras,honduras
Universidad de San Pedro Sula,instancia de,universidad,honduras
Universidad de San Pedro Sula,situado en la entidad territorial administrativa,San Pedro Sula,honduras
Universidad de San Pedro Sula,miembro de,Asociación de Bibliotecarios y Documentalistas de Honduras,honduras
Maribel Lieberman,Lugar de nacimiento,Jutiquile,honduras
Maribel Lieberman,Ocupación,emprendedor,honduras
Maribel Lieberman,Ciudadanía,Honduras,honduras
Maribel Lieberman,Ocupación,chocolatero,honduras
Dixon Fermín Ramírez,Lugar de nacimiento,Balfate,honduras
Dixon Fermín Ramírez,Ocupación,futbolista,honduras
Dixon Fermín Ramírez,Ciudadanía,Honduras,honduras
Dixon Fermín Ramírez,Fecha de nacimiento,2001-04-15,honduras
José Raúl García,Lugar de nacimiento,La Ceiba,honduras
José Raúl García,Ocupación,futbolista,honduras
José Raúl García,Ciudadanía,Honduras,honduras
José Raúl García,Fecha de nacimiento,2004-03-13,honduras
Jenrry Johel Velásquez Hernández,Lugar de nacimiento,San Jerónimo,honduras
Jenrry Johel Velásquez Hernández,Ocupación,sacerdote católico,honduras
Jenrry Johel Velásquez Hernández,Ciudadanía,Honduras,honduras
Jenrry Johel Velásquez Hernández,Cargo,obispo diocesano,honduras
Jenrry Johel Velásquez Hernández,Fecha de nacimiento,1977-07-23,honduras
Jenrry Johel Velásquez Hernández,Ocupación,obispo católico,honduras
Lenard Welsh,Lugar de nacimiento,Honduras,honduras
Lenard Welsh,Ocupación,futbolista,honduras
Lenard Welsh,Ciudadanía,Honduras,honduras
Lenard Welsh,Fecha de nacimiento,1936-01-01,honduras
Lenard Welsh,Fecha de defunción,2017-09-24,honduras
Rafael Dick,Lugar de nacimiento,Honduras,honduras
Rafael Dick,Ocupación,futbolista,honduras
Rafael Dick,Ciudadanía,Honduras,honduras
Rafael Dick,Fecha de nacimiento,1942-07-25,honduras
Lesly Mariel Colon Castillo,Ocupación,baloncestista,honduras
Lesly Mariel Colon Castillo,Ciudadanía,Estados Unidos,honduras
Lesly Mariel Colon Castillo,Fecha de nacimiento,2002-01-09,honduras
Lesly Mariel Colon Castillo,Ciudadanía,Honduras,honduras
Hector Flores,Ocupación,baloncestista,honduras
Hector Flores,Ciudadanía,Honduras,honduras
Hector Flores,Fecha de nacimiento,1997-11-19,honduras
Heyson Centeno,Ocupación,baloncestista,honduras
Heyson Centeno,Ciudadanía,Honduras,honduras
Heyson Centeno,Fecha de nacimiento,1997-10-19,honduras
Jafeth Martinez,Ocupación,baloncestista,honduras
Jafeth Martinez,Ciudadanía,Honduras,honduras
Jafeth Martinez,Fecha de nacimiento,2003-08-25,honduras
Sze Hang Ng,Ocupación,baloncestista,honduras
Sze Hang Ng,Ciudadanía,República Popular China,honduras
Sze Hang Ng,Fecha de nacimiento,2005-01-18,honduras
Sze Hang Ng,Ciudadanía,Honduras,honduras
Kelly Lopez,Ocupación,baloncestista,honduras
Kelly Lopez,Ciudadanía,Honduras,honduras
Kelly Lopez,Fecha de nacimiento,2007-01-14,honduras
Emilia Sagastume,Ocupación,baloncestista,honduras
Emilia Sagastume,Ciudadanía,Honduras,honduras
Emilia Sagastume,Fecha de nacimiento,2006-03-14,honduras
Elena Godoy,Ocupación,baloncestista,honduras
Elena Godoy,Ciudadanía,Honduras,honduras
Elena Godoy,Fecha de nacimiento,2007-04-12,honduras
Evana Daaboul,Ocupación,baloncestista,honduras
Evana Daaboul,Ciudadanía,Honduras,honduras
Evana Daaboul,Fecha de nacimiento,2006-11-10,honduras
Maria Aguilar,Ocupación,baloncestista,honduras
Maria Aguilar,Ciudadanía,Honduras,honduras
Maria Aguilar,Fecha de nacimiento,2006-10-26,honduras
Giulianna Guerrero,Ocupación,baloncestista,honduras
Giulianna Guerrero,Ciudadanía,Honduras,honduras
Giulianna Guerrero,Fecha de nacimiento,2003-09-05,honduras
Surie Rivera,Ocupación,baloncestista,honduras
Surie Rivera,Ciudadanía,Honduras,honduras
Surie Rivera,Fecha de nacimiento,2007-06-27,honduras
Lucia Canahuati,Ocupación,baloncestista,honduras
Lucia Canahuati,Ciudadanía,Honduras,honduras
Lucia Canahuati,Fecha de nacimiento,2007-03-02,honduras
Ivanna Romero,Ocupación,baloncestista,honduras
Ivanna Romero,Ciudadanía,Honduras,honduras
Ivanna Romero,Fecha de nacimiento,2007-08-02,honduras
Jutiquile,país,Honduras,honduras
Jutiquile,instancia de,asentamiento,honduras
Jutiquile,situado en la entidad territorial administrativa,Juticalpa,honduras
emprendedor,categoría que contiene subcategorías epónimas,Categoría:Categorías de empresarios,honduras
emprendedor,instancia de,profesión,honduras
emprendedor,instancia de,estatus legal,honduras
emprendedor,campo de trabajo,comercio,honduras
emprendedor,campo de trabajo,actividad económica,honduras
chocolatero,instancia de,profesión,honduras
chocolatero,subclase de,confitero,honduras
chocolatero,categoría principal del tema,Categoría:Chocolateros,honduras
chocolatero,producto,chocolate,honduras
San Jerónimo,país,Honduras,honduras
San Jerónimo,instancia de,municipio de Honduras,honduras
San Jerónimo,situado en la entidad territorial administrativa,Departamento de Comayagua,honduras
San Jerónimo,diferente de,San Jerónimo,honduras
República Popular China,subdividido en (división administrativa),Chongqing,honduras
República Popular China,subdividido en (división administrativa),Tianjin,honduras
República Popular China,subdividido en (división administrativa),Macao,honduras
República Popular China,subdividido en (división administrativa),Cantón,honduras
República Popular China,subdividido en (división administrativa),Guangxi,honduras
Carlos Escaleras,Lugar de nacimiento,Tocoa,honduras
Carlos Escaleras,Ocupación,político,honduras
Carlos Escaleras,Ciudadanía,Honduras,honduras
Carlos Escaleras,Fecha de nacimiento,1958-08-10,honduras
Carlos Escaleras,Fecha de defunción,1997-10-17,honduras
Luis Antonio Chávez,Ocupación,periodista,honduras
Luis Antonio Chávez,Ciudadanía,Honduras,honduras
Luis Antonio Chávez,Fecha de nacimiento,1901-01-01,honduras
Luis Antonio Chávez,Fecha de defunción,2010-04-13,honduras
Hipólita Rodríguez,Ocupación,político,honduras
Hipólita Rodríguez,Ciudadanía,Honduras,honduras
Hipólita Rodríguez,Cargo,diputado del Congreso Nacional de Honduras,honduras
Hipólita Rodríguez,Fecha de nacimiento,1925-08-13,honduras
Hipólita Rodríguez,Fecha de defunción,2023-08-01,honduras
Donaldo Ernesto Reyes,Ocupación,abogado,honduras
Donaldo Ernesto Reyes,Ciudadanía,Honduras,honduras
Donaldo Ernesto Reyes,Cargo,diputado del Congreso Nacional de Honduras,honduras
Donaldo Ernesto Reyes,Fecha de nacimiento,1939-06-18,honduras
Donaldo Ernesto Reyes,Ocupación,político,honduras
Toribio Aguilera,Ocupación,político,honduras
Toribio Aguilera,Ciudadanía,Honduras,honduras
Toribio Aguilera,Cargo,diputado del Congreso Nacional de Honduras,honduras
Toribio Aguilera,Fecha de nacimiento,1941-03-07,honduras
Toribio Aguilera,Fecha de defunción,2014-06-10,honduras
Toribio Aguilera,Ocupación,economista,honduras
Adela Elizabeth Zúniga,Ocupación,político,honduras
Adela Elizabeth Zúniga,Ciudadanía,Honduras,honduras
Adela Elizabeth Zúniga,Cargo,diputado del Congreso Nacional de Honduras,honduras
Adela Elizabeth Zúniga,Fecha de nacimiento,1942-02-04,honduras
German Leitzelar,Ocupación,abogado,honduras
German Leitzelar,Ciudadanía,Honduras,honduras
German Leitzelar,Cargo,diputado del Congreso Nacional de Honduras,honduras
German Leitzelar,Fecha de nacimiento,1945-07-04,honduras
German Leitzelar,Ocupación,político,honduras
Victoria Carrasco,Ocupación,político,honduras
Victoria Carrasco,Ciudadanía,Honduras,honduras
Victoria Carrasco,Cargo,diputado del Congreso Nacional de Honduras,honduras
Victoria Carrasco,Fecha de nacimiento,1946-03-06,honduras
Romualdo Bueso Melghem,Ocupación,político,honduras
Romualdo Bueso Melghem,Ciudadanía,Honduras,honduras
Romualdo Bueso Melghem,Cargo,diputado del Congreso Nacional de Honduras,honduras
Romualdo Bueso Melghem,Fecha de nacimiento,1947-10-09,honduras
Elvia Josefina Amador,Ocupación,político,honduras
Elvia Josefina Amador,Ciudadanía,Honduras,honduras
Elvia Josefina Amador,Cargo,diputado del Congreso Nacional de Honduras,honduras
Elvia Josefina Amador,Fecha de nacimiento,1948-05-01,honduras
Abraham Kafati Díaz,Ocupación,empresario,honduras
Abraham Kafati Díaz,Ciudadanía,Honduras,honduras
Abraham Kafati Díaz,Cargo,diputado del Congreso Nacional de Honduras,honduras
Abraham Kafati Díaz,Fecha de nacimiento,1948-04-27,honduras
Abraham Kafati Díaz,Ocupación,político,honduras
Eliseo Noel Mejía,Ocupación,político,honduras
Eliseo Noel Mejía,Ciudadanía,Honduras,honduras
Eliseo Noel Mejía,Cargo,diputado del Congreso Nacional de Honduras,honduras
Eliseo Noel Mejía,Fecha de nacimiento,1948-02-17,honduras
Felipe Zúniga del Cid,Ocupación,político,honduras
Felipe Zúniga del Cid,Ciudadanía,Honduras,honduras
Felipe Zúniga del Cid,Cargo,diputado del Congreso Nacional de Honduras,honduras
Felipe Zúniga del Cid,Fecha de nacimiento,1948-04-27,honduras
Rodolfo Irias Navas,Lugar de nacimiento,La Ceiba,honduras
Rodolfo Irias Navas,Ocupación,político,honduras
Rodolfo Irias Navas,Ciudadanía,Honduras,honduras
Rodolfo Irias Navas,Cargo,Presidente del Congreso Nacional de Honduras,honduras
Rodolfo Irias Navas,Fecha de nacimiento,1949-10-25,honduras
Rigoberto Chang Castillo,Ocupación,abogado,honduras
Rigoberto Chang Castillo,Ciudadanía,Honduras,honduras
Rigoberto Chang Castillo,Cargo,diputado del Congreso Nacional de Honduras,honduras
Rigoberto Chang Castillo,Fecha de nacimiento,1950-05-01,honduras
Rigoberto Chang Castillo,Ocupación,político,honduras
Celín Discua,Ocupación,político,honduras
Celín Discua,Ciudadanía,Honduras,honduras
Celín Discua,Cargo,diputado del Congreso Nacional de Honduras,honduras
Celín Discua,Fecha de nacimiento,1950-08-26,honduras
Alfonso Guillén Zelaya,Lugar de nacimiento,Juticalpa,honduras
Alfonso Guillén Zelaya,Ocupación,escritor,honduras
Alfonso Guillén Zelaya,Ciudadanía,Honduras,honduras
Alfonso Guillén Zelaya,Fecha de nacimiento,1887-06-27,honduras
Alfonso Guillén Zelaya,Fecha de defunción,1947-09-04,honduras
Alfonso Guillén Zelaya,Ocupación,periodista,honduras
Óscar Ramón Nájera,Ocupación,político,honduras
Óscar Ramón Nájera,Ciudadanía,Honduras,honduras
Óscar Ramón Nájera,Cargo,diputado del Congreso Nacional de Honduras,honduras
Óscar Ramón Nájera,Fecha de nacimiento,1950-12-12,honduras
George Romeo Silvestri,Ocupación,político,honduras
George Romeo Silvestri,Ciudadanía,Honduras,honduras
George Romeo Silvestri,Cargo,diputado del Congreso Nacional de Honduras,honduras
George Romeo Silvestri,Fecha de nacimiento,1950-04-23,honduras
Lisandro Mauricio Arias,Ocupación,político,honduras
Lisandro Mauricio Arias,Ciudadanía,Honduras,honduras
Lisandro Mauricio Arias,Cargo,diputado del Congreso Nacional de Honduras,honduras
Lisandro Mauricio Arias,Fecha de nacimiento,1965-04-12,honduras
Tocoa,país,Honduras,honduras
Tocoa,instancia de,municipio de Honduras,honduras
Tocoa,situado en la entidad territorial administrativa,Departamento de Colón,honduras
Tocoa,categoría principal del tema,Categoría:Tocoa,honduras
Juticalpa,situado en la entidad territorial administrativa,Departamento de Olancho,honduras
Amelián Zerón,Ocupación,periodista,honduras
Amelián Zerón,Ciudadanía,Honduras,honduras
Amalia Altamirano,Ocupación,periodista,honduras
Amalia Altamirano,Ciudadanía,Honduras,honduras
Amalia Altamirano,Ocupación,académico,honduras
Alejandro Rodriguez Mora,Ocupación,baloncestista,honduras
Alejandro Rodriguez Mora,Ciudadanía,Honduras,honduras
Alejandro Rodriguez Mora,Fecha de nacimiento,1997-05-28,honduras
Edgardo Jose Garcia Nuñez,Ocupación,baloncestista,honduras
Edgardo Jose Garcia Nuñez,Ciudadanía,Honduras,honduras
Edgardo Jose Garcia Nuñez,Fecha de nacimiento,1996-04-11,honduras
Luis Andres De Maria Caceres Nuñez,Ocupación,baloncestista,honduras
Luis Andres De Maria Caceres Nuñez,Ciudadanía,Honduras,honduras
Luis Andres De Maria Caceres Nuñez,Fecha de nacimiento,1996-09-22,honduras
Roberto Zavala Velasquez,Ocupación,baloncestista,honduras
Roberto Zavala Velasquez,Ciudadanía,Honduras,honduras
Roberto Zavala Velasquez,Fecha de nacimiento,1997-06-08,honduras
Jose Robertoni Medina Nolasco,Ocupación,baloncestista,honduras
Jose Robertoni Medina Nolasco,Ciudadanía,Honduras,honduras
Jose Robertoni Medina Nolasco,Fecha de nacimiento,1996-02-29,honduras
Ricardo Manuel Ehrler Pineda,Ocupación,baloncestista,honduras
Ricardo Manuel Ehrler Pineda,Ciudadanía,Honduras,honduras
Ricardo Manuel Ehrler Pineda,Fecha de nacimiento,1996-01-24,honduras
Andre Felipe Gonzales Ulloa,Ocupación,baloncestista,honduras
Andre Felipe Gonzales Ulloa,Ciudadanía,Honduras,honduras
Andre Felipe Gonzales Ulloa,Fecha de nacimiento,1996-02-01,honduras
Gabriela Vicenzzina Hasbun Velasco,Ocupación,baloncestista,honduras
Gabriela Vicenzzina Hasbun Velasco,Ciudadanía,Honduras,honduras
Gabriela Vicenzzina Hasbun Velasco,Fecha de nacimiento,1996-06-26,honduras
Roxana Lacayo Zelaya,Ocupación,baloncestista,honduras
Roxana Lacayo Zelaya,Ciudadanía,Honduras,honduras
Roxana Lacayo Zelaya,Fecha de nacimiento,1997-02-06,honduras
Lexa Rose Mary Creamer Ruiz,Ocupación,baloncestista,honduras
Lexa Rose Mary Creamer Ruiz,Ciudadanía,Honduras,honduras
Lexa Rose Mary Creamer Ruiz,Fecha de nacimiento,1997-01-13,honduras
Victoria Callejas Raymond,Ocupación,baloncestista,honduras
Victoria Callejas Raymond,Ciudadanía,Honduras,honduras
Victoria Callejas Raymond,Fecha de nacimiento,1997-01-25,honduras
Elena Thumann Fugon,Ocupación,baloncestista,honduras
Elena Thumann Fugon,Ciudadanía,Honduras,honduras
Elena Thumann Fugon,Fecha de nacimiento,1998-01-29,honduras
Eileen Andrea Hernandez Hernandez,Ocupación,baloncestista,honduras
Eileen Andrea Hernandez Hernandez,Ciudadanía,Honduras,honduras
Eileen Andrea Hernandez Hernandez,Fecha de nacimiento,1996-10-31,honduras
Stephanie Marie Alvarado Moreno,Ocupación,baloncestista,honduras
Stephanie Marie Alvarado Moreno,Ciudadanía,Honduras,honduras
Stephanie Marie Alvarado Moreno,Fecha de nacimiento,1998-03-31,honduras
Linda Gabriela Martinez Alvarez,Ocupación,baloncestista,honduras
Linda Gabriela Martinez Alvarez,Ciudadanía,Honduras,honduras
Linda Gabriela Martinez Alvarez,Fecha de nacimiento,1996-06-29,honduras
Lia Yolaniy Mariel Medina Zelaya,Ocupación,baloncestista,honduras
Lia Yolaniy Mariel Medina Zelaya,Ciudadanía,Honduras,honduras
Lia Yolaniy Mariel Medina Zelaya,Fecha de nacimiento,1998-03-29,honduras
Maria Raquel Breve Cardona,Ocupación,baloncestista,honduras
Maria Raquel Breve Cardona,Ciudadanía,Honduras,honduras
Maria Raquel Breve Cardona,Fecha de nacimiento,1996-09-21,honduras
Jinan Abdalah Funes,Ocupación,baloncestista,honduras
Jinan Abdalah Funes,Ciudadanía,Honduras,honduras
Jinan Abdalah Funes,Fecha de nacimiento,1998-03-04,honduras
académico,instancia de,profesión,honduras
académico,instancia de,cargo,honduras
académico,subclase de,científico,honduras
académico,subclase de,cuadro profesional,honduras
académico,subclase de,erudito,honduras
Helen Williams,Ocupación,baloncestista,honduras
Helen Williams,Ciudadanía,Honduras,honduras
Helen Williams,Fecha de nacimiento,1992-02-17,honduras
Erasmo Sierra,Ocupación,baloncestista,honduras
Erasmo Sierra,Ciudadanía,Honduras,honduras
Erasmo Sierra,Fecha de nacimiento,1989-02-07,honduras
Machiel Ramon,Ocupación,baloncestista,honduras
Machiel Ramon,Ciudadanía,Honduras,honduras
Machiel Ramon,Fecha de nacimiento,1987-06-25,honduras
Mario Johan Amador Aceituno,Ocupación,baloncestista,honduras
Mario Johan Amador Aceituno,Ciudadanía,Honduras,honduras
Mario Johan Amador Aceituno,Fecha de nacimiento,1985-07-25,honduras
Persly Joel Marin Gonzalez,Ocupación,baloncestista,honduras
Persly Joel Marin Gonzalez,Ciudadanía,Honduras,honduras
Persly Joel Marin Gonzalez,Fecha de nacimiento,1981-09-29,honduras
Sussy Danhey Bonilla Ramirez,Ocupación,baloncestista,honduras
Sussy Danhey Bonilla Ramirez,Ciudadanía,Honduras,honduras
Sussy Danhey Bonilla Ramirez,Fecha de nacimiento,1980-10-14,honduras
Mildrem Ninoska Martinez Osorio,Ocupación,baloncestista,honduras
Mildrem Ninoska Martinez Osorio,Ciudadanía,Honduras,honduras
Mildrem Ninoska Martinez Osorio,Fecha de nacimiento,1984-03-17,honduras
Karla Iveth Bu Zapata,Ocupación,baloncestista,honduras
Karla Iveth Bu Zapata,Ciudadanía,Honduras,honduras
Karla Iveth Bu Zapata,Fecha de nacimiento,1978-01-03,honduras
Jani Martinez,Ocupación,baloncestista,honduras
Jani Martinez,Ciudadanía,Honduras,honduras
Jani Martinez,Fecha de nacimiento,1980-01-29,honduras
Francia Maria Cruz Zelaya,Ocupación,baloncestista,honduras
Francia Maria Cruz Zelaya,Ciudadanía,Honduras,honduras
Francia Maria Cruz Zelaya,Fecha de nacimiento,1980-01-30,honduras
Ariela Marina Morazan Lemus,Ocupación,baloncestista,honduras
Ariela Marina Morazan Lemus,Ciudadanía,Honduras,honduras
Ariela Marina Morazan Lemus,Fecha de nacimiento,1983-08-26,honduras
Jorge Pomare,Ocupación,baloncestista,honduras
Jorge Pomare,Ciudadanía,Honduras,honduras
Jorge Pomare,Fecha de nacimiento,1995-03-31,honduras
Jose Luis Lopez Benavides,Ocupación,baloncestista,honduras
Jose Luis Lopez Benavides,Ciudadanía,Honduras,honduras
Jose Luis Lopez Benavides,Fecha de nacimiento,1973-05-22,honduras
Alex Alfaro,Ocupación,baloncestista,honduras
Alex Alfaro,Ciudadanía,Honduras,honduras
Alex Alfaro,Fecha de nacimiento,1990-11-15,honduras
Danalid Jackson Garbott,Ocupación,baloncestista,honduras
Danalid Jackson Garbott,Ciudadanía,Honduras,honduras
Danalid Jackson Garbott,Fecha de nacimiento,1968-07-23,honduras
Tania Katherine Peralta Sosa,Ocupación,baloncestista,honduras
Tania Katherine Peralta Sosa,Ciudadanía,Honduras,honduras
Tania Katherine Peralta Sosa,Fecha de nacimiento,1979-11-22,honduras
Erika Yalena Banegas Suazo,Ocupación,baloncestista,honduras
Erika Yalena Banegas Suazo,Ciudadanía,Honduras,honduras
Erika Yalena Banegas Suazo,Fecha de nacimiento,1979-07-11,honduras
Ena Cristina Lobo Valdez,Ocupación,baloncestista,honduras
Ena Cristina Lobo Valdez,Ciudadanía,Honduras,honduras
Ena Cristina Lobo Valdez,Fecha de nacimiento,1984-03-28,honduras
Fany Maricela F. Ruiz Flores,Ocupación,baloncestista,honduras
Fany Maricela F. Ruiz Flores,Ciudadanía,Honduras,honduras
Fany Maricela F. Ruiz Flores,Fecha de nacimiento,1987-11-04,honduras
Claudia Patricia Sierra Diaz,Ocupación,baloncestista,honduras
Claudia Patricia Sierra Diaz,Ciudadanía,Honduras,honduras
Claudia Patricia Sierra Diaz,Fecha de nacimiento,1977-03-24,honduras
guionista,ámbito de la ocupación,escritura de guiones,honduras
guionista,categoría principal del tema,Categoría:Guionistas,honduras
Walter Tróchez,Lugar de nacimiento,Choluteca,honduras
Walter Tróchez,Ocupación,activista LGBTI,honduras
Walter Tróchez,Ciudadanía,Honduras,honduras
Walter Tróchez,Fecha de nacimiento,1982-01-01,honduras
Walter Tróchez,Fecha de defunción,2009-12-13,honduras
Walter Tróchez,Ocupación,activista en respuesta al sida,honduras
Wendy Salgado,Lugar de nacimiento,Honduras,honduras
Wendy Salgado,Ocupación,participante en concursos de belleza,honduras
Wendy Salgado,Ciudadanía,Honduras,honduras
Wendy Salgado,Fecha de nacimiento,1983-05-09,honduras
Williams Reyes,Lugar de nacimiento,La Ceiba,honduras
Williams Reyes,Ocupación,futbolista,honduras
Williams Reyes,Ciudadanía,Honduras,honduras
Williams Reyes,Fecha de nacimiento,1976-10-30,honduras
Williams Reyes,Ciudadanía,El Salvador,honduras
Wilmer Ramos,Lugar de nacimiento,Sabá,honduras
Wilmer Ramos,Ocupación,entrenador,honduras
Wilmer Ramos,Ciudadanía,Honduras,honduras
Wilmer Ramos,Fecha de nacimiento,1979-06-01,honduras
Wilmer Ramos,Ocupación,futbolista,honduras
Wilson Güity,Lugar de nacimiento,La Ceiba,honduras
Wilson Güity,Ocupación,futbolista,honduras
Wilson Güity,Ciudadanía,Honduras,honduras
Wilson Güity,Fecha de nacimiento,1987-09-30,honduras
Xiomara Castro,Lugar de nacimiento,Tegucigalpa,honduras
Xiomara Castro,Ocupación,político,honduras
Xiomara Castro,Ciudadanía,Honduras,honduras
Xiomara Castro,Cargo,Primera Dama de Honduras,honduras
Xiomara Castro,Fecha de nacimiento,1959-09-30,honduras
Xiomara Castro,Ocupación,empresaria,honduras
Xiomara Castro,Cargo,presidente de Honduras,honduras
Yermy Hernández,Lugar de nacimiento,La Ceiba,honduras
Yermy Hernández,Ocupación,entrenador,honduras
Yermy Hernández,Ciudadanía,Honduras,honduras
Yermy Hernández,Fecha de nacimiento,1980-12-02,honduras
Yermy Hernández,Ocupación,futbolista,honduras
Yul Arzú,Lugar de nacimiento,San Pedro Sula,honduras
Yul Arzú,Ocupación,entrenador,honduras
Yul Arzú,Ciudadanía,Honduras,honduras
Yul Arzú,Fecha de nacimiento,1986-10-21,honduras
Yul Arzú,Ocupación,futbolista,honduras
Ángel Obando,Lugar de nacimiento,Honduras,honduras
Ángel Obando,Ocupación,entrenador,honduras
Ángel Obando,Ciudadanía,Honduras,honduras
Ángel Obando,Ocupación,futbolista,honduras
Arlo Eugenio Lopez Santos,Ocupación,baloncestista,honduras
Arlo Eugenio Lopez Santos,Ciudadanía,Honduras,honduras
Arlo Eugenio Lopez Santos,Fecha de nacimiento,1977-04-03,honduras
Pedro Moises Salazar Ferron,Ocupación,baloncestista,honduras
Pedro Moises Salazar Ferron,Ciudadanía,Honduras,honduras
Pedro Moises Salazar Ferron,Fecha de nacimiento,1972-10-31,honduras
Juan José Morales,Ciudadanía,Honduras,honduras
Héctor Menéndez,Lugar de nacimiento,Siguatepeque,honduras
Héctor Menéndez,Ocupación,ciclista,honduras
Héctor Menéndez,Ciudadanía,Honduras,honduras
Héctor Menéndez,Fecha de nacimiento,2005-06-01,honduras
Cristhian Martínez,Ocupación,ciclista,honduras
Cristhian Martínez,Ciudadanía,Honduras,honduras
Cristhian Martínez,Fecha de nacimiento,1995-08-30,honduras
Rihanna Ferrara,Ocupación,político,honduras
Rihanna Ferrara,Ciudadanía,Honduras,honduras
Rihanna Ferrara,Ocupación,activista LGBTI,honduras
Lucila Estrada de Pérez,Lugar de nacimiento,Gracias,honduras
Lucila Estrada de Pérez,Ocupación,escritor,honduras
Lucila Estrada de Pérez,Ciudadanía,Honduras,honduras
Lucila Estrada de Pérez,Fecha de nacimiento,1856-01-01,honduras
Lucila Estrada de Pérez,Fecha de defunción,1949-01-01,honduras
Lucila Estrada de Pérez,Ocupación,poeta,honduras
Jefryn Macías,Ocupación,futbolista,honduras
Jefryn Macías,Ciudadanía,Honduras,honduras
Jefryn Macías,Fecha de nacimiento,2004-01-02,honduras
Iliana Pineda,Ocupación,baloncestista,honduras
Iliana Pineda,Ciudadanía,Honduras,honduras
Iliana Pineda,Fecha de nacimiento,1999-10-22,honduras
Luis Gustavo Araujo Rodriguez,Ocupación,investigador,honduras
Luis Gustavo Araujo Rodriguez,Ciudadanía,Honduras,honduras
Luis Gustavo Araujo Rodriguez,Educado en,Universidad de São Paulo,honduras
Luis Gustavo Araujo Rodriguez,Educado en,Universidad Católica de Honduras,honduras
Luis Gustavo Araujo Rodriguez,Educado en,Universidad Estatal de Maringá,honduras
activista LGBTI,instancia de,ocupación,honduras
activista LGBTI,subclase de,activista por los derechos civiles,honduras
activista LGBTI,subclase de,activista por los derechos humanos,honduras
activista LGBTI,subclase de,activista sobre temas  relacionados con la sexualidad y el género,honduras
activista LGBTI,forma parte de,movimiento LGBT,honduras
El Salvador,país,El Salvador,honduras
El Salvador,jefe de gobierno,Nayib Bukele,honduras
El Salvador,continente,América del Norte,honduras
El Salvador,instancia de,país,honduras
El Salvador,instancia de,estado soberano,honduras
Sabá,país,Honduras,honduras
Sabá,instancia de,municipio de Honduras,honduras
Sabá,situado en la entidad territorial administrativa,Departamento de Colón,honduras
Sabá,diferente de,Sabá,honduras
ciclista,instancia de,profesión,honduras
ciclista,instancia de,deportista,honduras
ciclista,subclase de,ciclista,honduras
ciclista,ámbito de la ocupación,ciclismo de competición,honduras
investigador,instancia de,cargo,honduras
investigador,instancia de,ocupación,honduras
investigador,subclase de,escritor de no ficción,honduras
investigador,subclase de,profesional de la academia,honduras
investigador,ámbito de la ocupación,investigación,honduras
Universidad Católica de Honduras,país,Honduras,honduras
Universidad Católica de Honduras,instancia de,universidad privada,honduras
Universidad Católica de Honduras,fundador,Héctor Enrique Santos Hernández,honduras
Universidad Católica de Honduras,situado en la entidad territorial administrativa,Tegucigalpa,honduras
Universidad Católica de Honduras,categoría principal del tema,Categoría:Universidad Católica de Honduras,honduras
Universidad Estatal de Maringá,país,Brasil,honduras
Universidad Estatal de Maringá,instancia de,universidad,honduras
Universidad Estatal de Maringá,instancia de,institución educativa pública,honduras
Universidad Estatal de Maringá,instancia de,editor de acceso abierto,honduras
Universidad Estatal de Maringá,situado en la entidad territorial administrativa,Maringá,honduras
periodista,parcialmente coincidente con,entrevistador,honduras
periodista,plantilla principal del tema,Plantilla:Ficha de periodista,honduras
periodista,diferente de,reportero,honduras
periodista,diferente de,operador,honduras
Marco Antonio Andino,Ocupación,abogado,honduras
Marco Antonio Andino,Ciudadanía,Honduras,honduras
Marco Antonio Andino,Cargo,diputado del Congreso Nacional de Honduras,honduras
Marco Antonio Andino,Fecha de nacimiento,1955-04-25,honduras
Marco Antonio Andino,Fecha de defunción,2015-08-09,honduras
Marco Antonio Andino,Ocupación,político,honduras
Tito Asfura,Lugar de nacimiento,Tegucigalpa,honduras
Tito Asfura,Ocupación,político,honduras
Tito Asfura,Ciudadanía,Honduras,honduras
Tito Asfura,Educado en,Instituto San Francisco,honduras
Tito Asfura,Cargo,diputado del Congreso Nacional de Honduras,honduras
Tito Asfura,Fecha de nacimiento,1958-06-08,honduras
Tito Asfura,Ocupación,economista,honduras
Jorge Aguilar Paredes,Ocupación,político,honduras
Jorge Aguilar Paredes,Ciudadanía,Honduras,honduras
Jorge Aguilar Paredes,Fecha de nacimiento,1966-03-09,honduras
Roy Barahona,Ocupación,nadador,honduras
Roy Barahona,Ciudadanía,Honduras,honduras
Roy Barahona,Fecha de nacimiento,1986-03-20,honduras
Silvia Ayala,Ocupación,abogado,honduras
Silvia Ayala,Ciudadanía,Honduras,honduras
Silvia Ayala,Cargo,diputado del Congreso Nacional de Honduras,honduras
Silvia Ayala,Fecha de nacimiento,1969-12-14,honduras
Silvia Ayala,Ocupación,político,honduras
José Azcona Bocock,Ocupación,político,honduras
José Azcona Bocock,Ciudadanía,Honduras,honduras
José Azcona Bocock,Cargo,diputado del Congreso Nacional de Honduras,honduras
José Azcona Bocock,Fecha de nacimiento,1972-05-13,honduras
Juan Francisco Argeñal,Ocupación,político,honduras
Juan Francisco Argeñal,Ciudadanía,Honduras,honduras
Juan Francisco Argeñal,Cargo,diputado del Congreso Nacional de Honduras,honduras
Juan Francisco Argeñal,Fecha de nacimiento,1954-01-21,honduras
Sadia Argueta,Ocupación,político,honduras
Sadia Argueta,Ciudadanía,Honduras,honduras
Sadia Argueta,Cargo,diputado del Congreso Nacional de Honduras,honduras
Sadia Argueta,Fecha de nacimiento,1984-03-15,honduras
Roberto Gámez Panchamé,Ocupación,político,honduras
Roberto Gámez Panchamé,Ciudadanía,Honduras,honduras
Roberto Gámez Panchamé,Cargo,diputado del Congreso Nacional de Honduras,honduras
Roberto Gámez Panchamé,Fecha de nacimiento,1950-10-23,honduras
Hernaín Arzú,Lugar de nacimiento,Santa Rosa de Aguán,honduras
Hernaín Arzú,Ocupación,entrenador,honduras
Hernaín Arzú,Ciudadanía,Honduras,honduras
Hernaín Arzú,Fecha de nacimiento,1967-10-13,honduras
Hernaín Arzú,Ocupación,futbolista,honduras
Marco Antonio Anariba,Lugar de nacimiento,El Progreso,honduras
Marco Antonio Anariba,Ocupación,futbolista,honduras
Marco Antonio Anariba,Ciudadanía,Honduras,honduras
Marco Antonio Anariba,Fecha de nacimiento,1968-02-18,honduras
Alex Ávila,Lugar de nacimiento,Honduras,honduras
Alex Ávila,Ocupación,futbolista,honduras
Alex Ávila,Ciudadanía,Honduras,honduras
Alex Ávila,Fecha de nacimiento,1964-12-26,honduras
Martha Concepción Figueroa,Ocupación,político,honduras
Martha Concepción Figueroa,Ciudadanía,Honduras,honduras
Martha Concepción Figueroa,Cargo,diputado del Congreso Nacional de Honduras,honduras
Martha Concepción Figueroa,Fecha de nacimiento,1952-07-17,honduras
Carlos Alfredo Lara Watson,Ocupación,político,honduras
Carlos Alfredo Lara Watson,Ciudadanía,Honduras,honduras
Carlos Alfredo Lara Watson,Cargo,diputado del Congreso Nacional de Honduras,honduras
Carlos Alfredo Lara Watson,Fecha de nacimiento,1952-12-28,honduras
José Tomás Ponce,Ocupación,político,honduras
José Tomás Ponce,Ciudadanía,Honduras,honduras
José Tomás Ponce,Cargo,diputado del Congreso Nacional de Honduras,honduras
José Tomás Ponce,Fecha de nacimiento,1952-07-01,honduras
Arturo Bonilla,Lugar de nacimiento,El Progreso,honduras
Arturo Bonilla,Ocupación,futbolista,honduras
Arturo Bonilla,Ciudadanía,Honduras,honduras
Arturo Bonilla,Fecha de nacimiento,1953-01-23,honduras
María Teresa Chávez,Ocupación,político,honduras
María Teresa Chávez,Ciudadanía,Honduras,honduras
María Teresa Chávez,Cargo,diputado del Congreso Nacional de Honduras,honduras
María Teresa Chávez,Fecha de nacimiento,1953-02-19,honduras
Orle Solís,Ocupación,abogado,honduras
Orle Solís,Ciudadanía,Honduras,honduras
Orle Solís,Cargo,diputado del Congreso Nacional de Honduras,honduras
Orle Solís,Fecha de nacimiento,1953-08-22,honduras
Orle Solís,Ocupación,político,honduras
Instituto San Francisco,país,Honduras,honduras
Instituto San Francisco,instancia de,institución académica,honduras
Instituto San Francisco,situado en la entidad territorial administrativa,Departamento de Gracias a Dios,honduras
Rony Flores,Lugar de nacimiento,Tela,honduras
Rony Flores,Ocupación,futbolista,honduras
Rony Flores,Ciudadanía,Honduras,honduras
Rony Flores,Fecha de nacimiento,1984-09-28,honduras
Jairo Martínez,Lugar de nacimiento,La Ceiba,honduras
Jairo Martínez,Ocupación,futbolista,honduras
Jairo Martínez,Ciudadanía,Honduras,honduras
Jairo Martínez,Fecha de nacimiento,1978-05-14,honduras
Héctor Flores,Lugar de nacimiento,El Progreso,honduras
Héctor Flores,Ocupación,futbolista,honduras
Héctor Flores,Ciudadanía,Honduras,honduras
Héctor Flores,Fecha de nacimiento,1975-06-20,honduras
Merlyn Membreño,Lugar de nacimiento,Tegucigalpa,honduras
Merlyn Membreño,Ocupación,entrenador,honduras
Merlyn Membreño,Ciudadanía,Honduras,honduras
Merlyn Membreño,Fecha de nacimiento,1972-06-24,honduras
Merlyn Membreño,Ocupación,futbolista,honduras
Milton Geovanny Palacios,Lugar de nacimiento,Sambo Creek,honduras
Milton Geovanny Palacios,Ocupación,futbolista,honduras
Milton Geovanny Palacios,Ciudadanía,Honduras,honduras
Milton Geovanny Palacios,Fecha de nacimiento,1988-04-17,honduras
Obed Enamorado,Lugar de nacimiento,Tela,honduras
Obed Enamorado,Ocupación,entrenador,honduras
Obed Enamorado,Ciudadanía,Honduras,honduras
Obed Enamorado,Fecha de nacimiento,1985-09-15,honduras
Obed Enamorado,Ocupación,futbolista,honduras
Julián Rápalo,Lugar de nacimiento,Villanueva,honduras
Julián Rápalo,Ocupación,futbolista,honduras
Julián Rápalo,Ciudadanía,Honduras,honduras
Julián Rápalo,Fecha de nacimiento,1986-08-09,honduras
Henry Bermúdez,Lugar de nacimiento,Santa Rosa de Aguán,honduras
Henry Bermúdez,Ocupación,futbolista,honduras
Henry Bermúdez,Ciudadanía,Honduras,honduras
Henry Bermúdez,Fecha de nacimiento,1987-05-01,honduras
José Luis Pineda,Lugar de nacimiento,San Pedro Sula,honduras
José Luis Pineda,Ocupación,entrenador,honduras
José Luis Pineda,Ciudadanía,Honduras,honduras
José Luis Pineda,Fecha de nacimiento,1975-03-19,honduras
José Luis Pineda,Ocupación,futbolista,honduras
Kelvin Castillo,Lugar de nacimiento,Tela,honduras
Kelvin Castillo,Ocupación,futbolista,honduras
Kelvin Castillo,Ciudadanía,Honduras,honduras
Kelvin Castillo,Fecha de nacimiento,1985-09-08,honduras
Nelson Larios,Lugar de nacimiento,Puerto Cortés,honduras
Nelson Larios,Ocupación,entrenador,honduras
Nelson Larios,Ciudadanía,Honduras,honduras
Nelson Larios,Fecha de nacimiento,1966-01-01,honduras
Nelson Larios,Ocupación,futbolista,honduras
Hugo Sarmiento,Lugar de nacimiento,San Pedro Sula,honduras
Hugo Sarmiento,Ocupación,futbolista,honduras
Hugo Sarmiento,Ciudadanía,Honduras,honduras
Hugo Sarmiento,Fecha de nacimiento,1978-04-25,honduras
Jorge Alberto Solís,Lugar de nacimiento,Honduras,honduras
Jorge Alberto Solís,Ocupación,entrenador,honduras
Jorge Alberto Solís,Ciudadanía,Honduras,honduras
Jorge Alberto Solís,Fecha de nacimiento,1935-01-01,honduras
Jorge Alberto Solís,Fecha de defunción,1997-05-31,honduras
Jorge Alberto Solís,Ocupación,futbolista,honduras
Lena Karyn Gutiérrez Arévalo,Lugar de nacimiento,Tegucigalpa,honduras
Lena Karyn Gutiérrez Arévalo,Ocupación,político,honduras
Lena Karyn Gutiérrez Arévalo,Ciudadanía,Honduras,honduras
Lena Karyn Gutiérrez Arévalo,Cargo,diputado del Congreso Nacional de Honduras,honduras
Lena Karyn Gutiérrez Arévalo,Fecha de nacimiento,1977-04-19,honduras
Mario Canahuati,Lugar de nacimiento,San Pedro Sula,honduras
Mario Canahuati,Ocupación,empresario,honduras
Mario Canahuati,Ciudadanía,Honduras,honduras
Mario Canahuati,Educado en,Instituto de Tecnología de Georgia,honduras
Mario Canahuati,Cargo,Ministro de Relaciones Exteriores,honduras
Mario Canahuati,Fecha de nacimiento,1955-09-12,honduras
Mario Canahuati,Ocupación,político,honduras
Mario Canahuati,Ocupación,diplomático,honduras
Mario Canahuati,Cargo,ambassador of Honduras to the United States of America,honduras
Norberto Bernárdez Ávila,Lugar de nacimiento,Honduras,honduras
Norberto Bernárdez Ávila,Ocupación,remero,honduras
Norberto Bernárdez Ávila,Ciudadanía,Honduras,honduras
Norberto Bernárdez Ávila,Fecha de nacimiento,1987-04-20,honduras
Edgardo Paz Barnica,Ocupación,político,honduras
Edgardo Paz Barnica,Ciudadanía,Honduras,honduras
Edgardo Paz Barnica,Fecha de nacimiento,1934-01-01,honduras
Illich Guardiola,Lugar de nacimiento,Honduras,honduras
Illich Guardiola,Ocupación,actor de teatro,honduras
Illich Guardiola,Ciudadanía,Estados Unidos,honduras
Illich Guardiola,Fecha de nacimiento,1972-07-05,honduras
Illich Guardiola,Ocupación,actor de voz,honduras
Illich Guardiola,Fecha de nacimiento,1974-07-05,honduras
Illich Guardiola,Ciudadanía,Honduras,honduras
Joshua Nieto,Lugar de nacimiento,Tegucigalpa,honduras
Joshua Nieto,Ocupación,futbolista,honduras
Joshua Nieto,Ciudadanía,Honduras,honduras
Joshua Nieto,Fecha de nacimiento,1994-09-03,honduras
Joshua Nieto,Lugar de nacimiento,Comayagüela,honduras
José Rosario Bonano,Ocupación,político,honduras
José Rosario Bonano,Ciudadanía,Colombia,honduras
José Rosario Bonano,Cargo,diputado del Congreso Nacional de Honduras,honduras
José Rosario Bonano,Fecha de nacimiento,1956-03-14,honduras
José Rosario Bonano,Ciudadanía,Honduras,honduras
Instituto de Tecnología de Georgia,país,Estados Unidos,honduras
Instituto de Tecnología de Georgia,instancia de,universidad técnica,honduras
Instituto de Tecnología de Georgia,instancia de,institución educativa pública de los Estados Unidos,honduras
Instituto de Tecnología de Georgia,instancia de,universidad pública de investigación,honduras
Instituto de Tecnología de Georgia,situado en la entidad territorial administrativa,Atlanta,honduras
remero,instancia de,ocupación,honduras
remero,subclase de,deportista,honduras
remero,subclase de,barquero,honduras
remero,ámbito de la ocupación,remo,honduras
actor de teatro,instancia de,oficio del teatro,honduras
actor de teatro,subclase de,actor,honduras
actor de teatro,ámbito de la ocupación,teatro,honduras
actor de teatro,categoría principal del tema,Categoría:Actores de teatro,honduras
actor de voz,instancia de,profesión,honduras
actor de voz,subclase de,actor,honduras
actor de voz,ámbito de la ocupación,actuación de voz,honduras
actor de voz,se dice que es lo mismo que,seiyū,honduras
actor de voz,categoría principal del tema,Categoría:Actores de voz,honduras
Chesed Sibaja,Ocupación,baloncestista,honduras
Chesed Sibaja,Ciudadanía,Honduras,honduras
Chesed Sibaja,Fecha de nacimiento,1998-12-18,honduras
Deron Jasher Watler Brooks,Ocupación,baloncestista,honduras
Deron Jasher Watler Brooks,Ciudadanía,Honduras,honduras
Deron Jasher Watler Brooks,Fecha de nacimiento,1998-03-07,honduras
Jose David Espinal Nuñez,Ocupación,baloncestista,honduras
Jose David Espinal Nuñez,Ciudadanía,Honduras,honduras
Jose David Espinal Nuñez,Fecha de nacimiento,1999-04-14,honduras
Christian Isaac Williams Araujo,Ocupación,baloncestista,honduras
Christian Isaac Williams Araujo,Ciudadanía,Honduras,honduras
Christian Isaac Williams Araujo,Fecha de nacimiento,1998-08-03,honduras
Rafael De Jesus Diaz Handal,Ocupación,baloncestista,honduras
Rafael De Jesus Diaz Handal,Ciudadanía,Honduras,honduras
Rafael De Jesus Diaz Handal,Fecha de nacimiento,1998-03-26,honduras
Francisco Forbs,Ocupación,baloncestista,honduras
Francisco Forbs,Ciudadanía,Honduras,honduras
Francisco Forbs,Fecha de nacimiento,1999-02-24,honduras
Eduardo Tyrret Johnson Johnson,Ocupación,baloncestista,honduras
Eduardo Tyrret Johnson Johnson,Ciudadanía,Honduras,honduras
Eduardo Tyrret Johnson Johnson,Fecha de nacimiento,1999-03-12,honduras
Denneson Lucas,Ocupación,baloncestista,honduras
Denneson Lucas,Ciudadanía,Honduras,honduras
Denneson Lucas,Fecha de nacimiento,2000-08-04,honduras
Clary Bodden,Ocupación,baloncestista,honduras
Clary Bodden,Ciudadanía,Honduras,honduras
Clary Bodden,Fecha de nacimiento,2000-01-01,honduras
Luciana Antonia Rietti Millares,Ocupación,baloncestista,honduras
Luciana Antonia Rietti Millares,Ciudadanía,Honduras,honduras
Luciana Antonia Rietti Millares,Fecha de nacimiento,1999-10-19,honduras
Paola Rodriguez Mora,Ocupación,baloncestista,honduras
Paola Rodriguez Mora,Ciudadanía,Honduras,honduras
Paola Rodriguez Mora,Fecha de nacimiento,1999-03-31,honduras
Carlos Dionicio,Ocupación,baloncestista,honduras
Carlos Dionicio,Ciudadanía,Honduras,honduras
Carlos Dionicio,Fecha de nacimiento,1999-06-19,honduras
Thrisha Nathalia Yearwood Calix,Ocupación,baloncestista,honduras
Thrisha Nathalia Yearwood Calix,Ciudadanía,Honduras,honduras
Thrisha Nathalia Yearwood Calix,Fecha de nacimiento,2000-06-21,honduras
Andre Isaac Martinez Guevara,Ocupación,baloncestista,honduras
Andre Isaac Martinez Guevara,Ciudadanía,Honduras,honduras
Andre Isaac Martinez Guevara,Fecha de nacimiento,1999-01-24,honduras
Devon Byron Stewart Bodden,Ocupación,baloncestista,honduras
Devon Byron Stewart Bodden,Ciudadanía,Honduras,honduras
Devon Byron Stewart Bodden,Fecha de nacimiento,1999-02-08,honduras
Humberto Adonis Sandoval Landa,Ocupación,baloncestista,honduras
Humberto Adonis Sandoval Landa,Ciudadanía,Honduras,honduras
Humberto Adonis Sandoval Landa,Fecha de nacimiento,1999-07-28,honduras
Jimmy Sansur Wills,Ocupación,baloncestista,honduras
Jimmy Sansur Wills,Ciudadanía,Honduras,honduras
Jimmy Sansur Wills,Fecha de nacimiento,1999-06-09,honduras
Mauro Guerrero,Ocupación,baloncestista,honduras
Mauro Guerrero,Ciudadanía,Honduras,honduras
Mauro Guerrero,Fecha de nacimiento,1999-09-11,honduras
Carlos Rene Velasquez Pineda,Ocupación,baloncestista,honduras
Carlos Rene Velasquez Pineda,Ciudadanía,Honduras,honduras
Carlos Rene Velasquez Pineda,Fecha de nacimiento,2000-03-20,honduras
Ana Gabriel Barahona Zuñiga,Ocupación,baloncestista,honduras
Ana Gabriel Barahona Zuñiga,Ciudadanía,Honduras,honduras
Ana Gabriel Barahona Zuñiga,Fecha de nacimiento,2000-04-27,honduras
Ángel Paz,Lugar de nacimiento,Tela,honduras
Ángel Paz,Ocupación,entrenador,honduras
Ángel Paz,Ciudadanía,Honduras,honduras
Ángel Paz,Fecha de nacimiento,1950-10-28,honduras
Ángel Paz,Fecha de defunción,2008-11-04,honduras
Ángel Paz,Ocupación,futbolista,honduras
Érick Vallecillo,Lugar de nacimiento,Sonaguera,honduras
Érick Vallecillo,Ocupación,futbolista,honduras
Érick Vallecillo,Ciudadanía,Honduras,honduras
Érick Vallecillo,Fecha de nacimiento,1980-01-29,honduras
Oscar Isaula,Lugar de nacimiento,Tegucigalpa,honduras
Oscar Isaula,Ocupación,futbolista,honduras
Oscar Isaula,Ciudadanía,Honduras,honduras
Oscar Isaula,Fecha de nacimiento,1982-10-09,honduras
Óscar Rolando Hernández,Lugar de nacimiento,Honduras,honduras
Óscar Rolando Hernández,Ocupación,entrenador,honduras
Óscar Rolando Hernández,Ciudadanía,Honduras,honduras
Óscar Rolando Hernández,Ocupación,futbolista,honduras
Óscar Zepeda,Lugar de nacimiento,San Pedro Sula,honduras
Óscar Zepeda,Ocupación,futbolista,honduras
Óscar Zepeda,Ciudadanía,Honduras,honduras
Óscar Zepeda,Fecha de nacimiento,1984-12-03,honduras
Chris Flores,Lugar de nacimiento,Boston,honduras
Chris Flores,Ocupación,baloncestista,honduras
Chris Flores,Ciudadanía,Estados Unidos,honduras
Chris Flores,Educado en,Instituto de Tecnología de Nueva Jersey,honduras
Chris Flores,Fecha de nacimiento,1990-05-10,honduras
Chris Flores,Ciudadanía,Honduras,honduras
Chris Flores,Educado en,Marianapolis Preparatory School,honduras
Víctor Mena,Lugar de nacimiento,Trujillo,honduras
Víctor Mena,Ocupación,entrenador,honduras
Víctor Mena,Ciudadanía,Honduras,honduras
Víctor Mena,Fecha de nacimiento,1980-08-02,honduras
Víctor Mena,Ocupación,futbolista,honduras
Mauricio Villeda Bermúdez,Lugar de nacimiento,Tegucigalpa,honduras
Mauricio Villeda Bermúdez,Ocupación,abogado,honduras
Mauricio Villeda Bermúdez,Ciudadanía,Honduras,honduras
Mauricio Villeda Bermúdez,Educado en,Universidad Nacional Autónoma de Honduras,honduras
Mauricio Villeda Bermúdez,Fecha de nacimiento,1948-04-27,honduras
Mauricio Villeda Bermúdez,Ocupación,político,honduras
Mauricio Villeda Bermúdez,Ocupación,jurista,honduras
Miguel González,Ocupación,boxeador,honduras
Miguel González,Ciudadanía,Honduras,honduras
Miguel González,Fecha de nacimiento,1986-04-20,honduras
Patricia Rodas,Lugar de nacimiento,Comayagüela,honduras
Patricia Rodas,Ocupación,político,honduras
Patricia Rodas,Ciudadanía,Honduras,honduras
Patricia Rodas,Educado en,Universidad Nacional Autónoma de Honduras,honduras
Patricia Rodas,Cargo,Ministro de Relaciones Exteriores,honduras
Patricia Rodas,Fecha de nacimiento,1960-06-22,honduras
Patricia Rodas,Ocupación,historiador,honduras
Rosalinda Bueso,Lugar de nacimiento,Tegucigalpa,honduras
Rosalinda Bueso,Ocupación,político,honduras
Rosalinda Bueso,Ciudadanía,Honduras,honduras
Rosalinda Bueso,Fecha de nacimiento,1977-06-04,honduras
Rosalinda Bueso,Ocupación,diplomático,honduras
Christian Santamaría,Lugar de nacimiento,La Ceiba,honduras
Christian Santamaría,Ocupación,futbolista,honduras
Christian Santamaría,Ciudadanía,Honduras,honduras
Christian Santamaría,Fecha de nacimiento,1972-12-20,honduras
Glenda Aguilar,Ocupación,atleta,honduras
Glenda Aguilar,Ciudadanía,Honduras,honduras
Glenda Aguilar,Fecha de nacimiento,1975-04-18,honduras
Instituto de Tecnología de Nueva Jersey,calendario académico,semestre,honduras
Instituto de Tecnología de Nueva Jersey,país,Estados Unidos,honduras
Instituto de Tecnología de Nueva Jersey,instancia de,universidad técnica,honduras
Instituto de Tecnología de Nueva Jersey,instancia de,institución educativa pública de los Estados Unidos,honduras
Instituto de Tecnología de Nueva Jersey,instancia de,universidad pública de investigación,honduras
Ozzie Bodden,Lugar de nacimiento,Roatán,honduras
Ozzie Bodden,Ocupación,entrenador,honduras
Ozzie Bodden,Ciudadanía,Honduras,honduras
Ozzie Bodden,Fecha de nacimiento,1991-11-21,honduras
Ozzie Bodden,Ocupación,futbolista,honduras
Maynor Cabrera,Lugar de nacimiento,Siguatepeque,honduras
Maynor Cabrera,Ocupación,futbolista,honduras
Maynor Cabrera,Ciudadanía,Honduras,honduras
Maynor Cabrera,Fecha de nacimiento,1989-07-17,honduras
Armando Calidonio,Lugar de nacimiento,Tegucigalpa,honduras
Armando Calidonio,Ocupación,político,honduras
Armando Calidonio,Ciudadanía,Honduras,honduras
Armando Calidonio,Educado en,Escuela Agrícola Panamericana,honduras
Armando Calidonio,Cargo,diputado del Congreso Nacional de Honduras,honduras
Armando Calidonio,Fecha de nacimiento,1969-09-19,honduras
Héctor Castellanos,Lugar de nacimiento,Tela,honduras
Héctor Castellanos,Ocupación,futbolista,honduras
Héctor Castellanos,Ciudadanía,Honduras,honduras
Héctor Castellanos,Fecha de nacimiento,1992-12-28,honduras
Armando Castro,Lugar de nacimiento,Puerto Cortés,honduras
Armando Castro,Ocupación,árbitro de fútbol,honduras
Armando Castro,Ciudadanía,Honduras,honduras
Armando Castro,Fecha de nacimiento,1983-11-25,honduras
Armando Castro,Ocupación,deportista,honduras
Ángel Castro Rodríguez,Lugar de nacimiento,Tegucigalpa,honduras
Ángel Castro Rodríguez,Ocupación,futbolista,honduras
Ángel Castro Rodríguez,Ciudadanía,Honduras,honduras
Ángel Castro Rodríguez,Fecha de nacimiento,1990-09-08,honduras
Henry Clark,Lugar de nacimiento,Tocoa,honduras
Henry Clark,Ocupación,futbolista,honduras
Henry Clark,Ciudadanía,Honduras,honduras
Henry Clark,Fecha de nacimiento,1985-06-10,honduras
Escuela Agrícola Panamericana,país,Honduras,honduras
Escuela Agrícola Panamericana,instancia de,institución educativa universitaria,honduras
Escuela Agrícola Panamericana,fundador,Samuel Zemurray,honduras
Escuela Agrícola Panamericana,situado en la entidad territorial administrativa,Tegucigalpa,honduras
Escuela Agrícola Panamericana,categoría principal del tema,Categoría:Escuela Agrícola Panamericana,honduras
deportista,instancia de,profesión,honduras
deportista,instancia de,ocupación,honduras
deportista,subclase de,personalidad del deporte,honduras
deportista,santo patrón,Sebastián de Milán,honduras
deportista,ámbito de la ocupación,deporte,honduras
Jimmy James Bailey,Lugar de nacimiento,Tela,honduras
Jimmy James Bailey,Ocupación,futbolista,honduras
Jimmy James Bailey,Ciudadanía,Honduras,honduras
Jimmy James Bailey,Fecha de nacimiento,1954-02-07,honduras
Gladys Bernarda Casco,Ocupación,político,honduras
Gladys Bernarda Casco,Ciudadanía,Honduras,honduras
Gladys Bernarda Casco,Cargo,diputado del Congreso Nacional de Honduras,honduras
Gladys Bernarda Casco,Fecha de nacimiento,1954-08-20,honduras
Miguel Ángel Gámez,Ocupación,político,honduras
Miguel Ángel Gámez,Ciudadanía,Honduras,honduras
Miguel Ángel Gámez,Cargo,diputado del Congreso Nacional de Honduras,honduras
Miguel Ángel Gámez,Fecha de nacimiento,1954-12-05,honduras
Vilma Cecilia Morales,Lugar de nacimiento,Puerto Cortés,honduras
Vilma Cecilia Morales,Ocupación,juez,honduras
Vilma Cecilia Morales,Ciudadanía,Honduras,honduras
Vilma Cecilia Morales,Fecha de nacimiento,1954-10-15,honduras
Vilma Cecilia Morales,Ocupación,abogado,honduras
Vilma Cecilia Morales,Ocupación,político,honduras
Julio César Gámez Interiano,Ocupación,político,honduras
Julio César Gámez Interiano,Ciudadanía,Honduras,honduras
Julio César Gámez Interiano,Cargo,diputado del Congreso Nacional de Honduras,honduras
Julio César Gámez Interiano,Fecha de nacimiento,1955-12-08,honduras
David Matamoros Batson,Lugar de nacimiento,Washington D. C.,honduras
David Matamoros Batson,Ocupación,abogado,honduras
David Matamoros Batson,Ciudadanía,Honduras,honduras
David Matamoros Batson,Cargo,diputado del Congreso Nacional de Honduras,honduras
David Matamoros Batson,Fecha de nacimiento,1956-07-17,honduras
David Matamoros Batson,Ocupación,político,honduras
Oscar Orlando Burgos,Ocupación,político,honduras
Oscar Orlando Burgos,Ciudadanía,Honduras,honduras
Oscar Orlando Burgos,Cargo,diputado del Congreso Nacional de Honduras,honduras
Oscar Orlando Burgos,Fecha de nacimiento,1957-01-18,honduras
Carlos Gabriel Kattán,Ocupación,empresario,honduras
Carlos Gabriel Kattán,Ciudadanía,Honduras,honduras
Carlos Gabriel Kattán,Cargo,diputado del Congreso Nacional de Honduras,honduras
Carlos Gabriel Kattán,Fecha de nacimiento,1957-09-17,honduras
Carlos Gabriel Kattán,Ocupación,político,honduras
Sergio Arturo Castellanos,Ocupación,político,honduras
Sergio Arturo Castellanos,Ciudadanía,Honduras,honduras
Sergio Arturo Castellanos,Cargo,diputado del Congreso Nacional de Honduras,honduras
Sergio Arturo Castellanos,Fecha de nacimiento,1969-12-21,honduras
Washington D. C.,jefe de gobierno,Muriel Bowser,honduras
Washington D. C.,país,Estados Unidos,honduras
Washington D. C.,continente,América del Norte,honduras
Washington D. C.,instancia de,capital federal,honduras
Washington D. C.,comparte fronteras con,Alexandria,honduras
Alberto Chedrani,Ocupación,político,honduras
Alberto Chedrani,Ciudadanía,Honduras,honduras
Alberto Chedrani,Cargo,diputado del Congreso Nacional de Honduras,honduras
Alberto Chedrani,Fecha de nacimiento,1957-03-07,honduras
Wilfredo Bustillo Castellanos,Ocupación,político,honduras
Wilfredo Bustillo Castellanos,Ciudadanía,Honduras,honduras
Wilfredo Bustillo Castellanos,Cargo,diputado del Congreso Nacional de Honduras,honduras
Wilfredo Bustillo Castellanos,Fecha de nacimiento,1958-01-17,honduras
Ana Julia García,Ocupación,político,honduras
Ana Julia García,Ciudadanía,Honduras,honduras
Ana Julia García,Cargo,diputado del Congreso Nacional de Honduras,honduras
Ana Julia García,Fecha de nacimiento,1961-06-19,honduras
Gabo Alfredo Jalil,Ocupación,político,honduras
Gabo Alfredo Jalil,Ciudadanía,Honduras,honduras
Gabo Alfredo Jalil,Cargo,diputado del Congreso Nacional de Honduras,honduras
Gabo Alfredo Jalil,Fecha de nacimiento,1962-12-11,honduras
Wenceslao Lara Orellana,Ocupación,político,honduras
Wenceslao Lara Orellana,Ciudadanía,Honduras,honduras
Wenceslao Lara Orellana,Cargo,diputado del Congreso Nacional de Honduras,honduras
Wenceslao Lara Orellana,Fecha de nacimiento,1962-08-28,honduras
Dennis Antonio Sánchez,Ocupación,político,honduras
Dennis Antonio Sánchez,Ciudadanía,Honduras,honduras
Dennis Antonio Sánchez,Cargo,diputado del Congreso Nacional de Honduras,honduras
Dennis Antonio Sánchez,Fecha de nacimiento,1962-06-24,honduras
Teófilo Enamorado,Ocupación,político,honduras
Teófilo Enamorado,Ciudadanía,Honduras,honduras
Teófilo Enamorado,Cargo,diputado del Congreso Nacional de Honduras,honduras
Teófilo Enamorado,Fecha de nacimiento,1963-04-27,honduras
Danilo Galindo,Lugar de nacimiento,La Ceiba,honduras
Danilo Galindo,Ocupación,futbolista,honduras
Danilo Galindo,Ciudadanía,Honduras,honduras
Danilo Galindo,Fecha de nacimiento,1963-03-04,honduras
Antonio Rivera Callejas,Ocupación,abogado,honduras
Antonio Rivera Callejas,Ciudadanía,Honduras,honduras
Antonio Rivera Callejas,Cargo,diputado del Congreso Nacional de Honduras,honduras
Antonio Rivera Callejas,Fecha de nacimiento,1963-01-17,honduras
Antonio Rivera Callejas,Ocupación,político,honduras
Víctor Rolando Sabillón,Ocupación,político,honduras
Víctor Rolando Sabillón,Ciudadanía,Honduras,honduras
Víctor Rolando Sabillón,Cargo,diputado del Congreso Nacional de Honduras,honduras
Víctor Rolando Sabillón,Fecha de nacimiento,1963-10-12,honduras
Perla Simons,Ocupación,político,honduras
Perla Simons,Ciudadanía,Honduras,honduras
Perla Simons,Cargo,diputado del Congreso Nacional de Honduras,honduras
Perla Simons,Fecha de nacimiento,1963-03-15,honduras
Erick Fú Lanza,Lugar de nacimiento,Tegucigalpa,honduras
Erick Fú Lanza,Ocupación,futbolista,honduras
Erick Fú Lanza,Ciudadanía,Honduras,honduras
Erick Fú Lanza,Fecha de nacimiento,1964-06-17,honduras
Claudio Roberto Perdomo,Ocupación,político,honduras
Claudio Roberto Perdomo,Ciudadanía,Honduras,honduras
Claudio Roberto Perdomo,Cargo,diputado del Congreso Nacional de Honduras,honduras
Claudio Roberto Perdomo,Fecha de nacimiento,1964-03-20,honduras
Jorge Ernesto Pineda,Lugar de nacimiento,Langue,honduras
Jorge Ernesto Pineda,Ocupación,entrenador,honduras
Jorge Ernesto Pineda,Ciudadanía,Honduras,honduras
Jorge Ernesto Pineda,Fecha de nacimiento,1964-11-26,honduras
Jorge Ernesto Pineda,Ocupación,futbolista,honduras
Tomás Róchez,Lugar de nacimiento,Santa Fe,honduras
Tomás Róchez,Ocupación,futbolista,honduras
Tomás Róchez,Ciudadanía,Honduras,honduras
Tomás Róchez,Fecha de nacimiento,1964-10-01,honduras
Wilmer Cruz,Lugar de nacimiento,Santa Cruz de Yojoa,honduras
Wilmer Cruz,Ocupación,entrenador,honduras
Wilmer Cruz,Ciudadanía,Honduras,honduras
Wilmer Cruz,Fecha de nacimiento,1965-12-18,honduras
Wilmer Cruz,Ocupación,futbolista,honduras
Renan Inestroza,Ocupación,político,honduras
Renan Inestroza,Ciudadanía,Honduras,honduras
Renan Inestroza,Cargo,diputado del Congreso Nacional de Honduras,honduras
Renan Inestroza,Fecha de nacimiento,1965-12-04,honduras
Miguel Edgardo Martínez,Ocupación,político,honduras
Miguel Edgardo Martínez,Ciudadanía,Honduras,honduras
Miguel Edgardo Martínez,Cargo,diputado del Congreso Nacional de Honduras,honduras
Miguel Edgardo Martínez,Fecha de nacimiento,1965-08-12,honduras
Salvador Valeriano Pineda,Ocupación,político,honduras
Salvador Valeriano Pineda,Ciudadanía,Honduras,honduras
Salvador Valeriano Pineda,Cargo,diputado del Congreso Nacional de Honduras,honduras
Salvador Valeriano Pineda,Fecha de nacimiento,1965-08-06,honduras
Olman Danery Maldonado,Ocupación,abogado,honduras
Olman Danery Maldonado,Ciudadanía,Honduras,honduras
Olman Danery Maldonado,Cargo,diputado del Congreso Nacional de Honduras,honduras
Olman Danery Maldonado,Fecha de nacimiento,1966-04-05,honduras
Olman Danery Maldonado,Ocupación,político,honduras
Santa Fe,situado en la entidad territorial administrativa,departamento de Ocotepeque,honduras
Waldina Paz,Ocupación,político,honduras
Waldina Paz,Ciudadanía,Honduras,honduras
Waldina Paz,Cargo,diputado del Congreso Nacional de Honduras,honduras
Waldina Paz,Fecha de nacimiento,1966-06-15,honduras
Waldina Paz,Ocupación,periodista,honduras
Mario Edgardo Segura,Ocupación,político,honduras
Mario Edgardo Segura,Ciudadanía,Honduras,honduras
Mario Edgardo Segura,Cargo,diputado del Congreso Nacional de Honduras,honduras
Mario Edgardo Segura,Fecha de nacimiento,1966-10-07,honduras
Norma Haydee Calderón,Lugar de nacimiento,El Progreso,honduras
Norma Haydee Calderón,Ocupación,político,honduras
Norma Haydee Calderón,Ciudadanía,Honduras,honduras
Norma Haydee Calderón,Cargo,diputado del Congreso Nacional de Honduras,honduras
Norma Haydee Calderón,Fecha de nacimiento,1967-04-04,honduras
Nahamán González,Ocupación,entrenador,honduras
Nahamán González,Ciudadanía,Honduras,honduras
Nahamán González,Fecha de nacimiento,1967-06-23,honduras
Nahamán González,Ocupación,futbolista,honduras
Maria Aracely Leiva,Ocupación,político,honduras
Maria Aracely Leiva,Ciudadanía,Honduras,honduras
Maria Aracely Leiva,Cargo,diputado del Congreso Nacional de Honduras,honduras
Maria Aracely Leiva,Fecha de nacimiento,1967-06-23,honduras
Jesús Dagoberto Perdomo,Ocupación,político,honduras
Jesús Dagoberto Perdomo,Ciudadanía,Honduras,honduras
Jesús Dagoberto Perdomo,Cargo,diputado del Congreso Nacional de Honduras,honduras
Jesús Dagoberto Perdomo,Fecha de nacimiento,1967-10-13,honduras
Ángel Darío Banegas,Lugar de nacimiento,Santa Bárbara,honduras
Ángel Darío Banegas,Ocupación,político,honduras
Ángel Darío Banegas,Ciudadanía,Honduras,honduras
Ángel Darío Banegas,Empleador,Televisión Azteca,honduras
Ángel Darío Banegas,Cargo,diputado del Congreso Nacional de Honduras,honduras
Ángel Darío Banegas,Fecha de nacimiento,1969-10-21,honduras
Ángel Darío Banegas,Empleador,La Prensa,honduras
Ángel Darío Banegas,Empleador,Corporación Televicentro,honduras
Ángel Darío Banegas,Empleador,El Tiempo (Honduras),honduras
Ángel Darío Banegas,Empleador,La Tribuna (Honduras),honduras
Yadira Bendaña,Lugar de nacimiento,Tegucigalpa,honduras
Yadira Bendaña,Ocupación,político,honduras
Yadira Bendaña,Ciudadanía,Honduras,honduras
Yadira Bendaña,Cargo,diputado del Congreso Nacional de Honduras,honduras
Yadira Bendaña,Fecha de nacimiento,1968-11-20,honduras
Yadira Bendaña,Ocupación,periodista,honduras
Presley Carson,Lugar de nacimiento,Roatán,honduras
Presley Carson,Ocupación,entrenador,honduras
Presley Carson,Ciudadanía,Honduras,honduras
Presley Carson,Fecha de nacimiento,1968-07-20,honduras
Presley Carson,Fecha de defunción,2024-02-28,honduras
Presley Carson,Ocupación,futbolista,honduras
Brenda Mercedes Flores,Ocupación,político,honduras
Brenda Mercedes Flores,Ciudadanía,Honduras,honduras
Brenda Mercedes Flores,Cargo,diputado del Congreso Nacional de Honduras,honduras
Brenda Mercedes Flores,Fecha de nacimiento,1969-03-15,honduras
Ricardo J. Jaar,Lugar de nacimiento,San Pedro Sula,honduras
Ricardo J. Jaar,Ocupación,empresario,honduras
Ricardo J. Jaar,Ciudadanía,Honduras,honduras
Ricardo J. Jaar,Educado en,Universidad Americana,honduras
Ricardo J. Jaar,Fecha de nacimiento,1968-01-01,honduras
Ricardo J. Jaar,Educado en,Universidad George Washington,honduras
Erick Mauricio Rodríguez,Ocupación,abogado,honduras
Erick Mauricio Rodríguez,Ciudadanía,Honduras,honduras
Erick Mauricio Rodríguez,Cargo,diputado del Congreso Nacional de Honduras,honduras
Erick Mauricio Rodríguez,Fecha de nacimiento,1968-02-23,honduras
Erick Mauricio Rodríguez,Ocupación,político,honduras
José Rodolfo Zelaya,Lugar de nacimiento,Tegucigalpa,honduras
José Rodolfo Zelaya,Ocupación,político,honduras
José Rodolfo Zelaya,Ciudadanía,Honduras,honduras
José Rodolfo Zelaya,Cargo,diputado del Congreso Nacional de Honduras,honduras
José Rodolfo Zelaya,Fecha de nacimiento,1968-10-19,honduras
Lorena Enriqueta Herrera,Ocupación,político,honduras
Lorena Enriqueta Herrera,Ciudadanía,Honduras,honduras
Lorena Enriqueta Herrera,Educado en,Universidad Tecnológica de Honduras,honduras
Lorena Enriqueta Herrera,Cargo,diputado del Congreso Nacional de Honduras,honduras
Lorena Enriqueta Herrera,Fecha de nacimiento,1969-10-28,honduras
Milton Jesús Puerto,Ocupación,político,honduras
Milton Jesús Puerto,Ciudadanía,Honduras,honduras
Milton Jesús Puerto,Cargo,diputado del Congreso Nacional de Honduras,honduras
Milton Jesús Puerto,Fecha de nacimiento,1969-01-01,honduras
Eleazar Alexander Juárez,Ocupación,político,honduras
Eleazar Alexander Juárez,Ciudadanía,Honduras,honduras
Eleazar Alexander Juárez,Cargo,diputado del Congreso Nacional de Honduras,honduras
Eleazar Alexander Juárez,Fecha de nacimiento,1969-03-11,honduras
Ana Galindo,Lugar de nacimiento,Tegucigalpa,honduras
Ana Galindo,Ocupación,nadador,honduras
Ana Galindo,Ciudadanía,Honduras,honduras
Ana Galindo,Fecha de nacimiento,1987-02-08,honduras
José Juan Rivera Ramos,Ocupación,político,honduras
José Juan Rivera Ramos,Ciudadanía,Honduras,honduras
José Juan Rivera Ramos,Cargo,diputado del Congreso Nacional de Honduras,honduras
José Juan Rivera Ramos,Fecha de nacimiento,1970-12-21,honduras
Juan Carlos Valenzuela,Ocupación,político,honduras
Juan Carlos Valenzuela,Ciudadanía,Honduras,honduras
Juan Carlos Valenzuela,Cargo,diputado del Congreso Nacional de Honduras,honduras
Juan Carlos Valenzuela,Fecha de nacimiento,1970-12-21,honduras
Welsy Vásquez,Ocupación,político,honduras
Welsy Vásquez,Ciudadanía,Honduras,honduras
Welsy Vásquez,Cargo,diputado del Congreso Nacional de Honduras,honduras
Welsy Vásquez,Fecha de nacimiento,1970-09-17,honduras
Welsy Vásquez,Ocupación,periodista,honduras
Televisión Azteca,país,México,honduras
Televisión Azteca,instancia de,negocio,honduras
Televisión Azteca,instancia de,empresa,honduras
Televisión Azteca,fundador,Ricardo Salinas Pliego,honduras
Televisión Azteca,ubicación de la sede,Ciudad de México,honduras
Universidad Americana,categoría para las personas que estudiaron en esta institución,Categoría:Alumnado de la American University,honduras
Universidad Americana,financiador,Open Society Foundations,honduras
Universidad Americana,calendario académico,semestre,honduras
Universidad Tecnológica de Honduras,país,Honduras,honduras
Universidad Tecnológica de Honduras,instancia de,universidad,honduras
Universidad Tecnológica de Honduras,situado en la entidad territorial administrativa,San Pedro Sula,honduras
Universidad Tecnológica de Honduras,categoría principal del tema,Categoría:Universidad Tecnológica de Honduras,honduras
Camilo Bonilla,Lugar de nacimiento,San Pedro Sula,honduras
Camilo Bonilla,Ocupación,futbolista,honduras
Camilo Bonilla,Ciudadanía,Honduras,honduras
Camilo Bonilla,Fecha de nacimiento,1971-09-30,honduras
Yaudet Burbara,Ocupación,político,honduras
Yaudet Burbara,Ciudadanía,Honduras,honduras
Yaudet Burbara,Cargo,diputado del Congreso Nacional de Honduras,honduras
Yaudet Burbara,Fecha de nacimiento,1971-07-21,honduras
Walter Antonio Chávez,Ocupación,político,honduras
Walter Antonio Chávez,Ciudadanía,Honduras,honduras
Walter Antonio Chávez,Cargo,diputado del Congreso Nacional de Honduras,honduras
Walter Antonio Chávez,Fecha de nacimiento,1971-07-24,honduras
Enrique Reneau,Lugar de nacimiento,Jutiapa,honduras
Enrique Reneau,Ocupación,futbolista,honduras
Enrique Reneau,Ciudadanía,Honduras,honduras
Enrique Reneau,Fecha de nacimiento,1971-04-09,honduras
Enrique Reneau,Fecha de defunción,2015-08-23,honduras
Nigel Zúniga,Lugar de nacimiento,Tela,honduras
Nigel Zúniga,Ocupación,entrenador,honduras
Nigel Zúniga,Ciudadanía,Honduras,honduras
Nigel Zúniga,Fecha de nacimiento,1971-06-09,honduras
Nigel Zúniga,Ocupación,futbolista,honduras
Elman Joel Sandoval,Ocupación,político,honduras
Elman Joel Sandoval,Ciudadanía,Honduras,honduras
Elman Joel Sandoval,Cargo,diputado del Congreso Nacional de Honduras,honduras
Elman Joel Sandoval,Fecha de nacimiento,1972-02-27,honduras
Juan Fernando Lobo,Ocupación,político,honduras
Juan Fernando Lobo,Ciudadanía,Honduras,honduras
Juan Fernando Lobo,Cargo,diputado del Congreso Nacional de Honduras,honduras
Juan Fernando Lobo,Fecha de nacimiento,1973-01-31,honduras
Yessenia Coely Zelaya,Ocupación,político,honduras
Yessenia Coely Zelaya,Ciudadanía,Honduras,honduras
Yessenia Coely Zelaya,Cargo,diputado del Congreso Nacional de Honduras,honduras
Yessenia Coely Zelaya,Fecha de nacimiento,1974-11-24,honduras
Mario Alonso Pérez López,Ocupación,abogado,honduras
Mario Alonso Pérez López,Ciudadanía,Honduras,honduras
Mario Alonso Pérez López,Cargo,diputado del Congreso Nacional de Honduras,honduras
Mario Alonso Pérez López,Fecha de nacimiento,1975-07-13,honduras
Mario Alonso Pérez López,Ocupación,político,honduras
Luis Guifarro,Lugar de nacimiento,Tegucigalpa,honduras
Luis Guifarro,Ocupación,futbolista,honduras
Luis Guifarro,Ciudadanía,Honduras,honduras
Luis Guifarro,Fecha de nacimiento,1976-08-25,honduras
Fredy Renán Nájera,Ocupación,político,honduras
Fredy Renán Nájera,Ciudadanía,Honduras,honduras
Fredy Renán Nájera,Cargo,diputado del Congreso Nacional de Honduras,honduras
Fredy Renán Nájera,Fecha de nacimiento,1977-01-11,honduras
Óscar Bonilla,Lugar de nacimiento,San Pedro Sula,honduras
Óscar Bonilla,Ocupación,futbolista,honduras
Óscar Bonilla,Ciudadanía,Honduras,honduras
Óscar Bonilla,Fecha de nacimiento,1978-06-11,honduras
Joselina García,Lugar de nacimiento,Tegucigalpa,honduras
Joselina García,Ocupación,participante en concursos de belleza,honduras
Joselina García,Ciudadanía,Honduras,honduras
Joselina García,Fecha de nacimiento,1978-10-31,honduras
Hesler Phillips,Lugar de nacimiento,San Lorenzo,honduras
Hesler Phillips,Ocupación,entrenador,honduras
Hesler Phillips,Ciudadanía,Honduras,honduras
Hesler Phillips,Fecha de nacimiento,1978-11-18,honduras
Hesler Phillips,Ocupación,futbolista,honduras
Alejandro Castellanos,Ocupación,nadador,honduras
Alejandro Castellanos,Ciudadanía,Honduras,honduras
Alejandro Castellanos,Fecha de nacimiento,1979-08-29,honduras
Óscar Vargas,Lugar de nacimiento,Honduras,honduras
Óscar Vargas,Ocupación,futbolista,honduras
Óscar Vargas,Ciudadanía,Honduras,honduras
Óscar Vargas,Fecha de nacimiento,1980-01-01,honduras
Pamela Vásquez,Ocupación,nadador,honduras
Pamela Vásquez,Ciudadanía,Honduras,honduras
Pamela Vásquez,Fecha de nacimiento,1981-03-10,honduras
Clifford Laing,Lugar de nacimiento,Honduras,honduras
Clifford Laing,Ocupación,entrenador,honduras
Clifford Laing,Ciudadanía,Honduras,honduras
Clifford Laing,Fecha de nacimiento,1982-09-20,honduras
Clifford Laing,Ocupación,futbolista,honduras
Iizzwa Medina,Lugar de nacimiento,Tegucigalpa,honduras
Iizzwa Medina,Ocupación,tenista de mesa,honduras
Iizzwa Medina,Ciudadanía,Honduras,honduras
Iizzwa Medina,Fecha de nacimiento,1982-07-20,honduras
Selvin Laínez,Ocupación,político,honduras
Selvin Laínez,Ciudadanía,Honduras,honduras
Selvin Laínez,Cargo,diputado del Congreso Nacional de Honduras,honduras
Selvin Laínez,Fecha de nacimiento,1983-01-01,honduras
San Lorenzo,país,Honduras,honduras
San Lorenzo,instancia de,municipio de Honduras,honduras
San Lorenzo,situado en la entidad territorial administrativa,Departamento de Valle,honduras
tenista de mesa,instancia de,profesión,honduras
tenista de mesa,subclase de,deportista,honduras
tenista de mesa,subclase de,jugador competitivo,honduras
tenista de mesa,ámbito de la ocupación,tenis de mesa,honduras
tenista de mesa,deporte,tenis de mesa,honduras
Brayan Velásquez,Lugar de nacimiento,Tegucigalpa,honduras
Brayan Velásquez,Ocupación,futbolista,honduras
Brayan Velásquez,Ciudadanía,Honduras,honduras
Brayan Velásquez,Fecha de nacimiento,1996-05-08,honduras
Henry Figueroa Alonzo,Lugar de nacimiento,Santa Fe,honduras
Henry Figueroa Alonzo,Ocupación,entrenador,honduras
Henry Figueroa Alonzo,Ciudadanía,Honduras,honduras
Henry Figueroa Alonzo,Fecha de nacimiento,1992-12-28,honduras
Henry Figueroa Alonzo,Ocupación,futbolista,honduras
Ever Alvarado,Lugar de nacimiento,El Negrito,honduras
Ever Alvarado,Ocupación,futbolista,honduras
Ever Alvarado,Ciudadanía,Honduras,honduras
Ever Alvarado,Fecha de nacimiento,1992-01-30,honduras
Kevin Álvarez,Lugar de nacimiento,San Pedro Sula,honduras
Kevin Álvarez,Ocupación,futbolista,honduras
Kevin Álvarez,Ciudadanía,Honduras,honduras
Kevin Álvarez,Fecha de nacimiento,1996-08-03,honduras
Pablo Álvarez García,Lugar de nacimiento,Tela,honduras
Pablo Álvarez García,Ocupación,futbolista,honduras
Pablo Álvarez García,Ciudadanía,Honduras,honduras
Pablo Álvarez García,Fecha de nacimiento,1992-06-29,honduras
Aly Arriola,Lugar de nacimiento,Valle de Ángeles,honduras
Aly Arriola,Ocupación,futbolista,honduras
Aly Arriola,Ciudadanía,Honduras,honduras
Aly Arriola,Fecha de nacimiento,1989-09-22,honduras
Guillermo Anderson,Lugar de nacimiento,La Ceiba,honduras
Guillermo Anderson,Ocupación,compositor,honduras
Guillermo Anderson,Ciudadanía,Honduras,honduras
Guillermo Anderson,Educado en,Universidad de California en Santa Cruz,honduras
Guillermo Anderson,Fecha de nacimiento,1962-02-26,honduras
Guillermo Anderson,Fecha de defunción,2016-08-06,honduras
Francisco Arévalo,Lugar de nacimiento,Departamento de Santa Bárbara,honduras
Francisco Arévalo,Ocupación,futbolista,honduras
Francisco Arévalo,Ciudadanía,Honduras,honduras
Francisco Arévalo,Fecha de nacimiento,1983-09-12,honduras
Wilfredo Barahona,Lugar de nacimiento,El Negrito,honduras
Wilfredo Barahona,Ocupación,entrenador,honduras
Wilfredo Barahona,Ciudadanía,Honduras,honduras
Wilfredo Barahona,Fecha de nacimiento,1983-01-31,honduras
Wilfredo Barahona,Ocupación,futbolista,honduras
Johnny Barrios,Lugar de nacimiento,San Pedro Sula,honduras
Johnny Barrios,Ocupación,futbolista,honduras
Johnny Barrios,Ciudadanía,Honduras,honduras
Johnny Barrios,Fecha de nacimiento,1984-11-04,honduras
John Beaumont,Lugar de nacimiento,Puerto Cortés,honduras
John Beaumont,Ocupación,futbolista,honduras
John Beaumont,Ciudadanía,Honduras,honduras
John Beaumont,Fecha de nacimiento,1986-12-18,honduras
Carlos Bernárdez,Lugar de nacimiento,Ciudad de Belice,honduras
Carlos Bernárdez,Ocupación,futbolista,honduras
Carlos Bernárdez,Ciudadanía,Belice,honduras
Carlos Bernárdez,Fecha de nacimiento,1992-12-28,honduras
Carlos Bernárdez,Ciudadanía,Honduras,honduras
Luis Berríos,Lugar de nacimiento,Tela,honduras
Luis Berríos,Ocupación,futbolista,honduras
Luis Berríos,Ciudadanía,Honduras,honduras
Luis Berríos,Fecha de nacimiento,1992-05-15,honduras
El Negrito,país,Honduras,honduras
El Negrito,instancia de,municipio de Honduras,honduras
El Negrito,situado en la entidad territorial administrativa,Departamento de Yoro,honduras
El Negrito,diferente de,El Negrito,honduras
Valle de Ángeles,país,Honduras,honduras
Valle de Ángeles,instancia de,municipio de Honduras,honduras
Valle de Ángeles,situado en la entidad territorial administrativa,Departamento de Francisco Morazán,honduras
Universidad de California en Santa Cruz,categoría para las personas que estudiaron en esta institución,Categoría:Alumnado de la Universidad de California en Santa Cruz,honduras
Universidad de California en Santa Cruz,categoría para empleados de la organización,Categoría:Profesores de la Universidad de California en Santa Cruz,honduras
Universidad de California en Santa Cruz,calendario académico,trimestre,honduras
Universidad de California en Santa Cruz,país,Estados Unidos,honduras
Ciudad de Belice,país,Belice,honduras
Ciudad de Belice,instancia de,ciudad,honduras
Ciudad de Belice,instancia de,entidad territorial administrativa,honduras
Ciudad de Belice,idioma oficial,inglés,honduras
Belice,país,Belice,honduras
Belice,jefe de gobierno,Johnny Briceño,honduras
Belice,continente,América del Norte,honduras
Belice,instancia de,país,honduras
Belice,instancia de,monarquía en la Mancomunidad de Naciones,honduras
Luis López Fernández,Lugar de nacimiento,San Pedro Sula,honduras
Luis López Fernández,Ocupación,futbolista,honduras
Luis López Fernández,Ciudadanía,Honduras,honduras
Luis López Fernández,Fecha de nacimiento,1993-09-13,honduras
Roby Norales,Lugar de nacimiento,Balfate,honduras
Roby Norales,Ocupación,futbolista,honduras
Roby Norales,Ciudadanía,Honduras,honduras
Roby Norales,Fecha de nacimiento,1991-01-25,honduras
Marco Tulio Medina,Lugar de nacimiento,Tegucigalpa,honduras
Marco Tulio Medina,Ocupación,neurólogo,honduras
Marco Tulio Medina,Ciudadanía,Honduras,honduras
Marco Tulio Medina,Educado en,Universidad Nacional Autónoma de Honduras,honduras
Marco Tulio Medina,Miembro de,European Academy of Neurology,honduras
Marco Tulio Medina,Fecha de nacimiento,1959-09-19,honduras
Aldo Oviedo,Lugar de nacimiento,San Pedro Sula,honduras
Aldo Oviedo,Ocupación,futbolista,honduras
Aldo Oviedo,Ciudadanía,Honduras,honduras
Aldo Oviedo,Fecha de nacimiento,1990-01-07,honduras
Junior Padilla,Lugar de nacimiento,San Pedro Sula,honduras
Junior Padilla,Ocupación,entrenador,honduras
Junior Padilla,Ciudadanía,Honduras,honduras
Junior Padilla,Fecha de nacimiento,1992-04-04,honduras
Junior Padilla,Ocupación,futbolista,honduras
Miguel Medina,Lugar de nacimiento,La Ceiba,honduras
Miguel Medina,Ocupación,futbolista,honduras
Miguel Medina,Ciudadanía,Honduras,honduras
Miguel Medina,Fecha de nacimiento,1989-06-20,honduras
Ángel Pineda,Lugar de nacimiento,San Pedro Sula,honduras
Ángel Pineda,Ocupación,futbolista,honduras
Ángel Pineda,Ciudadanía,Honduras,honduras
Ángel Pineda,Fecha de nacimiento,1990-10-22,honduras
Denovan Morales,Lugar de nacimiento,Siguatepeque,honduras
Denovan Morales,Ocupación,futbolista,honduras
Denovan Morales,Ciudadanía,Honduras,honduras
Denovan Morales,Fecha de nacimiento,1987-07-01,honduras
Denovan Morales,Fecha de defunción,2010-05-06,honduras
Fosi Bendeck,Lugar de nacimiento,Departamento de Yoro,honduras
Fosi Bendeck,Ocupación,actor,honduras
Fosi Bendeck,Ciudadanía,Honduras,honduras
Fosi Bendeck,Empleador,Universidad Nacional Autónoma de Honduras,honduras
Fosi Bendeck,Fecha de nacimiento,1941-01-01,honduras
Fosi Bendeck,Fecha de defunción,2006-09-02,honduras
Fosi Bendeck,Ocupación,director de cine,honduras
Fosi Bendeck,Ocupación,actor de cine,honduras
María Cristina Pineda Suazo,Ocupación,astrónomo,honduras
María Cristina Pineda Suazo,Ciudadanía,Honduras,honduras
María Cristina Pineda Suazo,Educado en,Universidad Complutense de Madrid,honduras
María Cristina Pineda Suazo,Miembro de,Unión Astronómica Internacional,honduras
María Cristina Pineda Suazo,Fecha de nacimiento,1954-01-01,honduras
María Cristina Pineda Suazo,Ocupación,físico,honduras
María Cristina Pineda Suazo,Ocupación,ingeniero civil,honduras
María Cristina Pineda Suazo,Educado en,Universidad de Búfalo,honduras
María Cristina Pineda Suazo,Educado en,Universidad Nacional Autónoma de Honduras,honduras
Jairo Róchez Crisanto,Lugar de nacimiento,Roatán,honduras
Jairo Róchez Crisanto,Ocupación,futbolista,honduras
Jairo Róchez Crisanto,Ciudadanía,Honduras,honduras
Jairo Róchez Crisanto,Fecha de nacimiento,1991-04-05,honduras
Marlon Peña,Lugar de nacimiento,San Pedro Sula,honduras
Marlon Peña,Ocupación,futbolista,honduras
Marlon Peña,Ciudadanía,Honduras,honduras
Marlon Peña,Fecha de nacimiento,1983-06-04,honduras
Jairo Puerto,Lugar de nacimiento,Santa Ana,honduras
Jairo Puerto,Ocupación,futbolista,honduras
Jairo Puerto,Ciudadanía,Honduras,honduras
Jairo Puerto,Fecha de nacimiento,1988-12-28,honduras
Cristopher Urmeneta,Lugar de nacimiento,Tegucigalpa,honduras
Cristopher Urmeneta,Ocupación,futbolista,honduras
Cristopher Urmeneta,Ciudadanía,Honduras,honduras
Cristopher Urmeneta,Fecha de nacimiento,1994-08-25,honduras
Carlos Arbizú,Lugar de nacimiento,La Ceiba,honduras
Carlos Arbizú,Ocupación,futbolista,honduras
Carlos Arbizú,Ciudadanía,Honduras,honduras
Carlos Arbizú,Fecha de nacimiento,1987-09-21,honduras
Michel Rivera,Lugar de nacimiento,Puerto Cortés,honduras
Michel Rivera,Ocupación,futbolista,honduras
Michel Rivera,Ciudadanía,Honduras,honduras
Michel Rivera,Fecha de nacimiento,1986-07-15,honduras
David Roura,Lugar de nacimiento,San Pedro Sula,honduras
David Roura,Ocupación,futbolista,honduras
David Roura,Ciudadanía,Honduras,honduras
David Roura,Fecha de nacimiento,1988-11-07,honduras
Luis Zepeda,Lugar de nacimiento,San Pedro Sula,honduras
Luis Zepeda,Ocupación,futbolista,honduras
Luis Zepeda,Ciudadanía,Honduras,honduras
Luis Zepeda,Fecha de nacimiento,1993-07-16,honduras
José Zúñiga,Lugar de nacimiento,Tegucigalpa,honduras
José Zúñiga,Ocupación,futbolista,honduras
José Zúñiga,Ciudadanía,Honduras,honduras
José Zúñiga,Fecha de nacimiento,1990-05-13,honduras
José Zúñiga,Lugar de nacimiento,Comayagüela,honduras
Denis Suazo,Lugar de nacimiento,San Pedro Sula,honduras
Denis Suazo,Ocupación,futbolista,honduras
Denis Suazo,Ciudadanía,Honduras,honduras
Denis Suazo,Fecha de nacimiento,1989-06-16,honduras
neurólogo,instancia de,profesión medicina,honduras
neurólogo,subclase de,médico especialista,honduras
neurólogo,subclase de,neurocientífico,honduras
neurólogo,ámbito de la ocupación,neurología,honduras
Departamento de Yoro,país,Honduras,honduras
Departamento de Yoro,instancia de,departamento de Honduras,honduras
Departamento de Yoro,capital,Yoro,honduras
Departamento de Yoro,comparte fronteras con,Departamento de Atlántida,honduras
Departamento de Yoro,comparte fronteras con,Departamento de Cortés,honduras
astrónomo,instancia de,profesión,honduras
astrónomo,subclase de,científico,honduras
astrónomo,ámbito de la ocupación,astronomía,honduras
astrónomo,categoría principal del tema,Categoría:Astrónomos,honduras
Universidad Complutense de Madrid,país,España,honduras
Universidad Complutense de Madrid,instancia de,universidad pública,honduras
Universidad Complutense de Madrid,situado en la entidad territorial administrativa,Madrid,honduras
Universidad Complutense de Madrid,ubicación de la sede,Rectorado de la UCM,honduras
Universidad Complutense de Madrid,filial,Centro Universitario Villanueva,honduras
Unión Astronómica Internacional,país,Francia,honduras
Unión Astronómica Internacional,instancia de,organización internacional,honduras
Unión Astronómica Internacional,instancia de,organización científica,honduras
Unión Astronómica Internacional,idioma oficial,francés,honduras
Unión Astronómica Internacional,idioma oficial,inglés,honduras
Santa Ana,país,Honduras,honduras
Santa Ana,instancia de,municipio de Honduras,honduras
Santa Ana,situado en la entidad territorial administrativa,Departamento de Francisco Morazán,honduras
Denovan Torres,Lugar de nacimiento,Victoria,honduras
Denovan Torres,Ocupación,futbolista,honduras
Denovan Torres,Ciudadanía,Honduras,honduras
Denovan Torres,Fecha de nacimiento,1989-10-04,honduras
Celio Valladares,Lugar de nacimiento,Tegucigalpa,honduras
Celio Valladares,Ocupación,futbolista,honduras
Celio Valladares,Ciudadanía,Honduras,honduras
Celio Valladares,Fecha de nacimiento,1989-05-02,honduras
Miguel Andonie Fernández,Lugar de nacimiento,Gualala,honduras
Miguel Andonie Fernández,Ocupación,empresario,honduras
Miguel Andonie Fernández,Ciudadanía,Honduras,honduras
Miguel Andonie Fernández,Educado en,Universidad Nacional Autónoma de Honduras,honduras
Miguel Andonie Fernández,Cargo,diputado del Congreso Nacional de Honduras,honduras
Miguel Andonie Fernández,Fecha de nacimiento,1921-10-30,honduras
Miguel Andonie Fernández,Fecha de defunción,2013-11-30,honduras
Miguel Andonie Fernández,Ocupación,político,honduras
Miguel Andonie Fernández,Ocupación,farmacólogo,honduras
Rafael Ferrari,Lugar de nacimiento,Tegucigalpa,honduras
Rafael Ferrari,Ocupación,empresario,honduras
Rafael Ferrari,Ciudadanía,Honduras,honduras
Rafael Ferrari,Educado en,Universidad del Sur de California,honduras
Rafael Ferrari,Fecha de nacimiento,1934-02-10,honduras
Rafael Ferrari,Fecha de defunción,2018-12-12,honduras
Rafael Ferrari,Ocupación,economista,honduras
Antonio José Rivas,Lugar de nacimiento,Comayagua,honduras
Antonio José Rivas,Ocupación,escritor,honduras
Antonio José Rivas,Ciudadanía,Honduras,honduras
Antonio José Rivas,Educado en,Universidad Nacional Autónoma de Honduras,honduras
Antonio José Rivas,Premio recibido,Premio Nacional de Literatura Ramón Rosa,honduras
Antonio José Rivas,Fecha de nacimiento,1925-01-01,honduras
Antonio José Rivas,Fecha de defunción,1995-04-14,honduras
Antonio José Rivas,Ocupación,periodista,honduras
Bayron Méndez,Lugar de nacimiento,El Progreso,honduras
Bayron Méndez,Ocupación,futbolista,honduras
Bayron Méndez,Ciudadanía,Honduras,honduras
Bayron Méndez,Fecha de nacimiento,1988-07-04,honduras
Bryan Martínez Pérez,Lugar de nacimiento,San Pedro Sula,honduras
Bryan Martínez Pérez,Ocupación,futbolista,honduras
Bryan Martínez Pérez,Ciudadanía,Honduras,honduras
Bryan Martínez Pérez,Fecha de nacimiento,1993-07-16,honduras
Clayvin Zúniga,Lugar de nacimiento,Puerto Cortés,honduras
Clayvin Zúniga,Ocupación,futbolista,honduras
Clayvin Zúniga,Ciudadanía,Honduras,honduras
Clayvin Zúniga,Fecha de nacimiento,1991-03-29,honduras
Daniel Tejeda Santos,Lugar de nacimiento,La Ceiba,honduras
Daniel Tejeda Santos,Ocupación,futbolista,honduras
Daniel Tejeda Santos,Ciudadanía,Honduras,honduras
Daniel Tejeda Santos,Fecha de nacimiento,1986-09-28,honduras
Mario Chirinos,Lugar de nacimiento,Tegucigalpa,honduras
Mario Chirinos,Ocupación,futbolista,honduras
Mario Chirinos,Ciudadanía,Honduras,honduras
Mario Chirinos,Fecha de nacimiento,1978-07-29,honduras
Héctor Castellón,Lugar de nacimiento,Omoa,honduras
Héctor Castellón,Ocupación,futbolista,honduras
Héctor Castellón,Ciudadanía,Honduras,honduras
Héctor Castellón,Fecha de nacimiento,1960-08-31,honduras
Jorge Cardona,Lugar de nacimiento,Puerto Cortés,honduras
Jorge Cardona,Ocupación,futbolista,honduras
Jorge Cardona,Ciudadanía,Honduras,honduras
Jorge Cardona,Fecha de nacimiento,1991-03-06,honduras
José Matías Hernández García,Lugar de nacimiento,Yamaranguila,honduras
José Matías Hernández García,Ocupación,militar,honduras
José Matías Hernández García,Ciudadanía,Honduras,honduras
José Matías Hernández García,Educado en,Fornit,honduras
José Matías Hernández García,Fecha de nacimiento,1934-01-01,honduras
Juan Mejía,Lugar de nacimiento,Tegucigalpa,honduras
Juan Mejía,Ocupación,futbolista,honduras
Juan Mejía,Ciudadanía,Honduras,honduras
Juan Mejía,Fecha de nacimiento,1988-08-01,honduras
Lauren Hall,Lugar de nacimiento,Skokie,honduras
Lauren Hall,Ocupación,futbolista,honduras
Lauren Hall,Ciudadanía,Estados Unidos,honduras
Lauren Hall,Fecha de nacimiento,1996-01-01,honduras
Lauren Hall,Ciudadanía,Honduras,honduras
Mario Padilla Aguilar,Lugar de nacimiento,San Pedro Sula,honduras
Mario Padilla Aguilar,Ocupación,futbolista,honduras
Mario Padilla Aguilar,Ciudadanía,Honduras,honduras
Mario Padilla Aguilar,Fecha de nacimiento,1985-12-08,honduras
María Genoveva de Jesús Guardiola Arbizú,Lugar de nacimiento,Comayagua,honduras
María Genoveva de Jesús Guardiola Arbizú,Ocupación,primera dama,honduras
María Genoveva de Jesús Guardiola Arbizú,Ciudadanía,Honduras,honduras
María Genoveva de Jesús Guardiola Arbizú,Fecha de nacimiento,1858-07-30,honduras
María Genoveva de Jesús Guardiola Arbizú,Fecha de defunción,1926-12-30,honduras
Miguel Morazán,Lugar de nacimiento,Cantarranas,honduras
Miguel Morazán,Ocupación,escritor,honduras
Miguel Morazán,Ciudadanía,Honduras,honduras
Miguel Morazán,Fecha de nacimiento,1897-05-17,honduras
Miguel Morazán,Fecha de defunción,1946-11-05,honduras
Miguel Morazán,Ocupación,catedrático,honduras
Néstor Martínez Carrillos,Lugar de nacimiento,La Ceiba,honduras
Néstor Martínez Carrillos,Ocupación,futbolista,honduras
Néstor Martínez Carrillos,Ciudadanía,Honduras,honduras
Néstor Martínez Carrillos,Fecha de nacimiento,1992-05-04,honduras
Reinaldo Sánchez Rivera,Lugar de nacimiento,Tegucigalpa,honduras
Reinaldo Sánchez Rivera,Ocupación,empresario,honduras
Reinaldo Sánchez Rivera,Ciudadanía,Honduras,honduras
Reinaldo Sánchez Rivera,Cargo,diputado del Congreso Nacional de Honduras,honduras
Reinaldo Sánchez Rivera,Fecha de nacimiento,1979-06-05,honduras
Reinaldo Sánchez Rivera,Ocupación,político,honduras
Victoria,país,Honduras,honduras
Victoria,instancia de,municipio de Honduras,honduras
Victoria,situado en la entidad territorial administrativa,Departamento de Yoro,honduras
Victoria,santo patrón,Santo Cristo de Esquipulas,honduras
Universidad del Sur de California,país,Estados Unidos,honduras
Universidad del Sur de California,instancia de,universidad privada,honduras
Universidad del Sur de California,instancia de,universidad de investigación,honduras
Universidad del Sur de California,instancia de,institución educativa privada sin fines de lucro,honduras
Universidad del Sur de California,instancia de,editor de acceso abierto,honduras
Premio Nacional de Literatura Ramón Rosa,país,Honduras,honduras
Premio Nacional de Literatura Ramón Rosa,instancia de,premio literario,honduras
Premio Nacional de Literatura Ramón Rosa,nombrado en referencia a,Ramón Rosa,honduras
Premio Nacional de Literatura Ramón Rosa,ubicación,Casa Presidencial de Honduras,honduras
Premio Nacional de Literatura Ramón Rosa,ganador,Julio Escoto,honduras
Yamaranguila,país,Honduras,honduras
Yamaranguila,instancia de,municipio de Honduras,honduras
Yamaranguila,situado en la entidad territorial administrativa,Departamento de Intibucá,honduras
Yamaranguila,diferente de,Yamaranguila,honduras
militar,instancia de,profesión,honduras
militar,instancia de,ocupación,honduras
militar,subclase de,empleado,honduras
militar,subclase de,guerrero,honduras
militar,opuesto a,civil,honduras
Fornit,instancia de,grupo musical,honduras
Fornit,género,punk,honduras
Fornit,compuesto por,Paweł Rozwadowski,honduras
Skokie,país,Estados Unidos,honduras
Skokie,instancia de,villa de Illinois,honduras
Skokie,comparte fronteras con,Chicago,honduras
Skokie,comparte fronteras con,Evanston,honduras
Skokie,comparte fronteras con,Wilmette,honduras
primera dama,instancia de,título honorífico,honduras
primera dama,instancia de,cargo,honduras
primera dama,subclase de,mujer,honduras
primera dama,subclase de,consorte,honduras
Héctor David García Osorio,Lugar de nacimiento,Concepción de María,honduras
Héctor David García Osorio,Ocupación,sacerdote católico,honduras
Héctor David García Osorio,Ciudadanía,Honduras,honduras
Héctor David García Osorio,Educado en,Pontificia Universidad Gregoriana,honduras
Héctor David García Osorio,Cargo,obispo diocesano,honduras
Héctor David García Osorio,Fecha de nacimiento,1966-09-23,honduras
Héctor David García Osorio,Ocupación,obispo católico,honduras
Luis Alvarado,Lugar de nacimiento,El Progreso,honduras
Luis Alvarado,Ocupación,futbolista,honduras
Luis Alvarado,Ciudadanía,Honduras,honduras
Luis Alvarado,Fecha de nacimiento,1988-02-02,honduras
Selvin Castellanos,Lugar de nacimiento,Tocoa,honduras
Selvin Castellanos,Ocupación,futbolista,honduras
Selvin Castellanos,Ciudadanía,Honduras,honduras
Selvin Castellanos,Fecha de nacimiento,1988-05-25,honduras
Bryan Castro,Lugar de nacimiento,Puerto Cortés,honduras
Bryan Castro,Ocupación,futbolista,honduras
Bryan Castro,Ciudadanía,Honduras,honduras
Bryan Castro,Fecha de nacimiento,1991-03-05,honduras
Javier Cruz,Lugar de nacimiento,Santa Cruz de Yojoa,honduras
Javier Cruz,Ocupación,futbolista,honduras
Javier Cruz,Ciudadanía,Honduras,honduras
Javier Cruz,Fecha de nacimiento,1995-01-24,honduras
Raimundo Cálix,Lugar de nacimiento,Langue,honduras
Raimundo Cálix,Ocupación,futbolista,honduras
Raimundo Cálix,Ciudadanía,Honduras,honduras
Raimundo Cálix,Fecha de nacimiento,1984-07-08,honduras
John Suazo,Lugar de nacimiento,San Pedro Sula,honduras
John Suazo,Ocupación,futbolista,honduras
John Suazo,Ciudadanía,Honduras,honduras
John Suazo,Fecha de nacimiento,1995-10-07,honduras
Álvaro Juanes,Lugar de nacimiento,Departamento de Comayagua,honduras
Álvaro Juanes,Ocupación,futbolista,honduras
Álvaro Juanes,Ciudadanía,Honduras,honduras
Álvaro Juanes,Fecha de nacimiento,1986-12-21,honduras
Walter Lapresti,Lugar de nacimiento,La Ceiba,honduras
Walter Lapresti,Ocupación,futbolista,honduras
Walter Lapresti,Ciudadanía,Honduras,honduras
Walter Lapresti,Fecha de nacimiento,1991-08-28,honduras
Edwin León,Lugar de nacimiento,Morazán,honduras
Edwin León,Ocupación,futbolista,honduras
Edwin León,Ciudadanía,Honduras,honduras
Edwin León,Fecha de nacimiento,1991-11-26,honduras
Pastor Martínez,Lugar de nacimiento,San Pedro Sula,honduras
Pastor Martínez,Ocupación,futbolista,honduras
Pastor Martínez,Ciudadanía,Honduras,honduras
Pastor Martínez,Fecha de nacimiento,1986-12-22,honduras
Walter Joel Martínez,Lugar de nacimiento,Tegucigalpa,honduras
Walter Joel Martínez,Ocupación,futbolista,honduras
Walter Joel Martínez,Ciudadanía,Honduras,honduras
Walter Joel Martínez,Fecha de nacimiento,1991-03-26,honduras
Chestyn Onofre,Lugar de nacimiento,Santa Fe,honduras
Chestyn Onofre,Ocupación,futbolista,honduras
Chestyn Onofre,Ciudadanía,Honduras,honduras
Chestyn Onofre,Fecha de nacimiento,1991-12-07,honduras
Orvin Paz,Lugar de nacimiento,San Pedro Sula,honduras
Orvin Paz,Ocupación,futbolista,honduras
Orvin Paz,Ciudadanía,Honduras,honduras
Orvin Paz,Fecha de nacimiento,1985-07-04,honduras
Sergio Peña Zelaya,Lugar de nacimiento,Tocoa,honduras
Sergio Peña Zelaya,Ocupación,entrenador,honduras
Sergio Peña Zelaya,Ciudadanía,Honduras,honduras
Sergio Peña Zelaya,Fecha de nacimiento,1987-05-09,honduras
Sergio Peña Zelaya,Ocupación,futbolista,honduras
Arnold Solórzano,Lugar de nacimiento,Tela,honduras
Arnold Solórzano,Ocupación,futbolista,honduras
Arnold Solórzano,Ciudadanía,Honduras,honduras
Arnold Solórzano,Fecha de nacimiento,1986-09-15,honduras
Ángel Tejeda,Lugar de nacimiento,Santa Cruz de Yojoa,honduras
Ángel Tejeda,Ocupación,futbolista,honduras
Ángel Tejeda,Ciudadanía,Honduras,honduras
Ángel Tejeda,Fecha de nacimiento,1991-06-01,honduras
José Francisco Valladares,Lugar de nacimiento,Tegucigalpa,honduras
José Francisco Valladares,Ocupación,entrenador,honduras
José Francisco Valladares,Ciudadanía,Honduras,honduras
José Francisco Valladares,Fecha de nacimiento,1962-07-23,honduras
Darixon Vuelto,Lugar de nacimiento,Sambo Creek,honduras
Darixon Vuelto,Ocupación,futbolista,honduras
Darixon Vuelto,Ciudadanía,Honduras,honduras
Darixon Vuelto,Fecha de nacimiento,1998-01-15,honduras
Jorge Zaldívar,Lugar de nacimiento,La Lima,honduras
Jorge Zaldívar,Ocupación,futbolista,honduras
Jorge Zaldívar,Ciudadanía,Honduras,honduras
Jorge Zaldívar,Fecha de nacimiento,1984-09-16,honduras
Pontificia Universidad Gregoriana,país,Italia,honduras
Pontificia Universidad Gregoriana,instancia de,universidad pontificia,honduras
Pontificia Universidad Gregoriana,instancia de,universidad jesuita,honduras
Pontificia Universidad Gregoriana,fundador,Ignacio de Loyola,honduras
Pontificia Universidad Gregoriana,situado en la entidad territorial administrativa,Roma,honduras
Morazán,país,Honduras,honduras
Morazán,instancia de,municipio de Honduras,honduras
Morazán,situado en la entidad territorial administrativa,Departamento de Yoro,honduras
Morazán,diferente de,Morazán,honduras
entrenador,instancia de,cargo,honduras
entrenador,subclase de,posición de juego,honduras
entrenador,subclase de,personalidad del deporte,honduras
Víctor Zúniga,Lugar de nacimiento,San Pedro Sula,honduras
Víctor Zúniga,Ocupación,futbolista,honduras
Víctor Zúniga,Ciudadanía,Honduras,honduras
Víctor Zúniga,Fecha de nacimiento,1990-03-06,honduras
Porciano Ávila,Lugar de nacimiento,La Ceiba,honduras
Porciano Ávila,Ocupación,futbolista,honduras
Porciano Ávila,Ciudadanía,Honduras,honduras
Porciano Ávila,Fecha de nacimiento,1982-05-14,honduras
Herlyn Iván Espinal,Lugar de nacimiento,Santa Rita,honduras
Herlyn Iván Espinal,Ocupación,periodista,honduras
Herlyn Iván Espinal,Ciudadanía,Honduras,honduras
Herlyn Iván Espinal,Fecha de nacimiento,1982-09-14,honduras
Herlyn Iván Espinal,Fecha de defunción,2014-07-20,honduras
Jorge Armando Cardona,Lugar de nacimiento,El Progreso,honduras
Jorge Armando Cardona,Ocupación,futbolista,honduras
Jorge Armando Cardona,Ciudadanía,Honduras,honduras
Jorge Armando Cardona,Fecha de nacimiento,1986-07-27,honduras
Cristopher Aguilar,Lugar de nacimiento,San Pedro Sula,honduras
Cristopher Aguilar,Ocupación,futbolista,honduras
Cristopher Aguilar,Ciudadanía,Honduras,honduras
Cristopher Aguilar,Fecha de nacimiento,1991-02-07,honduras
Samuel Córdova,Lugar de nacimiento,Sonaguera,honduras
Samuel Córdova,Ocupación,futbolista,honduras
Samuel Córdova,Ciudadanía,Honduras,honduras
Samuel Córdova,Fecha de nacimiento,1988-10-01,honduras
Dilmer Gutiérrez,Lugar de nacimiento,Iriona,honduras
Dilmer Gutiérrez,Ocupación,futbolista,honduras
Dilmer Gutiérrez,Ciudadanía,Honduras,honduras
Dilmer Gutiérrez,Fecha de nacimiento,1986-05-24,honduras
Deybi Flores,Lugar de nacimiento,San Pedro Sula,honduras
Deybi Flores,Ocupación,futbolista,honduras
Deybi Flores,Ciudadanía,Honduras,honduras
Deybi Flores,Fecha de nacimiento,1996-06-16,honduras
Jhow Benavídez,Lugar de nacimiento,El Porvenir,honduras
Jhow Benavídez,Ocupación,futbolista,honduras
Jhow Benavídez,Ciudadanía,Honduras,honduras
Jhow Benavídez,Fecha de nacimiento,1995-12-26,honduras
Juan Manuel Munguía,Lugar de nacimiento,Olanchito,honduras
Juan Manuel Munguía,Ocupación,futbolista,honduras
Juan Manuel Munguía,Ciudadanía,Honduras,honduras
Juan Manuel Munguía,Fecha de nacimiento,1985-08-30,honduras
Julio Gutiérrez Arévalo,Lugar de nacimiento,Tegucigalpa,honduras
Julio Gutiérrez Arévalo,Ocupación,empresario,honduras
Julio Gutiérrez Arévalo,Ciudadanía,Honduras,honduras
Julio Gutiérrez Arévalo,Fecha de nacimiento,1981-01-01,honduras
Carlos Ramón Tábora,Lugar de nacimiento,Sabá,honduras
Carlos Ramón Tábora,Ocupación,entrenador,honduras
Carlos Ramón Tábora,Ciudadanía,Honduras,honduras
Carlos Ramón Tábora,Fecha de nacimiento,1965-01-30,honduras
Carlos Ramón Tábora,Ocupación,futbolista,honduras
José Banegas,Lugar de nacimiento,El Progreso,honduras
José Banegas,Ocupación,futbolista,honduras
José Banegas,Ciudadanía,Honduras,honduras
José Banegas,Fecha de nacimiento,1988-05-20,honduras
Edwin Zamora,Lugar de nacimiento,Danlí,honduras
Edwin Zamora,Ocupación,futbolista,honduras
Edwin Zamora,Ciudadanía,Honduras,honduras
Edwin Zamora,Fecha de nacimiento,1990-12-01,honduras
Cristian Raudales,Lugar de nacimiento,Tegucigalpa,honduras
Cristian Raudales,Ocupación,futbolista,honduras
Cristian Raudales,Ciudadanía,Honduras,honduras
Cristian Raudales,Fecha de nacimiento,1989-10-03,honduras
Gabriela Ordoñez,Ocupación,modelo,honduras
Gabriela Ordoñez,Ciudadanía,Honduras,honduras
Gabriela Ordoñez,Ocupación,participante en concursos de belleza,honduras
Alberth Elis,Lugar de nacimiento,San Pedro Sula,honduras
Alberth Elis,Ocupación,entrenador,honduras
Alberth Elis,Ciudadanía,Honduras,honduras
Alberth Elis,Fecha de nacimiento,1996-02-12,honduras
Alberth Elis,Ocupación,futbolista,honduras
Mario Hernán Ramírez,Lugar de nacimiento,Comayagüela,honduras
Mario Hernán Ramírez,Ocupación,escritor,honduras
Mario Hernán Ramírez,Ciudadanía,Honduras,honduras
Mario Hernán Ramírez,Fecha de nacimiento,1934-01-01,honduras
Mario Hernán Ramírez,Fecha de defunción,2023-04-13,honduras
Mario Hernán Ramírez,Ocupación,poeta,honduras
Mario Hernán Ramírez,Ocupación,periodista,honduras
Mauro Reyes,Lugar de nacimiento,Arada,honduras
Mauro Reyes,Ocupación,entrenador,honduras
Mauro Reyes,Ciudadanía,Honduras,honduras
Mauro Reyes,Fecha de nacimiento,1966-11-19,honduras
Carlos Martínez Pineda,Lugar de nacimiento,Tegucigalpa,honduras
Carlos Martínez Pineda,Ocupación,futbolista,honduras
Carlos Martínez Pineda,Ciudadanía,Honduras,honduras
Carlos Martínez Pineda,Fecha de nacimiento,1965-01-01,honduras
Santa Rita,país,Honduras,honduras
Santa Rita,instancia de,municipio de Honduras,honduras
Santa Rita,situado en la entidad territorial administrativa,Departamento de Yoro,honduras
Arada,país,Honduras,honduras
Arada,instancia de,municipio de Honduras,honduras
Arada,situado en la entidad territorial administrativa,Departamento de Santa Bárbara,honduras
Arada,diferente de,Arada,honduras
Cholby Martínez,Lugar de nacimiento,La Ceiba,honduras
Cholby Martínez,Ocupación,futbolista,honduras
Cholby Martínez,Ciudadanía,Honduras,honduras
Cholby Martínez,Fecha de nacimiento,1988-03-24,honduras
Samir Arzú,Lugar de nacimiento,Jutiapa,honduras
Samir Arzú,Ocupación,futbolista,honduras
Samir Arzú,Ciudadanía,Honduras,honduras
Samir Arzú,Fecha de nacimiento,1981-03-19,honduras
Samir Arzú,Fecha de nacimiento,1981-04-19,honduras
Gerson Argueta,Lugar de nacimiento,Tegucigalpa,honduras
Gerson Argueta,Ocupación,futbolista,honduras
Gerson Argueta,Ciudadanía,Honduras,honduras
Gerson Argueta,Fecha de nacimiento,1991-03-10,honduras
Gerson Argueta,Fecha de nacimiento,1991-10-03,honduras
Guillermo Bernárdez,Lugar de nacimiento,Tela,honduras
Guillermo Bernárdez,Ocupación,futbolista,honduras
Guillermo Bernárdez,Ciudadanía,Honduras,honduras
Guillermo Bernárdez,Fecha de nacimiento,1960-02-27,honduras
Iván Edgardo López,Lugar de nacimiento,San Pedro Sula,honduras
Iván Edgardo López,Ocupación,futbolista,honduras
Iván Edgardo López,Ciudadanía,Honduras,honduras
Iván Edgardo López,Fecha de nacimiento,1990-10-05,honduras
Juan José Ocampo,Lugar de nacimiento,Juticalpa,honduras
Juan José Ocampo,Ocupación,futbolista,honduras
Juan José Ocampo,Ciudadanía,Honduras,honduras
Juan José Ocampo,Fecha de nacimiento,1992-01-17,honduras
Juan Rodríguez Leiva,Lugar de nacimiento,San José,honduras
Juan Rodríguez Leiva,Ocupación,entrenador,honduras
Juan Rodríguez Leiva,Ciudadanía,Honduras,honduras
Juan Rodríguez Leiva,Fecha de nacimiento,1988-01-16,honduras
Juan Rodríguez Leiva,Ocupación,futbolista,honduras
Kevin Josué López,Lugar de nacimiento,Choloma,honduras
Kevin Josué López,Ocupación,futbolista,honduras
Kevin Josué López,Ciudadanía,Honduras,honduras
Kevin Josué López,Fecha de nacimiento,1996-02-03,honduras
Bertha Oliva,Ocupación,activista por los derechos humanos,honduras
Bertha Oliva,Ciudadanía,Honduras,honduras
Bertha Oliva,Premio recibido,Human rights defenders tulip,honduras
Bertha Oliva,Fecha de nacimiento,1956-01-01,honduras
Fredixon Elvir,Lugar de nacimiento,Lepaterique,honduras
Fredixon Elvir,Ocupación,futbolista,honduras
Fredixon Elvir,Ciudadanía,Honduras,honduras
Fredixon Elvir,Fecha de nacimiento,1988-02-29,honduras
Javier Padilla,Lugar de nacimiento,Tegucigalpa,honduras
Javier Padilla,Ocupación,futbolista,honduras
Javier Padilla,Ciudadanía,Honduras,honduras
Javier Padilla,Fecha de nacimiento,1963-08-23,honduras
Rembrandt Flores,Lugar de nacimiento,Tegucigalpa,honduras
Rembrandt Flores,Ocupación,futbolista,honduras
Rembrandt Flores,Ciudadanía,Honduras,honduras
Rembrandt Flores,Fecha de nacimiento,1997-05-12,honduras
José Pineda,Lugar de nacimiento,Cantarranas,honduras
José Pineda,Ocupación,futbolista,honduras
José Pineda,Ciudadanía,Honduras,honduras
José Pineda,Fecha de nacimiento,1987-10-19,honduras
Jorge Gustavo Mejía,Lugar de nacimiento,La Ceiba,honduras
Jorge Gustavo Mejía,Ocupación,compositor,honduras
Jorge Gustavo Mejía,Ciudadanía,Honduras,honduras
Jorge Gustavo Mejía,Fecha de nacimiento,1961-02-22,honduras
Jorge Gustavo Mejía,Ocupación,director de orquesta,honduras
Efraín Bu Girón,Lugar de nacimiento,Departamento de Santa Bárbara,honduras
Efraín Bu Girón,Ocupación,abogado,honduras
Efraín Bu Girón,Ciudadanía,Honduras,honduras
Efraín Bu Girón,Cargo,Presidente del Congreso Nacional de Honduras,honduras
Efraín Bu Girón,Fecha de nacimiento,1924-02-27,honduras
Efraín Bu Girón,Fecha de defunción,2004-08-02,honduras
Efraín Bu Girón,Ocupación,político,honduras
Edrick Menjívar,Lugar de nacimiento,La Ceiba,honduras
Edrick Menjívar,Ocupación,futbolista,honduras
Edrick Menjívar,Ciudadanía,Honduras,honduras
Edrick Menjívar,Fecha de nacimiento,1993-03-01,honduras
Esdras Amado López,Lugar de nacimiento,Choluteca,honduras
Esdras Amado López,Ocupación,empresario,honduras
Esdras Amado López,Ciudadanía,Honduras,honduras
Esdras Amado López,Cargo,diputado del Congreso Nacional de Honduras,honduras
Esdras Amado López,Fecha de nacimiento,1964-04-15,honduras
Esdras Amado López,Ocupación,político,honduras
Esdras Amado López,Ocupación,periodista,honduras
José Barralaga,Lugar de nacimiento,Trujillo,honduras
José Barralaga,Ocupación,futbolista,honduras
José Barralaga,Ciudadanía,Honduras,honduras
José Barralaga,Fecha de nacimiento,1994-12-22,honduras
Leo Asís Paz,Lugar de nacimiento,Nacaome,honduras
Leo Asís Paz,Ocupación,futbolista,honduras
Leo Asís Paz,Ciudadanía,Honduras,honduras
Leo Asís Paz,Fecha de nacimiento,1966-06-17,honduras
Lesvin Medina,Lugar de nacimiento,Tegucigalpa,honduras
Lesvin Medina,Ocupación,futbolista,honduras
Lesvin Medina,Ciudadanía,Honduras,honduras
Lesvin Medina,Fecha de nacimiento,1993-08-26,honduras
San José,país,Honduras,honduras
San José,instancia de,municipio de Honduras,honduras
San José,situado en la entidad territorial administrativa,Departamento de Copán,honduras
San José,diferente de,San José de Copán,honduras
Choloma,país,Honduras,honduras
Choloma,instancia de,municipio de Honduras,honduras
Choloma,situado en la entidad territorial administrativa,Departamento de Cortés,honduras
Lepaterique,país,Honduras,honduras
Lepaterique,instancia de,municipio de Honduras,honduras
Lepaterique,situado en la entidad territorial administrativa,Departamento de Francisco Morazán,honduras
Lepaterique,diferente de,Lepaterique,honduras
director de orquesta,instancia de,profesión,honduras
director de orquesta,instancia de,cargo,honduras
director de orquesta,instancia de,profesión musical,honduras
director de orquesta,subclase de,músico,honduras
director de orquesta,subclase de,artista escénico,honduras
Nacaome,país,Honduras,honduras
Nacaome,instancia de,ciudad,honduras
Nacaome,instancia de,municipio de Honduras,honduras
Nacaome,situado en la entidad territorial administrativa,Departamento de Valle,honduras
Marlon Escoto,Lugar de nacimiento,San Matías,honduras
Marlon Escoto,Ocupación,funcionario,honduras
Marlon Escoto,Ciudadanía,Honduras,honduras
Marlon Escoto,Educado en,Universidad Nacional de Agricultura,honduras
Marlon Escoto,Fecha de nacimiento,1976-07-17,honduras
Neida Sandoval,Lugar de nacimiento,Comayagua,honduras
Neida Sandoval,Ocupación,periodista,honduras
Neida Sandoval,Ciudadanía,Honduras,honduras
Neida Sandoval,Fecha de nacimiento,1961-01-01,honduras
Virgilio Rodolfo Quiroz,Lugar de nacimiento,Tegucigalpa,honduras
Virgilio Rodolfo Quiroz,Ocupación,futbolista,honduras
Virgilio Rodolfo Quiroz,Ciudadanía,Honduras,honduras
Virgilio Rodolfo Quiroz,Fecha de nacimiento,1998-10-28,honduras
German Mejía,Lugar de nacimiento,El Progreso,honduras
German Mejía,Ocupación,futbolista,honduras
German Mejía,Ciudadanía,Honduras,honduras
German Mejía,Fecha de nacimiento,1994-10-01,honduras
María José Alvarado,Lugar de nacimiento,Santa Bárbara,honduras
María José Alvarado,Ocupación,modelo,honduras
María José Alvarado,Ciudadanía,Honduras,honduras
María José Alvarado,Fecha de nacimiento,1995-07-19,honduras
María José Alvarado,Fecha de defunción,2014-11-13,honduras
María José Alvarado,Ocupación,participante en concursos de belleza,honduras
Jerrick Díaz,Lugar de nacimiento,Roatán,honduras
Jerrick Díaz,Ocupación,futbolista,honduras
Jerrick Díaz,Ciudadanía,Honduras,honduras
Jerrick Díaz,Fecha de nacimiento,1989-02-17,honduras
"Denis ""Plitis"" Lagos",Lugar de nacimiento,Comayagua,honduras
"Denis ""Plitis"" Lagos",Ocupación,futbolista,honduras
"Denis ""Plitis"" Lagos",Ciudadanía,Honduras,honduras
"Denis ""Plitis"" Lagos",Fecha de nacimiento,1947-08-18,honduras
Brenda Bailey,Ocupación,luchador,honduras
Brenda Bailey,Ciudadanía,Honduras,honduras
Brenda Bailey,Fecha de nacimiento,1994-09-11,honduras
Randy Lambert,Ocupación,luchador,honduras
Randy Lambert,Ciudadanía,Honduras,honduras
Randy Lambert,Fecha de nacimiento,1990-03-08,honduras
Marco Antonio García,Lugar de nacimiento,San Pedro Sula,honduras
Marco Antonio García,Ocupación,futbolista,honduras
Marco Antonio García,Ciudadanía,Honduras,honduras
Marco Antonio García,Fecha de nacimiento,1981-12-08,honduras
Jorge Jiménez Espinal,Lugar de nacimiento,Choluteca,honduras
Jorge Jiménez Espinal,Ocupación,entrenador,honduras
Jorge Jiménez Espinal,Ciudadanía,Honduras,honduras
Jorge Jiménez Espinal,Fecha de nacimiento,1978-07-10,honduras
Samuel Sentini,Lugar de nacimiento,La Ceiba,honduras
Samuel Sentini,Ocupación,futbolista,honduras
Samuel Sentini,Ciudadanía,Honduras,honduras
Samuel Sentini,Fecha de nacimiento,1948-01-01,honduras
Samuel Sentini,Fecha de defunción,2014-12-29,honduras
Mario Ventura,Lugar de nacimiento,Siguatepeque,honduras
Mario Ventura,Ocupación,futbolista,honduras
Mario Ventura,Ciudadanía,Honduras,honduras
Mario Ventura,Fecha de nacimiento,1987-04-25,honduras
Oscar Mejía Arellano,Ocupación,político,honduras
Oscar Mejía Arellano,Ciudadanía,Honduras,honduras
Oscar Mejía Arellano,Fecha de nacimiento,2000-01-01,honduras
Oscar Mejía Arellano,Fecha de defunción,2003-09-26,honduras
German Güity,Lugar de nacimiento,Santa Fe,honduras
German Güity,Ocupación,futbolista,honduras
German Güity,Ciudadanía,Honduras,honduras
German Güity,Fecha de nacimiento,1986-12-19,honduras
José Danilo Tobías,Lugar de nacimiento,Tocoa,honduras
José Danilo Tobías,Ocupación,futbolista,honduras
José Danilo Tobías,Ciudadanía,Honduras,honduras
José Danilo Tobías,Fecha de nacimiento,1992-01-20,honduras
Luis Omar Bardales,Lugar de nacimiento,Sonaguera,honduras
Luis Omar Bardales,Ocupación,futbolista,honduras
Luis Omar Bardales,Ciudadanía,Honduras,honduras
Luis Omar Bardales,Fecha de nacimiento,1988-10-04,honduras
Misael Ruíz,Lugar de nacimiento,Tocoa,honduras
Misael Ruíz,Ocupación,futbolista,honduras
Misael Ruíz,Ciudadanía,Honduras,honduras
Misael Ruíz,Fecha de nacimiento,1986-12-20,honduras
Osman Melgares,Lugar de nacimiento,Tocoa,honduras
Osman Melgares,Ocupación,entrenador,honduras
Osman Melgares,Ciudadanía,Honduras,honduras
Osman Melgares,Fecha de nacimiento,1986-11-27,honduras
Osman Melgares,Ocupación,futbolista,honduras
Pablo Arzú,Lugar de nacimiento,Olanchito,honduras
Pablo Arzú,Ocupación,futbolista,honduras
Pablo Arzú,Ciudadanía,Honduras,honduras
Pablo Arzú,Fecha de nacimiento,1990-10-31,honduras
San Matías,país,Honduras,honduras
San Matías,instancia de,municipio de Honduras,honduras
San Matías,situado en la entidad territorial administrativa,Departamento de El Paraíso,honduras
San Matías,diferente de,San Matías,honduras
funcionario,instancia de,profesión,honduras
funcionario,instancia de,alto cargo,honduras
funcionario,instancia de,cargo,honduras
funcionario,subclase de,persona jurídica,honduras
funcionario,subclase de,burócrata,honduras
Universidad Nacional de Agricultura,país,Honduras,honduras
Universidad Nacional de Agricultura,instancia de,universidad,honduras
Universidad Nacional de Agricultura,situado en la entidad territorial administrativa,Departamento de Olancho,honduras
Universidad Nacional de Agricultura,miembro de,Consejo Superior Universitario Centroamericano,honduras
Universidad Nacional de Agricultura,miembro de,Sistema Editorial Universitario Centroamericano,honduras
luchador,instancia de,ocupación,honduras
luchador,subclase de,luchador,honduras
luchador,ámbito de la ocupación,lucha,honduras
luchador,ámbito de la ocupación,lucha amateur,honduras
luchador,deporte,lucha amateur,honduras
Pedro Joel Vargas,Lugar de nacimiento,Iriona,honduras
Pedro Joel Vargas,Ocupación,futbolista,honduras
Pedro Joel Vargas,Ciudadanía,Honduras,honduras
Pedro Joel Vargas,Fecha de nacimiento,1986-01-23,honduras
Ricardo Elencoff,Lugar de nacimiento,Sabá,honduras
Ricardo Elencoff,Ocupación,abogado,honduras
Ricardo Elencoff,Ciudadanía,Honduras,honduras
Ricardo Elencoff,Educado en,Universidad Nacional Autónoma de Honduras,honduras
Ricardo Elencoff,Fecha de nacimiento,1976-01-05,honduras
Ricardo Elencoff,Ocupación,empresario,honduras
Robbie Matute,Lugar de nacimiento,José Santos Guardiola,honduras
Robbie Matute,Ocupación,futbolista,honduras
Robbie Matute,Ciudadanía,Honduras,honduras
Robbie Matute,Fecha de nacimiento,1987-11-20,honduras
Rubén Guifarro,Lugar de nacimiento,Catacamas,honduras
Rubén Guifarro,Ocupación,entrenador,honduras
Rubén Guifarro,Ciudadanía,Honduras,honduras
Rubén Guifarro,Fecha de nacimiento,1946-10-15,honduras
Rubén Guifarro,Ocupación,futbolista,honduras
Walter Fuentes,Lugar de nacimiento,Sabá,honduras
Walter Fuentes,Ocupación,futbolista,honduras
Walter Fuentes,Ciudadanía,Honduras,honduras
Walter Fuentes,Fecha de nacimiento,1986-10-07,honduras
Yossimar Orellana,Lugar de nacimiento,Sabá,honduras
Yossimar Orellana,Ocupación,futbolista,honduras
Yossimar Orellana,Ciudadanía,Honduras,honduras
Yossimar Orellana,Fecha de nacimiento,1989-11-23,honduras
Nery Soto,Ocupación,periodista,honduras
Nery Soto,Ciudadanía,Honduras,honduras
Nery Soto,Fecha de defunción,2014-08-14,honduras
Róger Arturo Espinoza,Lugar de nacimiento,Juticalpa,honduras
Róger Arturo Espinoza,Ocupación,entrenador,honduras
Róger Arturo Espinoza,Ciudadanía,Honduras,honduras
Róger Arturo Espinoza,Fecha de nacimiento,1959-09-14,honduras
Mario Verdial,Lugar de nacimiento,San Pedro Sula,honduras
Mario Verdial,Ocupación,empresario,honduras
Mario Verdial,Ciudadanía,Honduras,honduras
Mario Verdial,Fecha de nacimiento,1962-05-02,honduras
Mario Verdial,Fecha de defunción,2015-02-05,honduras
Cristhian Urquiza,Lugar de nacimiento,La Ceiba,honduras
Cristhian Urquiza,Ocupación,futbolista,honduras
Cristhian Urquiza,Ciudadanía,Honduras,honduras
Cristhian Urquiza,Fecha de nacimiento,1995-01-21,honduras
Matías Funes,Ocupación,político,honduras
Matías Funes,Ciudadanía,Honduras,honduras
Matías Funes,Cargo,diputado del Congreso Nacional de Honduras,honduras
Matías Funes,Fecha de nacimiento,1952-03-24,honduras
Matías Funes,Fecha de defunción,2015-02-10,honduras
Exon Bengtson,Lugar de nacimiento,Santa Rosa de Aguán,honduras
Exon Bengtson,Ocupación,futbolista,honduras
Exon Bengtson,Ciudadanía,Honduras,honduras
Exon Bengtson,Fecha de nacimiento,1990-01-02,honduras
Luis Alonso Morán,Lugar de nacimiento,San Pedro Sula,honduras
Luis Alonso Morán,Ocupación,yudoca,honduras
Luis Alonso Morán,Ciudadanía,Honduras,honduras
Luis Alonso Morán,Fecha de nacimiento,1971-08-04,honduras
Juan Ángel Delgado,Lugar de nacimiento,San Manuel,honduras
Juan Ángel Delgado,Ocupación,futbolista,honduras
Juan Ángel Delgado,Ciudadanía,Honduras,honduras
Juan Ángel Delgado,Fecha de nacimiento,1992-07-21,honduras
Jeffrey Brooks,Lugar de nacimiento,Puerto Cortés,honduras
Jeffrey Brooks,Ocupación,futbolista,honduras
Jeffrey Brooks,Ciudadanía,Honduras,honduras
Jeffrey Brooks,Fecha de nacimiento,1995-05-25,honduras
Pompilio Ortega,Lugar de nacimiento,Departamento de Comayagua,honduras
Pompilio Ortega,Ocupación,escritor,honduras
Pompilio Ortega,Ciudadanía,Honduras,honduras
Pompilio Ortega,Fecha de nacimiento,1890-01-01,honduras
Pompilio Ortega,Fecha de defunción,1959-01-01,honduras
Fanny Rodríguez,Lugar de nacimiento,Honduras,honduras
Fanny Rodríguez,Ocupación,entrenador,honduras
Fanny Rodríguez,Ciudadanía,Honduras,honduras
Fanny Rodríguez,Fecha de nacimiento,1990-01-29,honduras
Fanny Rodríguez,Ocupación,futbolista,honduras
David Meza,Lugar de nacimiento,San Francisco de Becerra,honduras
David Meza,Ocupación,futbolista,honduras
David Meza,Ciudadanía,Honduras,honduras
David Meza,Fecha de nacimiento,1987-02-13,honduras
Wendy Umanzor,Lugar de nacimiento,Honduras,honduras
Wendy Umanzor,Ocupación,entrenador,honduras
Wendy Umanzor,Ciudadanía,Honduras,honduras
Wendy Umanzor,Fecha de nacimiento,1984-09-14,honduras
Wendy Umanzor,Ocupación,futbolista,honduras
Waleska Diaz,Lugar de nacimiento,Honduras,honduras
Waleska Diaz,Ocupación,entrenador,honduras
Waleska Diaz,Ciudadanía,Honduras,honduras
Waleska Diaz,Fecha de nacimiento,1986-04-02,honduras
Waleska Diaz,Ocupación,futbolista,honduras
yudoca,instancia de,profesión,honduras
yudoca,instancia de,ocupación,honduras
yudoca,subclase de,deportista,honduras
yudoca,subclase de,artista marcial,honduras
San Francisco de Becerra,país,Honduras,honduras
San Francisco de Becerra,instancia de,municipio de Honduras,honduras
San Francisco de Becerra,situado en la entidad territorial administrativa,Departamento de Olancho,honduras
San Francisco de Becerra,diferente de,San Francisco de Becerra,honduras
Carlos Urbizo,Lugar de nacimiento,La Ceiba,honduras
Carlos Urbizo,Ocupación,empresario,honduras
Carlos Urbizo,Ciudadanía,Honduras,honduras
Carlos Urbizo,Educado en,Franklin & Marshall College,honduras
Carlos Urbizo,Fecha de nacimiento,1943-11-22,honduras
Carlos Urbizo,Ocupación,político,honduras
Carlos Urbizo,Ocupación,economista,honduras
Rigoberto Paredes,Lugar de nacimiento,Santa Bárbara,honduras
Rigoberto Paredes,Ocupación,escritor,honduras
Rigoberto Paredes,Ciudadanía,Honduras,honduras
Rigoberto Paredes,Fecha de nacimiento,1948-01-01,honduras
Rigoberto Paredes,Fecha de defunción,2015-01-01,honduras
Rigoberto Paredes,Ocupación,poeta,honduras
Rigoberto Paredes,Fecha de nacimiento,1948-04-26,honduras
Rigoberto Paredes,Fecha de defunción,2015-03-09,honduras
Víctor Cáceres Lara,Lugar de nacimiento,Honduras,honduras
Víctor Cáceres Lara,Ocupación,escritor,honduras
Víctor Cáceres Lara,Ciudadanía,Honduras,honduras
Víctor Cáceres Lara,Educado en,Universidad Nacional Autónoma de Honduras,honduras
Víctor Cáceres Lara,Cargo,diputado del Congreso Nacional de Honduras,honduras
Víctor Cáceres Lara,Fecha de nacimiento,1915-01-01,honduras
Víctor Cáceres Lara,Fecha de defunción,1993-01-01,honduras
Víctor Cáceres Lara,Ocupación,abogado,honduras
Víctor Cáceres Lara,Ocupación,político,honduras
Víctor Cáceres Lara,Ocupación,diplomático,honduras
