entidad,relacion,objeto,source_file
Ernesto Cardenal,Lugar de nacimiento,Argentina,nicaragua
Ernesto Cardenal,Ocupación,escritor,nicaragua
Ernesto Cardenal,Ciudadanía,Nicaragua,nicaragua
Ernesto Cardenal,Educado en,Universidad de Columbia,nicaragua
Ernesto Cardenal,Miembro de,Casa de los tres mundos,nicaragua
Ernesto Cardenal,Cargo,ministro de Cultura,nicaragua
Ernesto Cardenal,Premio recibido,Premio de la Paz del Comercio Librero Alemán,nicaragua
Ernesto Cardenal,Fecha de nacimiento,1925-01-20,nicaragua
Ernesto Cardenal,Fecha de defunción,2020-03-01,nicaragua
Ernesto Cardenal,Lugar de nacimiento,Granada,nicaragua
Ernesto Cardenal,Ocupación,poeta,nicaragua
Ernesto Cardenal,Ocupación,político,nicaragua
Ernesto Cardenal,Ocupación,sacerdote católico,nicaragua
Ernesto Cardenal,Ocupación,traductor,nicaragua
Ernesto Cardenal,Ocupación,letrista,nicaragua
Ernesto Cardenal,Ocupación,pintor,nicaragua
Ernesto Cardenal,Ocupación,teólogo,nicaragua
Ernesto Cardenal,Ocupación,escultor,nicaragua
Ernesto Cardenal,Ocupación,ministro de Cultura,nicaragua
Ernesto Cardenal,Ocupación,revolucionario,nicaragua
Ernesto Cardenal,Ocupación,artista visual,nicaragua
Ernesto Cardenal,Premio recibido,Condecoración Austriaca de las Ciencias y las Artes,nicaragua
Ernesto Cardenal,Premio recibido,Orden Nacional José Martí,nicaragua
Ernesto Cardenal,Premio recibido,Premio Theodor Wanner,nicaragua
Ernesto Cardenal,Miembro de,Academia Mexicana de la Lengua,nicaragua
Ernesto Cardenal,Educado en,Facultad de Filosofía y Letras (Universidad Nacional Autónoma de México),nicaragua
Ernesto Cardenal,Educado en,Colegio Centro América,nicaragua
Ernesto Cardenal,Miembro de,Academia de las Artes de Berlín,nicaragua
Ernesto Cardenal,Premio recibido,Orden de la Independencia Cultural Rubén Darío,nicaragua
Ernesto Cardenal,Premio recibido,Premio Reina Sofía de Poesía Iberoamericana,nicaragua
Ernesto Cardenal,Premio recibido,Premio Iberoamericano de Poesía Pablo Neruda,nicaragua
Ernesto Cardenal,Premio recibido,Orden Augusto César Sandino,nicaragua
Claribel Alegría Vides,Lugar de nacimiento,Estelí,nicaragua
Claribel Alegría Vides,Ocupación,escritor de literatura infantil,nicaragua
Claribel Alegría Vides,Ciudadanía,El Salvador,nicaragua
Claribel Alegría Vides,Educado en,Universidad George Washington,nicaragua
Claribel Alegría Vides,Premio recibido,comendador de la Orden de la Estrella de la Solidaridad Italiana,nicaragua
Claribel Alegría Vides,Fecha de nacimiento,1924-05-12,nicaragua
Claribel Alegría Vides,Fecha de defunción,2018-01-25,nicaragua
Claribel Alegría Vides,Ocupación,novelista,nicaragua
Claribel Alegría Vides,Ocupación,ensayista,nicaragua
Claribel Alegría Vides,Ocupación,prosista,nicaragua
Claribel Alegría Vides,Ocupación,lingüista,nicaragua
Claribel Alegría Vides,Ciudadanía,Nicaragua,nicaragua
Nora Astorga,Lugar de nacimiento,Managua,nicaragua
Nora Astorga,Ocupación,juez,nicaragua
Nora Astorga,Ciudadanía,Nicaragua,nicaragua
Nora Astorga,Educado en,Universidad Católica de América,nicaragua
Nora Astorga,Cargo,embajador,nicaragua
Nora Astorga,Fecha de nacimiento,1944-12-10,nicaragua
Nora Astorga,Fecha de defunción,1988-02-14,nicaragua
Nora Astorga,Ocupación,político,nicaragua
Nora Astorga,Ocupación,diplomático,nicaragua
Nora Astorga,Educado en,Universidad Centroamericana,nicaragua
Bárbara Carrera,Lugar de nacimiento,Bluefields,nicaragua
Bárbara Carrera,Ocupación,actor de televisión,nicaragua
Bárbara Carrera,Ciudadanía,Nicaragua,nicaragua
Bárbara Carrera,Fecha de nacimiento,1945-12-31,nicaragua
Bárbara Carrera,Ocupación,actor de cine,nicaragua
Claribel Alegría Vides,Ocupación,escritor,nicaragua
Claribel Alegría Vides,Premio recibido,Premio Casa de las Américas,nicaragua
Claribel Alegría Vides,Ocupación,poeta,nicaragua
Claribel Alegría Vides,Ocupación,traductor,nicaragua
Claribel Alegría Vides,Ocupación,periodista,nicaragua
Claribel Alegría Vides,Premio recibido,Premio Internacional Neustadt de Literatura,nicaragua
Claribel Alegría Vides,Premio recibido,Orden al Mérito Docente y Cultural Gabriela Mistral,nicaragua
Claribel Alegría Vides,Premio recibido,caballero de las Artes y las Letras,nicaragua
Claribel Alegría Vides,Premio recibido,Premio Reina Sofía de Poesía Iberoamericana,nicaragua
Fernando Cardenal,Lugar de nacimiento,Granada,nicaragua
Fernando Cardenal,Ocupación,político,nicaragua
Fernando Cardenal,Ciudadanía,Nicaragua,nicaragua
Fernando Cardenal,Cargo,ministro de Educación,nicaragua
Fernando Cardenal,Premio recibido,Q4287236,nicaragua
Fernando Cardenal,Fecha de nacimiento,1934-01-26,nicaragua
Fernando Cardenal,Fecha de defunción,2016-02-20,nicaragua
Fernando Cardenal,Ocupación,sacerdote católico,nicaragua
Fernando Cardenal,Premio recibido,honorary doctorate of the Vrije Universiteit Brussel,nicaragua
Miguel d'Escoto Brockmann,Lugar de nacimiento,Los Ángeles,nicaragua
Miguel d'Escoto Brockmann,Ocupación,sacerdote,nicaragua
Miguel d'Escoto Brockmann,Ciudadanía,Estados Unidos,nicaragua
Miguel d'Escoto Brockmann,Educado en,Columbia University Graduate School of Journalism,nicaragua
Miguel d'Escoto Brockmann,Empleador,Organización de las Naciones Unidas,nicaragua
Miguel d'Escoto Brockmann,Cargo,embajador,nicaragua
Miguel d'Escoto Brockmann,Premio recibido,Premio Lenin de la Paz,nicaragua
Miguel d'Escoto Brockmann,Fecha de nacimiento,1933-02-05,nicaragua
Miguel d'Escoto Brockmann,Fecha de defunción,2017-06-08,nicaragua
Miguel d'Escoto Brockmann,Ocupación,político,nicaragua
Miguel d'Escoto Brockmann,Ocupación,diplomático,nicaragua
Miguel d'Escoto Brockmann,Premio recibido,Premio Thomas Merton,nicaragua
Miguel d'Escoto Brockmann,Premio recibido,Gran Cruz de la Orden El Sol del Perú,nicaragua
Miguel d'Escoto Brockmann,Ciudadanía,Nicaragua,nicaragua
Miguel d'Escoto Brockmann,Educado en,Maryknoll Seminary,nicaragua
Violeta Chamorro,Lugar de nacimiento,Rivas,nicaragua
Violeta Chamorro,Ocupación,político,nicaragua
Violeta Chamorro,Ciudadanía,Nicaragua,nicaragua
Violeta Chamorro,Educado en,Blackstone College for Girls,nicaragua
Violeta Chamorro,Cargo,Presidente de Nicaragua,nicaragua
Violeta Chamorro,Premio recibido,Orden de Isabel la Católica,nicaragua
Violeta Chamorro,Fecha de nacimiento,1929-10-18,nicaragua
Violeta Chamorro,Fecha de defunción,2025-06-14,nicaragua
Violeta Chamorro,Ocupación,periodista,nicaragua
Violeta Chamorro,Premio recibido,Premio Libertad,nicaragua
Violeta Chamorro,Premio recibido,Premio Giuseppe Motta,nicaragua
Violeta Chamorro,Premio recibido,Collar de la Orden de Isabel la Católica,nicaragua
Violeta Chamorro,Educado en,Our Lady of the Lake University,nicaragua
Adolfo Díaz Recinos,Lugar de nacimiento,Alajuela,nicaragua
Adolfo Díaz Recinos,Ocupación,político,nicaragua
Adolfo Díaz Recinos,Ciudadanía,Nicaragua,nicaragua
Adolfo Díaz Recinos,Cargo,Presidente de Nicaragua,nicaragua
Adolfo Díaz Recinos,Fecha de nacimiento,1875-07-15,nicaragua
Adolfo Díaz Recinos,Fecha de defunción,1964-01-29,nicaragua
Rubén Darío,Lugar de nacimiento,Ciudad Darío,nicaragua
Rubén Darío,Ocupación,escritor,nicaragua
Rubén Darío,Ciudadanía,Nicaragua,nicaragua
Rubén Darío,Obra notable,Azul...,nicaragua
Rubén Darío,Cargo,cónsul,nicaragua
Rubén Darío,Fecha de nacimiento,1867-01-18,nicaragua
Rubén Darío,Fecha de defunción,1916-02-06,nicaragua
Rubén Darío,Ocupación,reportero,nicaragua
Rubén Darío,Ocupación,poeta,nicaragua
Rubén Darío,Ocupación,diplomático,nicaragua
Rubén Darío,Ocupación,periodista,nicaragua
Rubén Darío,Ocupación,autobiógrafo,nicaragua
Rubén Darío,Obra notable,Cantos de vida y esperanza,nicaragua
Rubén Darío,Obra notable,Prosas profanas y otros poemas,nicaragua
Pablo Antonio Vega Mantilla,Ocupación,sacerdote católico,nicaragua
Pablo Antonio Vega Mantilla,Ciudadanía,Nicaragua,nicaragua
Pablo Antonio Vega Mantilla,Cargo,obispo titular,nicaragua
Pablo Antonio Vega Mantilla,Fecha de nacimiento,1919-08-17,nicaragua
Pablo Antonio Vega Mantilla,Fecha de defunción,2007-11-14,nicaragua
Pablo Antonio Vega Mantilla,Ocupación,obispo católico,nicaragua
Pablo Antonio Vega Mantilla,Cargo,obispo de Juigalpa,nicaragua
Pablo Antonio Vega Mantilla,Cargo,Prelado de Juigalpa,nicaragua
René Schick Gutiérrez,Lugar de nacimiento,Managua,nicaragua
René Schick Gutiérrez,Ocupación,político,nicaragua
René Schick Gutiérrez,Ciudadanía,Nicaragua,nicaragua
René Schick Gutiérrez,Cargo,embajador,nicaragua
René Schick Gutiérrez,Premio recibido,Orden El Sol del Perú,nicaragua
René Schick Gutiérrez,Fecha de nacimiento,1909-11-23,nicaragua
René Schick Gutiérrez,Fecha de defunción,1966-08-03,nicaragua
René Schick Gutiérrez,Ocupación,diplomático,nicaragua
René Schick Gutiérrez,Premio recibido,Orden de la Independencia Cultural Rubén Darío,nicaragua
René Schick Gutiérrez,Premio recibido,Cruz federal de la República de Alemania al mérito,nicaragua
René Schick Gutiérrez,Premio recibido,Collar de la Orden de Isabel la Católica,nicaragua
René Schick Gutiérrez,Premio recibido,Gran Cruz de la Orden Civil de Alfonso X el Sabio,nicaragua
René Schick Gutiérrez,Cargo,Presidente de Nicaragua,nicaragua
Ernesto Cardenal,Premio recibido,doctor honoris causa por la Universidad de Granada,nicaragua
Ernesto Cardenal,Premio recibido,doctor honoris causa por la Universidad de Huelva,nicaragua
Ernesto Cardenal,Premio recibido,doctor honoris causa por la Universidad de Valencia,nicaragua
Ernesto Cardenal,Premio recibido,Doctor honoris causa por la Universidad Veracruzana,nicaragua
Ernesto Cardenal,Premio recibido,honorary doctor of the University of Wuppertal,nicaragua
Ernesto Cardenal,Premio recibido,Premio Internacional Mario Benedetti,nicaragua
Bianca Jagger,Lugar de nacimiento,Managua,nicaragua
Bianca Jagger,Ocupación,actor,nicaragua
Bianca Jagger,Ciudadanía,Reino Unido,nicaragua
Bianca Jagger,Educado en,Instituto de Estudios Políticos de París,nicaragua
Bianca Jagger,Premio recibido,Premio Right Livelihood,nicaragua
Bianca Jagger,Fecha de nacimiento,1945-05-02,nicaragua
Bianca Jagger,Ocupación,socialité,nicaragua
Bianca Jagger,Ocupación,modelo,nicaragua
Bianca Jagger,Ciudadanía,Nicaragua,nicaragua
Gioconda Belli,Lugar de nacimiento,Managua,nicaragua
Gioconda Belli,Ocupación,escritor,nicaragua
Gioconda Belli,Ciudadanía,España,nicaragua
Gioconda Belli,Obra notable,La mujer habitada,nicaragua
Gioconda Belli,Miembro de,Academia Nicaragüense de la Lengua,nicaragua
Gioconda Belli,Premio recibido,Premio Hermann Kesten,nicaragua
Gioconda Belli,Fecha de nacimiento,1948-12-09,nicaragua
Gioconda Belli,Ocupación,poeta,nicaragua
Gioconda Belli,Ocupación,periodista,nicaragua
Gioconda Belli,Ocupación,ensayista,nicaragua
Gioconda Belli,Ocupación,activista,nicaragua
Gioconda Belli,Premio recibido,Premio Casa de las Américas,nicaragua
Gioconda Belli,Premio recibido,Premio Anna Seghers,nicaragua
Gioconda Belli,Premio recibido,Das politische Buch,nicaragua
Gioconda Belli,Premio recibido,Premio Biblioteca Breve,nicaragua
Gioconda Belli,Premio recibido,Premio Sor Juana Inés de la Cruz,nicaragua
Gioconda Belli,Premio recibido,Premio Reina Sofía de Poesía Iberoamericana,nicaragua
Gioconda Belli,Premio recibido,Premio de Poesía Generación del 27,nicaragua
Gioconda Belli,Premio recibido,Premio Internacional de Poesía Ciudad de Melilla,nicaragua
Gioconda Belli,Premio recibido,caballero de las Artes y las Letras,nicaragua
Gioconda Belli,Ciudadanía,Italia,nicaragua
Gioconda Belli,Ciudadanía,Chile,nicaragua
Gioconda Belli,Ciudadanía,Nicaragua,nicaragua
María Romero Meneses,Lugar de nacimiento,Granada,nicaragua
María Romero Meneses,Ocupación,monja,nicaragua
María Romero Meneses,Ciudadanía,Nicaragua,nicaragua
María Romero Meneses,Fecha de nacimiento,1902-01-13,nicaragua
María Romero Meneses,Fecha de defunción,1977-07-07,nicaragua
Enrique Bolaños Geyer,Lugar de nacimiento,Nindirí,nicaragua
Enrique Bolaños Geyer,Ocupación,político,nicaragua
Enrique Bolaños Geyer,Ciudadanía,Nicaragua,nicaragua
Enrique Bolaños Geyer,Educado en,Universidad de San Luis,nicaragua
Enrique Bolaños Geyer,Cargo,Presidente de Nicaragua,nicaragua
Enrique Bolaños Geyer,Premio recibido,Orden de la Estrella Brillante,nicaragua
Enrique Bolaños Geyer,Fecha de nacimiento,1928-05-13,nicaragua
Enrique Bolaños Geyer,Fecha de defunción,2021-06-14,nicaragua
Enrique Bolaños Geyer,Premio recibido,Orden de la Independencia Cultural Rubén Darío,nicaragua
Enrique Bolaños Geyer,Cargo,vicepresidente de Nicaragua,nicaragua
Enrique Bolaños Geyer,Premio recibido,Medalla de Servicio por la Democracia,nicaragua
Enrique Bolaños Geyer,Premio recibido,Gran Cruz con Collar de la Orden de la Rosa Blanca de Finlandia,nicaragua
Anastasio Somoza García,Lugar de nacimiento,San Marcos,nicaragua
Anastasio Somoza García,Ocupación,político,nicaragua
Anastasio Somoza García,Ciudadanía,Nicaragua,nicaragua
Anastasio Somoza García,Educado en,Peirce College,nicaragua
Anastasio Somoza García,Cargo,Presidente de Nicaragua,nicaragua
Anastasio Somoza García,Premio recibido,Gran Cruz de la Orden de Isabel la Católica,nicaragua
Anastasio Somoza García,Fecha de nacimiento,1896-02-01,nicaragua
Anastasio Somoza García,Fecha de defunción,1956-09-29,nicaragua
Omar Cabezas,Lugar de nacimiento,León,nicaragua
Omar Cabezas,Ocupación,escritor,nicaragua
Omar Cabezas,Ciudadanía,Nicaragua,nicaragua
Omar Cabezas,Cargo,miembro de la Asamblea Nacional de Nicaragua,nicaragua
Omar Cabezas,Fecha de nacimiento,1950-01-01,nicaragua
Omar Cabezas,Ocupación,político,nicaragua
Benito Rosales,Lugar de nacimiento,Granada,nicaragua
Benito Rosales,Ocupación,político,nicaragua
Benito Rosales,Ciudadanía,Nicaragua,nicaragua
Benito Rosales,Cargo,Presidente de Nicaragua,nicaragua
Benito Rosales,Fecha de nacimiento,1795-01-01,nicaragua
Benito Rosales,Fecha de defunción,1850-01-01,nicaragua
Augusto César Sandino,Lugar de nacimiento,Niquinohomo,nicaragua
Augusto César Sandino,Ocupación,político,nicaragua
Augusto César Sandino,Ciudadanía,Nicaragua,nicaragua
Augusto César Sandino,Fecha de nacimiento,1895-05-18,nicaragua
Augusto César Sandino,Fecha de defunción,1934-02-21,nicaragua
Augusto César Sandino,Ocupación,líder militar,nicaragua
Augusto César Sandino,Ocupación,revolucionario,nicaragua
Anastasio Somoza Debayle,Lugar de nacimiento,León,nicaragua
Anastasio Somoza Debayle,Ocupación,político,nicaragua
Anastasio Somoza Debayle,Ciudadanía,Nicaragua,nicaragua
Anastasio Somoza Debayle,Educado en,Academia Militar de los Estados Unidos,nicaragua
Anastasio Somoza Debayle,Obra notable,Nicaragua Betrayed,nicaragua
Anastasio Somoza Debayle,Cargo,Presidente de Nicaragua,nicaragua
Anastasio Somoza Debayle,Premio recibido,Cruz federal de la República de Alemania al mérito,nicaragua
Anastasio Somoza Debayle,Fecha de nacimiento,1925-12-05,nicaragua
Anastasio Somoza Debayle,Fecha de defunción,1980-09-17,nicaragua
Anastasio Somoza Debayle,Premio recibido,Gran Cruz de la Orden de Isabel la Católica,nicaragua
Anastasio Somoza Debayle,Premio recibido,gran collar de la orden del Infante Don Enrique,nicaragua
Bárbara Carrera,Ocupación,actor,nicaragua
Bárbara Carrera,Ciudadanía,Estados Unidos,nicaragua
Bárbara Carrera,Ocupación,modelo,nicaragua
Argentina,miembro de,Organización de las Naciones Unidas,nicaragua
Argentina,miembro de,Unión de Naciones Suramericanas,nicaragua
Argentina,miembro de,Mercosur,nicaragua
Argentina,miembro de,UNESCO,nicaragua
escritor,instancia de,profesión,nicaragua
escritor,instancia de,ocupación,nicaragua
escritor,subclase de,autor,nicaragua
escritor,subclase de,artista,nicaragua
Nicaragua,forma parte de,América Latina,nicaragua
Nicaragua,forma parte de,América Central,nicaragua
Nicaragua,miembro de,Organización de las Naciones Unidas,nicaragua
Universidad de Columbia,país,Estados Unidos,nicaragua
Universidad de Columbia,instancia de,universidad privada,nicaragua
Universidad de Columbia,instancia de,Colegios coloniales,nicaragua
Universidad de Columbia,instancia de,universidad de investigación,nicaragua
Universidad de Columbia,instancia de,institución educativa privada sin fines de lucro,nicaragua
Casa de los tres mundos,país,Nicaragua,nicaragua
Casa de los tres mundos,instancia de,centro artístico,nicaragua
Casa de los tres mundos,situado en la entidad territorial administrativa,Granada,nicaragua
Casa de los tres mundos,ubicación,Granada,nicaragua
Estelí,país,Nicaragua,nicaragua
Estelí,instancia de,municipio de Nicaragua,nicaragua
Estelí,instancia de,gran ciudad,nicaragua
Estelí,comparte fronteras con,Jinotega,nicaragua
Estelí,situado en la entidad territorial administrativa,Departamento de Estelí,nicaragua
escritor de literatura infantil,instancia de,profesión,nicaragua
escritor de literatura infantil,instancia de,ocupación,nicaragua
escritor de literatura infantil,género,libro infantil,nicaragua
escritor de literatura infantil,subclase de,escritor,nicaragua
escritor de literatura infantil,ámbito de la ocupación,literatura infantil,nicaragua
El Salvador,país,El Salvador,nicaragua
El Salvador,jefe de gobierno,Nayib Bukele,nicaragua
El Salvador,continente,América del Norte,nicaragua
El Salvador,instancia de,país,nicaragua
El Salvador,instancia de,estado soberano,nicaragua
Universidad George Washington,país,Estados Unidos,nicaragua
Universidad George Washington,instancia de,universidad privada,nicaragua
Universidad George Washington,instancia de,universidad de investigación,nicaragua
Universidad George Washington,instancia de,institución educativa privada sin fines de lucro,nicaragua
Universidad George Washington,instancia de,editor de acceso abierto,nicaragua
comendador de la Orden de la Estrella de la Solidaridad Italiana,país,Italia,nicaragua
comendador de la Orden de la Estrella de la Solidaridad Italiana,instancia de,grado de una orden,nicaragua
comendador de la Orden de la Estrella de la Solidaridad Italiana,subclase de,comendador,nicaragua
comendador de la Orden de la Estrella de la Solidaridad Italiana,forma parte de,Orden de la estrella de la solidaridad italiana,nicaragua
comendador de la Orden de la Estrella de la Solidaridad Italiana,categoría principal del tema,Categoría:Ganadores de comendador de la Orden de la Estrella de la Solidaridad Italiana,nicaragua
Managua,jefe de gobierno,Reyna Rueda,nicaragua
Managua,país,Nicaragua,nicaragua
Managua,instancia de,municipio de Nicaragua,nicaragua
Managua,instancia de,gran ciudad,nicaragua
Managua,instancia de,ciudad más grande,nicaragua
juez,instancia de,embede,nicaragua
juez,instancia de,profesión jurídica,nicaragua
juez,instancia de,grupo de ocupaciones de la CIUO,nicaragua
juez,subclase de,jurista,nicaragua
Universidad Católica de América,país,Estados Unidos,nicaragua
Universidad Católica de América,instancia de,universidad católica,nicaragua
Universidad Católica de América,situado en la entidad territorial administrativa,Washington D. C.,nicaragua
Universidad Católica de América,religión,Iglesia católica,nicaragua
embajador,lista de interés para el proyecto Wikimedia,Wikipedia:Lista de artículos que toda Wikipedia debería tener/Expandida,nicaragua
embajador,instancia de,rango diplomático,nicaragua
embajador,instancia de,título de autoridad,nicaragua
embajador,instancia de,cargo,nicaragua
Bluefields,país,Nicaragua,nicaragua
Bluefields,instancia de,municipio de Nicaragua,nicaragua
Bluefields,situado en la entidad territorial administrativa,Región Autónoma de la Costa Caribe Sur,nicaragua
Bluefields,ciudad hermana,Gerona,nicaragua
Bluefields,ciudad hermana,Racine,nicaragua
actor de televisión,instancia de,profesión,nicaragua
actor de televisión,subclase de,actor,nicaragua
actor de televisión,ámbito de la ocupación,actuación para la televisión,nicaragua
actor de televisión,categoría principal del tema,Categoría:Actores de televisión,nicaragua
actor de cine,instancia de,profesión del cine,nicaragua
actor de cine,subclase de,actor,nicaragua
actor de cine,categoría principal del tema,Categoría:Actores de cine,nicaragua
actor de cine,diferente de,actor de televisión,nicaragua
Granada,país,Nicaragua,nicaragua
Granada,instancia de,municipio de Nicaragua,nicaragua
Granada,instancia de,gran ciudad,nicaragua
Granada,situado en la entidad territorial administrativa,Departamento de Granada,nicaragua
Granada,ciudad hermana,Fráncfort del Meno,nicaragua
político,instancia de,profesión,nicaragua
político,instancia de,frecuentemente,nicaragua
político,subclase de,profesional,nicaragua
político,ámbito de la ocupación,política,nicaragua
político,categoría principal del tema,Categoría:Políticos,nicaragua
ministro de Educación,instancia de,cargo público,nicaragua
ministro de Educación,instancia de,cargo,nicaragua
ministro de Educación,subclase de,ministro,nicaragua
ministro de Educación,categoría principal del tema,Categoría:Ministros de Educación,nicaragua
ministro de Educación,diferente de,Secretario de Estado para la Educación,nicaragua
Los Ángeles,jefe de gobierno,Karen Bass,nicaragua
Los Ángeles,país,Estados Unidos,nicaragua
Los Ángeles,continente,América del Norte,nicaragua
Los Ángeles,instancia de,ciudad,nicaragua
Los Ángeles,instancia de,megaciudad,nicaragua
sacerdote,instancia de,ocupación religiosa,nicaragua
sacerdote,subclase de,clérigo,nicaragua
sacerdote,ámbito de la ocupación,sacerdocio,nicaragua
sacerdote,se dice que es lo mismo que,ministro religioso,nicaragua
sacerdote,prefijo honorífico,reverendo,nicaragua
Estados Unidos,forma de gobierno,república,nicaragua
Estados Unidos,forma de gobierno,presidencialismo,nicaragua
Estados Unidos,forma de gobierno,república federal,nicaragua
Estados Unidos,nombrado en referencia a,América,nicaragua
Estados Unidos,subdividido en (división administrativa),California,nicaragua
Columbia University Graduate School of Journalism,país,Estados Unidos,nicaragua
Columbia University Graduate School of Journalism,instancia de,escuela de periodismo,nicaragua
Columbia University Graduate School of Journalism,instancia de,departamento universitario,nicaragua
Columbia University Graduate School of Journalism,instancia de,escuela de postgrado,nicaragua
Columbia University Graduate School of Journalism,fundador,Joseph Pulitzer,nicaragua
Organización de las Naciones Unidas,objetivo del proyecto o de la acción,paz,nicaragua
Organización de las Naciones Unidas,objetivo del proyecto o de la acción,donación,nicaragua
Organización de las Naciones Unidas,secretario general,António Guterres,nicaragua
Organización de las Naciones Unidas,categoría para empleados de la organización,Categoría:Directivos de la Organización de las Naciones Unidas,nicaragua
Rivas,descrito en la fuente,Diccionario Enciclopédico Brockhaus y Efron,nicaragua
Rivas,capital de,Departamento de Rivas,nicaragua
Rivas,diferente de,Rivas,nicaragua
Presidente de Nicaragua,país,Nicaragua,nicaragua
Presidente de Nicaragua,instancia de,cargo público,nicaragua
Presidente de Nicaragua,subclase de,presidente,nicaragua
Presidente de Nicaragua,subclase de,jefe del Gobierno,nicaragua
Alajuela,país,Costa Rica,nicaragua
Alajuela,instancia de,ciudad,nicaragua
Alajuela,instancia de,distrito de Costa Rica,nicaragua
Alajuela,situado en la entidad territorial administrativa,Cantón de Alajuela,nicaragua
Alajuela,ciudad hermana,Hangzhou,nicaragua
Ciudad Darío,país,Nicaragua,nicaragua
Ciudad Darío,instancia de,municipio de Nicaragua,nicaragua
Ciudad Darío,situado en la entidad territorial administrativa,Departamento de Matagalpa,nicaragua
Azul...,instancia de,obra literaria,nicaragua
Azul...,autor,Rubén Darío,nicaragua
Azul...,género,poesía,nicaragua
Azul...,idioma de la obra o del nombre,español,nicaragua
Azul...,país de origen,Chile,nicaragua
cónsul,instancia de,rango diplomático,nicaragua
cónsul,instancia de,cargo,nicaragua
cónsul,subclase de,diplomático,nicaragua
cónsul,aplica a la jurisdicción,resto del mundo,nicaragua
sacerdote católico,instancia de,vocación católica,nicaragua
sacerdote católico,religión,catolicismo,nicaragua
sacerdote católico,religión,Iglesia católica,nicaragua
sacerdote católico,subclase de,sacerdote,nicaragua
sacerdote católico,subclase de,presbítero,nicaragua
obispo titular,instancia de,cargo,nicaragua
obispo titular,instancia de,cargo eclesiástico,nicaragua
obispo titular,instancia de,función episcopal,nicaragua
obispo titular,instancia de,vocación católica,nicaragua
obispo titular,subclase de,obispo católico,nicaragua
Orden El Sol del Perú,país,Perú,nicaragua
Orden El Sol del Perú,instancia de,orden estatal,nicaragua
Orden El Sol del Perú,fundador,José de San Martín,nicaragua
Orden El Sol del Perú,compuesto por,Comendador de la Orden del Sol del Perú,nicaragua
Orden El Sol del Perú,compuesto por,Gran Cruz de la Orden El Sol del Perú,nicaragua
actor,instancia de,profesión,nicaragua
actor,instancia de,ocupación,nicaragua
actor,instancia de,grupo de ocupaciones de la CIUO,nicaragua
actor,subclase de,artista escénico,nicaragua
Reino Unido,miembro de,Organización para la Cooperación y el Desarrollo Económico,nicaragua
Reino Unido,miembro de,Agencia Espacial Europea,nicaragua
Reino Unido,miembro de,Programa de exención de visa,nicaragua
Reino Unido,miembro de,Organización para la Seguridad y la Cooperación en Europa,nicaragua
Reino Unido,miembro de,Observatorio Europeo del Sur,nicaragua
Instituto de Estudios Políticos de París,país,Francia,nicaragua
Instituto de Estudios Políticos de París,instancia de,organización,nicaragua
Instituto de Estudios Políticos de París,instancia de,Gran Escuela,nicaragua
Instituto de Estudios Políticos de París,instancia de,universidad pública,nicaragua
Instituto de Estudios Políticos de París,instancia de,grand établissement,nicaragua
Premio Right Livelihood,país,Suecia,nicaragua
Premio Right Livelihood,instancia de,premio político,nicaragua
Premio Right Livelihood,fundador,Jakob von Uexkull,nicaragua
Premio Right Livelihood,categoría principal del tema,Categoría:Premio Right Livelihood,nicaragua
Premio Right Livelihood,conferido por,Right Livelihood Award Foundation,nicaragua
España,jefe de gobierno,Pedro Sánchez,nicaragua
España,continente,Europa,nicaragua
España,instancia de,país,nicaragua
España,instancia de,Estado nación,nicaragua
España,instancia de,reino,nicaragua
La mujer habitada,instancia de,obra literaria,nicaragua
La mujer habitada,autor,Gioconda Belli,nicaragua
La mujer habitada,idioma de la obra o del nombre,español,nicaragua
La mujer habitada,forma artística,novela,nicaragua
Academia Nicaragüense de la Lengua,país,Nicaragua,nicaragua
Academia Nicaragüense de la Lengua,instancia de,sociedad erudita,nicaragua
Academia Nicaragüense de la Lengua,industria,educación superior,nicaragua
Academia Nicaragüense de la Lengua,categoría principal del tema,Categoría:Miembros de la Academia Nicaragüense de la Lengua,nicaragua
monja,instancia de,ocupación religiosa,nicaragua
monja,subclase de,monje,nicaragua
monja,ámbito de la ocupación,monacato femenino,nicaragua
monja,opuesto a,monje,nicaragua
monja,prefijo honorífico,Hermana,nicaragua
Nindirí,país,Nicaragua,nicaragua
Nindirí,instancia de,municipio de Nicaragua,nicaragua
Nindirí,situado en la entidad territorial administrativa,Departamento de Masaya,nicaragua
Universidad de San Luis,país,Estados Unidos,nicaragua
Universidad de San Luis,instancia de,universidad,nicaragua
Universidad de San Luis,instancia de,edificio,nicaragua
Universidad de San Luis,instancia de,institución educativa privada sin fines de lucro,nicaragua
Universidad de San Luis,fundador,Compañía de Jesús,nicaragua
San Marcos,país,Nicaragua,nicaragua
San Marcos,instancia de,municipio de Nicaragua,nicaragua
San Marcos,situado en la entidad territorial administrativa,Departamento de Carazo,nicaragua
San Marcos,ciudad hermana,Jena,nicaragua
León,descrito en la fuente,Gran Enciclopedia Soviética (1926—1947),nicaragua
León,reemplaza a,Ruínas de León Viejo,nicaragua
León,capital de,Departamento de León,nicaragua
miembro de la Asamblea Nacional de Nicaragua,país,Nicaragua,nicaragua
miembro de la Asamblea Nacional de Nicaragua,instancia de,cargo,nicaragua
miembro de la Asamblea Nacional de Nicaragua,subclase de,parlamentario,nicaragua
miembro de la Asamblea Nacional de Nicaragua,forma parte de,Asamblea Nacional de Nicaragua,nicaragua
Niquinohomo,país,Nicaragua,nicaragua
Niquinohomo,instancia de,municipio de Nicaragua,nicaragua
Niquinohomo,situado en la entidad territorial administrativa,Departamento de Masaya,nicaragua
Niquinohomo,diferente de,Niquinohomo,nicaragua
Academia Militar de los Estados Unidos,país,Estados Unidos,nicaragua
Academia Militar de los Estados Unidos,instancia de,academia militar,nicaragua
Academia Militar de los Estados Unidos,instancia de,museo militar,nicaragua
Academia Militar de los Estados Unidos,instancia de,institución educativa pública de los Estados Unidos,nicaragua
Luis Enrique,Lugar de nacimiento,Somoto,nicaragua
Luis Enrique,Ocupación,compositor,nicaragua
Luis Enrique,Ciudadanía,Nicaragua,nicaragua
Luis Enrique,Miembro de,Salsa Giants,nicaragua
Luis Enrique,Premio recibido,premio Grammy al mejor álbum latino tropical,nicaragua
Luis Enrique,Fecha de nacimiento,1962-09-28,nicaragua
Luis Enrique,Ocupación,cantante,nicaragua
Luis Enrique,Ocupación,artista discográfico,nicaragua
Luis Enrique,Premio recibido,Premio Grammy latino por mejor álbum de salsa,nicaragua
Sebastián Uriza,Lugar de nacimiento,Bluefields,nicaragua
Sebastián Uriza,Ocupación,político,nicaragua
Sebastián Uriza,Ciudadanía,Nicaragua,nicaragua
Sebastián Uriza,Cargo,Presidente de Nicaragua,nicaragua
Sebastián Uriza,Fecha de nacimiento,1861-01-01,nicaragua
Sebastián Uriza,Fecha de defunción,2000-01-01,nicaragua
Evaristo Carazo,Lugar de nacimiento,Managua,nicaragua
Evaristo Carazo,Ocupación,político,nicaragua
Evaristo Carazo,Ciudadanía,Nicaragua,nicaragua
Evaristo Carazo,Cargo,Presidente de Nicaragua,nicaragua
Evaristo Carazo,Fecha de nacimiento,1821-10-24,nicaragua
Evaristo Carazo,Fecha de defunción,1889-08-01,nicaragua
David Nicolás Osorno,Lugar de nacimiento,Granada,nicaragua
David Nicolás Osorno,Ocupación,político,nicaragua
David Nicolás Osorno,Ciudadanía,Nicaragua,nicaragua
David Nicolás Osorno,Cargo,Presidente de Nicaragua,nicaragua
David Nicolás Osorno,Fecha de nacimiento,1850-01-01,nicaragua
Fernando Guzmán Solórzano,Lugar de nacimiento,Tipitapa,nicaragua
Fernando Guzmán Solórzano,Ocupación,político,nicaragua
Fernando Guzmán Solórzano,Ciudadanía,Nicaragua,nicaragua
Fernando Guzmán Solórzano,Cargo,Presidente de Nicaragua,nicaragua
Fernando Guzmán Solórzano,Fecha de nacimiento,1812-05-30,nicaragua
Fernando Guzmán Solórzano,Fecha de defunción,1891-10-19,nicaragua
Vicente Cuadra y Ruy Lugo,Lugar de nacimiento,Granada,nicaragua
Vicente Cuadra y Ruy Lugo,Ocupación,político,nicaragua
Vicente Cuadra y Ruy Lugo,Ciudadanía,Nicaragua,nicaragua
Vicente Cuadra y Ruy Lugo,Cargo,Presidente de Nicaragua,nicaragua
Vicente Cuadra y Ruy Lugo,Fecha de nacimiento,1812-07-25,nicaragua
Vicente Cuadra y Ruy Lugo,Fecha de defunción,1894-12-10,nicaragua
Arnoldo Alemán,Lugar de nacimiento,Managua,nicaragua
Arnoldo Alemán,Ocupación,abogado,nicaragua
Arnoldo Alemán,Ciudadanía,Nicaragua,nicaragua
Arnoldo Alemán,Educado en,Universidad Nacional Autónoma de Nicaragua,nicaragua
Arnoldo Alemán,Cargo,Presidente de Nicaragua,nicaragua
Arnoldo Alemán,Fecha de nacimiento,1946-01-23,nicaragua
Arnoldo Alemán,Ocupación,político,nicaragua
Arnoldo Alemán,Cargo,President of the National Assembly of Nicaragua,nicaragua
Florencio Xatruch,Ocupación,político,nicaragua
Florencio Xatruch,Ciudadanía,Honduras,nicaragua
Florencio Xatruch,Educado en,Universidad Nacional Autónoma de Nicaragua-León,nicaragua
Florencio Xatruch,Cargo,presidente de Honduras,nicaragua
Florencio Xatruch,Fecha de nacimiento,1811-10-21,nicaragua
Florencio Xatruch,Fecha de defunción,1893-02-15,nicaragua
Florencio Xatruch,Ciudadanía,Nicaragua,nicaragua
Carlos Fonseca Amador,Lugar de nacimiento,Matagalpa,nicaragua
Carlos Fonseca Amador,Ocupación,escritor,nicaragua
Carlos Fonseca Amador,Ciudadanía,Nicaragua,nicaragua
Carlos Fonseca Amador,Fecha de nacimiento,1936-06-23,nicaragua
Carlos Fonseca Amador,Fecha de defunción,1976-11-08,nicaragua
Carlos Fonseca Amador,Ocupación,político,nicaragua
Carlos Fonseca Amador,Ocupación,catedrático,nicaragua
Fabio Gadea,Lugar de nacimiento,Ocotal,nicaragua
Fabio Gadea,Ocupación,político,nicaragua
Fabio Gadea,Ciudadanía,Nicaragua,nicaragua
Fabio Gadea,Fecha de nacimiento,1931-11-09,nicaragua
Fabio Gadea,Ocupación,periodista,nicaragua
Adán Cárdenas,Lugar de nacimiento,Granada,nicaragua
Adán Cárdenas,Ocupación,político,nicaragua
Adán Cárdenas,Ciudadanía,Nicaragua,nicaragua
Adán Cárdenas,Educado en,Universidad de Pisa,nicaragua
Adán Cárdenas,Cargo,Presidente de Nicaragua,nicaragua
Adán Cárdenas,Fecha de nacimiento,1836-02-22,nicaragua
Adán Cárdenas,Fecha de defunción,1916-07-12,nicaragua
Máximo Jerez Tellería,Lugar de nacimiento,León,nicaragua
Máximo Jerez Tellería,Ocupación,diplomático,nicaragua
Máximo Jerez Tellería,Ciudadanía,Nicaragua,nicaragua
Máximo Jerez Tellería,Cargo,Presidente de Nicaragua,nicaragua
Máximo Jerez Tellería,Fecha de nacimiento,1818-06-06,nicaragua
Máximo Jerez Tellería,Fecha de defunción,1881-08-11,nicaragua
Máximo Jerez Tellería,Cargo,Comisionado para la Dieta de Nacaome,nicaragua
José Núñez,Lugar de nacimiento,Monumento Nacional Archipiélago de Solentiname,nicaragua
José Núñez,Ocupación,médico,nicaragua
José Núñez,Ciudadanía,Nicaragua,nicaragua
José Núñez,Cargo,Presidente de Nicaragua,nicaragua
José Núñez,Fecha de nacimiento,1800-01-01,nicaragua
José Núñez,Fecha de defunción,1880-03-05,nicaragua
José Núñez,Ocupación,político,nicaragua
José Núñez,Ocupación,profesor universitario,nicaragua
Rosalío Cortés,Lugar de nacimiento,Masaya,nicaragua
Rosalío Cortés,Ocupación,político,nicaragua
Rosalío Cortés,Ciudadanía,Nicaragua,nicaragua
Rosalío Cortés,Cargo,Presidente de Nicaragua,nicaragua
Rosalío Cortés,Fecha de nacimiento,1900-01-01,nicaragua
Rosalío Cortés,Fecha de defunción,1900-01-01,nicaragua
Benjamín Lacayo Sacasa,Lugar de nacimiento,Granada,nicaragua
Benjamín Lacayo Sacasa,Ocupación,político,nicaragua
Benjamín Lacayo Sacasa,Ciudadanía,Nicaragua,nicaragua
Benjamín Lacayo Sacasa,Cargo,Presidente de Nicaragua,nicaragua
Benjamín Lacayo Sacasa,Fecha de nacimiento,1893-06-27,nicaragua
Benjamín Lacayo Sacasa,Fecha de defunción,1959-04-04,nicaragua
Roberto Martínez Lacayo,Lugar de nacimiento,Managua,nicaragua
Roberto Martínez Lacayo,Ocupación,político,nicaragua
Roberto Martínez Lacayo,Ciudadanía,Nicaragua,nicaragua
Roberto Martínez Lacayo,Cargo,Presidente de Nicaragua,nicaragua
Roberto Martínez Lacayo,Fecha de nacimiento,1899-12-18,nicaragua
Roberto Martínez Lacayo,Fecha de defunción,1984-02-16,nicaragua
José María Guerrero,Lugar de nacimiento,León,nicaragua
José María Guerrero,Ocupación,abogado,nicaragua
José María Guerrero,Ciudadanía,Nicaragua,nicaragua
José María Guerrero,Cargo,Presidente de Nicaragua,nicaragua
José María Guerrero,Fecha de nacimiento,1799-01-01,nicaragua
José María Guerrero,Fecha de defunción,1852-01-01,nicaragua
José María Guerrero,Ocupación,político,nicaragua
José María Guerrero,Cargo,presidente de Honduras,nicaragua
Juan José Estrada Morales,Lugar de nacimiento,Managua,nicaragua
Juan José Estrada Morales,Ocupación,político,nicaragua
Juan José Estrada Morales,Ciudadanía,Nicaragua,nicaragua
Juan José Estrada Morales,Cargo,Presidente de Nicaragua,nicaragua
Juan José Estrada Morales,Fecha de nacimiento,1872-01-01,nicaragua
Juan José Estrada Morales,Fecha de defunción,1947-07-11,nicaragua
Justo Abaunza,Lugar de nacimiento,Nicoya,nicaragua
Justo Abaunza,Ocupación,político,nicaragua
Justo Abaunza,Ciudadanía,Nicaragua,nicaragua
Justo Abaunza,Cargo,Presidente de Nicaragua,nicaragua
Justo Abaunza,Fecha de nacimiento,1777-01-01,nicaragua
Justo Abaunza,Fecha de defunción,1873-01-01,nicaragua
Miguel Ramón Morales,Lugar de nacimiento,Capitanía general de Guatemala,nicaragua
Miguel Ramón Morales,Ocupación,político,nicaragua
Miguel Ramón Morales,Ciudadanía,Nicaragua,nicaragua
Miguel Ramón Morales,Cargo,Presidente de Nicaragua,nicaragua
Miguel Ramón Morales,Fecha de defunción,1855-01-01,nicaragua
Somoto,país,Nicaragua,nicaragua
Somoto,instancia de,ciudad,nicaragua
Somoto,instancia de,municipio de Nicaragua,nicaragua
Somoto,comparte fronteras con,San Marcos de Colón,nicaragua
Somoto,situado en la entidad territorial administrativa,Departamento de Madriz,nicaragua
compositor,instancia de,ocupación,nicaragua
compositor,instancia de,profesión musical,nicaragua
compositor,subclase de,autor,nicaragua
compositor,subclase de,músico,nicaragua
compositor,santo patrón,Cecilia de Roma,nicaragua
Salsa Giants,instancia de,grupo musical,nicaragua
Salsa Giants,caracterizado por,supergrupo,nicaragua
premio Grammy al mejor álbum latino tropical,país,Estados Unidos,nicaragua
premio Grammy al mejor álbum latino tropical,instancia de,categoría de un premio,nicaragua
premio Grammy al mejor álbum latino tropical,forma parte de,Premios Grammy,nicaragua
Managua,país,España,nicaragua
Managua,instancia de,villa romana,nicaragua
Managua,situado en la entidad territorial administrativa,Jaén,nicaragua
Tipitapa,país,Nicaragua,nicaragua
Tipitapa,instancia de,municipio de Nicaragua,nicaragua
Tipitapa,situado en la entidad territorial administrativa,Departamento de Managua,nicaragua
Tipitapa,ciudad hermana,Campi Bisenzio,nicaragua
Tipitapa,idioma de la obra o del nombre,español,nicaragua
abogado,instancia de,profesión jurídica,nicaragua
abogado,subclase de,jurista,nicaragua
abogado,santo patrón,Catalina de Alejandría,nicaragua
abogado,santo patrón,Alfonso María de Ligorio,nicaragua
abogado,santo patrón,Raimundo de Peñafort,nicaragua
Universidad Nacional Autónoma de Nicaragua,país,Nicaragua,nicaragua
Universidad Nacional Autónoma de Nicaragua,instancia de,universidad,nicaragua
Universidad Nacional Autónoma de Nicaragua,instancia de,editor de acceso abierto,nicaragua
Universidad Nacional Autónoma de Nicaragua,situado en la entidad territorial administrativa,Departamento de Managua,nicaragua
Universidad Nacional Autónoma de Nicaragua,miembro de,Consejo Superior Universitario Centroamericano,nicaragua
Honduras,país,Honduras,nicaragua
Honduras,jefe de gobierno,Xiomara Castro,nicaragua
Honduras,continente,América del Norte,nicaragua
Honduras,instancia de,país,nicaragua
Honduras,instancia de,estado soberano,nicaragua
Universidad Nacional Autónoma de Nicaragua-León,país,Nicaragua,nicaragua
Universidad Nacional Autónoma de Nicaragua-León,instancia de,universidad,nicaragua
Universidad Nacional Autónoma de Nicaragua-León,situado en la entidad territorial administrativa,León,nicaragua
Universidad Nacional Autónoma de Nicaragua-León,miembro de,Consejo Superior Universitario Centroamericano,nicaragua
Universidad Nacional Autónoma de Nicaragua-León,miembro de,Sistema Editorial Universitario Centroamericano,nicaragua
presidente de Honduras,país,Honduras,nicaragua
presidente de Honduras,instancia de,cargo público,nicaragua
presidente de Honduras,subclase de,presidente de la Republica,nicaragua
presidente de Honduras,subclase de,jefe del Gobierno,nicaragua
Matagalpa,país,Nicaragua,nicaragua
Matagalpa,instancia de,municipio de Nicaragua,nicaragua
Matagalpa,instancia de,gran ciudad,nicaragua
Matagalpa,situado en la entidad territorial administrativa,Departamento de Matagalpa,nicaragua
Matagalpa,ciudad hermana,Wuppertal,nicaragua
Ocotal,país,Nicaragua,nicaragua
Ocotal,instancia de,ciudad,nicaragua
Ocotal,instancia de,municipio de Nicaragua,nicaragua
Ocotal,situado en la entidad territorial administrativa,Departamento de Nueva Segovia,nicaragua
Ocotal,ciudad hermana,Wiesbaden,nicaragua
periodista,instancia de,profesión,nicaragua
periodista,instancia de,cargo,nicaragua
periodista,instancia de,ocupación,nicaragua
periodista,instancia de,grupo de ocupaciones de la CIUO,nicaragua
periodista,subclase de,autor,nicaragua
Universidad de Pisa,país,Italia,nicaragua
Universidad de Pisa,instancia de,organización,nicaragua
Universidad de Pisa,instancia de,archivo,nicaragua
Universidad de Pisa,instancia de,universidad pública,nicaragua
Universidad de Pisa,instancia de,editor de acceso abierto,nicaragua
diplomático,instancia de,profesión,nicaragua
diplomático,instancia de,título corporativo,nicaragua
diplomático,subclase de,estadista,nicaragua
diplomático,subclase de,alto cargo,nicaragua
diplomático,ámbito de la ocupación,diplomacia,nicaragua
Monumento Nacional Archipiélago de Solentiname,país,Nicaragua,nicaragua
Monumento Nacional Archipiélago de Solentiname,instancia de,área protegida,nicaragua
Monumento Nacional Archipiélago de Solentiname,instancia de,grupo de islas,nicaragua
Monumento Nacional Archipiélago de Solentiname,situado en la entidad territorial administrativa,Departamento de Río San Juan,nicaragua
Monumento Nacional Archipiélago de Solentiname,situado cerca del cuerpo de agua,Lago Cocibolca,nicaragua
médico,lista de interés para el proyecto Wikimedia,Wikipedia:Lista de artículos que toda Wikipedia debería tener/Expandida,nicaragua
médico,instancia de,profesión sanitaria,nicaragua
médico,instancia de,cargo,nicaragua
médico,instancia de,ocupación,nicaragua
Masaya,país,Nicaragua,nicaragua
Masaya,instancia de,municipio de Nicaragua,nicaragua
Masaya,instancia de,gran ciudad,nicaragua
Masaya,situado en la entidad territorial administrativa,Departamento de Masaya,nicaragua
Masaya,ciudad hermana,Dietzenbach,nicaragua
Nicoya,país,Costa Rica,nicaragua
Nicoya,instancia de,distrito de Costa Rica,nicaragua
Nicoya,situado en la entidad territorial administrativa,Cantón de Nicoya,nicaragua
Nicoya,capital de,Cantón de Nicoya,nicaragua
Capitanía general de Guatemala,país,Imperio Español,nicaragua
Capitanía general de Guatemala,continente,América del Norte,nicaragua
Capitanía general de Guatemala,instancia de,capitanía general del Imperio español,nicaragua
Capitanía general de Guatemala,capital,Ciudad de Guatemala,nicaragua
Capitanía general de Guatemala,capital,Antigua Guatemala,nicaragua
Mercedes Tenorio,Ocupación,político,nicaragua
Mercedes Tenorio,Ciudadanía,Nicaragua,nicaragua
Mercedes Tenorio,Fecha de nacimiento,1956-11-11,nicaragua
Miguel Ángel Sánchez López,Lugar de nacimiento,Somoto,nicaragua
Miguel Ángel Sánchez López,Ocupación,futbolista,nicaragua
Miguel Ángel Sánchez López,Ciudadanía,Nicaragua,nicaragua
Miguel Ángel Sánchez López,Fecha de nacimiento,1980-07-02,nicaragua
Milton Bustos,Lugar de nacimiento,Masaya,nicaragua
Milton Bustos,Ocupación,futbolista,nicaragua
Milton Bustos,Ciudadanía,Nicaragua,nicaragua
Milton Bustos,Fecha de nacimiento,1982-04-19,nicaragua
Yolanda Blanco,Lugar de nacimiento,Managua,nicaragua
Yolanda Blanco,Ocupación,escritor,nicaragua
Yolanda Blanco,Ciudadanía,Nicaragua,nicaragua
Yolanda Blanco,Fecha de nacimiento,1954-11-01,nicaragua
Yolanda Blanco,Ocupación,poeta,nicaragua
Yolanda Blanco,Ocupación,traductor,nicaragua
Nicarao,Ocupación,cacique,nicaragua
Nicarao,Ciudadanía,España,nicaragua
Nicarao,Fecha de nacimiento,1485-01-01,nicaragua
Nicarao,Fecha de defunción,1540-01-01,nicaragua
Nicarao,Ocupación,comandante,nicaragua
Nicarao,Fecha de nacimiento,1500-01-01,nicaragua
Nicarao,Fecha de defunción,1600-01-01,nicaragua
Nicarao,Ciudadanía,Nicaragua,nicaragua
Norfran Lazo,Lugar de nacimiento,Ticuantepe,nicaragua
Norfran Lazo,Ocupación,futbolista,nicaragua
Norfran Lazo,Ciudadanía,Nicaragua,nicaragua
Norfran Lazo,Fecha de nacimiento,1990-09-08,nicaragua
Omar Núñez,Ocupación,nadador,nicaragua
Omar Núñez,Ciudadanía,Nicaragua,nicaragua
Omar Núñez,Fecha de nacimiento,1983-12-12,nicaragua
Orlando Vásquez,Ocupación,deportista,nicaragua
Orlando Vásquez,Ciudadanía,Nicaragua,nicaragua
Orlando Vásquez,Fecha de nacimiento,1969-03-13,nicaragua
Oscar Danilo Blandón,Lugar de nacimiento,Managua,nicaragua
Oscar Danilo Blandón,Ocupación,político,nicaragua
Oscar Danilo Blandón,Ciudadanía,Nicaragua,nicaragua
Oscar Danilo Blandón,Fecha de nacimiento,1952-01-01,nicaragua
Oscar Danilo Blandón,Ocupación,narcotraficante,nicaragua
Oswaldo Mairena,Lugar de nacimiento,Chinandega,nicaragua
Oswaldo Mairena,Ocupación,beisbolista,nicaragua
Oswaldo Mairena,Ciudadanía,Nicaragua,nicaragua
Oswaldo Mairena,Fecha de nacimiento,1974-06-30,nicaragua
Oswaldo Mairena,Fecha de nacimiento,1975-07-30,nicaragua
Pedro Miguel Arce,Lugar de nacimiento,Managua,nicaragua
Pedro Miguel Arce,Ocupación,actor,nicaragua
Pedro Miguel Arce,Ciudadanía,Nicaragua,nicaragua
Pedro Miguel Arce,Educado en,Universidad de Toronto,nicaragua
Pedro Miguel Arce,Fecha de nacimiento,1976-06-17,nicaragua
Pedro Miguel Arce,Fecha de defunción,2022-01-01,nicaragua
Pedro Miguel Arce,Ocupación,actor de televisión,nicaragua
Ramiro Ortiz,Ocupación,empresario,nicaragua
Ramiro Ortiz,Ciudadanía,Nicaragua,nicaragua
Ramiro Ortiz,Fecha de nacimiento,1947-01-01,nicaragua
Ramón Otoniel Olivas,Lugar de nacimiento,Estelí,nicaragua
Ramón Otoniel Olivas,Ocupación,entrenador,nicaragua
Ramón Otoniel Olivas,Ciudadanía,Nicaragua,nicaragua
Ramón Otoniel Olivas,Fecha de nacimiento,1958-12-10,nicaragua
Ramón Otoniel Olivas,Ocupación,futbolista,nicaragua
Ramón Otoniel Olivas,Fecha de nacimiento,1968-02-28,nicaragua
Raúl Leguías,Lugar de nacimiento,Ciudad de Colón,nicaragua
Raúl Leguías,Ocupación,futbolista,nicaragua
Raúl Leguías,Ciudadanía,Nicaragua,nicaragua
Raúl Leguías,Fecha de nacimiento,1981-10-09,nicaragua
Raúl Leguías,Fecha de nacimiento,1982-10-09,nicaragua
Roger Mejía,Lugar de nacimiento,Managua,nicaragua
Roger Mejía,Ocupación,futbolista,nicaragua
Roger Mejía,Ciudadanía,Nicaragua,nicaragua
Roger Mejía,Fecha de nacimiento,1984-04-30,nicaragua
Roger Mejía,Fecha de nacimiento,1986-04-30,nicaragua
Rudel Calero,Lugar de nacimiento,Bluefields,nicaragua
Rudel Calero,Ocupación,futbolista,nicaragua
Rudel Calero,Ciudadanía,Nicaragua,nicaragua
Rudel Calero,Fecha de nacimiento,1982-12-20,nicaragua
Salvador Dubois,Lugar de nacimiento,La Libertad,nicaragua
Salvador Dubois,Ocupación,entrenador,nicaragua
Salvador Dubois,Ciudadanía,Nicaragua,nicaragua
Salvador Dubois,Fecha de nacimiento,1939-08-16,nicaragua
Salvador Dubois,Fecha de defunción,2015-07-11,nicaragua
Salvador Dubois,Ocupación,futbolista,nicaragua
Víctor Webster,Lugar de nacimiento,Diriamba,nicaragua
Víctor Webster,Ocupación,futbolista,nicaragua
Víctor Webster,Ciudadanía,Nicaragua,nicaragua
Víctor Webster,Fecha de nacimiento,1958-01-10,nicaragua
Walter Martínez,Ocupación,deportista,nicaragua
Walter Martínez,Ciudadanía,Nicaragua,nicaragua
Walter Martínez,Fecha de nacimiento,1967-12-14,nicaragua
Walter Martínez,Ocupación,tirador,nicaragua
Wilber Sánchez,Lugar de nacimiento,Managua,nicaragua
Wilber Sánchez,Ocupación,futbolista,nicaragua
Wilber Sánchez,Ciudadanía,Nicaragua,nicaragua
Wilber Sánchez,Fecha de nacimiento,1979-10-20,nicaragua
Wilber Sánchez,Fecha de nacimiento,1979-10-24,nicaragua
futbolista,instancia de,profesión,nicaragua
futbolista,instancia de,ocupación,nicaragua
futbolista,subclase de,jugador competitivo,nicaragua
futbolista,subclase de,Jugador de fútbol,nicaragua
poeta,instancia de,profesión,nicaragua
poeta,subclase de,escritor,nicaragua
poeta,ámbito de la ocupación,poesía,nicaragua
poeta,categoría principal del tema,Categoría:Poetas,nicaragua
cacique,país,Brasil,nicaragua
cacique,país,Imperio Español,nicaragua
cacique,instancia de,cargo,nicaragua
cacique,instancia de,ocupación,nicaragua
cacique,subclase de,político,nicaragua
comandante,instancia de,cargo,nicaragua
comandante,subclase de,jefe tribal,nicaragua
comandante,subclase de,líder militar,nicaragua
Ticuantepe,país,Nicaragua,nicaragua
Ticuantepe,instancia de,municipio de Nicaragua,nicaragua
Ticuantepe,situado en la entidad territorial administrativa,Departamento de Managua,nicaragua
nadador,instancia de,ocupación,nicaragua
nadador,subclase de,deportista,nicaragua
nadador,ámbito de la ocupación,natación,nicaragua
deportista,instancia de,profesión,nicaragua
deportista,instancia de,ocupación,nicaragua
deportista,subclase de,personalidad del deporte,nicaragua
deportista,santo patrón,Sebastián de Milán,nicaragua
deportista,ámbito de la ocupación,deporte,nicaragua
narcotraficante,instancia de,ocupación,nicaragua
narcotraficante,subclase de,contrabandista,nicaragua
narcotraficante,ámbito de la ocupación,narcotráfico,nicaragua
narcotraficante,categoría principal del tema,Categoría:Narcotraficantes,nicaragua
narcotraficante,diferente de,dealer,nicaragua
Chinandega,país,Nicaragua,nicaragua
Chinandega,instancia de,municipio de Nicaragua,nicaragua
Chinandega,instancia de,gran ciudad,nicaragua
Chinandega,situado en la entidad territorial administrativa,Departamento de Chinandega,nicaragua
Chinandega,ciudad hermana,Leverkusen,nicaragua
beisbolista,instancia de,profesión,nicaragua
beisbolista,subclase de,deportista,nicaragua
beisbolista,subclase de,jugador competitivo,nicaragua
beisbolista,ámbito de la ocupación,béisbol,nicaragua
beisbolista,ámbito de la ocupación,béisbol femenino,nicaragua
Universidad de Toronto,filial,Knox College,nicaragua
empresario,instancia de,profesión,nicaragua
empresario,instancia de,persona jurídica,nicaragua
empresario,instancia de,ocupación,nicaragua
empresario,instancia de,concepto económico,nicaragua
entrenador,instancia de,profesión,nicaragua
entrenador,instancia de,ocupación,nicaragua
entrenador,ámbito de la ocupación,fútbol,nicaragua
entrenador,deporte,fútbol,nicaragua
Ciudad de Colón,jefe de gobierno,Federico Policani,nicaragua
Ciudad de Colón,país,Panamá,nicaragua
Ciudad de Colón,instancia de,ciudad,nicaragua
Ciudad de Colón,instancia de,gran ciudad,nicaragua
Ciudad de Colón,situado en la entidad territorial administrativa,Provincia de Colón,nicaragua
La Libertad,país,Nicaragua,nicaragua
La Libertad,instancia de,municipio de Nicaragua,nicaragua
La Libertad,situado en la entidad territorial administrativa,Departamento de Chontales,nicaragua
Diriamba,país,Nicaragua,nicaragua
Diriamba,instancia de,municipio de Nicaragua,nicaragua
Diriamba,situado en la entidad territorial administrativa,Departamento de Carazo,nicaragua
Diriamba,diferente de,Diriamba,nicaragua
tirador,instancia de,profesión,nicaragua
tirador,subclase de,deportista,nicaragua
tirador,subclase de,tirador,nicaragua
tirador,ámbito de la ocupación,tiro deportivo,nicaragua
tirador,ámbito de la ocupación,Tiro Práctico,nicaragua
Román González,Lugar de nacimiento,Managua,nicaragua
Román González,Ocupación,boxeador,nicaragua
Román González,Ciudadanía,Nicaragua,nicaragua
Román González,Fecha de nacimiento,1987-06-17,nicaragua
Alfonso Lovo Cordero,Lugar de nacimiento,Danlí,nicaragua
Alfonso Lovo Cordero,Ocupación,político,nicaragua
Alfonso Lovo Cordero,Ciudadanía,Nicaragua,nicaragua
Alfonso Lovo Cordero,Fecha de nacimiento,1927-06-11,nicaragua
Alfonso Lovo Cordero,Fecha de defunción,2018-05-10,nicaragua
Miguel Larreynaga,Lugar de nacimiento,Telica,nicaragua
Miguel Larreynaga,Ocupación,escritor,nicaragua
Miguel Larreynaga,Ciudadanía,Nicaragua,nicaragua
Miguel Larreynaga,Fecha de nacimiento,1771-01-01,nicaragua
Miguel Larreynaga,Fecha de defunción,1847-01-01,nicaragua
Miguel Larreynaga,Ocupación,abogado,nicaragua
Miguel Larreynaga,Ocupación,poeta,nicaragua
Miguel Larreynaga,Ocupación,político,nicaragua
Miguel Larreynaga,Ocupación,filósofo,nicaragua
Miguel Larreynaga,Fecha de nacimiento,1772-09-29,nicaragua
Miguel Larreynaga,Fecha de defunción,1847-04-28,nicaragua
Adolfo Calero,Lugar de nacimiento,Managua,nicaragua
Adolfo Calero,Ocupación,empresario,nicaragua
Adolfo Calero,Ciudadanía,Nicaragua,nicaragua
Adolfo Calero,Educado en,Universidad de Notre Dame,nicaragua
Adolfo Calero,Fecha de nacimiento,1931-12-22,nicaragua
Adolfo Calero,Fecha de defunción,2012-06-02,nicaragua
Adolfo Calero,Ocupación,político,nicaragua
Adolfo Calero,Educado en,Universidad de Siracusa,nicaragua
Alejandro Arostegui,Lugar de nacimiento,Bluefields,nicaragua
Alejandro Arostegui,Ocupación,pintor,nicaragua
Alejandro Arostegui,Ciudadanía,Nicaragua,nicaragua
Alejandro Arostegui,Fecha de nacimiento,1935-07-04,nicaragua
Marianela Lacayo,Lugar de nacimiento,Managua,nicaragua
Marianela Lacayo,Ocupación,modelo,nicaragua
Marianela Lacayo,Ciudadanía,Nicaragua,nicaragua
Marianela Lacayo,Fecha de nacimiento,1981-03-20,nicaragua
Marianela Lacayo,Ocupación,image consulting,nicaragua
Jorge Navas Cordonero,Lugar de nacimiento,Granada,nicaragua
Jorge Navas Cordonero,Ocupación,escultor,nicaragua
Jorge Navas Cordonero,Ciudadanía,Nicaragua,nicaragua
Jorge Navas Cordonero,Fecha de nacimiento,1874-06-11,nicaragua
Jorge Navas Cordonero,Fecha de defunción,1968-08-14,nicaragua
Lizandro Chávez Alfaro,Lugar de nacimiento,Bluefields,nicaragua
Lizandro Chávez Alfaro,Ocupación,escritor,nicaragua
Lizandro Chávez Alfaro,Ciudadanía,Nicaragua,nicaragua
Lizandro Chávez Alfaro,Miembro de,Academia Nicaragüense de la Lengua,nicaragua
Lizandro Chávez Alfaro,Fecha de nacimiento,1929-01-01,nicaragua
Lizandro Chávez Alfaro,Fecha de defunción,2006-04-06,nicaragua
Lizandro Chávez Alfaro,Ocupación,poeta,nicaragua
Lizandro Chávez Alfaro,Fecha de defunción,2006-04-09,nicaragua
Dennis Martínez,Lugar de nacimiento,Granada,nicaragua
Dennis Martínez,Ocupación,beisbolista,nicaragua
Dennis Martínez,Ciudadanía,Nicaragua,nicaragua
Dennis Martínez,Premio recibido,Canadian Baseball Hall of Fame,nicaragua
Dennis Martínez,Fecha de nacimiento,1955-05-14,nicaragua
Vicente Padilla,Lugar de nacimiento,Chinandega,nicaragua
Vicente Padilla,Ocupación,beisbolista,nicaragua
Vicente Padilla,Ciudadanía,Nicaragua,nicaragua
Vicente Padilla,Fecha de nacimiento,1977-09-27,nicaragua
Rosario Murillo,Lugar de nacimiento,Managua,nicaragua
Rosario Murillo,Ocupación,escritor,nicaragua
Rosario Murillo,Ciudadanía,Nicaragua,nicaragua
Rosario Murillo,Educado en,Universidad Nacional Autónoma de Nicaragua,nicaragua
Rosario Murillo,Cargo,Presidente de Nicaragua,nicaragua
Rosario Murillo,Premio recibido,Orden de la Amistad,nicaragua
Rosario Murillo,Fecha de nacimiento,1951-06-22,nicaragua
Rosario Murillo,Ocupación,poeta,nicaragua
Rosario Murillo,Ocupación,político,nicaragua
Rosario Murillo,Cargo,vicepresidente de Nicaragua,nicaragua
Rosario Murillo,Cargo,miembro de la Asamblea Nacional de Nicaragua,nicaragua
Eddie Gazo,Lugar de nacimiento,San Lorenzo,nicaragua
Eddie Gazo,Ocupación,boxeador,nicaragua
Eddie Gazo,Ciudadanía,Nicaragua,nicaragua
Eddie Gazo,Fecha de nacimiento,1950-09-12,nicaragua
Eddie Gazo,Fecha de defunción,2023-09-19,nicaragua
Edgardo Rosales,Ocupación,músico,nicaragua
Edgardo Rosales,Ciudadanía,Nicaragua,nicaragua
Edgardo Rosales,Fecha de nacimiento,1953-01-01,nicaragua
Eduardo Montealegre,Lugar de nacimiento,Managua,nicaragua
Eduardo Montealegre,Ocupación,político,nicaragua
Eduardo Montealegre,Ciudadanía,Nicaragua,nicaragua
Eduardo Montealegre,Educado en,Universidad Brown,nicaragua
Eduardo Montealegre,Cargo,miembro de la Asamblea Nacional de Nicaragua,nicaragua
Eduardo Montealegre,Premio recibido,Orden Nacional José Matías Delgado,nicaragua
Eduardo Montealegre,Fecha de nacimiento,1955-05-09,nicaragua
Eduardo Montealegre,Educado en,Escuela de Negocios Harvard,nicaragua
Erasmo Ramírez,Lugar de nacimiento,Rivas,nicaragua
Erasmo Ramírez,Ocupación,beisbolista,nicaragua
Erasmo Ramírez,Ciudadanía,Nicaragua,nicaragua
Erasmo Ramírez,Fecha de nacimiento,1990-05-02,nicaragua
Everth Cabrera,Lugar de nacimiento,Nandaime,nicaragua
Everth Cabrera,Ocupación,beisbolista,nicaragua
Everth Cabrera,Ciudadanía,Nicaragua,nicaragua
Everth Cabrera,Fecha de nacimiento,1986-11-17,nicaragua
Osmar Bravo,Lugar de nacimiento,Nueva Guinea,nicaragua
Osmar Bravo,Ocupación,boxeador,nicaragua
Osmar Bravo,Ciudadanía,Nicaragua,nicaragua
Osmar Bravo,Fecha de nacimiento,1984-11-01,nicaragua
Juan Miguel Zeledón,Lugar de nacimiento,Nicaragua,nicaragua
Juan Miguel Zeledón,Ocupación,atleta,nicaragua
Juan Miguel Zeledón,Ciudadanía,Nicaragua,nicaragua
Juan Miguel Zeledón,Fecha de nacimiento,1985-12-30,nicaragua
Wilton López,Lugar de nacimiento,León,nicaragua
Wilton López,Ocupación,beisbolista,nicaragua
Wilton López,Ciudadanía,Nicaragua,nicaragua
Wilton López,Fecha de nacimiento,1983-07-19,nicaragua
Adriana Dorn,Lugar de nacimiento,Managua,nicaragua
Adriana Dorn,Ocupación,modelo,nicaragua
Adriana Dorn,Ciudadanía,Nicaragua,nicaragua
Adriana Dorn,Educado en,Universidad Estatal de Pensilvania,nicaragua
Adriana Dorn,Fecha de nacimiento,1986-12-30,nicaragua
Adriana Dorn,Ocupación,participante en concursos de belleza,nicaragua
boxeador,instancia de,profesión,nicaragua
boxeador,subclase de,deportista,nicaragua
boxeador,subclase de,artista marcial,nicaragua
boxeador,ámbito de la ocupación,boxeo,nicaragua
boxeador,ámbito de la ocupación,boxeo aficionado,nicaragua
Danlí,país,Honduras,nicaragua
Danlí,instancia de,municipio de Honduras,nicaragua
Danlí,situado en la entidad territorial administrativa,Departamento de El Paraíso,nicaragua
Telica,país,Nicaragua,nicaragua
Telica,instancia de,municipio de Nicaragua,nicaragua
Telica,situado en la entidad territorial administrativa,Departamento de León,nicaragua
Telica,diferente de,Telica,nicaragua
Universidad de Notre Dame,país,Estados Unidos,nicaragua
Universidad de Notre Dame,instancia de,universidad católica,nicaragua
Universidad de Notre Dame,instancia de,universidad privada,nicaragua
Universidad de Notre Dame,instancia de,institución educativa privada sin fines de lucro,nicaragua
Universidad de Notre Dame,instancia de,editor de acceso abierto,nicaragua
pintor,instancia de,ocupación,nicaragua
pintor,instancia de,profesión artística,nicaragua
pintor,subclase de,artista visual,nicaragua
pintor,santo patrón,Lucas el Evangelista,nicaragua
pintor,ámbito de la ocupación,pintura,nicaragua
modelo,instancia de,profesión,nicaragua
modelo,subclase de,profesional de la moda,nicaragua
modelo,ámbito de la ocupación,modelaje,nicaragua
modelo,categoría principal del tema,Categoría:Modelos,nicaragua
escultor,instancia de,profesión artística,nicaragua
escultor,subclase de,artesano,nicaragua
escultor,subclase de,artista visual,nicaragua
escultor,subclase de,artista plástico,nicaragua
escultor,ámbito de la ocupación,escultura,nicaragua
San Lorenzo,país,Nicaragua,nicaragua
San Lorenzo,instancia de,municipio de Nicaragua,nicaragua
San Lorenzo,situado en la entidad territorial administrativa,Departamento de Boaco,nicaragua
San Lorenzo,diferente de,San Lorenzo,nicaragua
músico,instancia de,ocupación,nicaragua
músico,instancia de,profesión musical,nicaragua
músico,ocupación,pintor,nicaragua
músico,subclase de,artista,nicaragua
músico,ámbito de la ocupación,música,nicaragua
Universidad Brown,país,Estados Unidos,nicaragua
Universidad Brown,instancia de,universidad privada,nicaragua
Universidad Brown,instancia de,Colegios coloniales,nicaragua
Universidad Brown,instancia de,universidad de investigación,nicaragua
Universidad Brown,instancia de,institución educativa privada sin fines de lucro,nicaragua
Nandaime,país,Nicaragua,nicaragua
Nandaime,instancia de,municipio de Nicaragua,nicaragua
Nandaime,situado en la entidad territorial administrativa,Departamento de Granada,nicaragua
Nandaime,diferente de,Nandaime,nicaragua
Nueva Guinea,país,Nicaragua,nicaragua
Nueva Guinea,instancia de,municipio de Nicaragua,nicaragua
Nueva Guinea,situado en la entidad territorial administrativa,Región Autónoma de la Costa Caribe Sur,nicaragua
Nueva Guinea,ciudad hermana,Sint-Truiden,nicaragua
atleta,instancia de,ocupación,nicaragua
atleta,subclase de,deportista,nicaragua
atleta,ámbito de la ocupación,atletismo,nicaragua
atleta,ámbito de la ocupación,Máster,nicaragua
atleta,ámbito de la ocupación,atletismo de pista y campo,nicaragua
Samuel Wilson,Lugar de nacimiento,Chinandega,nicaragua
Samuel Wilson,Ocupación,futbolista,nicaragua
Samuel Wilson,Ciudadanía,Nicaragua,nicaragua
Samuel Wilson,Fecha de nacimiento,1983-04-04,nicaragua
Mauricio Funes,Lugar de nacimiento,San Salvador,nicaragua
Mauricio Funes,Ocupación,político,nicaragua
Mauricio Funes,Ciudadanía,El Salvador,nicaragua
Mauricio Funes,Educado en,Universidad Centroamericana José Simeón Cañas,nicaragua
Mauricio Funes,Cargo,presidente de El Salvador,nicaragua
Mauricio Funes,Premio recibido,Premio María Moors Cabot,nicaragua
Mauricio Funes,Fecha de nacimiento,1959-10-18,nicaragua
Mauricio Funes,Fecha de defunción,2025-01-21,nicaragua
Mauricio Funes,Ocupación,periodista,nicaragua
Mauricio Funes,Ciudadanía,Nicaragua,nicaragua
Daniel Ortega,Lugar de nacimiento,La Libertad,nicaragua
Daniel Ortega,Ocupación,escritor,nicaragua
Daniel Ortega,Ciudadanía,Nicaragua,nicaragua
Daniel Ortega,Educado en,Universidad Rusa de la Amistad de los Pueblos,nicaragua
Daniel Ortega,Cargo,Presidente de Nicaragua,nicaragua
Daniel Ortega,Premio recibido,Orden de Süjbaatar,nicaragua
Daniel Ortega,Fecha de nacimiento,1945-11-11,nicaragua
Daniel Ortega,Ocupación,político,nicaragua
Daniel Ortega,Premio recibido,Orden de la Amistad,nicaragua
Daniel Ortega,Premio recibido,Orden El Sol del Perú,nicaragua
Daniel Ortega,Premio recibido,Premio Internacional Gadafi de los Derechos Humanos,nicaragua
Daniel Ortega,Premio recibido,Orden Nacional José Martí,nicaragua
Daniel Ortega,Premio recibido,Orden de la Independencia Cultural Rubén Darío,nicaragua
Daniel Ortega,Premio recibido,Orden de Uatsamonga,nicaragua
Daniel Ortega,Premio recibido,orden del honor y la gloria,nicaragua
Daniel Ortega,Premio recibido,Orden Augusto César Sandino,nicaragua
Daniel Ortega,Premio recibido,Order of Honor and Glory First Class,nicaragua
Samuel Santos López,Lugar de nacimiento,Managua,nicaragua
Samuel Santos López,Ocupación,político,nicaragua
Samuel Santos López,Ciudadanía,Nicaragua,nicaragua
Samuel Santos López,Cargo,Minister of Foreign Affairs,nicaragua
Samuel Santos López,Fecha de nacimiento,1938-12-13,nicaragua
Samuel Santos López,Ocupación,diplomático,nicaragua
Philip Agee,Lugar de nacimiento,condado de Alachua,nicaragua
Philip Agee,Ocupación,alertador,nicaragua
Philip Agee,Ciudadanía,Estados Unidos,nicaragua
Philip Agee,Educado en,Universidad de Notre Dame,nicaragua
Philip Agee,Empleador,Agencia Central de Inteligencia,nicaragua
Philip Agee,Fecha de nacimiento,1935-07-19,nicaragua
Philip Agee,Fecha de defunción,2008-01-07,nicaragua
Philip Agee,Ocupación,escritor,nicaragua
Philip Agee,Ocupación,emprendedor,nicaragua
Philip Agee,Ocupación,agente de inteligencia,nicaragua
Philip Agee,Ciudadanía,Alemania,nicaragua
Philip Agee,Ciudadanía,Granada,nicaragua
Philip Agee,Ciudadanía,Nicaragua,nicaragua
Philip Agee,Educado en,Universidad de la Florida,nicaragua
Philip Agee,Educado en,Jesuit High School,nicaragua
Evaristo Rocha,Ocupación,político,nicaragua
Evaristo Rocha,Ciudadanía,Nicaragua,nicaragua
Evaristo Rocha,Cargo,Presidente de Nicaragua,nicaragua
Evaristo Rocha,Fecha de nacimiento,1800-01-01,nicaragua
Evaristo Rocha,Fecha de defunción,1900-01-01,nicaragua
Manuel Antonio Blas Sáenz,Lugar de nacimiento,Rivas,nicaragua
Manuel Antonio Blas Sáenz,Ocupación,político,nicaragua
Manuel Antonio Blas Sáenz,Ciudadanía,Nicaragua,nicaragua
Manuel Antonio Blas Sáenz,Cargo,Presidente de Nicaragua,nicaragua
Manuel Antonio Blas Sáenz,Fecha de nacimiento,1800-01-01,nicaragua
Manuel Antonio Blas Sáenz,Fecha de defunción,1900-01-01,nicaragua
Norberto Ramírez,Lugar de nacimiento,León,nicaragua
Norberto Ramírez,Ocupación,abogado,nicaragua
Norberto Ramírez,Ciudadanía,Nicaragua,nicaragua
Norberto Ramírez,Cargo,Presidente de Nicaragua,nicaragua
Norberto Ramírez,Fecha de nacimiento,1800-01-01,nicaragua
Norberto Ramírez,Fecha de defunción,1856-07-11,nicaragua
Norberto Ramírez,Ocupación,político,nicaragua
Norberto Ramírez,Cargo,jefe supremo del Estado de El Salvador,nicaragua
José de Jesús Alfaro,Ocupación,político,nicaragua
José de Jesús Alfaro,Ciudadanía,Nicaragua,nicaragua
José de Jesús Alfaro,Cargo,Presidente de Nicaragua,nicaragua
José de Jesús Alfaro,Fecha de nacimiento,1800-01-01,nicaragua
José de Jesús Alfaro,Fecha de defunción,1855-01-01,nicaragua
Fernando Agüero Rocha,Lugar de nacimiento,Managua,nicaragua
Fernando Agüero Rocha,Ocupación,político,nicaragua
Fernando Agüero Rocha,Ciudadanía,Nicaragua,nicaragua
Fernando Agüero Rocha,Cargo,Presidente de Nicaragua,nicaragua
Fernando Agüero Rocha,Fecha de nacimiento,1917-06-11,nicaragua
Fernando Agüero Rocha,Fecha de defunción,2011-09-28,nicaragua
Salvador Machado,Lugar de nacimiento,Ocotal,nicaragua
Salvador Machado,Ocupación,político,nicaragua
Salvador Machado,Ciudadanía,Nicaragua,nicaragua
Salvador Machado,Cargo,Presidente de Nicaragua,nicaragua
Salvador Machado,Fecha de nacimiento,1900-01-01,nicaragua
Salvador Machado,Fecha de defunción,1925-01-01,nicaragua
José Madriz Rodríguez,Lugar de nacimiento,León,nicaragua
José Madriz Rodríguez,Ocupación,político,nicaragua
José Madriz Rodríguez,Ciudadanía,Nicaragua,nicaragua
José Madriz Rodríguez,Cargo,Presidente de Nicaragua,nicaragua
José Madriz Rodríguez,Fecha de nacimiento,1860-07-21,nicaragua
José Madriz Rodríguez,Fecha de defunción,1911-05-14,nicaragua
Lorenzo Guerrero Gutiérrez,Lugar de nacimiento,Granada,nicaragua
Lorenzo Guerrero Gutiérrez,Ocupación,político,nicaragua
Lorenzo Guerrero Gutiérrez,Ciudadanía,Nicaragua,nicaragua
Lorenzo Guerrero Gutiérrez,Cargo,Presidente de Nicaragua,nicaragua
Lorenzo Guerrero Gutiérrez,Premio recibido,Gran Cruz de la Orden de Isabel la Católica,nicaragua
Lorenzo Guerrero Gutiérrez,Fecha de nacimiento,1900-11-13,nicaragua
Lorenzo Guerrero Gutiérrez,Fecha de defunción,1981-04-15,nicaragua
Lorenzo Guerrero Gutiérrez,Premio recibido,Gran Cruz de la Orden El Sol del Perú,nicaragua
José León Sandoval,Lugar de nacimiento,Granada,nicaragua
José León Sandoval,Ocupación,político,nicaragua
José León Sandoval,Ciudadanía,Nicaragua,nicaragua
José León Sandoval,Cargo,Presidente de Nicaragua,nicaragua
José León Sandoval,Fecha de nacimiento,1789-01-01,nicaragua
José León Sandoval,Fecha de defunción,1854-01-01,nicaragua
Silvestre Selva,Lugar de nacimiento,Granada,nicaragua
Silvestre Selva,Ocupación,político,nicaragua
Silvestre Selva,Ciudadanía,Nicaragua,nicaragua
Silvestre Selva,Cargo,Presidente de Nicaragua,nicaragua
Silvestre Selva,Fecha de nacimiento,1777-01-01,nicaragua
Silvestre Selva,Fecha de defunción,1855-12-31,nicaragua
Silvestre Selva,Lugar de nacimiento,León,nicaragua
Pedro Joaquín Chamorro y Alfaro,Lugar de nacimiento,Granada,nicaragua
Pedro Joaquín Chamorro y Alfaro,Ocupación,político,nicaragua
Pedro Joaquín Chamorro y Alfaro,Ciudadanía,Nicaragua,nicaragua
Pedro Joaquín Chamorro y Alfaro,Cargo,Presidente de Nicaragua,nicaragua
Pedro Joaquín Chamorro y Alfaro,Fecha de nacimiento,1818-06-21,nicaragua
Pedro Joaquín Chamorro y Alfaro,Fecha de defunción,1890-06-07,nicaragua
Tomás Martínez,Lugar de nacimiento,Nagarote,nicaragua
Tomás Martínez,Ocupación,político,nicaragua
Tomás Martínez,Ciudadanía,Nicaragua,nicaragua
Tomás Martínez,Cargo,Presidente de Nicaragua,nicaragua
Tomás Martínez,Fecha de nacimiento,1820-12-21,nicaragua
Tomás Martínez,Fecha de defunción,1873-03-12,nicaragua
Pablo Buitrago y Benavente,Lugar de nacimiento,Granada,nicaragua
Pablo Buitrago y Benavente,Ocupación,político,nicaragua
Pablo Buitrago y Benavente,Ciudadanía,Nicaragua,nicaragua
Pablo Buitrago y Benavente,Cargo,Presidente de Nicaragua,nicaragua
Pablo Buitrago y Benavente,Fecha de nacimiento,1800-01-01,nicaragua
Pablo Buitrago y Benavente,Fecha de defunción,1882-01-01,nicaragua
Leonardo Argüello Barreto,Lugar de nacimiento,León,nicaragua
Leonardo Argüello Barreto,Ocupación,escritor,nicaragua
Leonardo Argüello Barreto,Ciudadanía,Nicaragua,nicaragua
Leonardo Argüello Barreto,Cargo,Presidente de Nicaragua,nicaragua
Leonardo Argüello Barreto,Fecha de nacimiento,1875-08-29,nicaragua
Leonardo Argüello Barreto,Fecha de defunción,1947-12-15,nicaragua
Leonardo Argüello Barreto,Ocupación,político,nicaragua
Luis Enrique Mejía Godoy,Lugar de nacimiento,Somoto,nicaragua
Luis Enrique Mejía Godoy,Ocupación,compositor,nicaragua
Luis Enrique Mejía Godoy,Ciudadanía,Nicaragua,nicaragua
Luis Enrique Mejía Godoy,Fecha de nacimiento,1945-02-19,nicaragua
Luis Enrique Mejía Godoy,Ocupación,cantante,nicaragua
Luis Enrique Mejía Godoy,Ocupación,cantautor,nicaragua
San Salvador,jefe de gobierno,Mario Durán,nicaragua
San Salvador,país,El Salvador,nicaragua
San Salvador,instancia de,entidad territorial administrativa,nicaragua
San Salvador,instancia de,gran ciudad,nicaragua
San Salvador,instancia de,distrito de El Salvador,nicaragua
Universidad Centroamericana José Simeón Cañas,país,El Salvador,nicaragua
Universidad Centroamericana José Simeón Cañas,instancia de,universidad católica,nicaragua
Universidad Centroamericana José Simeón Cañas,instancia de,universidad jesuita,nicaragua
Universidad Centroamericana José Simeón Cañas,fundador,Compañía de Jesús,nicaragua
Universidad Centroamericana José Simeón Cañas,situado en la entidad territorial administrativa,Antiguo Cuscatlán,nicaragua
presidente de El Salvador,país,El Salvador,nicaragua
presidente de El Salvador,instancia de,cargo público,nicaragua
presidente de El Salvador,instancia de,cargo elegido,nicaragua
presidente de El Salvador,residencia oficial,Casa Presidencial de El Salvador,nicaragua
presidente de El Salvador,subclase de,presidente de la Republica,nicaragua
Universidad Rusa de la Amistad de los Pueblos,categoría para las personas que estudiaron en esta institución,Categoría:Alumnado de la Universidad Rusa de la Amistad de los Pueblos,nicaragua
Universidad Rusa de la Amistad de los Pueblos,país,Rusia,nicaragua
Universidad Rusa de la Amistad de los Pueblos,instancia de,universidad,nicaragua
condado de Alachua,país,Estados Unidos,nicaragua
condado de Alachua,instancia de,condado de Florida,nicaragua
condado de Alachua,capital,Gainesville,nicaragua
condado de Alachua,comparte fronteras con,Condado de Gilchrist,nicaragua
condado de Alachua,comparte fronteras con,condado de Bradford,nicaragua
alertador,instancia de,rol social,nicaragua
alertador,instancia de,ocupación,nicaragua
alertador,nombrado en referencia a,información,nicaragua
alertador,nombrado en referencia a,silbato,nicaragua
alertador,nombrado en referencia a,querella,nicaragua
Agencia Central de Inteligencia,país,Estados Unidos,nicaragua
Agencia Central de Inteligencia,instancia de,agencias independientes del gobierno de Estados Unidos,nicaragua
Agencia Central de Inteligencia,instancia de,Servicio de Inteligencia Extranjera,nicaragua
Agencia Central de Inteligencia,campo de trabajo,espionaje,nicaragua
Agencia Central de Inteligencia,campo de trabajo,contraespionaje,nicaragua
Gran Cruz de la Orden de Isabel la Católica,país,España,nicaragua
Gran Cruz de la Orden de Isabel la Católica,instancia de,grado de una orden,nicaragua
Gran Cruz de la Orden de Isabel la Católica,subclase de,Gran Cruz,nicaragua
Gran Cruz de la Orden de Isabel la Católica,forma parte de,Orden de Isabel la Católica,nicaragua
Gran Cruz de la Orden de Isabel la Católica,categoría para los galardonados con este premio,Categoría:Caballeros grandes cruces de la Orden de Isabel la Católica,nicaragua
Nagarote,país,Nicaragua,nicaragua
Nagarote,instancia de,municipio de Nicaragua,nicaragua
Nagarote,situado en la entidad territorial administrativa,Departamento de León,nicaragua
Nagarote,diferente de,Nagarote,nicaragua
cantante,instancia de,grupo de ocupaciones de la CIUO,nicaragua
cantante,instancia de,ocupación en la música,nicaragua
cantante,subclase de,músico,nicaragua
cantante,ámbito de la ocupación,canto,nicaragua
Sergio Ramírez,Lugar de nacimiento,Masatepe,nicaragua
Sergio Ramírez,Ocupación,abogado,nicaragua
Sergio Ramírez,Ciudadanía,Nicaragua,nicaragua
Sergio Ramírez,Educado en,Universidad Nacional Autónoma de Nicaragua,nicaragua
Sergio Ramírez,Empleador,Universidad Libre de Berlín,nicaragua
Sergio Ramírez,Miembro de,Academia Nicaragüense de la Lengua,nicaragua
Sergio Ramírez,Cargo,miembro de la Asamblea Nacional de Nicaragua,nicaragua
Sergio Ramírez,Premio recibido,Premio José María Arguedas,nicaragua
Sergio Ramírez,Fecha de nacimiento,1942-08-05,nicaragua
Sergio Ramírez,Ocupación,político,nicaragua
Sergio Ramírez,Ocupación,periodista,nicaragua
Sergio Ramírez,Ocupación,escritor,nicaragua
Sergio Ramírez,Premio recibido,doctorado honoris causa por la Universidad Blaise Pascal,nicaragua
Rigoberto López Pérez,Lugar de nacimiento,León,nicaragua
Rigoberto López Pérez,Ocupación,escritor,nicaragua
Rigoberto López Pérez,Ciudadanía,Nicaragua,nicaragua
Rigoberto López Pérez,Fecha de nacimiento,1929-05-13,nicaragua
Rigoberto López Pérez,Fecha de defunción,1956-09-21,nicaragua
Rigoberto López Pérez,Ocupación,compositor,nicaragua
Rigoberto López Pérez,Ocupación,poeta,nicaragua
Rigoberto López Pérez,Ocupación,periodista,nicaragua
Leovigildo López Fitoria,Lugar de nacimiento,Boaco,nicaragua
Leovigildo López Fitoria,Ocupación,sacerdote católico,nicaragua
Leovigildo López Fitoria,Ciudadanía,Nicaragua,nicaragua
Leovigildo López Fitoria,Cargo,obispo de Granada (Nicaragua),nicaragua
Leovigildo López Fitoria,Fecha de nacimiento,1927-06-07,nicaragua
Leovigildo López Fitoria,Fecha de defunción,2016-08-05,nicaragua
Leovigildo López Fitoria,Ocupación,obispo católico,nicaragua
Pedro Hernández Cantarero,Lugar de nacimiento,Jinotepe,nicaragua
Pedro Hernández Cantarero,Ocupación,sacerdote católico,nicaragua
Pedro Hernández Cantarero,Ciudadanía,Nicaragua,nicaragua
Pedro Hernández Cantarero,Cargo,obispo titular,nicaragua
Pedro Hernández Cantarero,Fecha de nacimiento,1954-06-29,nicaragua
Pedro Hernández Cantarero,Ocupación,obispo católico,nicaragua
Pedro Hernández Cantarero,Cargo,vicario apostólico,nicaragua
José Antonio Lezcano y Ortega,Lugar de nacimiento,Granada,nicaragua
José Antonio Lezcano y Ortega,Ocupación,sacerdote católico,nicaragua
José Antonio Lezcano y Ortega,Ciudadanía,Nicaragua,nicaragua
José Antonio Lezcano y Ortega,Cargo,Arzobispo de Managua,nicaragua
José Antonio Lezcano y Ortega,Premio recibido,Gran Cruz de la Orden Civil de Alfonso X el Sabio,nicaragua
José Antonio Lezcano y Ortega,Fecha de nacimiento,1865-04-10,nicaragua
José Antonio Lezcano y Ortega,Fecha de defunción,1952-01-06,nicaragua
José Antonio Lezcano y Ortega,Ocupación,obispo católico,nicaragua
Rolando José Álvarez Lagos,Lugar de nacimiento,Managua,nicaragua
Rolando José Álvarez Lagos,Ocupación,sacerdote católico,nicaragua
Rolando José Álvarez Lagos,Ciudadanía,Nicaragua,nicaragua
Rolando José Álvarez Lagos,Educado en,Universidad Pontificia de Salamanca,nicaragua
Rolando José Álvarez Lagos,Cargo,administrador apostólico,nicaragua
Rolando José Álvarez Lagos,Fecha de nacimiento,1966-11-27,nicaragua
Rolando José Álvarez Lagos,Ocupación,obispo católico,nicaragua
Rolando José Álvarez Lagos,Educado en,Pontificia Universidad Gregoriana,nicaragua
Rolando José Álvarez Lagos,Cargo,obispo de Matagalpa,nicaragua
María Flores,Ocupación,juez,nicaragua
María Flores,Ciudadanía,Nicaragua,nicaragua
María Flores,Fecha de nacimiento,2000-01-01,nicaragua
María Flores,Fecha de defunción,2010-10-02,nicaragua
María Flores,Ocupación,profesor universitario,nicaragua
Harry Brautigam,Lugar de nacimiento,Bluefields,nicaragua
Harry Brautigam,Ocupación,economista,nicaragua
Harry Brautigam,Ciudadanía,Nicaragua,nicaragua
Harry Brautigam,Educado en,Universidad de Illinois en Urbana-Champaign,nicaragua
Harry Brautigam,Empleador,Universidad de Delaware,nicaragua
Harry Brautigam,Fecha de nacimiento,1948-10-29,nicaragua
Harry Brautigam,Fecha de defunción,2008-05-30,nicaragua
Harry Brautigam,Ocupación,banquero,nicaragua
Harry Brautigam,Ocupación,profesor universitario,nicaragua
Harry Brautigam,Educado en,Universidad de Leeds,nicaragua
José Laureano Pineda Ugarte,Lugar de nacimiento,Potosí,nicaragua
José Laureano Pineda Ugarte,Ocupación,político,nicaragua
José Laureano Pineda Ugarte,Ciudadanía,Nicaragua,nicaragua
José Laureano Pineda Ugarte,Cargo,Presidente de Nicaragua,nicaragua
José Laureano Pineda Ugarte,Fecha de nacimiento,1802-07-04,nicaragua
José Laureano Pineda Ugarte,Fecha de defunción,1853-09-17,nicaragua
Juan Argüello,Lugar de nacimiento,Granada,nicaragua
Juan Argüello,Ocupación,político,nicaragua
Juan Argüello,Ciudadanía,Nicaragua,nicaragua
Juan Argüello,Cargo,Presidente de Nicaragua,nicaragua
Juan Argüello,Fecha de nacimiento,1778-01-01,nicaragua
Juan Argüello,Fecha de defunción,1830-01-01,nicaragua
Carlos Enrique Herrera Gutiérrez,Lugar de nacimiento,Managua,nicaragua
Carlos Enrique Herrera Gutiérrez,Ocupación,sacerdote católico,nicaragua
Carlos Enrique Herrera Gutiérrez,Ciudadanía,Nicaragua,nicaragua
Carlos Enrique Herrera Gutiérrez,Cargo,Obispo de Jinotega,nicaragua
Carlos Enrique Herrera Gutiérrez,Fecha de nacimiento,1948-12-21,nicaragua
Carlos Enrique Herrera Gutiérrez,Ocupación,obispo católico,nicaragua
Carlos Pellas,Lugar de nacimiento,Granada,nicaragua
Carlos Pellas,Ocupación,empresario,nicaragua
Carlos Pellas,Ciudadanía,Nicaragua,nicaragua
Carlos Pellas,Educado en,Universidad Stanford,nicaragua
Carlos Pellas,Cargo,vicepresidente,nicaragua
Carlos Pellas,Fecha de nacimiento,1953-01-10,nicaragua
Carlos Pellas,Ocupación,director ejecutivo,nicaragua
Carlos Pellas,Educado en,Colegio Centro América,nicaragua
César Bosco Vivas Robelo,Lugar de nacimiento,Masaya,nicaragua
César Bosco Vivas Robelo,Ocupación,sacerdote católico,nicaragua
César Bosco Vivas Robelo,Ciudadanía,Nicaragua,nicaragua
César Bosco Vivas Robelo,Cargo,obispo titular,nicaragua
César Bosco Vivas Robelo,Fecha de nacimiento,1941-11-14,nicaragua
César Bosco Vivas Robelo,Fecha de defunción,2020-06-23,nicaragua
César Bosco Vivas Robelo,Ocupación,obispo católico,nicaragua
César Bosco Vivas Robelo,Ocupación,teólogo,nicaragua
César Bosco Vivas Robelo,Cargo,obispo de León en Nicaragua,nicaragua
César Bosco Vivas Robelo,Cargo,Obispo auxiliar de Managua,nicaragua
César Mercado,Lugar de nacimiento,Nicaragua,nicaragua
César Mercado,Ocupación,diplomático,nicaragua
César Mercado,Ciudadanía,Nicaragua,nicaragua
César Mercado,Fecha de nacimiento,2000-01-01,nicaragua
César Mercado,Fecha de defunción,2010-09-23,nicaragua
Alfonso Cortés,Lugar de nacimiento,León,nicaragua
Alfonso Cortés,Ocupación,poeta,nicaragua
Alfonso Cortés,Ciudadanía,Nicaragua,nicaragua
Alfonso Cortés,Fecha de nacimiento,1893-12-09,nicaragua
Alfonso Cortés,Fecha de defunción,1969-02-03,nicaragua
Nicasio del Castillo y Guzmán,Ocupación,político,nicaragua
Nicasio del Castillo y Guzmán,Ciudadanía,Nicaragua,nicaragua
Nicasio del Castillo y Guzmán,Cargo,Presidente de Nicaragua,nicaragua
Nicasio del Castillo y Guzmán,Fecha de nacimiento,1830-01-01,nicaragua
Edmundo Paguaga Irías,Lugar de nacimiento,Ocotal,nicaragua
Edmundo Paguaga Irías,Ocupación,político,nicaragua
Edmundo Paguaga Irías,Ciudadanía,Nicaragua,nicaragua
Edmundo Paguaga Irías,Cargo,Presidente de Nicaragua,nicaragua
Edmundo Paguaga Irías,Fecha de nacimiento,1923-01-01,nicaragua
Edmundo Paguaga Irías,Fecha de defunción,2008-07-01,nicaragua
Edén Pastora,Lugar de nacimiento,Ciudad Darío,nicaragua
Edén Pastora,Ocupación,político,nicaragua
Edén Pastora,Ciudadanía,Nicaragua,nicaragua
Edén Pastora,Fecha de nacimiento,1936-11-15,nicaragua
Edén Pastora,Fecha de defunción,2020-06-16,nicaragua
Edén Pastora,Ocupación,guerrillero,nicaragua
Enrique Schmidt Cuadra,Lugar de nacimiento,Corinto,nicaragua
Enrique Schmidt Cuadra,Ocupación,político,nicaragua
Enrique Schmidt Cuadra,Ciudadanía,Nicaragua,nicaragua
Enrique Schmidt Cuadra,Educado en,Universidad de Colonia,nicaragua
Enrique Schmidt Cuadra,Fecha de nacimiento,1949-01-01,nicaragua
Enrique Schmidt Cuadra,Fecha de defunción,1984-11-05,nicaragua
Enrique Schmidt Cuadra,Ocupación,profesor universitario,nicaragua
Enrique Schmidt Cuadra,Ocupación,revolucionario,nicaragua
Ricardo Mayorga,Lugar de nacimiento,Managua,nicaragua
Ricardo Mayorga,Ocupación,boxeador,nicaragua
Ricardo Mayorga,Ciudadanía,Nicaragua,nicaragua
Ricardo Mayorga,Fecha de nacimiento,1973-10-03,nicaragua
Sergio Ramírez,Cargo,vicepresidente de Nicaragua,nicaragua
Sergio Ramírez,Premio recibido,Premio Bruno Kreisky,nicaragua
Sergio Ramírez,Premio recibido,Premio Miguel de Cervantes,nicaragua
Sergio Ramírez,Premio recibido,Premio Alfaguara de Novela,nicaragua
Sergio Ramírez,Premio recibido,Beca Guggenheim,nicaragua
Sergio Ramírez,Premio recibido,Premio Iberoamericano de Letras José Donoso,nicaragua
Sergio Ramírez,Premio recibido,Premio Carlos Fuentes,nicaragua
Sergio Ramírez,Premio recibido,Gran Cruz de la Orden El Sol del Perú,nicaragua
Sergio Ramírez,Premio recibido,Gran Cruz de la Orden de San Raimundo de Peñafort,nicaragua
Masatepe,país,Nicaragua,nicaragua
Masatepe,instancia de,municipio de Nicaragua,nicaragua
Masatepe,situado en la entidad territorial administrativa,Departamento de Masaya,nicaragua
Masatepe,diferente de,Masatepe,nicaragua
Universidad Libre de Berlín,país,Alemania,nicaragua
Universidad Libre de Berlín,instancia de,editor de acceso abierto,nicaragua
Universidad Libre de Berlín,instancia de,universidad pública de investigación,nicaragua
Boaco,capital de,Departamento de Boaco,nicaragua
Boaco,diferente de,Boaco,nicaragua
Boaco,país,Nicaragua,nicaragua
Boaco,instancia de,ciudad,nicaragua
obispo de Granada (Nicaragua),país,Nicaragua,nicaragua
obispo de Granada (Nicaragua),instancia de,función episcopal,nicaragua
obispo de Granada (Nicaragua),subclase de,obispo diocesano,nicaragua
obispo de Granada (Nicaragua),subclase de,ordinario,nicaragua
obispo de Granada (Nicaragua),subclase de,obispo sufragáneo,nicaragua
Jinotepe,país,Nicaragua,nicaragua
Jinotepe,instancia de,ciudad,nicaragua
Jinotepe,instancia de,municipio de Nicaragua,nicaragua
Jinotepe,situado en la entidad territorial administrativa,Departamento de Carazo,nicaragua
Arzobispo de Managua,país,Nicaragua,nicaragua
Arzobispo de Managua,instancia de,función episcopal,nicaragua
Arzobispo de Managua,subclase de,metropolitano,nicaragua
Arzobispo de Managua,subclase de,ordinario,nicaragua
Arzobispo de Managua,subclase de,arzobispo metropolitano católico romano,nicaragua
Gran Cruz de la Orden Civil de Alfonso X el Sabio,país,España,nicaragua
Gran Cruz de la Orden Civil de Alfonso X el Sabio,instancia de,grado de una orden,nicaragua
Gran Cruz de la Orden Civil de Alfonso X el Sabio,subclase de,Gran Cruz,nicaragua
Gran Cruz de la Orden Civil de Alfonso X el Sabio,forma parte de,Orden Civil de Alfonso X el Sabio,nicaragua
Gran Cruz de la Orden Civil de Alfonso X el Sabio,categoría para los galardonados con este premio,Categoría:Grandes cruces de la Orden de Alfonso X el Sabio,nicaragua
Universidad Pontificia de Salamanca,país,España,nicaragua
Universidad Pontificia de Salamanca,instancia de,universidad privada,nicaragua
Universidad Pontificia de Salamanca,instancia de,universidad pontificia,nicaragua
Universidad Pontificia de Salamanca,instancia de,editor de acceso abierto,nicaragua
Universidad Pontificia de Salamanca,situado en la entidad territorial administrativa,Salamanca,nicaragua
administrador apostólico,instancia de,cargo,nicaragua
administrador apostólico,instancia de,cargo eclesiástico,nicaragua
administrador apostólico,subclase de,sacerdote católico,nicaragua
administrador apostólico,subclase de,administrador,nicaragua
administrador apostólico,subclase de,prelado territorial,nicaragua
profesor universitario,instancia de,profesión académica,nicaragua
profesor universitario,subclase de,profesor,nicaragua
profesor universitario,subclase de,académico,nicaragua
profesor universitario,ámbito de la ocupación,enseñanza,nicaragua
economista,instancia de,profesión,nicaragua
economista,instancia de,grupo de ocupaciones de la CIUO,nicaragua
economista,subclase de,científico social,nicaragua
economista,subclase de,profesionales sociales y religiosos,nicaragua
economista,ámbito de la ocupación,economía,nicaragua
Universidad de Illinois en Urbana-Champaign,país,Estados Unidos,nicaragua
Universidad de Illinois en Urbana-Champaign,instancia de,universidad,nicaragua
Universidad de Illinois en Urbana-Champaign,instancia de,Universidad de concesión de tierras,nicaragua
Universidad de Illinois en Urbana-Champaign,instancia de,institución educativa pública de los Estados Unidos,nicaragua
Universidad de Illinois en Urbana-Champaign,instancia de,universidad pública de investigación,nicaragua
Potosí,país,Nicaragua,nicaragua
Potosí,instancia de,municipio de Nicaragua,nicaragua
Potosí,situado en la entidad territorial administrativa,Departamento de Rivas,nicaragua
Potosí,santo patrón,Santo Cristo de Esquipulas,nicaragua
Obispo de Jinotega,país,Nicaragua,nicaragua
Obispo de Jinotega,instancia de,función episcopal,nicaragua
Obispo de Jinotega,subclase de,obispo sufragáneo,nicaragua
Obispo de Jinotega,subclase de,obispo diocesano católico,nicaragua
Obispo de Jinotega,forma parte de,Conferencia Episcopal de Nicaragua,nicaragua
vicepresidente,instancia de,cargo,nicaragua
vicepresidente,instancia de,título corporativo,nicaragua
vicepresidente,instancia de,ocupación,nicaragua
vicepresidente,precedido por,vicepresidente electo,nicaragua
vicepresidente,subclase de,alto cargo,nicaragua
Corinto,país,Nicaragua,nicaragua
Corinto,instancia de,municipio de Nicaragua,nicaragua
Corinto,situado en la entidad territorial administrativa,Departamento de Chinandega,nicaragua
Corinto,ciudad hermana,Colonia,nicaragua
Corinto,ciudad hermana,Bremen,nicaragua
Universidad de Colonia,país,Alemania,nicaragua
Universidad de Colonia,instancia de,Registrador de Internet Local,nicaragua
Universidad de Colonia,instancia de,universidad pública,nicaragua
Universidad de Colonia,instancia de,editor de acceso abierto,nicaragua
Helena Thevenot,Ocupación,coreógrafo,nicaragua
Helena Thevenot,Ciudadanía,Nicaragua,nicaragua
Helena Thevenot,Fecha de nacimiento,2000-01-01,nicaragua
Herty Lewites,Lugar de nacimiento,Jinotepe,nicaragua
Herty Lewites,Ocupación,político,nicaragua
Herty Lewites,Ciudadanía,Nicaragua,nicaragua
Herty Lewites,Cargo,miembro de la Asamblea Nacional de Nicaragua,nicaragua
Herty Lewites,Fecha de nacimiento,1939-12-24,nicaragua
Herty Lewites,Fecha de defunción,2006-07-02,nicaragua
Leonel Rugama,Lugar de nacimiento,Estelí,nicaragua
Leonel Rugama,Ocupación,poeta,nicaragua
Leonel Rugama,Ciudadanía,Nicaragua,nicaragua
Leonel Rugama,Fecha de nacimiento,1949-03-27,nicaragua
Leonel Rugama,Fecha de defunción,1970-01-15,nicaragua
Sócrates René Sándigo Jirón,Lugar de nacimiento,Diriá,nicaragua
Sócrates René Sándigo Jirón,Ocupación,sacerdote católico,nicaragua
Sócrates René Sándigo Jirón,Ciudadanía,Nicaragua,nicaragua
Sócrates René Sándigo Jirón,Cargo,obispo de León en Nicaragua,nicaragua
Sócrates René Sándigo Jirón,Fecha de nacimiento,1965-04-19,nicaragua
Sócrates René Sándigo Jirón,Ocupación,obispo católico,nicaragua
Sócrates René Sándigo Jirón,Cargo,obispo de Juigalpa,nicaragua
Jorge Solórzano Pérez,Lugar de nacimiento,Managua,nicaragua
Jorge Solórzano Pérez,Ocupación,sacerdote católico,nicaragua
Jorge Solórzano Pérez,Ciudadanía,Nicaragua,nicaragua
Jorge Solórzano Pérez,Cargo,obispo titular,nicaragua
Jorge Solórzano Pérez,Fecha de nacimiento,1961-03-23,nicaragua
Jorge Solórzano Pérez,Ocupación,obispo católico,nicaragua
Jorge Solórzano Pérez,Cargo,obispo de Matagalpa,nicaragua
Jorge Solórzano Pérez,Cargo,obispo de Granada (Nicaragua),nicaragua
Jorge Solórzano Pérez,Cargo,Obispo auxiliar de Managua,nicaragua
José Dionisio Marenco Gutiérrez,Lugar de nacimiento,Granada,nicaragua
José Dionisio Marenco Gutiérrez,Ocupación,político,nicaragua
José Dionisio Marenco Gutiérrez,Ciudadanía,Nicaragua,nicaragua
José Dionisio Marenco Gutiérrez,Fecha de nacimiento,1946-09-17,nicaragua
José Dionisio Marenco Gutiérrez,Fecha de defunción,2020-05-19,nicaragua
José Dolores Estrada Vado,Lugar de nacimiento,Nandaime,nicaragua
José Dolores Estrada Vado,Ocupación,militar,nicaragua
José Dolores Estrada Vado,Ciudadanía,Nicaragua,nicaragua
José Dolores Estrada Vado,Fecha de nacimiento,1792-03-16,nicaragua
José Dolores Estrada Vado,Fecha de defunción,1869-08-12,nicaragua
José Dolores Gámez Guzmán,Lugar de nacimiento,Rivas,nicaragua
José Dolores Gámez Guzmán,Ocupación,político,nicaragua
José Dolores Gámez Guzmán,Ciudadanía,Nicaragua,nicaragua
José Dolores Gámez Guzmán,Fecha de nacimiento,1851-01-01,nicaragua
José Dolores Gámez Guzmán,Fecha de defunción,1923-01-01,nicaragua
José Dolores Gámez Guzmán,Ocupación,historiador,nicaragua
José Francisco Montes Fonseca,Lugar de nacimiento,Comayagua,nicaragua
José Francisco Montes Fonseca,Ocupación,político,nicaragua
José Francisco Montes Fonseca,Ciudadanía,Nicaragua,nicaragua
José Francisco Montes Fonseca,Cargo,presidente de Honduras,nicaragua
José Francisco Montes Fonseca,Fecha de nacimiento,1830-01-01,nicaragua
José Francisco Montes Fonseca,Fecha de defunción,1888-01-01,nicaragua
José Francisco del Montenegro,Ocupación,político,nicaragua
José Francisco del Montenegro,Ciudadanía,Nicaragua,nicaragua
José Francisco del Montenegro,Cargo,Presidente de Nicaragua,nicaragua
José Francisco del Montenegro,Fecha de nacimiento,1800-01-01,nicaragua
José Francisco del Montenegro,Fecha de defunción,1851-08-11,nicaragua
José María Vallé,Ocupación,militar,nicaragua
José María Vallé,Ciudadanía,Nicaragua,nicaragua
José María Vallé,Fecha de nacimiento,1810-01-01,nicaragua
José R. Somoza,Lugar de nacimiento,Nicaragua,nicaragua
José R. Somoza,Ocupación,militar,nicaragua
José R. Somoza,Ciudadanía,Nicaragua,nicaragua
José R. Somoza,Fecha de nacimiento,1914-05-03,nicaragua
José R. Somoza,Fecha de defunción,2004-12-24,nicaragua
José de la Cruz Mena,Lugar de nacimiento,León,nicaragua
José de la Cruz Mena,Ocupación,compositor,nicaragua
José de la Cruz Mena,Ciudadanía,Nicaragua,nicaragua
José de la Cruz Mena,Fecha de nacimiento,1874-05-03,nicaragua
José de la Cruz Mena,Fecha de defunción,1907-09-22,nicaragua
José de la Cruz Mena,Ocupación,director de orquesta,nicaragua
Juan Abelardo Mata Guevara,Lugar de nacimiento,Managua,nicaragua
Juan Abelardo Mata Guevara,Ocupación,sacerdote católico,nicaragua
Juan Abelardo Mata Guevara,Ciudadanía,Nicaragua,nicaragua
Juan Abelardo Mata Guevara,Cargo,obispo titular,nicaragua
Juan Abelardo Mata Guevara,Fecha de nacimiento,1946-06-23,nicaragua
Juan Abelardo Mata Guevara,Ocupación,obispo católico,nicaragua
Juan Abelardo Mata Guevara,Cargo,Obispo de Estelí,nicaragua
Juan Abelardo Mata Guevara,Cargo,Obispo auxiliar de Managua,nicaragua
Julián Irías,Lugar de nacimiento,Pueblo Nuevo,nicaragua
Julián Irías,Ocupación,abogado,nicaragua
Julián Irías,Ciudadanía,Nicaragua,nicaragua
Julián Irías,Cargo,Presidente de Nicaragua,nicaragua
Julián Irías,Fecha de nacimiento,1880-01-01,nicaragua
Julián Irías,Fecha de defunción,2000-01-01,nicaragua
Julián Irías,Ocupación,político,nicaragua
Julián Irías,Cargo,ministro plenipotenciario,nicaragua
Julián Irías,Cargo,Cónsul General y Encargado de Negocios de Nicaragua en El Salvador,nicaragua
Julián Irías,Cargo,Cónsul General y Encargado de Negocios de Honduras en El Salvador,nicaragua
Lillian Molieri,Lugar de nacimiento,Managua,nicaragua
Lillian Molieri,Ocupación,actor,nicaragua
Lillian Molieri,Ciudadanía,Nicaragua,nicaragua
Lillian Molieri,Fecha de nacimiento,1948-01-18,nicaragua
Lillian Molieri,Fecha de defunción,1980-09-13,nicaragua
Luis Abraham Delgadillo,Lugar de nacimiento,Managua,nicaragua
Luis Abraham Delgadillo,Ocupación,compositor,nicaragua
Luis Abraham Delgadillo,Ciudadanía,Nicaragua,nicaragua
Luis Abraham Delgadillo,Fecha de nacimiento,1887-08-26,nicaragua
Luis Abraham Delgadillo,Fecha de defunción,1961-09-20,nicaragua
Luis Abraham Delgadillo,Fecha de defunción,1961-12-20,nicaragua
Manuel Antonio de la Cerda,Lugar de nacimiento,Granada,nicaragua
Manuel Antonio de la Cerda,Ocupación,político,nicaragua
Manuel Antonio de la Cerda,Ciudadanía,Nicaragua,nicaragua
Manuel Antonio de la Cerda,Cargo,Presidente de Nicaragua,nicaragua
Manuel Antonio de la Cerda,Fecha de nacimiento,1780-01-01,nicaragua
Manuel Antonio de la Cerda,Fecha de defunción,1828-11-29,nicaragua
Manuel García Moia,Lugar de nacimiento,Masaya,nicaragua
Manuel García Moia,Ocupación,pintor,nicaragua
Manuel García Moia,Ciudadanía,Nicaragua,nicaragua
Manuel García Moia,Fecha de nacimiento,1936-06-13,nicaragua
Manuel García Moia,Fecha de defunción,2023-02-10,nicaragua
Mariano Prado,Lugar de nacimiento,León,nicaragua
Mariano Prado,Ocupación,político,nicaragua
Mariano Prado,Ciudadanía,Nicaragua,nicaragua
Mariano Prado,Cargo,jefe supremo del Estado de El Salvador,nicaragua
Mariano Prado,Fecha de nacimiento,1776-01-01,nicaragua
Mariano Prado,Fecha de defunción,1837-01-01,nicaragua
Mariano Prado,Cargo,vicepresidente de la República Federal de Centro América,nicaragua
coreógrafo,instancia de,profesión,nicaragua
coreógrafo,subclase de,realizador,nicaragua
coreógrafo,ámbito de la ocupación,coreografía,nicaragua
coreógrafo,categoría principal del tema,Categoría:Coreógrafos,nicaragua
Diriá,país,Nicaragua,nicaragua
Diriá,instancia de,municipio de Nicaragua,nicaragua
Diriá,situado en la entidad territorial administrativa,Departamento de Granada,nicaragua
Diriá,diferente de,Diriá,nicaragua
obispo de León en Nicaragua,país,Nicaragua,nicaragua
obispo de León en Nicaragua,instancia de,función episcopal,nicaragua
obispo de León en Nicaragua,subclase de,obispo diocesano,nicaragua
obispo de León en Nicaragua,subclase de,ordinario,nicaragua
obispo de León en Nicaragua,subclase de,obispo católico latino,nicaragua
militar,instancia de,profesión,nicaragua
militar,instancia de,ocupación,nicaragua
militar,subclase de,empleado,nicaragua
militar,subclase de,guerrero,nicaragua
militar,opuesto a,civil,nicaragua
Comayagua,país,Honduras,nicaragua
Comayagua,instancia de,gran ciudad,nicaragua
Comayagua,instancia de,municipio de Honduras,nicaragua
Comayagua,situado en la entidad territorial administrativa,Departamento de Comayagua,nicaragua
Comayagua,ciudad hermana,Cúcuta,nicaragua
Pueblo Nuevo,país,Nicaragua,nicaragua
Pueblo Nuevo,instancia de,municipio de Nicaragua,nicaragua
Pueblo Nuevo,situado en la entidad territorial administrativa,Departamento de Estelí,nicaragua
Pueblo Nuevo,diferente de,Pueblo Nuevo,nicaragua
jefe supremo del Estado de El Salvador,país,República Federal de Centroamérica,nicaragua
jefe supremo del Estado de El Salvador,instancia de,jefe del Gobierno,nicaragua
jefe supremo del Estado de El Salvador,instancia de,cargo,nicaragua
jefe supremo del Estado de El Salvador,subclase de,presidente de El Salvador,nicaragua
jefe supremo del Estado de El Salvador,subclase de,jefe supremo,nicaragua
Francisco Navarro,Lugar de nacimiento,Nandaime,nicaragua
Francisco Navarro,Ocupación,político,nicaragua
Francisco Navarro,Ciudadanía,Nicaragua,nicaragua
Francisco Navarro,Cargo,vicepresidente de Nicaragua,nicaragua
Francisco Navarro,Fecha de nacimiento,1801-01-01,nicaragua
Francisco Navarro,Fecha de defunción,1949-08-17,nicaragua
Carlos Martínez Rivas,Lugar de nacimiento,Ciudad de Guatemala,nicaragua
Carlos Martínez Rivas,Ocupación,poeta,nicaragua
Carlos Martínez Rivas,Ciudadanía,Nicaragua,nicaragua
Carlos Martínez Rivas,Fecha de nacimiento,1924-10-12,nicaragua
Carlos Martínez Rivas,Fecha de defunción,1998-06-16,nicaragua
Félix Rodríguez,Lugar de nacimiento,Bluefields,nicaragua
Félix Rodríguez,Ocupación,futbolista,nicaragua
Félix Rodríguez,Ciudadanía,Nicaragua,nicaragua
Félix Rodríguez,Fecha de nacimiento,1984-04-27,nicaragua
Félix Zeledón,Lugar de nacimiento,Estelí,nicaragua
Félix Zeledón,Ocupación,futbolista,nicaragua
Félix Zeledón,Ciudadanía,Nicaragua,nicaragua
Félix Zeledón,Fecha de nacimiento,1983-11-24,nicaragua
Germán Sequeira,Ocupación,político,nicaragua
Germán Sequeira,Ciudadanía,Nicaragua,nicaragua
Germán Sequeira,Fecha de nacimiento,1884-01-01,nicaragua
Germán Sequeira,Fecha de defunción,1951-01-19,nicaragua
Manolo Cuadra,Ocupación,poeta,nicaragua
Manolo Cuadra,Ciudadanía,Nicaragua,nicaragua
Manolo Cuadra,Fecha de nacimiento,1907-08-09,nicaragua
Manolo Cuadra,Fecha de defunción,1957-11-14,nicaragua
Manolo Cuadra,Ocupación,periodista,nicaragua
Gloria Guardia,Ocupación,escritor,nicaragua
Gloria Guardia,Ciudadanía,Panamá,nicaragua
Gloria Guardia,Educado en,Universidad de Columbia,nicaragua
Gloria Guardia,Fecha de nacimiento,1940-03-12,nicaragua
Gloria Guardia,Fecha de defunción,2019-05-13,nicaragua
Gloria Guardia,Ocupación,periodista,nicaragua
Gloria Guardia,Ciudadanía,Nicaragua,nicaragua
Gloria Guardia,Educado en,Universidad Complutense de Madrid,nicaragua
Gloria Guardia,Educado en,Vassar College,nicaragua
Gloria Guardia,Educado en,Roycemore School,nicaragua
Alejandro Vega Matus,Lugar de nacimiento,Masaya,nicaragua
Alejandro Vega Matus,Ocupación,compositor,nicaragua
Alejandro Vega Matus,Ciudadanía,Nicaragua,nicaragua
Alejandro Vega Matus,Fecha de nacimiento,1875-08-17,nicaragua
Alejandro Vega Matus,Fecha de defunción,1937-11-26,nicaragua
Alejandro Vega Matus,Ocupación,director de orquesta,nicaragua
Alejandro Vega Matus,Ocupación,músico,nicaragua
Alfredo Alegría Rosales,Lugar de nacimiento,San Marcos de Colón,nicaragua
Alfredo Alegría Rosales,Ocupación,poeta,nicaragua
Alfredo Alegría Rosales,Ciudadanía,Nicaragua,nicaragua
Alfredo Alegría Rosales,Fecha de nacimiento,1899-07-10,nicaragua
Alfredo Alegría Rosales,Fecha de defunción,1974-11-25,nicaragua
Alfredo César Aguirre,Lugar de nacimiento,Granada,nicaragua
Alfredo César Aguirre,Ocupación,político,nicaragua
Alfredo César Aguirre,Ciudadanía,Nicaragua,nicaragua
Alfredo César Aguirre,Premio recibido,Gran Cruz de la Orden de Isabel la Católica,nicaragua
Alfredo César Aguirre,Fecha de nacimiento,1951-04-24,nicaragua
Andrés Castro Estrada,Lugar de nacimiento,Managua,nicaragua
Andrés Castro Estrada,Ocupación,campesino,nicaragua
Andrés Castro Estrada,Ciudadanía,Nicaragua,nicaragua
Andrés Castro Estrada,Fecha de nacimiento,1831-01-01,nicaragua
Andrés Castro Estrada,Fecha de defunción,1876-01-01,nicaragua
Otto de la Rocha,Lugar de nacimiento,Jinotega,nicaragua
Otto de la Rocha,Ocupación,actor,nicaragua
Otto de la Rocha,Ciudadanía,Nicaragua,nicaragua
Otto de la Rocha,Fecha de nacimiento,1933-08-23,nicaragua
Otto de la Rocha,Fecha de defunción,2020-05-25,nicaragua
Otto de la Rocha,Ocupación,compositor,nicaragua
Otto de la Rocha,Ocupación,cantante,nicaragua
Otto de la Rocha,Ocupación,comediante,nicaragua
Otto de la Rocha,Ocupación,cantautor,nicaragua
Otto de la Rocha,Ocupación,locutor,nicaragua
Albertina Ramírez,Lugar de nacimiento,Managua,nicaragua
Albertina Ramírez,Ocupación,líder religioso,nicaragua
Albertina Ramírez,Ciudadanía,Nicaragua,nicaragua
Albertina Ramírez,Fecha de nacimiento,1898-04-28,nicaragua
Albertina Ramírez,Fecha de defunción,1979-07-20,nicaragua
Juan Espinosa,Ocupación,político,nicaragua
Juan Espinosa,Ciudadanía,Nicaragua,nicaragua
Juan Espinosa,Cargo,Presidente de Nicaragua,nicaragua
Juan Espinosa,Fecha de defunción,1900-01-01,nicaragua
Arquímedes González,Lugar de nacimiento,Managua,nicaragua
Arquímedes González,Ocupación,escritor,nicaragua
Arquímedes González,Ciudadanía,Nicaragua,nicaragua
Arquímedes González,Educado en,Universidad Centroamericana,nicaragua
Arquímedes González,Premio recibido,Premio Centroamericano de Literatura Rogelio Sinán,nicaragua
Arquímedes González,Fecha de nacimiento,1972-01-01,nicaragua
Arquímedes González,Ocupación,periodista,nicaragua
Benigna Mendiola,Ciudadanía,Nicaragua,nicaragua
Benigna Mendiola,Fecha de nacimiento,1944-01-01,nicaragua
Benito Morales,Lugar de nacimiento,Matagalpa,nicaragua
Benito Morales,Ocupación,político,nicaragua
Benito Morales,Ciudadanía,Nicaragua,nicaragua
Benito Morales,Cargo,Presidente de Nicaragua,nicaragua
Benito Morales,Fecha de nacimiento,1803-01-01,nicaragua
Benito Morales,Fecha de defunción,1889-08-31,nicaragua
Bernardo Martínez,Lugar de nacimiento,San Francisco de Cuapa,nicaragua
Bernardo Martínez,Ciudadanía,Nicaragua,nicaragua
Bernardo Martínez,Fecha de nacimiento,1931-08-29,nicaragua
Bernardo Martínez,Fecha de defunción,2000-10-30,nicaragua
Hernaldo Zúñiga,Lugar de nacimiento,Masaya,nicaragua
Hernaldo Zúñiga,Ocupación,cantante,nicaragua
Hernaldo Zúñiga,Ciudadanía,Nicaragua,nicaragua
Hernaldo Zúñiga,Fecha de nacimiento,1955-06-02,nicaragua
Hernaldo Zúñiga,Ocupación,compositor de canciones,nicaragua
Hernaldo Zúñiga,Ocupación,artista discográfico,nicaragua
Camilo Zapata,Lugar de nacimiento,Managua,nicaragua
Camilo Zapata,Ocupación,cantautor,nicaragua
Camilo Zapata,Ciudadanía,Nicaragua,nicaragua
Camilo Zapata,Fecha de nacimiento,1917-09-25,nicaragua
Camilo Zapata,Fecha de defunción,2009-06-23,nicaragua
vicepresidente de Nicaragua,país,Nicaragua,nicaragua
vicepresidente de Nicaragua,instancia de,cargo,nicaragua
vicepresidente de Nicaragua,subclase de,vicepresidente,nicaragua
vicepresidente de Nicaragua,designado por,voto popular,nicaragua
Ciudad de Guatemala,jefe de gobierno,Ricardo Quiñónez Lemus,nicaragua
Ciudad de Guatemala,país,Guatemala,nicaragua
Ciudad de Guatemala,continente,América del Norte,nicaragua
Ciudad de Guatemala,instancia de,ciudad,nicaragua
Ciudad de Guatemala,instancia de,asentamiento,nicaragua
Panamá,forma parte de,América Latina,nicaragua
Panamá,forma parte de,América Central,nicaragua
Panamá,forma parte de,América Central continental,nicaragua
Panamá,forma parte de,Anexo:Paraísos fiscales según la Unión Europea,nicaragua
San Marcos de Colón,país,Honduras,nicaragua
San Marcos de Colón,instancia de,municipio de Honduras,nicaragua
San Marcos de Colón,comparte fronteras con,Somoto,nicaragua
San Marcos de Colón,situado en la entidad territorial administrativa,Departamento de Choluteca,nicaragua
campesino,instancia de,ocupación,nicaragua
campesino,subclase de,agricultor,nicaragua
campesino,subclase de,obrero agrícola,nicaragua
campesino,subclase de,trabajador agrícola,nicaragua
campesino,ámbito de la ocupación,ganadería,nicaragua
Jinotega,país,Nicaragua,nicaragua
Jinotega,instancia de,municipio de Nicaragua,nicaragua
Jinotega,instancia de,gran ciudad,nicaragua
Jinotega,situado en la entidad territorial administrativa,Departamento de Jinotega,nicaragua
Jinotega,nombrado en referencia a,Jinotega,nicaragua
líder religioso,instancia de,ocupación religiosa,nicaragua
líder religioso,subclase de,religioso,nicaragua
líder religioso,subclase de,líder de una organización,nicaragua
líder religioso,categoría principal del tema,Categoría:Líderes religiosos,nicaragua
líder religioso,parcialmente coincidente con,clérigo,nicaragua
Universidad Centroamericana,país,Nicaragua,nicaragua
Universidad Centroamericana,instancia de,entidad desaparecida,nicaragua
Universidad Centroamericana,fundador,Compañía de Jesús,nicaragua
Universidad Centroamericana,situado en la entidad territorial administrativa,Managua,nicaragua
Universidad Centroamericana,operador,Compañía de Jesús,nicaragua
Premio Centroamericano de Literatura Rogelio Sinán,país,Panamá,nicaragua
Premio Centroamericano de Literatura Rogelio Sinán,instancia de,premio literario,nicaragua
Premio Centroamericano de Literatura Rogelio Sinán,nombrado en referencia a,Rogelio Sinán,nicaragua
Premio Centroamericano de Literatura Rogelio Sinán,conferido por,Universidad Tecnológica de Panamá,nicaragua
San Francisco de Cuapa,país,Nicaragua,nicaragua
San Francisco de Cuapa,instancia de,municipio de Nicaragua,nicaragua
San Francisco de Cuapa,situado en la entidad territorial administrativa,Departamento de Chontales,nicaragua
San Francisco de Cuapa,diferente de,Cuapa,nicaragua
compositor de canciones,instancia de,profesión musical,nicaragua
compositor de canciones,subclase de,compositor,nicaragua
compositor de canciones,subclase de,autor,nicaragua
compositor de canciones,ámbito de la ocupación,composición de canciones,nicaragua
compositor de canciones,se dice que es lo mismo que,letrista,nicaragua
cantautor,lista de interés para el proyecto Wikimedia,Wikipedia:Lista de artículos que toda Wikipedia debería tener/Expandida,nicaragua
cantautor,instancia de,ocupación,nicaragua
cantautor,instancia de,profesión musical,nicaragua
cantautor,subclase de,cantante,nicaragua
Cristina Soto Esquivel,Lugar de nacimiento,Managua,nicaragua
Cristina Soto Esquivel,Ocupación,modelo,nicaragua
Cristina Soto Esquivel,Ciudadanía,Nicaragua,nicaragua
Cristina Soto Esquivel,Educado en,Universidad Centroamericana,nicaragua
Cristina Soto Esquivel,Fecha de nacimiento,1990-07-11,nicaragua
Cristian Hernández,Lugar de nacimiento,Diriamba,nicaragua
Cristian Hernández,Ocupación,futbolista,nicaragua
Cristian Hernández,Ciudadanía,Nicaragua,nicaragua
Cristian Hernández,Fecha de nacimiento,1991-04-26,nicaragua
Dinorah Sampson,Lugar de nacimiento,León,nicaragua
Dinorah Sampson,Ciudadanía,Nicaragua,nicaragua
Dinorah Sampson,Fecha de nacimiento,1947-01-01,nicaragua
Edith Grøn,Lugar de nacimiento,Copenhague,nicaragua
Edith Grøn,Ocupación,escultor,nicaragua
Edith Grøn,Ciudadanía,Nicaragua,nicaragua
Edith Grøn,Educado en,Universidad de Columbia,nicaragua
Edith Grøn,Fecha de nacimiento,1917-02-19,nicaragua
Edith Grøn,Fecha de defunción,1990-03-15,nicaragua
Edith Grøn,Educado en,Academia de San Carlos,nicaragua
Edith Grøn,Educado en,Escuela Nacional de Bellas Artes (Nicaragua),nicaragua
Eduardo Zepeda-Henríquez,Lugar de nacimiento,Granada,nicaragua
Eduardo Zepeda-Henríquez,Ocupación,poeta,nicaragua
Eduardo Zepeda-Henríquez,Ciudadanía,Nicaragua,nicaragua
Eduardo Zepeda-Henríquez,Empleador,Universidad Nacional Autónoma de Nicaragua,nicaragua
Eduardo Zepeda-Henríquez,Miembro de,Real Academia de la Historia,nicaragua
Eduardo Zepeda-Henríquez,Fecha de nacimiento,1930-03-06,nicaragua
Eduardo Zepeda-Henríquez,Fecha de defunción,2022-02-13,nicaragua
Eduardo Zepeda-Henríquez,Ocupación,profesor universitario,nicaragua
Eduardo Zepeda-Henríquez,Ocupación,ensayista,nicaragua
Eduardo Zepeda-Henríquez,Empleador,Universidad Centroamericana,nicaragua
Eduardo Zepeda-Henríquez,Miembro de,Academia Nicaragüense de la Lengua,nicaragua
Enmanuel Mongalo y Rubio,Lugar de nacimiento,Rivas,nicaragua
Enmanuel Mongalo y Rubio,Ocupación,profesor,nicaragua
Enmanuel Mongalo y Rubio,Ciudadanía,Nicaragua,nicaragua
Enmanuel Mongalo y Rubio,Fecha de nacimiento,1834-06-21,nicaragua
Enmanuel Mongalo y Rubio,Fecha de defunción,1872-02-01,nicaragua
Erlyn Hurtado,Lugar de nacimiento,Wiwilí de Jinotega,nicaragua
Erlyn Hurtado,Ciudadanía,Nicaragua,nicaragua
Erlyn Hurtado,Fecha de nacimiento,1979-03-08,nicaragua
Erlyn Hurtado,Fecha de defunción,2011-05-11,nicaragua
Ernesto Mejía Sánchez,Lugar de nacimiento,Masaya,nicaragua
Ernesto Mejía Sánchez,Ocupación,escritor,nicaragua
Ernesto Mejía Sánchez,Ciudadanía,Nicaragua,nicaragua
Ernesto Mejía Sánchez,Cargo,embajador de Nicaragua en España,nicaragua
Ernesto Mejía Sánchez,Premio recibido,Premio Xavier Villaurrutia,nicaragua
Ernesto Mejía Sánchez,Fecha de nacimiento,1923-01-01,nicaragua
Ernesto Mejía Sánchez,Fecha de defunción,1985-01-01,nicaragua
Ernesto Mejía Sánchez,Ocupación,poeta,nicaragua
Ernesto Mejía Sánchez,Ocupación,diplomático,nicaragua
Ernesto Mejía Sánchez,Premio recibido,Premio Internacional Alfonso Reyes,nicaragua
Silvio Ernesto Avilés,Lugar de nacimiento,Jinotepe,nicaragua
Silvio Ernesto Avilés,Ocupación,futbolista,nicaragua
Silvio Ernesto Avilés,Ciudadanía,Nicaragua,nicaragua
Silvio Ernesto Avilés,Fecha de nacimiento,1980-08-11,nicaragua
Isolda Hurtado,Lugar de nacimiento,Granada,nicaragua
Isolda Hurtado,Ocupación,poeta,nicaragua
Isolda Hurtado,Ciudadanía,Nicaragua,nicaragua
Isolda Hurtado,Fecha de nacimiento,1956-01-01,nicaragua
Isolda Hurtado,Ocupación,traductor,nicaragua
José Sacasa y Méndez,Ocupación,abogado,nicaragua
José Sacasa y Méndez,Ciudadanía,España,nicaragua
José Sacasa y Méndez,Educado en,Universidad de Valladolid,nicaragua
José Sacasa y Méndez,Cargo,diputado de España,nicaragua
José Sacasa y Méndez,Fecha de nacimiento,1800-01-01,nicaragua
José Sacasa y Méndez,Fecha de defunción,1900-01-01,nicaragua
José Sacasa y Méndez,Ocupación,político,nicaragua
José Sacasa y Méndez,Ciudadanía,Nicaragua,nicaragua
Rigoberto Cabezas,Lugar de nacimiento,Cartago,nicaragua
Rigoberto Cabezas,Ocupación,periodista,nicaragua
Rigoberto Cabezas,Ciudadanía,Nicaragua,nicaragua
Rigoberto Cabezas,Fecha de nacimiento,1860-08-04,nicaragua
Rigoberto Cabezas,Fecha de defunción,1896-08-21,nicaragua
Fermín Ferrer,Lugar de nacimiento,Chinandega,nicaragua
Fermín Ferrer,Ocupación,político,nicaragua
Fermín Ferrer,Ciudadanía,Nicaragua,nicaragua
Fermín Ferrer,Cargo,Presidente de Nicaragua,nicaragua
Fermín Ferrer,Fecha de defunción,1900-01-01,nicaragua
Fernando Silva Espinoza,Lugar de nacimiento,Granada,nicaragua
Fernando Silva Espinoza,Ocupación,médico,nicaragua
Fernando Silva Espinoza,Ciudadanía,Nicaragua,nicaragua
Fernando Silva Espinoza,Miembro de,Academia Nicaragüense de la Lengua,nicaragua
Fernando Silva Espinoza,Fecha de nacimiento,1927-02-01,nicaragua
Fernando Silva Espinoza,Fecha de defunción,2016-10-01,nicaragua
Fernando Silva Espinoza,Ocupación,poeta,nicaragua
Fernando Silva Espinoza,Ocupación,político,nicaragua
Fernando Silva Espinoza,Ocupación,crítico literario,nicaragua
Francisco Ruiz Udiel,Lugar de nacimiento,Estelí,nicaragua
Francisco Ruiz Udiel,Ocupación,poeta,nicaragua
Francisco Ruiz Udiel,Ciudadanía,Nicaragua,nicaragua
Francisco Ruiz Udiel,Miembro de,Academia Nicaragüense de la Lengua,nicaragua
Francisco Ruiz Udiel,Fecha de nacimiento,1977-01-01,nicaragua
Francisco Ruiz Udiel,Fecha de defunción,2010-12-31,nicaragua
Francisco Ruiz Udiel,Ocupación,periodista,nicaragua
Guillermo Potoy Angulo,Lugar de nacimiento,Ometepe,nicaragua
Guillermo Potoy Angulo,Ocupación,político,nicaragua
Guillermo Potoy Angulo,Ciudadanía,Nicaragua,nicaragua
Guillermo Potoy Angulo,Fecha de nacimiento,1940-01-01,nicaragua
Hanzel Lacayo,Lugar de nacimiento,Managua,nicaragua
Hanzel Lacayo,Ocupación,poeta,nicaragua
Hanzel Lacayo,Ciudadanía,Nicaragua,nicaragua
Hanzel Lacayo,Educado en,Universidad Centroamericana,nicaragua
Hanzel Lacayo,Fecha de nacimiento,1984-12-12,nicaragua
Ignacio Sediles,Ocupación,político,nicaragua
Ignacio Sediles,Ciudadanía,Nicaragua,nicaragua
Ignacio Sediles,Fecha de nacimiento,1799-01-01,nicaragua
Ignacio Sediles,Fecha de defunción,1899-01-01,nicaragua
Ignacio Sediles,Ocupación,oficial militar,nicaragua
Irma Prego,Lugar de nacimiento,Granada,nicaragua
Irma Prego,Ocupación,escritor,nicaragua
Irma Prego,Ciudadanía,Costa Rica,nicaragua
Irma Prego,Fecha de nacimiento,1933-04-08,nicaragua
Irma Prego,Fecha de defunción,2000-10-11,nicaragua
Irma Prego,Ciudadanía,Nicaragua,nicaragua
Isabel Urcuyo,Lugar de nacimiento,Costa Rica,nicaragua
Isabel Urcuyo,Ocupación,primera dama,nicaragua
Isabel Urcuyo,Ciudadanía,Estados Unidos,nicaragua
Isabel Urcuyo,Fecha de nacimiento,1924-07-31,nicaragua
Isabel Urcuyo,Fecha de defunción,2014-08-30,nicaragua
Isabel Urcuyo,Ciudadanía,Costa Rica,nicaragua
Isabel Urcuyo,Ciudadanía,Nicaragua,nicaragua
Copenhague,jefe de gobierno,Lars Weiss,nicaragua
Copenhague,país,Dinamarca,nicaragua
Copenhague,instancia de,ciudad,nicaragua
Copenhague,instancia de,ciudad de ciclismo,nicaragua
Copenhague,instancia de,gran ciudad,nicaragua
Real Academia de la Historia,país,España,nicaragua
Real Academia de la Historia,instancia de,academia,nicaragua
Real Academia de la Historia,instancia de,archivo,nicaragua
Real Academia de la Historia,instancia de,editorial,nicaragua
Real Academia de la Historia,fundador,Felipe V de España,nicaragua
Rivas,país,Nicaragua,nicaragua
Rivas,instancia de,ciudad,nicaragua
Rivas,instancia de,municipio de Nicaragua,nicaragua
Rivas,situado en la entidad territorial administrativa,Departamento de Rivas,nicaragua
Rivas,ciudad hermana,Offenbach del Meno,nicaragua
profesor,instancia de,profesión,nicaragua
profesor,instancia de,cargo,nicaragua
profesor,instancia de,ocupación,nicaragua
profesor,subclase de,educador,nicaragua
profesor,subclase de,académico,nicaragua
Wiwilí de Jinotega,país,Nicaragua,nicaragua
Wiwilí de Jinotega,instancia de,municipio de Nicaragua,nicaragua
Wiwilí de Jinotega,situado en la entidad territorial administrativa,Departamento de Jinotega,nicaragua
Wiwilí de Jinotega,ciudad hermana,Friburgo de Brisgovia,nicaragua
embajador de Nicaragua en España,país,España,nicaragua
embajador de Nicaragua en España,instancia de,cargo,nicaragua
embajador de Nicaragua en España,operador,Nicaragua,nicaragua
embajador de Nicaragua en España,subclase de,embajador de Nicaragua,nicaragua
embajador de Nicaragua en España,subclase de,embajador en España,nicaragua
Premio Xavier Villaurrutia,país,México,nicaragua
Premio Xavier Villaurrutia,instancia de,premio literario,nicaragua
Premio Xavier Villaurrutia,nombrado en referencia a,Xavier Villaurrutia,nicaragua
Premio Xavier Villaurrutia,conferido por,Instituto Nacional de Bellas Artes y Literatura,nicaragua
Premio Xavier Villaurrutia,conferido por,Consejo Nacional para la Cultura y las Artes,nicaragua
traductor,instancia de,profesión,nicaragua
traductor,subclase de,escritor,nicaragua
traductor,subclase de,mediador lingüístico,nicaragua
traductor,ámbito de la ocupación,traducción,nicaragua
Universidad de Valladolid,país,España,nicaragua
Universidad de Valladolid,instancia de,universidad,nicaragua
Universidad de Valladolid,instancia de,editor de acceso abierto,nicaragua
Universidad de Valladolid,situado en la entidad territorial administrativa,Valladolid,nicaragua
Universidad de Valladolid,filial,Instituto Universitario de Urbanística,nicaragua
diputado de España,país,España,nicaragua
diputado de España,instancia de,cargo,nicaragua
diputado de España,instancia de,cargo elegido,nicaragua
diputado de España,subclase de,diputado,nicaragua
diputado de España,forma parte de,Congreso de los Diputados,nicaragua
Cartago,país,Costa Rica,nicaragua
Cartago,instancia de,ciudad,nicaragua
Cartago,situado en la entidad territorial administrativa,Provincia de Cartago,nicaragua
Cartago,subdividido en (división administrativa),Occidental,nicaragua
Cartago,subdividido en (división administrativa),Oriental,nicaragua
Ometepe,país,Nicaragua,nicaragua
Ometepe,instancia de,isla,nicaragua
Ometepe,situado en la entidad territorial administrativa,Departamento de Rivas,nicaragua
Ometepe,subdividido en (división administrativa),Altagracia,nicaragua
Ometepe,subdividido en (división administrativa),Moyogalpa,nicaragua
oficial militar,instancia de,rango militar,nicaragua
oficial militar,instancia de,profesión militar,nicaragua
oficial militar,subclase de,militar,nicaragua
oficial militar,subclase de,oficial,nicaragua
oficial militar,opuesto a,personal militar alistado,nicaragua
Costa Rica,santo patrón,Virgen de los Ángeles,nicaragua
Costa Rica,miembro de,Organización de las Naciones Unidas,nicaragua
Costa Rica,miembro de,UNESCO,nicaragua
primera dama,instancia de,título honorífico,nicaragua
primera dama,instancia de,cargo,nicaragua
primera dama,subclase de,mujer,nicaragua
primera dama,subclase de,consorte,nicaragua
Alejandro Montiel Argüello,Lugar de nacimiento,Granada,nicaragua
Alejandro Montiel Argüello,Ocupación,juez,nicaragua
Alejandro Montiel Argüello,Ciudadanía,Nicaragua,nicaragua
Alejandro Montiel Argüello,Premio recibido,Cruz federal de la República de Alemania al mérito,nicaragua
Alejandro Montiel Argüello,Fecha de nacimiento,1917-03-13,nicaragua
Alejandro Montiel Argüello,Fecha de defunción,2012-09-17,nicaragua
Alejandro Montiel Argüello,Ocupación,jurista,nicaragua
Alejandro Montiel Argüello,Ocupación,profesor universitario,nicaragua
Alejandro Montiel Argüello,Premio recibido,Gran Cruz de la Orden de Isabel la Católica,nicaragua
Alejandro Montiel Argüello,Premio recibido,Cruz de Honor de la Orden de San Raimundo de Peñafort,nicaragua
Carlos Núñez Téllez,Lugar de nacimiento,León,nicaragua
Carlos Núñez Téllez,Ocupación,político,nicaragua
Carlos Núñez Téllez,Ciudadanía,Nicaragua,nicaragua
Carlos Núñez Téllez,Cargo,miembro de la Asamblea Nacional de Nicaragua,nicaragua
Carlos Núñez Téllez,Fecha de nacimiento,1951-07-26,nicaragua
Carlos Núñez Téllez,Fecha de defunción,1990-10-02,nicaragua
Juanita Molina de Fromen,Lugar de nacimiento,Managua,nicaragua
Juanita Molina de Fromen,Ocupación,político,nicaragua
Juanita Molina de Fromen,Ciudadanía,Nicaragua,nicaragua
Juanita Molina de Fromen,Educado en,Universidad de Columbia,nicaragua
Juanita Molina de Fromen,Fecha de nacimiento,1893-01-01,nicaragua
Juanita Molina de Fromen,Fecha de defunción,1934-01-01,nicaragua
Juanita Molina de Fromen,Ocupación,suffragette,nicaragua
Tino García,Lugar de nacimiento,Managua,nicaragua
Tino García,Ocupación,actor,nicaragua
Tino García,Ciudadanía,Estados Unidos,nicaragua
Tino García,Educado en,Universidad de Georgetown,nicaragua
Tino García,Fecha de nacimiento,1935-05-25,nicaragua
Tino García,Fecha de defunción,2015-09-26,nicaragua
Tino García,Ocupación,comediante,nicaragua
Tino García,Ciudadanía,Nicaragua,nicaragua
Tino García,Educado en,Gordon State College,nicaragua
Carlos Abaunza,Lugar de nacimiento,San José,nicaragua
Carlos Abaunza,Ocupación,atleta,nicaragua
Carlos Abaunza,Ciudadanía,Nicaragua,nicaragua
Carlos Abaunza,Fecha de nacimiento,1986-01-11,nicaragua
Elida María Galeano Cornejo,Lugar de nacimiento,Departamento de Jinotega,nicaragua
Elida María Galeano Cornejo,Ocupación,político,nicaragua
Elida María Galeano Cornejo,Ciudadanía,Nicaragua,nicaragua
Elida María Galeano Cornejo,Fecha de nacimiento,1965-02-18,nicaragua
Steadman Fagoth Müller,Lugar de nacimiento,Puerto Cabezas,nicaragua
Steadman Fagoth Müller,Ocupación,político,nicaragua
Steadman Fagoth Müller,Ciudadanía,Nicaragua,nicaragua
Steadman Fagoth Müller,Fecha de nacimiento,1953-08-05,nicaragua
Brooklyn Rivera,Ocupación,político,nicaragua
Brooklyn Rivera,Ciudadanía,Nicaragua,nicaragua
Brooklyn Rivera,Fecha de nacimiento,1952-09-24,nicaragua
Carlos Argüello Gomez,Lugar de nacimiento,Managua,nicaragua
Carlos Argüello Gomez,Ocupación,abogado,nicaragua
Carlos Argüello Gomez,Ciudadanía,Nicaragua,nicaragua
Carlos Argüello Gomez,Fecha de nacimiento,1946-01-01,nicaragua
Max L. Lacayo,Lugar de nacimiento,Managua,nicaragua
Max L. Lacayo,Ocupación,escritor,nicaragua
Max L. Lacayo,Ciudadanía,Nicaragua,nicaragua
Max L. Lacayo,Fecha de nacimiento,1951-09-17,nicaragua
Max L. Lacayo,Ocupación,poeta,nicaragua
Carlos García Solórzano,Lugar de nacimiento,Managua,nicaragua
Carlos García Solórzano,Ciudadanía,Nicaragua,nicaragua
Carlos García Solórzano,Fecha de nacimiento,1931-04-30,nicaragua
Carlos García Solórzano,Fecha de defunción,2014-09-18,nicaragua
Eulises Pavón,Lugar de nacimiento,Diriamba,nicaragua
Eulises Pavón,Ocupación,futbolista,nicaragua
Eulises Pavón,Ciudadanía,Nicaragua,nicaragua
Eulises Pavón,Fecha de nacimiento,1993-01-06,nicaragua
Gabriel Serra,Lugar de nacimiento,Managua,nicaragua
Gabriel Serra,Ocupación,director de fotografía,nicaragua
Gabriel Serra,Ciudadanía,Nicaragua,nicaragua
Gabriel Serra,Fecha de nacimiento,1984-07-05,nicaragua
Gabriel Serra,Ocupación,director de cine,nicaragua
Antonio Lacayo Oyanguren,Lugar de nacimiento,Managua,nicaragua
Antonio Lacayo Oyanguren,Ocupación,político,nicaragua
Antonio Lacayo Oyanguren,Ciudadanía,Nicaragua,nicaragua
Antonio Lacayo Oyanguren,Premio recibido,Gran Cruz de la Orden de Isabel la Católica,nicaragua
Antonio Lacayo Oyanguren,Fecha de nacimiento,1947-12-21,nicaragua
Antonio Lacayo Oyanguren,Fecha de defunción,2015-11-17,nicaragua
Danilo Canda,Ocupación,ajedrecista,nicaragua
Danilo Canda,Ciudadanía,Nicaragua,nicaragua
Danilo Canda,Fecha de nacimiento,1961-02-10,nicaragua
Silvia Artola,Ocupación,halterófilo,nicaragua
Silvia Artola,Ciudadanía,Nicaragua,nicaragua
Silvia Artola,Fecha de nacimiento,1985-04-05,nicaragua
José Adiak Montoya,Lugar de nacimiento,Managua,nicaragua
José Adiak Montoya,Ocupación,escritor,nicaragua
José Adiak Montoya,Ciudadanía,Nicaragua,nicaragua
José Adiak Montoya,Fecha de nacimiento,1987-06-03,nicaragua
Andrés Ruzo,Ocupación,científico,nicaragua
Andrés Ruzo,Ciudadanía,Estados Unidos,nicaragua
Andrés Ruzo,Educado en,Universidad Metodista del Sur,nicaragua
Andrés Ruzo,Fecha de nacimiento,2000-01-01,nicaragua
Andrés Ruzo,Ciudadanía,Perú,nicaragua
Andrés Ruzo,Ciudadanía,Nicaragua,nicaragua
Andrés Ruzo,Educado en,Cistercian Preparatory School,nicaragua
Carlos Delgado,Ocupación,deportista,nicaragua
Carlos Delgado,Ciudadanía,Nicaragua,nicaragua
Carlos Delgado,Fecha de nacimiento,1970-10-05,nicaragua
Cruz federal de la República de Alemania al mérito,país,Alemania,nicaragua
Cruz federal de la República de Alemania al mérito,instancia de,grado de una orden,nicaragua
Cruz federal de la República de Alemania al mérito,subclase de,Gran Cruz,nicaragua
Cruz federal de la República de Alemania al mérito,forma parte de,Orden del Mérito de la República Federal de Alemania,nicaragua
Cruz federal de la República de Alemania al mérito,categoría para los galardonados con este premio,Categoría:Ganadores de la Cruz federal del la República del Alemania al mérito,nicaragua
León,país,Nicaragua,nicaragua
León,instancia de,municipio de Nicaragua,nicaragua
León,instancia de,gran ciudad,nicaragua
León,situado en la entidad territorial administrativa,Departamento de León,nicaragua
León,nombrado en referencia a,Ruínas de León Viejo,nicaragua
Universidad de Georgetown,ubicación,Georgetown,nicaragua
Universidad de Georgetown,industria,educación superior,nicaragua
Universidad de Georgetown,color,azul,nicaragua
San José,jefe de gobierno,Diego Miranda Méndez,nicaragua
San José,país,Costa Rica,nicaragua
San José,instancia de,ciudad,nicaragua
San José,instancia de,entidad territorial administrativa,nicaragua
San José,instancia de,gran ciudad,nicaragua
Departamento de Jinotega,país,Nicaragua,nicaragua
Departamento de Jinotega,instancia de,departamento de Nicaragua,nicaragua
Departamento de Jinotega,capital,Jinotega,nicaragua
Departamento de Jinotega,comparte fronteras con,Región Autónoma de la Costa Caribe Norte,nicaragua
Departamento de Jinotega,comparte fronteras con,Departamento de Estelí,nicaragua
Puerto Cabezas,país,Nicaragua,nicaragua
Puerto Cabezas,instancia de,municipio de Nicaragua,nicaragua
Puerto Cabezas,instancia de,gran ciudad,nicaragua
Puerto Cabezas,capital,Bilwi,nicaragua
Puerto Cabezas,situado en la entidad territorial administrativa,Región Autónoma de la Costa Caribe Norte,nicaragua
director de fotografía,instancia de,título de autoridad,nicaragua
director de fotografía,instancia de,profesión del cine,nicaragua
director de fotografía,instancia de,ocupación,nicaragua
director de fotografía,subclase de,artista,nicaragua
director de fotografía,subclase de,camarógrafo,nicaragua
director de cine,instancia de,profesión,nicaragua
director de cine,instancia de,profesión del cine,nicaragua
director de cine,subclase de,artista visual,nicaragua
director de cine,subclase de,profesional del cine,nicaragua
director de cine,subclase de,realizador,nicaragua
ajedrecista,instancia de,profesión,nicaragua
ajedrecista,subclase de,deportista,nicaragua
ajedrecista,subclase de,jugador de juego de tablero,nicaragua
halterófilo,instancia de,ocupación,nicaragua
halterófilo,subclase de,atleta de fuerza,nicaragua
halterófilo,ámbito de la ocupación,halterofilia,nicaragua
halterófilo,categoría principal del tema,Categoría:Halterófilos,nicaragua
científico,instancia de,profesión,nicaragua
científico,instancia de,cargo,nicaragua
científico,subclase de,investigador,nicaragua
científico,subclase de,erudito,nicaragua
científico,ámbito de la ocupación,ciencia,nicaragua
Universidad Metodista del Sur,país,Estados Unidos,nicaragua
Universidad Metodista del Sur,instancia de,universidad privada,nicaragua
Universidad Metodista del Sur,instancia de,institución educativa privada sin fines de lucro,nicaragua
Universidad Metodista del Sur,situado en la entidad territorial administrativa,Dallas,nicaragua
Universidad Metodista del Sur,religión,Iglesia Metodista Unida,nicaragua
Perú,jefe de gobierno,José Jerí,nicaragua
Perú,continente,América del Sur,nicaragua
Perú,instancia de,país,nicaragua
Perú,instancia de,estado soberano,nicaragua
Perú,jefe de Estado,José Jerí,nicaragua
Rossana Lacayo,Lugar de nacimiento,Managua,nicaragua
Rossana Lacayo,Ocupación,guionista,nicaragua
Rossana Lacayo,Ciudadanía,Nicaragua,nicaragua
Rossana Lacayo,Educado en,Universidad Duke,nicaragua
Rossana Lacayo,Fecha de nacimiento,1956-09-03,nicaragua
Rossana Lacayo,Ocupación,fotógrafo,nicaragua
Rossana Lacayo,Ocupación,director de cine,nicaragua
Carlos Chavarría,Lugar de nacimiento,Estelí,nicaragua
Carlos Chavarría,Ocupación,futbolista,nicaragua
Carlos Chavarría,Ciudadanía,Nicaragua,nicaragua
Carlos Chavarría,Fecha de nacimiento,1994-05-02,nicaragua
Henry García,Lugar de nacimiento,Nicaragua,nicaragua
Henry García,Ocupación,futbolista,nicaragua
Henry García,Ciudadanía,Nicaragua,nicaragua
Henry García,Fecha de nacimiento,1991-08-03,nicaragua
Salvador García Acuña,Lugar de nacimiento,Jalapa,nicaragua
Salvador García Acuña,Ocupación,futbolista,nicaragua
Salvador García Acuña,Ciudadanía,Nicaragua,nicaragua
Salvador García Acuña,Fecha de nacimiento,1982-03-13,nicaragua
Ricardo Vega,Lugar de nacimiento,Nicaragua,nicaragua
Ricardo Vega,Ocupación,futbolista,nicaragua
Ricardo Vega,Ciudadanía,Nicaragua,nicaragua
Ricardo Vega,Fecha de nacimiento,1982-12-20,nicaragua
Xiskya Valladares,Lugar de nacimiento,León,nicaragua
Xiskya Valladares,Ocupación,escritor,nicaragua
Xiskya Valladares,Ciudadanía,Nicaragua,nicaragua
Xiskya Valladares,Educado en,Universidad de Barcelona,nicaragua
Xiskya Valladares,Fecha de nacimiento,1901-01-01,nicaragua
Xiskya Valladares,Ocupación,monja,nicaragua
Xiskya Valladares,Ocupación,periodista,nicaragua
Xiskya Valladares,Ocupación,bloguero,nicaragua
Xiskya Valladares,Ocupación,filólogo,nicaragua
José Dolores Estrada Morales,Lugar de nacimiento,Managua,nicaragua
José Dolores Estrada Morales,Ocupación,político,nicaragua
José Dolores Estrada Morales,Ciudadanía,Nicaragua,nicaragua
José Dolores Estrada Morales,Cargo,Presidente de Nicaragua,nicaragua
José Dolores Estrada Morales,Fecha de nacimiento,1869-01-01,nicaragua
José Dolores Estrada Morales,Fecha de defunción,1939-04-06,nicaragua
María Teresa Sánchez,Lugar de nacimiento,Managua,nicaragua
María Teresa Sánchez,Ocupación,escritor,nicaragua
María Teresa Sánchez,Ciudadanía,Nicaragua,nicaragua
María Teresa Sánchez,Fecha de nacimiento,1918-10-15,nicaragua
María Teresa Sánchez,Fecha de defunción,1994-08-21,nicaragua
María Teresa Sánchez,Ocupación,poeta,nicaragua
Eduardo Urroz,Lugar de nacimiento,Nicaragua,nicaragua
Eduardo Urroz,Ocupación,entrenador,nicaragua
Eduardo Urroz,Ciudadanía,Nicaragua,nicaragua
Eduardo Urroz,Fecha de nacimiento,1967-10-07,nicaragua
Eduardo Urroz,Ocupación,futbolista,nicaragua
Alfonso Ortega Urbina,Lugar de nacimiento,Granada,nicaragua
Alfonso Ortega Urbina,Ocupación,político,nicaragua
Alfonso Ortega Urbina,Ciudadanía,Nicaragua,nicaragua
Alfonso Ortega Urbina,Premio recibido,Gran Cruz de la Orden de Isabel la Católica,nicaragua
Alfonso Ortega Urbina,Fecha de nacimiento,1925-02-24,nicaragua
Alfonso Ortega Urbina,Fecha de defunción,2006-01-01,nicaragua
Ricardo M. Rueda,Ocupación,botánico,nicaragua
Ricardo M. Rueda,Ciudadanía,Nicaragua,nicaragua
Ricardo M. Rueda,Fecha de nacimiento,1960-01-01,nicaragua
Marina Cárdenas,Lugar de nacimiento,Managua,nicaragua
Marina Cárdenas,Ocupación,cantante,nicaragua
Marina Cárdenas,Ciudadanía,Nicaragua,nicaragua
Marina Cárdenas,Fecha de nacimiento,1946-12-26,nicaragua
Marina Cárdenas,Fecha de defunción,2014-10-31,nicaragua
Óscar Moncada,Ocupación,político,nicaragua
Óscar Moncada,Ciudadanía,Nicaragua,nicaragua
Óscar Moncada,Cargo,miembro de la Asamblea Nacional de Nicaragua,nicaragua
Óscar Moncada,Fecha de nacimiento,2000-01-01,nicaragua
Óscar Moncada,Fecha de defunción,2014-11-09,nicaragua
Óscar Moncada,Cargo,President of the National Assembly of Nicaragua,nicaragua
Byron Rojas,Lugar de nacimiento,Matagalpa,nicaragua
Byron Rojas,Ocupación,boxeador,nicaragua
Byron Rojas,Ciudadanía,Nicaragua,nicaragua
Byron Rojas,Fecha de nacimiento,1990-06-23,nicaragua
Carlos Dávila,Lugar de nacimiento,Managua,nicaragua
Carlos Dávila,Ocupación,ajedrecista,nicaragua
Carlos Dávila,Ciudadanía,Nicaragua,nicaragua
Carlos Dávila,Fecha de nacimiento,1971-03-05,nicaragua
Ronnier Mendieta,Ocupación,luchador,nicaragua
Ronnier Mendieta,Ciudadanía,Nicaragua,nicaragua
Ronnier Mendieta,Fecha de nacimiento,1970-02-14,nicaragua
Neftalí Cortés Celebertti,Lugar de nacimiento,Managua,nicaragua
Neftalí Cortés Celebertti,Ciudadanía,Nicaragua,nicaragua
Neftalí Cortés Celebertti,Fecha de nacimiento,1923-01-01,nicaragua
Neftalí Cortés Celebertti,Fecha de defunción,2014-12-22,nicaragua
Felipe Urrutia,Ocupación,cantautor,nicaragua
Felipe Urrutia,Ciudadanía,Nicaragua,nicaragua
Felipe Urrutia,Fecha de nacimiento,1918-02-05,nicaragua
Felipe Urrutia,Fecha de defunción,2014-12-26,nicaragua
O.M. Montiel,Ocupación,recolector de plantas,nicaragua
O.M. Montiel,Ciudadanía,Nicaragua,nicaragua
O.M. Montiel,Empleador,Jardín Botánico de Misuri,nicaragua
O.M. Montiel,Fecha de nacimiento,1951-01-01,nicaragua
O.M. Montiel,Ocupación,botánico,nicaragua
Richard Rodríguez,Lugar de nacimiento,Toledo,nicaragua
Richard Rodríguez,Ocupación,futbolista,nicaragua
Richard Rodríguez,Ciudadanía,Uruguay,nicaragua
Richard Rodríguez,Fecha de nacimiento,1992-07-13,nicaragua
Richard Rodríguez,Ciudadanía,Nicaragua,nicaragua
guionista,instancia de,profesión del cine,nicaragua
guionista,género,guion,nicaragua
guionista,subclase de,escritor,nicaragua
guionista,ámbito de la ocupación,escritura de guiones,nicaragua
guionista,categoría principal del tema,Categoría:Guionistas,nicaragua
Universidad Duke,país,Estados Unidos,nicaragua
Universidad Duke,instancia de,universidad,nicaragua
Universidad Duke,instancia de,institución educativa privada sin fines de lucro,nicaragua
Universidad Duke,instancia de,editor de acceso abierto,nicaragua
Universidad Duke,campo de trabajo,investigación,nicaragua
Jalapa,país,Nicaragua,nicaragua
Jalapa,instancia de,municipio de Nicaragua,nicaragua
Jalapa,situado en la entidad territorial administrativa,Departamento de Nueva Segovia,nicaragua
Jalapa,diferente de,Jalapa,nicaragua
Universidad de Barcelona,país,España,nicaragua
Universidad de Barcelona,instancia de,universidad pública,nicaragua
Universidad de Barcelona,instancia de,editorial,nicaragua
Universidad de Barcelona,instancia de,organización educativa,nicaragua
Universidad de Barcelona,instancia de,editor de acceso abierto,nicaragua
botánico,instancia de,profesión,nicaragua
botánico,subclase de,biólogo,nicaragua
botánico,ámbito de la ocupación,botánica,nicaragua
botánico,categoría principal del tema,Categoría:Botánicos,nicaragua
botánico,plantilla principal del tema,Plantilla:Botánico,nicaragua
luchador,instancia de,ocupación,nicaragua
luchador,subclase de,luchador,nicaragua
luchador,ámbito de la ocupación,lucha,nicaragua
luchador,ámbito de la ocupación,lucha amateur,nicaragua
luchador,deporte,lucha amateur,nicaragua
recolector de plantas,instancia de,ocupación,nicaragua
recolector de plantas,subclase de,recolector científico,nicaragua
recolector de plantas,ámbito de la ocupación,botánica,nicaragua
recolector de plantas,ámbito de la ocupación,coleccionismo de plantas,nicaragua
Jardín Botánico de Misuri,país,Estados Unidos,nicaragua
Jardín Botánico de Misuri,instancia de,jardín botánico,nicaragua
Jardín Botánico de Misuri,situado en la entidad territorial administrativa,San Luis,nicaragua
Jardín Botánico de Misuri,ubicación de la sede,San Luis,nicaragua
Toledo,país,Uruguay,nicaragua
Toledo,instancia de,ciudad,nicaragua
Toledo,instancia de,asentamiento,nicaragua
Toledo,situado en la entidad territorial administrativa,Departamento de Canelones,nicaragua
Uruguay,forma parte de,América del Sur,nicaragua
Uruguay,forma parte de,América Latina,nicaragua
Uruguay,forma parte de,Cono Sur,nicaragua
Uruguay,forma parte de,Anexo:Paraísos fiscales según la Unión Europea,nicaragua
Scharllette Allen,Lugar de nacimiento,Bluefields,nicaragua
Scharllette Allen,Ocupación,baloncestista,nicaragua
Scharllette Allen,Ciudadanía,Nicaragua,nicaragua
Scharllette Allen,Fecha de nacimiento,1991-09-18,nicaragua
Scharllette Allen,Ocupación,modelo,nicaragua
Scharllette Allen,Ocupación,participante en concursos de belleza,nicaragua
Indiana Sánchez,Lugar de nacimiento,Managua,nicaragua
Indiana Sánchez,Ocupación,modelo,nicaragua
Indiana Sánchez,Ciudadanía,Nicaragua,nicaragua
Indiana Sánchez,Fecha de nacimiento,1987-08-03,nicaragua
Indiana Sánchez,Ocupación,participante en concursos de belleza,nicaragua
Luis Alberto Pérez,Lugar de nacimiento,Managua,nicaragua
Luis Alberto Pérez,Ocupación,boxeador,nicaragua
Luis Alberto Pérez,Ciudadanía,Nicaragua,nicaragua
Luis Alberto Pérez,Fecha de nacimiento,1978-04-06,nicaragua
"José ""Chepito"" Areas",Lugar de nacimiento,León,nicaragua
"José ""Chepito"" Areas",Ocupación,percusionista,nicaragua
"José ""Chepito"" Areas",Ciudadanía,Nicaragua,nicaragua
"José ""Chepito"" Areas",Miembro de,Santana,nicaragua
"José ""Chepito"" Areas",Fecha de nacimiento,1946-07-25,nicaragua
Arlen Siu,Lugar de nacimiento,Jinotepe,nicaragua
Arlen Siu,Ocupación,cantautor,nicaragua
Arlen Siu,Ciudadanía,Nicaragua,nicaragua
Arlen Siu,Fecha de nacimiento,1955-07-15,nicaragua
Arlen Siu,Fecha de defunción,1975-08-01,nicaragua
Arlen Siu,Ocupación,revolucionario,nicaragua
Patrick Argüello,Lugar de nacimiento,San Francisco,nicaragua
Patrick Argüello,Ocupación,médico,nicaragua
Patrick Argüello,Ciudadanía,Estados Unidos,nicaragua
Patrick Argüello,Educado en,Universidad de California en Los Ángeles,nicaragua
Patrick Argüello,Fecha de nacimiento,1943-03-30,nicaragua
Patrick Argüello,Fecha de defunción,1970-09-06,nicaragua
Patrick Argüello,Ocupación,político,nicaragua
Patrick Argüello,Ocupación,militante,nicaragua
Patrick Argüello,Ciudadanía,Nicaragua,nicaragua
Patrick Argüello,Educado en,Escuela Preparatoria Belmont,nicaragua
Pedro Lisímaco de Jesús Vílchez Vílchez,Lugar de nacimiento,Jinotega,nicaragua
Pedro Lisímaco de Jesús Vílchez Vílchez,Ocupación,sacerdote católico,nicaragua
Pedro Lisímaco de Jesús Vílchez Vílchez,Ciudadanía,Nicaragua,nicaragua
Pedro Lisímaco de Jesús Vílchez Vílchez,Cargo,Obispo de Jinotega,nicaragua
Pedro Lisímaco de Jesús Vílchez Vílchez,Fecha de nacimiento,1929-05-19,nicaragua
Pedro Lisímaco de Jesús Vílchez Vílchez,Fecha de defunción,2013-02-19,nicaragua
Pedro Lisímaco de Jesús Vílchez Vílchez,Ocupación,obispo católico,nicaragua
Pedro Lisímaco de Jesús Vílchez Vílchez,Ocupación,obispo católico latino,nicaragua
Perrozompopo,Lugar de nacimiento,Managua,nicaragua
Perrozompopo,Ocupación,compositor,nicaragua
Perrozompopo,Ciudadanía,Nicaragua,nicaragua
Perrozompopo,Fecha de nacimiento,1971-05-24,nicaragua
Perrozompopo,Ocupación,cantante,nicaragua
Perrozompopo,Ocupación,cantautor,nicaragua
Nidia Bustos,Ocupación,director de teatro,nicaragua
Nidia Bustos,Ciudadanía,Nicaragua,nicaragua
Nidia Bustos,Premio recibido,Premio Príncipe Claus,nicaragua
Nidia Bustos,Fecha de nacimiento,1952-01-01,nicaragua
Ponciano Corral Acosta,Lugar de nacimiento,Granada,nicaragua
Ponciano Corral Acosta,Ocupación,político,nicaragua
Ponciano Corral Acosta,Ciudadanía,Nicaragua,nicaragua
Ponciano Corral Acosta,Cargo,Presidente de Nicaragua,nicaragua
Ponciano Corral Acosta,Fecha de nacimiento,1805-01-01,nicaragua
Ponciano Corral Acosta,Fecha de defunción,1855-11-08,nicaragua
Rubén López Ardón,Lugar de nacimiento,Ocotal,nicaragua
Rubén López Ardón,Ocupación,sacerdote católico,nicaragua
Rubén López Ardón,Ciudadanía,Nicaragua,nicaragua
Rubén López Ardón,Cargo,Obispo de Estelí,nicaragua
Rubén López Ardón,Fecha de nacimiento,1934-06-19,nicaragua
Rubén López Ardón,Ocupación,obispo católico,nicaragua
Farah Eslaquit,Lugar de nacimiento,Q81033,nicaragua
Farah Eslaquit,Ocupación,participante en concursos de belleza,nicaragua
Farah Eslaquit,Ciudadanía,Nicaragua,nicaragua
Farah Eslaquit,Fecha de nacimiento,1991-12-15,nicaragua
Farah Eslaquit,Ocupación,fitness model,nicaragua
Silvio José Báez Ortega,Lugar de nacimiento,Masaya,nicaragua
Silvio José Báez Ortega,Ocupación,sacerdote católico,nicaragua
Silvio José Báez Ortega,Ciudadanía,Nicaragua,nicaragua
Silvio José Báez Ortega,Educado en,Pontificio Instituto Bíblico,nicaragua
Silvio José Báez Ortega,Cargo,obispo titular,nicaragua
Silvio José Báez Ortega,Fecha de nacimiento,1958-04-28,nicaragua
Silvio José Báez Ortega,Ocupación,obispo católico,nicaragua
Silvio José Báez Ortega,Cargo,Obispo auxiliar de Managua,nicaragua
Rosendo Álvarez,Lugar de nacimiento,Managua,nicaragua
Rosendo Álvarez,Ocupación,boxeador,nicaragua
Rosendo Álvarez,Ciudadanía,Nicaragua,nicaragua
Rosendo Álvarez,Fecha de nacimiento,1970-05-06,nicaragua
Salomón Ibarra Mayorga,Lugar de nacimiento,Chinandega,nicaragua
Salomón Ibarra Mayorga,Ocupación,escritor,nicaragua
Salomón Ibarra Mayorga,Ciudadanía,Nicaragua,nicaragua
Salomón Ibarra Mayorga,Obra notable,Salve a ti,nicaragua
Salomón Ibarra Mayorga,Fecha de nacimiento,1887-09-08,nicaragua
Salomón Ibarra Mayorga,Fecha de defunción,1985-10-02,nicaragua
Salomón Ibarra Mayorga,Ocupación,poeta,nicaragua
Salomón Ibarra Mayorga,Ocupación,letrista,nicaragua
Carlos Mejía Godoy,Lugar de nacimiento,Somoto,nicaragua
Carlos Mejía Godoy,Ocupación,cantante,nicaragua
Carlos Mejía Godoy,Ciudadanía,Nicaragua,nicaragua
Carlos Mejía Godoy,Obra notable,Quincho Barrilete,nicaragua
Carlos Mejía Godoy,Fecha de nacimiento,1943-06-27,nicaragua
Carlos Mejía Godoy,Ocupación,músico,nicaragua
Carlos Mejía Godoy,Ocupación,compositor de canciones,nicaragua
Vicente López,Lugar de nacimiento,San Isidro,nicaragua
Vicente López,Ocupación,beisbolista,nicaragua
Vicente López,Ciudadanía,Nicaragua,nicaragua
Vicente López,Fecha de nacimiento,1945-04-19,nicaragua
Vicente López,Fecha de defunción,2010-10-10,nicaragua
Jessica Aguilera,Lugar de nacimiento,Somoto,nicaragua
Jessica Aguilera,Ocupación,velocista,nicaragua
Jessica Aguilera,Ciudadanía,Nicaragua,nicaragua
Jessica Aguilera,Fecha de nacimiento,1985-06-26,nicaragua
baloncestista,instancia de,profesión,nicaragua
baloncestista,subclase de,deportista,nicaragua
baloncestista,subclase de,jugador competitivo,nicaragua
baloncestista,forma parte de,club de baloncesto,nicaragua
baloncestista,ámbito de la ocupación,baloncesto,nicaragua
participante en concursos de belleza,instancia de,ocupación,nicaragua
participante en concursos de belleza,subclase de,animador,nicaragua
participante en concursos de belleza,subclase de,modelo,nicaragua
participante en concursos de belleza,subclase de,concursante,nicaragua
participante en concursos de belleza,ámbito de la ocupación,concurso de belleza,nicaragua
percusionista,instancia de,ocupación,nicaragua
percusionista,instancia de,profesión musical,nicaragua
percusionista,subclase de,instrumentalista,nicaragua
Santana,instancia de,grupo de rock,nicaragua
Santana,género,rock latino,nicaragua
Santana,género,música de América Latina,nicaragua
Santana,premio recibido,Salón de la Fama del Rock,nicaragua
Santana,premio recibido,premio Grammy a la mejor interpretación pop vocal por un dúo o grupo,nicaragua
San Francisco,jefe de gobierno,Daniel Lurie,nicaragua
San Francisco,país,Estados Unidos,nicaragua
San Francisco,continente,América del Norte,nicaragua
San Francisco,instancia de,ciudad de Estados Unidos,nicaragua
San Francisco,instancia de,gran ciudad,nicaragua
Universidad de California en Los Ángeles,país,Estados Unidos,nicaragua
Universidad de California en Los Ángeles,instancia de,universidad,nicaragua
Universidad de California en Los Ángeles,instancia de,organización,nicaragua
Universidad de California en Los Ángeles,instancia de,campus,nicaragua
Universidad de California en Los Ángeles,instancia de,institución educativa pública de los Estados Unidos,nicaragua
director de teatro,lista de interés para el proyecto Wikimedia,Wikipedia:Lista de artículos que toda Wikipedia debería tener/Expandida,nicaragua
director de teatro,instancia de,profesión,nicaragua
director de teatro,instancia de,cargo,nicaragua
director de teatro,instancia de,oficio del teatro,nicaragua
Premio Príncipe Claus,país,Países Bajos,nicaragua
Premio Príncipe Claus,instancia de,premio de cultura,nicaragua
Premio Príncipe Claus,nombrado en referencia a,Nicolás de Amsberg,nicaragua
Premio Príncipe Claus,categoría principal del tema,Categoría:Premio Príncipe Claus,nicaragua
Obispo de Estelí,país,Nicaragua,nicaragua
Obispo de Estelí,instancia de,función episcopal,nicaragua
Obispo de Estelí,subclase de,obispo sufragáneo,nicaragua
Obispo de Estelí,subclase de,obispo diocesano católico,nicaragua
Obispo de Estelí,forma parte de,Conferencia Episcopal de Nicaragua,nicaragua
Pontificio Instituto Bíblico,país,Italia,nicaragua
Pontificio Instituto Bíblico,instancia de,Instituto pontificio,nicaragua
Pontificio Instituto Bíblico,fundador,Pío X,nicaragua
Pontificio Instituto Bíblico,situado en la entidad territorial administrativa,Roma,nicaragua
Pontificio Instituto Bíblico,ubicación de la sede,Roma,nicaragua
Salve a ti,país,Nicaragua,nicaragua
Salve a ti,instancia de,himno nacional,nicaragua
Salve a ti,música de,Luis Abraham Delgadillo,nicaragua
Salve a ti,idioma de la obra o del nombre,español,nicaragua
Salve a ti,letra de,Salomón Ibarra Mayorga,nicaragua
San Isidro,país,Nicaragua,nicaragua
San Isidro,instancia de,municipio de Nicaragua,nicaragua
San Isidro,situado en la entidad territorial administrativa,Departamento de Matagalpa,nicaragua
San Isidro,ciudad hermana,Pittsburgh,nicaragua
velocista,instancia de,profesión,nicaragua
velocista,instancia de,disciplina deportiva,nicaragua
velocista,subclase de,corredor,nicaragua
velocista,ámbito de la ocupación,carrera de velocidad,nicaragua
velocista,deporte,atletismo,nicaragua
Bernabé Somoza,Lugar de nacimiento,Jinotepe,nicaragua
Bernabé Somoza,Ciudadanía,Nicaragua,nicaragua
Bernabé Somoza,Fecha de nacimiento,1815-07-11,nicaragua
Bernabé Somoza,Fecha de defunción,1849-06-17,nicaragua
Diego Manuel Chamorro Bolaños,Lugar de nacimiento,Nandaime,nicaragua
Diego Manuel Chamorro Bolaños,Ocupación,político,nicaragua
Diego Manuel Chamorro Bolaños,Ciudadanía,Nicaragua,nicaragua
Diego Manuel Chamorro Bolaños,Cargo,Presidente de Nicaragua,nicaragua
Diego Manuel Chamorro Bolaños,Fecha de nacimiento,1861-08-09,nicaragua
Diego Manuel Chamorro Bolaños,Fecha de defunción,1923-10-12,nicaragua
José María Estrada,Lugar de nacimiento,Granada,nicaragua
José María Estrada,Ocupación,político,nicaragua
José María Estrada,Ciudadanía,Nicaragua,nicaragua
José María Estrada,Cargo,Presidente de Nicaragua,nicaragua
José María Estrada,Fecha de nacimiento,1802-01-01,nicaragua
José María Estrada,Fecha de defunción,1856-08-13,nicaragua
Nazario Escoto,Lugar de nacimiento,León,nicaragua
Nazario Escoto,Ocupación,político,nicaragua
Nazario Escoto,Ciudadanía,Nicaragua,nicaragua
Nazario Escoto,Cargo,Presidente de Nicaragua,nicaragua
Nazario Escoto,Fecha de nacimiento,1900-01-01,nicaragua
Fruto Chamorro Pérez,Lugar de nacimiento,Ciudad de Guatemala,nicaragua
Fruto Chamorro Pérez,Ocupación,político,nicaragua
Fruto Chamorro Pérez,Ciudadanía,Nicaragua,nicaragua
Fruto Chamorro Pérez,Cargo,Presidente de Nicaragua,nicaragua
Fruto Chamorro Pérez,Fecha de nacimiento,1804-10-20,nicaragua
Fruto Chamorro Pérez,Fecha de defunción,1855-03-12,nicaragua
Francisco Castellón Sanabria,Lugar de nacimiento,León,nicaragua
Francisco Castellón Sanabria,Ocupación,abogado,nicaragua
Francisco Castellón Sanabria,Ciudadanía,Nicaragua,nicaragua
Francisco Castellón Sanabria,Cargo,embajador,nicaragua
Francisco Castellón Sanabria,Fecha de nacimiento,1815-01-01,nicaragua
Francisco Castellón Sanabria,Fecha de defunción,1855-09-08,nicaragua
Francisco Castellón Sanabria,Ocupación,político,nicaragua
Francisco Castellón Sanabria,Ocupación,diplomático,nicaragua
Miguel Obando y Bravo,Lugar de nacimiento,La Libertad,nicaragua
Miguel Obando y Bravo,Ocupación,sacerdote católico,nicaragua
Miguel Obando y Bravo,Ciudadanía,Nicaragua,nicaragua
Miguel Obando y Bravo,Cargo,cardenal,nicaragua
Miguel Obando y Bravo,Premio recibido,Premio Bruno Kreisky,nicaragua
Miguel Obando y Bravo,Fecha de nacimiento,1926-02-02,nicaragua
Miguel Obando y Bravo,Fecha de defunción,2018-06-03,nicaragua
Miguel Obando y Bravo,Ocupación,obispo católico,nicaragua
Miguel Obando y Bravo,Premio recibido,Gran Cruz del Mérito con Estrella y Cinto del Mérito de La República Federal de Alemania,nicaragua
Miguel Obando y Bravo,Premio recibido,Gran Cruz de la Orden de Isabel la Católica,nicaragua
Miguel Obando y Bravo,Cargo,obispo auxiliar,nicaragua
Miguel Obando y Bravo,Cargo,obispo titular,nicaragua
Miguel Obando y Bravo,Cargo,Arzobispo de Managua,nicaragua
Gregorio Juárez,Lugar de nacimiento,León,nicaragua
Gregorio Juárez,Ocupación,político,nicaragua
Gregorio Juárez,Ciudadanía,Nicaragua,nicaragua
Gregorio Juárez,Cargo,Presidente de Nicaragua,nicaragua
Gregorio Juárez,Fecha de nacimiento,1800-05-09,nicaragua
Gregorio Juárez,Fecha de defunción,1879-09-21,nicaragua
Tomás Valladares,Ocupación,político,nicaragua
Tomás Valladares,Ciudadanía,Nicaragua,nicaragua
Tomás Valladares,Cargo,Presidente de Nicaragua,nicaragua
Tomás Valladares,Fecha de nacimiento,1800-01-01,nicaragua
Tomás Valladares,Fecha de defunción,1900-01-01,nicaragua
Manuel Fernando Zurita,Ocupación,político,nicaragua
Manuel Fernando Zurita,Ciudadanía,Nicaragua,nicaragua
Manuel Fernando Zurita,Cargo,Presidente de Nicaragua,nicaragua
Manuel Fernando Zurita,Fecha de nacimiento,2000-01-01,nicaragua
Manuel Fernando Zurita,Fecha de defunción,2000-01-01,nicaragua
Manuel Fernando Zurita,Ocupación,diplomático,nicaragua
Manuel Fernando Zurita,Cargo,miembro de la Asamblea Nacional de Nicaragua,nicaragua
Manuel Fernando Zurita,Cargo,embajador de Nicaragua en España,nicaragua
Joaquín del Cosío,Lugar de nacimiento,El Viejo,nicaragua
Joaquín del Cosío,Ocupación,político,nicaragua
Joaquín del Cosío,Ciudadanía,Nicaragua,nicaragua
Joaquín del Cosío,Cargo,Presidente de Nicaragua,nicaragua
Joaquín del Cosío,Fecha de nacimiento,1789-09-02,nicaragua
Joaquín del Cosío,Fecha de defunción,1899-01-01,nicaragua
Emiliano Madriz,Lugar de nacimiento,León,nicaragua
Emiliano Madriz,Ocupación,político,nicaragua
Emiliano Madriz,Ciudadanía,Nicaragua,nicaragua
Emiliano Madriz,Cargo,Presidente de Nicaragua,nicaragua
Emiliano Madriz,Fecha de nacimiento,1800-01-01,nicaragua
Emiliano Madriz,Fecha de defunción,1845-01-24,nicaragua
Toribio Terán,Ocupación,político,nicaragua
Toribio Terán,Ciudadanía,Nicaragua,nicaragua
Toribio Terán,Cargo,Presidente de Nicaragua,nicaragua
Toribio Terán,Fecha de nacimiento,1785-01-01,nicaragua
Hilario Ulloa,Ocupación,político,nicaragua
Hilario Ulloa,Ciudadanía,Nicaragua,nicaragua
Hilario Ulloa,Cargo,Presidente de Nicaragua,nicaragua
Hilario Ulloa,Fecha de nacimiento,1800-01-01,nicaragua
Hilario Ulloa,Fecha de defunción,1900-01-01,nicaragua
Hilario Ulloa,Ocupación,sacerdote católico,nicaragua
Hilario Ulloa,Ocupación,obispo católico,nicaragua
Hilario Ulloa,Ocupación,diácono católico,nicaragua
Hilario Ulloa,Cargo,obispo titular,nicaragua
Hilario Ulloa,Cargo,obispo de Nicaragua,nicaragua
Patricio Rivas,Ocupación,político,nicaragua
Patricio Rivas,Ciudadanía,Nicaragua,nicaragua
Patricio Rivas,Cargo,Presidente de Nicaragua,nicaragua
Patricio Rivas,Fecha de nacimiento,1810-01-01,nicaragua
Patricio Rivas,Fecha de defunción,1867-07-12,nicaragua
José Zepeda,Lugar de nacimiento,León,nicaragua
José Zepeda,Ocupación,político,nicaragua
José Zepeda,Ciudadanía,Nicaragua,nicaragua
José Zepeda,Cargo,Presidente de Nicaragua,nicaragua
José Zepeda,Fecha de nacimiento,1784-01-01,nicaragua
José Zepeda,Fecha de defunción,1837-01-25,nicaragua
Ignacio Chaves Tellería,Lugar de nacimiento,Jinotepe,nicaragua
Ignacio Chaves Tellería,Ocupación,político,nicaragua
Ignacio Chaves Tellería,Ciudadanía,Nicaragua,nicaragua
Ignacio Chaves Tellería,Cargo,Presidente de Nicaragua,nicaragua
Ignacio Chaves Tellería,Fecha de nacimiento,1900-01-01,nicaragua
Ignacio Chaves Tellería,Fecha de defunción,1925-01-01,nicaragua
Carlos Alberto Brenes Jarquín,Lugar de nacimiento,Masaya,nicaragua
Carlos Alberto Brenes Jarquín,Ocupación,político,nicaragua
Carlos Alberto Brenes Jarquín,Ciudadanía,Nicaragua,nicaragua
Carlos Alberto Brenes Jarquín,Cargo,Presidente de Nicaragua,nicaragua
Carlos Alberto Brenes Jarquín,Fecha de nacimiento,1884-12-02,nicaragua
Carlos Alberto Brenes Jarquín,Fecha de defunción,1942-01-02,nicaragua
cardenal,instancia de,título,nicaragua
cardenal,instancia de,cargo,nicaragua
cardenal,instancia de,vocación católica,nicaragua
cardenal,título nobiliario,titulus,nicaragua
cardenal,religión,catolicismo,nicaragua
Premio Bruno Kreisky,país,Austria,nicaragua
Premio Bruno Kreisky,instancia de,premio de la paz,nicaragua
Premio Bruno Kreisky,instancia de,premio de derechos humanos,nicaragua
Premio Bruno Kreisky,nombrado en referencia a,Bruno Kreisky,nicaragua
El Viejo,país,Nicaragua,nicaragua
El Viejo,instancia de,municipio de Nicaragua,nicaragua
El Viejo,situado en la entidad territorial administrativa,Departamento de Chinandega,nicaragua
El Viejo,diferente de,El Viejo,nicaragua
Orlando Montenegro Medrano,Ocupación,político,nicaragua
Orlando Montenegro Medrano,Ciudadanía,Nicaragua,nicaragua
Orlando Montenegro Medrano,Cargo,Presidente de Nicaragua,nicaragua
Orlando Montenegro Medrano,Fecha de nacimiento,1937-05-15,nicaragua
Orlando Montenegro Medrano,Fecha de defunción,1988-10-28,nicaragua
Arturo Cruz Porras,Lugar de nacimiento,Jinotepe,nicaragua
Arturo Cruz Porras,Ocupación,político,nicaragua
Arturo Cruz Porras,Ciudadanía,Nicaragua,nicaragua
Arturo Cruz Porras,Educado en,Universidad de Georgetown,nicaragua
Arturo Cruz Porras,Fecha de nacimiento,1923-12-18,nicaragua
Arturo Cruz Porras,Fecha de defunción,2013-07-09,nicaragua
Arturo Cruz Porras,Ocupación,economista,nicaragua
Arturo Cruz Porras,Ocupación,diplomático,nicaragua
Alfonso Robelo,Lugar de nacimiento,León,nicaragua
Alfonso Robelo,Ocupación,empresario,nicaragua
Alfonso Robelo,Ciudadanía,Nicaragua,nicaragua
Alfonso Robelo,Educado en,Instituto Politécnico Rensselaer,nicaragua
Alfonso Robelo,Cargo,embajador,nicaragua
Alfonso Robelo,Fecha de nacimiento,1939-10-11,nicaragua
Alfonso Robelo,Ocupación,político,nicaragua
Alfonso Robelo,Ocupación,diplomático,nicaragua
Alfonso Robelo,Cargo,rector,nicaragua
Cristiana Frixione,Lugar de nacimiento,Managua,nicaragua
Cristiana Frixione,Ocupación,modelo,nicaragua
Cristiana Frixione,Ciudadanía,Nicaragua,nicaragua
Cristiana Frixione,Fecha de nacimiento,1984-02-20,nicaragua
Cristiana Frixione,Ocupación,participante en concursos de belleza,nicaragua
Daniel Reyes Avellán,Lugar de nacimiento,Diriamba,nicaragua
Daniel Reyes Avellán,Ocupación,futbolista,nicaragua
Daniel Reyes Avellán,Ciudadanía,Nicaragua,nicaragua
Daniel Reyes Avellán,Fecha de nacimiento,1990-07-21,nicaragua
Nasser Valverde,Lugar de nacimiento,Diriamba,nicaragua
Nasser Valverde,Ocupación,futbolista,nicaragua
Nasser Valverde,Ciudadanía,Nicaragua,nicaragua
Nasser Valverde,Fecha de nacimiento,1993-01-04,nicaragua
Thelma Rodríguez,Lugar de nacimiento,Chinandega,nicaragua
Thelma Rodríguez,Ocupación,modelo,nicaragua
Thelma Rodríguez,Ciudadanía,Nicaragua,nicaragua
Thelma Rodríguez,Fecha de nacimiento,1989-01-19,nicaragua
Thelma Rodríguez,Ocupación,participante en concursos de belleza,nicaragua
Bayardo Arce,Lugar de nacimiento,Managua,nicaragua
Bayardo Arce,Ocupación,empresario,nicaragua
Bayardo Arce,Ciudadanía,Nicaragua,nicaragua
Bayardo Arce,Fecha de nacimiento,1949-03-21,nicaragua
Bayardo Arce,Ocupación,político,nicaragua
Bayardo Arce,Ocupación,periodista,nicaragua
Mónica Baltodano,Lugar de nacimiento,León,nicaragua
Mónica Baltodano,Ocupación,político,nicaragua
Mónica Baltodano,Ciudadanía,Nicaragua,nicaragua
Mónica Baltodano,Fecha de nacimiento,1954-08-14,nicaragua
Enrique Bermúdez,Lugar de nacimiento,León,nicaragua
Enrique Bermúdez,Ocupación,político,nicaragua
Enrique Bermúdez,Ciudadanía,Nicaragua,nicaragua
Enrique Bermúdez,Fecha de nacimiento,1932-12-11,nicaragua
Enrique Bermúdez,Fecha de defunción,1991-02-16,nicaragua
"Juan Carlos ""JC"" Ramírez",Lugar de nacimiento,Managua,nicaragua
"Juan Carlos ""JC"" Ramírez",Ocupación,beisbolista,nicaragua
"Juan Carlos ""JC"" Ramírez",Ciudadanía,Nicaragua,nicaragua
"Juan Carlos ""JC"" Ramírez",Fecha de nacimiento,1988-08-16,nicaragua
Jesus Rojas,Ocupación,político,nicaragua
Jesus Rojas,Ciudadanía,El Salvador,nicaragua
Jesus Rojas,Fecha de nacimiento,1950-06-15,nicaragua
Jesus Rojas,Fecha de defunción,1991-04-11,nicaragua
Jesus Rojas,Ciudadanía,Nicaragua,nicaragua
Rigoberto Cruz Argüello,Lugar de nacimiento,La Libertad,nicaragua
Rigoberto Cruz Argüello,Ocupación,maestro,nicaragua
Rigoberto Cruz Argüello,Ciudadanía,Nicaragua,nicaragua
Rigoberto Cruz Argüello,Fecha de nacimiento,1930-01-01,nicaragua
Rigoberto Cruz Argüello,Fecha de defunción,1967-08-27,nicaragua
Joaquín Cuadra,Lugar de nacimiento,Managua,nicaragua
Joaquín Cuadra,Ocupación,político,nicaragua
Joaquín Cuadra,Ciudadanía,Nicaragua,nicaragua
Joaquín Cuadra,Educado en,Universidad Centroamericana,nicaragua
Joaquín Cuadra,Fecha de nacimiento,1951-04-11,nicaragua
Joaquín Cuadra,Educado en,Colegio Centro América,nicaragua
Santos López,Lugar de nacimiento,Yalagüina,nicaragua
Santos López,Ocupación,político,nicaragua
Santos López,Ciudadanía,Nicaragua,nicaragua
Santos López,Fecha de nacimiento,1914-12-12,nicaragua
Santos López,Fecha de defunción,1965-02-09,nicaragua
José de Jesús Martínez,Lugar de nacimiento,Managua,nicaragua
José de Jesús Martínez,Ocupación,escritor,nicaragua
José de Jesús Martínez,Ciudadanía,Panamá,nicaragua
José de Jesús Martínez,Educado en,Universidad Complutense de Madrid,nicaragua
José de Jesús Martínez,Fecha de nacimiento,1929-06-08,nicaragua
José de Jesús Martínez,Fecha de defunción,1991-01-27,nicaragua
José de Jesús Martínez,Ocupación,político,nicaragua
José de Jesús Martínez,Ciudadanía,Nicaragua,nicaragua
Camilo Mejía,Lugar de nacimiento,Managua,nicaragua
Camilo Mejía,Ocupación,político,nicaragua
Camilo Mejía,Ciudadanía,Nicaragua,nicaragua
Camilo Mejía,Fecha de nacimiento,1975-08-28,nicaragua
Hamilton West,Lugar de nacimiento,Managua,nicaragua
Hamilton West,Ocupación,futbolista,nicaragua
Hamilton West,Ciudadanía,Nicaragua,nicaragua
Hamilton West,Fecha de nacimiento,1977-10-16,nicaragua
Evans Quinn,Lugar de nacimiento,Bluefields,nicaragua
Evans Quinn,Ocupación,boxeador,nicaragua
Evans Quinn,Ciudadanía,Nicaragua,nicaragua
Evans Quinn,Fecha de nacimiento,1983-07-01,nicaragua
Mario Romero,Ocupación,boxeador,nicaragua
Mario Romero,Ciudadanía,Nicaragua,nicaragua
Mario Romero,Fecha de nacimiento,1971-09-09,nicaragua
Instituto Politécnico Rensselaer,país,Estados Unidos,nicaragua
Instituto Politécnico Rensselaer,instancia de,universidad privada,nicaragua
Instituto Politécnico Rensselaer,instancia de,institución educativa privada sin fines de lucro,nicaragua
Instituto Politécnico Rensselaer,fundador,Stephen Van Rensselaer,nicaragua
Instituto Politécnico Rensselaer,situado en la entidad territorial administrativa,Nueva York,nicaragua
maestro,instancia de,profesión,nicaragua
maestro,instancia de,ocupación,nicaragua
maestro,empleador,sistema educativo,nicaragua
maestro,subclase de,profesor,nicaragua
maestro,subclase de,educador,nicaragua
Yalagüina,país,Nicaragua,nicaragua
Yalagüina,instancia de,municipio de Nicaragua,nicaragua
Yalagüina,situado en la entidad territorial administrativa,Departamento de Madriz,nicaragua
Yalagüina,diferente de,Yalagüina,nicaragua
Universidad Complutense de Madrid,país,España,nicaragua
Universidad Complutense de Madrid,instancia de,universidad pública,nicaragua
Universidad Complutense de Madrid,situado en la entidad territorial administrativa,Madrid,nicaragua
Universidad Complutense de Madrid,ubicación de la sede,Rectorado de la UCM,nicaragua
Universidad Complutense de Madrid,filial,Centro Universitario Villanueva,nicaragua
Roger Mayorga,Lugar de nacimiento,Managua,nicaragua
Roger Mayorga,Ocupación,futbolista,nicaragua
Roger Mayorga,Ciudadanía,Nicaragua,nicaragua
Roger Mayorga,Fecha de nacimiento,1946-07-10,nicaragua
Roger Mayorga,Fecha de defunción,2019-10-05,nicaragua
Rolando Gutiérrez-Cortés,Lugar de nacimiento,Managua,nicaragua
Rolando Gutiérrez-Cortés,Ocupación,pastor,nicaragua
Rolando Gutiérrez-Cortés,Ciudadanía,Nicaragua,nicaragua
Rolando Gutiérrez-Cortés,Fecha de nacimiento,1934-06-30,nicaragua
Rolando Gutiérrez-Cortés,Fecha de defunción,1997-03-28,nicaragua
Rolando Gutiérrez-Cortés,Ocupación,teólogo,nicaragua
Rolando Steiner,Lugar de nacimiento,Managua,nicaragua
Rolando Steiner,Ocupación,escritor,nicaragua
Rolando Steiner,Ciudadanía,Nicaragua,nicaragua
Rolando Steiner,Fecha de nacimiento,1936-01-01,nicaragua
Rolando Steiner,Fecha de defunción,1987-01-01,nicaragua
Román Mayorga Rivas,Lugar de nacimiento,León,nicaragua
Román Mayorga Rivas,Ocupación,poeta,nicaragua
Román Mayorga Rivas,Ciudadanía,El Salvador,nicaragua
Román Mayorga Rivas,Fecha de nacimiento,1862-01-01,nicaragua
Román Mayorga Rivas,Fecha de defunción,1925-12-28,nicaragua
Román Mayorga Rivas,Ocupación,periodista,nicaragua
Román Mayorga Rivas,Ciudadanía,Nicaragua,nicaragua
Rosa Inés,Lugar de nacimiento,León,nicaragua
Rosa Inés,Ocupación,escritor,nicaragua
Rosa Inés,Ciudadanía,Nicaragua,nicaragua
Rosa Inés,Fecha de nacimiento,1914-01-01,nicaragua
Rosa Inés,Fecha de defunción,1998-01-01,nicaragua
Rosa Inés,Ocupación,poeta,nicaragua
Rosario Aguilar,Lugar de nacimiento,León,nicaragua
Rosario Aguilar,Ocupación,escritor,nicaragua
Rosario Aguilar,Ciudadanía,Nicaragua,nicaragua
Rosario Aguilar,Miembro de,Academia Nicaragüense de la Lengua,nicaragua
Rosario Aguilar,Fecha de nacimiento,1938-01-29,nicaragua
Róger Matus Lazo,Lugar de nacimiento,Managua,nicaragua
Róger Matus Lazo,Ocupación,escritor,nicaragua
Róger Matus Lazo,Ciudadanía,Nicaragua,nicaragua
Róger Matus Lazo,Miembro de,Academia Nicaragüense de la Lengua,nicaragua
Róger Matus Lazo,Fecha de nacimiento,1943-01-01,nicaragua
Salvadora Debayle,Lugar de nacimiento,León,nicaragua
Salvadora Debayle,Ocupación,socialité,nicaragua
Salvadora Debayle,Ciudadanía,Nicaragua,nicaragua
Salvadora Debayle,Fecha de nacimiento,1895-05-27,nicaragua
Salvadora Debayle,Fecha de defunción,1987-02-01,nicaragua
Santiago Argüello,Lugar de nacimiento,León,nicaragua
Santiago Argüello,Ocupación,escritor,nicaragua
Santiago Argüello,Ciudadanía,Nicaragua,nicaragua
Santiago Argüello,Fecha de nacimiento,1871-01-01,nicaragua
Santiago Argüello,Fecha de defunción,1940-01-01,nicaragua
Santiago Argüello,Ocupación,poeta,nicaragua
Santiago Argüello,Ocupación,político,nicaragua
Santiago Argüello,Ocupación,diplomático,nicaragua
Santiago Argüello,Fecha de nacimiento,1872-01-01,nicaragua
Sara Torres,Lugar de nacimiento,Estelí,nicaragua
Sara Torres,Ocupación,músico,nicaragua
Sara Torres,Ciudadanía,Nicaragua,nicaragua
Sara Torres,Fecha de nacimiento,1966-10-07,nicaragua
Jaime Morales Carazo,Lugar de nacimiento,Granada,nicaragua
Jaime Morales Carazo,Ocupación,político,nicaragua
Jaime Morales Carazo,Ciudadanía,Nicaragua,nicaragua
Jaime Morales Carazo,Cargo,vicepresidente de Nicaragua,nicaragua
Jaime Morales Carazo,Premio recibido,Orden de los Cinco Volcanes,nicaragua
Jaime Morales Carazo,Fecha de nacimiento,1936-09-10,nicaragua
Sharon Amador,Lugar de nacimiento,Matagalpa,nicaragua
Sharon Amador,Ocupación,modelo artístico,nicaragua
Sharon Amador,Ciudadanía,Nicaragua,nicaragua
Sharon Amador,Fecha de nacimiento,1982-01-01,nicaragua
Sharon Amador,Ocupación,modelo,nicaragua
Simeón Pereira y Castellón,Lugar de nacimiento,León,nicaragua
Simeón Pereira y Castellón,Ocupación,sacerdote católico,nicaragua
Simeón Pereira y Castellón,Ciudadanía,Nicaragua,nicaragua
Simeón Pereira y Castellón,Cargo,obispo coadjutor,nicaragua
Simeón Pereira y Castellón,Fecha de nacimiento,1863-07-02,nicaragua
Simeón Pereira y Castellón,Fecha de defunción,1921-01-29,nicaragua
Simeón Pereira y Castellón,Cargo,obispo titular,nicaragua
Simeón Pereira y Castellón,Cargo,arzobispo católico,nicaragua
Simeón Pereira y Castellón,Cargo,arzobispo titular,nicaragua
Simeón Pereira y Castellón,Cargo,obispo de León en Nicaragua,nicaragua
Simeón Pereira y Castellón,Cargo,obispo de Nicaragua,nicaragua
Sofía Montenegro,Lugar de nacimiento,Ciudad Darío,nicaragua
Sofía Montenegro,Ocupación,periodista,nicaragua
Sofía Montenegro,Ciudadanía,Nicaragua,nicaragua
Sofía Montenegro,Fecha de nacimiento,1954-02-15,nicaragua
Solón Argüello,Lugar de nacimiento,León,nicaragua
Solón Argüello,Ocupación,poeta,nicaragua
Solón Argüello,Ciudadanía,Nicaragua,nicaragua
Solón Argüello,Fecha de nacimiento,1879-07-11,nicaragua
Solón Argüello,Fecha de defunción,1913-08-29,nicaragua
José Alfaro,Lugar de nacimiento,León,nicaragua
José Alfaro,Ocupación,boxeador,nicaragua
José Alfaro,Ciudadanía,Nicaragua,nicaragua
José Alfaro,Fecha de nacimiento,1983-11-22,nicaragua
Yader Balladares,Lugar de nacimiento,Granada,nicaragua
Yader Balladares,Ocupación,futbolista,nicaragua
Yader Balladares,Ciudadanía,Nicaragua,nicaragua
Yader Balladares,Fecha de nacimiento,1987-01-22,nicaragua
Joaquín Pasos,Lugar de nacimiento,Granada,nicaragua
Joaquín Pasos,Ocupación,poeta,nicaragua
Joaquín Pasos,Ciudadanía,Nicaragua,nicaragua
Joaquín Pasos,Educado en,Colegio Centro América,nicaragua
Joaquín Pasos,Fecha de nacimiento,1914-05-14,nicaragua
Joaquín Pasos,Fecha de defunción,1947-01-20,nicaragua
Jorge Salazar,Lugar de nacimiento,Managua,nicaragua
Jorge Salazar,Ocupación,político,nicaragua
Jorge Salazar,Ciudadanía,Nicaragua,nicaragua
Jorge Salazar,Educado en,Colegio Centro América,nicaragua
Jorge Salazar,Fecha de nacimiento,1939-09-08,nicaragua
Jorge Salazar,Fecha de defunción,1980-11-17,nicaragua
José Coronel Hurtecho,Lugar de nacimiento,Granada,nicaragua
José Coronel Hurtecho,Ocupación,poeta,nicaragua
José Coronel Hurtecho,Ciudadanía,Nicaragua,nicaragua
José Coronel Hurtecho,Educado en,Colegio Centro América,nicaragua
José Coronel Hurtecho,Fecha de nacimiento,1906-02-28,nicaragua
José Coronel Hurtecho,Fecha de defunción,1994-03-19,nicaragua
José Coronel Hurtecho,Ocupación,diplomático,nicaragua
José Coronel Hurtecho,Ocupación,historiador,nicaragua
José Coronel Hurtecho,Ocupación,traductor,nicaragua
José Coronel Hurtecho,Ocupación,crítico literario,nicaragua
José Coronel Hurtecho,Ocupación,lingüista,nicaragua
pastor,instancia de,profesión,nicaragua
pastor,instancia de,ocupación religiosa cristiana,nicaragua
pastor,subclase de,pastor,nicaragua
pastor,subclase de,religioso,nicaragua
pastor,forma parte de,cristianismo,nicaragua
socialité,instancia de,clase social,nicaragua
socialité,instancia de,término,nicaragua
socialité,instancia de,ocupación,nicaragua
socialité,subclase de,persona,nicaragua
socialité,subclase de,persona que tiene una actividad,nicaragua
Orden de los Cinco Volcanes,país,Guatemala,nicaragua
Orden de los Cinco Volcanes,instancia de,orden,nicaragua
Orden de los Cinco Volcanes,nombrado en referencia a,República Federal de Centroamérica,nicaragua
Orden de los Cinco Volcanes,categoría principal del tema,Categoría:Orden de los Cinco Volcanes,nicaragua
modelo artístico,instancia de,profesión,nicaragua
modelo artístico,subclase de,modelo,nicaragua
modelo artístico,categoría principal del tema,Categoría:Modelos de artistas,nicaragua
modelo artístico,descrito en la fuente,Encyclopædia Britannica (11ª edición),nicaragua
obispo coadjutor,instancia de,cargo,nicaragua
obispo coadjutor,instancia de,cargo eclesiástico,nicaragua
obispo coadjutor,instancia de,función episcopal,nicaragua
obispo coadjutor,instancia de,vocación católica,nicaragua
obispo coadjutor,subclase de,obispo,nicaragua
Granada,jefe de gobierno,Marifrán Carazo,nicaragua
Granada,país,España,nicaragua
Granada,continente,Europa,nicaragua
Granada,instancia de,municipio de España,nicaragua
Granada,capital,Ciudad de Granada,nicaragua
Lawrence Pezzulo,Lugar de nacimiento,Nueva York,nicaragua
Lawrence Pezzulo,Ocupación,diplomático,nicaragua
Lawrence Pezzulo,Ciudadanía,Nicaragua,nicaragua
Lawrence Pezzulo,Educado en,Universidad de Columbia,nicaragua
Lawrence Pezzulo,Fecha de nacimiento,1926-05-03,nicaragua
Lawrence Pezzulo,Fecha de defunción,2017-07-26,nicaragua
Nueva York,jefe de gobierno,Eric Adams,nicaragua
Nueva York,país,Estados Unidos,nicaragua
Nueva York,continente,América del Norte,nicaragua
Nueva York,instancia de,ciudad,nicaragua
Nueva York,instancia de,megaciudad,nicaragua
Francisco Sequeira Moreno,Lugar de nacimiento,Somotillo,nicaragua
Francisco Sequeira Moreno,Ocupación,militar,nicaragua
Francisco Sequeira Moreno,Ciudadanía,Nicaragua,nicaragua
Francisco Sequeira Moreno,Fecha de nacimiento,1903-06-27,nicaragua
Francisco Sequeira Moreno,Fecha de defunción,1927-01-01,nicaragua
Francisco Sequeira Moreno,Fecha de defunción,1927-05-26,nicaragua
Gonzalo Rivas Novoa,Lugar de nacimiento,Chinandega,nicaragua
Gonzalo Rivas Novoa,Ocupación,escritor,nicaragua
Gonzalo Rivas Novoa,Ciudadanía,Nicaragua,nicaragua
Gonzalo Rivas Novoa,Fecha de nacimiento,1906-01-01,nicaragua
Gonzalo Rivas Novoa,Fecha de defunción,1958-01-01,nicaragua
Gonzalo Rivas Novoa,Ocupación,poeta,nicaragua
Gonzalo Rivas Novoa,Ocupación,periodista,nicaragua
Miguel Ángel Ortez,Lugar de nacimiento,Mozonte,nicaragua
Miguel Ángel Ortez,Ocupación,militar,nicaragua
Miguel Ángel Ortez,Ciudadanía,Nicaragua,nicaragua
Miguel Ángel Ortez,Fecha de nacimiento,1907-11-04,nicaragua
Miguel Ángel Ortez,Fecha de defunción,1931-05-15,nicaragua
Víctor M. Leiva,Lugar de nacimiento,Managua,nicaragua
Víctor M. Leiva,Ocupación,compositor,nicaragua
Víctor M. Leiva,Ciudadanía,Nicaragua,nicaragua
Víctor M. Leiva,Fecha de nacimiento,1916-06-25,nicaragua
Víctor M. Leiva,Fecha de defunción,1995-04-07,nicaragua
Víctor M. Leiva,Ocupación,músico,nicaragua
Magdiel Gutiérrez,Lugar de nacimiento,Managua,nicaragua
Magdiel Gutiérrez,Ocupación,luchador,nicaragua
Magdiel Gutiérrez,Ciudadanía,Nicaragua,nicaragua
Magdiel Gutiérrez,Fecha de nacimiento,1968-04-14,nicaragua
José Tomás López,Ocupación,luchador,nicaragua
José Tomás López,Ciudadanía,Nicaragua,nicaragua
José Tomás López,Fecha de nacimiento,1974-12-10,nicaragua
Erick Romero,Ocupación,luchador,nicaragua
Erick Romero,Ciudadanía,Nicaragua,nicaragua
Erick Romero,Fecha de nacimiento,1993-12-31,nicaragua
Reynaldo Solorzano,Ocupación,boxeador,nicaragua
Reynaldo Solorzano,Ciudadanía,Nicaragua,nicaragua
Carlos Castro,Ocupación,billarista,nicaragua
Carlos Castro,Ciudadanía,Nicaragua,nicaragua
Carlos Castro,Fecha de nacimiento,2000-01-01,nicaragua
Olga Sacasa,Ocupación,ciclista,nicaragua
Olga Sacasa,Ciudadanía,Nicaragua,nicaragua
Olga Sacasa,Fecha de nacimiento,1961-06-17,nicaragua
Olga Núñez Abaunza,Lugar de nacimiento,Masaya,nicaragua
Olga Núñez Abaunza,Ocupación,abogado,nicaragua
Olga Núñez Abaunza,Ciudadanía,Nicaragua,nicaragua
Olga Núñez Abaunza,Fecha de nacimiento,1920-03-22,nicaragua
Olga Núñez Abaunza,Fecha de defunción,1971-01-01,nicaragua
Olga Núñez Abaunza,Ocupación,notario,nicaragua
Manuel Salvador Dávila,Ocupación,compositor,nicaragua
Manuel Salvador Dávila,Ciudadanía,Nicaragua,nicaragua
Manuel Salvador Dávila,Fecha de nacimiento,1924-01-01,nicaragua
Manuel Salvador Dávila,Fecha de defunción,2014-10-10,nicaragua
Bernard Dreyfus,Lugar de nacimiento,Managua,nicaragua
Bernard Dreyfus,Ocupación,artista,nicaragua
Bernard Dreyfus,Ciudadanía,Francia,nicaragua
Bernard Dreyfus,Fecha de nacimiento,1940-08-21,nicaragua
Bernard Dreyfus,Fecha de defunción,2019-09-26,nicaragua
Bernard Dreyfus,Ocupación,pintor,nicaragua
Bernard Dreyfus,Ocupación,escultor,nicaragua
Bernard Dreyfus,Ocupación,artista gráfico,nicaragua
Bernard Dreyfus,Ciudadanía,Nicaragua,nicaragua
Eric Rodriguez,Lugar de nacimiento,Jinotega,nicaragua
Eric Rodriguez,Ocupación,atleta,nicaragua
Eric Rodriguez,Ciudadanía,Nicaragua,nicaragua
Eric Rodriguez,Fecha de nacimiento,1990-06-01,nicaragua
Frank Richardson,Lugar de nacimiento,Managua,nicaragua
Frank Richardson,Ocupación,nadador,nicaragua
Frank Richardson,Ciudadanía,Nicaragua,nicaragua
Frank Richardson,Fecha de nacimiento,1962-04-21,nicaragua
Axel Silva,Lugar de nacimiento,Santa Teresa,nicaragua
Axel Silva,Ocupación,futbolista,nicaragua
Axel Silva,Ciudadanía,Nicaragua,nicaragua
Axel Silva,Fecha de nacimiento,1993-03-29,nicaragua
Uriel Molina Oliú,Lugar de nacimiento,Matagalpa,nicaragua
Uriel Molina Oliú,Ocupación,sacerdote,nicaragua
Uriel Molina Oliú,Ciudadanía,Nicaragua,nicaragua
Uriel Molina Oliú,Fecha de nacimiento,1932-10-06,nicaragua
Uriel Molina Oliú,Ocupación,teólogo,nicaragua
Pablo Martínez Téllez,Ocupación,compositor,nicaragua
Pablo Martínez Téllez,Ciudadanía,España,nicaragua
Pablo Martínez Téllez,Fecha de nacimiento,1950-06-25,nicaragua
Pablo Martínez Téllez,Fecha de defunción,2024-10-30,nicaragua
Pablo Martínez Téllez,Ciudadanía,Nicaragua,nicaragua
Somotillo,país,Nicaragua,nicaragua
Somotillo,instancia de,municipio de Nicaragua,nicaragua
Somotillo,situado en la entidad territorial administrativa,Departamento de Chinandega,nicaragua
Somotillo,ciudad hermana,Bennington,nicaragua
Mozonte,país,Nicaragua,nicaragua
Mozonte,instancia de,municipio de Nicaragua,nicaragua
Mozonte,situado en la entidad territorial administrativa,Departamento de Nueva Segovia,nicaragua
Mozonte,diferente de,Mozonte,nicaragua
billarista,instancia de,profesión,nicaragua
billarista,subclase de,jugador competitivo,nicaragua
billarista,ámbito de la ocupación,billar,nicaragua
billarista,compuesto por,jugador de pool,nicaragua
billarista,compuesto por,carambolista,nicaragua
ciclista,instancia de,profesión,nicaragua
ciclista,instancia de,deportista,nicaragua
ciclista,subclase de,ciclista,nicaragua
ciclista,ámbito de la ocupación,ciclismo de competición,nicaragua
artista,instancia de,ocupación,nicaragua
artista,instancia de,profesión artística,nicaragua
artista,subclase de,creador,nicaragua
artista,santo patrón,Fra Angelico,nicaragua
Francia,jefe de gobierno,Sébastien Lecornu,nicaragua
Francia,continente,Europa,nicaragua
Francia,instancia de,país,nicaragua
Francia,instancia de,república,nicaragua
Francia,instancia de,estado soberano,nicaragua
Santa Teresa,país,Nicaragua,nicaragua
Santa Teresa,instancia de,municipio de Nicaragua,nicaragua
Santa Teresa,capital,Santa Teresa,nicaragua
Santa Teresa,situado en la entidad territorial administrativa,Departamento de Carazo,nicaragua
teólogo,instancia de,profesión,nicaragua
teólogo,subclase de,religioso,nicaragua
teólogo,subclase de,académico de humanidades,nicaragua
teólogo,ámbito de la ocupación,teología,nicaragua
teólogo,ámbito de la ocupación,estudios teológicos,nicaragua
Piero Coen Montealegre,Lugar de nacimiento,Chinandega,nicaragua
Piero Coen Montealegre,Ocupación,empresario,nicaragua
Piero Coen Montealegre,Ciudadanía,Nicaragua,nicaragua
Piero Coen Montealegre,Educado en,Universidad de Miami,nicaragua
Piero Coen Montealegre,Fecha de nacimiento,1942-12-19,nicaragua
Piero Coen Montealegre,Fecha de defunción,2025-01-16,nicaragua
Rafael Gastón Pérez,Ocupación,compositor,nicaragua
Rafael Gastón Pérez,Ciudadanía,Nicaragua,nicaragua
Rafael Gastón Pérez,Obra notable,Cuando calienta el sol,nicaragua
Rafael Gastón Pérez,Fecha de nacimiento,1917-02-26,nicaragua
Rafael Gastón Pérez,Fecha de defunción,1962-02-04,nicaragua
Ramón Montoya (soldado),Lugar de nacimiento,Departamento de León,nicaragua
Ramón Montoya (soldado),Ocupación,soldado,nicaragua
Ramón Montoya (soldado),Ciudadanía,Nicaragua,nicaragua
Ramón Montoya (soldado),Fecha de nacimiento,1893-01-01,nicaragua
Ramón Montoya (soldado),Fecha de defunción,1907-03-22,nicaragua
Universidad de Miami,financiador,Open Society Foundations,nicaragua
Universidad de Miami,calendario académico,semestre,nicaragua
Universidad de Miami,país,Estados Unidos,nicaragua
Universidad de Miami,instancia de,universidad,nicaragua
Universidad de Miami,instancia de,institución educativa privada sin fines de lucro,nicaragua
Cuando calienta el sol,instancia de,sencillo,nicaragua
Cuando calienta el sol,música de,Rafael Gastón Pérez,nicaragua
Departamento de León,país,Nicaragua,nicaragua
Departamento de León,instancia de,departamento de Nicaragua,nicaragua
Departamento de León,capital,León,nicaragua
Departamento de León,comparte fronteras con,Departamento de Managua,nicaragua
Departamento de León,comparte fronteras con,Departamento de Chinandega,nicaragua
soldado,instancia de,cargo,nicaragua
soldado,instancia de,profesión militar,nicaragua
soldado,subclase de,militar,nicaragua
soldado,santo patrón,Ignacio de Loyola,nicaragua
Bartolomé Martínez,Lugar de nacimiento,Departamento de Matagalpa,nicaragua
Bartolomé Martínez,Ocupación,político,nicaragua
Bartolomé Martínez,Ciudadanía,Nicaragua,nicaragua
Bartolomé Martínez,Cargo,Presidente de Nicaragua,nicaragua
Bartolomé Martínez,Fecha de nacimiento,1873-08-24,nicaragua
Bartolomé Martínez,Fecha de defunción,1936-01-30,nicaragua
Dora María Téllez,Lugar de nacimiento,Matagalpa,nicaragua
Dora María Téllez,Ocupación,escritor,nicaragua
Dora María Téllez,Ciudadanía,España,nicaragua
Dora María Téllez,Miembro de,Frente Sandinista de Liberación Nacional,nicaragua
Dora María Téllez,Cargo,ministro de salud,nicaragua
Dora María Téllez,Premio recibido,Premio René Cassin,nicaragua
Dora María Téllez,Fecha de nacimiento,1955-11-21,nicaragua
Dora María Téllez,Ocupación,político,nicaragua
Dora María Téllez,Ocupación,historiador,nicaragua
Dora María Téllez,Ocupación,guerrillero,nicaragua
Dora María Téllez,Premio recibido,doctorado honoris causa por la Universidad Sorbona Nueva-París 3,nicaragua
Dora María Téllez,Ciudadanía,Nicaragua,nicaragua
Hope Portocarrero,Lugar de nacimiento,Tampa,nicaragua
Hope Portocarrero,Ocupación,socialité,nicaragua
Hope Portocarrero,Ciudadanía,Nicaragua,nicaragua
Hope Portocarrero,Educado en,Barnard College,nicaragua
Hope Portocarrero,Premio recibido,Soberana Orden Militar y Hospitalaria de San Juan de Jerusalén de Rodas y de Malta,nicaragua
Hope Portocarrero,Fecha de nacimiento,1929-06-28,nicaragua
Hope Portocarrero,Fecha de defunción,1991-10-05,nicaragua
Hope Portocarrero,Premio recibido,Orden de Isabel la Católica,nicaragua
Hope Portocarrero,Premio recibido,Orden de Boyacá,nicaragua
Hope Portocarrero,Premio recibido,Gran Cruz de la Orden de Isabel la Católica,nicaragua
Hope Portocarrero,Educado en,Sacred Heart Preparatory,nicaragua
Alexis Argüello,Lugar de nacimiento,Managua,nicaragua
Alexis Argüello,Ocupación,político,nicaragua
Alexis Argüello,Ciudadanía,Nicaragua,nicaragua
Alexis Argüello,Fecha de nacimiento,1952-04-19,nicaragua
Alexis Argüello,Fecha de defunción,2009-07-01,nicaragua
Alexis Argüello,Ocupación,boxeador,nicaragua
Departamento de Matagalpa,país,Nicaragua,nicaragua
Departamento de Matagalpa,instancia de,departamento de Nicaragua,nicaragua
Departamento de Matagalpa,capital,Matagalpa,nicaragua
Departamento de Matagalpa,comparte fronteras con,Departamento de Managua,nicaragua
Departamento de Matagalpa,comparte fronteras con,Departamento de Boaco,nicaragua
Frente Sandinista de Liberación Nacional,país,Nicaragua,nicaragua
Frente Sandinista de Liberación Nacional,instancia de,partido político,nicaragua
Frente Sandinista de Liberación Nacional,nombrado en referencia a,Augusto César Sandino,nicaragua
Frente Sandinista de Liberación Nacional,religión,Iglesia latina,nicaragua
Frente Sandinista de Liberación Nacional,ubicación de la sede,Managua,nicaragua
ministro de salud,instancia de,cargo,nicaragua
ministro de salud,subclase de,ministro,nicaragua
ministro de salud,categoría principal del tema,Categoría:Ministros de Salud,nicaragua
ministro de salud,organización dirigida desde este cargo,ministerio de Salud,nicaragua
Tampa,país,Estados Unidos,nicaragua
Tampa,instancia de,sede de condado,nicaragua
Tampa,instancia de,ciudad de Estados Unidos,nicaragua
Tampa,instancia de,gran ciudad,nicaragua
Barnard College,país,Estados Unidos,nicaragua
Barnard College,instancia de,universidad de artes liberales,nicaragua
Barnard College,instancia de,institución educativa privada sin fines de lucro,nicaragua
Barnard College,fundador,Annie Nathan Meyer,nicaragua
Barnard College,situado en la entidad territorial administrativa,Manhattan,nicaragua
Soberana Orden Militar y Hospitalaria de San Juan de Jerusalén de Rodas y de Malta,país,Estados Unidos,nicaragua
Soberana Orden Militar y Hospitalaria de San Juan de Jerusalén de Rodas y de Malta,país,Italia,nicaragua
Soberana Orden Militar y Hospitalaria de San Juan de Jerusalén de Rodas y de Malta,país,Malta,nicaragua
Soberana Orden Militar y Hospitalaria de San Juan de Jerusalén de Rodas y de Malta,instancia de,orden religiosa católica,nicaragua
Soberana Orden Militar y Hospitalaria de San Juan de Jerusalén de Rodas y de Malta,instancia de,orden militar,nicaragua
embajador,texto regulador principal,Convención de Viena sobre Relaciones Diplomáticas,nicaragua
embajador,subclase de,jefe de misión,nicaragua
Universidad de Delaware,país,Estados Unidos,nicaragua
Universidad de Delaware,instancia de,Universidad de concesión de tierras,nicaragua
Universidad de Delaware,instancia de,universidad pública,nicaragua
Universidad de Delaware,instancia de,institución educativa pública de los Estados Unidos,nicaragua
Universidad de Delaware,situado en la entidad territorial administrativa,Newark,nicaragua
Universidad de Colonia,categoría principal del tema,Categoría:Universidad de Colonia,nicaragua
Universidad de Colonia,rector,Theodor Schieder,nicaragua
Universidad de Colonia,rector,Wilhelm Tönnis,nicaragua
Universidad de Colonia,rector,Klaus Stern,nicaragua
Universidad de Colonia,rector,Karl Gustav Fellerer,nicaragua
David Solórzano,Lugar de nacimiento,Diriamba,nicaragua
David Solórzano,Ocupación,futbolista,nicaragua
David Solórzano,Ciudadanía,Nicaragua,nicaragua
David Solórzano,Fecha de nacimiento,1980-11-05,nicaragua
David Solórzano,Fecha de nacimiento,1980-11-08,nicaragua
Denis Espinoza,Lugar de nacimiento,San Marcos,nicaragua
Denis Espinoza,Ocupación,futbolista,nicaragua
Denis Espinoza,Ciudadanía,Nicaragua,nicaragua
Denis Espinoza,Fecha de nacimiento,1983-08-25,nicaragua
Donald Parrales,Lugar de nacimiento,Departamento de Carazo,nicaragua
Donald Parrales,Ocupación,futbolista,nicaragua
Donald Parrales,Ciudadanía,Nicaragua,nicaragua
Donald Parrales,Fecha de nacimiento,1983-03-05,nicaragua
Edgar Cortez,Lugar de nacimiento,Santa Teresa,nicaragua
Edgar Cortez,Ocupación,atleta,nicaragua
Edgar Cortez,Ciudadanía,Nicaragua,nicaragua
Edgar Cortez,Fecha de nacimiento,1989-08-08,nicaragua
Edmundo Jarquín,Lugar de nacimiento,Ocotal,nicaragua
Edmundo Jarquín,Ocupación,político,nicaragua
Edmundo Jarquín,Ciudadanía,Nicaragua,nicaragua
Edmundo Jarquín,Educado en,Universidad de Chile,nicaragua
Edmundo Jarquín,Cargo,miembro de la Asamblea Nacional de Nicaragua,nicaragua
Edmundo Jarquín,Fecha de nacimiento,1946-01-01,nicaragua
Edmundo Jarquín,Ocupación,diplomático,nicaragua
Edmundo Jarquín,Educado en,Universidad Centroamericana,nicaragua
Edward'O,Lugar de nacimiento,Managua,nicaragua
Edward'O,Ocupación,astrólogo,nicaragua
Edward'O,Ciudadanía,Nicaragua,nicaragua
Edward'O,Fecha de nacimiento,1946-05-07,nicaragua
Edward'O,Ocupación,presentador de televisión,nicaragua
Elvis Pinel,Lugar de nacimiento,Ocotal,nicaragua
Elvis Pinel,Ocupación,futbolista,nicaragua
Elvis Pinel,Ciudadanía,Nicaragua,nicaragua
Elvis Pinel,Fecha de nacimiento,1992-03-22,nicaragua
Emilio Palacios,Lugar de nacimiento,Departamento de Carazo,nicaragua
Emilio Palacios,Ocupación,futbolista,nicaragua
Emilio Palacios,Ciudadanía,Nicaragua,nicaragua
Emilio Palacios,Fecha de nacimiento,1982-10-08,nicaragua
Emilio Álvarez Montalván,Lugar de nacimiento,Managua,nicaragua
Emilio Álvarez Montalván,Ocupación,diplomático,nicaragua
Emilio Álvarez Montalván,Ciudadanía,Nicaragua,nicaragua
Emilio Álvarez Montalván,Educado en,Universidad de Chile,nicaragua
Emilio Álvarez Montalván,Premio recibido,Orden de Bernardo O'Higgins,nicaragua
Emilio Álvarez Montalván,Fecha de nacimiento,1919-07-31,nicaragua
Emilio Álvarez Montalván,Fecha de defunción,2014-07-02,nicaragua
Emilio Álvarez Montalván,Ocupación,oftalmólogo,nicaragua
Erick Téllez,Lugar de nacimiento,Diriamba,nicaragua
Erick Téllez,Ocupación,futbolista,nicaragua
Erick Téllez,Ciudadanía,Nicaragua,nicaragua
Erick Téllez,Fecha de nacimiento,1989-11-28,nicaragua
Erwin Krüger,Ocupación,compositor,nicaragua
Erwin Krüger,Ciudadanía,Nicaragua,nicaragua
Erwin Krüger,Fecha de nacimiento,1915-11-02,nicaragua
Erwin Krüger,Fecha de defunción,1973-07-28,nicaragua
Erwin Krüger,Ocupación,poeta,nicaragua
Erwin Krüger,Ocupación,cantante,nicaragua
Eugenio Batres Garcia,Lugar de nacimiento,Chinandega,nicaragua
Eugenio Batres Garcia,Ocupación,escritor,nicaragua
Eugenio Batres Garcia,Ciudadanía,Nicaragua,nicaragua
Eugenio Batres Garcia,Fecha de nacimiento,1941-05-21,nicaragua
Eugenio Batres Garcia,Ocupación,periodista,nicaragua
Anastasio Ortiz,Lugar de nacimiento,León,nicaragua
Anastasio Ortiz,Ocupación,militar,nicaragua
Anastasio Ortiz,Ciudadanía,Nicaragua,nicaragua
Anastasio Ortiz,Fecha de nacimiento,1850-01-01,nicaragua
Anastasio Ortiz,Fecha de defunción,1999-01-01,nicaragua
Anastasio Ortiz,Ocupación,político,nicaragua
Fernando Chamorro,Lugar de nacimiento,Granada,nicaragua
Fernando Chamorro,Ocupación,político,nicaragua
Fernando Chamorro,Ciudadanía,Nicaragua,nicaragua
Fernando Chamorro,Cargo,Presidente de Nicaragua,nicaragua
Fernando Chamorro,Fecha de nacimiento,1824-01-01,nicaragua
Fernando Chamorro,Fecha de defunción,1863-07-21,nicaragua
Tino López Guerra,Lugar de nacimiento,Chinandega,nicaragua
Tino López Guerra,Ocupación,compositor,nicaragua
Tino López Guerra,Ciudadanía,Nicaragua,nicaragua
Tino López Guerra,Fecha de nacimiento,1906-07-20,nicaragua
Tino López Guerra,Fecha de defunción,1967-07-19,nicaragua
Tino López Guerra,Ocupación,cantante,nicaragua
Francisco Mayorga,Lugar de nacimiento,León,nicaragua
Francisco Mayorga,Ocupación,escritor,nicaragua
Francisco Mayorga,Ciudadanía,Nicaragua,nicaragua
Francisco Mayorga,Fecha de nacimiento,1949-01-01,nicaragua
Francisco Mayorga,Ocupación,economista,nicaragua
Departamento de Carazo,país,Nicaragua,nicaragua
Departamento de Carazo,instancia de,departamento de Nicaragua,nicaragua
Departamento de Carazo,capital,Jinotepe,nicaragua
Departamento de Carazo,comparte fronteras con,Departamento de Granada,nicaragua
Departamento de Carazo,comparte fronteras con,Departamento de Managua,nicaragua
Universidad de Chile,categoría para las personas que estudiaron en esta institución,Categoría:Alumnado de la Universidad de Chile,nicaragua
Universidad de Chile,categoría para empleados de la organización,Categoría:Profesores de la Universidad de Chile,nicaragua
Universidad de Chile,confiere,magíster en ciencias con mención en computación,nicaragua
Universidad de Chile,país,Chile,nicaragua
astrólogo,instancia de,profesión,nicaragua
astrólogo,subclase de,místico,nicaragua
astrólogo,subclase de,ocultista,nicaragua
astrólogo,ámbito de la ocupación,astrología,nicaragua
astrólogo,categoría principal del tema,Categoría:Astrólogos,nicaragua
presentador de televisión,instancia de,cargo,nicaragua
presentador de televisión,instancia de,ocupación mediática,nicaragua
presentador de televisión,subclase de,actor,nicaragua
presentador de televisión,subclase de,celebridad,nicaragua
presentador de televisión,subclase de,presentador,nicaragua
Orden de Bernardo O'Higgins,país,Chile,nicaragua
Orden de Bernardo O'Higgins,instancia de,orden,nicaragua
Orden de Bernardo O'Higgins,fundador,Carlos Ibáñez del Campo,nicaragua
Orden de Bernardo O'Higgins,nombrado en referencia a,Bernardo O'Higgins,nicaragua
Orden de Bernardo O'Higgins,forma parte de,"Órdenes, condecoraciones y medallas de Chile",nicaragua
Vidaluz Meneses Robleto,Lugar de nacimiento,Managua,nicaragua
Vidaluz Meneses Robleto,Ocupación,escritor,nicaragua
Vidaluz Meneses Robleto,Ciudadanía,Nicaragua,nicaragua
Vidaluz Meneses Robleto,Educado en,Universidad Centroamericana,nicaragua
Vidaluz Meneses Robleto,Fecha de nacimiento,1944-05-28,nicaragua
Vidaluz Meneses Robleto,Fecha de defunción,2016-07-27,nicaragua
Vidaluz Meneses Robleto,Ocupación,poeta,nicaragua
Vidaluz Meneses Robleto,Ocupación,bibliotecario,nicaragua
Vidaluz Meneses Robleto,Ocupación,decano,nicaragua
Vidaluz Meneses Robleto,Ocupación,profesor universitario,nicaragua
Maximino Rodríguez Martínez,Lugar de nacimiento,León,nicaragua
Maximino Rodríguez Martínez,Ocupación,político,nicaragua
Maximino Rodríguez Martínez,Ciudadanía,Nicaragua,nicaragua
Maximino Rodríguez Martínez,Fecha de nacimiento,1901-01-01,nicaragua
Luis Callejas,Lugar de nacimiento,Chinandega,nicaragua
Luis Callejas,Ocupación,médico,nicaragua
Luis Callejas,Ciudadanía,Nicaragua,nicaragua
Luis Callejas,Educado en,Universidad Autónoma de Guadalajara,nicaragua
Luis Callejas,Cargo,diputado,nicaragua
Luis Callejas,Fecha de nacimiento,1959-01-13,nicaragua
Luis Callejas,Ocupación,político,nicaragua
Pedro Reyes Vallejos,Ocupación,político,nicaragua
Pedro Reyes Vallejos,Ciudadanía,Nicaragua,nicaragua
Pedro Reyes Vallejos,Fecha de nacimiento,1959-01-01,nicaragua
Miguel Mena,Lugar de nacimiento,Managua,nicaragua
Miguel Mena,Ocupación,nadador,nicaragua
Miguel Mena,Ciudadanía,Nicaragua,nicaragua
Miguel Mena,Fecha de nacimiento,1997-07-07,nicaragua
Gustavo Vega,Ocupación,boxeador,nicaragua
Gustavo Vega,Ciudadanía,Nicaragua,nicaragua
Abel Martínez Acosta,Lugar de nacimiento,Managua,nicaragua
Abel Martínez Acosta,Ocupación,luchador,nicaragua
Abel Martínez Acosta,Ciudadanía,Nicaragua,nicaragua
Abel Martínez Acosta,Miembro de,salón de la fama,nicaragua
Abel Martínez Acosta,Fecha de nacimiento,1973-08-03,nicaragua
Juana Bordas,Lugar de nacimiento,Nicaragua,nicaragua
Juana Bordas,Ocupación,profesor,nicaragua
Juana Bordas,Ciudadanía,Estados Unidos,nicaragua
Juana Bordas,Educado en,Universidad de la Florida,nicaragua
Juana Bordas,Premio recibido,Salón de la Fama de las Mujeres de Colorado,nicaragua
Juana Bordas,Fecha de nacimiento,1942-01-01,nicaragua
Juana Bordas,Ciudadanía,Nicaragua,nicaragua
Juana Bordas,Educado en,Universidad de Wisconsin-Madison,nicaragua
Juana Bordas,Educado en,Academy of the Holy Names,nicaragua
Rigoberto Calderón,Ocupación,lanzador de jabalina,nicaragua
Rigoberto Calderón,Ciudadanía,Nicaragua,nicaragua
Rigoberto Calderón,Fecha de nacimiento,1970-04-21,nicaragua
Aurelio Estrada Morales,Lugar de nacimiento,Managua,nicaragua
Aurelio Estrada Morales,Ocupación,militar,nicaragua
Aurelio Estrada Morales,Ciudadanía,Nicaragua,nicaragua
Aurelio Estrada Morales,Fecha de nacimiento,1867-01-01,nicaragua
Aurelio Estrada Morales,Fecha de defunción,1925-07-03,nicaragua
Aurelio Estrada Morales,Ocupación,político,nicaragua
Blanca Aráuz,Lugar de nacimiento,San Rafael del Norte,nicaragua
Blanca Aráuz,Ocupación,militar,nicaragua
Blanca Aráuz,Ciudadanía,Nicaragua,nicaragua
Blanca Aráuz,Fecha de nacimiento,1909-05-25,nicaragua
Blanca Aráuz,Fecha de defunción,1933-06-02,nicaragua
Blanca Aráuz,Ocupación,telegrafista,nicaragua
Concepción Palacios,Lugar de nacimiento,El Sauce,nicaragua
Concepción Palacios,Ocupación,médico,nicaragua
Concepción Palacios,Ciudadanía,Nicaragua,nicaragua
Concepción Palacios,Educado en,Universidad Nacional Autónoma de México,nicaragua
Concepción Palacios,Fecha de nacimiento,1893-12-05,nicaragua
Concepción Palacios,Fecha de defunción,1981-05-02,nicaragua
Concepción Palacios,Ocupación,activista por los derechos civiles,nicaragua
Ileana Rodríguez,Lugar de nacimiento,Chinandega,nicaragua
Ileana Rodríguez,Ocupación,escritor técnico,nicaragua
Ileana Rodríguez,Ciudadanía,Nicaragua,nicaragua
Ileana Rodríguez,Educado en,Universidad Nacional Autónoma de México,nicaragua
Ileana Rodríguez,Empleador,Universidad del Estado de Ohio,nicaragua
Ileana Rodríguez,Fecha de nacimiento,1939-10-08,nicaragua
Ileana Rodríguez,Ocupación,profesor universitario,nicaragua
Ileana Rodríguez,Ocupación,académico,nicaragua
Ileana Rodríguez,Educado en,Universidad de California en San Diego,nicaragua
María Esther Granados Diaz,Ocupación,ajedrecista,nicaragua
María Esther Granados Diaz,Ciudadanía,Nicaragua,nicaragua
María Esther Granados Diaz,Fecha de nacimiento,1995-08-15,nicaragua
Roger Muñoz,Lugar de nacimiento,Managua,nicaragua
Roger Muñoz,Ocupación,baloncestista,nicaragua
Roger Muñoz,Ciudadanía,Nicaragua,nicaragua
Roger Muñoz,Educado en,Trinity Valley Community College,nicaragua
Roger Muñoz,Fecha de nacimiento,1984-01-20,nicaragua
Margarita Montealegre,Lugar de nacimiento,Managua,nicaragua
Margarita Montealegre,Ocupación,fotoperiodista,nicaragua
Margarita Montealegre,Ciudadanía,Nicaragua,nicaragua
Margarita Montealegre,Fecha de nacimiento,1956-02-21,nicaragua
Margarita Montealegre,Ocupación,periodista,nicaragua
Daysi Torres,Lugar de nacimiento,Managua,nicaragua
Daysi Torres,Ocupación,político,nicaragua
Daysi Torres,Ciudadanía,Nicaragua,nicaragua
Daysi Torres,Educado en,Universidad Nacional Autónoma de Nicaragua,nicaragua
Daysi Torres,Fecha de nacimiento,1956-03-11,nicaragua
Daysi Torres,Ocupación,periodista,nicaragua
María Teresa Blandón,Lugar de nacimiento,Matiguás,nicaragua
María Teresa Blandón,Ocupación,sociólogo,nicaragua
María Teresa Blandón,Ciudadanía,Nicaragua,nicaragua
María Teresa Blandón,Educado en,Universidad de Barcelona,nicaragua
María Teresa Blandón,Fecha de nacimiento,1961-01-01,nicaragua
María Teresa Blandón,Ocupación,activista por los derechos de las mujeres,nicaragua
María Teresa Blandón,Educado en,Universidad Centroamericana,nicaragua
Virgilio Godoy,Lugar de nacimiento,León,nicaragua
Virgilio Godoy,Ocupación,político,nicaragua
Virgilio Godoy,Ciudadanía,Nicaragua,nicaragua
Virgilio Godoy,Premio recibido,Gran Cruz de la Orden de Isabel la Católica,nicaragua
Virgilio Godoy,Fecha de nacimiento,1934-05-01,nicaragua
Virgilio Godoy,Fecha de defunción,2016-11-17,nicaragua
Ariagner Smith,Lugar de nacimiento,Somoto,nicaragua
Ariagner Smith,Ocupación,futbolista,nicaragua
Ariagner Smith,Ciudadanía,Nicaragua,nicaragua
Ariagner Smith,Fecha de nacimiento,1998-12-13,nicaragua
Universidad Autónoma de Guadalajara,país,México,nicaragua
Universidad Autónoma de Guadalajara,instancia de,universidad,nicaragua
Universidad Autónoma de Guadalajara,situado en la entidad territorial administrativa,Guadalajara,nicaragua
Universidad Autónoma de Guadalajara,miembro de,Asociación Internacional de Universidades,nicaragua
Universidad Autónoma de Guadalajara,miembro de,Asociación Nacional de Universidades e Instituciones de Educación Superior,nicaragua
diputado,instancia de,cargo público,nicaragua
diputado,instancia de,designación profesional,nicaragua
diputado,subclase de,parlamentario,nicaragua
diputado,subclase de,legislador,nicaragua
diputado,forma parte de,cámara baja,nicaragua
salón de la fama,instancia de,tipo de premio,nicaragua
salón de la fama,subclase de,distinción,nicaragua
salón de la fama,categoría principal del tema,Categoría:Salones de la fama,nicaragua
Universidad de la Florida,país,Estados Unidos,nicaragua
Universidad de la Florida,instancia de,Universidad de concesión de tierras,nicaragua
Universidad de la Florida,instancia de,universidad pública,nicaragua
Universidad de la Florida,instancia de,institución educativa pública de los Estados Unidos,nicaragua
Universidad de la Florida,instancia de,editor de acceso abierto,nicaragua
Salón de la Fama de las Mujeres de Colorado,país,Estados Unidos,nicaragua
Salón de la Fama de las Mujeres de Colorado,instancia de,distinción,nicaragua
Salón de la Fama de las Mujeres de Colorado,instancia de,salón de la fama,nicaragua
lanzador de jabalina,instancia de,ocupación,nicaragua
lanzador de jabalina,subclase de,atleta,nicaragua
lanzador de jabalina,ámbito de la ocupación,lanzamiento de jabalina,nicaragua
lanzador de jabalina,categoría principal del tema,Categoría:Lanzadores de jabalina,nicaragua
San Rafael del Norte,país,Nicaragua,nicaragua
San Rafael del Norte,instancia de,municipio de Nicaragua,nicaragua
San Rafael del Norte,situado en la entidad territorial administrativa,Departamento de Jinotega,nicaragua
San Rafael del Norte,diferente de,San Rafael del Norte,nicaragua
El Sauce,país,Nicaragua,nicaragua
El Sauce,instancia de,municipio de Nicaragua,nicaragua
El Sauce,situado en la entidad territorial administrativa,Departamento de León,nicaragua
El Sauce,santo patrón,Santo Cristo de Esquipulas,nicaragua
Universidad Nacional Autónoma de México,país,México,nicaragua
Universidad Nacional Autónoma de México,instancia de,universidad,nicaragua
Universidad Nacional Autónoma de México,instancia de,editor de acceso abierto,nicaragua
Universidad Nacional Autónoma de México,instancia de,universidad pública de investigación,nicaragua
Universidad Nacional Autónoma de México,situado en la entidad territorial administrativa,Ciudad de México,nicaragua
escritor técnico,instancia de,profesión,nicaragua
escritor técnico,instancia de,cargo,nicaragua
escritor técnico,subclase de,escritor de no ficción,nicaragua
escritor técnico,ámbito de la ocupación,escritura técnica,nicaragua
Trinity Valley Community College,país,Estados Unidos,nicaragua
Trinity Valley Community College,instancia de,colegio universitario,nicaragua
Trinity Valley Community College,instancia de,institución educativa pública de los Estados Unidos,nicaragua
Trinity Valley Community College,situado en la entidad territorial administrativa,Athens,nicaragua
fotoperiodista,instancia de,profesión,nicaragua
fotoperiodista,instancia de,cargo,nicaragua
fotoperiodista,subclase de,periodista,nicaragua
fotoperiodista,subclase de,fotógrafo profesional,nicaragua
fotoperiodista,ámbito de la ocupación,periodismo fotográfico,nicaragua
Matiguás,país,Nicaragua,nicaragua
Matiguás,instancia de,municipio de Nicaragua,nicaragua
Matiguás,situado en la entidad territorial administrativa,Departamento de Matagalpa,nicaragua
Matiguás,ciudad hermana,Saarlouis,nicaragua
sociólogo,instancia de,profesión,nicaragua
sociólogo,instancia de,ocupación,nicaragua
sociólogo,subclase de,científico social,nicaragua
sociólogo,ámbito de la ocupación,sociología,nicaragua
sociólogo,se dice que es lo mismo que,científico social,nicaragua
Somoto,capital de,Departamento de Madriz,nicaragua
Somoto,diferente de,Somoto,nicaragua
Campari Knoepffler,Ocupación,nadador,nicaragua
Campari Knoepffler,Ciudadanía,Nicaragua,nicaragua
Campari Knoepffler,Fecha de nacimiento,1959-11-10,nicaragua
Gustavo Porras,Lugar de nacimiento,Managua,nicaragua
Gustavo Porras,Ocupación,médico,nicaragua
Gustavo Porras,Ciudadanía,Nicaragua,nicaragua
Gustavo Porras,Educado en,Universidad Nacional Autónoma de Nicaragua,nicaragua
Gustavo Porras,Cargo,President of the National Assembly of Nicaragua,nicaragua
Gustavo Porras,Fecha de nacimiento,1954-10-11,nicaragua
Gustavo Porras,Ocupación,político,nicaragua
Manuel Martínez Sevilla,Lugar de nacimiento,León,nicaragua
Manuel Martínez Sevilla,Ocupación,jurista,nicaragua
Manuel Martínez Sevilla,Ciudadanía,Nicaragua,nicaragua
Manuel Martínez Sevilla,Educado en,Universidad de Fordham,nicaragua
Manuel Martínez Sevilla,Fecha de nacimiento,1941-11-19,nicaragua
Denis Moncada,Lugar de nacimiento,Murra,nicaragua
Denis Moncada,Ocupación,político,nicaragua
Denis Moncada,Ciudadanía,Nicaragua,nicaragua
Denis Moncada,Educado en,Universidad Nacional Autónoma de Nicaragua,nicaragua
Denis Moncada,Cargo,Minister of Foreign Affairs,nicaragua
Denis Moncada,Fecha de nacimiento,1948-01-01,nicaragua
Denis Moncada,Ocupación,funcionario,nicaragua
Matilde Lindo,Lugar de nacimiento,Puerto Cabezas,nicaragua
Matilde Lindo,Ocupación,activista por los derechos de las mujeres,nicaragua
Matilde Lindo,Ciudadanía,Nicaragua,nicaragua
Matilde Lindo,Fecha de nacimiento,1954-06-07,nicaragua
Matilde Lindo,Fecha de defunción,2013-01-20,nicaragua
Yeta Ramírez,Lugar de nacimiento,República Dominicana,nicaragua
Yeta Ramírez,Ocupación,educador,nicaragua
Yeta Ramírez,Ciudadanía,República Dominicana,nicaragua
Yeta Ramírez,Fecha de nacimiento,1937-12-17,nicaragua
Yeta Ramírez,Fecha de defunción,2016-08-27,nicaragua
Yeta Ramírez,Ocupación,teólogo,nicaragua
Yeta Ramírez,Ciudadanía,Nicaragua,nicaragua
Narciso Monterrey,Lugar de nacimiento,Nicaragua,nicaragua
Narciso Monterrey,Ocupación,político,nicaragua
Narciso Monterrey,Ciudadanía,Nicaragua,nicaragua
Narciso Monterrey,Cargo,rector,nicaragua
Narciso Monterrey,Fecha de nacimiento,1792-01-01,nicaragua
Narciso Monterrey,Fecha de defunción,1869-01-01,nicaragua
Narciso Monterrey,Ocupación,sacerdote católico,nicaragua
Narciso Monterrey,Ocupación,educador,nicaragua
Jennifer Osejo,Ocupación,atleta,nicaragua
Jennifer Osejo,Ciudadanía,Nicaragua,nicaragua
Jennifer Osejo,Fecha de nacimiento,1997-01-01,nicaragua
Gabriel de Jesus Cuadra Holmann,Ocupación,atleta,nicaragua
Gabriel de Jesus Cuadra Holmann,Ciudadanía,Nicaragua,nicaragua
Gabriel de Jesus Cuadra Holmann,Fecha de nacimiento,1992-11-12,nicaragua
Fernando Acevedo,Ciudadanía,Nicaragua,nicaragua
Fernando Acevedo,Fecha de nacimiento,1979-02-11,nicaragua
Cyril Errington,Lugar de nacimiento,San Salvador,nicaragua
Cyril Errington,Ocupación,futbolista,nicaragua
Cyril Errington,Ciudadanía,El Salvador,nicaragua
Cyril Errington,Fecha de nacimiento,1992-03-30,nicaragua
Cyril Errington,Ciudadanía,Nicaragua,nicaragua
Maymie de Mena,Lugar de nacimiento,Parroquia de St. Martin,nicaragua
Maymie de Mena,Ocupación,suffragette,nicaragua
Maymie de Mena,Ciudadanía,Estados Unidos,nicaragua
Maymie de Mena,Empleador,Asociación Universal de Desarrollo Negro y la Liga de Comunidades Africanas,nicaragua
Maymie de Mena,Fecha de nacimiento,1879-12-10,nicaragua
Maymie de Mena,Fecha de defunción,1953-10-23,nicaragua
Maymie de Mena,Ocupación,activista,nicaragua
Maymie de Mena,Ciudadanía,Jamaica,nicaragua
Maymie de Mena,Ciudadanía,Nicaragua,nicaragua
Carlos Fernando Chamorro,Lugar de nacimiento,Managua,nicaragua
Carlos Fernando Chamorro,Ocupación,periodista,nicaragua
Carlos Fernando Chamorro,Ciudadanía,Nicaragua,nicaragua
Carlos Fernando Chamorro,Educado en,Colegio Centro América,nicaragua
Carlos Fernando Chamorro,Obra notable,Papeles de Panamá,nicaragua
Carlos Fernando Chamorro,Miembro de,Consorcio Internacional de Periodistas de Investigación,nicaragua
Carlos Fernando Chamorro,Premio recibido,Premio María Moors Cabot,nicaragua
Carlos Fernando Chamorro,Ocupación,editor,nicaragua
Carlos Fernando Chamorro,Premio recibido,Premio Ortega y Gasset,nicaragua
June Beer,Lugar de nacimiento,Bluefields,nicaragua
June Beer,Ocupación,escritor,nicaragua
June Beer,Ciudadanía,Nicaragua,nicaragua
June Beer,Fecha de nacimiento,1935-05-14,nicaragua
June Beer,Fecha de defunción,1986-03-14,nicaragua
June Beer,Ocupación,poeta,nicaragua
June Beer,Ocupación,artista,nicaragua
Garnet Charwat,Ocupación,nadador,nicaragua
Garnet Charwat,Ciudadanía,Nicaragua,nicaragua
Garnet Charwat,Fecha de nacimiento,1967-06-07,nicaragua
Bismarck Véliz,Lugar de nacimiento,Nicaragua,nicaragua
Bismarck Véliz,Ocupación,futbolista,nicaragua
Bismarck Véliz,Ciudadanía,Nicaragua,nicaragua
Bismarck Véliz,Fecha de nacimiento,1993-09-10,nicaragua
Berenice Quezada,Lugar de nacimiento,El Rama,nicaragua
Berenice Quezada,Ocupación,modelo,nicaragua
Berenice Quezada,Ciudadanía,Nicaragua,nicaragua
Berenice Quezada,Fecha de nacimiento,1993-09-28,nicaragua
Vilma Núñez de Escorcia,Lugar de nacimiento,Nicaragua,nicaragua
Vilma Núñez de Escorcia,Ocupación,abogado,nicaragua
Vilma Núñez de Escorcia,Ciudadanía,Nicaragua,nicaragua
Vilma Núñez de Escorcia,Premio recibido,Prix de la paix de Brême,nicaragua
Vilma Núñez de Escorcia,Fecha de nacimiento,1938-11-25,nicaragua
Vilma Núñez de Escorcia,Ocupación,activista por los derechos humanos,nicaragua
Vilma Núñez de Escorcia,Premio recibido,Stieg Larsson Award,nicaragua
Mauricio Herdocia,Lugar de nacimiento,León,nicaragua
Mauricio Herdocia,Ocupación,jurista,nicaragua
Mauricio Herdocia,Ciudadanía,Nicaragua,nicaragua
Mauricio Herdocia,Premio recibido,Orden de la Independencia Cultural Rubén Darío,nicaragua
Mauricio Herdocia,Fecha de nacimiento,1957-08-01,nicaragua
Mauricio Herdocia,Fecha de defunción,2021-01-21,nicaragua
Mauricio Herdocia,Ocupación,diplomático,nicaragua
Mauricio Herdocia,Premio recibido,Cruz de Comendador de la Orden del Mérito de la República Federal Alemana,nicaragua
Mauricio Herdocia,Premio recibido,Orden General José Dolores,nicaragua
Mauricio Herdocia,Premio recibido,Oficial de la Orden Nacional Miguel Larreynaga,nicaragua
Mauricio Herdocia,Premio recibido,Comendador de la Orden Parlamento Centroamericano Francisco Morazán,nicaragua
Arnulfo Obando,Lugar de nacimiento,Nicaragua,nicaragua
Arnulfo Obando,Ocupación,boxeador,nicaragua
Arnulfo Obando,Ciudadanía,Nicaragua,nicaragua
Arnulfo Obando,Fecha de nacimiento,1962-01-01,nicaragua
Arnulfo Obando,Fecha de defunción,2016-11-10,nicaragua
Arnulfo Obando,Ocupación,entrenador de boxeo,nicaragua
jurista,instancia de,grado académico,nicaragua
jurista,instancia de,profesión jurídica,nicaragua
jurista,subclase de,profesional,nicaragua
jurista,ámbito de la ocupación,derecho,nicaragua
jurista,ámbito de la ocupación,ciencia del derecho,nicaragua
Universidad de Fordham,país,Estados Unidos,nicaragua
Universidad de Fordham,instancia de,universidad privada,nicaragua
Universidad de Fordham,instancia de,institución educativa privada sin fines de lucro,nicaragua
Universidad de Fordham,fundador,John Hughes,nicaragua
Universidad de Fordham,situado en la entidad territorial administrativa,Manhattan,nicaragua
Murra,país,Nicaragua,nicaragua
Murra,instancia de,municipio de Nicaragua,nicaragua
Murra,situado en la entidad territorial administrativa,Departamento de Nueva Segovia,nicaragua
Murra,diferente de,Murra,nicaragua
activista por los derechos de las mujeres,instancia de,ocupación,nicaragua
activista por los derechos de las mujeres,instancia de,activista,nicaragua
activista por los derechos de las mujeres,subclase de,activista por los derechos humanos,nicaragua
activista por los derechos de las mujeres,ámbito de la ocupación,activismo femenino,nicaragua
activista por los derechos de las mujeres,se dice que es lo mismo que,defensora de los derechos humanos,nicaragua
República Dominicana,país,República Dominicana,nicaragua
República Dominicana,jefe de gobierno,Luis Abinader,nicaragua
República Dominicana,continente,América del Norte,nicaragua
República Dominicana,instancia de,país,nicaragua
República Dominicana,instancia de,país insular,nicaragua
educador,instancia de,profesión,nicaragua
educador,subclase de,personal educativo,nicaragua
educador,subclase de,profesionales de la enseñanza,nicaragua
educador,ámbito de la ocupación,educación,nicaragua
educador,ámbito de la ocupación,enseñanza,nicaragua
rector,instancia de,cargo elegido,nicaragua
rector,forma parte de,universidad,nicaragua
rector,prefijo honorífico,magnífico,nicaragua
San Salvador,categoría para las personas que nacieron aquí,Categoría:Nacidos en San Salvador,nicaragua
San Salvador,categoría para las personas que fallecieron aquí,Categoría:Fallecidos en San Salvador,nicaragua
San Salvador,categoría de personas relacionadas,Categoría:Personas de San Salvador,nicaragua
San Salvador,diferente de,San Salvador,nicaragua
Parroquia de St. Martin,país,Estados Unidos,nicaragua
Parroquia de St. Martin,instancia de,parroquia de Luisiana,nicaragua
Parroquia de St. Martin,capital,St. Martinville,nicaragua
Parroquia de St. Martin,comparte fronteras con,parroquia de Iberville,nicaragua
Parroquia de St. Martin,comparte fronteras con,Parroquia de Iberia,nicaragua
suffragette,lista de interés para el proyecto Wikimedia,Arte+Feminismo,nicaragua
suffragette,lista de interés para el proyecto Wikimedia,Brecha de género en la Wikipedia en neerlandés,nicaragua
suffragette,instancia de,ideología,nicaragua
suffragette,instancia de,ocupación,nicaragua
suffragette,instancia de,grupo de humanos,nicaragua
Asociación Universal de Desarrollo Negro y la Liga de Comunidades Africanas,país,Estados Unidos,nicaragua
Asociación Universal de Desarrollo Negro y la Liga de Comunidades Africanas,instancia de,hermandad,nicaragua
Asociación Universal de Desarrollo Negro y la Liga de Comunidades Africanas,fundador,Marcus Garvey,nicaragua
Asociación Universal de Desarrollo Negro y la Liga de Comunidades Africanas,ubicación de la sede,Cleveland,nicaragua
Asociación Universal de Desarrollo Negro y la Liga de Comunidades Africanas,archivado en,"Stuart A. Rose Manuscript, Archives, and Rare Book Library",nicaragua
Papeles de Panamá,país,Panamá,nicaragua
Papeles de Panamá,instancia de,escándalo,nicaragua
Papeles de Panamá,instancia de,conjunto de datos,nicaragua
Papeles de Panamá,instancia de,filtración de información,nicaragua
El Rama,país,Nicaragua,nicaragua
El Rama,instancia de,municipio de Nicaragua,nicaragua
El Rama,situado en la entidad territorial administrativa,Región Autónoma de la Costa Caribe Sur,nicaragua
El Rama,capital de,Departamento de Zelaya Central,nicaragua
Prix de la paix de Brême,país,Alemania,nicaragua
Prix de la paix de Brême,instancia de,premio de la paz,nicaragua
Orden de la Independencia Cultural Rubén Darío,país,Nicaragua,nicaragua
Orden de la Independencia Cultural Rubén Darío,instancia de,orden,nicaragua
Orden de la Independencia Cultural Rubén Darío,fundador,Anastasio Somoza García,nicaragua
Orden de la Independencia Cultural Rubén Darío,nombrado en referencia a,Rubén Darío,nicaragua
Orden de la Independencia Cultural Rubén Darío,categoría para los galardonados con este premio,Categoría:Orden de la Independencia Cultural Rubén Darío,nicaragua
Carlos Rigby,Ocupación,poeta,nicaragua
Carlos Rigby,Ciudadanía,Nicaragua,nicaragua
Carlos Rigby,Fecha de nacimiento,1945-06-19,nicaragua
Carlos Rigby,Fecha de defunción,2017-05-23,nicaragua
Dorothea Wilson,Lugar de nacimiento,Puerto Cabezas,nicaragua
Dorothea Wilson,Ocupación,alcalde,nicaragua
Dorothea Wilson,Ciudadanía,Nicaragua,nicaragua
Dorothea Wilson,Fecha de nacimiento,1948-10-15,nicaragua
Dorothea Wilson,Ocupación,político,nicaragua
Dorothea Wilson,Ocupación,activista por los derechos humanos,nicaragua
Patricia Belli,Lugar de nacimiento,Managua,nicaragua
Patricia Belli,Ocupación,artista visual,nicaragua
Patricia Belli,Ciudadanía,Nicaragua,nicaragua
Patricia Belli,Educado en,Universidad Loyola Nueva Orleans,nicaragua
Patricia Belli,Premio recibido,beca Fulbright,nicaragua
Patricia Belli,Fecha de nacimiento,1964-01-01,nicaragua
Patricia Belli,Ocupación,videoartista,nicaragua
Patricia Belli,Educado en,San Francisco Art Institute,nicaragua
Patricia Belli,Educado en,Universidad Centroamericana,nicaragua
Linda Wong Valle,Lugar de nacimiento,Managua,nicaragua
Linda Wong Valle,Ocupación,escritor,nicaragua
Linda Wong Valle,Ciudadanía,Nicaragua,nicaragua
Linda Wong Valle,Fecha de nacimiento,1901-01-01,nicaragua
Linda Wong Valle,Ocupación,poeta,nicaragua
Russel Carrero Trejo,Lugar de nacimiento,Chinandega,nicaragua
Russel Carrero Trejo,Ocupación,profesor,nicaragua
Russel Carrero Trejo,Ciudadanía,Nicaragua,nicaragua
Russel Carrero Trejo,Fecha de nacimiento,1950-12-12,nicaragua
Russel Carrero Trejo,Fecha de defunción,1990-06-10,nicaragua
Russel Carrero Trejo,Ocupación,atleta,nicaragua
Armando Padilla,Ocupación,velocista,nicaragua
Armando Padilla,Ciudadanía,Nicaragua,nicaragua
Armando Padilla,Fecha de nacimiento,1956-08-27,nicaragua
Gustavo Morales,Lugar de nacimiento,Managua,nicaragua
Gustavo Morales,Ocupación,deportista,nicaragua
Gustavo Morales,Ciudadanía,Nicaragua,nicaragua
Gustavo Morales,Fecha de nacimiento,1946-10-06,nicaragua
Francisco Menocal,Lugar de nacimiento,Managua,nicaragua
Francisco Menocal,Ocupación,velocista,nicaragua
Francisco Menocal,Ciudadanía,Nicaragua,nicaragua
Francisco Menocal,Fecha de nacimiento,1945-12-03,nicaragua
Ricardo Larios,Ocupación,velocista,nicaragua
Ricardo Larios,Ciudadanía,Nicaragua,nicaragua
Ricardo Larios,Fecha de nacimiento,1952-11-10,nicaragua
Xiomara Larios,Lugar de nacimiento,Managua,nicaragua
Xiomara Larios,Ocupación,velocista,nicaragua
Xiomara Larios,Ciudadanía,Nicaragua,nicaragua
Xiomara Larios,Fecha de nacimiento,1958-11-15,nicaragua
Argenis Vanegas,Ocupación,ciclista,nicaragua
Argenis Vanegas,Ciudadanía,Nicaragua,nicaragua
Argenis Vanegas,Fecha de nacimiento,1992-08-12,nicaragua
María Gabriela Hernández,Ocupación,nadador,nicaragua
María Gabriela Hernández,Ciudadanía,Nicaragua,nicaragua
María Gabriela Hernández,Fecha de nacimiento,2001-09-17,nicaragua
René Sandino Argüello,Lugar de nacimiento,Granada,nicaragua
René Sandino Argüello,Ocupación,escritor,nicaragua
René Sandino Argüello,Ciudadanía,Nicaragua,nicaragua
René Sandino Argüello,Educado en,Sorbonne Universidad de París,nicaragua
René Sandino Argüello,Premio recibido,Orden del Mérito de la República Federal de Alemania,nicaragua
René Sandino Argüello,Fecha de nacimiento,1930-10-15,nicaragua
René Sandino Argüello,Fecha de defunción,2005-11-06,nicaragua
René Sandino Argüello,Ocupación,médico,nicaragua
René Sandino Argüello,Ocupación,político,nicaragua
René Sandino Argüello,Premio recibido,Soberana Orden Militar y Hospitalaria de San Juan de Jerusalén de Rodas y de Malta,nicaragua
René Sandino Argüello,Premio recibido,Orden de las Palmas Académicas,nicaragua
René Sandino Argüello,Educado en,Universidad Nacional Autónoma de Nicaragua,nicaragua
Rigoberto Fuentes,Lugar de nacimiento,Managua,nicaragua
Rigoberto Fuentes,Ocupación,futbolista,nicaragua
Rigoberto Fuentes,Ciudadanía,Nicaragua,nicaragua
Rigoberto Fuentes,Fecha de nacimiento,1990-02-11,nicaragua
Rigoberto Fuentes,Lugar de nacimiento,San Sebastián de Yalí,nicaragua
Rigoberto Fuentes,Fecha de nacimiento,1992-02-11,nicaragua
Juan Argüello,Lugar de nacimiento,Managua,nicaragua
Juan Argüello,Ocupación,velocista,nicaragua
Juan Argüello,Fecha de nacimiento,1947-03-08,nicaragua
Martha Cecilia Ruiz,Lugar de nacimiento,Managua,nicaragua
Martha Cecilia Ruiz,Ocupación,escritor,nicaragua
Martha Cecilia Ruiz,Ciudadanía,Nicaragua,nicaragua
Martha Cecilia Ruiz,Educado en,Universidad Centroamericana,nicaragua
Martha Cecilia Ruiz,Fecha de nacimiento,1972-11-25,nicaragua
Martha Cecilia Ruiz,Ocupación,poeta,nicaragua
Martha Cecilia Ruiz,Ocupación,periodista,nicaragua
Martha Cecilia Ruiz,Ocupación,activista social,nicaragua
María del Carmen Pérez Cuadra,Lugar de nacimiento,Jinotepe,nicaragua
María del Carmen Pérez Cuadra,Ocupación,escritor,nicaragua
María del Carmen Pérez Cuadra,Ciudadanía,Nicaragua,nicaragua
María del Carmen Pérez Cuadra,Educado en,Universidad Centroamericana,nicaragua
María del Carmen Pérez Cuadra,Premio recibido,Premio Centroamericano de Literatura Rogelio Sinán,nicaragua
María del Carmen Pérez Cuadra,Fecha de nacimiento,1971-11-28,nicaragua
María del Carmen Pérez Cuadra,Ocupación,profesor,nicaragua
María del Carmen Pérez Cuadra,Ocupación,poeta,nicaragua
Leonel Teller,Ocupación,político,nicaragua
Leonel Teller,Ciudadanía,Nicaragua,nicaragua
Leonel Teller,Fecha de nacimiento,1961-03-29,nicaragua
Leonel Teller,Ocupación,embajador,nicaragua
Leonel Teller,Ocupación,atleta,nicaragua
Haydée Palacios Vivas,Lugar de nacimiento,Masaya,nicaragua
Haydée Palacios Vivas,Ocupación,maestro,nicaragua
Haydée Palacios Vivas,Ciudadanía,Nicaragua,nicaragua
Haydée Palacios Vivas,Fecha de nacimiento,1945-11-21,nicaragua
Haydée Palacios Vivas,Fecha de defunción,2024-09-23,nicaragua
Haydée Palacios Vivas,Ocupación,folclorista,nicaragua
Haydée Palacios Vivas,Ocupación,bailarín,nicaragua
Erasmo Gómez,Ocupación,deportista,nicaragua
Erasmo Gómez,Ciudadanía,Nicaragua,nicaragua
Erasmo Gómez,Fecha de nacimiento,1950-11-25,nicaragua
alcalde,instancia de,cargo,nicaragua
alcalde,subclase de,autoridad,nicaragua
alcalde,subclase de,órgano,nicaragua
alcalde,subclase de,jefe del Gobierno,nicaragua
alcalde,subclase de,político municipal,nicaragua
artista visual,instancia de,profesión artística,nicaragua
artista visual,instancia de,grupo de ocupaciones de la CIUO,nicaragua
artista visual,ámbito de la ocupación,artes visuales,nicaragua
artista visual,ámbito de la ocupación,técnica de artes visuales,nicaragua
beca Fulbright,país,Estados Unidos,nicaragua
beca Fulbright,instancia de,beca,nicaragua
beca Fulbright,instancia de,institución educativa,nicaragua
beca Fulbright,instancia de,programa de gobierno,nicaragua
beca Fulbright,operador,Fulbright-Kommission,nicaragua
Sorbonne Universidad de París,país,Francia,nicaragua
Sorbonne Universidad de París,instancia de,universidad en Francia,nicaragua
Sorbonne Universidad de París,instancia de,entidad desaparecida,nicaragua
Sorbonne Universidad de París,nombrado en referencia a,París,nicaragua
Sorbonne Universidad de París,nombrado en referencia a,Roberto de Sorbón,nicaragua
Orden del Mérito de la República Federal de Alemania,país,Alemania,nicaragua
Orden del Mérito de la República Federal de Alemania,instancia de,orden de mérito,nicaragua
Orden del Mérito de la República Federal de Alemania,compuesto por,"Gran Cruz, clase especial, del Mérito de La República Federal de Alemania",nicaragua
Orden del Mérito de la República Federal de Alemania,compuesto por,"Gran Cruz, edición especial, de la Orden del Mérito de la República Federal de Alemania",nicaragua
Orden del Mérito de la República Federal de Alemania,compuesto por,Cruz federal de la República de Alemania al mérito,nicaragua
San Sebastián de Yalí,país,Nicaragua,nicaragua
San Sebastián de Yalí,instancia de,municipio de Nicaragua,nicaragua
San Sebastián de Yalí,situado en la entidad territorial administrativa,Departamento de Jinotega,nicaragua
San Sebastián de Yalí,diferente de,San Sebastián de Yalí,nicaragua
Masaya,categoría principal del tema,Categoría:Masaya,nicaragua
Masaya,descrito en la fuente,Diccionario Enciclopédico Brockhaus y Efron,nicaragua
Masaya,descrito en la fuente,Encyclopædia Britannica (11ª edición),nicaragua
Masaya,descrito en la fuente,Pequeño diccionario enciclopédico de Brockhaus y Efron,nicaragua
Marta Portoblanco,Ocupación,fondista,nicaragua
Marta Portoblanco,Ciudadanía,Nicaragua,nicaragua
Marta Portoblanco,Fecha de nacimiento,1971-01-29,nicaragua
Federico Nordalm,Ocupación,artista,nicaragua
Federico Nordalm,Ciudadanía,Nicaragua,nicaragua
Federico Nordalm,Fecha de nacimiento,1949-01-01,nicaragua
Mary Coco Maltez de Callejas,Lugar de nacimiento,Managua,nicaragua
Mary Coco Maltez de Callejas,Ocupación,profesor,nicaragua
Mary Coco Maltez de Callejas,Ciudadanía,Nicaragua,nicaragua
Mary Coco Maltez de Callejas,Empleador,Asamblea Nacional de Nicaragua,nicaragua
Mary Coco Maltez de Callejas,Fecha de nacimiento,1925-03-07,nicaragua
Mary Coco Maltez de Callejas,Fecha de defunción,2016-02-22,nicaragua
Mary Coco Maltez de Callejas,Ocupación,político,nicaragua
Mary Coco Maltez de Callejas,Ocupación,activista por los derechos de las mujeres,nicaragua
Carlos Alberto Abaunza,Lugar de nacimiento,Managua,nicaragua
Carlos Alberto Abaunza,Ocupación,atleta,nicaragua
Carlos Alberto Abaunza,Ciudadanía,Nicaragua,nicaragua
Carlos Alberto Abaunza,Fecha de nacimiento,1959-08-14,nicaragua
Carlos Alberto Abaunza,Fecha de defunción,2021-02-28,nicaragua
Carlos Vanegas,Ocupación,atleta,nicaragua
Carlos Vanegas,Ciudadanía,Nicaragua,nicaragua
Carlos Vanegas,Fecha de nacimiento,1945-11-03,nicaragua
José Esteban Valle,Lugar de nacimiento,Ciudad Darío,nicaragua
José Esteban Valle,Ocupación,atleta,nicaragua
José Esteban Valle,Ciudadanía,Nicaragua,nicaragua
José Esteban Valle,Fecha de nacimiento,1942-09-05,nicaragua
José Esteban Valle,Fecha de defunción,2004-12-27,nicaragua
Francisca Ramírez,Lugar de nacimiento,Nueva Guinea,nicaragua
Francisca Ramírez,Ocupación,agricultor,nicaragua
Francisca Ramírez,Ciudadanía,Nicaragua,nicaragua
Francisca Ramírez,Premio recibido,premio Homo Homini,nicaragua
Francisca Ramírez,Fecha de nacimiento,1976-10-10,nicaragua
Francisca Ramírez,Ocupación,campesino,nicaragua
Francisca Ramírez,Ocupación,activista por los derechos humanos,nicaragua
Francisca Ramírez,Fecha de nacimiento,1977-01-01,nicaragua
Don Vélez,Lugar de nacimiento,Managua,nicaragua
Don Vélez,Ocupación,deportista,nicaragua
Don Vélez,Ciudadanía,Nicaragua,nicaragua
Don Vélez,Fecha de nacimiento,1948-01-18,nicaragua
Don Vélez,Fecha de defunción,2010-07-11,nicaragua
Marlon Samayoa,Lugar de nacimiento,Nicaragua,nicaragua
Marlon Samayoa,Ocupación,ciclista,nicaragua
Marlon Samayoa,Ciudadanía,Nicaragua,nicaragua
Marlon Samayoa,Fecha de nacimiento,1990-08-09,nicaragua
Estela Guadalupe Tiffer,Ocupación,taekwondista,nicaragua
Estela Guadalupe Tiffer,Ciudadanía,Nicaragua,nicaragua
Estela Guadalupe Tiffer,Fecha de nacimiento,1986-01-01,nicaragua
Ana Ilce Gómez Ortega,Lugar de nacimiento,Masaya,nicaragua
Ana Ilce Gómez Ortega,Ocupación,escritor,nicaragua
Ana Ilce Gómez Ortega,Ciudadanía,Nicaragua,nicaragua
Ana Ilce Gómez Ortega,Miembro de,Academia Nicaragüense de la Lengua,nicaragua
Ana Ilce Gómez Ortega,Fecha de nacimiento,1944-10-28,nicaragua
Ana Ilce Gómez Ortega,Fecha de defunción,2017-11-01,nicaragua
Ana Ilce Gómez Ortega,Ocupación,poeta,nicaragua
Ana Ilce Gómez Ortega,Ocupación,periodista,nicaragua
Ana Ilce Gómez Ortega,Fecha de nacimiento,1945-01-01,nicaragua
Rolando Mendoza,Ocupación,deportista,nicaragua
Rolando Mendoza,Ciudadanía,Nicaragua,nicaragua
Rolando Mendoza,Fecha de nacimiento,1939-06-07,nicaragua
José Víctor Zambrana,Ocupación,investigador,nicaragua
José Víctor Zambrana,Ciudadanía,Nicaragua,nicaragua
José Víctor Zambrana,Educado en,Universidad Nacional Autónoma de Nicaragua,nicaragua
José Víctor Zambrana,Empleador,Universidad de Míchigan,nicaragua
José Víctor Zambrana,Empleador,Sustainable Sciences Institute,nicaragua
Christopher Reyes,Lugar de nacimiento,Jinotepe,nicaragua
Christopher Reyes,Ocupación,luchador,nicaragua
Christopher Reyes,Ciudadanía,Nicaragua,nicaragua
Christopher Reyes,Fecha de nacimiento,1990-09-26,nicaragua
José González,Lugar de nacimiento,Jinotepe,nicaragua
José González,Ocupación,luchador,nicaragua
José González,Ciudadanía,Nicaragua,nicaragua
José González,Fecha de nacimiento,1993-03-27,nicaragua
Wilmer Martínez,Lugar de nacimiento,Jinotepe,nicaragua
Wilmer Martínez,Ocupación,luchador,nicaragua
Wilmer Martínez,Ciudadanía,Nicaragua,nicaragua
Wilmer Martínez,Fecha de nacimiento,1991-03-08,nicaragua
Alberto Mendieta,Lugar de nacimiento,Jinotepe,nicaragua
Alberto Mendieta,Ocupación,luchador,nicaragua
Alberto Mendieta,Ciudadanía,Nicaragua,nicaragua
Alberto Mendieta,Fecha de nacimiento,1993-09-22,nicaragua
Judith Sierra,Lugar de nacimiento,Managua,nicaragua
Judith Sierra,Ocupación,luchador,nicaragua
Judith Sierra,Ciudadanía,Nicaragua,nicaragua
Judith Sierra,Fecha de nacimiento,1998-02-06,nicaragua
Arleth Jarquín,Lugar de nacimiento,Managua,nicaragua
Arleth Jarquín,Ocupación,luchador,nicaragua
Arleth Jarquín,Ciudadanía,Nicaragua,nicaragua
Arleth Jarquín,Fecha de nacimiento,1997-10-08,nicaragua
Hetzel Alguera,Ocupación,luchador,nicaragua
Hetzel Alguera,Ciudadanía,Nicaragua,nicaragua
Hetzel Alguera,Fecha de nacimiento,1992-06-13,nicaragua
fondista,instancia de,profesión,nicaragua
fondista,subclase de,corredor,nicaragua
fondista,ámbito de la ocupación,carrera de larga distancia,nicaragua
fondista,categoría principal del tema,Categoría:Corredores de larga distancia,nicaragua
fondista,diferente de,esquiador de fondo,nicaragua
Asamblea Nacional de Nicaragua,país,Nicaragua,nicaragua
Asamblea Nacional de Nicaragua,instancia de,legislatura unicameral,nicaragua
Asamblea Nacional de Nicaragua,situado en la entidad territorial administrativa,Managua,nicaragua
Asamblea Nacional de Nicaragua,compuesto por,miembro de la Asamblea Nacional de Nicaragua,nicaragua
Asamblea Nacional de Nicaragua,aplica a la jurisdicción,Nicaragua,nicaragua
agricultor,instancia de,ocupación,nicaragua
agricultor,subclase de,trabajador agrícola,nicaragua
agricultor,subclase de,cultivadores de cultivos extensivos y hortalizas,nicaragua
premio Homo Homini,país,República Checa,nicaragua
premio Homo Homini,instancia de,distinción,nicaragua
premio Homo Homini,conferido por,People in Need,nicaragua
premio Homo Homini,donado por,People in Need,nicaragua
premio Homo Homini,ganador,Szeto Wah,nicaragua
taekwondista,instancia de,profesión,nicaragua
taekwondista,instancia de,ocupación,nicaragua
taekwondista,subclase de,deportista,nicaragua
taekwondista,ámbito de la ocupación,taekwondo,nicaragua
taekwondista,ámbito de la ocupación,taekwondo adaptado,nicaragua
investigador,instancia de,cargo,nicaragua
investigador,instancia de,ocupación,nicaragua
investigador,subclase de,escritor de no ficción,nicaragua
investigador,subclase de,profesional de la academia,nicaragua
investigador,ámbito de la ocupación,investigación,nicaragua
Universidad de Míchigan,país,Estados Unidos,nicaragua
Universidad de Míchigan,instancia de,institución educativa pública de los Estados Unidos,nicaragua
Universidad de Míchigan,instancia de,universidad pública de investigación,nicaragua
Universidad de Míchigan,fundador,Gabriel Richard,nicaragua
Universidad de Míchigan,situado en la entidad territorial administrativa,Ann Arbor,nicaragua
Dayana Rodríguez,Ocupación,luchador,nicaragua
Dayana Rodríguez,Ciudadanía,Nicaragua,nicaragua
Dayana Rodríguez,Fecha de nacimiento,1996-12-10,nicaragua
Silvio Conrado,Ocupación,economista,nicaragua
Silvio Conrado,Ciudadanía,Nicaragua,nicaragua
Silvio Conrado,Fecha de nacimiento,1945-02-18,nicaragua
Silvio Conrado,Fecha de defunción,2018-02-17,nicaragua
Asilia Guillén,Ocupación,pintor,nicaragua
Asilia Guillén,Ciudadanía,Nicaragua,nicaragua
Asilia Guillén,Fecha de nacimiento,1887-01-01,nicaragua
Asilia Guillén,Fecha de defunción,1964-01-01,nicaragua
Jonathan Loáisiga,Lugar de nacimiento,Managua,nicaragua
Jonathan Loáisiga,Ocupación,beisbolista,nicaragua
Jonathan Loáisiga,Ciudadanía,Nicaragua,nicaragua
Jonathan Loáisiga,Fecha de nacimiento,1994-11-02,nicaragua
Jonathan Loáisiga,Ocupación,beisbolista profesional,nicaragua
Reyna I. Aburto,Lugar de nacimiento,Managua,nicaragua
Reyna I. Aburto,Ocupación,líder religioso,nicaragua
Reyna I. Aburto,Ciudadanía,Estados Unidos,nicaragua
Reyna I. Aburto,Educado en,Universidad del Valle de Utah,nicaragua
Reyna I. Aburto,Fecha de nacimiento,1963-10-24,nicaragua
Reyna I. Aburto,Ciudadanía,Nicaragua,nicaragua
Adriana Paniagua,Lugar de nacimiento,Chinandega,nicaragua
Adriana Paniagua,Ocupación,modelo,nicaragua
Adriana Paniagua,Ciudadanía,Nicaragua,nicaragua
Adriana Paniagua,Fecha de nacimiento,1995-11-24,nicaragua
Cristofer Jordan Rosales González,Lugar de nacimiento,Managua,nicaragua
Cristofer Jordan Rosales González,Ocupación,boxeador,nicaragua
Cristofer Jordan Rosales González,Ciudadanía,Nicaragua,nicaragua
Cristofer Jordan Rosales González,Fecha de nacimiento,1994-10-06,nicaragua
Asesinato de Ángel Eduardo Gahona,Lugar de nacimiento,Managua,nicaragua
Asesinato de Ángel Eduardo Gahona,Ocupación,reportero,nicaragua
Asesinato de Ángel Eduardo Gahona,Ciudadanía,Nicaragua,nicaragua
Asesinato de Ángel Eduardo Gahona,Educado en,Universidad de las Regiones Autónomas de la Costa Caribe Nicaragüense,nicaragua
Asesinato de Ángel Eduardo Gahona,Fecha de nacimiento,1976-01-14,nicaragua
Asesinato de Ángel Eduardo Gahona,Fecha de defunción,2018-04-21,nicaragua
Asesinato de Ángel Eduardo Gahona,Ocupación,locutor,nicaragua
Asesinato de Ángel Eduardo Gahona,Ocupación,periodista,nicaragua
Salvador Mendieta,Ocupación,escritor,nicaragua
Salvador Mendieta,Ciudadanía,Nicaragua,nicaragua
Salvador Mendieta,Fecha de nacimiento,1879-03-24,nicaragua
Salvador Mendieta,Fecha de defunción,1958-05-28,nicaragua
Edipcia Dubón,Ocupación,político,nicaragua
Edipcia Dubón,Ciudadanía,Nicaragua,nicaragua
Edipcia Dubón,Ocupación,activista por los derechos humanos,nicaragua
Juan Bautista Cuadra,Ocupación,pintor,nicaragua
Juan Bautista Cuadra,Ciudadanía,Nicaragua,nicaragua
Juan Bautista Cuadra,Fecha de nacimiento,1877-01-01,nicaragua
Juan Bautista Cuadra,Fecha de defunción,1952-01-01,nicaragua
Zoilamérica Ortega Murillo,Lugar de nacimiento,Managua,nicaragua
Zoilamérica Ortega Murillo,Ocupación,político,nicaragua
Zoilamérica Ortega Murillo,Ciudadanía,Nicaragua,nicaragua
Zoilamérica Ortega Murillo,Educado en,Universidad Centroamericana,nicaragua
Zoilamérica Ortega Murillo,Cargo,miembro de la Asamblea Nacional de Nicaragua,nicaragua
Zoilamérica Ortega Murillo,Fecha de nacimiento,1967-11-13,nicaragua
Zoilamérica Ortega Murillo,Ocupación,activista LGBTI,nicaragua
Byron Bonilla,Lugar de nacimiento,Granada,nicaragua
Byron Bonilla,Ocupación,futbolista,nicaragua
Byron Bonilla,Ciudadanía,Nicaragua,nicaragua
Byron Bonilla,Fecha de nacimiento,1993-08-30,nicaragua
Elí Altamirano,Lugar de nacimiento,Chinandega,nicaragua
Elí Altamirano,Ocupación,político,nicaragua
Elí Altamirano,Ciudadanía,Nicaragua,nicaragua
Elí Altamirano,Cargo,miembro de la Asamblea Nacional de Nicaragua,nicaragua
Elí Altamirano,Fecha de nacimiento,1934-02-27,nicaragua
Elí Altamirano,Fecha de defunción,2016-01-15,nicaragua
Adolfo Calero Orozco,Lugar de nacimiento,Managua,nicaragua
Adolfo Calero Orozco,Ocupación,escritor,nicaragua
Adolfo Calero Orozco,Ciudadanía,Nicaragua,nicaragua
Adolfo Calero Orozco,Fecha de nacimiento,1889-02-19,nicaragua
Adolfo Calero Orozco,Fecha de defunción,1980-01-01,nicaragua
Sara Guerra Midence,Lugar de nacimiento,Potosí,nicaragua
Sara Guerra Midence,Ciudadanía,El Salvador,nicaragua
Sara Guerra Midence,Fecha de nacimiento,1840-01-01,nicaragua
Sara Guerra Midence,Fecha de defunción,1911-09-15,nicaragua
Sara Guerra Midence,Ciudadanía,Nicaragua,nicaragua
Carlos Molina Argüello,Lugar de nacimiento,Granada,nicaragua
Carlos Molina Argüello,Ocupación,historiador,nicaragua
Carlos Molina Argüello,Ciudadanía,Nicaragua,nicaragua
Carlos Molina Argüello,Fecha de nacimiento,1921-07-01,nicaragua
Carlos Molina Argüello,Fecha de defunción,1998-01-22,nicaragua
Mario Arce Solórzano,Lugar de nacimiento,Managua,nicaragua
Mario Arce Solórzano,Ocupación,bibliotecario,nicaragua
Mario Arce Solórzano,Ciudadanía,Nicaragua,nicaragua
Mario Arce Solórzano,Educado en,Universidad Centroamericana,nicaragua
Mario Arce Solórzano,Fecha de nacimiento,1953-01-01,nicaragua
Mario Arce Solórzano,Fecha de defunción,2012-01-01,nicaragua
Mario Arce Solórzano,Ocupación,historiador,nicaragua
Mario Arce Solórzano,Fecha de nacimiento,1953-10-22,nicaragua
Mario Arce Solórzano,Fecha de defunción,2012-03-15,nicaragua
Ricardo Llopesa,Lugar de nacimiento,Masaya,nicaragua
Ricardo Llopesa,Ocupación,poeta,nicaragua
Ricardo Llopesa,Ciudadanía,Nicaragua,nicaragua
Ricardo Llopesa,Fecha de nacimiento,1948-02-13,nicaragua
Ricardo Llopesa,Fecha de defunción,2018-07-27,nicaragua
Ricardo Llopesa,Ocupación,crítico literario,nicaragua
Isidro Téllez Toruño,Ocupación,sindicalista,nicaragua
Isidro Téllez Toruño,Ciudadanía,Nicaragua,nicaragua
Isidro Téllez Toruño,Cargo,miembro de la Asamblea Nacional de Nicaragua,nicaragua
Isidro Téllez Toruño,Fecha de nacimiento,1948-01-01,nicaragua
beisbolista profesional,instancia de,profesión,nicaragua
beisbolista profesional,subclase de,beisbolista,nicaragua
beisbolista profesional,subclase de,atleta profesional,nicaragua
beisbolista profesional,ámbito de la ocupación,beisbol profesional,nicaragua
beisbolista profesional,diferente de,beisbolista,nicaragua
Universidad del Valle de Utah,país,Estados Unidos,nicaragua
Universidad del Valle de Utah,instancia de,universidad,nicaragua
Universidad del Valle de Utah,instancia de,campus,nicaragua
Universidad del Valle de Utah,instancia de,institución educativa pública de los Estados Unidos,nicaragua
Universidad del Valle de Utah,situado en la entidad territorial administrativa,Orem,nicaragua
reportero,instancia de,profesión,nicaragua
reportero,instancia de,cargo,nicaragua
reportero,subclase de,periodista,nicaragua
reportero,ámbito de la ocupación,periodismo,nicaragua
reportero,categoría principal del tema,Categoría:Corresponsales y enviados especiales,nicaragua
Universidad de las Regiones Autónomas de la Costa Caribe Nicaragüense,país,Nicaragua,nicaragua
Universidad de las Regiones Autónomas de la Costa Caribe Nicaragüense,instancia de,universidad,nicaragua
Universidad de las Regiones Autónomas de la Costa Caribe Nicaragüense,instancia de,editor de acceso abierto,nicaragua
Universidad de las Regiones Autónomas de la Costa Caribe Nicaragüense,situado en la entidad territorial administrativa,Managua,nicaragua
Universidad de las Regiones Autónomas de la Costa Caribe Nicaragüense,situado en la entidad territorial administrativa,Bluefields,nicaragua
activista por los derechos humanos,instancia de,ocupación,nicaragua
activista por los derechos humanos,subclase de,activista político,nicaragua
activista por los derechos humanos,categoría principal del tema,Categoría:Activistas por los derechos humanos,nicaragua
activista por los derechos humanos,lista de interés para el proyecto Wikimedia,Wikiproyecto:Derechos humanos,nicaragua
historiador,categoría que contiene subcategorías epónimas,Categoría:Categorías de historiadores,nicaragua
historiador,instancia de,profesión,nicaragua
historiador,subclase de,académico de humanidades,nicaragua
historiador,ámbito de la ocupación,historiografía,nicaragua
bibliotecario,instancia de,profesión,nicaragua
bibliotecario,instancia de,ocupación,nicaragua
bibliotecario,subclase de,profesional de la información,nicaragua
bibliotecario,subclase de,personal de las bibliotecas,nicaragua
bibliotecario,santo patrón,Lorenzo de Roma,nicaragua
sindicalista,instancia de,ocupación,nicaragua
sindicalista,subclase de,activista social,nicaragua
sindicalista,subclase de,activista político,nicaragua
sindicalista,ámbito de la ocupación,sindicalismo,nicaragua
Ceymar Castillo,Ocupación,luchador,nicaragua
Ceymar Castillo,Ciudadanía,Nicaragua,nicaragua
Ceymar Castillo,Fecha de nacimiento,1999-04-26,nicaragua
Yadir Cerda,Ocupación,luchador,nicaragua
Yadir Cerda,Ciudadanía,Nicaragua,nicaragua
Yadir Cerda,Fecha de nacimiento,1994-03-25,nicaragua
Lorna Norori,Ocupación,activista,nicaragua
Lorna Norori,Ciudadanía,Nicaragua,nicaragua
Lorna Norori,Fecha de nacimiento,1950-01-01,nicaragua
Felix Alvarado,Lugar de nacimiento,Managua,nicaragua
Felix Alvarado,Ocupación,boxeador,nicaragua
Felix Alvarado,Ciudadanía,Nicaragua,nicaragua
Felix Alvarado,Fecha de nacimiento,1989-02-15,nicaragua
Pablo Siles,Ocupación,investigador,nicaragua
Pablo Siles,Ciudadanía,Nicaragua,nicaragua
Pablo Siles,Empleador,Bioversity International,nicaragua
Pablo Siles,Empleador,Centro Internacional de Agricultura Tropical,nicaragua
Wilfried Strauch,Ocupación,investigador,nicaragua
Wilfried Strauch,Ciudadanía,Nicaragua,nicaragua
Wilfried Strauch,Educado en,Universidad Humboldt de Berlín,nicaragua
Wilfried Strauch,Empleador,Instituto Federal de Geociencias y Recursos Naturales,nicaragua
Wilfried Strauch,Empleador,GFZ Helmholtz Centre for Geosciences,nicaragua
Wilfried Strauch,Empleador,Instituto Nicaragüense de Estudios Territoriales,nicaragua
Xiomara Diaz,Ocupación,activista,nicaragua
Xiomara Diaz,Ciudadanía,Nicaragua,nicaragua
Xiomara Diaz,Premio recibido,100 Mujeres de la BBC,nicaragua
José María Zelaya,Lugar de nacimiento,Nicaragua,nicaragua
José María Zelaya,Ocupación,político,nicaragua
José María Zelaya,Ciudadanía,El Salvador,nicaragua
José María Zelaya,Educado en,Universidad de El Salvador,nicaragua
José María Zelaya,Cargo,rector,nicaragua
José María Zelaya,Fecha de nacimiento,1817-01-01,nicaragua
José María Zelaya,Fecha de defunción,1868-10-26,nicaragua
José María Zelaya,Ciudadanía,Nicaragua,nicaragua
José María Zelaya,Cargo,Presidente de la Asamblea Legislativa,nicaragua
José María Zelaya,Cargo,ministro de finanzas,nicaragua
José María Zelaya,Cargo,Alcalde de San Salvador,nicaragua
José María Zelaya,Cargo,Diputado de El Salvador,nicaragua
Jaime Ramírez,Ocupación,ciclista,nicaragua
Jaime Ramírez,Ciudadanía,Nicaragua,nicaragua
Jaime Ramírez,Fecha de nacimiento,1990-08-25,nicaragua
Onofre Ramírez,Ocupación,boxeador,nicaragua
Onofre Ramírez,Ciudadanía,Nicaragua,nicaragua
Onofre Ramírez,Fecha de nacimiento,1960-09-05,nicaragua
Álvaro Conrado Dávila,Lugar de nacimiento,Managua,nicaragua
Álvaro Conrado Dávila,Ocupación,estudiante,nicaragua
Álvaro Conrado Dávila,Ciudadanía,Nicaragua,nicaragua
Álvaro Conrado Dávila,Fecha de nacimiento,2003-04-08,nicaragua
Álvaro Conrado Dávila,Fecha de defunción,2018-04-20,nicaragua
Stanley Cayasso Guerrero,Ocupación,beisbolista,nicaragua
Stanley Cayasso Guerrero,Ciudadanía,Nicaragua,nicaragua
Francisco Javier Díaz Madriz,Lugar de nacimiento,Chinandega,nicaragua
Francisco Javier Díaz Madriz,Ciudadanía,Nicaragua,nicaragua
Francisco Javier Díaz Madriz,Fecha de nacimiento,1950-01-01,nicaragua
Leticia Herrera Sánchez,Lugar de nacimiento,Provincia de Puntarenas,nicaragua
Leticia Herrera Sánchez,Ocupación,abogado,nicaragua
Leticia Herrera Sánchez,Ciudadanía,Costa Rica,nicaragua
Leticia Herrera Sánchez,Educado en,Universidad Rusa de la Amistad de los Pueblos,nicaragua
Leticia Herrera Sánchez,Cargo,miembro de la Asamblea Nacional de Nicaragua,nicaragua
Leticia Herrera Sánchez,Fecha de nacimiento,1949-03-11,nicaragua
Leticia Herrera Sánchez,Ocupación,político,nicaragua
Leticia Herrera Sánchez,Ocupación,notario,nicaragua
Leticia Herrera Sánchez,Ciudadanía,Nicaragua,nicaragua
Miriam Argüello,Lugar de nacimiento,Granada,nicaragua
Miriam Argüello,Ocupación,político,nicaragua
Miriam Argüello,Ciudadanía,Nicaragua,nicaragua
Miriam Argüello,Cargo,Asamblea Nacional de Nicaragua,nicaragua
Miriam Argüello,Fecha de nacimiento,1927-02-22,nicaragua
Miriam Argüello,Fecha de defunción,2019-02-07,nicaragua
Lucía Pineda Ubau,Lugar de nacimiento,San Miguelito,nicaragua
Lucía Pineda Ubau,Ocupación,periodista,nicaragua
Lucía Pineda Ubau,Ciudadanía,Nicaragua,nicaragua
Lucía Pineda Ubau,Premio recibido,Premio a la Valentía en el Periodismo,nicaragua
Lucía Pineda Ubau,Fecha de nacimiento,1973-01-01,nicaragua
Marianela Corriols,Lugar de nacimiento,Estelí,nicaragua
Marianela Corriols,Ocupación,escritor,nicaragua
Marianela Corriols,Ciudadanía,Nicaragua,nicaragua
Marianela Corriols,Fecha de nacimiento,1965-09-12,nicaragua
Marianela Corriols,Ocupación,poeta,nicaragua
Renato Punyed,Lugar de nacimiento,San Salvador,nicaragua
Renato Punyed,Ocupación,futbolista,nicaragua
Renato Punyed,Ciudadanía,Estados Unidos,nicaragua
Renato Punyed,Educado en,Universidad de High Point,nicaragua
Renato Punyed,Fecha de nacimiento,1995-08-22,nicaragua
Renato Punyed,Ciudadanía,El Salvador,nicaragua
Renato Punyed,Ciudadanía,Nicaragua,nicaragua
Humberto Belli,Lugar de nacimiento,Managua,nicaragua
Humberto Belli,Ocupación,escritor,nicaragua
Humberto Belli,Ciudadanía,Nicaragua,nicaragua
Humberto Belli,Fecha de nacimiento,1945-09-07,nicaragua
Humberto Belli,Ocupación,ministro,nicaragua
Humberto Belli,Ocupación,sociólogo,nicaragua
Roberto Rivas Reyes,Lugar de nacimiento,Managua,nicaragua
Roberto Rivas Reyes,Ocupación,funcionario,nicaragua
Roberto Rivas Reyes,Ciudadanía,Nicaragua,nicaragua
Roberto Rivas Reyes,Fecha de nacimiento,1954-07-06,nicaragua
Roberto Rivas Reyes,Fecha de defunción,2022-03-06,nicaragua
activista,instancia de,ocupación,nicaragua
activista,instancia de,actitud ética,nicaragua
activista,subclase de,persona,nicaragua
activista,ámbito de la ocupación,activismo,nicaragua
activista,ámbito de la ocupación,incidencia política,nicaragua
Centro Internacional de Agricultura Tropical,país,Colombia,nicaragua
Centro Internacional de Agricultura Tropical,instancia de,instituto de investigación,nicaragua
Centro Internacional de Agricultura Tropical,instancia de,editor de acceso abierto,nicaragua
Centro Internacional de Agricultura Tropical,fundador,Fundación Rockefeller,nicaragua
Centro Internacional de Agricultura Tropical,situado en la entidad territorial administrativa,Cali,nicaragua
Universidad Humboldt de Berlín,país,Alemania,nicaragua
Universidad Humboldt de Berlín,instancia de,editor de acceso abierto,nicaragua
Universidad Humboldt de Berlín,instancia de,universidad pública de investigación,nicaragua
Instituto Federal de Geociencias y Recursos Naturales,país,Alemania,nicaragua
Instituto Federal de Geociencias y Recursos Naturales,instancia de,agencia federal de Alemania,nicaragua
100 Mujeres de la BBC,país,Reino Unido,nicaragua
100 Mujeres de la BBC,instancia de,distinción,nicaragua
100 Mujeres de la BBC,ubicación,Broadcasting House,nicaragua
100 Mujeres de la BBC,categoría principal del tema,Categoría:100 Mujeres BBC,nicaragua
Universidad de El Salvador,país,El Salvador,nicaragua
Universidad de El Salvador,instancia de,universidad pública,nicaragua
Universidad de El Salvador,situado en la entidad territorial administrativa,San Salvador,nicaragua
Universidad de El Salvador,miembro de,Consejo Superior Universitario Centroamericano,nicaragua
estudiante,instancia de,grupo social,nicaragua
estudiante,instancia de,ocupación,nicaragua
estudiante,instancia de,grupo de humanos,nicaragua
estudiante,subclase de,estudiante,nicaragua
estudiante,ámbito de la ocupación,actividad extracurricular,nicaragua
Provincia de Puntarenas,país,Costa Rica,nicaragua
Provincia de Puntarenas,instancia de,provincia de Costa Rica,nicaragua
Provincia de Puntarenas,capital,Puntarenas,nicaragua
Provincia de Puntarenas,comparte fronteras con,Provincia de Alajuela,nicaragua
Provincia de Puntarenas,comparte fronteras con,Provincia de Limón,nicaragua
Universidad Rusa de la Amistad de los Pueblos,instancia de,editor de acceso abierto,nicaragua
Universidad Rusa de la Amistad de los Pueblos,situado en la entidad territorial administrativa,Moscú,nicaragua
San Miguelito,país,Nicaragua,nicaragua
San Miguelito,instancia de,municipio de Nicaragua,nicaragua
San Miguelito,situado en la entidad territorial administrativa,Departamento de Río San Juan,nicaragua
San Miguelito,ciudad hermana,Waltrop,nicaragua
Premio a la Valentía en el Periodismo,instancia de,premio de periodismo,nicaragua
Premio a la Valentía en el Periodismo,conferido por,La Fundación Internacional de Mujeres en los Medios,nicaragua
Universidad de High Point,país,Estados Unidos,nicaragua
Universidad de High Point,instancia de,universidad,nicaragua
Universidad de High Point,instancia de,institución educativa privada sin fines de lucro,nicaragua
Universidad de High Point,situado en la entidad territorial administrativa,High Point,nicaragua
Universidad de High Point,religión,Iglesia Metodista Unida,nicaragua
ministro,instancia de,cargo público,nicaragua
ministro,instancia de,cargo,nicaragua
ministro,categoría principal del tema,Categoría:Ministros de estado,nicaragua
funcionario,instancia de,profesión,nicaragua
funcionario,instancia de,alto cargo,nicaragua
funcionario,instancia de,cargo,nicaragua
funcionario,subclase de,persona jurídica,nicaragua
funcionario,subclase de,burócrata,nicaragua
Silvia Rosales Bolaños,Ocupación,abogado,nicaragua
Silvia Rosales Bolaños,Ciudadanía,Nicaragua,nicaragua
Felix Maradiaga,Lugar de nacimiento,Jinotega,nicaragua
Felix Maradiaga,Ocupación,académico,nicaragua
Felix Maradiaga,Ciudadanía,Nicaragua,nicaragua
Felix Maradiaga,Educado en,Universidad Harvard,nicaragua
Felix Maradiaga,Fecha de nacimiento,1976-09-23,nicaragua
Felix Maradiaga,Ocupación,activista político,nicaragua
Felix Maradiaga,Educado en,Universidad de Mobile,nicaragua
Magaly Quintana,Lugar de nacimiento,Managua,nicaragua
Magaly Quintana,Ocupación,historiador,nicaragua
Magaly Quintana,Ciudadanía,Nicaragua,nicaragua
Magaly Quintana,Fecha de nacimiento,1952-05-28,nicaragua
Magaly Quintana,Fecha de defunción,2019-05-05,nicaragua
Magaly Quintana,Ocupación,activista,nicaragua
Magaly Quintana,Ocupación,activista por los derechos de las mujeres,nicaragua
René Huete,Lugar de nacimiento,Managua,nicaragua
René Huete,Ocupación,futbolista,nicaragua
René Huete,Ciudadanía,Nicaragua,nicaragua
René Huete,Fecha de nacimiento,1995-01-01,nicaragua
Camphers Pérez,Lugar de nacimiento,San Rafael del Sur,nicaragua
Camphers Pérez,Ocupación,futbolista,nicaragua
Camphers Pérez,Ciudadanía,Nicaragua,nicaragua
Camphers Pérez,Fecha de nacimiento,1998-05-13,nicaragua
Sohvi Rodriguez,Lugar de nacimiento,Nicaragua,nicaragua
Sohvi Rodriguez,Ocupación,actor,nicaragua
Sohvi Rodriguez,Ciudadanía,Nicaragua,nicaragua
Ceshia Ubau,Lugar de nacimiento,Managua,nicaragua
Ceshia Ubau,Ocupación,compositor,nicaragua
Ceshia Ubau,Ciudadanía,Nicaragua,nicaragua
Ceshia Ubau,Educado en,Universidad Centroamericana,nicaragua
Ceshia Ubau,Fecha de nacimiento,1997-01-01,nicaragua
Ceshia Ubau,Ocupación,cantautor,nicaragua
Maria Schutzmeier,Ocupación,nadador,nicaragua
Maria Schutzmeier,Ciudadanía,Nicaragua,nicaragua
Maria Schutzmeier,Fecha de nacimiento,1999-10-29,nicaragua
Inés López Sevilla,Lugar de nacimiento,Managua,nicaragua
Inés López Sevilla,Ocupación,modelo,nicaragua
Inés López Sevilla,Ciudadanía,Nicaragua,nicaragua
Inés López Sevilla,Fecha de nacimiento,2000-01-21,nicaragua
Yokasta Valle,Lugar de nacimiento,Matagalpa,nicaragua
Yokasta Valle,Ocupación,boxeador,nicaragua
Yokasta Valle,Ciudadanía,Nicaragua,nicaragua
Yokasta Valle,Fecha de nacimiento,1992-08-28,nicaragua
Enóc Aguado,Lugar de nacimiento,León,nicaragua
Enóc Aguado,Ocupación,abogado,nicaragua
Enóc Aguado,Ciudadanía,Nicaragua,nicaragua
Enóc Aguado,Fecha de nacimiento,1883-06-09,nicaragua
Enóc Aguado,Fecha de defunción,1964-05-23,nicaragua
Amaya Coppens,Lugar de nacimiento,Bruselas,nicaragua
Amaya Coppens,Ocupación,estudiante,nicaragua
Amaya Coppens,Ciudadanía,Bélgica,nicaragua
Amaya Coppens,Educado en,Li Po Chun United World College,nicaragua
Amaya Coppens,Premio recibido,Premio Internacional a las Mujeres de Coraje,nicaragua
Amaya Coppens,Fecha de nacimiento,1994-01-01,nicaragua
Amaya Coppens,Ocupación,activista,nicaragua
Amaya Coppens,Ciudadanía,Nicaragua,nicaragua
Amaya Coppens,Educado en,Universidad Nacional Autónoma de Nicaragua-León,nicaragua
César Díaz,Lugar de nacimiento,Ciudad de Guatemala,nicaragua
César Díaz,Ocupación,guionista,nicaragua
César Díaz,Ciudadanía,Bélgica,nicaragua
César Díaz,Educado en,La Fémis,nicaragua
César Díaz,Premio recibido,Rails d'or,nicaragua
César Díaz,Fecha de nacimiento,1978-09-20,nicaragua
César Díaz,Ocupación,director de cine,nicaragua
César Díaz,Ocupación,editor de cine,nicaragua
César Díaz,Ciudadanía,Nicaragua,nicaragua
Jandir Rodríguez,Lugar de nacimiento,San Rafael del Norte,nicaragua
Jandir Rodríguez,Ocupación,músico,nicaragua
Jandir Rodríguez,Ciudadanía,Nicaragua,nicaragua
Jandir Rodríguez,Fecha de nacimiento,1993-01-01,nicaragua
Fernando Gordillo,Lugar de nacimiento,Managua,nicaragua
Fernando Gordillo,Ocupación,escritor,nicaragua
Fernando Gordillo,Ciudadanía,Nicaragua,nicaragua
Fernando Gordillo,Fecha de nacimiento,1941-01-01,nicaragua
Fernando Gordillo,Fecha de defunción,1967-01-01,nicaragua
Fernando Gordillo,Ocupación,periodista,nicaragua
Guayo González,Ocupación,cantante,nicaragua
Guayo González,Ciudadanía,Nicaragua,nicaragua
Guayo González,Ocupación,artista discográfico,nicaragua
Carlos Pérez,Lugar de nacimiento,Managua,nicaragua
Carlos Pérez,Ocupación,deportista,nicaragua
Carlos Pérez,Ciudadanía,Nicaragua,nicaragua
Carlos Pérez,Fecha de nacimiento,1938-08-18,nicaragua
Milú Vargas,Lugar de nacimiento,Managua,nicaragua
Milú Vargas,Ocupación,abogado,nicaragua
Milú Vargas,Ciudadanía,Nicaragua,nicaragua
Milú Vargas,Educado en,Universidad de Pittsburgh,nicaragua
Milú Vargas,Cargo,miembro de la Asamblea Nacional de Nicaragua,nicaragua
Milú Vargas,Fecha de nacimiento,1950-04-30,nicaragua
Milú Vargas,Ocupación,activista,nicaragua
Milú Vargas,Educado en,Universidad de Alcalá,nicaragua
Milú Vargas,Educado en,Universidad Carlos III de Madrid,nicaragua
Milú Vargas,Educado en,Universidad Centroamericana,nicaragua
Sheynnis Palacios,Lugar de nacimiento,Managua,nicaragua
Sheynnis Palacios,Ocupación,periodista,nicaragua
Sheynnis Palacios,Ciudadanía,Nicaragua,nicaragua
Sheynnis Palacios,Educado en,Universidad Centroamericana,nicaragua
Sheynnis Palacios,Empleador,Miss Universo,nicaragua
Sheynnis Palacios,Premio recibido,Miss Universo,nicaragua
Sheynnis Palacios,Fecha de nacimiento,2000-05-30,nicaragua
Sheynnis Palacios,Ocupación,modelo,nicaragua
Sheynnis Palacios,Ocupación,participante en concursos de belleza,nicaragua
Sheynnis Palacios,Premio recibido,Miss Mundo Nicaragua,nicaragua
Sheynnis Palacios,Premio recibido,Miss Universo 2023,nicaragua
Sheynnis Palacios,Premio recibido,Miss Nicaragua 2023,nicaragua
Julio César Avilés,Ocupación,militar,nicaragua
Julio César Avilés,Ciudadanía,Nicaragua,nicaragua
Julio César Avilés,Fecha de nacimiento,1956-08-11,nicaragua
Julio César Avilés,Ocupación,Commander-in-Chief of the Army,nicaragua
académico,instancia de,profesión,nicaragua
académico,instancia de,cargo,nicaragua
académico,subclase de,científico,nicaragua
académico,subclase de,cuadro profesional,nicaragua
académico,subclase de,erudito,nicaragua
Universidad Harvard,filial,Escuela de Medicina Harvard,nicaragua
Universidad Harvard,filial,Escuela de Derecho Harvard,nicaragua
Universidad Harvard,filial,Escuela de Negocios Harvard,nicaragua
Universidad Harvard,filial,Escuela de Gobierno John F. Kennedy,nicaragua
San Rafael del Sur,país,Nicaragua,nicaragua
San Rafael del Sur,instancia de,municipio de Nicaragua,nicaragua
San Rafael del Sur,situado en la entidad territorial administrativa,Departamento de Managua,nicaragua
San Rafael del Sur,ciudad hermana,Friedrichshain-Kreuzberg,nicaragua
Bruselas,instancia de,capital federal,nicaragua
Bruselas,instancia de,municipio de Bélgica,nicaragua
Bruselas,instancia de,gran ciudad,nicaragua
Bruselas,idioma oficial,francés,nicaragua
Bélgica,miembro de,Banco Internacional de Reconstrucción y Fomento,nicaragua
Bélgica,miembro de,Organización Hidrográfica Internacional,nicaragua
Bélgica,miembro de,Banco Africano de Desarrollo,nicaragua
Bélgica,miembro de,Unión Internacional de Telecomunicaciones,nicaragua
Bélgica,miembro de,Organización para la Cooperación Conjunta en Materia de Armamento,nicaragua
Premio Internacional a las Mujeres de Coraje,país,Estados Unidos,nicaragua
Premio Internacional a las Mujeres de Coraje,instancia de,distinción a la valentía,nicaragua
Premio Internacional a las Mujeres de Coraje,ubicación,Washington D. C.,nicaragua
Premio Internacional a las Mujeres de Coraje,subclase de,distinción,nicaragua
Premio Internacional a las Mujeres de Coraje,categoría principal del tema,Categoría:Premio Internacional a las Mujeres de Coraje,nicaragua
La Fémis,país,Francia,nicaragua
La Fémis,instancia de,escuela de cine,nicaragua
La Fémis,instancia de,Gran Escuela,nicaragua
La Fémis,instancia de,editorial,nicaragua
La Fémis,ubicación de la sede,XVIII Distrito de París,nicaragua
Rails d'or,país,Francia,nicaragua
Rails d'or,instancia de,grupo de premios,nicaragua
Rails d'or,subclase de,premio cinematográfico,nicaragua
artista discográfico,instancia de,ocupación,nicaragua
artista discográfico,instancia de,profesión musical,nicaragua
artista discográfico,subclase de,músico,nicaragua
artista discográfico,parcialmente coincidente con,músico de estudio,nicaragua
Universidad de Pittsburgh,país,Estados Unidos,nicaragua
Universidad de Pittsburgh,instancia de,colaboración público–privada,nicaragua
Universidad de Pittsburgh,instancia de,universidad privada,nicaragua
Universidad de Pittsburgh,instancia de,universidad de investigación,nicaragua
Universidad de Pittsburgh,instancia de,institución educativa pública de los Estados Unidos,nicaragua
Miss Universo,país,Estados Unidos,nicaragua
Miss Universo,país,Tailandia,nicaragua
Miss Universo,instancia de,concurso de belleza,nicaragua
Miss Universo,instancia de,concurso de belleza femenina,nicaragua
Miss Universo,idioma oficial,inglés,nicaragua
Ana Isabel Morales,Lugar de nacimiento,Morales,nicaragua
Ana Isabel Morales,Ocupación,político,nicaragua
Ana Isabel Morales,Ciudadanía,Nicaragua,nicaragua
Ana Isabel Morales,Cargo,ministro del Interior,nicaragua
María Amelia Coronel Kinloch,Ocupación,político,nicaragua
María Amelia Coronel Kinloch,Ciudadanía,Nicaragua,nicaragua
María Amelia Coronel Kinloch,Cargo,Minister of the Interior,nicaragua
María Auxiliadora Rosales Solís,Lugar de nacimiento,Managua,nicaragua
María Auxiliadora Rosales Solís,Ocupación,profesor universitario,nicaragua
María Auxiliadora Rosales Solís,Ciudadanía,Nicaragua,nicaragua
María Auxiliadora Rosales Solís,Educado en,"Universidad Nacional, Costa Rica",nicaragua
María Auxiliadora Rosales Solís,Empleador,Universidad Nacional Autónoma de Nicaragua,nicaragua
María Auxiliadora Rosales Solís,Miembro de,Academia Nicaragüense de la Lengua,nicaragua
María Auxiliadora Rosales Solís,Fecha de nacimiento,1960-08-20,nicaragua
María Auxiliadora Rosales Solís,Ocupación,lingüista,nicaragua
María Auxiliadora Rosales Solís,Educado en,Universidad Nacional Autónoma de Nicaragua,nicaragua
María Auxiliadora Rosales Solís,Educado en,Universidad Central de Las Villas,nicaragua
Michele Najlis,Ocupación,escritor,nicaragua
Michele Najlis,Ciudadanía,Nicaragua,nicaragua
Michele Najlis,Fecha de nacimiento,1946-01-01,nicaragua
Carlos Jirón,Ocupación,político,nicaragua
Carlos Jirón,Ciudadanía,Nicaragua,nicaragua
Carlos Jirón,Cargo,miembro de la Asamblea Nacional de Nicaragua,nicaragua
Carlos Jirón,Fecha de nacimiento,1955-01-01,nicaragua
Carlos Jirón,Fecha de defunción,2020-01-01,nicaragua
Jacinto Baca Jerez,Ocupación,activista,nicaragua
Jacinto Baca Jerez,Ciudadanía,Nicaragua,nicaragua
Jacinto Baca Jerez,Fecha de nacimiento,1944-11-01,nicaragua
Jacinto Baca Jerez,Fecha de defunción,1969-11-09,nicaragua
Cornelio Henry Hueck Salomón,Ocupación,político,nicaragua
Cornelio Henry Hueck Salomón,Ciudadanía,Nicaragua,nicaragua
Cornelio Henry Hueck Salomón,Fecha de defunción,1979-01-01,nicaragua
Freddy Zamora,Lugar de nacimiento,Managua,nicaragua
Freddy Zamora,Ocupación,beisbolista,nicaragua
Freddy Zamora,Ciudadanía,Nicaragua,nicaragua
Freddy Zamora,Fecha de nacimiento,1998-11-01,nicaragua
Mariano Dubón,Lugar de nacimiento,León,nicaragua
Mariano Dubón,Ocupación,sacerdote,nicaragua
Mariano Dubón,Ciudadanía,Nicaragua,nicaragua
Mariano Dubón,Fecha de nacimiento,1862-03-12,nicaragua
Mariano Dubón,Fecha de defunción,1934-01-17,nicaragua
Gordiano Carranza,Lugar de nacimiento,León,nicaragua
Gordiano Carranza,Ocupación,sacerdote,nicaragua
Gordiano Carranza,Ciudadanía,Nicaragua,nicaragua
Gordiano Carranza,Fecha de nacimiento,1832-01-01,nicaragua
Gordiano Carranza,Fecha de defunción,1908-04-04,nicaragua
Erica Cunningham,Lugar de nacimiento,San Francisco,nicaragua
Erica Cunningham,Ocupación,futbolista,nicaragua
Erica Cunningham,Ciudadanía,Estados Unidos,nicaragua
Erica Cunningham,Fecha de nacimiento,1993-03-25,nicaragua
Erica Cunningham,Ciudadanía,Nicaragua,nicaragua
Gloria Bermudez,Ocupación,futbolista,nicaragua
Gloria Bermudez,Ciudadanía,Nicaragua,nicaragua
Gloria Bermudez,Fecha de nacimiento,2000-06-01,nicaragua
Alys Dayana Cruz Cordonero,Ocupación,futbolista,nicaragua
Alys Dayana Cruz Cordonero,Ciudadanía,Nicaragua,nicaragua
Alys Dayana Cruz Cordonero,Fecha de nacimiento,1998-02-24,nicaragua
Yessenia del Socorro Flores Rivas,Ocupación,futbolista,nicaragua
Yessenia del Socorro Flores Rivas,Ciudadanía,Nicaragua,nicaragua
Yessenia del Socorro Flores Rivas,Fecha de nacimiento,1999-07-07,nicaragua
Sheyla Guadalupe Flores Rivas,Ocupación,futbolista,nicaragua
Sheyla Guadalupe Flores Rivas,Ciudadanía,Nicaragua,nicaragua
Sheyla Guadalupe Flores Rivas,Fecha de nacimiento,1998-05-15,nicaragua
Jaclyn Gilday,Lugar de nacimiento,Orlando,nicaragua
Jaclyn Gilday,Ocupación,futbolista,nicaragua
Jaclyn Gilday,Ciudadanía,Estados Unidos,nicaragua
Jaclyn Gilday,Fecha de nacimiento,2000-11-12,nicaragua
Jaclyn Gilday,Ciudadanía,Nicaragua,nicaragua
Alma Gutiérrez,Ocupación,futbolista,nicaragua
Alma Gutiérrez,Ciudadanía,Nicaragua,nicaragua
Alma Gutiérrez,Fecha de nacimiento,2001-12-12,nicaragua
Yorcelly Humphreys,Lugar de nacimiento,Bluefields,nicaragua
Yorcelly Humphreys,Ocupación,futbolista,nicaragua
Yorcelly Humphreys,Ciudadanía,Nicaragua,nicaragua
Yorcelly Humphreys,Fecha de nacimiento,2001-09-03,nicaragua
Beykel Méndez,Ocupación,futbolista,nicaragua
Beykel Méndez,Ciudadanía,Nicaragua,nicaragua
Beykel Méndez,Fecha de nacimiento,2000-11-16,nicaragua
Ariadna Meza,Ocupación,futbolista,nicaragua
Ariadna Meza,Ciudadanía,Nicaragua,nicaragua
Morales,instancia de,apellido,nicaragua
Morales,sistema de escritura,alfabeto latino,nicaragua
Morales,idioma de la obra o del nombre,español,nicaragua
Morales,se dice que es lo mismo que,Morais,nicaragua
Morales,diferente de,Morales,nicaragua
ministro del Interior,instancia de,cargo,nicaragua
ministro del Interior,subclase de,ministro,nicaragua
ministro del Interior,forma parte de,ministerio del Interior,nicaragua
ministro del Interior,categoría principal del tema,Categoría:Ministros del Interior,nicaragua
ministro del Interior,organización dirigida desde este cargo,ministerio del Interior,nicaragua
"Universidad Nacional, Costa Rica",país,Costa Rica,nicaragua
"Universidad Nacional, Costa Rica",instancia de,universidad,nicaragua
"Universidad Nacional, Costa Rica",instancia de,editor de acceso abierto,nicaragua
"Universidad Nacional, Costa Rica",situado en la entidad territorial administrativa,Heredia,nicaragua
Orlando,ciudad hermana,Curitiba,nicaragua
Orlando,ciudad hermana,Valladolid,nicaragua
Orlando,ciudad hermana,Sena y Marne,nicaragua
Lisbeth Moreno,Ocupación,futbolista,nicaragua
Lisbeth Moreno,Ciudadanía,Nicaragua,nicaragua
Lisbeth Moreno,Fecha de nacimiento,2000-08-06,nicaragua
Alicia Nororis,Ocupación,futbolista,nicaragua
Alicia Nororis,Ciudadanía,Nicaragua,nicaragua
Alicia Nororis,Fecha de nacimiento,1998-09-30,nicaragua
Natalie Orellana,Lugar de nacimiento,Estados Unidos,nicaragua
Natalie Orellana,Ocupación,futbolista,nicaragua
Natalie Orellana,Ciudadanía,Nicaragua,nicaragua
Natalie Orellana,Fecha de nacimiento,2001-02-04,nicaragua
Diana Ortega,Ocupación,futbolista,nicaragua
Diana Ortega,Ciudadanía,Nicaragua,nicaragua
Hormyne Paiz,Ocupación,futbolista,nicaragua
Hormyne Paiz,Ciudadanía,Nicaragua,nicaragua
Hormyne Paiz,Fecha de nacimiento,1999-07-22,nicaragua
Katherine Raquel Pereira,Ocupación,futbolista,nicaragua
Katherine Raquel Pereira,Ciudadanía,Nicaragua,nicaragua
Katherine Raquel Pereira,Fecha de nacimiento,1999-05-22,nicaragua
Edy Pérez,Ocupación,futbolista,nicaragua
Edy Pérez,Ciudadanía,Nicaragua,nicaragua
Kesly Pérez,Ocupación,futbolista,nicaragua
Kesly Pérez,Ciudadanía,Nicaragua,nicaragua
Kesly Pérez,Fecha de nacimiento,2000-05-09,nicaragua
Yahara Salmeron,Ocupación,futbolista,nicaragua
Yahara Salmeron,Ciudadanía,Nicaragua,nicaragua
Yahara Salmeron,Fecha de nacimiento,2000-03-07,nicaragua
Shanelly Treminio,Ocupación,futbolista,nicaragua
Shanelly Treminio,Ciudadanía,Nicaragua,nicaragua
Shanelly Treminio,Fecha de nacimiento,2000-01-01,nicaragua
Elizabeth Vega,Ocupación,futbolista,nicaragua
Elizabeth Vega,Ciudadanía,Nicaragua,nicaragua
Mario Martz,Lugar de nacimiento,Managua,nicaragua
Mario Martz,Ocupación,escritor,nicaragua
Mario Martz,Ciudadanía,Nicaragua,nicaragua
Mario Martz,Fecha de nacimiento,1988-01-01,nicaragua
Sharon Andrea Betancourt Arevalo,Ocupación,futbolista,nicaragua
Sharon Andrea Betancourt Arevalo,Ciudadanía,Nicaragua,nicaragua
Sharon Andrea Betancourt Arevalo,Fecha de nacimiento,2002-05-23,nicaragua
Dayana Calero,Ocupación,futbolista,nicaragua
Dayana Calero,Ciudadanía,Nicaragua,nicaragua
Dayana Calero,Fecha de nacimiento,2002-05-01,nicaragua
Maria Joaquina Cruz Rojas,Ocupación,futbolista,nicaragua
Maria Joaquina Cruz Rojas,Ciudadanía,Nicaragua,nicaragua
Maria Joaquina Cruz Rojas,Fecha de nacimiento,2003-07-29,nicaragua
Merykey Aensly Delgadillo Treminio,Ocupación,futbolista,nicaragua
Merykey Aensly Delgadillo Treminio,Ciudadanía,Nicaragua,nicaragua
Merykey Aensly Delgadillo Treminio,Fecha de nacimiento,2004-03-22,nicaragua
Massiel Guadalupe Hernandez Incer,Ocupación,futbolista,nicaragua
Massiel Guadalupe Hernandez Incer,Ciudadanía,Nicaragua,nicaragua
Massiel Guadalupe Hernandez Incer,Fecha de nacimiento,2002-02-12,nicaragua
Kathering Jarquin,Ocupación,futbolista,nicaragua
Kathering Jarquin,Ciudadanía,Nicaragua,nicaragua
Kathering Jarquin,Fecha de nacimiento,2000-06-27,nicaragua
Jonnie Sánchez,Lugar de nacimiento,Estados Unidos,nicaragua
Jonnie Sánchez,Ocupación,futbolista,nicaragua
Jonnie Sánchez,Ciudadanía,Nicaragua,nicaragua
Jonnie Sánchez,Fecha de nacimiento,2002-01-28,nicaragua
Heyssell Martínez,Ocupación,futbolista,nicaragua
Heyssell Martínez,Ciudadanía,Nicaragua,nicaragua
Heyssell Martínez,Fecha de nacimiento,2001-05-10,nicaragua
Leydin Julissa Mejia Martinez,Ocupación,futbolista,nicaragua
Leydin Julissa Mejia Martinez,Ciudadanía,Nicaragua,nicaragua
Leydin Julissa Mejia Martinez,Fecha de nacimiento,2002-06-10,nicaragua
Ruth Mendoza,Ocupación,futbolista,nicaragua
Ruth Mendoza,Ciudadanía,Nicaragua,nicaragua
Ruth Mendoza,Fecha de nacimiento,2000-09-11,nicaragua
Emely Obregón,Lugar de nacimiento,Estados Unidos,nicaragua
Emely Obregón,Ocupación,futbolista,nicaragua
Emely Obregón,Ciudadanía,Nicaragua,nicaragua
Emely Obregón,Fecha de nacimiento,2001-09-12,nicaragua
Daniela Pérez,Ocupación,futbolista,nicaragua
Daniela Pérez,Ciudadanía,Nicaragua,nicaragua
Daniela Pérez,Fecha de nacimiento,2003-12-26,nicaragua
Belén Rivera,Ocupación,futbolista,nicaragua
Belén Rivera,Ciudadanía,Nicaragua,nicaragua
Belén Rivera,Fecha de nacimiento,2001-05-04,nicaragua
Stephanie Marie Ruiz Cortez,Ocupación,futbolista,nicaragua
Stephanie Marie Ruiz Cortez,Ciudadanía,Nicaragua,nicaragua
Stephanie Marie Ruiz Cortez,Fecha de nacimiento,2002-07-20,nicaragua
Nathaly Silva,Lugar de nacimiento,Estados Unidos,nicaragua
Nathaly Silva,Ocupación,futbolista,nicaragua
Nathaly Silva,Ciudadanía,Nicaragua,nicaragua
Nathaly Silva,Fecha de nacimiento,2001-08-15,nicaragua
Ana Silva,Ocupación,futbolista,nicaragua
Ana Silva,Ciudadanía,Nicaragua,nicaragua
Ana Silva,Fecha de nacimiento,2002-01-09,nicaragua
Eyding Talavera,Ocupación,futbolista,nicaragua
Eyding Talavera,Ciudadanía,Nicaragua,nicaragua
Eyding Talavera,Fecha de nacimiento,2001-10-10,nicaragua
Sayri Toruño,Ocupación,futbolista,nicaragua
Sayri Toruño,Ciudadanía,Nicaragua,nicaragua
Sayri Toruño,Fecha de nacimiento,2001-12-15,nicaragua
Berta Valle,Ocupación,periodista,nicaragua
Berta Valle,Ciudadanía,Nicaragua,nicaragua
Eisner Barberena,Ocupación,nadador,nicaragua
Eisner Barberena,Ciudadanía,Nicaragua,nicaragua
Eisner Barberena,Fecha de nacimiento,1994-09-12,nicaragua
Hernan Estrada Roman,Ocupación,diplomático,nicaragua
Hernan Estrada Roman,Ciudadanía,Nicaragua,nicaragua
Hernan Estrada Roman,Educado en,Graduate Institute of International and Development Studies,nicaragua
Hernan Estrada Roman,Cargo,representante permanente en la agencia internacional de la energía atómica,nicaragua
Matías Moldskred,Lugar de nacimiento,Madrid,nicaragua
Matías Moldskred,Ocupación,futbolista,nicaragua
Matías Moldskred,Ciudadanía,Noruega,nicaragua
Matías Moldskred,Fecha de nacimiento,1997-08-12,nicaragua
Matías Moldskred,Ciudadanía,Nicaragua,nicaragua
Marcial Humberto Guzmán Saballos,Lugar de nacimiento,Tola,nicaragua
Marcial Humberto Guzmán Saballos,Ocupación,sacerdote católico,nicaragua
Marcial Humberto Guzmán Saballos,Ciudadanía,Nicaragua,nicaragua
Marcial Humberto Guzmán Saballos,Cargo,obispo de Juigalpa,nicaragua
Marcial Humberto Guzmán Saballos,Fecha de nacimiento,1965-02-15,nicaragua
Marcial Humberto Guzmán Saballos,Ocupación,obispo católico,nicaragua
Lottie Cunningham Wren,Ocupación,abogado,nicaragua
Lottie Cunningham Wren,Ciudadanía,Nicaragua,nicaragua
Lottie Cunningham Wren,Educado en,Universidad Centroamericana,nicaragua
Lottie Cunningham Wren,Premio recibido,Premio Right Livelihood,nicaragua
Lottie Cunningham Wren,Fecha de nacimiento,1959-09-29,nicaragua
Lottie Cunningham Wren,Ocupación,ambientalista,nicaragua
Maria José Silva,Ocupación,ciclista,nicaragua
Maria José Silva,Ciudadanía,Nicaragua,nicaragua
Maria José Silva,Fecha de nacimiento,1983-08-13,nicaragua
Ana Marcelo,Ocupación,modelo,nicaragua
Ana Marcelo,Ciudadanía,Nicaragua,nicaragua
Ana Marcelo,Fecha de nacimiento,1996-11-07,nicaragua
Francisco José Tigerino Dávila,Lugar de nacimiento,Chinandega,nicaragua
Francisco José Tigerino Dávila,Ocupación,sacerdote católico,nicaragua
Francisco José Tigerino Dávila,Ciudadanía,Nicaragua,nicaragua
Francisco José Tigerino Dávila,Cargo,Obispo de Bluefields,nicaragua
Francisco José Tigerino Dávila,Fecha de nacimiento,1963-10-18,nicaragua
Francisco José Tigerino Dávila,Ocupación,obispo católico,nicaragua
Augusto Zamora,Ocupación,jurista,nicaragua
Augusto Zamora,Ciudadanía,Nicaragua,nicaragua
Augusto Zamora,Empleador,Universidad Autónoma de Madrid,nicaragua
Augusto Zamora,Cargo,embajador,nicaragua
Augusto Zamora,Ocupación,diplomático,nicaragua
Augusto Zamora,Ocupación,profesor universitario,nicaragua
Graduate Institute of International and Development Studies,país,Suiza,nicaragua
Graduate Institute of International and Development Studies,instancia de,universidad,nicaragua
Graduate Institute of International and Development Studies,instancia de,editor de acceso abierto,nicaragua
Graduate Institute of International and Development Studies,campo de trabajo,ciencia política,nicaragua
Graduate Institute of International and Development Studies,campo de trabajo,economía internacional,nicaragua
representante permanente en la agencia internacional de la energía atómica,instancia de,cargo,nicaragua
representante permanente en la agencia internacional de la energía atómica,subclase de,embajador,nicaragua
representante permanente en la agencia internacional de la energía atómica,subclase de,Embajador permanente,nicaragua
Madrid,comparte fronteras con,Leganés,nicaragua
Madrid,comparte fronteras con,Coslada,nicaragua
Madrid,comparte fronteras con,Majadahonda,nicaragua
Madrid,comparte fronteras con,San Sebastián de los Reyes,nicaragua
Madrid,comparte fronteras con,Alcobendas,nicaragua
Noruega,forma parte de,Europa,nicaragua
Noruega,forma parte de,Espacio Económico Europeo,nicaragua
Noruega,forma parte de,Escandinavia,nicaragua
Noruega,forma parte de,Europa del Norte,nicaragua
Noruega,forma parte de,países nórdicos,nicaragua
Tola,país,Nicaragua,nicaragua
Tola,instancia de,municipio de Nicaragua,nicaragua
Tola,situado en la entidad territorial administrativa,Departamento de Rivas,nicaragua
Tola,diferente de,Tola,nicaragua
obispo de Juigalpa,instancia de,función episcopal,nicaragua
obispo de Juigalpa,subclase de,obispo diocesano,nicaragua
obispo de Juigalpa,subclase de,ordinario,nicaragua
obispo de Juigalpa,subclase de,obispo sufragáneo,nicaragua
obispo de Juigalpa,subclase de,obispo católico latino,nicaragua
Obispo de Bluefields,país,Nicaragua,nicaragua
Obispo de Bluefields,instancia de,función episcopal,nicaragua
Obispo de Bluefields,subclase de,obispo sufragáneo,nicaragua
Obispo de Bluefields,subclase de,obispo diocesano católico,nicaragua
Obispo de Bluefields,forma parte de,Conferencia Episcopal de Nicaragua,nicaragua
Universidad Autónoma de Madrid,país,España,nicaragua
Universidad Autónoma de Madrid,instancia de,universidad pública,nicaragua
Universidad Autónoma de Madrid,instancia de,editor de acceso abierto,nicaragua
Universidad Autónoma de Madrid,situado en la entidad territorial administrativa,Madrid,nicaragua
Universidad Autónoma de Madrid,filial,Instituto de Investigaciones Biomédicas Alberto Sols,nicaragua
Reyna Rueda,Lugar de nacimiento,Managua,nicaragua
Reyna Rueda,Ocupación,alcalde,nicaragua
Reyna Rueda,Ciudadanía,Nicaragua,nicaragua
Reyna Rueda,Educado en,Universidad Centroamericana,nicaragua
Reyna Rueda,Cargo,alcalde,nicaragua
Reyna Rueda,Fecha de nacimiento,1970-01-06,nicaragua
Reyna Rueda,Ocupación,político,nicaragua
Ana Margarita Vijil,Ocupación,abogado,nicaragua
Ana Margarita Vijil,Ciudadanía,Nicaragua,nicaragua
Ana Margarita Vijil,Ocupación,politólogo,nicaragua
Ana Margarita Vijil,Ocupación,activista político,nicaragua
Ana Margarita Vijil,Ocupación,activista,nicaragua
Mónica López Baltodano,Ocupación,abogado,nicaragua
Mónica López Baltodano,Ciudadanía,Nicaragua,nicaragua
Mónica López Baltodano,Ocupación,activista por los derechos humanos,nicaragua
Mónica López Baltodano,Ocupación,ambientalista,nicaragua
Carlos Carrión Cruz,Ciudadanía,Nicaragua,nicaragua
Carlos Carrión Cruz,Cargo,alcalde,nicaragua
Moisés Hassan,Lugar de nacimiento,Managua,nicaragua
Moisés Hassan,Ocupación,político,nicaragua
Moisés Hassan,Ciudadanía,Nicaragua,nicaragua
Moisés Hassan,Educado en,Universidad Nacional Autónoma de Nicaragua,nicaragua
Moisés Hassan,Fecha de nacimiento,1942-05-04,nicaragua
Moisés Hassan,Educado en,Universidad Estatal de Carolina del Norte,nicaragua
Jorge Adán Solís Torres,Lugar de nacimiento,Managua,nicaragua
Jorge Adán Solís Torres,Ocupación,músico,nicaragua
Jorge Adán Solís Torres,Ciudadanía,Nicaragua,nicaragua
Jorge Adán Solís Torres,Fecha de nacimiento,1945-01-01,nicaragua
Jorge Adán Solís Torres,Ocupación,compositor de canciones,nicaragua
Anasha Campbell,Lugar de nacimiento,Bluefields,nicaragua
Anasha Campbell,Ocupación,político,nicaragua
Anasha Campbell,Ciudadanía,Nicaragua,nicaragua
Anasha Campbell,Fecha de nacimiento,1986-09-17,nicaragua
Luis Alberto Cabrales,Lugar de nacimiento,Chinandega,nicaragua
Luis Alberto Cabrales,Ocupación,poeta,nicaragua
Luis Alberto Cabrales,Ciudadanía,Nicaragua,nicaragua
Luis Alberto Cabrales,Fecha de nacimiento,1901-01-01,nicaragua
Luis Alberto Cabrales,Fecha de defunción,1974-01-01,nicaragua
Luis Alberto Cabrales,Ocupación,historiador,nicaragua
Violeta Granera,Lugar de nacimiento,Nicaragua,nicaragua
Violeta Granera,Ocupación,sociólogo,nicaragua
Violeta Granera,Ciudadanía,Nicaragua,nicaragua
Violeta Granera,Fecha de nacimiento,1952-11-05,nicaragua
Violeta Granera,Ocupación,activista,nicaragua
Milton Arcia,Lugar de nacimiento,Moyogalpa,nicaragua
Milton Arcia,Ocupación,empresario,nicaragua
Milton Arcia,Ciudadanía,Nicaragua,nicaragua
Harold Medina,Lugar de nacimiento,Bluefields,nicaragua
Harold Medina,Ocupación,futbolista,nicaragua
Harold Medina,Ciudadanía,Nicaragua,nicaragua
Harold Medina,Fecha de nacimiento,2002-01-30,nicaragua
Marvin Fletes,Lugar de nacimiento,Managua,nicaragua
Marvin Fletes,Ocupación,futbolista,nicaragua
Marvin Fletes,Ciudadanía,Nicaragua,nicaragua
Marvin Fletes,Fecha de nacimiento,1997-11-12,nicaragua
Gloria Carrión Fonseca,Lugar de nacimiento,Managua,nicaragua
Gloria Carrión Fonseca,Ocupación,director de cine,nicaragua
Gloria Carrión Fonseca,Ciudadanía,Nicaragua,nicaragua
Gloria Carrión Fonseca,Educado en,Escuela de Economía y Ciencia Política de Londres,nicaragua
Gloria Carrión Fonseca,Fecha de nacimiento,1980-01-01,nicaragua
Gloria Carrión Fonseca,Educado en,Universidad del Cine,nicaragua
Eduardo Mangas,Lugar de nacimiento,Managua,nicaragua
Eduardo Mangas,Ocupación,político,nicaragua
Eduardo Mangas,Ciudadanía,Ecuador,nicaragua
Eduardo Mangas,Educado en,Universidad Centroamericana,nicaragua
Eduardo Mangas,Empleador,Organización de las Naciones Unidas,nicaragua
Eduardo Mangas,Fecha de nacimiento,1974-01-28,nicaragua
Eduardo Mangas,Ocupación,diplomático,nicaragua
Eduardo Mangas,Ocupación,asesor político,nicaragua
Eduardo Mangas,Ciudadanía,Nicaragua,nicaragua
Eduardo Mangas,Empleador,Daniel Ortega,nicaragua
Eduardo Mangas,Empleador,Lenín Moreno,nicaragua
Eduardo Mangas,Empleador,Ricardo Patiño,nicaragua
Eduardo Mangas,Empleador,Jorge Glas,nicaragua
Eduardo Mangas,Empleador,Ministerio de Relaciones Exteriores,nicaragua
Bethania Aburto,Lugar de nacimiento,Corinto,nicaragua
Bethania Aburto,Ocupación,futbolista,nicaragua
Bethania Aburto,Ciudadanía,Nicaragua,nicaragua
Bethania Aburto,Fecha de nacimiento,1990-02-05,nicaragua
Gema Zúñiga,Ocupación,futbolista,nicaragua
Gema Zúñiga,Ciudadanía,Nicaragua,nicaragua
Gema Zúñiga,Fecha de nacimiento,1993-03-31,nicaragua
Wendy Flores,Ocupación,futbolista,nicaragua
Wendy Flores,Ciudadanía,Nicaragua,nicaragua
Wendy Flores,Fecha de nacimiento,1994-03-24,nicaragua
Valeska Sandoval,Ocupación,estudiante,nicaragua
Valeska Sandoval,Ciudadanía,Nicaragua,nicaragua
Valentín Gazo,Ocupación,árbitro de fútbol,nicaragua
Valentín Gazo,Ciudadanía,Nicaragua,nicaragua
Valentín Gazo,Fecha de nacimiento,1943-12-16,nicaragua
Andrea Urroz,Ocupación,futbolista,nicaragua
Andrea Urroz,Ciudadanía,Nicaragua,nicaragua
Andrea Urroz,Fecha de nacimiento,1995-02-10,nicaragua
politólogo,instancia de,profesión,nicaragua
politólogo,subclase de,científico social,nicaragua
politólogo,ámbito de la ocupación,ciencia política,nicaragua
politólogo,ámbito de la ocupación,análisis político,nicaragua
activista político,instancia de,ocupación,nicaragua
activista político,subclase de,activista,nicaragua
activista político,ámbito de la ocupación,activismo político,nicaragua
activista político,categoría principal del tema,Categoría:Activistas políticos,nicaragua
ambientalista,instancia de,profesión,nicaragua
ambientalista,instancia de,ocupación,nicaragua
ambientalista,subclase de,activista,nicaragua
ambientalista,ámbito de la ocupación,protección medioambiental,nicaragua
ambientalista,ámbito de la ocupación,activismo ambiental,nicaragua
Moyogalpa,país,Nicaragua,nicaragua
Moyogalpa,instancia de,municipio de Nicaragua,nicaragua
Moyogalpa,situado en la entidad territorial administrativa,Departamento de Rivas,nicaragua
Moyogalpa,situado en la entidad geográfica,Ometepe,nicaragua
empresario,diferente de,empresario,nicaragua
Escuela de Economía y Ciencia Política de Londres,filial,TRIUM Global Executive MBA,nicaragua
Escuela de Economía y Ciencia Política de Londres,filial,Systemic Risk Centre,nicaragua
Escuela de Economía y Ciencia Política de Londres,forma parte de,Universidad de Londres,nicaragua
Ecuador,país,Ecuador,nicaragua
Ecuador,jefe de gobierno,Daniel Noboa,nicaragua
Ecuador,continente,América del Sur,nicaragua
Ecuador,instancia de,país,nicaragua
Ecuador,instancia de,estado soberano,nicaragua
árbitro de fútbol,instancia de,profesión,nicaragua
árbitro de fútbol,subclase de,árbitro,nicaragua
árbitro de fútbol,subclase de,oficial del partido,nicaragua
Norchad Omier,Ocupación,baloncestista,nicaragua
Norchad Omier,Ciudadanía,Nicaragua,nicaragua
Norchad Omier,Educado en,Universidad Estatal de Arkansas,nicaragua
Norchad Omier,Fecha de nacimiento,2001-08-28,nicaragua
Norchad Omier,Educado en,Universidad de Miami,nicaragua
Norchad Omier,Educado en,Universidad Baylor,nicaragua
Pilar Aguirre,Lugar de nacimiento,Nicaragua,nicaragua
Pilar Aguirre,Ocupación,actor,nicaragua
Pilar Aguirre,Ciudadanía,Nicaragua,nicaragua
Pilar Aguirre,Fecha de nacimiento,1910-01-01,nicaragua
Pilar Aguirre,Fecha de defunción,1997-01-01,nicaragua
Mariano Fiallos Oyanguren,Ocupación,juez,nicaragua
Mariano Fiallos Oyanguren,Ciudadanía,Nicaragua,nicaragua
Mariano Fiallos Oyanguren,Premio recibido,Gran Cruz de la Orden de Isabel la Católica,nicaragua
Mariano Fiallos Oyanguren,Fecha de nacimiento,1933-06-28,nicaragua
Mariano Fiallos Oyanguren,Fecha de defunción,2014-06-25,nicaragua
Mariano Fiallos Oyanguren,Ocupación,administrador académico,nicaragua
Mariano Fiallos Oyanguren,Ocupación,profesor de derecho,nicaragua
Óscar Sobalvarro,Lugar de nacimiento,Departamento de Jinotega,nicaragua
Óscar Sobalvarro,Ocupación,político,nicaragua
Óscar Sobalvarro,Ciudadanía,Nicaragua,nicaragua
Óscar Sobalvarro,Fecha de nacimiento,1960-12-23,nicaragua
Óscar Sobalvarro,Fecha de nacimiento,1961-12-24,nicaragua
Cristiana Chamorro Barrios,Lugar de nacimiento,Managua,nicaragua
Cristiana Chamorro Barrios,Ocupación,político,nicaragua
Cristiana Chamorro Barrios,Ciudadanía,España,nicaragua
Cristiana Chamorro Barrios,Fecha de nacimiento,1954-02-25,nicaragua
Cristiana Chamorro Barrios,Ocupación,periodista,nicaragua
Cristiana Chamorro Barrios,Ciudadanía,Nicaragua,nicaragua
Luis Fley,Lugar de nacimiento,Matagalpa,nicaragua
Luis Fley,Ocupación,político,nicaragua
Luis Fley,Ciudadanía,Nicaragua,nicaragua
Luis Fley,Fecha de nacimiento,1951-03-01,nicaragua
Pablo Tellez,Lugar de nacimiento,Granada,nicaragua
Pablo Tellez,Ocupación,músico,nicaragua
Pablo Tellez,Ciudadanía,Nicaragua,nicaragua
Pablo Tellez,Miembro de,Santana,nicaragua
Pablo Tellez,Fecha de nacimiento,1951-07-02,nicaragua
Pablo Tellez,Ocupación,compositor de canciones,nicaragua
Pablo Tellez,Miembro de,Malo,nicaragua
Dino Aranda,Lugar de nacimiento,Managua,nicaragua
Dino Aranda,Ocupación,artista,nicaragua
Dino Aranda,Ciudadanía,Estados Unidos,nicaragua
Dino Aranda,Fecha de nacimiento,1945-01-01,nicaragua
Dino Aranda,Ciudadanía,Nicaragua,nicaragua
Alba Luz Ramos,Ocupación,jurista,nicaragua
Alba Luz Ramos,Ciudadanía,Nicaragua,nicaragua
Alba Luz Ramos,Fecha de nacimiento,1949-06-03,nicaragua
Juan Sebastián Chamorro,Lugar de nacimiento,Managua,nicaragua
Juan Sebastián Chamorro,Ocupación,economista,nicaragua
Juan Sebastián Chamorro,Ciudadanía,Nicaragua,nicaragua
Juan Sebastián Chamorro,Educado en,Universidad de Georgetown,nicaragua
Juan Sebastián Chamorro,Fecha de nacimiento,1968-01-01,nicaragua
Juan Sebastián Chamorro,Ocupación,activista político,nicaragua
Juan Sebastián Chamorro,Educado en,Universidad de Wisconsin-Madison,nicaragua
Juan Sebastián Chamorro,Educado en,Universidad de San Francisco,nicaragua
Wilfredo Miranda Aburto,Ocupación,periodista,nicaragua
Wilfredo Miranda Aburto,Ciudadanía,Nicaragua,nicaragua
Wilfredo Miranda Aburto,Fecha de nacimiento,1992-01-01,nicaragua
José Adán Aguerri,Ocupación,empresario,nicaragua
José Adán Aguerri,Ciudadanía,Nicaragua,nicaragua
José Adán Aguerri,Educado en,Colegio Centro América,nicaragua
José Adán Aguerri,Ocupación,economista,nicaragua
José Adán Aguerri,Ocupación,líder comunitario,nicaragua
Leonardo Ovidio Reyes Ramírez,Ocupación,banquero,nicaragua
Leonardo Ovidio Reyes Ramírez,Ciudadanía,Nicaragua,nicaragua
Leonardo Ovidio Reyes Ramírez,Cargo,Governor of the Central Bank of Nicaragua,nicaragua
Miguel Mora Barberena,Lugar de nacimiento,Managua,nicaragua
Miguel Mora Barberena,Ocupación,periodista,nicaragua
Miguel Mora Barberena,Ciudadanía,Nicaragua,nicaragua
Miguel Mora Barberena,Premio recibido,CPJ International Press Freedom Awards,nicaragua
Miguel Mora Barberena,Fecha de nacimiento,1965-08-20,nicaragua
George Henríquez,Lugar de nacimiento,Laguna de Perlas,nicaragua
George Henríquez,Ocupación,activista,nicaragua
George Henríquez,Ciudadanía,Nicaragua,nicaragua
George Henríquez,Educado en,Bluefields Indian and Caribbean University,nicaragua
José Pallais,Ocupación,abogado,nicaragua
José Pallais,Ciudadanía,Nicaragua,nicaragua
José Pallais,Ocupación,político,nicaragua
Douglas Forvis,Lugar de nacimiento,Nicoya,nicaragua
Douglas Forvis,Ocupación,futbolista,nicaragua
Douglas Forvis,Ciudadanía,Costa Rica,nicaragua
Douglas Forvis,Fecha de nacimiento,1992-05-17,nicaragua
Douglas Forvis,Ciudadanía,Nicaragua,nicaragua
Kitty Monterrey,Ocupación,activista político,nicaragua
Kitty Monterrey,Ciudadanía,Nicaragua,nicaragua
Camila Ortega Murillo,Ocupación,asesor de gobierno,nicaragua
Camila Ortega Murillo,Ciudadanía,Nicaragua,nicaragua
Tamara Dávila Rivas,Ocupación,sociólogo,nicaragua
Tamara Dávila Rivas,Ciudadanía,Nicaragua,nicaragua
Tamara Dávila Rivas,Educado en,Universidad Centroamericana José Simeón Cañas,nicaragua
Tamara Dávila Rivas,Fecha de nacimiento,1981-01-15,nicaragua
Tamara Dávila Rivas,Ocupación,activista político,nicaragua
Universidad Estatal de Arkansas,país,Estados Unidos,nicaragua
Universidad Estatal de Arkansas,instancia de,universidad,nicaragua
Universidad Estatal de Arkansas,instancia de,institución educativa pública de los Estados Unidos,nicaragua
Universidad Estatal de Arkansas,instancia de,editorial académica,nicaragua
Universidad Estatal de Arkansas,situado en la entidad territorial administrativa,Arkansas,nicaragua
líder comunitario,instancia de,cargo,nicaragua
líder comunitario,instancia de,ocupación,nicaragua
líder comunitario,subclase de,político,nicaragua
líder comunitario,subclase de,líder,nicaragua
líder comunitario,diferente de,portavoz,nicaragua
banquero,instancia de,profesión,nicaragua
banquero,instancia de,ocupación,nicaragua
banquero,subclase de,empresario,nicaragua
banquero,santo patrón,San Mateo,nicaragua
Laguna de Perlas,país,Nicaragua,nicaragua
Laguna de Perlas,instancia de,municipio de Nicaragua,nicaragua
Laguna de Perlas,capital,Ciudad de Perla,nicaragua
Laguna de Perlas,situado en la entidad territorial administrativa,Región Autónoma de la Costa Caribe Sur,nicaragua
Laguna de Perlas,ciudad hermana,Montclair,nicaragua
Bluefields Indian and Caribbean University,país,Nicaragua,nicaragua
Bluefields Indian and Caribbean University,instancia de,universidad,nicaragua
Bluefields Indian and Caribbean University,situado en la entidad territorial administrativa,Bluefields,nicaragua
Bluefields Indian and Caribbean University,miembro de,Consejo Superior Universitario Centroamericano,nicaragua
asesor de gobierno,instancia de,profesión,nicaragua
asesor de gobierno,subclase de,asesor político,nicaragua
asesor de gobierno,ámbito de la ocupación,Gobierno,nicaragua
Suyén Barahona Cuan,Lugar de nacimiento,Managua,nicaragua
Suyén Barahona Cuan,Ocupación,activista político,nicaragua
Suyén Barahona Cuan,Ciudadanía,Nicaragua,nicaragua
Suyén Barahona Cuan,Fecha de nacimiento,1977-06-09,nicaragua
Héctor Mairena,Ciudadanía,Nicaragua,nicaragua
Michael Healy Lacayo,Lugar de nacimiento,Nicaragua,nicaragua
Michael Healy Lacayo,Ocupación,empresario,nicaragua
Michael Healy Lacayo,Ciudadanía,España,nicaragua
Michael Healy Lacayo,Miembro de,Consejo Superior de la Empresa Privada,nicaragua
Michael Healy Lacayo,Fecha de nacimiento,1962-01-01,nicaragua
Michael Healy Lacayo,Fecha de defunción,2024-01-25,nicaragua
Michael Healy Lacayo,Ciudadanía,Estados Unidos,nicaragua
Michael Healy Lacayo,Ciudadanía,Nicaragua,nicaragua
Verónica Chávez,Ciudadanía,Nicaragua,nicaragua
María Fernanda Flores,Ocupación,diputado,nicaragua
María Fernanda Flores,Ciudadanía,Nicaragua,nicaragua
Israel Lewites,Ocupación,ingeniero,nicaragua
Israel Lewites,Ciudadanía,Nicaragua,nicaragua
Israel Lewites,Ocupación,activista político,nicaragua
Cindy Regidor,Ocupación,periodista,nicaragua
Cindy Regidor,Ciudadanía,Nicaragua,nicaragua
Amalia del Cid,Lugar de nacimiento,San Rafael del Sur,nicaragua
Amalia del Cid,Ocupación,periodista,nicaragua
Amalia del Cid,Ciudadanía,Nicaragua,nicaragua
Amalia del Cid,Empleador,La Prensa,nicaragua
Amalia del Cid,Fecha de nacimiento,1987-01-01,nicaragua
Rosa Marina Zelaya,Ocupación,juez,nicaragua
Rosa Marina Zelaya,Ciudadanía,Nicaragua,nicaragua
Sandra Ramos,Ocupación,activista,nicaragua
Sandra Ramos,Ciudadanía,Nicaragua,nicaragua
Sandra Ramos,Ocupación,sindicalista,nicaragua
Sandra Ramos,Ocupación,activista por los derechos de las mujeres,nicaragua
Azucena Saballos Ramírez,Ocupación,activista,nicaragua
Azucena Saballos Ramírez,Ciudadanía,Nicaragua,nicaragua
Leslie Ruiz Baldelomar,Ocupación,académico,nicaragua
Leslie Ruiz Baldelomar,Ciudadanía,Nicaragua,nicaragua
Iris Marina Montenegro Blandón,Ocupación,diputado,nicaragua
Iris Marina Montenegro Blandón,Ciudadanía,Nicaragua,nicaragua
Iris Marina Montenegro Blandón,Cargo,President of the National Assembly of Nicaragua,nicaragua
Iris Marina Montenegro Blandón,Fecha de nacimiento,1950-08-16,nicaragua
Adilia del Pilar Salinas Otero,Ocupación,diputado,nicaragua
Adilia del Pilar Salinas Otero,Ciudadanía,Nicaragua,nicaragua
Alba Estela González Tórrez,Ocupación,diputado,nicaragua
Alba Estela González Tórrez,Ciudadanía,Nicaragua,nicaragua
Alyeris Beldramina Arias Siezar,Ocupación,diputado,nicaragua
Alyeris Beldramina Arias Siezar,Ciudadanía,Nicaragua,nicaragua
Elvira Cuadra Lira,Ocupación,sociólogo,nicaragua
Elvira Cuadra Lira,Ciudadanía,Nicaragua,nicaragua
Asunción Moreno,Ocupación,abogado,nicaragua
Asunción Moreno,Ciudadanía,Nicaragua,nicaragua
Asunción Moreno,Ocupación,académico,nicaragua
Angela Espinoza Tórrez,Ocupación,diputado,nicaragua
Angela Espinoza Tórrez,Ciudadanía,Nicaragua,nicaragua
Arlen Cerda,Ocupación,periodista,nicaragua
Arlen Cerda,Ciudadanía,Nicaragua,nicaragua
Consejo Superior de la Empresa Privada,país,Nicaragua,nicaragua
Consejo Superior de la Empresa Privada,instancia de,cámara de comercio e industria,nicaragua
ingeniero,categoría relacionada,Categoría:Ingenieros químicos,nicaragua
ingeniero,instancia de,profesión,nicaragua
ingeniero,instancia de,cargo,nicaragua
ingeniero,elemento operado,producto,nicaragua
La Prensa,país,Nicaragua,nicaragua
La Prensa,instancia de,diario,nicaragua
La Prensa,ubicación de la sede,Managua,nicaragua
La Prensa,idioma de la obra o del nombre,español,nicaragua
La Prensa,miembro de,Sociedad Interamericana de Prensa,nicaragua
Argentina del Socorro Parajón Alejos,Ocupación,diputado,nicaragua
Argentina del Socorro Parajón Alejos,Ciudadanía,Nicaragua,nicaragua
Daysi Rubio Godoy,Ocupación,activista,nicaragua
Daysi Rubio Godoy,Ciudadanía,Nicaragua,nicaragua
Marlen Chow,Ocupación,sociólogo,nicaragua
Marlen Chow,Ciudadanía,Nicaragua,nicaragua
Marlen Chow,Fecha de nacimiento,1949-05-01,nicaragua
Marlen Chow,Ocupación,activista por los derechos de las mujeres,nicaragua
Jennifer Brown Bracket,Ocupación,activista político,nicaragua
Jennifer Brown Bracket,Ciudadanía,Nicaragua,nicaragua
Jennifer Brown Bracket,Ocupación,activista por los derechos de las mujeres,nicaragua
Celia Camacho,Ocupación,periodista,nicaragua
Celia Camacho,Ciudadanía,Nicaragua,nicaragua
Celia Camacho,Ocupación,modelo,nicaragua
Hugo Torres Jiménez,Lugar de nacimiento,Somoto,nicaragua
Hugo Torres Jiménez,Ocupación,militar,nicaragua
Hugo Torres Jiménez,Ciudadanía,Nicaragua,nicaragua
Hugo Torres Jiménez,Educado en,Universidad Nacional Autónoma de Nicaragua,nicaragua
Hugo Torres Jiménez,Fecha de nacimiento,1948-04-25,nicaragua
Hugo Torres Jiménez,Fecha de defunción,2022-02-12,nicaragua
Hugo Torres Jiménez,Ocupación,poeta,nicaragua
Hugo Torres Jiménez,Ocupación,político,nicaragua
Hugo Torres Jiménez,Ocupación,diputado,nicaragua
Miguel Mendoza,Ocupación,escritor deportivo,nicaragua
Miguel Mendoza,Ciudadanía,Nicaragua,nicaragua
Olga Avilés,Ciudadanía,Nicaragua,nicaragua
Eleonora Rocha,Ciudadanía,Nicaragua,nicaragua
Pedro Joaquín Chamorro Barrios,Lugar de nacimiento,Managua,nicaragua
Pedro Joaquín Chamorro Barrios,Ocupación,político,nicaragua
Pedro Joaquín Chamorro Barrios,Ciudadanía,Nicaragua,nicaragua
Pedro Joaquín Chamorro Barrios,Fecha de nacimiento,1951-09-24,nicaragua
Pedro Joaquín Chamorro Barrios,Ocupación,periodista,nicaragua
Azáhalea Solís,Ocupación,activista,nicaragua
Azáhalea Solís,Ciudadanía,Nicaragua,nicaragua
Víctor Hugo Tinoco,Lugar de nacimiento,León,nicaragua
Víctor Hugo Tinoco,Ocupación,político,nicaragua
Víctor Hugo Tinoco,Ciudadanía,Nicaragua,nicaragua
Víctor Hugo Tinoco,Fecha de nacimiento,1952-06-10,nicaragua
Víctor Hugo Tinoco,Ocupación,ministro,nicaragua
Víctor Hugo Tinoco,Ocupación,diputado,nicaragua
Lucy Valenti,Ocupación,empresario,nicaragua
Lucy Valenti,Ciudadanía,Nicaragua,nicaragua
Leonor Zúniga,Ocupación,cineasta,nicaragua
Leonor Zúniga,Ciudadanía,Nicaragua,nicaragua
Leonor Zúniga,Ocupación,sociólogo,nicaragua
Leonor Zúniga,Ocupación,documentalista,nicaragua
Leonor Zúniga,Ocupación,activista,nicaragua
María Luisa Acosta,Ocupación,catedrático,nicaragua
María Luisa Acosta,Ciudadanía,Nicaragua,nicaragua
María Luisa Acosta,Educado en,Universidad de Barcelona,nicaragua
María Luisa Acosta,Empleador,Bluefields Indian and Caribbean University,nicaragua
María Luisa Acosta,Ocupación,activista por los derechos humanos,nicaragua
María Luisa Acosta,Educado en,Universidad Nacional Autónoma de Nicaragua-León,nicaragua
María Luisa Acosta,Educado en,Universidad Externado de Colombia,nicaragua
María Luisa Acosta,Educado en,University of Iowa College of Law,nicaragua
María Luisa Acosta,Educado en,Universidad de las Regiones Autónomas de la Costa Caribe Nicaragüense,nicaragua
Saturnino Cerrato,Ocupación,político,nicaragua
Saturnino Cerrato,Ciudadanía,Nicaragua,nicaragua
Saturnino Cerrato,Ocupación,pastor,nicaragua
Pedro Molina,Ocupación,ilustrador,nicaragua
Pedro Molina,Ciudadanía,Nicaragua,nicaragua
Pedro Molina,Empleador,Confidencial,nicaragua
Pedro Molina,Fecha de nacimiento,1976-01-01,nicaragua
Pedro Molina,Ocupación,dibujante de prensa,nicaragua
Pedro Molina,Ocupación,caricaturista,nicaragua
María Haydee Osuna,Ocupación,político,nicaragua
María Haydee Osuna,Ciudadanía,Nicaragua,nicaragua
Medardo Mairena,Lugar de nacimiento,Nueva Guinea,nicaragua
Medardo Mairena,Ocupación,político,nicaragua
Medardo Mairena,Ciudadanía,Nicaragua,nicaragua
Medardo Mairena,Fecha de nacimiento,1978-01-01,nicaragua
Medardo Mairena,Ocupación,agricultor,nicaragua
Medardo Mairena,Ocupación,activista,nicaragua
Rolando Castellón,Lugar de nacimiento,Managua,nicaragua
Rolando Castellón,Ocupación,artista,nicaragua
Rolando Castellón,Ciudadanía,Nicaragua,nicaragua
Rolando Castellón,Educado en,City College of San Francisco,nicaragua
Rolando Castellón,Empleador,Museo de Arte Moderno de San Francisco,nicaragua
Rolando Castellón,Fecha de nacimiento,1937-01-01,nicaragua
Rolando Castellón,Ocupación,conservador de museo,nicaragua
Rolando Castellón,Ocupación,pintor,nicaragua
Rolando Castellón,Empleador,Galería de la Raza,nicaragua
Rolando Castellón,Empleador,Museo de Arte y Diseño Contemporáneo,nicaragua
Rolando Castellón,Empleador,Casa Hispana de Bellas Artes,nicaragua
escritor deportivo,instancia de,profesión,nicaragua
escritor deportivo,instancia de,ocupación,nicaragua
escritor deportivo,subclase de,periodista,nicaragua
escritor deportivo,subclase de,periodista de opinión,nicaragua
escritor deportivo,subclase de,escritor de no ficción,nicaragua
cineasta,instancia de,profesión del cine,nicaragua
cineasta,instancia de,ocupación mediática,nicaragua
cineasta,subclase de,artista,nicaragua
cineasta,subclase de,artista visual,nicaragua
cineasta,forma parte de,producción cinematográfica,nicaragua
documentalista,instancia de,profesión,nicaragua
documentalista,instancia de,profesión del cine,nicaragua
documentalista,subclase de,creador,nicaragua
documentalista,ámbito de la ocupación,documental,nicaragua
documentalista,se dice que es lo mismo que,director de documentales,nicaragua
catedrático,instancia de,título de autoridad,nicaragua
catedrático,instancia de,rango académico,nicaragua
catedrático,instancia de,tratamiento protocolario,nicaragua
catedrático,instancia de,ocupación,nicaragua
catedrático,sucedido por,profesor emérito,nicaragua
ilustrador,instancia de,profesión,nicaragua
ilustrador,subclase de,dibujante,nicaragua
ilustrador,ámbito de la ocupación,ilustración,nicaragua
ilustrador,categoría principal del tema,Categoría:Ilustradores,nicaragua
ilustrador,descrito en la fuente,Enciclopedia soviética armenia,nicaragua
Confidencial,país,Nicaragua,nicaragua
Confidencial,instancia de,publicación periódica,nicaragua
Confidencial,instancia de,periódico semanal,nicaragua
Confidencial,fundador,Carlos Fernando Chamorro,nicaragua
Confidencial,miembro de,Red Global de Periodismo de Investigación,nicaragua
dibujante de prensa,instancia de,profesión,nicaragua
dibujante de prensa,subclase de,dibujante,nicaragua
dibujante de prensa,subclase de,periodista,nicaragua
dibujante de prensa,ámbito de la ocupación,caricatura editorial,nicaragua
Museo de Arte Moderno de San Francisco,país,Estados Unidos,nicaragua
Museo de Arte Moderno de San Francisco,instancia de,museo,nicaragua
Museo de Arte Moderno de San Francisco,instancia de,organización sin fines de lucro,nicaragua
Museo de Arte Moderno de San Francisco,instancia de,museo de arte,nicaragua
Museo de Arte Moderno de San Francisco,instancia de,editorial,nicaragua
Izayana Marenco,Ocupación,yudoca,nicaragua
Izayana Marenco,Ciudadanía,Nicaragua,nicaragua
Izayana Marenco,Fecha de nacimiento,1992-10-09,nicaragua
Marlon Amador Pérez,Lugar de nacimiento,Managua,nicaragua
Marlon Amador Pérez,Ocupación,boxeador,nicaragua
Marlon Amador Pérez,Ciudadanía,Nicaragua,nicaragua
Marlon Amador Pérez,Fecha de nacimiento,1963-12-31,nicaragua
Evidelia González Jarquin,Lugar de nacimiento,Granada,nicaragua
Evidelia González Jarquin,Ocupación,remero,nicaragua
Evidelia González Jarquin,Ciudadanía,Nicaragua,nicaragua
Evidelia González Jarquin,Educado en,Universidad Nacional Autónoma de Nicaragua,nicaragua
Evidelia González Jarquin,Fecha de nacimiento,1997-11-20,nicaragua
Félix Potoy,Ocupación,remero,nicaragua
Félix Potoy,Ciudadanía,Nicaragua,nicaragua
Félix Potoy,Fecha de nacimiento,1995-03-15,nicaragua
Edwin Barberena,Ocupación,tirador,nicaragua
Edwin Barberena,Ciudadanía,Nicaragua,nicaragua
Edwin Barberena,Fecha de nacimiento,1998-10-21,nicaragua
Noel Vidaurre,Ocupación,político,nicaragua
Noel Vidaurre,Ciudadanía,Nicaragua,nicaragua
Francisco Aguirre Sacasa,Ocupación,ministro,nicaragua
Francisco Aguirre Sacasa,Ciudadanía,Nicaragua,nicaragua
Francisco Aguirre Sacasa,Cargo,Minister of Foreign Affairs,nicaragua
Francisco Aguirre Sacasa,Ocupación,embajador,nicaragua
Francisco Aguirre Sacasa,Ocupación,economista,nicaragua
Francisco Aguirre Sacasa,Ocupación,diputado,nicaragua
Claudia Gordillo,Lugar de nacimiento,Managua,nicaragua
Claudia Gordillo,Ocupación,fotógrafo,nicaragua
Claudia Gordillo,Ciudadanía,Nicaragua,nicaragua
Claudia Gordillo,Premio recibido,Beca Guggenheim,nicaragua
Claudia Gordillo,Fecha de nacimiento,1954-01-01,nicaragua
Jaime Chamorro Cardenal,Ocupación,editor,nicaragua
Jaime Chamorro Cardenal,Ciudadanía,Nicaragua,nicaragua
Jaime Chamorro Cardenal,Fecha de nacimiento,1934-10-23,nicaragua
Jaime Chamorro Cardenal,Fecha de defunción,2021-07-29,nicaragua
Jaime Chamorro Cardenal,Ocupación,periodista,nicaragua
