entidad,relacion,objeto,source_file
Heriberto Herrera,Lugar de nacimiento,Guarambaré,paraguay
Heriberto Herrera,Ocupación,entrenador,paraguay
Heriberto Herrera,Ciudadanía,España,paraguay
Heriberto Herrera,Fecha de nacimiento,1926-04-24,paraguay
Heriberto Herrera,Fecha de defunción,1996-07-26,paraguay
Heriberto Herrera,Ocupación,futbolista,paraguay
Heriberto Herrera,Ciudadanía,Paraguay,paraguay
Gerardo Romero,Lugar de nacimiento,Paraguay,paraguay
Gerardo Romero,Ocupación,futbolista,paraguay
Gerardo Romero,Ciudadanía,Paraguay,paraguay
Gerardo Romero,Fecha de nacimiento,1905-11-30,paraguay
Gerardo Romero,Fecha de nacimiento,1906-01-01,paraguay
Adolfino Cañete,Lugar de nacimiento,Asunción,paraguay
Adolfino Cañete,Ocupación,entrenador,paraguay
Adolfino Cañete,Ciudadanía,Paraguay,paraguay
Adolfino Cañete,Fecha de nacimiento,1956-09-13,paraguay
Adolfino Cañete,Ocupación,futbolista,paraguay
Diego Figueredo,Lugar de nacimiento,Asunción,paraguay
Diego Figueredo,Ocupación,entrenador,paraguay
Diego Figueredo,Ciudadanía,Paraguay,paraguay
Diego Figueredo,Fecha de nacimiento,1982-04-28,paraguay
Diego Figueredo,Ocupación,futbolista,paraguay
Delfín Benítez Cáceres,Lugar de nacimiento,Asunción,paraguay
Delfín Benítez Cáceres,Ocupación,entrenador,paraguay
Delfín Benítez Cáceres,Ciudadanía,Argentina,paraguay
Delfín Benítez Cáceres,Fecha de nacimiento,1910-09-24,paraguay
Delfín Benítez Cáceres,Fecha de defunción,2004-01-08,paraguay
Delfín Benítez Cáceres,Ocupación,futbolista,paraguay
Delfín Benítez Cáceres,Ciudadanía,Paraguay,paraguay
David Portillo,Lugar de nacimiento,San Juan Bautista,paraguay
David Portillo,Ocupación,futbolista,paraguay
David Portillo,Ciudadanía,Paraguay,paraguay
David Portillo,Fecha de nacimiento,1984-11-24,paraguay
Ubaldo Aquino,Lugar de nacimiento,San Pedro de Ycuamandiyú,paraguay
Ubaldo Aquino,Ocupación,árbitro de fútbol,paraguay
Ubaldo Aquino,Ciudadanía,Paraguay,paraguay
Ubaldo Aquino,Fecha de nacimiento,1958-05-02,paraguay
Epifanio González,Lugar de nacimiento,Asunción,paraguay
Epifanio González,Ocupación,entrenador,paraguay
Epifanio González,Ciudadanía,Paraguay,paraguay
Epifanio González,Cargo,árbitro FIFA,paraguay
Epifanio González,Fecha de nacimiento,1958-01-19,paraguay
Epifanio González,Ocupación,árbitro de fútbol,paraguay
Epifanio González,Ocupación,futbolista,paraguay
Esther Ballestrino,Lugar de nacimiento,Fray Bentos,paraguay
Esther Ballestrino,Ocupación,activista,paraguay
Esther Ballestrino,Ciudadanía,Uruguay,paraguay
Esther Ballestrino,Educado en,Universidad Nacional de Asunción,paraguay
Esther Ballestrino,Miembro de,Madres de Plaza de Mayo,paraguay
Esther Ballestrino,Fecha de nacimiento,1918-01-01,paraguay
Esther Ballestrino,Fecha de defunción,1977-01-01,paraguay
Esther Ballestrino,Fecha de nacimiento,1918-01-20,paraguay
Esther Ballestrino,Fecha de defunción,1977-12-18,paraguay
Esther Ballestrino,Ciudadanía,Argentina,paraguay
Esther Ballestrino,Ciudadanía,Paraguay,paraguay
Herminio Miranda,Lugar de nacimiento,Itá,paraguay
Herminio Miranda,Ocupación,futbolista,paraguay
Herminio Miranda,Ciudadanía,Paraguay,paraguay
Herminio Miranda,Fecha de nacimiento,1985-04-04,paraguay
Herminio Miranda,Fecha de nacimiento,1985-05-07,paraguay
José Luis Appleyard,Lugar de nacimiento,Asunción,paraguay
José Luis Appleyard,Ocupación,abogado,paraguay
José Luis Appleyard,Ciudadanía,Paraguay,paraguay
José Luis Appleyard,Educado en,Universidad Nacional de Asunción,paraguay
José Luis Appleyard,Fecha de nacimiento,1927-05-05,paraguay
José Luis Appleyard,Fecha de defunción,1998-01-01,paraguay
José Luis Appleyard,Ocupación,poeta,paraguay
José Luis Appleyard,Ocupación,dramaturgo,paraguay
José Luis Appleyard,Ocupación,periodista,paraguay
José Luis Appleyard,Ocupación,editor,paraguay
Edgar Rolón,Ocupación,entrenador,paraguay
Edgar Rolón,Ciudadanía,Paraguay,paraguay
Edgar Rolón,Fecha de nacimiento,1981-11-28,paraguay
Edgar Rolón,Ocupación,futbolista,paraguay
Lorenzo Melgarejo,Lugar de nacimiento,Loma Grande,paraguay
Lorenzo Melgarejo,Ocupación,futbolista,paraguay
Lorenzo Melgarejo,Ciudadanía,Paraguay,paraguay
Lorenzo Melgarejo,Fecha de nacimiento,1990-08-10,paraguay
Juan Daniel Cáceres,Lugar de nacimiento,Asunción,paraguay
Juan Daniel Cáceres,Ocupación,entrenador,paraguay
Juan Daniel Cáceres,Ciudadanía,Paraguay,paraguay
Juan Daniel Cáceres,Fecha de nacimiento,1973-06-10,paraguay
Juan Daniel Cáceres,Ocupación,futbolista,paraguay
Juan Daniel Cáceres,Fecha de nacimiento,1973-10-06,paraguay
Juan Manuel Iturbe,Lugar de nacimiento,Buenos Aires,paraguay
Juan Manuel Iturbe,Ocupación,futbolista,paraguay
Juan Manuel Iturbe,Ciudadanía,Argentina,paraguay
Juan Manuel Iturbe,Fecha de nacimiento,1993-06-04,paraguay
Juan Manuel Iturbe,Ciudadanía,Paraguay,paraguay
Fidel Maíz,Lugar de nacimiento,Arroyos y Esteros,paraguay
Fidel Maíz,Ocupación,político,paraguay
Fidel Maíz,Ciudadanía,Paraguay,paraguay
Fidel Maíz,Fecha de nacimiento,1828-03-08,paraguay
Fidel Maíz,Fecha de defunción,1920-01-01,paraguay
Eulogio Martínez,Lugar de nacimiento,Asunción,paraguay
Eulogio Martínez,Ocupación,futbolista,paraguay
Eulogio Martínez,Ciudadanía,España,paraguay
Eulogio Martínez,Fecha de nacimiento,1935-03-11,paraguay
Eulogio Martínez,Fecha de defunción,1984-09-30,paraguay
Eulogio Martínez,Fecha de nacimiento,1935-06-11,paraguay
Eulogio Martínez,Ciudadanía,Paraguay,paraguay
César Meza Colli,Lugar de nacimiento,Asunción,paraguay
César Meza Colli,Ocupación,entrenador,paraguay
César Meza Colli,Ciudadanía,Paraguay,paraguay
César Meza Colli,Fecha de nacimiento,1991-10-05,paraguay
César Meza Colli,Ocupación,futbolista,paraguay
Juan Samudio,Lugar de nacimiento,Asunción,paraguay
Juan Samudio,Ocupación,futbolista,paraguay
Juan Samudio,Ciudadanía,Paraguay,paraguay
Juan Samudio,Fecha de nacimiento,1978-10-14,paraguay
Livio Abramo,Lugar de nacimiento,Araraquara,paraguay
Livio Abramo,Ocupación,grabador,paraguay
Livio Abramo,Ciudadanía,Brasil,paraguay
Livio Abramo,Miembro de,Accademia delle Arti del Disegno,paraguay
Livio Abramo,Fecha de nacimiento,1903-06-26,paraguay
Livio Abramo,Fecha de defunción,1992-04-26,paraguay
Livio Abramo,Ocupación,historietista,paraguay
Livio Abramo,Ocupación,pintor,paraguay
Livio Abramo,Ocupación,dibujante,paraguay
Livio Abramo,Ciudadanía,Paraguay,paraguay
Guarambaré,país,Paraguay,paraguay
Guarambaré,instancia de,municipio de Paraguay,paraguay
Guarambaré,situado en la entidad territorial administrativa,Departamento Central,paraguay
entrenador,instancia de,profesión,paraguay
entrenador,instancia de,ocupación,paraguay
entrenador,ámbito de la ocupación,fútbol,paraguay
entrenador,deporte,fútbol,paraguay
España,jefe de gobierno,Pedro Sánchez,paraguay
España,continente,Europa,paraguay
España,instancia de,país,paraguay
España,instancia de,Estado nación,paraguay
España,instancia de,reino,paraguay
Paraguay,país,Paraguay,paraguay
Paraguay,jefe de gobierno,Santiago Peña Palacios,paraguay
Paraguay,continente,América del Sur,paraguay
Paraguay,instancia de,país,paraguay
Paraguay,instancia de,estado soberano,paraguay
futbolista,instancia de,profesión,paraguay
futbolista,instancia de,ocupación,paraguay
futbolista,subclase de,jugador competitivo,paraguay
futbolista,subclase de,Jugador de fútbol,paraguay
Asunción,jefe de gobierno,Óscar Rodríguez,paraguay
Asunción,país,Paraguay,paraguay
Asunción,instancia de,ciudad,paraguay
Asunción,instancia de,ciudad fronteriza,paraguay
Asunción,instancia de,capital regional,paraguay
Argentina,miembro de,Organización de las Naciones Unidas,paraguay
Argentina,miembro de,Unión de Naciones Suramericanas,paraguay
Argentina,miembro de,Mercosur,paraguay
Argentina,miembro de,UNESCO,paraguay
San Juan Bautista,país,Paraguay,paraguay
San Juan Bautista,instancia de,municipio de Paraguay,paraguay
San Juan Bautista,idioma oficial,español,paraguay
San Juan Bautista,idioma oficial,guaraní,paraguay
San Juan Bautista,situado en la entidad territorial administrativa,Departamento de Misiones,paraguay
San Pedro de Ycuamandiyú,país,Paraguay,paraguay
San Pedro de Ycuamandiyú,instancia de,ciudad,paraguay
San Pedro de Ycuamandiyú,instancia de,municipio de Paraguay,paraguay
San Pedro de Ycuamandiyú,idioma oficial,español,paraguay
San Pedro de Ycuamandiyú,idioma oficial,guaraní,paraguay
árbitro de fútbol,instancia de,profesión,paraguay
árbitro de fútbol,subclase de,árbitro,paraguay
árbitro de fútbol,subclase de,oficial del partido,paraguay
árbitro FIFA,instancia de,cargo,paraguay
árbitro FIFA,subclase de,árbitro de fútbol,paraguay
árbitro FIFA,subclase de,árbitro internacional,paraguay
árbitro FIFA,deporte,fútbol,paraguay
árbitro FIFA,designado por,FIFA,paraguay
Fray Bentos,país,Uruguay,paraguay
Fray Bentos,instancia de,ciudad,paraguay
Fray Bentos,instancia de,ciudad fronteriza,paraguay
Fray Bentos,situado en la entidad territorial administrativa,Departamento de Río Negro,paraguay
activista,instancia de,ocupación,paraguay
activista,instancia de,actitud ética,paraguay
activista,subclase de,persona,paraguay
activista,ámbito de la ocupación,activismo,paraguay
activista,ámbito de la ocupación,incidencia política,paraguay
Uruguay,forma parte de,América del Sur,paraguay
Uruguay,forma parte de,América Latina,paraguay
Uruguay,forma parte de,Cono Sur,paraguay
Uruguay,forma parte de,Anexo:Paraísos fiscales según la Unión Europea,paraguay
Universidad Nacional de Asunción,país,Paraguay,paraguay
Universidad Nacional de Asunción,instancia de,universidad,paraguay
Universidad Nacional de Asunción,instancia de,editor de acceso abierto,paraguay
Universidad Nacional de Asunción,situado en la entidad territorial administrativa,San Lorenzo,paraguay
Universidad Nacional de Asunción,categoría principal del tema,Categoría:Universidad Nacional de Asunción,paraguay
Madres de Plaza de Mayo,país,Argentina,paraguay
Madres de Plaza de Mayo,instancia de,asociación de mujeres,paraguay
Madres de Plaza de Mayo,instancia de,organización de derechos humanos,paraguay
Madres de Plaza de Mayo,fundador,María Ponce,paraguay
Madres de Plaza de Mayo,fundador,Esther Ballestrino,paraguay
Itá,país,Paraguay,paraguay
Itá,instancia de,ciudad,paraguay
Itá,instancia de,municipio de Paraguay,paraguay
Itá,situado en la entidad territorial administrativa,Departamento Central,paraguay
abogado,instancia de,profesión jurídica,paraguay
abogado,subclase de,jurista,paraguay
abogado,santo patrón,Catalina de Alejandría,paraguay
abogado,santo patrón,Alfonso María de Ligorio,paraguay
abogado,santo patrón,Raimundo de Peñafort,paraguay
Loma Grande,país,Paraguay,paraguay
Loma Grande,instancia de,municipio de Paraguay,paraguay
Loma Grande,situado en la entidad territorial administrativa,Departamento de Cordillera,paraguay
Buenos Aires,país,Argentina,paraguay
Buenos Aires,continente,América,paraguay
Buenos Aires,instancia de,entidad territorial administrativa,paraguay
Buenos Aires,instancia de,circunscripción electoral,paraguay
Buenos Aires,instancia de,capital federal,paraguay
Arroyos y Esteros,país,Paraguay,paraguay
Arroyos y Esteros,instancia de,asentamiento,paraguay
Arroyos y Esteros,instancia de,municipio de Paraguay,paraguay
Arroyos y Esteros,situado en la entidad territorial administrativa,Departamento de Cordillera,paraguay
político,instancia de,profesión,paraguay
político,instancia de,frecuentemente,paraguay
político,subclase de,profesional,paraguay
político,ámbito de la ocupación,política,paraguay
político,categoría principal del tema,Categoría:Políticos,paraguay
Araraquara,país,Brasil,paraguay
Araraquara,instancia de,gran ciudad,paraguay
Araraquara,instancia de,municipio de Brasil,paraguay
Araraquara,comparte fronteras con,São Carlos,paraguay
Araraquara,comparte fronteras con,Boa Esperança do Sul,paraguay
grabador,instancia de,profesión,paraguay
grabador,subclase de,orfebre,paraguay
grabador,santo patrón,Juan el Evangelista,paraguay
grabador,ámbito de la ocupación,grabado,paraguay
Brasil,comparte fronteras con,Uruguay,paraguay
Brasil,comparte fronteras con,Francia,paraguay
Brasil,comparte fronteras con,Argentina,paraguay
Brasil,comparte fronteras con,Perú,paraguay
Brasil,comparte fronteras con,Venezuela,paraguay
Accademia delle Arti del Disegno,país,Italia,paraguay
Accademia delle Arti del Disegno,instancia de,archivo,paraguay
Accademia delle Arti del Disegno,instancia de,academia de bellas artes,paraguay
Accademia delle Arti del Disegno,instancia de,sociedad erudita,paraguay
Accademia delle Arti del Disegno,instancia de,recinto artístico,paraguay
Mauricio José Troche,Lugar de nacimiento,Curuguaty,paraguay
Mauricio José Troche,Ocupación,militar,paraguay
Mauricio José Troche,Ciudadanía,Paraguay,paraguay
Mauricio José Troche,Fecha de nacimiento,1785-01-01,paraguay
Mauricio José Troche,Fecha de defunción,1840-03-24,paraguay
Víctor Hugo Mareco,Lugar de nacimiento,Asunción,paraguay
Víctor Hugo Mareco,Ocupación,entrenador,paraguay
Víctor Hugo Mareco,Ciudadanía,Paraguay,paraguay
Víctor Hugo Mareco,Fecha de nacimiento,1984-02-26,paraguay
Víctor Hugo Mareco,Ocupación,futbolista,paraguay
Éric Ramos,Lugar de nacimiento,Carapeguá,paraguay
Éric Ramos,Ocupación,entrenador,paraguay
Éric Ramos,Ciudadanía,Paraguay,paraguay
Éric Ramos,Fecha de nacimiento,1987-05-12,paraguay
Éric Ramos,Ocupación,futbolista,paraguay
Éric Ramos,Fecha de nacimiento,1987-06-12,paraguay
Cayetano Ré,Lugar de nacimiento,Asunción,paraguay
Cayetano Ré,Ocupación,entrenador,paraguay
Cayetano Ré,Ciudadanía,Paraguay,paraguay
Cayetano Ré,Fecha de nacimiento,1938-02-07,paraguay
Cayetano Ré,Fecha de defunción,2013-11-26,paraguay
Cayetano Ré,Ocupación,futbolista,paraguay
Cayetano Ré,Fecha de nacimiento,1938-02-17,paraguay
José Eduvigis Díaz,Lugar de nacimiento,Pirayú,paraguay
José Eduvigis Díaz,Ocupación,líder militar,paraguay
José Eduvigis Díaz,Ciudadanía,Paraguay,paraguay
José Eduvigis Díaz,Fecha de nacimiento,1833-10-17,paraguay
José Eduvigis Díaz,Fecha de defunción,1867-02-07,paraguay
Tomás Romero Pereira,Lugar de nacimiento,Encarnación,paraguay
Tomás Romero Pereira,Ocupación,arquitecto,paraguay
Tomás Romero Pereira,Ciudadanía,Paraguay,paraguay
Tomás Romero Pereira,Educado en,Universidad Nacional de La Plata,paraguay
Tomás Romero Pereira,Cargo,presidente de Paraguay,paraguay
Tomás Romero Pereira,Premio recibido,Gran Cruz de la Orden del Mérito Civil,paraguay
Tomás Romero Pereira,Fecha de nacimiento,1886-10-04,paraguay
Tomás Romero Pereira,Fecha de defunción,1982-08-12,paraguay
Tomás Romero Pereira,Ocupación,político,paraguay
Darío Segovia,Lugar de nacimiento,Piribebuy,paraguay
Darío Segovia,Ocupación,futbolista,paraguay
Darío Segovia,Ciudadanía,Paraguay,paraguay
Darío Segovia,Fecha de nacimiento,1932-03-18,paraguay
Darío Segovia,Fecha de defunción,1994-01-20,paraguay
Gerardo Rivas,Lugar de nacimiento,Asunción,paraguay
Gerardo Rivas,Ocupación,futbolista,paraguay
Gerardo Rivas,Ciudadanía,Paraguay,paraguay
Gerardo Rivas,Fecha de nacimiento,1903-09-24,paraguay
Gerardo Rivas,Fecha de defunción,1964-01-10,paraguay
Estanislao Struway,Lugar de nacimiento,Itá,paraguay
Estanislao Struway,Ocupación,futbolista,paraguay
Estanislao Struway,Ciudadanía,Paraguay,paraguay
Estanislao Struway,Fecha de nacimiento,1968-06-25,paraguay
Carlos Franco,Lugar de nacimiento,Asunción,paraguay
Carlos Franco,Ocupación,golfista,paraguay
Carlos Franco,Ciudadanía,Paraguay,paraguay
Carlos Franco,Fecha de nacimiento,1965-05-24,paraguay
Attila Sallustro,Lugar de nacimiento,Asunción,paraguay
Attila Sallustro,Ocupación,entrenador,paraguay
Attila Sallustro,Ciudadanía,Italia,paraguay
Attila Sallustro,Fecha de nacimiento,1908-12-15,paraguay
Attila Sallustro,Fecha de defunción,1983-05-23,paraguay
Attila Sallustro,Ocupación,futbolista,paraguay
Attila Sallustro,Fecha de defunción,1983-05-28,paraguay
Attila Sallustro,Ciudadanía,Paraguay,paraguay
Domingo Francisco Sánchez,Lugar de nacimiento,Asunción,paraguay
Domingo Francisco Sánchez,Ocupación,político,paraguay
Domingo Francisco Sánchez,Ciudadanía,Paraguay,paraguay
Domingo Francisco Sánchez,Cargo,vicepresidente del Paraguay,paraguay
Domingo Francisco Sánchez,Fecha de nacimiento,1795-03-20,paraguay
Domingo Francisco Sánchez,Fecha de defunción,1870-03-01,paraguay
Derlis Florentín,Lugar de nacimiento,Caacupé,paraguay
Derlis Florentín,Ocupación,entrenador,paraguay
Derlis Florentín,Ciudadanía,Paraguay,paraguay
Derlis Florentín,Fecha de nacimiento,1984-01-09,paraguay
Derlis Florentín,Fecha de defunción,2010-03-28,paraguay
Derlis Florentín,Ocupación,futbolista,paraguay
Elvio Romero,Lugar de nacimiento,Yegros,paraguay
Elvio Romero,Ocupación,escritor,paraguay
Elvio Romero,Ciudadanía,Paraguay,paraguay
Elvio Romero,Fecha de nacimiento,1926-12-01,paraguay
Elvio Romero,Fecha de defunción,2004-05-19,paraguay
Elvio Romero,Ocupación,poeta,paraguay
Elvio Romero,Ocupación,músico,paraguay
Juan Manuel Frutos,Lugar de nacimiento,Asunción,paraguay
Juan Manuel Frutos,Ocupación,juez,paraguay
Juan Manuel Frutos,Ciudadanía,Paraguay,paraguay
Juan Manuel Frutos,Educado en,Universidad Nacional de Asunción,paraguay
Juan Manuel Frutos,Cargo,presidente de Paraguay,paraguay
Juan Manuel Frutos,Fecha de nacimiento,1879-06-12,paraguay
Juan Manuel Frutos,Fecha de defunción,1960-04-15,paraguay
Juan Manuel Frutos,Ocupación,abogado,paraguay
Juan Manuel Frutos,Ocupación,político,paraguay
Juan Manuel Frutos,Ocupación,jurista,paraguay
Juan Manuel Frutos,Ocupación,periodista,paraguay
Neuris Delgado Ramírez,Lugar de nacimiento,Bayamo,paraguay
Neuris Delgado Ramírez,Ocupación,ajedrecista,paraguay
Neuris Delgado Ramírez,Ciudadanía,Paraguay,paraguay
Neuris Delgado Ramírez,Fecha de nacimiento,1981-09-17,paraguay
José Domingo Salcedo,Lugar de nacimiento,Concepción,paraguay
José Domingo Salcedo,Ocupación,entrenador,paraguay
José Domingo Salcedo,Ciudadanía,Paraguay,paraguay
José Domingo Salcedo,Fecha de nacimiento,1983-09-11,paraguay
José Domingo Salcedo,Ocupación,futbolista,paraguay
Julio César Manzur,Lugar de nacimiento,Luque,paraguay
Julio César Manzur,Ocupación,futbolista,paraguay
Julio César Manzur,Ciudadanía,Paraguay,paraguay
Julio César Manzur,Fecha de nacimiento,1981-06-22,paraguay
Amadeo Ortega,Lugar de nacimiento,Itauguá,paraguay
Amadeo Ortega,Ocupación,futbolista,paraguay
Amadeo Ortega,Ciudadanía,Paraguay,paraguay
Amadeo Ortega,Fecha de nacimiento,1905-04-19,paraguay
Amadeo Ortega,Fecha de defunción,1982-10-17,paraguay
Amadeo Ortega,Fecha de defunción,1983-10-17,paraguay
Lorenzo Calonga,Lugar de nacimiento,Paraguay,paraguay
Lorenzo Calonga,Ocupación,futbolista,paraguay
Lorenzo Calonga,Ciudadanía,Paraguay,paraguay
Lorenzo Calonga,Fecha de nacimiento,1929-08-28,paraguay
Lorenzo Calonga,Fecha de defunción,2003-09-20,paraguay
Curuguaty,país,Paraguay,paraguay
Curuguaty,instancia de,municipio de Paraguay,paraguay
Curuguaty,situado en la entidad territorial administrativa,Departamento de Canindeyú,paraguay
Curuguaty,categoría principal del tema,Categoría:Curuguaty,paraguay
militar,instancia de,profesión,paraguay
militar,instancia de,ocupación,paraguay
militar,subclase de,empleado,paraguay
militar,subclase de,guerrero,paraguay
militar,opuesto a,civil,paraguay
Carapeguá,país,Paraguay,paraguay
Carapeguá,instancia de,asentamiento,paraguay
Carapeguá,instancia de,municipio de Paraguay,paraguay
Carapeguá,fundador,Martín de Barúa,paraguay
Carapeguá,situado en la entidad territorial administrativa,Departamento de Paraguarí,paraguay
Pirayú,país,Paraguay,paraguay
Pirayú,instancia de,villa,paraguay
Pirayú,instancia de,municipio de Paraguay,paraguay
Pirayú,situado en la entidad territorial administrativa,Departamento de Paraguarí,paraguay
líder militar,instancia de,profesión,paraguay
líder militar,subclase de,oficial militar,paraguay
líder militar,subclase de,líder,paraguay
líder militar,categoría principal del tema,Categoría:Líderes militares,paraguay
Encarnación,país,Paraguay,paraguay
Encarnación,instancia de,ciudad,paraguay
Encarnación,instancia de,ciudad fronteriza,paraguay
Encarnación,instancia de,gran ciudad,paraguay
Encarnación,idioma oficial,español,paraguay
arquitecto,instancia de,profesión,paraguay
arquitecto,instancia de,título corporativo,paraguay
arquitecto,instancia de,ocupación,paraguay
arquitecto,instancia de,grupo de ocupaciones de la CIUO,paraguay
Universidad Nacional de La Plata,país,Argentina,paraguay
Universidad Nacional de La Plata,instancia de,universidad pública,paraguay
Universidad Nacional de La Plata,instancia de,editor de acceso abierto,paraguay
Universidad Nacional de La Plata,instancia de,editorial académica,paraguay
Universidad Nacional de La Plata,situado en la entidad territorial administrativa,La Plata,paraguay
presidente de Paraguay,país,Paraguay,paraguay
presidente de Paraguay,instancia de,cargo público,paraguay
presidente de Paraguay,residencia oficial,Mburuvicha Róga,paraguay
presidente de Paraguay,subclase de,presidente de la Republica,paraguay
presidente de Paraguay,subclase de,jefe del Gobierno,paraguay
Piribebuy,país,Paraguay,paraguay
Piribebuy,instancia de,municipio de Paraguay,paraguay
Piribebuy,situado en la entidad territorial administrativa,Departamento de Cordillera,paraguay
golfista,instancia de,profesión,paraguay
golfista,instancia de,ocupación,paraguay
golfista,subclase de,deportista,paraguay
golfista,subclase de,jugador competitivo,paraguay
golfista,santo patrón,Andrés el Apóstol,paraguay
Italia,miembro de,OTAN,paraguay
Italia,miembro de,Fondo Monetario Internacional,paraguay
Italia,miembro de,UNESCO,paraguay
Italia,miembro de,Organización Mundial de la Salud,paraguay
Italia,miembro de,Organización Mundial del Comercio,paraguay
vicepresidente del Paraguay,país,Paraguay,paraguay
vicepresidente del Paraguay,instancia de,cargo,paraguay
vicepresidente del Paraguay,residencia oficial,Mburuvicha Róga,paraguay
vicepresidente del Paraguay,residencia oficial,Palacio de López,paraguay
vicepresidente del Paraguay,forma parte de,Gabinete del Paraguay,paraguay
Caacupé,país,Paraguay,paraguay
Caacupé,instancia de,villa,paraguay
Caacupé,instancia de,municipio de Paraguay,paraguay
Caacupé,idioma oficial,español,paraguay
Caacupé,idioma oficial,guaraní,paraguay
Yegros,país,Paraguay,paraguay
Yegros,instancia de,asentamiento,paraguay
Yegros,instancia de,municipio de Paraguay,paraguay
Yegros,situado en la entidad territorial administrativa,Caazapá,paraguay
escritor,instancia de,profesión,paraguay
escritor,instancia de,ocupación,paraguay
escritor,subclase de,autor,paraguay
escritor,subclase de,artista,paraguay
juez,instancia de,embede,paraguay
juez,instancia de,profesión jurídica,paraguay
juez,instancia de,grupo de ocupaciones de la CIUO,paraguay
juez,subclase de,jurista,paraguay
Bayamo,país,Cuba,paraguay
Bayamo,instancia de,ciudad,paraguay
Bayamo,instancia de,municipio de Cuba,paraguay
Bayamo,instancia de,gran ciudad,paraguay
Bayamo,fundador,Diego Velázquez de Cuéllar,paraguay
ajedrecista,instancia de,profesión,paraguay
ajedrecista,subclase de,deportista,paraguay
ajedrecista,subclase de,jugador de juego de tablero,paraguay
Concepción,país,Paraguay,paraguay
Concepción,instancia de,ciudad,paraguay
Concepción,instancia de,municipio de Paraguay,paraguay
Concepción,idioma oficial,español,paraguay
Concepción,idioma oficial,guaraní,paraguay
Luque,país,Paraguay,paraguay
Luque,instancia de,asentamiento,paraguay
Luque,instancia de,municipio de Paraguay,paraguay
Luque,situado en la entidad territorial administrativa,Departamento Central,paraguay
Luque,categoría principal del tema,Categoría:Luque,paraguay
Itauguá,país,Paraguay,paraguay
Itauguá,instancia de,municipio de Paraguay,paraguay
Itauguá,situado en la entidad territorial administrativa,Departamento Central,paraguay
Luis Enrique Cáceres,Lugar de nacimiento,Asunción,paraguay
Luis Enrique Cáceres,Ocupación,futbolista,paraguay
Luis Enrique Cáceres,Ciudadanía,Paraguay,paraguay
Luis Enrique Cáceres,Fecha de nacimiento,1988-04-16,paraguay
Luis Enrique Cáceres,Fecha de nacimiento,1988-04-19,paraguay
Daniel Jara Martínez,Lugar de nacimiento,Asunción,paraguay
Daniel Jara Martínez,Ocupación,futbolista,paraguay
Daniel Jara Martínez,Ciudadanía,Paraguay,paraguay
Daniel Jara Martínez,Fecha de nacimiento,1993-11-22,paraguay
Manuel Andrada,Lugar de nacimiento,Asunción,paraguay
Manuel Andrada,Ocupación,futbolista,paraguay
Manuel Andrada,Ciudadanía,Paraguay,paraguay
Manuel Andrada,Fecha de nacimiento,1927-01-16,paraguay
Mario Rubén Heyn,Ocupación,árbitro de fútbol,paraguay
Mario Rubén Heyn,Ciudadanía,Paraguay,paraguay
Martín Portillo,Ocupación,arpista,paraguay
Martín Portillo,Ciudadanía,Paraguay,paraguay
Martín Portillo,Fecha de nacimiento,1970-01-01,paraguay
Martín Portillo,Fecha de nacimiento,1970-07-26,paraguay
Lourdes Arévalos,Lugar de nacimiento,San Lorenzo,paraguay
Lourdes Arévalos,Ocupación,modelo,paraguay
Lourdes Arévalos,Ciudadanía,Paraguay,paraguay
Lourdes Arévalos,Fecha de nacimiento,1984-01-13,paraguay
Lourdes Arévalos,Ocupación,participante en concursos de belleza,paraguay
Nery Kennedy,Lugar de nacimiento,Mbocayaty del Yhaguy,paraguay
Nery Kennedy,Ocupación,atleta,paraguay
Nery Kennedy,Ciudadanía,Paraguay,paraguay
Nery Kennedy,Fecha de nacimiento,1973-03-28,paraguay
Nery Kennedy,Fecha de nacimiento,1973-05-28,paraguay
Nicolás Caballero,Lugar de nacimiento,Asunción,paraguay
Nicolás Caballero,Ocupación,arpista,paraguay
Nicolás Caballero,Ciudadanía,Paraguay,paraguay
Nicolás Caballero,Fecha de nacimiento,1949-01-01,paraguay
Oscar Velásquez,Ocupación,árbitro de fútbol,paraguay
Oscar Velásquez,Ciudadanía,Paraguay,paraguay
Paz Encina,Lugar de nacimiento,Asunción,paraguay
Paz Encina,Ocupación,guionista,paraguay
Paz Encina,Ciudadanía,Paraguay,paraguay
Paz Encina,Obra notable,Hamaca paraguaya,paraguay
Paz Encina,Fecha de nacimiento,1971-07-09,paraguay
Paz Encina,Ocupación,director de cine,paraguay
Roberto González Segovia,Lugar de nacimiento,Piribebuy,paraguay
Roberto González Segovia,Ocupación,abogado,paraguay
Roberto González Segovia,Ciudadanía,Paraguay,paraguay
Roberto González Segovia,Educado en,Universidad Nacional de Asunción,paraguay
Roberto González Segovia,Cargo,ministro de Defensa,paraguay
Roberto González Segovia,Fecha de nacimiento,1959-08-19,paraguay
Roberto González Segovia,Ocupación,político,paraguay
Roque Vallejos,Lugar de nacimiento,Asunción,paraguay
Roque Vallejos,Ocupación,escritor,paraguay
Roque Vallejos,Ciudadanía,Paraguay,paraguay
Roque Vallejos,Fecha de nacimiento,1943-08-01,paraguay
Roque Vallejos,Fecha de defunción,2006-04-02,paraguay
Roque Vallejos,Ocupación,poeta,paraguay
Roque Vallejos,Ocupación,periodista,paraguay
Rubén Ramírez Lezcano,Lugar de nacimiento,Asunción,paraguay
Rubén Ramírez Lezcano,Ocupación,político,paraguay
Rubén Ramírez Lezcano,Ciudadanía,Paraguay,paraguay
Rubén Ramírez Lezcano,Educado en,Universidad de California en Los Ángeles,paraguay
Rubén Ramírez Lezcano,Premio recibido,Medalla de la República Oriental del Uruguay,paraguay
Rubén Ramírez Lezcano,Fecha de nacimiento,1966-01-11,paraguay
Rubén Ramírez Lezcano,Lugar de nacimiento,Departamento de Alto Paraguay,paraguay
Rubén Ramírez Lezcano,Ocupación,economista,paraguay
Rubén Ramírez Lezcano,Ocupación,diplomático,paraguay
Rubén Ramírez Lezcano,Educado en,Universidad de Buenos Aires,paraguay
Rubén Ramírez Lezcano,Educado en,Sorbonne Universidad de París,paraguay
Luis Alberto Castiglioni,Lugar de nacimiento,Itacurubí del Rosario,paraguay
Luis Alberto Castiglioni,Ocupación,ingeniero,paraguay
Luis Alberto Castiglioni,Ciudadanía,Paraguay,paraguay
Luis Alberto Castiglioni,Educado en,Universidad Católica Nuestra Señora de la Asunción,paraguay
Luis Alberto Castiglioni,Cargo,vicepresidente del Paraguay,paraguay
Luis Alberto Castiglioni,Fecha de nacimiento,1962-07-31,paraguay
Luis Alberto Castiglioni,Ocupación,político,paraguay
Luis Alberto Castiglioni,Cargo,Minister of Foreign Affairs,paraguay
Luis Alberto Castiglioni,Cargo,Minister of Industry and Commerce,paraguay
Jonathan Fabbro,Lugar de nacimiento,Buenos Aires,paraguay
Jonathan Fabbro,Ocupación,futbolista,paraguay
Jonathan Fabbro,Ciudadanía,Argentina,paraguay
Jonathan Fabbro,Fecha de nacimiento,1982-01-16,paraguay
Jonathan Fabbro,Ciudadanía,Paraguay,paraguay
Virgilio Ferreira Romero,Lugar de nacimiento,Atyrá,paraguay
Virgilio Ferreira Romero,Ocupación,futbolista,paraguay
Virgilio Ferreira Romero,Ciudadanía,Paraguay,paraguay
Virgilio Ferreira Romero,Fecha de nacimiento,1973-01-28,paraguay
Jorge Martín Salinas,Lugar de nacimiento,Pirayú,paraguay
Jorge Martín Salinas,Ocupación,entrenador,paraguay
Jorge Martín Salinas,Ciudadanía,Paraguay,paraguay
Jorge Martín Salinas,Fecha de nacimiento,1992-05-06,paraguay
Jorge Martín Salinas,Ocupación,futbolista,paraguay
Lucas Melano,Lugar de nacimiento,Córdoba,paraguay
Lucas Melano,Ocupación,futbolista,paraguay
Lucas Melano,Ciudadanía,Paraguay,paraguay
Lucas Melano,Fecha de nacimiento,1993-03-01,paraguay
Víctor Fatecha,Lugar de nacimiento,Concepción,paraguay
Víctor Fatecha,Ocupación,atleta,paraguay
Víctor Fatecha,Ciudadanía,Paraguay,paraguay
Víctor Fatecha,Fecha de nacimiento,1988-03-10,paraguay
Víctor Galeano,Ocupación,piloto de automovilismo,paraguay
Víctor Galeano,Ciudadanía,Paraguay,paraguay
Víctor Galeano,Fecha de nacimiento,1984-02-22,paraguay
arpista,instancia de,ocupación,paraguay
arpista,instancia de,profesión musical,paraguay
arpista,subclase de,intérprete de instrumento de cuerda pulsada,paraguay
San Lorenzo,país,Paraguay,paraguay
San Lorenzo,instancia de,ciudad,paraguay
San Lorenzo,instancia de,asentamiento,paraguay
San Lorenzo,instancia de,municipio de Paraguay,paraguay
San Lorenzo,situado en la entidad territorial administrativa,Departamento Central,paraguay
modelo,instancia de,profesión,paraguay
modelo,subclase de,profesional de la moda,paraguay
modelo,ámbito de la ocupación,modelaje,paraguay
modelo,categoría principal del tema,Categoría:Modelos,paraguay
participante en concursos de belleza,instancia de,ocupación,paraguay
participante en concursos de belleza,subclase de,animador,paraguay
participante en concursos de belleza,subclase de,modelo,paraguay
participante en concursos de belleza,subclase de,concursante,paraguay
participante en concursos de belleza,ámbito de la ocupación,concurso de belleza,paraguay
Mbocayaty del Yhaguy,país,Paraguay,paraguay
Mbocayaty del Yhaguy,instancia de,municipio de Paraguay,paraguay
Mbocayaty del Yhaguy,situado en la entidad territorial administrativa,Departamento de Cordillera,paraguay
atleta,instancia de,ocupación,paraguay
atleta,subclase de,deportista,paraguay
atleta,ámbito de la ocupación,atletismo,paraguay
atleta,ámbito de la ocupación,Máster,paraguay
atleta,ámbito de la ocupación,atletismo de pista y campo,paraguay
guionista,sujeto tiene rol,escritor,paraguay
guionista,instancia de,profesión del cine,paraguay
guionista,género,guion,paraguay
guionista,subclase de,escritor,paraguay
Hamaca paraguaya,instancia de,película,paraguay
Hamaca paraguaya,director,Paz Encina,paraguay
Hamaca paraguaya,guionista,Paz Encina,paraguay
Hamaca paraguaya,música de,Oscar Cardozo Ocampo,paraguay
Hamaca paraguaya,género,drama,paraguay
ministro de Defensa,instancia de,cargo,paraguay
ministro de Defensa,subclase de,ministro,paraguay
ministro de Defensa,categoría principal del tema,Categoría:Ministros de Defensa,paraguay
ministro de Defensa,organización dirigida desde este cargo,ministerio de Defensa,paraguay
Universidad de California en Los Ángeles,país,Estados Unidos,paraguay
Universidad de California en Los Ángeles,instancia de,universidad,paraguay
Universidad de California en Los Ángeles,instancia de,organización,paraguay
Universidad de California en Los Ángeles,instancia de,campus,paraguay
Universidad de California en Los Ángeles,instancia de,institución educativa pública de los Estados Unidos,paraguay
Medalla de la República Oriental del Uruguay,país,Uruguay,paraguay
Medalla de la República Oriental del Uruguay,instancia de,medalla,paraguay
Medalla de la República Oriental del Uruguay,instancia de,categoría de un premio,paraguay
Medalla de la República Oriental del Uruguay,forma parte de,Condecoraciones de Uruguay,paraguay
Medalla de la República Oriental del Uruguay,diferente de,Orden de la República Oriental del Uruguay,paraguay
Itacurubí del Rosario,país,Paraguay,paraguay
Itacurubí del Rosario,instancia de,asentamiento,paraguay
Itacurubí del Rosario,instancia de,municipio de Paraguay,paraguay
Itacurubí del Rosario,situado en la entidad territorial administrativa,Departamento de San Pedro,paraguay
ingeniero,categoría relacionada,Categoría:Ingenieros químicos,paraguay
ingeniero,instancia de,profesión,paraguay
ingeniero,instancia de,cargo,paraguay
ingeniero,elemento operado,producto,paraguay
Universidad Católica Nuestra Señora de la Asunción,país,Paraguay,paraguay
Universidad Católica Nuestra Señora de la Asunción,instancia de,universidad,paraguay
Universidad Católica Nuestra Señora de la Asunción,instancia de,editor de acceso abierto,paraguay
Universidad Católica Nuestra Señora de la Asunción,situado en la entidad territorial administrativa,Asunción,paraguay
Universidad Católica Nuestra Señora de la Asunción,miembro de,Centro Interuniversitario de Desarrollo,paraguay
Atyrá,país,Paraguay,paraguay
Atyrá,instancia de,municipio de Paraguay,paraguay
Atyrá,fundador,Domingo Martínez de Irala,paraguay
Atyrá,situado en la entidad territorial administrativa,Departamento de Cordillera,paraguay
Córdoba,jefe de gobierno,Daniel Passerini,paraguay
Córdoba,país,Argentina,paraguay
Córdoba,instancia de,ciudad de Argentina,paraguay
Córdoba,situado en la entidad territorial administrativa,Departamento Capital,paraguay
Córdoba,ciudad hermana,Turín,paraguay
piloto de automovilismo,instancia de,profesión,paraguay
piloto de automovilismo,instancia de,ocupación,paraguay
piloto de automovilismo,elemento operado,automóvil de carreras,paraguay
piloto de automovilismo,subclase de,piloto de carreras,paraguay
piloto de automovilismo,ámbito de la ocupación,automovilismo,paraguay
Édgar Benítez,Lugar de nacimiento,Repatriación,paraguay
Édgar Benítez,Ocupación,futbolista,paraguay
Édgar Benítez,Ciudadanía,Paraguay,paraguay
Édgar Benítez,Fecha de nacimiento,1987-11-08,paraguay
Juan Carlos Wasmosy,Lugar de nacimiento,Asunción,paraguay
Juan Carlos Wasmosy,Ocupación,político,paraguay
Juan Carlos Wasmosy,Ciudadanía,Paraguay,paraguay
Juan Carlos Wasmosy,Educado en,Universidad Nacional de Asunción,paraguay
Juan Carlos Wasmosy,Cargo,presidente de Paraguay,paraguay
Juan Carlos Wasmosy,Premio recibido,Gran Cruz de la Orden Nacional de la Legión de Honor,paraguay
Juan Carlos Wasmosy,Fecha de nacimiento,1938-12-15,paraguay
Juan Carlos Wasmosy,Ocupación,emprendedor,paraguay
Juan Carlos Wasmosy,Ocupación,ingeniero civil,paraguay
Juan Carlos Wasmosy,Premio recibido,gran collar de la orden del Infante Don Enrique,paraguay
Juan Carlos Wasmosy,Premio recibido,Caballero de la Gran Cruz de la Orden de Pío IX,paraguay
Juan Carlos Wasmosy,Premio recibido,Medalla de Oro de Galicia,paraguay
Juan Carlos Wasmosy,Premio recibido,Medalla de la República Oriental del Uruguay,paraguay
José Saturnino Cardozo,Lugar de nacimiento,Nueva Italia,paraguay
José Saturnino Cardozo,Ocupación,futbolista,paraguay
José Saturnino Cardozo,Ciudadanía,México,paraguay
José Saturnino Cardozo,Fecha de nacimiento,1971-03-19,paraguay
José Saturnino Cardozo,Ciudadanía,Paraguay,paraguay
José Félix Estigarribia,Lugar de nacimiento,Caraguatay,paraguay
José Félix Estigarribia,Ocupación,político,paraguay
José Félix Estigarribia,Ciudadanía,Paraguay,paraguay
José Félix Estigarribia,Educado en,Escuela Especial Militar de Saint-Cyr,paraguay
José Félix Estigarribia,Cargo,presidente de Paraguay,paraguay
José Félix Estigarribia,Premio recibido,Orden Nacional del Mérito,paraguay
José Félix Estigarribia,Fecha de nacimiento,1888-02-21,paraguay
José Félix Estigarribia,Fecha de defunción,1940-09-07,paraguay
José Félix Estigarribia,Ocupación,oficial militar,paraguay
José Félix Estigarribia,Ocupación,diplomático,paraguay
José Félix Estigarribia,Cargo,embajador,paraguay
Nelson Cuevas,Lugar de nacimiento,Asunción,paraguay
Nelson Cuevas,Ocupación,futbolista,paraguay
Nelson Cuevas,Ciudadanía,Paraguay,paraguay
Nelson Cuevas,Fecha de nacimiento,1980-01-10,paraguay
Pedro Pablo Peña,Lugar de nacimiento,Asunción,paraguay
Pedro Pablo Peña,Ocupación,político,paraguay
Pedro Pablo Peña,Ciudadanía,Paraguay,paraguay
Pedro Pablo Peña,Educado en,Universidad Nacional de Asunción,paraguay
Pedro Pablo Peña,Cargo,presidente de Paraguay,paraguay
Pedro Pablo Peña,Fecha de nacimiento,1864-06-29,paraguay
Pedro Pablo Peña,Fecha de defunción,1943-07-29,paraguay
Pedro Pablo Peña,Ocupación,diplomático,paraguay
Pedro Pablo Peña,Cargo,embajador,paraguay
Carlos Kiese,Lugar de nacimiento,Río Tebicuary,paraguay
Carlos Kiese,Ocupación,entrenador,paraguay
Carlos Kiese,Ciudadanía,Paraguay,paraguay
Carlos Kiese,Fecha de nacimiento,1957-06-01,paraguay
Carlos Kiese,Ocupación,futbolista,paraguay
Carlos Kiese,Ocupación,periodista,paraguay
Adolfo Saguier,Ocupación,político,paraguay
Adolfo Saguier,Ciudadanía,Paraguay,paraguay
Adolfo Saguier,Cargo,presidente de Paraguay,paraguay
Adolfo Saguier,Fecha de nacimiento,1832-01-01,paraguay
Adolfo Saguier,Fecha de defunción,1902-01-01,paraguay
Agustín Pío Barrios,Lugar de nacimiento,San Juan Bautista,paraguay
Agustín Pío Barrios,Ocupación,compositor,paraguay
Agustín Pío Barrios,Ciudadanía,Paraguay,paraguay
Agustín Pío Barrios,Fecha de nacimiento,1885-05-05,paraguay
Agustín Pío Barrios,Fecha de defunción,1944-08-07,paraguay
Agustín Pío Barrios,Ocupación,guitarrista clásico,paraguay
Jorge Amado Nunes,Lugar de nacimiento,Berazategui,paraguay
Jorge Amado Nunes,Ocupación,entrenador,paraguay
Jorge Amado Nunes,Ciudadanía,Argentina,paraguay
Jorge Amado Nunes,Fecha de nacimiento,1961-10-18,paraguay
Jorge Amado Nunes,Ocupación,futbolista,paraguay
Jorge Amado Nunes,Ciudadanía,Paraguay,paraguay
Sergio Aquino,Lugar de nacimiento,Laguna Blanca,paraguay
Sergio Aquino,Ocupación,entrenador,paraguay
Sergio Aquino,Ciudadanía,Argentina,paraguay
Sergio Aquino,Fecha de nacimiento,1979-09-21,paraguay
Sergio Aquino,Ocupación,futbolista,paraguay
Sergio Aquino,Ciudadanía,Paraguay,paraguay
Juan José Medina,Ocupación,político,paraguay
Juan José Medina,Ciudadanía,Paraguay,paraguay
Juan José Medina,Cargo,presidente de Paraguay,paraguay
Juan José Medina,Fecha de nacimiento,1800-01-01,paraguay
Juan José Medina,Fecha de defunción,1900-01-01,paraguay
Julio dos Santos,Lugar de nacimiento,Asunción,paraguay
Julio dos Santos,Ocupación,futbolista,paraguay
Julio dos Santos,Ciudadanía,Paraguay,paraguay
Julio dos Santos,Fecha de nacimiento,1983-05-07,paraguay
José Ariel Núñez,Lugar de nacimiento,Asunción,paraguay
José Ariel Núñez,Ocupación,entrenador,paraguay
José Ariel Núñez,Ciudadanía,Paraguay,paraguay
José Ariel Núñez,Fecha de nacimiento,1988-09-12,paraguay
José Ariel Núñez,Ocupación,futbolista,paraguay
Andrés Barbero,Lugar de nacimiento,Asunción,paraguay
Andrés Barbero,Ocupación,recolector de plantas,paraguay
Andrés Barbero,Ciudadanía,Paraguay,paraguay
Andrés Barbero,Fecha de nacimiento,1877-07-28,paraguay
Andrés Barbero,Fecha de defunción,1951-02-14,paraguay
Andrés Barbero,Ocupación,botánico,paraguay
Renée Ferrer de Arréllaga,Lugar de nacimiento,Asunción,paraguay
Renée Ferrer de Arréllaga,Ocupación,escritor,paraguay
Renée Ferrer de Arréllaga,Ciudadanía,Paraguay,paraguay
Renée Ferrer de Arréllaga,Fecha de nacimiento,1944-05-19,paraguay
Renée Ferrer de Arréllaga,Ocupación,poeta,paraguay
Renée Ferrer de Arréllaga,Ocupación,novelista,paraguay
Blanca Ovelar,Lugar de nacimiento,Concepción,paraguay
Blanca Ovelar,Ocupación,político,paraguay
Blanca Ovelar,Ciudadanía,Paraguay,paraguay
Blanca Ovelar,Cargo,Senador Nacional de Paraguay,paraguay
Blanca Ovelar,Fecha de nacimiento,1957-09-02,paraguay
Veronica Cepede Royg,Lugar de nacimiento,Asunción,paraguay
Veronica Cepede Royg,Ocupación,tenista,paraguay
Veronica Cepede Royg,Ciudadanía,Paraguay,paraguay
Veronica Cepede Royg,Fecha de nacimiento,1992-01-21,paraguay
Luis Ángel González Macchi,Lugar de nacimiento,Asunción,paraguay
Luis Ángel González Macchi,Ocupación,abogado,paraguay
Luis Ángel González Macchi,Ciudadanía,Paraguay,paraguay
Luis Ángel González Macchi,Educado en,Universidad Nacional de Asunción,paraguay
Luis Ángel González Macchi,Cargo,presidente de Paraguay,paraguay
Luis Ángel González Macchi,Premio recibido,Orden Nacional del Mérito,paraguay
Luis Ángel González Macchi,Fecha de nacimiento,1947-12-13,paraguay
Luis Ángel González Macchi,Ocupación,político,paraguay
Luis Ángel González Macchi,Ocupación,baloncestista,paraguay
Luis Ángel González Macchi,Premio recibido,Medalla de la República Oriental del Uruguay,paraguay
Andrés Rodríguez Pedotti,Lugar de nacimiento,Borja,paraguay
Andrés Rodríguez Pedotti,Ocupación,político,paraguay
Andrés Rodríguez Pedotti,Ciudadanía,Paraguay,paraguay
Andrés Rodríguez Pedotti,Cargo,presidente de Paraguay,paraguay
Andrés Rodríguez Pedotti,Premio recibido,Grand Order of Mugunghwa,paraguay
Andrés Rodríguez Pedotti,Fecha de nacimiento,1923-06-19,paraguay
Andrés Rodríguez Pedotti,Fecha de defunción,1997-04-21,paraguay
Andrés Rodríguez Pedotti,Premio recibido,Orden Nacional del Mérito,paraguay
Andrés Rodríguez Pedotti,Premio recibido,Collar de la Orden de Isabel la Católica,paraguay
Repatriación,país,Paraguay,paraguay
Repatriación,instancia de,municipio de Paraguay,paraguay
Repatriación,situado en la entidad territorial administrativa,Departamento de Caaguazú,paraguay
Nueva Italia,país,Paraguay,paraguay
Nueva Italia,instancia de,municipio de Paraguay,paraguay
Nueva Italia,situado en la entidad territorial administrativa,Departamento Central,paraguay
México,miembro de,Organización de las Naciones Unidas,paraguay
México,miembro de,Mercosur,paraguay
México,miembro de,Movimiento Internacional de la Cruz Roja y de la Media Luna Roja,paraguay
México,miembro de,UNESCO,paraguay
México,miembro de,Organización Mundial de la Salud,paraguay
Caraguatay,país,Paraguay,paraguay
Caraguatay,instancia de,municipio de Paraguay,paraguay
Caraguatay,situado en la entidad territorial administrativa,Departamento de Cordillera,paraguay
Escuela Especial Militar de Saint-Cyr,país,Francia,paraguay
Escuela Especial Militar de Saint-Cyr,instancia de,Gran Escuela,paraguay
Escuela Especial Militar de Saint-Cyr,instancia de,academia militar,paraguay
Escuela Especial Militar de Saint-Cyr,fundador,Napoleón Bonaparte,paraguay
Escuela Especial Militar de Saint-Cyr,situado en la entidad territorial administrativa,Guer,paraguay
Río Tebicuary,país,Paraguay,paraguay
Río Tebicuary,instancia de,río,paraguay
Río Tebicuary,desembocadura del curso de agua,Paraguay,paraguay
Río Tebicuary,afluente,Río Tebicuary Mí,paraguay
Río Tebicuary,cuenca hidrográfica,cuenca hidrográfica del Plata,paraguay
compositor,instancia de,ocupación,paraguay
compositor,instancia de,profesión musical,paraguay
compositor,subclase de,autor,paraguay
compositor,subclase de,músico,paraguay
compositor,santo patrón,Cecilia de Roma,paraguay
Berazategui,evento significativo,título de ciudad,paraguay
Berazategui,categoría principal del tema,Categoría:Berazategui,paraguay
Berazategui,capital de,Berazategui,paraguay
Berazategui,país,Argentina,paraguay
Laguna Blanca,país,Argentina,paraguay
Laguna Blanca,instancia de,municipio,paraguay
Laguna Blanca,situado en la entidad territorial administrativa,Departamento Pilcomayo,paraguay
recolector de plantas,instancia de,ocupación,paraguay
recolector de plantas,subclase de,recolector científico,paraguay
recolector de plantas,ámbito de la ocupación,botánica,paraguay
recolector de plantas,ámbito de la ocupación,coleccionismo de plantas,paraguay
poeta,instancia de,profesión,paraguay
poeta,subclase de,escritor,paraguay
poeta,ámbito de la ocupación,poesía,paraguay
poeta,categoría principal del tema,Categoría:Poetas,paraguay
Senador Nacional de Paraguay,país,Paraguay,paraguay
Senador Nacional de Paraguay,instancia de,cargo,paraguay
Senador Nacional de Paraguay,subclase de,senador,paraguay
Senador Nacional de Paraguay,forma parte de,Senado de Paraguay,paraguay
Senador Nacional de Paraguay,categoría principal del tema,Categoría:Senadores de Paraguay,paraguay
tenista,instancia de,profesión,paraguay
tenista,subclase de,deportista,paraguay
tenista,subclase de,jugador competitivo,paraguay
tenista,ámbito de la ocupación,tenis,paraguay
tenista,ámbito de la ocupación,tenis femenino,paraguay
Borja,país,Paraguay,paraguay
Borja,instancia de,municipio de Paraguay,paraguay
Borja,situado en la entidad territorial administrativa,Departamento de Guairá,paraguay
Ángel Cardozo Lucena,Lugar de nacimiento,Asunción,paraguay
Ángel Cardozo Lucena,Ocupación,entrenador,paraguay
Ángel Cardozo Lucena,Ciudadanía,Paraguay,paraguay
Ángel Cardozo Lucena,Fecha de nacimiento,1994-10-19,paraguay
Ángel Cardozo Lucena,Ocupación,futbolista,paraguay
César Zabala,Lugar de nacimiento,Luque,paraguay
César Zabala,Ocupación,entrenador,paraguay
César Zabala,Ciudadanía,Paraguay,paraguay
César Zabala,Fecha de nacimiento,1961-06-03,paraguay
César Zabala,Fecha de defunción,2020-01-31,paraguay
César Zabala,Ocupación,futbolista,paraguay
David Meza,Lugar de nacimiento,Asunción,paraguay
David Meza,Ocupación,entrenador,paraguay
David Meza,Ciudadanía,Paraguay,paraguay
David Meza,Fecha de nacimiento,1987-02-13,paraguay
David Meza,Ocupación,futbolista,paraguay
David Meza,Fecha de nacimiento,1988-08-15,paraguay
Derlis Aníbal González,Lugar de nacimiento,Itauguá,paraguay
Derlis Aníbal González,Ocupación,futbolista,paraguay
Derlis Aníbal González,Ciudadanía,Paraguay,paraguay
Derlis Aníbal González,Fecha de nacimiento,1978-05-25,paraguay
Domingo Benegas,Lugar de nacimiento,Capiatá,paraguay
Domingo Benegas,Ocupación,futbolista,paraguay
Domingo Benegas,Ciudadanía,Paraguay,paraguay
Domingo Benegas,Fecha de nacimiento,1946-08-04,paraguay
Edelmiro Arévalo,Lugar de nacimiento,Paraguay,paraguay
Edelmiro Arévalo,Ocupación,futbolista,paraguay
Edelmiro Arévalo,Ciudadanía,Paraguay,paraguay
Edelmiro Arévalo,Fecha de nacimiento,1929-01-07,paraguay
Edelmiro Arévalo,Fecha de defunción,2008-01-03,paraguay
Egni Eckert,Lugar de nacimiento,Asunción,paraguay
Egni Eckert,Ocupación,modelo,paraguay
Egni Eckert,Ciudadanía,Paraguay,paraguay
Egni Eckert,Fecha de nacimiento,1987-10-06,paraguay
Egni Eckert,Ocupación,participante en concursos de belleza,paraguay
Eligio Echagüe,Lugar de nacimiento,Concepción,paraguay
Eligio Echagüe,Ocupación,entrenador,paraguay
Eligio Echagüe,Ciudadanía,Paraguay,paraguay
Eligio Echagüe,Fecha de nacimiento,1938-12-31,paraguay
Eligio Echagüe,Fecha de defunción,2009-12-06,paraguay
Eligio Echagüe,Ocupación,futbolista,paraguay
Eligio Martínez,Lugar de nacimiento,Asunción,paraguay
Eligio Martínez,Ocupación,entrenador,paraguay
Eligio Martínez,Ciudadanía,Paraguay,paraguay
Eligio Martínez,Fecha de nacimiento,1955-07-21,paraguay
Eligio Martínez,Fecha de defunción,2024-09-10,paraguay
Eligio Martínez,Lugar de nacimiento,Itá,paraguay
Eligio Martínez,Ocupación,futbolista,paraguay
Eligio Martínez,Ciudadanía,Bolivia,paraguay
Eligio Insfrán,Lugar de nacimiento,Asunción,paraguay
Eligio Insfrán,Ocupación,futbolista,paraguay
Eligio Insfrán,Ciudadanía,Paraguay,paraguay
Eligio Insfrán,Fecha de nacimiento,1935-10-27,paraguay
Eliseo Insfrán,Lugar de nacimiento,Asunción,paraguay
Eliseo Insfrán,Ocupación,entrenador,paraguay
Eliseo Insfrán,Ciudadanía,Paraguay,paraguay
Eliseo Insfrán,Fecha de nacimiento,1935-10-27,paraguay
Eliseo Insfrán,Fecha de defunción,2020-08-17,paraguay
Eliseo Insfrán,Ocupación,futbolista,paraguay
Óscar Denis Sánchez,Lugar de nacimiento,Concepción,paraguay
Óscar Denis Sánchez,Ocupación,político,paraguay
Óscar Denis Sánchez,Ciudadanía,Paraguay,paraguay
Óscar Denis Sánchez,Educado en,Universidad Nacional de Asunción,paraguay
Óscar Denis Sánchez,Cargo,vicepresidente del Paraguay,paraguay
Óscar Denis Sánchez,Fecha de nacimiento,1946-10-02,paraguay
Óscar Denis Sánchez,Ocupación,químico,paraguay
Óscar Denis Sánchez,Cargo,Senador Nacional de Paraguay,paraguay
Óscar Denis Sánchez,Cargo,Diputado Nacional de Paraguay,paraguay
Óscar Denis Sánchez,Cargo,Gobernador del Departamento de Concepción,paraguay
Fabio Alcaraz,Lugar de nacimiento,Pedro Juan Caballero,paraguay
Fabio Alcaraz,Ocupación,jugador de fútbol sala,paraguay
Fabio Alcaraz,Ciudadanía,Paraguay,paraguay
Fabio Alcaraz,Fecha de nacimiento,1982-01-07,paraguay
Fabio Caballero,Lugar de nacimiento,Presidente Franco,paraguay
Fabio Caballero,Ocupación,futbolista,paraguay
Fabio Caballero,Ciudadanía,Paraguay,paraguay
Fabio Caballero,Fecha de nacimiento,1992-10-01,paraguay
Faustino Alonso,Lugar de nacimiento,Asunción,paraguay
Faustino Alonso,Ocupación,futbolista,paraguay
Faustino Alonso,Ciudadanía,Paraguay,paraguay
Faustino Alonso,Fecha de nacimiento,1961-02-15,paraguay
Felipe Ocampos,Ciudadanía,Paraguay,paraguay
Felipe Ocampos,Fecha de nacimiento,1963-04-11,paraguay
Fernando Giménez,Lugar de nacimiento,Coronel Oviedo,paraguay
Fernando Giménez,Ocupación,futbolista,paraguay
Fernando Giménez,Ciudadanía,Paraguay,paraguay
Fernando Giménez,Fecha de nacimiento,1984-07-10,paraguay
Fidencio Oviedo,Lugar de nacimiento,Ciudad del Este,paraguay
Fidencio Oviedo,Ocupación,entrenador,paraguay
Fidencio Oviedo,Ciudadanía,Paraguay,paraguay
Fidencio Oviedo,Fecha de nacimiento,1987-05-30,paraguay
Fidencio Oviedo,Ocupación,futbolista,paraguay
Fiorella Migliore,Lugar de nacimiento,Asunción,paraguay
Fiorella Migliore,Ocupación,actor,paraguay
Fiorella Migliore,Ciudadanía,Paraguay,paraguay
Fiorella Migliore,Fecha de nacimiento,1989-01-27,paraguay
Fiorella Migliore,Ocupación,modelo,paraguay
Francisco Ferreira,Lugar de nacimiento,Atyrá,paraguay
Francisco Ferreira,Ocupación,futbolista,paraguay
Francisco Ferreira,Ciudadanía,Paraguay,paraguay
Francisco Ferreira,Fecha de nacimiento,1970-09-17,paraguay
Capiatá,país,Paraguay,paraguay
Capiatá,instancia de,asentamiento,paraguay
Capiatá,instancia de,municipio de Paraguay,paraguay
Capiatá,situado en la entidad territorial administrativa,Departamento Central,paraguay
Pedro Juan Caballero,país,Paraguay,paraguay
Pedro Juan Caballero,instancia de,ciudad,paraguay
Pedro Juan Caballero,instancia de,ciudad fronteriza,paraguay
Pedro Juan Caballero,instancia de,municipio de Paraguay,paraguay
Pedro Juan Caballero,instancia de,gran ciudad,paraguay
jugador de fútbol sala,instancia de,ocupación,paraguay
jugador de fútbol sala,subclase de,jugador competitivo,paraguay
jugador de fútbol sala,ámbito de la ocupación,fútbol sala,paraguay
jugador de fútbol sala,ámbito de la ocupación,fútbol sala masculino,paraguay
jugador de fútbol sala,deporte,fútbol sala,paraguay
Presidente Franco,país,Paraguay,paraguay
Presidente Franco,instancia de,asentamiento,paraguay
Presidente Franco,instancia de,municipio de Paraguay,paraguay
Presidente Franco,situado en la entidad territorial administrativa,Departamento de Alto Paraná,paraguay
Presidente Franco,ciudad hermana,São Paulo,paraguay
Coronel Oviedo,país,Paraguay,paraguay
Coronel Oviedo,instancia de,asentamiento,paraguay
Coronel Oviedo,instancia de,municipio de Paraguay,paraguay
Coronel Oviedo,idioma oficial,español,paraguay
Coronel Oviedo,idioma oficial,guaraní,paraguay
Ciudad del Este,categoría de personas relacionadas,Categoría:Personas de Ciudad del Este,paraguay
Ciudad del Este,propietario de,Estadio Antonio Oddone Sarubbi,paraguay
Ciudad del Este,país,Paraguay,paraguay
Ciudad del Este,instancia de,ciudad,paraguay
Ciudad del Este,instancia de,ciudad fronteriza,paraguay
actor,instancia de,profesión,paraguay
actor,instancia de,ocupación,paraguay
actor,instancia de,grupo de ocupaciones de la CIUO,paraguay
actor,subclase de,artista escénico,paraguay
Enrique Avalos,Lugar de nacimiento,Paraguay,paraguay
Enrique Avalos,Ocupación,futbolista,paraguay
Enrique Avalos,Ciudadanía,Paraguay,paraguay
Enrique Avalos,Fecha de nacimiento,1922-01-01,paraguay
Melanio Báez,Lugar de nacimiento,Paraguay,paraguay
Melanio Báez,Ocupación,futbolista,paraguay
Melanio Báez,Ciudadanía,Paraguay,paraguay
Melanio Báez,Fecha de nacimiento,1931-07-01,paraguay
Darío Jara,Lugar de nacimiento,Asunción,paraguay
Darío Jara,Ocupación,entrenador,paraguay
Darío Jara,Ciudadanía,Paraguay,paraguay
Darío Jara,Fecha de nacimiento,1930-01-27,paraguay
Darío Jara,Fecha de defunción,2023-01-22,paraguay
Darío Jara,Ocupación,futbolista,paraguay
Óscar Aguilera,Lugar de nacimiento,Asunción,paraguay
Óscar Aguilera,Ocupación,futbolista,paraguay
Óscar Aguilera,Ciudadanía,Paraguay,paraguay
Óscar Aguilera,Fecha de nacimiento,1935-03-11,paraguay
Óscar Aguilera,Fecha de defunción,1979-01-01,paraguay
Victoriano Leguizamón,Lugar de nacimiento,Concepción,paraguay
Victoriano Leguizamón,Ocupación,entrenador,paraguay
Victoriano Leguizamón,Ciudadanía,Paraguay,paraguay
Victoriano Leguizamón,Fecha de nacimiento,1922-03-23,paraguay
Victoriano Leguizamón,Fecha de defunción,2007-04-07,paraguay
Victoriano Leguizamón,Ocupación,futbolista,paraguay
Marcelino Vargas,Lugar de nacimiento,Asunción,paraguay
Marcelino Vargas,Ocupación,futbolista,paraguay
Marcelino Vargas,Ciudadanía,Paraguay,paraguay
Marcelino Vargas,Fecha de nacimiento,1921-02-01,paraguay
José Aveiro,Lugar de nacimiento,Asunción,paraguay
José Aveiro,Ocupación,entrenador,paraguay
José Aveiro,Ciudadanía,Paraguay,paraguay
José Aveiro,Fecha de nacimiento,1936-07-18,paraguay
José Aveiro,Fecha de defunción,2024-10-19,paraguay
José Aveiro,Ocupación,futbolista,paraguay
Casiano Céspedes,Lugar de nacimiento,Paraguay,paraguay
Casiano Céspedes,Ocupación,futbolista,paraguay
Casiano Céspedes,Ciudadanía,Paraguay,paraguay
Casiano Céspedes,Fecha de nacimiento,1924-01-01,paraguay
Armando González,Lugar de nacimiento,Paraguay,paraguay
Armando González,Ocupación,futbolista,paraguay
Armando González,Ciudadanía,Paraguay,paraguay
Armando González,Fecha de nacimiento,1924-01-01,paraguay
Antonio Cabrera,Lugar de nacimiento,Paraguay,paraguay
Antonio Cabrera,Ocupación,futbolista,paraguay
Antonio Cabrera,Ciudadanía,Paraguay,paraguay
Antonio Cabrera,Fecha de nacimiento,1928-01-01,paraguay
Francisco Sosa,Lugar de nacimiento,Paraguay,paraguay
Francisco Sosa,Ocupación,futbolista,paraguay
Francisco Sosa,Ciudadanía,Paraguay,paraguay
Francisco Sosa,Fecha de nacimiento,1917-10-04,paraguay
Carlos Jara Saguier,Lugar de nacimiento,Asunción,paraguay
Carlos Jara Saguier,Ocupación,entrenador,paraguay
Carlos Jara Saguier,Ciudadanía,Paraguay,paraguay
Carlos Jara Saguier,Fecha de nacimiento,1950-11-01,paraguay
Carlos Jara Saguier,Ocupación,futbolista,paraguay
Pánfilo Escobar,Lugar de nacimiento,Luque,paraguay
Pánfilo Escobar,Ocupación,entrenador,paraguay
Pánfilo Escobar,Ciudadanía,Paraguay,paraguay
Pánfilo Escobar,Fecha de nacimiento,1974-09-07,paraguay
Pánfilo Escobar,Ocupación,futbolista,paraguay
Edgar Robles,Lugar de nacimiento,San Lorenzo,paraguay
Edgar Robles,Ocupación,entrenador,paraguay
Edgar Robles,Ciudadanía,Paraguay,paraguay
Edgar Robles,Fecha de nacimiento,1977-11-22,paraguay
Edgar Robles,Fecha de defunción,2016-12-28,paraguay
Edgar Robles,Ocupación,futbolista,paraguay
José de La Cruz Benítez,Lugar de nacimiento,Asunción,paraguay
José de La Cruz Benítez,Ocupación,entrenador,paraguay
José de La Cruz Benítez,Ciudadanía,Paraguay,paraguay
José de La Cruz Benítez,Fecha de nacimiento,1952-05-03,paraguay
José de La Cruz Benítez,Ocupación,futbolista,paraguay
Carlos Espínola,Lugar de nacimiento,Yaguarón,paraguay
Carlos Espínola,Ocupación,futbolista,paraguay
Carlos Espínola,Ciudadanía,Paraguay,paraguay
Carlos Espínola,Fecha de nacimiento,1975-12-25,paraguay
Peter P. Klassen,Lugar de nacimiento,Colonia de Jortytsia,paraguay
Peter P. Klassen,Ocupación,escritor,paraguay
Peter P. Klassen,Ciudadanía,Paraguay,paraguay
Peter P. Klassen,Fecha de nacimiento,1926-01-01,paraguay
Peter P. Klassen,Fecha de defunción,2018-07-29,paraguay
Peter P. Klassen,Ocupación,historiador,paraguay
Casiano Delvalle,Lugar de nacimiento,Lambaré,paraguay
Casiano Delvalle,Ocupación,entrenador,paraguay
Casiano Delvalle,Ciudadanía,Paraguay,paraguay
Casiano Delvalle,Fecha de nacimiento,1970-08-13,paraguay
Casiano Delvalle,Ocupación,futbolista,paraguay
Porfirio Rolón,Lugar de nacimiento,Asunción,paraguay
Porfirio Rolón,Ocupación,futbolista,paraguay
Porfirio Rolón,Ciudadanía,Paraguay,paraguay
Porfirio Rolón,Fecha de nacimiento,1925-05-04,paraguay
Porfirio Rolón,Fecha de defunción,2006-11-07,paraguay
Abraham Acevedo,Lugar de nacimiento,Asunción,paraguay
Abraham Acevedo,Ocupación,yudoca,paraguay
Abraham Acevedo,Ciudadanía,Paraguay,paraguay
Abraham Acevedo,Fecha de nacimiento,1989-09-12,paraguay
Yaguarón,país,Paraguay,paraguay
Yaguarón,instancia de,ciudad,paraguay
Colonia de Jortytsia,país,Imperio ruso,paraguay
Colonia de Jortytsia,instancia de,volost del Imperio ruso,paraguay
Colonia de Jortytsia,capital,Verjnia Jortitsia,paraguay
Lambaré,país,Paraguay,paraguay
Lambaré,instancia de,asentamiento,paraguay
Lambaré,instancia de,municipio de Paraguay,paraguay
Lambaré,situado en la entidad territorial administrativa,Departamento Central,paraguay
yudoca,instancia de,profesión,paraguay
yudoca,instancia de,ocupación,paraguay
yudoca,subclase de,deportista,paraguay
yudoca,subclase de,artista marcial,paraguay
Roberto Villanueva,Ocupación,escritor,paraguay
Roberto Villanueva,Ciudadanía,Paraguay,paraguay
Roberto Villanueva,Fecha de nacimiento,1804-03-17,paraguay
Roberto Villanueva,Fecha de defunción,1848-12-26,paraguay
Marco Ruiz,Lugar de nacimiento,Asunción,paraguay
Marco Ruiz,Ocupación,golfista,paraguay
Marco Ruiz,Ciudadanía,Paraguay,paraguay
Marco Ruiz,Fecha de nacimiento,1974-12-02,paraguay
Marcial Ávalos,Lugar de nacimiento,Paraguay,paraguay
Marcial Ávalos,Ocupación,futbolista,paraguay
Marcial Ávalos,Ciudadanía,Paraguay,paraguay
Marcial Ávalos,Fecha de nacimiento,1921-12-05,paraguay
Pablo Centurión,Ocupación,futbolista,paraguay
Pablo Centurión,Ciudadanía,Paraguay,paraguay
Pablo Centurión,Fecha de nacimiento,1926-01-01,paraguay
Alberto González Gonzalito,Lugar de nacimiento,Paraguay,paraguay
Alberto González Gonzalito,Ocupación,futbolista,paraguay
Alberto González Gonzalito,Ciudadanía,Paraguay,paraguay
Alberto González Gonzalito,Fecha de nacimiento,1921-11-30,paraguay
Alberto González Gonzalito,Fecha de defunción,2003-08-21,paraguay
Roberto Ismael Torres Baez,Lugar de nacimiento,Paraguay,paraguay
Roberto Ismael Torres Baez,Ocupación,entrenador,paraguay
Roberto Ismael Torres Baez,Ciudadanía,Paraguay,paraguay
Roberto Ismael Torres Baez,Fecha de nacimiento,1972-04-06,paraguay
Roberto Ismael Torres Baez,Lugar de nacimiento,Asunción,paraguay
Roberto Ismael Torres Baez,Ocupación,futbolista,paraguay
Sebelio Peralta Álvarez,Lugar de nacimiento,Borja,paraguay
Sebelio Peralta Álvarez,Ocupación,sacerdote católico,paraguay
Sebelio Peralta Álvarez,Ciudadanía,Paraguay,paraguay
Sebelio Peralta Álvarez,Cargo,obispo auxiliar,paraguay
Sebelio Peralta Álvarez,Fecha de nacimiento,1939-09-19,paraguay
Sebelio Peralta Álvarez,Fecha de defunción,2014-11-19,paraguay
Sebelio Peralta Álvarez,Ocupación,obispo católico,paraguay
Sebelio Peralta Álvarez,Ocupación,profesor universitario,paraguay
Sebelio Peralta Álvarez,Cargo,obispo titular,paraguay
Sebelio Peralta Álvarez,Cargo,obispo diocesano,paraguay
Gustavo Benítez,Lugar de nacimiento,Paraguarí,paraguay
Gustavo Benítez,Ocupación,entrenador,paraguay
Gustavo Benítez,Ciudadanía,Paraguay,paraguay
Gustavo Benítez,Fecha de nacimiento,1953-02-05,paraguay
Gustavo Benítez,Ocupación,futbolista,paraguay
Juan Carlos Franco,Lugar de nacimiento,Asunción,paraguay
Juan Carlos Franco,Ocupación,entrenador,paraguay
Juan Carlos Franco,Ciudadanía,Paraguay,paraguay
Juan Carlos Franco,Fecha de nacimiento,1973-04-17,paraguay
Juan Carlos Franco,Ocupación,futbolista,paraguay
Roberto Cabañas,Lugar de nacimiento,Pilar,paraguay
Roberto Cabañas,Ocupación,futbolista,paraguay
Roberto Cabañas,Ciudadanía,Paraguay,paraguay
Roberto Cabañas,Fecha de nacimiento,1961-04-11,paraguay
Roberto Cabañas,Fecha de defunción,2017-01-09,paraguay
"Pablo César Aguilar ""El Capi Azulado""",Lugar de nacimiento,Luque,paraguay
"Pablo César Aguilar ""El Capi Azulado""",Ocupación,entrenador,paraguay
"Pablo César Aguilar ""El Capi Azulado""",Ciudadanía,México,paraguay
"Pablo César Aguilar ""El Capi Azulado""",Fecha de nacimiento,1987-04-02,paraguay
"Pablo César Aguilar ""El Capi Azulado""",Ocupación,futbolista,paraguay
"Pablo César Aguilar ""El Capi Azulado""",Ciudadanía,Paraguay,paraguay
Danilo Aceval,Lugar de nacimiento,Arroyos y Esteros,paraguay
Danilo Aceval,Ocupación,entrenador,paraguay
Danilo Aceval,Ciudadanía,Paraguay,paraguay
Danilo Aceval,Fecha de nacimiento,1975-09-15,paraguay
Danilo Aceval,Ocupación,futbolista,paraguay
Pedro Sarabia,Lugar de nacimiento,Asunción,paraguay
Pedro Sarabia,Ocupación,entrenador,paraguay
Pedro Sarabia,Ciudadanía,Paraguay,paraguay
Pedro Sarabia,Fecha de nacimiento,1975-07-05,paraguay
Pedro Sarabia,Ocupación,futbolista,paraguay
Julia Isídrez,Lugar de nacimiento,Itá,paraguay
Julia Isídrez,Ocupación,artista,paraguay
Julia Isídrez,Ciudadanía,Paraguay,paraguay
Julia Isídrez,Premio recibido,Premio Príncipe Claus,paraguay
Julia Isídrez,Fecha de nacimiento,1967-02-16,paraguay
Julio Santa Cruz,Lugar de nacimiento,Asunción,paraguay
Julio Santa Cruz,Ocupación,futbolista,paraguay
Julio Santa Cruz,Ciudadanía,Paraguay,paraguay
Julio Santa Cruz,Fecha de nacimiento,1990-05-12,paraguay
José Patricio Guggiari,Lugar de nacimiento,Asunción,paraguay
José Patricio Guggiari,Ocupación,abogado,paraguay
José Patricio Guggiari,Ciudadanía,Paraguay,paraguay
José Patricio Guggiari,Educado en,escuela primaria,paraguay
José Patricio Guggiari,Cargo,presidente de Paraguay,paraguay
José Patricio Guggiari,Fecha de nacimiento,1884-03-17,paraguay
José Patricio Guggiari,Fecha de defunción,1957-10-29,paraguay
José Patricio Guggiari,Ocupación,político,paraguay
José Patricio Guggiari,Ocupación,magistrado,paraguay
José Patricio Guggiari,Educado en,Universidad Nacional de Asunción,paraguay
Eligio Ayala,Lugar de nacimiento,Mbuyapey,paraguay
Eligio Ayala,Ocupación,abogado,paraguay
Eligio Ayala,Ciudadanía,Paraguay,paraguay
Eligio Ayala,Educado en,Universidad de Heidelberg,paraguay
Eligio Ayala,Cargo,presidente de Paraguay,paraguay
Eligio Ayala,Fecha de nacimiento,1879-12-04,paraguay
Eligio Ayala,Fecha de defunción,1930-10-25,paraguay
Eligio Ayala,Ocupación,político,paraguay
Eligio Ayala,Educado en,Universidad de Zúrich,paraguay
Eligio Ayala,Educado en,Universidad Nacional de Asunción,paraguay
Eligio Ayala,Educado en,Colegio Nacional de la Capital Gral. Bernardino Caballero,paraguay
Eligio Ayala,Educado en,Colegio Nacional de Encarnación,paraguay
Juan Bautista Villalba,Lugar de nacimiento,Luque,paraguay
Juan Bautista Villalba,Ocupación,entrenador,paraguay
Juan Bautista Villalba,Ciudadanía,Paraguay,paraguay
Juan Bautista Villalba,Fecha de nacimiento,1924-08-29,paraguay
Juan Bautista Villalba,Fecha de defunción,2003-04-18,paraguay
Juan Bautista Villalba,Ocupación,futbolista,paraguay
José Parodi,Lugar de nacimiento,Luque,paraguay
José Parodi,Ocupación,entrenador,paraguay
José Parodi,Ciudadanía,Paraguay,paraguay
José Parodi,Fecha de nacimiento,1932-08-30,paraguay
José Parodi,Fecha de defunción,2006-08-22,paraguay
José Parodi,Ocupación,futbolista,paraguay
Silvio Pettirossi,Lugar de nacimiento,Asunción,paraguay
Silvio Pettirossi,Ocupación,piloto de aviación,paraguay
Silvio Pettirossi,Ciudadanía,Paraguay,paraguay
Silvio Pettirossi,Fecha de nacimiento,1887-06-16,paraguay
Silvio Pettirossi,Fecha de defunción,1916-10-17,paraguay
sacerdote católico,instancia de,vocación católica,paraguay
sacerdote católico,religión,catolicismo,paraguay
sacerdote católico,religión,Iglesia católica,paraguay
sacerdote católico,subclase de,sacerdote,paraguay
sacerdote católico,subclase de,presbítero,paraguay
obispo auxiliar,categoría principal del tema,Categoría:Obispos auxiliares,paraguay
obispo auxiliar,diferente de,obispo coadjutor,paraguay
obispo auxiliar,diferente de,obispo asistente,paraguay
obispo auxiliar,instancia de,función episcopal,paraguay
obispo auxiliar,instancia de,vocación católica,paraguay
Paraguarí,país,Paraguay,paraguay
Paraguarí,instancia de,municipio de Paraguay,paraguay
Paraguarí,idioma oficial,español,paraguay
Paraguarí,idioma oficial,guaraní,paraguay
Paraguarí,situado en la entidad territorial administrativa,Departamento de Paraguarí,paraguay
Pilar,país,Paraguay,paraguay
Pilar,instancia de,ciudad,paraguay
Pilar,idioma oficial,español,paraguay
Pilar,idioma oficial,guaraní,paraguay
artista,instancia de,ocupación,paraguay
artista,instancia de,profesión artística,paraguay
artista,subclase de,creador,paraguay
artista,santo patrón,Fra Angelico,paraguay
Premio Príncipe Claus,país,Países Bajos,paraguay
Premio Príncipe Claus,instancia de,premio de cultura,paraguay
Premio Príncipe Claus,nombrado en referencia a,Nicolás de Amsberg,paraguay
Premio Príncipe Claus,categoría principal del tema,Categoría:Premio Príncipe Claus,paraguay
escuela primaria,instancia de,etapa educativa,paraguay
escuela primaria,instancia de,tipo de institución educativa,paraguay
escuela primaria,precedido por,jardín de infancia,paraguay
escuela primaria,sucedido por,escuela secundaria,paraguay
escuela primaria,subclase de,escuela,paraguay
Mbuyapey,país,Paraguay,paraguay
Mbuyapey,instancia de,asentamiento,paraguay
Mbuyapey,instancia de,municipio de Paraguay,paraguay
Mbuyapey,situado en la entidad territorial administrativa,Paraguarí,paraguay
Universidad de Heidelberg,país,Alemania,paraguay
Universidad de Heidelberg,instancia de,campus,paraguay
Universidad de Heidelberg,instancia de,universidad pública,paraguay
Universidad de Heidelberg,instancia de,editor de acceso abierto,paraguay
piloto de aviación,instancia de,profesión,paraguay
piloto de aviación,elemento operado,aeronave,paraguay
piloto de aviación,subclase de,miembro de tripulación,paraguay
piloto de aviación,subclase de,operador de vehículo,paraguay
piloto de aviación,ámbito de la ocupación,aviación,paraguay
Édgar González,Lugar de nacimiento,Asunción,paraguay
Édgar González,Ocupación,entrenador,paraguay
Édgar González,Ciudadanía,Paraguay,paraguay
Édgar González,Fecha de nacimiento,1979-10-04,paraguay
Édgar González,Ocupación,futbolista,paraguay
Luis Alberto del Paraná,Lugar de nacimiento,Altos,paraguay
Luis Alberto del Paraná,Ocupación,compositor,paraguay
Luis Alberto del Paraná,Ciudadanía,Paraguay,paraguay
Luis Alberto del Paraná,Miembro de,Alberto y Los Trios Paraguayos,paraguay
Luis Alberto del Paraná,Fecha de nacimiento,1926-06-21,paraguay
Luis Alberto del Paraná,Fecha de defunción,1974-09-15,paraguay
Luis Alberto del Paraná,Ocupación,cantautor,paraguay
Luis Alberto del Paraná,Ocupación,guitarrista,paraguay
Pedro Juan Caballero,Lugar de nacimiento,Tobatí,paraguay
Pedro Juan Caballero,Ocupación,militar,paraguay
Pedro Juan Caballero,Ciudadanía,Paraguay,paraguay
Pedro Juan Caballero,Fecha de nacimiento,1786-06-29,paraguay
Pedro Juan Caballero,Fecha de defunción,1821-07-13,paraguay
Pedro Juan Caballero,Ocupación,político,paraguay
Carlos Morales Santos,Lugar de nacimiento,Asunción,paraguay
Carlos Morales Santos,Ocupación,futbolista,paraguay
Carlos Morales Santos,Ciudadanía,Paraguay,paraguay
Carlos Morales Santos,Fecha de nacimiento,1968-04-11,paraguay
Hugo Brizuela,Lugar de nacimiento,Asunción,paraguay
Hugo Brizuela,Ocupación,entrenador,paraguay
Hugo Brizuela,Ciudadanía,Paraguay,paraguay
Hugo Brizuela,Fecha de nacimiento,1969-02-08,paraguay
Hugo Brizuela,Ocupación,futbolista,paraguay
Julio César Yegros,Lugar de nacimiento,Luque,paraguay
Julio César Yegros,Ocupación,futbolista,paraguay
Julio César Yegros,Ciudadanía,Paraguay,paraguay
Julio César Yegros,Fecha de nacimiento,1971-01-31,paraguay
César Ramírez,Lugar de nacimiento,Asunción,paraguay
César Ramírez,Ocupación,futbolista,paraguay
César Ramírez,Ciudadanía,Paraguay,paraguay
César Ramírez,Fecha de nacimiento,1977-03-24,paraguay
Rogelio Delgado,Lugar de nacimiento,Asunción,paraguay
Rogelio Delgado,Ocupación,entrenador,paraguay
Rogelio Delgado,Ciudadanía,Paraguay,paraguay
Rogelio Delgado,Fecha de nacimiento,1959-10-12,paraguay
Rogelio Delgado,Ocupación,futbolista,paraguay
Rogelio Delgado,Fecha de nacimiento,1959-10-15,paraguay
Daniel Sanabria,Lugar de nacimiento,Asunción,paraguay
Daniel Sanabria,Ocupación,entrenador,paraguay
Daniel Sanabria,Ciudadanía,Paraguay,paraguay
Daniel Sanabria,Fecha de nacimiento,1977-02-08,paraguay
Daniel Sanabria,Ocupación,futbolista,paraguay
Federico Santander,Lugar de nacimiento,San Lorenzo,paraguay
Federico Santander,Ocupación,futbolista,paraguay
Federico Santander,Ciudadanía,Paraguay,paraguay
Federico Santander,Fecha de nacimiento,1991-06-04,paraguay
Rolando Chilavert,Lugar de nacimiento,Luque,paraguay
Rolando Chilavert,Ocupación,entrenador,paraguay
Rolando Chilavert,Ciudadanía,Paraguay,paraguay
Rolando Chilavert,Fecha de nacimiento,1961-05-22,paraguay
Rolando Chilavert,Ocupación,futbolista,paraguay
Luis Nery Caballero,Lugar de nacimiento,Asunción,paraguay
Luis Nery Caballero,Ocupación,entrenador,paraguay
Luis Nery Caballero,Ciudadanía,Paraguay,paraguay
Luis Nery Caballero,Fecha de nacimiento,1990-04-22,paraguay
Luis Nery Caballero,Ocupación,futbolista,paraguay
Osmar Molinas,Lugar de nacimiento,Capiatá,paraguay
Osmar Molinas,Ocupación,futbolista,paraguay
Osmar Molinas,Ciudadanía,Paraguay,paraguay
Osmar Molinas,Fecha de nacimiento,1987-05-03,paraguay
Miguel Samudio,Lugar de nacimiento,Capiatá,paraguay
Miguel Samudio,Ocupación,entrenador,paraguay
Miguel Samudio,Ciudadanía,Paraguay,paraguay
Miguel Samudio,Fecha de nacimiento,1986-08-24,paraguay
Miguel Samudio,Ocupación,futbolista,paraguay
Pablo Velázquez,Lugar de nacimiento,Asunción,paraguay
Pablo Velázquez,Ocupación,futbolista,paraguay
Pablo Velázquez,Ciudadanía,Paraguay,paraguay
Pablo Velázquez,Fecha de nacimiento,1987-03-12,paraguay
Richard Ortiz,Lugar de nacimiento,Asunción,paraguay
Richard Ortiz,Ocupación,futbolista,paraguay
Richard Ortiz,Ciudadanía,España,paraguay
Richard Ortiz,Fecha de nacimiento,1990-05-22,paraguay
Richard Ortiz,Ciudadanía,Paraguay,paraguay
Modesto Denis,Lugar de nacimiento,Asunción,paraguay
Modesto Denis,Ocupación,futbolista,paraguay
Modesto Denis,Ciudadanía,Paraguay,paraguay
Modesto Denis,Fecha de nacimiento,1898-06-15,paraguay
Modesto Denis,Fecha de nacimiento,1901-03-09,paraguay
César López Fretes,Lugar de nacimiento,Asunción,paraguay
César López Fretes,Ocupación,entrenador,paraguay
César López Fretes,Ciudadanía,Paraguay,paraguay
César López Fretes,Fecha de nacimiento,1923-03-21,paraguay
César López Fretes,Fecha de defunción,2001-07-13,paraguay
César López Fretes,Ocupación,futbolista,paraguay
Atilio López,Lugar de nacimiento,Villarrica,paraguay
Atilio López,Ocupación,entrenador,paraguay
Atilio López,Ciudadanía,Paraguay,paraguay
Atilio López,Fecha de nacimiento,1925-02-05,paraguay
Atilio López,Fecha de defunción,2016-07-14,paraguay
Atilio López,Ocupación,futbolista,paraguay
Atilio López,Fecha de nacimiento,1926-02-05,paraguay
Juan Cañete,Lugar de nacimiento,Paraguay,paraguay
Juan Cañete,Ocupación,entrenador,paraguay
Juan Cañete,Ciudadanía,Paraguay,paraguay
Juan Cañete,Fecha de nacimiento,1929-07-27,paraguay
Juan Cañete,Ocupación,futbolista,paraguay
Altos,país,Paraguay,paraguay
Altos,instancia de,municipio de Paraguay,paraguay
Altos,situado en la entidad territorial administrativa,Departamento de Cordillera,paraguay
Alberto y Los Trios Paraguayos,instancia de,grupo musical,paraguay
Alberto y Los Trios Paraguayos,país de origen,Paraguay,paraguay
Alberto y Los Trios Paraguayos,caracterizado por,trío,paraguay
Tobatí,país,Paraguay,paraguay
Tobatí,instancia de,localidad,paraguay
Villarrica,país,Paraguay,paraguay
Villarrica,instancia de,asentamiento,paraguay
Villarrica,instancia de,municipio de Paraguay,paraguay
Villarrica,idioma oficial,español,paraguay
Villarrica,idioma oficial,guaraní,paraguay
Héctor Lacognata,Lugar de nacimiento,Asunción,paraguay
Héctor Lacognata,Ocupación,político,paraguay
Héctor Lacognata,Ciudadanía,Paraguay,paraguay
Héctor Lacognata,Educado en,Universidad Nacional de Asunción,paraguay
Héctor Lacognata,Fecha de nacimiento,1962-09-06,paraguay
Héctor Lacognata,Fecha de defunción,2023-05-27,paraguay
Héctor Lacognata,Ocupación,diplomático,paraguay
Ronald Huth,Lugar de nacimiento,Asunción,paraguay
Ronald Huth,Ocupación,futbolista,paraguay
Ronald Huth,Ciudadanía,Paraguay,paraguay
Ronald Huth,Fecha de nacimiento,1989-10-30,paraguay
Marcos Antonio Morínigo,Lugar de nacimiento,Quyquyhó,paraguay
Marcos Antonio Morínigo,Ocupación,político,paraguay
Marcos Antonio Morínigo,Ciudadanía,Paraguay,paraguay
Marcos Antonio Morínigo,Cargo,presidente de Paraguay,paraguay
Marcos Antonio Morínigo,Fecha de nacimiento,1848-10-08,paraguay
Marcos Antonio Morínigo,Fecha de defunción,1901-07-13,paraguay
Rafael Franco,Lugar de nacimiento,Asunción,paraguay
Rafael Franco,Ocupación,político,paraguay
Rafael Franco,Ciudadanía,Paraguay,paraguay
Rafael Franco,Cargo,presidente de Paraguay,paraguay
Rafael Franco,Fecha de nacimiento,1896-10-22,paraguay
Rafael Franco,Fecha de defunción,1973-09-16,paraguay
Luis Alberto Riart,Lugar de nacimiento,Esquina,paraguay
Luis Alberto Riart,Ocupación,abogado,paraguay
Luis Alberto Riart,Ciudadanía,Paraguay,paraguay
Luis Alberto Riart,Educado en,Universidad Nacional de Asunción,paraguay
Luis Alberto Riart,Cargo,presidente de Paraguay,paraguay
Luis Alberto Riart,Premio recibido,Orden Nacional del Mérito,paraguay
Luis Alberto Riart,Fecha de nacimiento,1880-07-21,paraguay
Luis Alberto Riart,Fecha de defunción,1953-10-01,paraguay
Luis Alberto Riart,Ocupación,político,paraguay
Luis Alberto Riart,Ocupación,diplomático,paraguay
Luis Alberto Riart,Ocupación,sociólogo,paraguay
Jorge Adolfo Carlos Livieres Banks,Lugar de nacimiento,Asunción,paraguay
Jorge Adolfo Carlos Livieres Banks,Ocupación,sacerdote católico,paraguay
Jorge Adolfo Carlos Livieres Banks,Ciudadanía,Paraguay,paraguay
Jorge Adolfo Carlos Livieres Banks,Cargo,obispo auxiliar,paraguay
Jorge Adolfo Carlos Livieres Banks,Fecha de nacimiento,1929-02-22,paraguay
Jorge Adolfo Carlos Livieres Banks,Fecha de defunción,2018-12-17,paraguay
Jorge Adolfo Carlos Livieres Banks,Ocupación,obispo católico,paraguay
Jorge Adolfo Carlos Livieres Banks,Cargo,obispo titular,paraguay
Jorge Adolfo Carlos Livieres Banks,Cargo,obispo diocesano,paraguay
Ricardo Jorge Valenzuela Ríos,Lugar de nacimiento,Asunción,paraguay
Ricardo Jorge Valenzuela Ríos,Ocupación,sacerdote católico,paraguay
Ricardo Jorge Valenzuela Ríos,Ciudadanía,Paraguay,paraguay
Ricardo Jorge Valenzuela Ríos,Cargo,obispo auxiliar,paraguay
Ricardo Jorge Valenzuela Ríos,Fecha de nacimiento,1954-12-13,paraguay
Ricardo Jorge Valenzuela Ríos,Ocupación,obispo católico,paraguay
Ricardo Jorge Valenzuela Ríos,Cargo,obispo titular,paraguay
Ricardo Jorge Valenzuela Ríos,Cargo,obispo diocesano,paraguay
Ricardo Jorge Valenzuela Ríos,Cargo,administrador apostólico,paraguay
Luis Fernando Páez,Lugar de nacimiento,Lambaré,paraguay
Luis Fernando Páez,Ocupación,futbolista,paraguay
Luis Fernando Páez,Ciudadanía,Paraguay,paraguay
Luis Fernando Páez,Fecha de nacimiento,1989-12-19,paraguay
Luis Fernando Páez,Fecha de defunción,2019-04-07,paraguay
Sergio Órteman,Lugar de nacimiento,Montevideo,paraguay
Sergio Órteman,Ocupación,futbolista,paraguay
Sergio Órteman,Ciudadanía,Uruguay,paraguay
Sergio Órteman,Fecha de nacimiento,1978-09-29,paraguay
Sergio Órteman,Ciudadanía,Paraguay,paraguay
Agustín Barboza,Lugar de nacimiento,Asunción,paraguay
Agustín Barboza,Ocupación,compositor,paraguay
Agustín Barboza,Ciudadanía,Paraguay,paraguay
Agustín Barboza,Miembro de,Alberto y Los Trios Paraguayos,paraguay
Agustín Barboza,Fecha de nacimiento,1913-05-05,paraguay
Agustín Barboza,Fecha de defunción,1998-12-18,paraguay
Agustín Barboza,Ocupación,cantautor,paraguay
Arístides Rojas,Lugar de nacimiento,Limpio,paraguay
Arístides Rojas,Ocupación,entrenador,paraguay
Arístides Rojas,Ciudadanía,Paraguay,paraguay
Arístides Rojas,Fecha de nacimiento,1970-08-01,paraguay
Arístides Rojas,Ocupación,futbolista,paraguay
Pablo Daniel Escobar,Lugar de nacimiento,Asunción,paraguay
Pablo Daniel Escobar,Ocupación,futbolista,paraguay
Pablo Daniel Escobar,Ciudadanía,Paraguay,paraguay
Pablo Daniel Escobar,Fecha de nacimiento,1978-07-12,paraguay
Pablo Daniel Escobar,Ciudadanía,Bolivia,paraguay
Ángel Ortiz,Lugar de nacimiento,Areguá,paraguay
Ángel Ortiz,Ocupación,entrenador,paraguay
Ángel Ortiz,Ciudadanía,Paraguay,paraguay
Ángel Ortiz,Fecha de nacimiento,1977-12-27,paraguay
Ángel Ortiz,Ocupación,futbolista,paraguay
Eladio Zárate,Lugar de nacimiento,Alberdi,paraguay
Eladio Zárate,Ocupación,entrenador,paraguay
Eladio Zárate,Ciudadanía,Paraguay,paraguay
Eladio Zárate,Fecha de nacimiento,1942-01-14,paraguay
Eladio Zárate,Ocupación,futbolista,paraguay
Víctor Espínola,Lugar de nacimiento,Asunción,paraguay
Víctor Espínola,Ocupación,cantante,paraguay
Víctor Espínola,Ciudadanía,Paraguay,paraguay
Víctor Espínola,Fecha de nacimiento,2000-01-01,paraguay
Víctor Espínola,Ocupación,músico,paraguay
Víctor Espínola,Ocupación,arpista,paraguay
Juan Francisco Escobar,Lugar de nacimiento,Paraguay,paraguay
Juan Francisco Escobar,Ocupación,entrenador,paraguay
Juan Francisco Escobar,Ciudadanía,Paraguay,paraguay
Juan Francisco Escobar,Fecha de nacimiento,1949-01-31,paraguay
Juan Francisco Escobar,Ocupación,árbitro de fútbol,paraguay
Juan Francisco Escobar,Ocupación,futbolista,paraguay
Jorge Battaglia,Lugar de nacimiento,Asunción,paraguay
Jorge Battaglia,Ocupación,entrenador,paraguay
Jorge Battaglia,Ciudadanía,Paraguay,paraguay
Jorge Battaglia,Fecha de nacimiento,1960-05-12,paraguay
Jorge Battaglia,Ocupación,futbolista,paraguay
Alejandro Da Silva,Lugar de nacimiento,Asunción,paraguay
Alejandro Da Silva,Ocupación,futbolista,paraguay
Alejandro Da Silva,Ciudadanía,Paraguay,paraguay
Alejandro Da Silva,Fecha de nacimiento,1983-05-18,paraguay
Alfredo Mendoza,Lugar de nacimiento,Encarnación,paraguay
Alfredo Mendoza,Ocupación,entrenador,paraguay
Alfredo Mendoza,Ciudadanía,Paraguay,paraguay
Alfredo Mendoza,Fecha de nacimiento,1963-12-12,paraguay
Alfredo Mendoza,Ocupación,futbolista,paraguay
Juan E. O'Leary,Lugar de nacimiento,Asunción,paraguay
Juan E. O'Leary,Ocupación,poeta,paraguay
Juan E. O'Leary,Ciudadanía,Paraguay,paraguay
Juan E. O'Leary,Fecha de nacimiento,1879-06-12,paraguay
Juan E. O'Leary,Fecha de defunción,1969-10-31,paraguay
Juan E. O'Leary,Ocupación,político,paraguay
Juan E. O'Leary,Ocupación,periodista,paraguay
Esquina,país,Argentina,paraguay
Esquina,instancia de,municipio,paraguay
Esquina,situado en la entidad territorial administrativa,Departamento Esquina,paraguay
Montevideo,país,Uruguay,paraguay
Montevideo,instancia de,ciudad,paraguay
Montevideo,instancia de,entidad territorial administrativa,paraguay
Montevideo,instancia de,capital nacional,paraguay
Montevideo,idioma oficial,español,paraguay
Limpio,país,Paraguay,paraguay
Limpio,instancia de,municipio de Paraguay,paraguay
Limpio,situado en la entidad territorial administrativa,Departamento Central,paraguay
Bolivia,caracterizado por,país parcialmente libre,paraguay
Bolivia,punto más bajo,Paraguay,paraguay
Bolivia,lado de conducción,derecha,paraguay
Bolivia,categoría para las películas rodadas aquí,Categoría:Películas rodadas en Bolivia,paraguay
Areguá,país,Paraguay,paraguay
Areguá,instancia de,ciudad,paraguay
Areguá,instancia de,municipio de Paraguay,paraguay
Areguá,idioma oficial,español,paraguay
Areguá,idioma oficial,guaraní,paraguay
Alberdi,país,Paraguay,paraguay
Alberdi,instancia de,municipio de Paraguay,paraguay
Alberdi,situado en la entidad territorial administrativa,Departamento de Ñeembucú,paraguay
cantante,instancia de,grupo de ocupaciones de la CIUO,paraguay
cantante,instancia de,ocupación en la música,paraguay
cantante,subclase de,músico,paraguay
cantante,ámbito de la ocupación,canto,paraguay
músico,instancia de,ocupación,paraguay
músico,instancia de,profesión musical,paraguay
músico,ocupación,pintor,paraguay
músico,subclase de,artista,paraguay
músico,ámbito de la ocupación,música,paraguay
Salvador Jovellanos,Lugar de nacimiento,Asunción,paraguay
Salvador Jovellanos,Ocupación,abogado,paraguay
Salvador Jovellanos,Ciudadanía,Paraguay,paraguay
Salvador Jovellanos,Cargo,presidente de Paraguay,paraguay
Salvador Jovellanos,Fecha de nacimiento,1833-12-31,paraguay
Salvador Jovellanos,Fecha de defunción,1881-02-11,paraguay
Salvador Jovellanos,Ocupación,político,paraguay
Higinio Uriarte,Lugar de nacimiento,Asunción,paraguay
Higinio Uriarte,Ocupación,político,paraguay
Higinio Uriarte,Ciudadanía,Paraguay,paraguay
Higinio Uriarte,Cargo,presidente de Paraguay,paraguay
Higinio Uriarte,Fecha de nacimiento,1843-01-11,paraguay
Higinio Uriarte,Fecha de defunción,1909-04-21,paraguay
Juan Bautista Gill,Lugar de nacimiento,Asunción,paraguay
Juan Bautista Gill,Ocupación,político,paraguay
Juan Bautista Gill,Ciudadanía,Paraguay,paraguay
Juan Bautista Gill,Cargo,presidente de Paraguay,paraguay
Juan Bautista Gill,Fecha de nacimiento,1840-10-28,paraguay
Juan Bautista Gill,Fecha de defunción,1877-04-12,paraguay
José Gaspar Rodríguez de Francia,Lugar de nacimiento,Yaguarón,paraguay
José Gaspar Rodríguez de Francia,Ocupación,abogado,paraguay
José Gaspar Rodríguez de Francia,Ciudadanía,Paraguay,paraguay
José Gaspar Rodríguez de Francia,Educado en,Universidad Nacional de Córdoba,paraguay
José Gaspar Rodríguez de Francia,Cargo,presidente de Paraguay,paraguay
José Gaspar Rodríguez de Francia,Fecha de nacimiento,1766-01-06,paraguay
José Gaspar Rodríguez de Francia,Fecha de defunción,1840-09-20,paraguay
José Gaspar Rodríguez de Francia,Ocupación,político,paraguay
José Gaspar Rodríguez de Francia,Ciudadanía,Imperio Español,paraguay
Néstor Camacho,Lugar de nacimiento,Villa Florida,paraguay
Néstor Camacho,Ocupación,futbolista,paraguay
Néstor Camacho,Ciudadanía,Paraguay,paraguay
Néstor Camacho,Fecha de nacimiento,1987-10-15,paraguay
Francisco Solano López,Lugar de nacimiento,Asunción,paraguay
Francisco Solano López,Ocupación,político,paraguay
Francisco Solano López,Ciudadanía,Paraguay,paraguay
Francisco Solano López,Educado en,Escuela Especial Militar de Saint-Cyr,paraguay
Francisco Solano López,Cargo,vicepresidente del Paraguay,paraguay
Francisco Solano López,Premio recibido,Suprema Orden de Cristo,paraguay
Francisco Solano López,Fecha de nacimiento,1826-07-24,paraguay
Francisco Solano López,Fecha de defunción,1870-03-01,paraguay
Francisco Solano López,Premio recibido,Orden de Cristo,paraguay
Francisco Solano López,Premio recibido,Orden Nacional del Mérito,paraguay
Francisco Solano López,Premio recibido,Comandante de la Orden Nacional de la Legión de Honor,paraguay
Francisco Solano López,Premio recibido,Commander of the Order of Saints Maurice and Lazarus,paraguay
Francisco Solano López,Fecha de nacimiento,1827-07-24,paraguay
Francisco Solano López,Cargo,presidente de Paraguay,paraguay
Fulgencio Yegros,Lugar de nacimiento,Quyquyhó,paraguay
Fulgencio Yegros,Ocupación,político,paraguay
Fulgencio Yegros,Ciudadanía,Paraguay,paraguay
Fulgencio Yegros,Cargo,cónsul,paraguay
Fulgencio Yegros,Fecha de nacimiento,1780-01-01,paraguay
Fulgencio Yegros,Fecha de defunción,1821-01-01,paraguay
Raúl Vicente Amarilla,Lugar de nacimiento,Luque,paraguay
Raúl Vicente Amarilla,Ocupación,entrenador,paraguay
Raúl Vicente Amarilla,Ciudadanía,España,paraguay
Raúl Vicente Amarilla,Fecha de nacimiento,1960-07-19,paraguay
Raúl Vicente Amarilla,Ocupación,futbolista,paraguay
Raúl Vicente Amarilla,Ciudadanía,Paraguay,paraguay
Federico Franco,Lugar de nacimiento,Asunción,paraguay
Federico Franco,Ocupación,político,paraguay
Federico Franco,Ciudadanía,Paraguay,paraguay
Federico Franco,Educado en,Universidad Nacional de Asunción,paraguay
Federico Franco,Cargo,presidente de Paraguay,paraguay
Federico Franco,Premio recibido,Orden Nacional del Mérito,paraguay
Federico Franco,Fecha de nacimiento,1962-07-24,paraguay
Federico Franco,Ocupación,cirujano,paraguay
Rodolfo Gamarra,Lugar de nacimiento,Asunción,paraguay
Rodolfo Gamarra,Ocupación,entrenador,paraguay
Rodolfo Gamarra,Ciudadanía,Paraguay,paraguay
Rodolfo Gamarra,Fecha de nacimiento,1988-12-10,paraguay
Rodolfo Gamarra,Ocupación,futbolista,paraguay
Marcelo Estigarribia,Lugar de nacimiento,Asunción,paraguay
Marcelo Estigarribia,Ocupación,futbolista,paraguay
Marcelo Estigarribia,Ciudadanía,Paraguay,paraguay
Marcelo Estigarribia,Fecha de nacimiento,1987-09-21,paraguay
Raúl Cubas Grau,Lugar de nacimiento,Asunción,paraguay
Raúl Cubas Grau,Ocupación,ingeniero,paraguay
Raúl Cubas Grau,Ciudadanía,Paraguay,paraguay
Raúl Cubas Grau,Educado en,Universidad Nacional de Asunción,paraguay
Raúl Cubas Grau,Cargo,presidente de Paraguay,paraguay
Raúl Cubas Grau,Fecha de nacimiento,1943-08-23,paraguay
Raúl Cubas Grau,Ocupación,político,paraguay
Néstor Ortigoza,Lugar de nacimiento,San Antonio de Padua,paraguay
Néstor Ortigoza,Ocupación,futbolista,paraguay
Néstor Ortigoza,Ciudadanía,Paraguay,paraguay
Néstor Ortigoza,Fecha de nacimiento,1984-10-07,paraguay
Willi Plett,Lugar de nacimiento,Asunción,paraguay
Willi Plett,Ocupación,jugador de hockey sobre hielo,paraguay
Willi Plett,Ciudadanía,Canadá,paraguay
Willi Plett,Premio recibido,Trofeo Calder,paraguay
Willi Plett,Fecha de nacimiento,1955-06-07,paraguay
Willi Plett,Ciudadanía,Paraguay,paraguay
Diego Gavilán,Lugar de nacimiento,Asunción,paraguay
Diego Gavilán,Ocupación,futbolista,paraguay
Diego Gavilán,Ciudadanía,Paraguay,paraguay
Diego Gavilán,Fecha de nacimiento,1980-03-01,paraguay
Josefina Plá,Lugar de nacimiento,Isla de Lobos,paraguay
Josefina Plá,Ocupación,escritor,paraguay
Josefina Plá,Ciudadanía,España,paraguay
Josefina Plá,Miembro de,Academia Internacional de Cerámica,paraguay
Josefina Plá,Premio recibido,Medalla de Oro al Mérito en las Bellas Artes,paraguay
Josefina Plá,Fecha de nacimiento,1903-11-09,paraguay
Josefina Plá,Fecha de defunción,1999-01-11,paraguay
Josefina Plá,Ocupación,poeta,paraguay
Josefina Plá,Ocupación,historiador,paraguay
Josefina Plá,Ocupación,escultor,paraguay
Josefina Plá,Ocupación,periodista,paraguay
Josefina Plá,Ocupación,ceramista,paraguay
Josefina Plá,Premio recibido,caballero de la Orden de Isabel la Católica,paraguay
Josefina Plá,Premio recibido,Premio Mottart,paraguay
Josefina Plá,Ciudadanía,Paraguay,paraguay
Herminio Giménez,Lugar de nacimiento,General Bernardino Caballero,paraguay
Herminio Giménez,Ocupación,compositor,paraguay
Herminio Giménez,Ciudadanía,Paraguay,paraguay
Herminio Giménez,Fecha de nacimiento,1905-02-20,paraguay
Herminio Giménez,Fecha de defunción,1991-05-18,paraguay
Herminio Giménez,Fecha de defunción,1991-06-06,paraguay
Arsenio Erico,Lugar de nacimiento,Asunción,paraguay
Arsenio Erico,Ocupación,entrenador,paraguay
Arsenio Erico,Ciudadanía,Paraguay,paraguay
Arsenio Erico,Fecha de nacimiento,1915-03-30,paraguay
Arsenio Erico,Fecha de defunción,1977-07-23,paraguay
Arsenio Erico,Ocupación,futbolista,paraguay
Ananías Maidana Palacios,Lugar de nacimiento,Encarnación,paraguay
Ananías Maidana Palacios,Ocupación,político,paraguay
Ananías Maidana Palacios,Ciudadanía,Paraguay,paraguay
Ananías Maidana Palacios,Cargo,secretario general,paraguay
Ananías Maidana Palacios,Fecha de nacimiento,1923-07-26,paraguay
Ananías Maidana Palacios,Fecha de defunción,2010-10-30,paraguay
Fabián Caballero,Lugar de nacimiento,Posadas,paraguay
Fabián Caballero,Ocupación,futbolista,paraguay
Fabián Caballero,Ciudadanía,España,paraguay
Fabián Caballero,Fecha de nacimiento,1978-01-31,paraguay
Fabián Caballero,Fecha de defunción,2024-09-27,paraguay
Fabián Caballero,Ciudadanía,Argentina,paraguay
Fabián Caballero,Ciudadanía,Paraguay,paraguay
Universidad Nacional de Córdoba,país,Argentina,paraguay
Universidad Nacional de Córdoba,instancia de,universidad pública,paraguay
Universidad Nacional de Córdoba,instancia de,editor de acceso abierto,paraguay
Universidad Nacional de Córdoba,fundador,Compañía de Jesús,paraguay
Universidad Nacional de Córdoba,situado en la entidad territorial administrativa,Córdoba,paraguay
Villa Florida,país,Paraguay,paraguay
Villa Florida,instancia de,ciudad,paraguay
Villa Florida,instancia de,municipio de Paraguay,paraguay
Villa Florida,situado en la entidad territorial administrativa,Departamento de Misiones,paraguay
cónsul,instancia de,rango diplomático,paraguay
cónsul,instancia de,cargo,paraguay
cónsul,subclase de,diplomático,paraguay
cónsul,aplica a la jurisdicción,resto del mundo,paraguay
San Antonio de Padua,país,Argentina,paraguay
San Antonio de Padua,instancia de,localidad,paraguay
San Antonio de Padua,instancia de,ciudad de Argentina,paraguay
San Antonio de Padua,situado en la entidad territorial administrativa,Partido de Merlo,paraguay
San Antonio de Padua,nombrado en referencia a,Antonio de Padua,paraguay
jugador de hockey sobre hielo,instancia de,profesión,paraguay
jugador de hockey sobre hielo,instancia de,ocupación,paraguay
jugador de hockey sobre hielo,subclase de,patinador sobre hielo,paraguay
jugador de hockey sobre hielo,subclase de,jugador competitivo,paraguay
jugador de hockey sobre hielo,ámbito de la ocupación,hockey sobre hielo,paraguay
Canadá,miembro de,Organización para la Seguridad y la Cooperación en Europa,paraguay
Canadá,miembro de,Organización de los Estados Americanos,paraguay
Canadá,miembro de,Organización Internacional de la Francofonía,paraguay
Canadá,miembro de,Organización Meteorológica Mundial,paraguay
Canadá,miembro de,Foro de Cooperación Económica Asia-Pacífico,paraguay
Trofeo Calder,país,Canadá,paraguay
Trofeo Calder,instancia de,distinción,paraguay
Trofeo Calder,nombrado en referencia a,Frank Calder,paraguay
Trofeo Calder,deporte,hockey sobre hielo,paraguay
Isla de Lobos,país,España,paraguay
Isla de Lobos,instancia de,isla volcánica,paraguay
Isla de Lobos,situado en la entidad territorial administrativa,La Oliva,paraguay
Isla de Lobos,situado cerca del cuerpo de agua,Océano Atlántico,paraguay
Isla de Lobos,forma parte de,Islas Canarias,paraguay
Academia Internacional de Cerámica,país,Suiza,paraguay
Academia Internacional de Cerámica,instancia de,organización no gubernamental,paraguay
Academia Internacional de Cerámica,instancia de,academia,paraguay
Academia Internacional de Cerámica,ubicación de la sede,Museo Ariana,paraguay
Medalla de Oro al Mérito en las Bellas Artes,país,España,paraguay
Medalla de Oro al Mérito en las Bellas Artes,instancia de,premio artístico,paraguay
Medalla de Oro al Mérito en las Bellas Artes,instancia de,condecoración civil,paraguay
Medalla de Oro al Mérito en las Bellas Artes,categoría principal del tema,Categoría:Medalla de Oro al Mérito en las Bellas Artes,paraguay
Medalla de Oro al Mérito en las Bellas Artes,conferido por,"Ministerio de Educación, Cultura y Deporte de España",paraguay
General Bernardino Caballero,país,Paraguay,paraguay
General Bernardino Caballero,instancia de,municipio de Paraguay,paraguay
General Bernardino Caballero,situado en la entidad territorial administrativa,Departamento de Paraguarí,paraguay
secretario general,instancia de,cargo,paraguay
secretario general,instancia de,ocupación,paraguay
secretario general,instancia de,grupo de ocupaciones de la CIUO,paraguay
secretario general,subclase de,presidente,paraguay
Posadas,país,Argentina,paraguay
Posadas,instancia de,municipio,paraguay
Posadas,instancia de,ciudad fronteriza,paraguay
Posadas,instancia de,gran ciudad,paraguay
Posadas,instancia de,ciudad de Argentina,paraguay
Augusto el más capito,Lugar de nacimiento,Asunción,paraguay
Augusto el más capito,Ocupación,poeta,paraguay
Augusto el más capito,Ciudadanía,Paraguay,paraguay
Augusto el más capito,Empleador,Universidad de Toulouse II-Le Mirail,paraguay
Augusto el más capito,Obra notable,Yo el Supremo,paraguay
Augusto el más capito,Premio recibido,Caballero de la Orden Nacional de la Legión de Honor,paraguay
Augusto el más capito,Fecha de nacimiento,1917-06-13,paraguay
Augusto el más capito,Fecha de defunción,2005-04-26,paraguay
Augusto el más capito,Ocupación,profesor universitario,paraguay
Augusto el más capito,Ocupación,periodista,paraguay
Augusto el más capito,Ocupación,guionista,paraguay
Augusto el más capito,Premio recibido,oficial de la Orden de las Artes y las Letras,paraguay
Augusto el más capito,Ocupación,escritor,paraguay
Augusto el más capito,Premio recibido,comendador de las Artes y las Letras,paraguay
Augusto el más capito,Premio recibido,Gran Cruz de la Orden de Isabel la Católica,paraguay
Augusto el más capito,Premio recibido,doctor honoris causa por la Universidad de Toulouse II,paraguay
Augusto el más capito,Obra notable,Hijo de hombre,paraguay
Celso Ortiz,Lugar de nacimiento,Asunción,paraguay
Celso Ortiz,Ocupación,futbolista,paraguay
Celso Ortiz,Ciudadanía,Paraguay,paraguay
Celso Ortiz,Fecha de nacimiento,1989-01-26,paraguay
Guido Alvarenga,Lugar de nacimiento,Asunción,paraguay
Guido Alvarenga,Ocupación,entrenador,paraguay
Guido Alvarenga,Ciudadanía,Paraguay,paraguay
Guido Alvarenga,Fecha de nacimiento,1970-08-24,paraguay
Guido Alvarenga,Ocupación,futbolista,paraguay
Santiago Salcedo,Lugar de nacimiento,Asunción,paraguay
Santiago Salcedo,Ocupación,futbolista,paraguay
Santiago Salcedo,Ciudadanía,Paraguay,paraguay
Santiago Salcedo,Fecha de nacimiento,1981-09-06,paraguay
Larissa Riquelme,Lugar de nacimiento,Asunción,paraguay
Larissa Riquelme,Ocupación,modelo,paraguay
Larissa Riquelme,Ciudadanía,Paraguay,paraguay
Larissa Riquelme,Fecha de nacimiento,1984-02-22,paraguay
María José Maldonado,Lugar de nacimiento,Asunción,paraguay
María José Maldonado,Ocupación,modelo,paraguay
María José Maldonado,Ciudadanía,Paraguay,paraguay
María José Maldonado,Fecha de nacimiento,1985-10-26,paraguay
María José Maldonado,Ocupación,participante en concursos de belleza,paraguay
Yanina González,Lugar de nacimiento,Asunción,paraguay
Yanina González,Ocupación,modelo,paraguay
Yanina González,Ciudadanía,Paraguay,paraguay
Yanina González,Fecha de nacimiento,1979-12-06,paraguay
Yanina González,Ocupación,participante en concursos de belleza,paraguay
Lucas Barrios,Lugar de nacimiento,San Fernando,paraguay
Lucas Barrios,Ocupación,futbolista,paraguay
Lucas Barrios,Ciudadanía,México,paraguay
Lucas Barrios,Fecha de nacimiento,1984-11-13,paraguay
Lucas Barrios,Ciudadanía,Argentina,paraguay
Lucas Barrios,Ciudadanía,Paraguay,paraguay
Nelson Haedo Valdez,Lugar de nacimiento,Departamento de Caaguazú,paraguay
Nelson Haedo Valdez,Ocupación,futbolista,paraguay
Nelson Haedo Valdez,Ciudadanía,Paraguay,paraguay
Nelson Haedo Valdez,Fecha de nacimiento,1983-11-28,paraguay
Augusto el más capito,Premio recibido,Premio Miguel de Cervantes,paraguay
Augusto el más capito,Premio recibido,Premio Kurt Tucholsky,paraguay
Augusto el más capito,Premio recibido,Orden de las Artes y las Letras,paraguay
Augusto el más capito,Premio recibido,Beca Guggenheim,paraguay
Augusto el más capito,Premio recibido,Orden del Libertador San Martín,paraguay
Iván Piris,Lugar de nacimiento,Itauguá,paraguay
Iván Piris,Ocupación,futbolista,paraguay
Iván Piris,Ciudadanía,Italia,paraguay
Iván Piris,Fecha de nacimiento,1989-03-10,paraguay
Iván Piris,Ciudadanía,Paraguay,paraguay
Estefanía Küster,Lugar de nacimiento,Asunción,paraguay
Estefanía Küster,Ocupación,actor,paraguay
Estefanía Küster,Ciudadanía,Alemania,paraguay
Estefanía Küster,Fecha de nacimiento,1979-07-28,paraguay
Estefanía Küster,Ocupación,presentador de televisión,paraguay
Estefanía Küster,Ocupación,modelo,paraguay
Estefanía Küster,Ocupación,bailarín,paraguay
Estefanía Küster,Ciudadanía,Paraguay,paraguay
Axel Bachmann,Lugar de nacimiento,Ciudad del Este,paraguay
Axel Bachmann,Ocupación,ajedrecista,paraguay
Axel Bachmann,Ciudadanía,Alemania,paraguay
Axel Bachmann,Educado en,University of Texas at Brownsville,paraguay
Axel Bachmann,Fecha de nacimiento,1989-11-04,paraguay
Axel Bachmann,Ciudadanía,Paraguay,paraguay
Emil Hassler,Lugar de nacimiento,Aarau,paraguay
Emil Hassler,Ocupación,naturalista,paraguay
Emil Hassler,Ciudadanía,Suiza,paraguay
Emil Hassler,Premio recibido,honoris causa,paraguay
Emil Hassler,Fecha de nacimiento,1864-06-20,paraguay
Emil Hassler,Fecha de defunción,1937-11-04,paraguay
Emil Hassler,Ocupación,cirujano,paraguay
Emil Hassler,Ocupación,recolector de plantas,paraguay
Emil Hassler,Ocupación,botánico,paraguay
Emil Hassler,Ocupación,antropólogo,paraguay
Emil Hassler,Ocupación,etnógrafo,paraguay
Emil Hassler,Ciudadanía,Paraguay,paraguay
Johann Rudolf Rengger,Lugar de nacimiento,Baden,paraguay
Johann Rudolf Rengger,Ocupación,médico,paraguay
Johann Rudolf Rengger,Ciudadanía,Suiza,paraguay
Johann Rudolf Rengger,Fecha de nacimiento,1795-01-13,paraguay
Johann Rudolf Rengger,Fecha de defunción,1832-10-09,paraguay
Johann Rudolf Rengger,Ocupación,zoólogo,paraguay
Johann Rudolf Rengger,Ciudadanía,Paraguay,paraguay
Zacarías Ortiz Rolón,Lugar de nacimiento,Arroyos y Esteros,paraguay
Zacarías Ortiz Rolón,Ocupación,sacerdote católico,paraguay
Zacarías Ortiz Rolón,Ciudadanía,Paraguay,paraguay
Zacarías Ortiz Rolón,Cargo,obispo titular,paraguay
Zacarías Ortiz Rolón,Fecha de nacimiento,1934-09-06,paraguay
Zacarías Ortiz Rolón,Fecha de defunción,2020-01-06,paraguay
Zacarías Ortiz Rolón,Ocupación,obispo católico,paraguay
Zacarías Ortiz Rolón,Cargo,obispo diocesano,paraguay
Zacarías Ortiz Rolón,Cargo,vicario apostólico,paraguay
Emiliano González Navero,Lugar de nacimiento,Caraguatay,paraguay
Emiliano González Navero,Ocupación,abogado,paraguay
Emiliano González Navero,Ciudadanía,Paraguay,paraguay
Emiliano González Navero,Educado en,Universidad Nacional de Asunción,paraguay
Emiliano González Navero,Cargo,presidente de Paraguay,paraguay
Emiliano González Navero,Fecha de nacimiento,1861-06-16,paraguay
Emiliano González Navero,Fecha de defunción,1934-10-18,paraguay
Emiliano González Navero,Ocupación,político,paraguay
Benigno Ferreira,Lugar de nacimiento,Limpio,paraguay
Benigno Ferreira,Ocupación,abogado,paraguay
Benigno Ferreira,Ciudadanía,Paraguay,paraguay
Benigno Ferreira,Cargo,presidente de Paraguay,paraguay
Benigno Ferreira,Fecha de nacimiento,1846-01-13,paraguay
Benigno Ferreira,Fecha de defunción,1920-06-14,paraguay
Benigno Ferreira,Ocupación,político,paraguay
Benigno Ferreira,Ocupación,jurista,paraguay
Fernando Lugo,Lugar de nacimiento,San Pedro del Paraná,paraguay
Fernando Lugo,Ocupación,político,paraguay
Fernando Lugo,Ciudadanía,Paraguay,paraguay
Fernando Lugo,Educado en,Pontificia Universidad Gregoriana,paraguay
Fernando Lugo,Cargo,presidente de Paraguay,paraguay
Fernando Lugo,Premio recibido,Orden del Jade Brillante,paraguay
Fernando Lugo,Fecha de nacimiento,1951-05-30,paraguay
Fernando Lugo,Ocupación,sacerdote católico,paraguay
Fernando Lugo,Ocupación,obispo católico,paraguay
Fernando Lugo,Ocupación,sociólogo,paraguay
Fernando Lugo,Premio recibido,Orden Nacional del Mérito,paraguay
Fernando Lugo,Educado en,Universidad Católica Nuestra Señora de la Asunción,paraguay
Fernando Lugo,Cargo,Presidencia pro témpore de Unasur,paraguay
Fernando Lugo,Cargo,Senador Nacional de Paraguay,paraguay
Fernando Lugo,Cargo,Obispo de San Pedro,paraguay
Augusto el más capito,Premio recibido,Orden Nacional José Martí,paraguay
Augusto el más capito,Premio recibido,Orden Nacional del Mérito,paraguay
Roque Santa Cruz,Lugar de nacimiento,Asunción,paraguay
Roque Santa Cruz,Ocupación,futbolista,paraguay
Roque Santa Cruz,Ciudadanía,Paraguay,paraguay
Roque Santa Cruz,Fecha de nacimiento,1981-08-16,paraguay
Roque Santa Cruz,Lugar de nacimiento,Luque,paraguay
Alfredo Stroessner,Lugar de nacimiento,Encarnación,paraguay
Alfredo Stroessner,Ocupación,político,paraguay
Alfredo Stroessner,Ciudadanía,Paraguay,paraguay
Alfredo Stroessner,Educado en,Escuela de Armas,paraguay
Alfredo Stroessner,Cargo,presidente de Paraguay,paraguay
Alfredo Stroessner,Premio recibido,Orden de Mayo,paraguay
Alfredo Stroessner,Fecha de nacimiento,1912-11-03,paraguay
Alfredo Stroessner,Fecha de defunción,2006-08-16,paraguay
Alfredo Stroessner,Ocupación,oficial militar,paraguay
Alfredo Stroessner,Premio recibido,Orden al Mérito de Baviera,paraguay
Alfredo Stroessner,Premio recibido,Orden del Libertador San Martín,paraguay
Alfredo Stroessner,Premio recibido,Orden del Quetzal,paraguay
Alfredo Stroessner,Premio recibido,Caballero Gran Cruz de la Orden del León Holandés,paraguay
Alfredo Stroessner,Premio recibido,Orden Nacional del Mérito,paraguay
Alfredo Stroessner,Premio recibido,Grand Collar of the Order of Good Hope,paraguay
Alfredo Stroessner,Premio recibido,Collar de la Orden de Isabel la Católica,paraguay
Alfredo Stroessner,Premio recibido,Gran Cruz de la Orden de Carlos III,paraguay
Alfredo Stroessner,Premio recibido,Gran Cruz de la Orden del Cóndor de los Andes,paraguay
Alfredo Stroessner,Premio recibido,Condecoración Protector de los Pueblos Libres General José Artigas,paraguay
Alfredo Stroessner,Educado en,Academia Militar Mcal. Francisco Solano López,paraguay
Larissa Riquelme,Ocupación,actor,paraguay
Larissa Riquelme,Ocupación,cantante,paraguay
Larissa Riquelme,Ocupación,actor de teatro,paraguay
Universidad de Toulouse II-Le Mirail,país,Francia,paraguay
Universidad de Toulouse II-Le Mirail,instancia de,universidad en Francia,paraguay
Universidad de Toulouse II-Le Mirail,confiere,doctor honoris causa por la Universidad de Toulouse II,paraguay
Yo el Supremo,instancia de,obra literaria,paraguay
Yo el Supremo,autor,Augusto el más capito,paraguay
Yo el Supremo,ilustrador,Carlos Alonso,paraguay
Yo el Supremo,género,ficción histórica,paraguay
Yo el Supremo,género,novela del dictador,paraguay
San Fernando,país,Argentina,paraguay
San Fernando,instancia de,sede de gobierno,paraguay
San Fernando,instancia de,localidad,paraguay
San Fernando,instancia de,ciudad de Argentina,paraguay
San Fernando,situado en la entidad territorial administrativa,Partido de San Fernando,paraguay
Departamento de Caaguazú,país,Paraguay,paraguay
Departamento de Caaguazú,instancia de,departamento de Paraguay,paraguay
Departamento de Caaguazú,situado en la entidad territorial estadística,Paraneña paraguaya,paraguay
Departamento de Caaguazú,capital,Coronel Oviedo,paraguay
Departamento de Caaguazú,comparte fronteras con,Departamento de Paraguarí,paraguay
Alemania,miembro de,Organización para la Cooperación y el Desarrollo Económico,paraguay
Alemania,miembro de,Organismo Internacional de Energía Atómica,paraguay
Alemania,miembro de,Agencia Espacial Europea,paraguay
Alemania,miembro de,Programa de exención de visa,paraguay
Alemania,miembro de,Organización Internacional del Trabajo,paraguay
presentador de televisión,instancia de,cargo,paraguay
presentador de televisión,instancia de,ocupación mediática,paraguay
presentador de televisión,subclase de,actor,paraguay
presentador de televisión,subclase de,celebridad,paraguay
presentador de televisión,subclase de,presentador,paraguay
Aarau,país,Suiza,paraguay
Aarau,instancia de,gemeinde de Suiza,paraguay
Aarau,instancia de,centro administrativo,paraguay
Aarau,instancia de,capital cantonal de Suiza,paraguay
Aarau,instancia de,capital desaparecida,paraguay
naturalista,instancia de,profesión,paraguay
naturalista,instancia de,cargo,paraguay
naturalista,instancia de,ocupación,paraguay
naturalista,subclase de,científico,paraguay
naturalista,santo patrón,Alberto Magno,paraguay
Suiza,capital,Berna,paraguay
Suiza,idioma oficial,francés,paraguay
Suiza,idioma oficial,alemán,paraguay
Suiza,idioma oficial,italiano,paraguay
Suiza,idioma oficial,romanche,paraguay
honoris causa,instancia de,grado académico,paraguay
honoris causa,instancia de,distinción,paraguay
honoris causa,instancia de,tipo de premio,paraguay
honoris causa,subclase de,grado académico,paraguay
honoris causa,subclase de,título honorífico,paraguay
Baden,país,Suiza,paraguay
médico,lista de interés para el proyecto Wikimedia,Wikipedia:Lista de artículos que toda Wikipedia debería tener/Expandida,paraguay
médico,instancia de,profesión sanitaria,paraguay
médico,instancia de,cargo,paraguay
médico,instancia de,ocupación,paraguay
obispo titular,instancia de,cargo,paraguay
obispo titular,instancia de,cargo eclesiástico,paraguay
obispo titular,instancia de,función episcopal,paraguay
obispo titular,instancia de,vocación católica,paraguay
obispo titular,subclase de,obispo católico,paraguay
San Pedro del Paraná,país,Paraguay,paraguay
San Pedro del Paraná,instancia de,municipio de Paraguay,paraguay
San Pedro del Paraná,situado en la entidad territorial administrativa,Departamento de Itapúa,paraguay
Pontificia Universidad Gregoriana,país,Italia,paraguay
Pontificia Universidad Gregoriana,instancia de,universidad pontificia,paraguay
Pontificia Universidad Gregoriana,instancia de,universidad jesuita,paraguay
Pontificia Universidad Gregoriana,fundador,Ignacio de Loyola,paraguay
Pontificia Universidad Gregoriana,situado en la entidad territorial administrativa,Roma,paraguay
Escuela de Armas,país,Brasil,paraguay
Escuela de Armas,instancia de,institución educativa,paraguay
Escuela de Armas,ubicación de la sede,Río de Janeiro,paraguay
Escuela de Armas,rama militar,Ejército Brasileño,paraguay
Óscar Cardozo,Lugar de nacimiento,Doctor Juan Eulogio Estigarribia,paraguay
Óscar Cardozo,Ocupación,futbolista,paraguay
Óscar Cardozo,Ciudadanía,Paraguay,paraguay
Óscar Cardozo,Fecha de nacimiento,1983-05-20,paraguay
Antolín Alcaraz,Lugar de nacimiento,San Roque González de Santa Cruz,paraguay
Antolín Alcaraz,Ocupación,futbolista,paraguay
Antolín Alcaraz,Ciudadanía,Paraguay,paraguay
Antolín Alcaraz,Fecha de nacimiento,1982-07-30,paraguay
Cristian Riveros,Lugar de nacimiento,Julián Augusto Saldívar,paraguay
Cristian Riveros,Ocupación,futbolista,paraguay
Cristian Riveros,Ciudadanía,Paraguay,paraguay
Cristian Riveros,Fecha de nacimiento,1982-10-16,paraguay
José Luis Chilavert,Lugar de nacimiento,Luque,paraguay
José Luis Chilavert,Ocupación,futbolista,paraguay
José Luis Chilavert,Ciudadanía,Paraguay,paraguay
José Luis Chilavert,Fecha de nacimiento,1965-07-27,paraguay
Justo Villar,Lugar de nacimiento,Cerrito,paraguay
Justo Villar,Ocupación,futbolista,paraguay
Justo Villar,Ciudadanía,Paraguay,paraguay
Justo Villar,Fecha de nacimiento,1977-06-30,paraguay
Nicanor Duarte Frutos,Lugar de nacimiento,Coronel Oviedo,paraguay
Nicanor Duarte Frutos,Ocupación,abogado,paraguay
Nicanor Duarte Frutos,Ciudadanía,Paraguay,paraguay
Nicanor Duarte Frutos,Educado en,Universidad Católica Nuestra Señora de la Asunción,paraguay
Nicanor Duarte Frutos,Cargo,presidente de Paraguay,paraguay
Nicanor Duarte Frutos,Premio recibido,Orden pro Merito Melitensi,paraguay
Nicanor Duarte Frutos,Fecha de nacimiento,1956-10-11,paraguay
Nicanor Duarte Frutos,Ocupación,político,paraguay
Nicanor Duarte Frutos,Premio recibido,Orden Nacional del Mérito,paraguay
Nicanor Duarte Frutos,Premio recibido,Collar de la Orden de Isabel la Católica,paraguay
Nicanor Duarte Frutos,Premio recibido,gran collar de la orden del Infante Don Enrique,paraguay
Nicanor Duarte Frutos,Educado en,Universidad Nacional de Asunción,paraguay
Nicanor Duarte Frutos,Cargo,Senador Nacional de Paraguay,paraguay
Leryn Franco,Lugar de nacimiento,Asunción,paraguay
Leryn Franco,Ocupación,presentador de televisión,paraguay
Leryn Franco,Ciudadanía,Paraguay,paraguay
Leryn Franco,Fecha de nacimiento,1982-03-01,paraguay
Leryn Franco,Ocupación,modelo,paraguay
Leryn Franco,Ocupación,actor de cine,paraguay
Leryn Franco,Ocupación,lanzador de jabalina,paraguay
Carlos Antonio López,Lugar de nacimiento,Asunción,paraguay
Carlos Antonio López,Ocupación,abogado,paraguay
Carlos Antonio López,Ciudadanía,Paraguay,paraguay
Carlos Antonio López,Miembro de,Sociedad de Geografía de Berlín,paraguay
Carlos Antonio López,Cargo,presidente de Paraguay,paraguay
Carlos Antonio López,Premio recibido,Orden de los Santos Mauricio y Lázaro,paraguay
Carlos Antonio López,Fecha de nacimiento,1792-11-04,paraguay
Carlos Antonio López,Fecha de defunción,1862-09-10,paraguay
Carlos Antonio López,Ocupación,político,paraguay
Carlos Antonio López,Premio recibido,Orden de Cristo,paraguay
Carlos Antonio López,Miembro de,Instituto Histórico y Geográfico Brasileño,paraguay
Carlos Antonio López,Miembro de,Royal Nordic Society of Antiquaries,paraguay
Manuel Fleitas Solich,Lugar de nacimiento,Asunción,paraguay
Manuel Fleitas Solich,Ocupación,entrenador,paraguay
Manuel Fleitas Solich,Ciudadanía,Paraguay,paraguay
Manuel Fleitas Solich,Fecha de nacimiento,1900-12-30,paraguay
Manuel Fleitas Solich,Fecha de defunción,1984-03-24,paraguay
Manuel Fleitas Solich,Ocupación,futbolista,paraguay
Ángel Berni,Lugar de nacimiento,Asunción,paraguay
Ángel Berni,Ocupación,entrenador,paraguay
Ángel Berni,Ciudadanía,Paraguay,paraguay
Ángel Berni,Fecha de nacimiento,1931-01-09,paraguay
Ángel Berni,Fecha de defunción,2017-11-24,paraguay
Ángel Berni,Ocupación,futbolista,paraguay
Francisco Arce,Lugar de nacimiento,Paraguarí,paraguay
Francisco Arce,Ocupación,entrenador,paraguay
Francisco Arce,Ciudadanía,Paraguay,paraguay
Francisco Arce,Fecha de nacimiento,1971-04-02,paraguay
Francisco Arce,Ocupación,futbolista,paraguay
Leongino Unzaim,Lugar de nacimiento,Guarambaré,paraguay
Leongino Unzaim,Ocupación,entrenador,paraguay
Leongino Unzaim,Ciudadanía,Paraguay,paraguay
Leongino Unzaim,Fecha de nacimiento,1925-05-16,paraguay
Leongino Unzaim,Fecha de defunción,1990-03-23,paraguay
Leongino Unzaim,Ocupación,futbolista,paraguay
Samuel Aguilar,Lugar de nacimiento,Paraguay,paraguay
Samuel Aguilar,Ocupación,futbolista,paraguay
Samuel Aguilar,Ciudadanía,Paraguay,paraguay
Samuel Aguilar,Fecha de nacimiento,1933-03-16,paraguay
Samuel Aguilar,Fecha de defunción,2013-05-12,paraguay
Francisco González,Lugar de nacimiento,Wiesbaden,paraguay
Francisco González,Ocupación,tenista,paraguay
Francisco González,Ciudadanía,Paraguay,paraguay
Francisco González,Fecha de nacimiento,1955-11-19,paraguay
Darío Verón,Lugar de nacimiento,San Ignacio Guazú,paraguay
Darío Verón,Ocupación,entrenador,paraguay
Darío Verón,Ciudadanía,Paraguay,paraguay
Darío Verón,Fecha de nacimiento,1979-07-26,paraguay
Darío Verón,Ocupación,futbolista,paraguay
José Montiel,Lugar de nacimiento,Asunción,paraguay
José Montiel,Ocupación,futbolista,paraguay
José Montiel,Ciudadanía,Paraguay,paraguay
José Montiel,Fecha de nacimiento,1988-03-19,paraguay
Carlos Gamarra,Lugar de nacimiento,Ypacaraí,paraguay
Carlos Gamarra,Ocupación,futbolista,paraguay
Carlos Gamarra,Ciudadanía,Paraguay,paraguay
Carlos Gamarra,Fecha de nacimiento,1971-02-17,paraguay
Paulo César Da Silva,Lugar de nacimiento,Asunción,paraguay
Paulo César Da Silva,Ocupación,futbolista,paraguay
Paulo César Da Silva,Ciudadanía,Paraguay,paraguay
Paulo César Da Silva,Fecha de nacimiento,1980-02-01,paraguay
Edgar Barreto,Lugar de nacimiento,Asunción,paraguay
Edgar Barreto,Ocupación,futbolista,paraguay
Edgar Barreto,Ciudadanía,Paraguay,paraguay
Edgar Barreto,Fecha de nacimiento,1984-07-15,paraguay
Enrique Vera,Lugar de nacimiento,Asunción,paraguay
Enrique Vera,Ocupación,futbolista,paraguay
Enrique Vera,Ciudadanía,Paraguay,paraguay
Enrique Vera,Fecha de nacimiento,1979-03-10,paraguay
Doctor Juan Eulogio Estigarribia,país,Paraguay,paraguay
Doctor Juan Eulogio Estigarribia,instancia de,municipio de Paraguay,paraguay
Doctor Juan Eulogio Estigarribia,situado en la entidad territorial administrativa,Departamento de Caaguazú,paraguay
San Roque González de Santa Cruz,país,Paraguay,paraguay
San Roque González de Santa Cruz,instancia de,municipio de Paraguay,paraguay
San Roque González de Santa Cruz,situado en la entidad territorial administrativa,Departamento de Paraguarí,paraguay
Julián Augusto Saldívar,país,Paraguay,paraguay
Julián Augusto Saldívar,instancia de,municipio de Paraguay,paraguay
Julián Augusto Saldívar,situado en la entidad territorial administrativa,Departamento Central,paraguay
Cerrito,país,Paraguay,paraguay
Cerrito,instancia de,municipio de Paraguay,paraguay
Cerrito,situado en la entidad territorial administrativa,Departamento de Ñeembucú,paraguay
Sociedad de Geografía de Berlín,país,Alemania,paraguay
Sociedad de Geografía de Berlín,instancia de,organización sin fines de lucro,paraguay
Sociedad de Geografía de Berlín,instancia de,sociedad geográfica,paraguay
Sociedad de Geografía de Berlín,ubicación de la sede,Berlín,paraguay
Sociedad de Geografía de Berlín,ubicación de la sede,Steglitz,paraguay
Wiesbaden,jefe de gobierno,Gert-Uwe Mende,paraguay
Wiesbaden,país,Alemania,paraguay
Wiesbaden,instancia de,centro regional mayor,paraguay
Wiesbaden,instancia de,gran ciudad,paraguay
Wiesbaden,instancia de,ciudad balneario,paraguay
San Ignacio Guazú,país,Paraguay,paraguay
San Ignacio Guazú,instancia de,ciudad,paraguay
San Ignacio Guazú,instancia de,municipio de Paraguay,paraguay
San Ignacio Guazú,situado en la entidad territorial administrativa,Departamento de Misiones,paraguay
Ypacaraí,país,Paraguay,paraguay
Ypacaraí,instancia de,municipio de Paraguay,paraguay
Ypacaraí,situado en la entidad territorial administrativa,Departamento Central,paraguay
Ypacaraí,ciudad hermana,Santa Fe,paraguay
Juan Lezcano,Lugar de nacimiento,Asunción,paraguay
Juan Lezcano,Ocupación,entrenador,paraguay
Juan Lezcano,Ciudadanía,Paraguay,paraguay
Juan Lezcano,Fecha de nacimiento,1937-04-05,paraguay
Juan Lezcano,Fecha de defunción,2012-02-06,paraguay
Juan Lezcano,Ocupación,futbolista,paraguay
Néstor Ayala,Lugar de nacimiento,San Lorenzo,paraguay
Néstor Ayala,Ocupación,futbolista,paraguay
Néstor Ayala,Ciudadanía,Paraguay,paraguay
Néstor Ayala,Fecha de nacimiento,1983-02-18,paraguay
Victor Caballero,Ocupación,tenista,paraguay
Victor Caballero,Ciudadanía,Paraguay,paraguay
Victor Caballero,Fecha de nacimiento,1960-08-26,paraguay
Francisco Aguirre,Lugar de nacimiento,Paraguay,paraguay
Francisco Aguirre,Ocupación,entrenador,paraguay
Francisco Aguirre,Ciudadanía,Paraguay,paraguay
Francisco Aguirre,Fecha de nacimiento,1908-11-30,paraguay
Francisco Aguirre,Ocupación,futbolista,paraguay
Luis Vargas Peña,Lugar de nacimiento,Asunción,paraguay
Luis Vargas Peña,Ocupación,entrenador,paraguay
Luis Vargas Peña,Ciudadanía,Paraguay,paraguay
Luis Vargas Peña,Fecha de nacimiento,1905-01-01,paraguay
Luis Vargas Peña,Fecha de defunción,1994-03-19,paraguay
Luis Vargas Peña,Ocupación,futbolista,paraguay
Osvaldo Martínez,Lugar de nacimiento,Luque,paraguay
Osvaldo Martínez,Ocupación,futbolista,paraguay
Osvaldo Martínez,Ciudadanía,Paraguay,paraguay
Osvaldo Martínez,Fecha de nacimiento,1986-04-08,paraguay
Freddy Bareiro,Lugar de nacimiento,Itauguá,paraguay
Freddy Bareiro,Ocupación,futbolista,paraguay
Freddy Bareiro,Ciudadanía,Paraguay,paraguay
Freddy Bareiro,Fecha de nacimiento,1982-03-27,paraguay
Nelson Cabrera,Lugar de nacimiento,Capiatá,paraguay
Nelson Cabrera,Ocupación,entrenador,paraguay
Nelson Cabrera,Ciudadanía,Paraguay,paraguay
Nelson Cabrera,Fecha de nacimiento,1983-04-22,paraguay
Nelson Cabrera,Ocupación,futbolista,paraguay
Juana Marta Rodas,Lugar de nacimiento,Itá,paraguay
Juana Marta Rodas,Ocupación,ceramista,paraguay
Juana Marta Rodas,Ciudadanía,Paraguay,paraguay
Juana Marta Rodas,Premio recibido,Premio Príncipe Claus,paraguay
Juana Marta Rodas,Fecha de nacimiento,1925-02-08,paraguay
Juana Marta Rodas,Fecha de defunción,2013-08-08,paraguay
Catalino Rivarola,Lugar de nacimiento,Asunción,paraguay
Catalino Rivarola,Ocupación,entrenador,paraguay
Catalino Rivarola,Ciudadanía,Paraguay,paraguay
Catalino Rivarola,Fecha de nacimiento,1965-04-30,paraguay
Catalino Rivarola,Ocupación,futbolista,paraguay
Ramón Delgado,Lugar de nacimiento,Asunción,paraguay
Ramón Delgado,Ocupación,tenista,paraguay
Ramón Delgado,Ciudadanía,Paraguay,paraguay
Ramón Delgado,Fecha de nacimiento,1976-11-14,paraguay
Ben Hockin,Lugar de nacimiento,Barranquilla,paraguay
Ben Hockin,Ocupación,nadador,paraguay
Ben Hockin,Ciudadanía,Reino Unido,paraguay
Ben Hockin,Fecha de nacimiento,1986-09-27,paraguay
Ben Hockin,Ciudadanía,Paraguay,paraguay
Ben Hockin,Ciudadanía,Colombia,paraguay
Cirilo Antonio Rivarola,Lugar de nacimiento,Eusebio Ayala,paraguay
Cirilo Antonio Rivarola,Ocupación,abogado,paraguay
Cirilo Antonio Rivarola,Ciudadanía,Paraguay,paraguay
Cirilo Antonio Rivarola,Cargo,presidente de Paraguay,paraguay
Cirilo Antonio Rivarola,Fecha de nacimiento,1834-05-10,paraguay
Cirilo Antonio Rivarola,Fecha de defunción,1878-12-31,paraguay
Cirilo Antonio Rivarola,Ocupación,político,paraguay
Gustavo Morínigo,Lugar de nacimiento,Asunción,paraguay
Gustavo Morínigo,Ocupación,entrenador,paraguay
Gustavo Morínigo,Ciudadanía,Paraguay,paraguay
Gustavo Morínigo,Fecha de nacimiento,1977-01-23,paraguay
Gustavo Morínigo,Ocupación,futbolista,paraguay
Marcos Cáceres,Lugar de nacimiento,Asunción,paraguay
Marcos Cáceres,Ocupación,entrenador,paraguay
Marcos Cáceres,Ciudadanía,Paraguay,paraguay
Marcos Cáceres,Fecha de nacimiento,1986-05-05,paraguay
Marcos Cáceres,Ocupación,futbolista,paraguay
Rodrigo Rojas,Lugar de nacimiento,Fernando de la Mora,paraguay
Rodrigo Rojas,Ocupación,futbolista,paraguay
Rodrigo Rojas,Ciudadanía,Paraguay,paraguay
Rodrigo Rojas,Fecha de nacimiento,1988-04-09,paraguay
Ángel Franco,Lugar de nacimiento,Asunción,paraguay
Ángel Franco,Ocupación,golfista,paraguay
Ángel Franco,Ciudadanía,Paraguay,paraguay
Ángel Franco,Fecha de nacimiento,1958-05-31,paraguay
Gabriel Casaccia,Lugar de nacimiento,Asunción,paraguay
Gabriel Casaccia,Ocupación,escritor,paraguay
Gabriel Casaccia,Ciudadanía,Paraguay,paraguay
Gabriel Casaccia,Fecha de nacimiento,1907-04-20,paraguay
Gabriel Casaccia,Fecha de defunción,1980-11-23,paraguay
David Galeano Olivera,Lugar de nacimiento,Asunción,paraguay
David Galeano Olivera,Ocupación,escritor,paraguay
David Galeano Olivera,Ciudadanía,Paraguay,paraguay
David Galeano Olivera,Educado en,Universidad Nacional de Asunción,paraguay
David Galeano Olivera,Fecha de nacimiento,1961-02-18,paraguay
David Galeano Olivera,Ocupación,antropólogo,paraguay
David Galeano Olivera,Ocupación,lingüista,paraguay
Pedro Benítez,Lugar de nacimiento,Luque,paraguay
Pedro Benítez,Ocupación,entrenador,paraguay
Pedro Benítez,Ciudadanía,Paraguay,paraguay
Pedro Benítez,Fecha de nacimiento,1901-01-12,paraguay
Pedro Benítez,Fecha de defunción,1974-01-31,paraguay
Pedro Benítez,Ocupación,futbolista,paraguay
ceramista,instancia de,profesión,paraguay
ceramista,instancia de,ocupación,paraguay
ceramista,subclase de,artesano,paraguay
ceramista,subclase de,artista visual,paraguay
Barranquilla,jefe de gobierno,Jaime Pumarejo,paraguay
Barranquilla,país,Colombia,paraguay
Barranquilla,continente,América del Sur,paraguay
Barranquilla,instancia de,gran ciudad,paraguay
Barranquilla,instancia de,municipio de Colombia,paraguay
nadador,instancia de,ocupación,paraguay
nadador,subclase de,deportista,paraguay
nadador,ámbito de la ocupación,natación,paraguay
Reino Unido,miembro de,Organización para la Cooperación y el Desarrollo Económico,paraguay
Reino Unido,miembro de,Agencia Espacial Europea,paraguay
Reino Unido,miembro de,Programa de exención de visa,paraguay
Reino Unido,miembro de,Organización para la Seguridad y la Cooperación en Europa,paraguay
Reino Unido,miembro de,Observatorio Europeo del Sur,paraguay
Eusebio Ayala,país,Paraguay,paraguay
Eusebio Ayala,instancia de,municipio de Paraguay,paraguay
Eusebio Ayala,situado en la entidad territorial administrativa,Departamento de Cordillera,paraguay
Eusebio Ayala,nombrado en referencia a,Eusebio Ayala,paraguay
Fernando de la Mora,país,Paraguay,paraguay
Fernando de la Mora,instancia de,asentamiento,paraguay
Fernando de la Mora,instancia de,municipio de Paraguay,paraguay
Fernando de la Mora,situado en la entidad territorial administrativa,Departamento Central,paraguay
Fernando de la Mora,ciudad hermana,Pittsburgh,paraguay
Eustacio Chamorro,Lugar de nacimiento,Paraguay,paraguay
Eustacio Chamorro,Ocupación,entrenador,paraguay
Eustacio Chamorro,Ciudadanía,Paraguay,paraguay
Eustacio Chamorro,Ocupación,futbolista,paraguay
Diego Florentín,Lugar de nacimiento,Paraguay,paraguay
Diego Florentín,Ocupación,entrenador,paraguay
Diego Florentín,Ciudadanía,Paraguay,paraguay
Diego Florentín,Ocupación,futbolista,paraguay
Quiterio Olmedo,Lugar de nacimiento,Paraguay,paraguay
Quiterio Olmedo,Ocupación,futbolista,paraguay
Quiterio Olmedo,Ciudadanía,Paraguay,paraguay
Quiterio Olmedo,Fecha de nacimiento,1901-05-21,paraguay
Quiterio Olmedo,Fecha de nacimiento,1907-12-21,paraguay
José Miracca,Lugar de nacimiento,Paraguay,paraguay
José Miracca,Ocupación,entrenador,paraguay
José Miracca,Ciudadanía,Paraguay,paraguay
José Miracca,Fecha de nacimiento,1903-09-23,paraguay
José Miracca,Fecha de defunción,2000-01-01,paraguay
José Miracca,Ocupación,futbolista,paraguay
Eusebio Díaz,Lugar de nacimiento,Paraguay,paraguay
Eusebio Díaz,Ocupación,futbolista,paraguay
Eusebio Díaz,Ciudadanía,Paraguay,paraguay
Eusebio Díaz,Fecha de nacimiento,1898-06-21,paraguay
Eusebio Díaz,Fecha de defunción,1959-01-01,paraguay
Eusebio Díaz,Fecha de nacimiento,1901-01-01,paraguay
Romildo Etcheverry,Lugar de nacimiento,Paraguay,paraguay
Romildo Etcheverry,Ocupación,entrenador,paraguay
Romildo Etcheverry,Ciudadanía,Paraguay,paraguay
Romildo Etcheverry,Fecha de nacimiento,1906-12-15,paraguay
Romildo Etcheverry,Fecha de defunción,1967-01-01,paraguay
Romildo Etcheverry,Ocupación,futbolista,paraguay
Romildo Etcheverry,Ocupación,soldado,paraguay
Romildo Etcheverry,Fecha de nacimiento,1907-12-15,paraguay
Lino Nessi,Lugar de nacimiento,Paraguay,paraguay
Lino Nessi,Ocupación,futbolista,paraguay
Lino Nessi,Ciudadanía,Paraguay,paraguay
Lino Nessi,Fecha de nacimiento,1904-01-01,paraguay
Lino Nessi,Fecha de nacimiento,1905-09-23,paraguay
Saguier Carreras,Lugar de nacimiento,Paraguay,paraguay
Saguier Carreras,Ocupación,entrenador,paraguay
Saguier Carreras,Ciudadanía,Paraguay,paraguay
Saguier Carreras,Fecha de nacimiento,1900-01-01,paraguay
Saguier Carreras,Ocupación,futbolista,paraguay
Salvador Flores,Lugar de nacimiento,Paraguay,paraguay
Salvador Flores,Ocupación,futbolista,paraguay
Salvador Flores,Ciudadanía,Paraguay,paraguay
Salvador Flores,Fecha de nacimiento,1906-01-01,paraguay
Jacinto Villalba,Lugar de nacimiento,Asunción,paraguay
Jacinto Villalba,Ocupación,entrenador,paraguay
Jacinto Villalba,Ciudadanía,Paraguay,paraguay
Jacinto Villalba,Fecha de nacimiento,1914-09-19,paraguay
Jacinto Villalba,Fecha de defunción,2002-05-01,paraguay
Jacinto Villalba,Ocupación,futbolista,paraguay
Emilio Martínez,Lugar de nacimiento,Concepción,paraguay
Emilio Martínez,Ocupación,entrenador,paraguay
Emilio Martínez,Ciudadanía,Paraguay,paraguay
Emilio Martínez,Fecha de nacimiento,1981-04-10,paraguay
Emilio Martínez,Ocupación,futbolista,paraguay
Santiago Benítez,Lugar de nacimiento,Paraguay,paraguay
Santiago Benítez,Ocupación,entrenador,paraguay
Santiago Benítez,Ciudadanía,Paraguay,paraguay
Santiago Benítez,Fecha de nacimiento,1903-01-01,paraguay
Santiago Benítez,Fecha de defunción,1997-01-01,paraguay
Santiago Benítez,Ocupación,futbolista,paraguay
Ernesto Cristaldo,Lugar de nacimiento,Asunción,paraguay
Ernesto Cristaldo,Ocupación,entrenador,paraguay
Ernesto Cristaldo,Ciudadanía,Paraguay,paraguay
Ernesto Cristaldo,Fecha de nacimiento,1984-03-16,paraguay
Ernesto Cristaldo,Ocupación,futbolista,paraguay
Carlos Diarte,Lugar de nacimiento,Asunción,paraguay
Carlos Diarte,Ocupación,entrenador,paraguay
Carlos Diarte,Ciudadanía,Paraguay,paraguay
Carlos Diarte,Fecha de nacimiento,1954-01-26,paraguay
Carlos Diarte,Fecha de defunción,2011-06-29,paraguay
Carlos Diarte,Ocupación,futbolista,paraguay
Facundo Machaín,Lugar de nacimiento,Asunción,paraguay
Facundo Machaín,Ocupación,profesor,paraguay
Facundo Machaín,Ciudadanía,Paraguay,paraguay
Facundo Machaín,Cargo,presidente de Paraguay,paraguay
Facundo Machaín,Fecha de nacimiento,1845-11-26,paraguay
Facundo Machaín,Fecha de defunción,1877-10-29,paraguay
Facundo Machaín,Ocupación,abogado,paraguay
Facundo Machaín,Ocupación,político,paraguay
Moisés Santiago Bertoni,Lugar de nacimiento,Lottigna,paraguay
Moisés Santiago Bertoni,Ocupación,ornitólogo,paraguay
Moisés Santiago Bertoni,Ciudadanía,Suiza,paraguay
Moisés Santiago Bertoni,Fecha de nacimiento,1857-06-15,paraguay
Moisés Santiago Bertoni,Fecha de defunción,1929-09-19,paraguay
Moisés Santiago Bertoni,Ocupación,botánico,paraguay
Moisés Santiago Bertoni,Ciudadanía,Paraguay,paraguay
Jorge Luis Campos,Lugar de nacimiento,Asunción,paraguay
Jorge Luis Campos,Ocupación,entrenador,paraguay
Jorge Luis Campos,Ciudadanía,Paraguay,paraguay
Jorge Luis Campos,Fecha de nacimiento,1970-08-11,paraguay
Jorge Luis Campos,Ocupación,futbolista,paraguay
Ever Hugo Almeida,Lugar de nacimiento,Salto,paraguay
Ever Hugo Almeida,Ocupación,entrenador,paraguay
Ever Hugo Almeida,Ciudadanía,Uruguay,paraguay
Ever Hugo Almeida,Fecha de nacimiento,1948-07-01,paraguay
Ever Hugo Almeida,Ocupación,futbolista,paraguay
Ever Hugo Almeida,Ciudadanía,Paraguay,paraguay
Miguel Ángel Benítez Pavón,Lugar de nacimiento,Asunción,paraguay
Miguel Ángel Benítez Pavón,Ocupación,entrenador,paraguay
Miguel Ángel Benítez Pavón,Ciudadanía,Paraguay,paraguay
Miguel Ángel Benítez Pavón,Fecha de nacimiento,1970-05-19,paraguay
Miguel Ángel Benítez Pavón,Ocupación,futbolista,paraguay
Roberto Eladio Fernández Bonillo,Lugar de nacimiento,Asunción,paraguay
Roberto Eladio Fernández Bonillo,Ocupación,futbolista,paraguay
Roberto Eladio Fernández Bonillo,Ciudadanía,Paraguay,paraguay
Roberto Eladio Fernández Bonillo,Fecha de nacimiento,1956-07-29,paraguay
profesor,instancia de,profesión,paraguay
profesor,instancia de,cargo,paraguay
profesor,instancia de,ocupación,paraguay
profesor,subclase de,educador,paraguay
profesor,subclase de,académico,paraguay
Lottigna,país,Suiza,paraguay
Lottigna,instancia de,pueblo,paraguay
Lottigna,instancia de,barrio,paraguay
Lottigna,instancia de,antigua comuna de Suiza,paraguay
Lottigna,situado en la entidad territorial administrativa,Acquarossa,paraguay
ornitólogo,instancia de,profesión,paraguay
ornitólogo,instancia de,ocupación,paraguay
ornitólogo,subclase de,zoólogo de vertebrados,paraguay
ornitólogo,ámbito de la ocupación,ornitología,paraguay
ornitólogo,categoría principal del tema,Categoría:Ornitólogos,paraguay
Salto,país,Uruguay,paraguay
Salto,instancia de,ciudad fronteriza,paraguay
Salto,instancia de,gran ciudad,paraguay
Salto,situado en la entidad territorial administrativa,Departamento de Salto,paraguay
Salto,ciudad hermana,Goya,paraguay
Olga Blinder,Lugar de nacimiento,Asunción,paraguay
Olga Blinder,Ocupación,grabador,paraguay
Olga Blinder,Ciudadanía,Paraguay,paraguay
Olga Blinder,Educado en,Universidad Nacional de Asunción,paraguay
Olga Blinder,Fecha de nacimiento,1921-12-21,paraguay
Olga Blinder,Fecha de defunción,2008-07-19,paraguay
Olga Blinder,Ocupación,artista,paraguay
Olga Blinder,Ocupación,pintor,paraguay
Olga Blinder,Ocupación,escultor,paraguay
Ricardo Tavarelli,Lugar de nacimiento,Asunción,paraguay
Ricardo Tavarelli,Ocupación,futbolista,paraguay
Ricardo Tavarelli,Ciudadanía,Paraguay,paraguay
Ricardo Tavarelli,Fecha de nacimiento,1970-08-02,paraguay
Gabriel González,Ocupación,entrenador,paraguay
Gabriel González,Ciudadanía,Paraguay,paraguay
Gabriel González,Fecha de nacimiento,1942-03-18,paraguay
Gabriel González,Ocupación,árbitro de fútbol,paraguay
Gabriel González,Ocupación,futbolista,paraguay
Miguel Giacomuzzi,Ocupación,árbitro de fútbol,paraguay
Miguel Giacomuzzi,Ciudadanía,Paraguay,paraguay
Miguel Giacomuzzi,Fecha de nacimiento,1958-08-07,paraguay
Gonzalo Cardozo,Lugar de nacimiento,Paraguay,paraguay
Gonzalo Cardozo,Ocupación,entrenador,paraguay
Gonzalo Cardozo,Ciudadanía,Paraguay,paraguay
Gonzalo Cardozo,Fecha de nacimiento,1987-01-10,paraguay
Gonzalo Cardozo,Ocupación,árbitro de fútbol,paraguay
Gonzalo Cardozo,Ocupación,futbolista,paraguay
Rossana de los Ríos,Lugar de nacimiento,Asunción,paraguay
Rossana de los Ríos,Ocupación,tenista,paraguay
Rossana de los Ríos,Ciudadanía,Paraguay,paraguay
Rossana de los Ríos,Fecha de nacimiento,1975-09-16,paraguay
Gustavo Gómez Portillo,Lugar de nacimiento,San Juan Bautista,paraguay
Gustavo Gómez Portillo,Ocupación,futbolista,paraguay
Gustavo Gómez Portillo,Ciudadanía,Paraguay,paraguay
Gustavo Gómez Portillo,Fecha de nacimiento,1993-05-06,paraguay
Matías Rodrigo Pérez,Lugar de nacimiento,Asunción,paraguay
Matías Rodrigo Pérez,Ocupación,entrenador,paraguay
Matías Rodrigo Pérez,Ciudadanía,Paraguay,paraguay
Matías Rodrigo Pérez,Fecha de nacimiento,1994-01-04,paraguay
Matías Rodrigo Pérez,Ocupación,futbolista,paraguay
Carlos Milcíades Villalba Aquino,Ocupación,sacerdote católico,paraguay
Carlos Milcíades Villalba Aquino,Ciudadanía,Paraguay,paraguay
Carlos Milcíades Villalba Aquino,Cargo,obispo diocesano,paraguay
Carlos Milcíades Villalba Aquino,Fecha de nacimiento,1924-08-22,paraguay
Carlos Milcíades Villalba Aquino,Fecha de defunción,2016-01-08,paraguay
Carlos Milcíades Villalba Aquino,Ocupación,obispo católico,paraguay
Celso Esquivel,Lugar de nacimiento,General Artigas,paraguay
Celso Esquivel,Ocupación,entrenador,paraguay
Celso Esquivel,Ciudadanía,Paraguay,paraguay
Celso Esquivel,Fecha de nacimiento,1981-03-20,paraguay
Celso Esquivel,Ocupación,futbolista,paraguay
Claudio Silvero Acosta,Lugar de nacimiento,Iturbe,paraguay
Claudio Silvero Acosta,Ocupación,sacerdote católico,paraguay
Claudio Silvero Acosta,Ciudadanía,Paraguay,paraguay
Claudio Silvero Acosta,Cargo,obispo auxiliar,paraguay
Claudio Silvero Acosta,Fecha de nacimiento,1935-10-30,paraguay
Claudio Silvero Acosta,Ocupación,obispo católico,paraguay
Claudio Silvero Acosta,Cargo,obispo titular,paraguay
Claudio Silvero Acosta,Cargo,obispo diocesano,paraguay
Lino César Oviedo Silva,Lugar de nacimiento,Juan de Mena,paraguay
Lino César Oviedo Silva,Ocupación,político,paraguay
Lino César Oviedo Silva,Ciudadanía,Paraguay,paraguay
Lino César Oviedo Silva,Cargo,comandante,paraguay
Lino César Oviedo Silva,Premio recibido,Orden de Mayo,paraguay
Lino César Oviedo Silva,Fecha de nacimiento,1943-09-23,paraguay
Lino César Oviedo Silva,Fecha de defunción,2013-02-02,paraguay
Carlos Peralta,Ciudadanía,Paraguay,paraguay
Carlos Peralta,Fecha de nacimiento,1962-10-14,paraguay
Manuel Bernal,Ocupación,árbitro de fútbol,paraguay
Manuel Bernal,Ciudadanía,Paraguay,paraguay
Manuel Bernal,Fecha de nacimiento,1963-06-17,paraguay
Dario Lezcano,Lugar de nacimiento,Asunción,paraguay
Dario Lezcano,Ocupación,entrenador,paraguay
Dario Lezcano,Ciudadanía,Paraguay,paraguay
Dario Lezcano,Fecha de nacimiento,1990-06-30,paraguay
Dario Lezcano,Ocupación,futbolista,paraguay
Ricardo Boettner,Lugar de nacimiento,Asunción,paraguay
Ricardo Boettner,Ocupación,químico,paraguay
Ricardo Boettner,Ciudadanía,Paraguay,paraguay
Ricardo Boettner,Premio recibido,Cruz de Oficial de la Orden del Mérito de la República Federal de Alemania,paraguay
Ricardo Boettner,Fecha de nacimiento,1901-12-26,paraguay
Ricardo Boettner,Fecha de defunción,1982-08-15,paraguay
Ricardo Boettner,Ocupación,profesor universitario,paraguay
Edmundo Mellid,Lugar de nacimiento,Villarrica,paraguay
Edmundo Mellid,Ocupación,sacerdote católico,paraguay
Edmundo Mellid,Ciudadanía,Paraguay,paraguay
Edmundo Mellid,Educado en,Universidad Pontificia Salesiana,paraguay
Edmundo Mellid,Cargo,obispo titular,paraguay
Edmundo Mellid,Fecha de nacimiento,1944-11-19,paraguay
Edmundo Mellid,Ocupación,obispo católico,paraguay
Edmundo Mellid,Cargo,vicario apostólico,paraguay
Edmundo Mellid,Cargo,arzobispo de Asunción,paraguay
Florencio Amarilla,Lugar de nacimiento,Coronel Bogado,paraguay
Florencio Amarilla,Ocupación,entrenador,paraguay
Florencio Amarilla,Ciudadanía,Paraguay,paraguay
Florencio Amarilla,Fecha de nacimiento,1935-01-03,paraguay
Florencio Amarilla,Fecha de defunción,2012-08-25,paraguay
Florencio Amarilla,Ocupación,futbolista,paraguay
Florencio Amarilla,Ocupación,actor de cine,paraguay
Florencio Amarilla,Fecha de nacimiento,1935-01-30,paraguay
Hernán Arsenio Pérez,Lugar de nacimiento,Ñemby,paraguay
Hernán Arsenio Pérez,Ocupación,futbolista,paraguay
Hernán Arsenio Pérez,Ciudadanía,Paraguay,paraguay
Hernán Arsenio Pérez,Fecha de nacimiento,1989-02-25,paraguay
Epifanio Méndez Fleitas,Lugar de nacimiento,San Pedro del Paraná,paraguay
Epifanio Méndez Fleitas,Ocupación,escritor,paraguay
Epifanio Méndez Fleitas,Ciudadanía,Paraguay,paraguay
Epifanio Méndez Fleitas,Fecha de nacimiento,1917-04-07,paraguay
Epifanio Méndez Fleitas,Fecha de defunción,1985-11-22,paraguay
Epifanio Méndez Fleitas,Ocupación,compositor,paraguay
Epifanio Méndez Fleitas,Ocupación,poeta,paraguay
Epifanio Méndez Fleitas,Ocupación,político,paraguay
obispo diocesano,instancia de,cargo eclesiástico,paraguay
obispo diocesano,instancia de,función episcopal,paraguay
obispo diocesano,subclase de,obispo,paraguay
obispo diocesano,subclase de,pastor,paraguay
obispo diocesano,subclase de,ordinario,paraguay
General Artigas,país,Paraguay,paraguay
General Artigas,instancia de,municipio de Paraguay,paraguay
General Artigas,situado en la entidad territorial administrativa,Departamento de Itapúa,paraguay
General Artigas,nombrado en referencia a,José Gervasio Artigas,paraguay
Iturbe,país,Paraguay,paraguay
Iturbe,instancia de,municipio de Paraguay,paraguay
Iturbe,situado en la entidad territorial administrativa,Departamento de Guairá,paraguay
Juan de Mena,país,Paraguay,paraguay
Juan de Mena,instancia de,municipio de Paraguay,paraguay
Juan de Mena,situado en la entidad territorial administrativa,Departamento de Cordillera,paraguay
comandante,instancia de,rango militar,paraguay
comandante,instancia de,cargo,paraguay
comandante,se dice que es lo mismo que,comandante,paraguay
Orden de Mayo,país,Argentina,paraguay
Orden de Mayo,instancia de,orden,paraguay
Orden de Mayo,nombrado en referencia a,Revolución de Mayo,paraguay
Orden de Mayo,compuesto por,Gran Cruz de la Orden de Mayo,paraguay
químico,lista de interés para el proyecto Wikimedia,Wikipedia:Lista de artículos que toda Wikipedia debería tener/Expandida,paraguay
químico,elemento ejemplo,Marie Curie,paraguay
químico,categoría que contiene subcategorías epónimas,Categoría:Categorías de químicos,paraguay
químico,categoría relacionada,Categoría:Ingenieros químicos,paraguay
químico,instancia de,profesión,paraguay
Cruz de Oficial de la Orden del Mérito de la República Federal de Alemania,país,Alemania,paraguay
Cruz de Oficial de la Orden del Mérito de la República Federal de Alemania,instancia de,condecoración,paraguay
Cruz de Oficial de la Orden del Mérito de la República Federal de Alemania,forma parte de,Orden del Mérito de la República Federal de Alemania,paraguay
Cruz de Oficial de la Orden del Mérito de la República Federal de Alemania,rango inmediatamente inferior,Cruz de la Orden del Mérito de la República Federal de Alemania,paraguay
Universidad Pontificia Salesiana,país,Italia,paraguay
Universidad Pontificia Salesiana,instancia de,seminario,paraguay
Universidad Pontificia Salesiana,instancia de,universidad pontificia,paraguay
Universidad Pontificia Salesiana,fundador,Pedro Ricaldone,paraguay
Universidad Pontificia Salesiana,situado en la entidad territorial administrativa,Roma,paraguay
Coronel Bogado,país,Paraguay,paraguay
Coronel Bogado,instancia de,municipio de Paraguay,paraguay
Coronel Bogado,situado en la entidad territorial administrativa,Departamento de Itapúa,paraguay
Ñemby,país,Paraguay,paraguay
Ñemby,instancia de,municipio de Paraguay,paraguay
Ñemby,situado en la entidad territorial administrativa,Departamento Central,paraguay
Julio César Cáceres,Lugar de nacimiento,San José de los Arroyos,paraguay
Julio César Cáceres,Ocupación,futbolista,paraguay
Julio César Cáceres,Ciudadanía,Paraguay,paraguay
Julio César Cáceres,Fecha de nacimiento,1979-10-05,paraguay
Carlos Bonet,Lugar de nacimiento,Asunción,paraguay
Carlos Bonet,Ocupación,entrenador,paraguay
Carlos Bonet,Ciudadanía,Paraguay,paraguay
Carlos Bonet,Fecha de nacimiento,1977-10-02,paraguay
Carlos Bonet,Ocupación,futbolista,paraguay
Jonathan Santana,Lugar de nacimiento,Buenos Aires,paraguay
Jonathan Santana,Ocupación,futbolista,paraguay
Jonathan Santana,Ciudadanía,Argentina,paraguay
Jonathan Santana,Fecha de nacimiento,1981-10-19,paraguay
Jonathan Santana,Ciudadanía,Paraguay,paraguay
Juan Bautista Agüero,Lugar de nacimiento,Caacupé,paraguay
Juan Bautista Agüero,Ocupación,entrenador,paraguay
Juan Bautista Agüero,Ciudadanía,Paraguay,paraguay
Juan Bautista Agüero,Fecha de nacimiento,1935-06-24,paraguay
Juan Bautista Agüero,Fecha de defunción,2018-12-27,paraguay
Juan Bautista Agüero,Ocupación,futbolista,paraguay
Claudio Morel Rodríguez,Lugar de nacimiento,Asunción,paraguay
Claudio Morel Rodríguez,Ocupación,futbolista,paraguay
Claudio Morel Rodríguez,Ciudadanía,Paraguay,paraguay
Claudio Morel Rodríguez,Fecha de nacimiento,1978-02-02,paraguay
Gilberto Penayo,Lugar de nacimiento,Asunción,paraguay
Gilberto Penayo,Ocupación,entrenador,paraguay
Gilberto Penayo,Ciudadanía,Paraguay,paraguay
Gilberto Penayo,Fecha de nacimiento,1933-04-03,paraguay
Gilberto Penayo,Fecha de defunción,2020-10-27,paraguay
Gilberto Penayo,Ocupación,futbolista,paraguay
Julio César Romero,Lugar de nacimiento,Luque,paraguay
Julio César Romero,Ocupación,político,paraguay
Julio César Romero,Ciudadanía,Paraguay,paraguay
Julio César Romero,Fecha de nacimiento,1960-08-28,paraguay
Diego Barreto,Lugar de nacimiento,Lambaré,paraguay
Diego Barreto,Ocupación,futbolista,paraguay
Diego Barreto,Ciudadanía,Paraguay,paraguay
Diego Barreto,Fecha de nacimiento,1981-07-16,paraguay
Salvador Cabañas,Lugar de nacimiento,Asunción,paraguay
Salvador Cabañas,Ocupación,futbolista,paraguay
Salvador Cabañas,Ciudadanía,Paraguay,paraguay
Salvador Cabañas,Fecha de nacimiento,1980-08-05,paraguay
Denis Caniza,Lugar de nacimiento,Asunción,paraguay
Denis Caniza,Ocupación,futbolista,paraguay
Denis Caniza,Ciudadanía,Paraguay,paraguay
Denis Caniza,Fecha de nacimiento,1974-08-29,paraguay
Adalberto Martínez Flores,Lugar de nacimiento,Asunción,paraguay
Adalberto Martínez Flores,Ocupación,sacerdote católico,paraguay
Adalberto Martínez Flores,Ciudadanía,Paraguay,paraguay
Adalberto Martínez Flores,Cargo,obispo auxiliar,paraguay
Adalberto Martínez Flores,Fecha de nacimiento,1951-07-08,paraguay
Adalberto Martínez Flores,Ocupación,obispo católico,paraguay
Adalberto Martínez Flores,Ocupación,diácono católico,paraguay
Adalberto Martínez Flores,Cargo,obispo titular,paraguay
Adalberto Martínez Flores,Cargo,obispo diocesano,paraguay
Adalberto Martínez Flores,Cargo,administrador apostólico,paraguay
Adalberto Martínez Flores,Cargo,cardenal presbítero,paraguay
Adalberto Martínez Flores,Cargo,arzobispo de Asunción,paraguay
Adalberto Martínez Flores,Cargo,Obispo de San Pedro,paraguay
Víctor Cáceres,Lugar de nacimiento,Asunción,paraguay
Víctor Cáceres,Ocupación,futbolista,paraguay
Víctor Cáceres,Ciudadanía,Paraguay,paraguay
Víctor Cáceres,Fecha de nacimiento,1985-03-25,paraguay
Roberto Acuña,Lugar de nacimiento,Avellaneda,paraguay
Roberto Acuña,Ocupación,futbolista,paraguay
Roberto Acuña,Ciudadanía,España,paraguay
Roberto Acuña,Fecha de nacimiento,1972-03-25,paraguay
Roberto Acuña,Ocupación,jugador de fútbol playa,paraguay
Roberto Acuña,Ciudadanía,Argentina,paraguay
Roberto Acuña,Ciudadanía,Paraguay,paraguay
Rafael Barrett,Lugar de nacimiento,Torrelavega,paraguay
Rafael Barrett,Ocupación,escritor,paraguay
Rafael Barrett,Ciudadanía,España,paraguay
Rafael Barrett,Fecha de nacimiento,1876-01-07,paraguay
Rafael Barrett,Fecha de defunción,1910-12-17,paraguay
Rafael Barrett,Ocupación,traductor,paraguay
Rafael Barrett,Ocupación,periodista,paraguay
Rafael Barrett,Ocupación,filósofo,paraguay
Rafael Barrett,Ciudadanía,Paraguay,paraguay
Carlos Amarilla,Lugar de nacimiento,Asunción,paraguay
Carlos Amarilla,Ocupación,entrenador,paraguay
Carlos Amarilla,Ciudadanía,Paraguay,paraguay
Carlos Amarilla,Fecha de nacimiento,1970-10-26,paraguay
Carlos Amarilla,Ocupación,árbitro de fútbol,paraguay
Carlos Amarilla,Ocupación,futbolista,paraguay
Aureliano Torres,Lugar de nacimiento,Asunción,paraguay
Aureliano Torres,Ocupación,futbolista,paraguay
Aureliano Torres,Ciudadanía,Paraguay,paraguay
Aureliano Torres,Fecha de nacimiento,1982-06-16,paraguay
Aldo Bobadilla,Lugar de nacimiento,Pedro Juan Caballero,paraguay
Aldo Bobadilla,Ocupación,futbolista,paraguay
Aldo Bobadilla,Ciudadanía,Paraguay,paraguay
Aldo Bobadilla,Fecha de nacimiento,1976-04-20,paraguay
Aldo Bobadilla,Ciudadanía,Colombia,paraguay
Carlos Javier Acuña,Lugar de nacimiento,Encarnación,paraguay
Carlos Javier Acuña,Ocupación,futbolista,paraguay
Carlos Javier Acuña,Ciudadanía,España,paraguay
Carlos Javier Acuña,Fecha de nacimiento,1988-06-23,paraguay
Carlos Javier Acuña,Ciudadanía,Paraguay,paraguay
Ricardo Ismael Rojas,Lugar de nacimiento,Posadas,paraguay
Ricardo Ismael Rojas,Ocupación,futbolista,paraguay
Ricardo Ismael Rojas,Ciudadanía,Paraguay,paraguay
Ricardo Ismael Rojas,Fecha de nacimiento,1971-01-26,paraguay
Diógenes Domínguez,Ocupación,futbolista,paraguay
Diógenes Domínguez,Ciudadanía,Paraguay,paraguay
Diógenes Domínguez,Fecha de nacimiento,1902-01-01,paraguay
San José de los Arroyos,país,Paraguay,paraguay
San José de los Arroyos,instancia de,municipio de Paraguay,paraguay
San José de los Arroyos,situado en la entidad territorial administrativa,Departamento de Caaguazú,paraguay
Avellaneda,país,Argentina,paraguay
Avellaneda,instancia de,ciudad,paraguay
Avellaneda,instancia de,asentamiento,paraguay
Avellaneda,situado en la entidad territorial administrativa,Partido de Avellaneda,paraguay
jugador de fútbol playa,instancia de,profesión,paraguay
jugador de fútbol playa,subclase de,futbolista,paraguay
jugador de fútbol playa,subclase de,jugador competitivo,paraguay
jugador de fútbol playa,ámbito de la ocupación,fútbol playa,paraguay
Torrelavega,jefe de gobierno,Javier López Estrada,paraguay
Torrelavega,país,España,paraguay
Torrelavega,instancia de,ciudad,paraguay
Torrelavega,instancia de,municipio de Cantabria,paraguay
Torrelavega,comparte fronteras con,Santillana del Mar,paraguay
Colombia,jefe de gobierno,Gustavo Petro,paraguay
Colombia,continente,América del Sur,paraguay
Colombia,instancia de,país,paraguay
Colombia,instancia de,república,paraguay
Colombia,instancia de,Estado laico,paraguay
ingeniero,subclase de,trabajador,paraguay
ingeniero,ámbito de la ocupación,ingeniería,paraguay
Medalla de Oro al Mérito en las Bellas Artes,ganador,Banda Sinfónica Municipal de Madrid,paraguay
Medalla de Oro al Mérito en las Bellas Artes,ganador,Antonio Mairena,paraguay
Medalla de Oro al Mérito en las Bellas Artes,ganador,Antón García Abril,paraguay
Medalla de Oro al Mérito en las Bellas Artes,ganador,Jaume Aragall,paraguay
Medalla de Oro al Mérito en las Bellas Artes,ganador,José Luis López Vázquez,paraguay
Richard Gómez,Ocupación,futbolista,paraguay
Richard Gómez,Ciudadanía,Paraguay,paraguay
Richard Gómez,Fecha de nacimiento,1972-08-19,paraguay
Mercedes Sandoval de Hempel,Lugar de nacimiento,Asunción,paraguay
Mercedes Sandoval de Hempel,Ocupación,abogado,paraguay
Mercedes Sandoval de Hempel,Ciudadanía,Paraguay,paraguay
Mercedes Sandoval de Hempel,Educado en,Universidad Nacional de Asunción,paraguay
Mercedes Sandoval de Hempel,Fecha de nacimiento,1919-02-08,paraguay
Mercedes Sandoval de Hempel,Fecha de defunción,2005-02-07,paraguay
Miguel Abdón Saguier,Lugar de nacimiento,Asunción,paraguay
Miguel Abdón Saguier,Ocupación,abogado,paraguay
Miguel Abdón Saguier,Ciudadanía,Paraguay,paraguay
Miguel Abdón Saguier,Educado en,Universidad Nacional de Asunción,paraguay
Miguel Abdón Saguier,Fecha de nacimiento,1945-06-01,paraguay
Miguel Abdón Saguier,Ocupación,político,paraguay
Miguel Abdón Saguier,Ocupación,diplomático,paraguay
Miguel Bonnin,Ocupación,coreógrafo,paraguay
Miguel Bonnin,Ciudadanía,Paraguay,paraguay
Miguel Bonnin,Fecha de nacimiento,1957-08-08,paraguay
Nelson de Santaní,Lugar de nacimiento,San Estanislao,paraguay
Nelson de Santaní,Ocupación,actor,paraguay
Nelson de Santaní,Ciudadanía,Paraguay,paraguay
Nelson de Santaní,Fecha de nacimiento,1981-07-27,paraguay
Nelson de Santaní,Ocupación,periodista,paraguay
Nelson de Santaní,Ocupación,director de cine,paraguay
Ramón Romero Roa,Lugar de nacimiento,Minga Guazú,paraguay
Ramón Romero Roa,Ocupación,abogado,paraguay
Ramón Romero Roa,Ciudadanía,Paraguay,paraguay
Ramón Romero Roa,Fecha de nacimiento,1966-04-03,paraguay
Ramón Romero Roa,Fecha de defunción,2021-06-23,paraguay
Ramón Romero Roa,Ocupación,político,paraguay
Vicente Anastasio Jara,Lugar de nacimiento,Asunción,paraguay
Vicente Anastasio Jara,Ocupación,futbolista,paraguay
Vicente Anastasio Jara,Ciudadanía,España,paraguay
Vicente Anastasio Jara,Fecha de nacimiento,1941-02-03,paraguay
Vicente Anastasio Jara,Ciudadanía,Paraguay,paraguay
William Paats Martínez,Lugar de nacimiento,Coronel Oviedo,paraguay
William Paats Martínez,Ocupación,arquitecto,paraguay
William Paats Martínez,Ciudadanía,Paraguay,paraguay
William Paats Martínez,Fecha de nacimiento,1957-11-05,paraguay
William Paats Martínez,Ocupación,artista visual,paraguay
Willian Candia,Lugar de nacimiento,San Roque González de Santa Cruz,paraguay
Willian Candia,Ocupación,futbolista,paraguay
Willian Candia,Ciudadanía,Paraguay,paraguay
Willian Candia,Fecha de nacimiento,1993-03-27,paraguay
Wilhelm Winther,Ocupación,diplomático,paraguay
Wilhelm Winther,Ciudadanía,Paraguay,paraguay
Wilhelm Winther,Educado en,Universidad de Lund,paraguay
Wilhelm Winther,Cargo,ambassador of Sweden to Argentina,paraguay
Wilhelm Winther,Premio recibido,Gran Cruz de la Orden del Mérito de Hungría,paraguay
Wilhelm Winther,Fecha de nacimiento,1891-11-29,paraguay
Wilhelm Winther,Fecha de defunción,1983-04-05,paraguay
Wilhelm Winther,Premio recibido,Oficial de la Orden Nacional de la Legión de Honor,paraguay
Wilhelm Winther,Premio recibido,Comendador de la Orden de San Olaf,paraguay
Wilhelm Winther,Premio recibido,Officer of the Order of Orange-Nassau,paraguay
Wilhelm Winther,Premio recibido,Gran Cruz de la Orden de Isabel la Católica,paraguay
Wilhelm Winther,Premio recibido,Order of the Polar Star - Commander's Grand Cross,paraguay
Aldo Florentín,Lugar de nacimiento,Paraguay,paraguay
Aldo Florentín,Ocupación,futbolista,paraguay
Aldo Florentín,Ciudadanía,Paraguay,paraguay
Aldo Florentín,Fecha de nacimiento,1957-11-10,paraguay
Rubén Roberto Paredes Vera,Lugar de nacimiento,Asunción,paraguay
Rubén Roberto Paredes Vera,Ocupación,futbolista,paraguay
Rubén Roberto Paredes Vera,Ciudadanía,Paraguay,paraguay
Rubén Roberto Paredes Vera,Fecha de nacimiento,1955-09-28,paraguay
Alfredo Aguilar,Lugar de nacimiento,San Estanislao,paraguay
Alfredo Aguilar,Ocupación,futbolista,paraguay
Alfredo Aguilar,Ciudadanía,Paraguay,paraguay
Alfredo Aguilar,Fecha de nacimiento,1988-07-18,paraguay
Victor Bernal,Ocupación,político,paraguay
Victor Bernal,Ciudadanía,Paraguay,paraguay
Victor Bernal,Fecha de nacimiento,2000-01-01,paraguay
Antonio Bordon,Ocupación,entrenador de balonmano,paraguay
Antonio Bordon,Ciudadanía,Paraguay,paraguay
Aníbal Carrillo,Ocupación,político,paraguay
Aníbal Carrillo,Ciudadanía,Paraguay,paraguay
Marcos Acosta,Lugar de nacimiento,Paraguay,paraguay
Marcos Acosta,Ocupación,entrenador,paraguay
Marcos Acosta,Ciudadanía,Paraguay,paraguay
Marcos Acosta,Fecha de nacimiento,1991-12-07,paraguay
Marcos Acosta,Ocupación,futbolista,paraguay
Eulalio Mora,Lugar de nacimiento,Asunción,paraguay
Eulalio Mora,Ocupación,futbolista,paraguay
Eulalio Mora,Ciudadanía,Paraguay,paraguay
Eulalio Mora,Fecha de nacimiento,1961-12-10,paraguay
Antonio Pecci,Ocupación,periodista,paraguay
Antonio Pecci,Ciudadanía,Paraguay,paraguay
Antonio Pecci,Fecha de nacimiento,1943-01-01,paraguay
Antonio Pecci,Fecha de nacimiento,1943-06-06,paraguay
José Leonardo Cáceres,Lugar de nacimiento,Fernando de la Mora,paraguay
José Leonardo Cáceres,Ocupación,entrenador,paraguay
José Leonardo Cáceres,Ciudadanía,Paraguay,paraguay
José Leonardo Cáceres,Fecha de nacimiento,1985-04-28,paraguay
José Leonardo Cáceres,Ocupación,futbolista,paraguay
coreógrafo,instancia de,profesión,paraguay
coreógrafo,subclase de,realizador,paraguay
coreógrafo,ámbito de la ocupación,coreografía,paraguay
coreógrafo,categoría principal del tema,Categoría:Coreógrafos,paraguay
San Estanislao,país,Paraguay,paraguay
San Estanislao,instancia de,municipio de Paraguay,paraguay
San Estanislao,situado en la entidad territorial administrativa,Departamento de San Pedro,paraguay
periodista,instancia de,profesión,paraguay
periodista,instancia de,cargo,paraguay
periodista,instancia de,ocupación,paraguay
periodista,instancia de,grupo de ocupaciones de la CIUO,paraguay
periodista,subclase de,autor,paraguay
Minga Guazú,país,Paraguay,paraguay
Minga Guazú,instancia de,municipio de Paraguay,paraguay
Minga Guazú,situado en la entidad territorial administrativa,Departamento de Alto Paraná,paraguay
artista visual,instancia de,profesión artística,paraguay
artista visual,instancia de,grupo de ocupaciones de la CIUO,paraguay
artista visual,ámbito de la ocupación,artes visuales,paraguay
artista visual,ámbito de la ocupación,técnica de artes visuales,paraguay
diplomático,instancia de,profesión,paraguay
diplomático,instancia de,título corporativo,paraguay
diplomático,subclase de,estadista,paraguay
diplomático,subclase de,alto cargo,paraguay
diplomático,ámbito de la ocupación,diplomacia,paraguay
Universidad de Lund,país,Suecia,paraguay
Universidad de Lund,instancia de,universidad pública,paraguay
Universidad de Lund,instancia de,agencia del gobierno sueco,paraguay
Universidad de Lund,fundador,Carlos XI de Suecia,paraguay
Gran Cruz de la Orden del Mérito de Hungría,país,Hungría,paraguay
Gran Cruz de la Orden del Mérito de Hungría,instancia de,grado de una orden,paraguay
Gran Cruz de la Orden del Mérito de Hungría,subclase de,Gran Cruz,paraguay
Gran Cruz de la Orden del Mérito de Hungría,forma parte de,Orden del Mérito de la República de Hungría,paraguay
Gran Cruz de la Orden del Mérito de Hungría,categoría para los galardonados con este premio,Categoría:Ganadores de la Gran Cruz de la Orden del Mérito de Hungría,paraguay
entrenador de balonmano,instancia de,profesión,paraguay
entrenador de balonmano,instancia de,posición en balonmano,paraguay
entrenador de balonmano,subclase de,entrenador,paraguay
entrenador de balonmano,ámbito de la ocupación,balonmano,paraguay
entrenador de balonmano,deporte,balonmano,paraguay
Maria Constanza Abente Benitez,Ocupación,baloncestista,paraguay
Maria Constanza Abente Benitez,Ciudadanía,Paraguay,paraguay
Maria Constanza Abente Benitez,Fecha de nacimiento,1993-02-08,paraguay
Andrea Cecilia Sanchez Bogado,Ocupación,baloncestista,paraguay
Andrea Cecilia Sanchez Bogado,Ciudadanía,Paraguay,paraguay
Andrea Cecilia Sanchez Bogado,Fecha de nacimiento,1992-01-04,paraguay
Maria Veronica Benitez Sienra,Ocupación,baloncestista,paraguay
Maria Veronica Benitez Sienra,Ciudadanía,Paraguay,paraguay
Maria Veronica Benitez Sienra,Fecha de nacimiento,1992-10-03,paraguay
Omar Daniel Gonzalez Villa,Ocupación,baloncestista,paraguay
Omar Daniel Gonzalez Villa,Ciudadanía,Paraguay,paraguay
Omar Daniel Gonzalez Villa,Fecha de nacimiento,1994-08-26,paraguay
Leandro Evair Ferreira Massare,Ocupación,baloncestista,paraguay
Leandro Evair Ferreira Massare,Ciudadanía,Paraguay,paraguay
Leandro Evair Ferreira Massare,Fecha de nacimiento,1994-03-09,paraguay
Santiago Daniel Cabrera Bauza,Ocupación,baloncestista,paraguay
Santiago Daniel Cabrera Bauza,Ciudadanía,Paraguay,paraguay
Santiago Daniel Cabrera Bauza,Fecha de nacimiento,1994-04-14,paraguay
Cesar Mora Sosa,Ocupación,baloncestista,paraguay
Cesar Mora Sosa,Ciudadanía,Paraguay,paraguay
Cesar Mora Sosa,Fecha de nacimiento,1994-08-15,paraguay
Matias Giuliano Souberlich Gugliotta,Ocupación,baloncestista,paraguay
Matias Giuliano Souberlich Gugliotta,Ciudadanía,Paraguay,paraguay
Matias Giuliano Souberlich Gugliotta,Fecha de nacimiento,1994-10-01,paraguay
Matias Sebastian Ramirez Riquelme,Ocupación,baloncestista,paraguay
Matias Sebastian Ramirez Riquelme,Ciudadanía,Paraguay,paraguay
Matias Sebastian Ramirez Riquelme,Fecha de nacimiento,1994-02-22,paraguay
Marcelo Manuel Ferreira Gubetich,Ocupación,baloncestista,paraguay
Marcelo Manuel Ferreira Gubetich,Ciudadanía,Paraguay,paraguay
Marcelo Manuel Ferreira Gubetich,Fecha de nacimiento,1994-02-16,paraguay
Amado Adrian Martinez Vitale,Ocupación,baloncestista,paraguay
Amado Adrian Martinez Vitale,Ciudadanía,Paraguay,paraguay
Amado Adrian Martinez Vitale,Fecha de nacimiento,1995-09-01,paraguay
Juan Martin Alonso Alvarez,Ocupación,baloncestista,paraguay
Juan Martin Alonso Alvarez,Ciudadanía,Paraguay,paraguay
Juan Martin Alonso Alvarez,Fecha de nacimiento,1994-04-28,paraguay
Marcelo Scura Wismann,Ocupación,baloncestista,paraguay
Marcelo Scura Wismann,Ciudadanía,Paraguay,paraguay
Marcelo Scura Wismann,Fecha de nacimiento,1994-07-18,paraguay
Oscar Dario Segovia Rinke,Ocupación,baloncestista,paraguay
Oscar Dario Segovia Rinke,Ciudadanía,Paraguay,paraguay
Oscar Dario Segovia Rinke,Fecha de nacimiento,1994-07-29,paraguay
Guido Daniel Ramirez Rodriguez,Ocupación,baloncestista,paraguay
Guido Daniel Ramirez Rodriguez,Ciudadanía,Paraguay,paraguay
Guido Daniel Ramirez Rodriguez,Fecha de nacimiento,1992-07-27,paraguay
Reynaldo Ezequiel Ramirez Riquelme,Ocupación,baloncestista,paraguay
Reynaldo Ezequiel Ramirez Riquelme,Ciudadanía,Paraguay,paraguay
Reynaldo Ezequiel Ramirez Riquelme,Fecha de nacimiento,1992-05-09,paraguay
Marcos David Rabino Rolon,Ocupación,baloncestista,paraguay
Marcos David Rabino Rolon,Ciudadanía,Paraguay,paraguay
Marcos David Rabino Rolon,Fecha de nacimiento,1992-03-31,paraguay
Jeremias Jesus Hrisuk Trussi,Ocupación,baloncestista,paraguay
Jeremias Jesus Hrisuk Trussi,Ciudadanía,Paraguay,paraguay
Jeremias Jesus Hrisuk Trussi,Fecha de nacimiento,1992-09-14,paraguay
Alex Fernando Emhart Ortiz,Ocupación,baloncestista,paraguay
Alex Fernando Emhart Ortiz,Ciudadanía,Paraguay,paraguay
Alex Fernando Emhart Ortiz,Fecha de nacimiento,1992-03-20,paraguay
Nelson Martin Benitez Montanes,Ocupación,baloncestista,paraguay
Nelson Martin Benitez Montanes,Ciudadanía,Paraguay,paraguay
Nelson Martin Benitez Montanes,Fecha de nacimiento,1992-09-11,paraguay
baloncestista,instancia de,profesión,paraguay
baloncestista,subclase de,deportista,paraguay
baloncestista,subclase de,jugador competitivo,paraguay
baloncestista,forma parte de,club de baloncesto,paraguay
baloncestista,ámbito de la ocupación,baloncesto,paraguay
Larissa Caceres,Ocupación,baloncestista,paraguay
Larissa Caceres,Ciudadanía,Paraguay,paraguay
Larissa Caceres,Fecha de nacimiento,2008-01-25,paraguay
Paz Mereles,Ocupación,baloncestista,paraguay
Paz Mereles,Ciudadanía,Paraguay,paraguay
Paz Mereles,Fecha de nacimiento,2007-10-15,paraguay
Bethsaida Ferreira,Ocupación,baloncestista,paraguay
Bethsaida Ferreira,Ciudadanía,Paraguay,paraguay
Bethsaida Ferreira,Fecha de nacimiento,2008-03-15,paraguay
Sol Ocampo,Ocupación,baloncestista,paraguay
Sol Ocampo,Ciudadanía,Paraguay,paraguay
Sol Ocampo,Fecha de nacimiento,2007-06-21,paraguay
Victor Aquino,Ocupación,baloncestista,paraguay
Victor Aquino,Ciudadanía,Paraguay,paraguay
Victor Aquino,Fecha de nacimiento,2008-07-21,paraguay
Sebastian Bogado,Ocupación,baloncestista,paraguay
Sebastian Bogado,Ciudadanía,Paraguay,paraguay
Sebastian Bogado,Fecha de nacimiento,2007-02-05,paraguay
Mauricio Escurra,Ocupación,baloncestista,paraguay
Mauricio Escurra,Ciudadanía,Paraguay,paraguay
Mauricio Escurra,Fecha de nacimiento,2008-05-21,paraguay
Luis Vera,Ocupación,baloncestista,paraguay
Luis Vera,Ciudadanía,Paraguay,paraguay
Luis Vera,Fecha de nacimiento,2009-05-22,paraguay
Luis Ortiz,Ocupación,baloncestista,paraguay
Luis Ortiz,Ciudadanía,Paraguay,paraguay
Luis Ortiz,Fecha de nacimiento,2007-09-15,paraguay
Ignacio Ferreira,Ocupación,baloncestista,paraguay
Ignacio Ferreira,Ciudadanía,Paraguay,paraguay
Ignacio Ferreira,Fecha de nacimiento,2007-06-17,paraguay
Gustavo Palmerola,Ocupación,baloncestista,paraguay
Gustavo Palmerola,Ciudadanía,Paraguay,paraguay
Gustavo Palmerola,Fecha de nacimiento,2007-05-10,paraguay
Carlos Ljubetic,Ocupación,baloncestista,paraguay
Carlos Ljubetic,Ciudadanía,Paraguay,paraguay
Carlos Ljubetic,Fecha de nacimiento,2007-04-03,paraguay
Alexis Negrette,Ocupación,baloncestista,paraguay
Alexis Negrette,Ciudadanía,Paraguay,paraguay
Alexis Negrette,Fecha de nacimiento,2007-05-08,paraguay
Alex Baran,Ocupación,baloncestista,paraguay
Alex Baran,Ciudadanía,Paraguay,paraguay
Alex Baran,Fecha de nacimiento,2007-05-07,paraguay
Alejandro Talavera,Ocupación,baloncestista,paraguay
Alejandro Talavera,Ciudadanía,Paraguay,paraguay
Alejandro Talavera,Fecha de nacimiento,2008-02-15,paraguay
Alejandro Krug,Ocupación,baloncestista,paraguay
Alejandro Krug,Ciudadanía,Paraguay,paraguay
Alejandro Krug,Fecha de nacimiento,2007-10-24,paraguay
Antonio Montiel,Ocupación,baloncestista,paraguay
Antonio Montiel,Ciudadanía,Paraguay,paraguay
Antonio Montiel,Fecha de nacimiento,2005-04-07,paraguay
Cecilia Caceres,Ocupación,baloncestista,paraguay
Cecilia Caceres,Ciudadanía,Paraguay,paraguay
Cecilia Caceres,Fecha de nacimiento,2006-08-05,paraguay
Pamela Encina,Ocupación,baloncestista,paraguay
Pamela Encina,Ciudadanía,Paraguay,paraguay
Pamela Encina,Fecha de nacimiento,2005-03-29,paraguay
Guadalupe Davalos,Ocupación,baloncestista,paraguay
Guadalupe Davalos,Ciudadanía,Paraguay,paraguay
Guadalupe Davalos,Fecha de nacimiento,2005-04-27,paraguay
Diego Morel,Lugar de nacimiento,Asunción,paraguay
Diego Morel,Ocupación,futbolista,paraguay
Diego Morel,Ciudadanía,Paraguay,paraguay
Diego Morel,Fecha de nacimiento,1993-12-15,paraguay
Óscar Nicolás López,Lugar de nacimiento,San Lorenzo,paraguay
Óscar Nicolás López,Ocupación,futbolista,paraguay
Óscar Nicolás López,Ciudadanía,Paraguay,paraguay
Óscar Nicolás López,Fecha de nacimiento,1954-05-09,paraguay
Felipe Santiago Núñez,Lugar de nacimiento,Mariano Roque Alonso,paraguay
Felipe Santiago Núñez,Ocupación,futbolista,paraguay
Felipe Santiago Núñez,Ciudadanía,Paraguay,paraguay
Felipe Santiago Núñez,Fecha de nacimiento,1993-04-30,paraguay
Eliodoro Marecos Ibarrola,Lugar de nacimiento,Limpio,paraguay
Eliodoro Marecos Ibarrola,Ocupación,funcionario,paraguay
Eliodoro Marecos Ibarrola,Ciudadanía,Paraguay,paraguay
Eliodoro Marecos Ibarrola,Fecha de nacimiento,1958-07-03,paraguay
Juan Ángel Napout,Lugar de nacimiento,Asunción,paraguay
Juan Ángel Napout,Ocupación,empresario,paraguay
Juan Ángel Napout,Ciudadanía,Paraguay,paraguay
Juan Ángel Napout,Educado en,Universidad Católica Nuestra Señora de la Asunción,paraguay
Juan Ángel Napout,Cargo,presidente,paraguay
Juan Ángel Napout,Fecha de nacimiento,1958-05-13,paraguay
Juan Ángel Napout,Ocupación,entrenador,paraguay
Juan Ángel Napout,Ocupación,futbolista,paraguay
Juan Ángel Napout,Ocupación,dirigente deportivo,paraguay
Juan Ángel Napout,Cargo,vicepresidente,paraguay
Juan Ángel Napout,Cargo,presidente de la CONMEBOL,paraguay
Arnaldo Recalde,Lugar de nacimiento,Itauguá,paraguay
Arnaldo Recalde,Ocupación,futbolista,paraguay
Arnaldo Recalde,Ciudadanía,Paraguay,paraguay
Arnaldo Recalde,Fecha de nacimiento,1991-05-21,paraguay
Dionicio Pérez,Lugar de nacimiento,R. I. Tres Corrales,paraguay
Dionicio Pérez,Ocupación,futbolista,paraguay
Dionicio Pérez,Ciudadanía,Paraguay,paraguay
Dionicio Pérez,Fecha de nacimiento,1986-08-13,paraguay
Arnaldo Samaniego,Lugar de nacimiento,Asunción,paraguay
Arnaldo Samaniego,Ocupación,político,paraguay
Arnaldo Samaniego,Ciudadanía,Paraguay,paraguay
Arnaldo Samaniego,Educado en,Universidad Nacional de Asunción,paraguay
Arnaldo Samaniego,Fecha de nacimiento,1970-02-07,paraguay
Arnaldo Samaniego,Ocupación,economista,paraguay
Ceferino Villagra,Lugar de nacimiento,Ñemby,paraguay
Ceferino Villagra,Ocupación,futbolista,paraguay
Ceferino Villagra,Ciudadanía,Paraguay,paraguay
Ceferino Villagra,Fecha de nacimiento,1969-02-11,paraguay
Leonardo Villagra,Lugar de nacimiento,Asunción,paraguay
Leonardo Villagra,Ocupación,entrenador,paraguay
Leonardo Villagra,Ciudadanía,México,paraguay
Leonardo Villagra,Fecha de nacimiento,1990-09-02,paraguay
Leonardo Villagra,Ocupación,futbolista,paraguay
Leonardo Villagra,Ciudadanía,Paraguay,paraguay
Hugo Santacruz,Lugar de nacimiento,Yasy Cañy,paraguay
Hugo Santacruz,Ocupación,futbolista,paraguay
Hugo Santacruz,Ciudadanía,Paraguay,paraguay
Hugo Santacruz,Fecha de nacimiento,1989-02-06,paraguay
Cristian Sosa Ledesma,Lugar de nacimiento,Guarambaré,paraguay
Cristian Sosa Ledesma,Ocupación,futbolista,paraguay
Cristian Sosa Ledesma,Ciudadanía,Paraguay,paraguay
Cristian Sosa Ledesma,Fecha de nacimiento,1987-08-08,paraguay
Fabián Stark,Lugar de nacimiento,Encarnación,paraguay
Fabián Stark,Ocupación,futbolista,paraguay
Fabián Stark,Ciudadanía,Paraguay,paraguay
Fabián Stark,Fecha de nacimiento,1988-10-30,paraguay
Crispín Verza,Lugar de nacimiento,Asunción,paraguay
Crispín Verza,Ocupación,futbolista,paraguay
Crispín Verza,Ciudadanía,Paraguay,paraguay
Crispín Verza,Fecha de nacimiento,1952-10-24,paraguay
Alberto Noguès,Lugar de nacimiento,Asunción,paraguay
Alberto Noguès,Ocupación,político,paraguay
Alberto Noguès,Ciudadanía,Paraguay,paraguay
Alberto Noguès,Premio recibido,Gran Cruz de la Orden de Isabel la Católica,paraguay
Alberto Noguès,Fecha de nacimiento,1912-01-01,paraguay
Alberto Noguès,Fecha de defunción,2000-01-01,paraguay
Alberto Noguès,Premio recibido,Gran Cruz de la Orden del Mérito Civil,paraguay
Francisco Romero Vázquez,Lugar de nacimiento,Concepción,paraguay
Francisco Romero Vázquez,Ocupación,futbolista,paraguay
Francisco Romero Vázquez,Ciudadanía,Paraguay,paraguay
Francisco Romero Vázquez,Fecha de nacimiento,1942-12-17,paraguay
Francisco Romero Vázquez,Fecha de defunción,1997-02-13,paraguay
Lucio Calonga,Lugar de nacimiento,Asunción,paraguay
Lucio Calonga,Ocupación,futbolista,paraguay
Lucio Calonga,Ciudadanía,Paraguay,paraguay
Lucio Calonga,Fecha de nacimiento,1939-12-13,paraguay
Lucio Calonga,Fecha de defunción,2007-02-08,paraguay
Virginia Corvalán,Lugar de nacimiento,Asunción,paraguay
Virginia Corvalán,Ocupación,abogado,paraguay
Virginia Corvalán,Ciudadanía,Paraguay,paraguay
Virginia Corvalán,Fecha de nacimiento,1900-02-09,paraguay
Virginia Corvalán,Fecha de defunción,1957-01-01,paraguay
Virginia Corvalán,Ocupación,suffragette,paraguay
Armando Vera,Lugar de nacimiento,Asunción,paraguay
Armando Vera,Ocupación,futbolista,paraguay
Armando Vera,Ciudadanía,Paraguay,paraguay
Armando Vera,Fecha de nacimiento,1991-02-03,paraguay
Armando Vera,Fecha de nacimiento,1993-02-04,paraguay
Carlos Olmedo,Ocupación,futbolista,paraguay
Carlos Olmedo,Ciudadanía,Paraguay,paraguay
Carlos Olmedo,Fecha de nacimiento,1960-06-18,paraguay
Mariano Roque Alonso,país,Paraguay,paraguay
Mariano Roque Alonso,instancia de,municipio de Paraguay,paraguay
Mariano Roque Alonso,situado en la entidad territorial administrativa,Departamento Central,paraguay
funcionario,instancia de,profesión,paraguay
funcionario,instancia de,alto cargo,paraguay
funcionario,instancia de,cargo,paraguay
funcionario,subclase de,persona jurídica,paraguay
funcionario,subclase de,burócrata,paraguay
empresario,instancia de,profesión,paraguay
empresario,instancia de,persona jurídica,paraguay
empresario,instancia de,ocupación,paraguay
empresario,instancia de,concepto económico,paraguay
presidente,instancia de,cargo,paraguay
presidente,subclase de,líder de una organización,paraguay
presidente,se dice que es lo mismo que,líder,paraguay
presidente,se dice que es lo mismo que,presidente,paraguay
R. I. Tres Corrales,país,Paraguay,paraguay
R. I. Tres Corrales,instancia de,municipio de Paraguay,paraguay
R. I. Tres Corrales,situado en la entidad territorial administrativa,Departamento de Caaguazú,paraguay
Yasy Cañy,país,Paraguay,paraguay
Yasy Cañy,instancia de,municipio de Paraguay,paraguay
Yasy Cañy,situado en la entidad territorial administrativa,Departamento de Canindeyú,paraguay
Gran Cruz de la Orden de Isabel la Católica,país,España,paraguay
Gran Cruz de la Orden de Isabel la Católica,instancia de,grado de una orden,paraguay
Gran Cruz de la Orden de Isabel la Católica,subclase de,Gran Cruz,paraguay
Gran Cruz de la Orden de Isabel la Católica,forma parte de,Orden de Isabel la Católica,paraguay
Gran Cruz de la Orden de Isabel la Católica,categoría para los galardonados con este premio,Categoría:Caballeros grandes cruces de la Orden de Isabel la Católica,paraguay
Celso Guerrero,Lugar de nacimiento,Asunción,paraguay
Celso Guerrero,Ocupación,futbolista,paraguay
Celso Guerrero,Ciudadanía,Paraguay,paraguay
Celso Guerrero,Fecha de nacimiento,1972-04-17,paraguay
Charli González,Lugar de nacimiento,Villarrica,paraguay
Charli González,Ocupación,futbolista,paraguay
Charli González,Ciudadanía,Paraguay,paraguay
Charli González,Fecha de nacimiento,1993-02-04,paraguay
Darío Figueredo,Lugar de nacimiento,Colonia Independencia (Paraguay),paraguay
Darío Figueredo,Ocupación,futbolista,paraguay
Darío Figueredo,Ciudadanía,Paraguay,paraguay
Darío Figueredo,Fecha de nacimiento,1957-07-02,paraguay
Eumelio Palacios,Lugar de nacimiento,Asunción,paraguay
Eumelio Palacios,Ocupación,futbolista,paraguay
Eumelio Palacios,Ciudadanía,Paraguay,paraguay
Eumelio Palacios,Fecha de nacimiento,1964-09-15,paraguay
Dido Florentín Bogado,Lugar de nacimiento,Coronel Bogado,paraguay
Dido Florentín Bogado,Ocupación,diplomático,paraguay
Dido Florentín Bogado,Ciudadanía,Paraguay,paraguay
Dido Florentín Bogado,Educado en,Universidad Nacional de Asunción,paraguay
Dido Florentín Bogado,Fecha de nacimiento,1930-04-28,paraguay
Julio César Franco,Lugar de nacimiento,Asunción,paraguay
Julio César Franco,Ocupación,entrenador,paraguay
Julio César Franco,Ciudadanía,Paraguay,paraguay
Julio César Franco,Fecha de nacimiento,1965-10-01,paraguay
Julio César Franco,Ocupación,futbolista,paraguay
Francisco Silva Cabrera,Lugar de nacimiento,Presidente Franco,paraguay
Francisco Silva Cabrera,Ocupación,futbolista,paraguay
Francisco Silva Cabrera,Ciudadanía,Paraguay,paraguay
Francisco Silva Cabrera,Fecha de nacimiento,1990-10-18,paraguay
Marcelino Blanco,Ocupación,futbolista,paraguay
Marcelino Blanco,Ciudadanía,Paraguay,paraguay
Marcelino Blanco,Fecha de nacimiento,1966-01-03,paraguay
Marcial Garay,Lugar de nacimiento,Encarnación,paraguay
Marcial Garay,Ocupación,futbolista,paraguay
Marcial Garay,Ciudadanía,Paraguay,paraguay
Marcial Garay,Fecha de nacimiento,1968-04-29,paraguay
Iván Ramírez,Lugar de nacimiento,Asunción,paraguay
Iván Ramírez,Ocupación,entrenador,paraguay
Iván Ramírez,Ciudadanía,Paraguay,paraguay
Iván Ramírez,Fecha de nacimiento,1994-01-25,paraguay
Iván Ramírez,Ocupación,futbolista,paraguay
Iván Ramírez,Fecha de nacimiento,1994-12-08,paraguay
Nery Ortiz,Lugar de nacimiento,Juan E. O' Leary,paraguay
Nery Ortiz,Ocupación,futbolista,paraguay
Nery Ortiz,Ciudadanía,Paraguay,paraguay
Nery Ortiz,Fecha de nacimiento,1973-03-16,paraguay
Juan Carlos Lezcano López,Lugar de nacimiento,Asunción,paraguay
Juan Carlos Lezcano López,Ocupación,futbolista,paraguay
Juan Carlos Lezcano López,Ciudadanía,Paraguay,paraguay
Juan Carlos Lezcano López,Fecha de nacimiento,1938-11-05,paraguay
Juan Franco Arrellaga,Lugar de nacimiento,Asunción,paraguay
Juan Franco Arrellaga,Ocupación,futbolista,paraguay
Juan Franco Arrellaga,Ciudadanía,Paraguay,paraguay
Juan Franco Arrellaga,Fecha de nacimiento,1992-02-10,paraguay
Juan Manuel Marcos,Lugar de nacimiento,Asunción,paraguay
Juan Manuel Marcos,Ocupación,escritor,paraguay
Juan Manuel Marcos,Ciudadanía,Paraguay,paraguay
Juan Manuel Marcos,Educado en,Universidad Harvard,paraguay
Juan Manuel Marcos,Empleador,Universidad de California,paraguay
Juan Manuel Marcos,Fecha de nacimiento,1950-01-01,paraguay
Juan Manuel Marcos,Ocupación,poeta,paraguay
Juan Manuel Marcos,Ocupación,crítico literario,paraguay
Juan Manuel Marcos,Ocupación,filósofo,paraguay
Juan Manuel Marcos,Fecha de nacimiento,1950-06-01,paraguay
Juan Manuel Marcos,Educado en,Universidad Yale,paraguay
Juan Manuel Marcos,Educado en,Universidad Complutense de Madrid,paraguay
Juan Manuel Marcos,Educado en,Universidad de Pittsburgh,paraguay
Juan Manuel Marcos,Educado en,Universidad Nacional de Asunción,paraguay
Oscar Surián,Lugar de nacimiento,Asunción,paraguay
Oscar Surián,Ocupación,futbolista,paraguay
Oscar Surián,Ciudadanía,Paraguay,paraguay
Oscar Surián,Fecha de nacimiento,1959-08-07,paraguay
Lilian Samaniego,Lugar de nacimiento,Asunción,paraguay
Lilian Samaniego,Ocupación,político,paraguay
Lilian Samaniego,Ciudadanía,Paraguay,paraguay
Lilian Samaniego,Educado en,Universidad Nacional de Asunción,paraguay
Lilian Samaniego,Cargo,Senador Nacional de Paraguay,paraguay
Lilian Samaniego,Fecha de nacimiento,1965-02-25,paraguay
Ramón Alfredo Escobar,Ocupación,futbolista,paraguay
Ramón Alfredo Escobar,Ciudadanía,Paraguay,paraguay
Ramón Alfredo Escobar,Fecha de nacimiento,1964-10-03,paraguay
Luis María Ramírez Boettner,Lugar de nacimiento,Asunción,paraguay
Luis María Ramírez Boettner,Ocupación,abogado,paraguay
Luis María Ramírez Boettner,Ciudadanía,Paraguay,paraguay
Luis María Ramírez Boettner,Educado en,Escuela de Derecho Harvard,paraguay
Luis María Ramírez Boettner,Cargo,ministro de Relaciones Exteriores,paraguay
Luis María Ramírez Boettner,Premio recibido,Gran Cruz de la Orden El Sol del Perú,paraguay
Luis María Ramírez Boettner,Fecha de nacimiento,1918-03-13,paraguay
Luis María Ramírez Boettner,Fecha de defunción,2017-07-25,paraguay
Luis María Ramírez Boettner,Ocupación,diplomático,paraguay
Luis María Ramírez Boettner,Ocupación,historiador,paraguay
Luis María Ramírez Boettner,Premio recibido,Medalla de la República Oriental del Uruguay,paraguay
Luis María Ramírez Boettner,Educado en,Universidad de Míchigan,paraguay
Luis María Ramírez Boettner,Educado en,Universidad de Chile,paraguay
Luis María Ramírez Boettner,Educado en,Escuela de Derecho de la Universidad de Michigan,paraguay
Luis María Ramírez Boettner,Educado en,Universidad Nacional de Asunción,paraguay
Lázaro Morga Lacalle,Ocupación,empresario,paraguay
Lázaro Morga Lacalle,Ciudadanía,Paraguay,paraguay
Lázaro Morga Lacalle,Fecha de nacimiento,1913-10-17,paraguay
Lázaro Morga Lacalle,Fecha de defunción,2010-01-01,paraguay
Ricardo González Rotela,Lugar de nacimiento,Piribebuy,paraguay
Ricardo González Rotela,Ocupación,futbolista,paraguay
Ricardo González Rotela,Ciudadanía,Paraguay,paraguay
Ricardo González Rotela,Fecha de nacimiento,1945-02-07,paraguay
Colonia Independencia (Paraguay),país,Paraguay,paraguay
Colonia Independencia (Paraguay),instancia de,municipio de Paraguay,paraguay
Colonia Independencia (Paraguay),situado en la entidad territorial administrativa,Departamento de Guairá,paraguay
Juan E. O' Leary,país,Paraguay,paraguay
Juan E. O' Leary,instancia de,municipio de Paraguay,paraguay
Juan E. O' Leary,situado en la entidad territorial administrativa,Departamento de Alto Paraná,paraguay
Universidad Harvard,filial,Escuela de Medicina Harvard,paraguay
Universidad Harvard,filial,Escuela de Derecho Harvard,paraguay
Universidad Harvard,filial,Escuela de Negocios Harvard,paraguay
Universidad Harvard,filial,Escuela de Gobierno John F. Kennedy,paraguay
Universidad de California,país,Estados Unidos,paraguay
Universidad de California,instancia de,Universidad de concesión de tierras,paraguay
Universidad de California,instancia de,sistema de universidad estatal,paraguay
Universidad de California,fundador,Frederick Low,paraguay
Universidad de California,situado en la entidad territorial administrativa,Oakland,paraguay
Escuela de Derecho Harvard,país,Estados Unidos,paraguay
Escuela de Derecho Harvard,instancia de,facultad de derecho,paraguay
Escuela de Derecho Harvard,instancia de,editorial,paraguay
Escuela de Derecho Harvard,instancia de,escuela de postgrado,paraguay
Escuela de Derecho Harvard,situado en la entidad territorial administrativa,Cambridge,paraguay
ministro de Relaciones Exteriores,instancia de,cargo público,paraguay
ministro de Relaciones Exteriores,campo de trabajo,relaciones exteriores,paraguay
ministro de Relaciones Exteriores,subclase de,ministro,paraguay
ministro de Relaciones Exteriores,categoría principal del tema,Categoría:Ministros de Relaciones Exteriores,paraguay
ministro de Relaciones Exteriores,organización dirigida desde este cargo,ministerio de relaciones exteriores,paraguay
Marin José Guimaraens,Lugar de nacimiento,Paraguay,paraguay
Marin José Guimaraens,Ocupación,entrenador,paraguay
Marin José Guimaraens,Ciudadanía,Paraguay,paraguay
Marin José Guimaraens,Fecha de nacimiento,1987-02-01,paraguay
Marin José Guimaraens,Ocupación,futbolista,paraguay
Roger Miller Rojas,Lugar de nacimiento,San José de los Arroyos,paraguay
Roger Miller Rojas,Ocupación,entrenador,paraguay
Roger Miller Rojas,Ciudadanía,Paraguay,paraguay
Roger Miller Rojas,Fecha de nacimiento,1993-03-08,paraguay
Roger Miller Rojas,Ocupación,futbolista,paraguay
Soledad Barrett Viedma,Lugar de nacimiento,Laureles,paraguay
Soledad Barrett Viedma,Ocupación,militante de la resistencia,paraguay
Soledad Barrett Viedma,Ciudadanía,Brasil,paraguay
Soledad Barrett Viedma,Miembro de,Vanguardia Popular Revolucionaria,paraguay
Soledad Barrett Viedma,Fecha de nacimiento,1945-01-06,paraguay
Soledad Barrett Viedma,Ocupación,bailarín,paraguay
Soledad Barrett Viedma,Ciudadanía,Paraguay,paraguay
Antonio Guasch,Ocupación,sacerdote,paraguay
Antonio Guasch,Ciudadanía,Paraguay,paraguay
Antonio Guasch,Fecha de nacimiento,1879-01-01,paraguay
Antonio Guasch,Fecha de defunción,1965-01-01,paraguay
Antonio Guasch,Ocupación,lingüista,paraguay
Orlando Ramón Giménez Álvarez,Ocupación,futbolista,paraguay
Orlando Ramón Giménez Álvarez,Ciudadanía,Paraguay,paraguay
Orlando Ramón Giménez Álvarez,Fecha de nacimiento,1952-01-24,paraguay
Luis César Ortiz Aquino,Lugar de nacimiento,Asunción,paraguay
Luis César Ortiz Aquino,Ocupación,futbolista,paraguay
Luis César Ortiz Aquino,Ciudadanía,Paraguay,paraguay
Luis César Ortiz Aquino,Fecha de nacimiento,1949-08-25,paraguay
Juvencio Osorio,Lugar de nacimiento,Asunción,paraguay
Juvencio Osorio,Ocupación,futbolista,paraguay
Juvencio Osorio,Ciudadanía,Paraguay,paraguay
Juvencio Osorio,Fecha de nacimiento,1950-06-01,paraguay
Juvencio Osorio,Fecha de defunción,2023-03-10,paraguay
Heiko Grobenstieg,Ocupación,ciclista,paraguay
Heiko Grobenstieg,Ciudadanía,Paraguay,paraguay
Heiko Grobenstieg,Fecha de nacimiento,1975-08-28,paraguay
Gustavo Miño,Lugar de nacimiento,Paraguay,paraguay
Gustavo Miño,Ocupación,ciclista,paraguay
Gustavo Miño,Ciudadanía,Paraguay,paraguay
Gustavo Miño,Fecha de nacimiento,1984-06-12,paraguay
Antonio Zaracho,Lugar de nacimiento,Asunción,paraguay
Antonio Zaracho,Ocupación,futbolista,paraguay
Antonio Zaracho,Ciudadanía,Chile,paraguay
Antonio Zaracho,Fecha de nacimiento,1957-06-13,paraguay
Antonio Zaracho,Ciudadanía,Paraguay,paraguay
Rodney Aquino,Ocupación,árbitro de fútbol,paraguay
Rodney Aquino,Ciudadanía,Paraguay,paraguay
Rodney Aquino,Fecha de nacimiento,1984-04-16,paraguay
Alcides Báez,Lugar de nacimiento,Asunción,paraguay
Alcides Báez,Ocupación,futbolista,paraguay
Alcides Báez,Ciudadanía,Paraguay,paraguay
Alcides Báez,Fecha de nacimiento,1947-01-17,paraguay
Alcides Báez,Fecha de defunción,2023-10-08,paraguay
Carlos Melanio Espínola,Ocupación,futbolista,paraguay
Carlos Melanio Espínola,Ciudadanía,Paraguay,paraguay
Carlos Melanio Espínola,Fecha de nacimiento,1955-12-31,paraguay
Gerónimo Ovelar,Lugar de nacimiento,Paraguay,paraguay
Gerónimo Ovelar,Ocupación,futbolista,paraguay
Gerónimo Ovelar,Ciudadanía,Paraguay,paraguay
Gerónimo Ovelar,Fecha de nacimiento,1951-09-30,paraguay
Flamínio Sosa,Lugar de nacimiento,Caraguatay,paraguay
Flamínio Sosa,Ocupación,futbolista,paraguay
Flamínio Sosa,Ciudadanía,Paraguay,paraguay
Flamínio Sosa,Fecha de nacimiento,1946-01-24,paraguay
César Serna,Lugar de nacimiento,Paraguay,paraguay
César Serna,Ocupación,futbolista,paraguay
César Serna,Ciudadanía,Paraguay,paraguay
César Serna,Fecha de nacimiento,1992-02-20,paraguay
Lidio Benítez,Lugar de nacimiento,Capiatá,paraguay
Lidio Benítez,Ocupación,futbolista,paraguay
Lidio Benítez,Ciudadanía,Paraguay,paraguay
Lidio Benítez,Fecha de nacimiento,1978-07-18,paraguay
Isabelino Acosta,Ocupación,futbolista,paraguay
Isabelino Acosta,Ciudadanía,Paraguay,paraguay
Isabelino Acosta,Fecha de nacimiento,1956-12-02,paraguay
Diego Fabián Barreto,Lugar de nacimiento,Asunción,paraguay
Diego Fabián Barreto,Ocupación,futbolista,paraguay
Diego Fabián Barreto,Ciudadanía,Paraguay,paraguay
Diego Fabián Barreto,Fecha de nacimiento,1993-05-31,paraguay
Arecio Colmán,Ocupación,futbolista,paraguay
Arecio Colmán,Ciudadanía,Paraguay,paraguay
Arecio Colmán,Fecha de nacimiento,1951-06-10,paraguay
Laureles,país,Paraguay,paraguay
Laureles,instancia de,municipio de Paraguay,paraguay
Laureles,situado en la entidad territorial administrativa,Departamento de Ñeembucú,paraguay
militante de la resistencia,instancia de,ocupación,paraguay
militante de la resistencia,subclase de,rebelde,paraguay
militante de la resistencia,subclase de,activista político,paraguay
militante de la resistencia,ámbito de la ocupación,resistencia,paraguay
militante de la resistencia,miembro de,movimiento de resistencia,paraguay
Vanguardia Popular Revolucionaria,país,Brasil,paraguay
Vanguardia Popular Revolucionaria,instancia de,organización política,paraguay
sacerdote,instancia de,ocupación religiosa,paraguay
sacerdote,subclase de,clérigo,paraguay
sacerdote,ámbito de la ocupación,sacerdocio,paraguay
sacerdote,se dice que es lo mismo que,ministro religioso,paraguay
sacerdote,prefijo honorífico,reverendo,paraguay
lingüista,instancia de,profesión,paraguay
lingüista,instancia de,ocupación,paraguay
lingüista,instancia de,profesión académica,paraguay
lingüista,subclase de,filólogo,paraguay
ciclista,instancia de,profesión,paraguay
ciclista,instancia de,deportista,paraguay
ciclista,subclase de,ciclista,paraguay
ciclista,ámbito de la ocupación,ciclismo de competición,paraguay
Chile,forma parte de,América del Sur,paraguay
Chile,forma parte de,Cono Sur,paraguay
Chile,miembro de,Organización de las Naciones Unidas,paraguay
Marcos Riveros,Lugar de nacimiento,Asunción,paraguay
Marcos Riveros,Ocupación,entrenador,paraguay
Marcos Riveros,Ciudadanía,Paraguay,paraguay
Marcos Riveros,Fecha de nacimiento,1988-09-04,paraguay
Marcos Riveros,Ocupación,futbolista,paraguay
Mario César Ramírez,Lugar de nacimiento,Limpio,paraguay
Mario César Ramírez,Ocupación,entrenador,paraguay
Mario César Ramírez,Ciudadanía,Paraguay,paraguay
Mario César Ramírez,Fecha de nacimiento,1965-05-25,paraguay
Mario César Ramírez,Ocupación,futbolista,paraguay
Mario Ruiz-Díaz,Ciudadanía,Paraguay,paraguay
Mario Ruiz-Díaz,Fecha de nacimiento,1955-10-07,paraguay
Mauro Andrés Caballero,Lugar de nacimiento,Asunción,paraguay
Mauro Andrés Caballero,Ocupación,entrenador,paraguay
Mauro Andrés Caballero,Ciudadanía,Paraguay,paraguay
Mauro Andrés Caballero,Fecha de nacimiento,1994-10-08,paraguay
Mauro Andrés Caballero,Ocupación,futbolista,paraguay
Miguel Cáceres,Ocupación,futbolista,paraguay
Miguel Cáceres,Ciudadanía,Paraguay,paraguay
Miguel Cáceres,Fecha de nacimiento,1978-06-06,paraguay
Miguel Medina,Lugar de nacimiento,San Lorenzo,paraguay
Miguel Medina,Ocupación,entrenador,paraguay
Miguel Medina,Ciudadanía,Paraguay,paraguay
Miguel Medina,Fecha de nacimiento,1993-06-01,paraguay
Miguel Medina,Ocupación,futbolista,paraguay
Miguel Ortega,Lugar de nacimiento,Itajubá,paraguay
Miguel Ortega,Ocupación,futbolista,paraguay
Miguel Ortega,Ciudadanía,Paraguay,paraguay
Miguel Ortega,Fecha de nacimiento,1917-07-05,paraguay
Miguel Ángel Martínez Ovelar,Lugar de nacimiento,Arroyos y Esteros,paraguay
Miguel Ángel Martínez Ovelar,Ciudadanía,Paraguay,paraguay
Miguel Ángel Martínez Ovelar,Fecha de nacimiento,1964-04-21,paraguay
Milner Ayala,Lugar de nacimiento,Asunción,paraguay
Milner Ayala,Ocupación,futbolista,paraguay
Milner Ayala,Ciudadanía,Paraguay,paraguay
Milner Ayala,Fecha de nacimiento,1928-09-03,paraguay
Milner Ayala,Fecha de defunción,2001-07-29,paraguay
Nelson Romero,Lugar de nacimiento,San Lorenzo,paraguay
Nelson Romero,Ocupación,futbolista,paraguay
Nelson Romero,Ciudadanía,Paraguay,paraguay
Nelson Romero,Fecha de nacimiento,1984-11-18,paraguay
Nery Antonio Cardozo,Lugar de nacimiento,Quiindy,paraguay
Nery Antonio Cardozo,Ocupación,entrenador,paraguay
Nery Antonio Cardozo,Ciudadanía,Paraguay,paraguay
Nery Antonio Cardozo,Fecha de nacimiento,1989-05-26,paraguay
Nery Antonio Cardozo,Ocupación,árbitro de fútbol,paraguay
Nery Antonio Cardozo,Ocupación,futbolista,paraguay
Néstor Isasi,Lugar de nacimiento,Encarnación,paraguay
Néstor Isasi,Ocupación,futbolista,paraguay
Néstor Isasi,Ciudadanía,Paraguay,paraguay
Néstor Isasi,Fecha de nacimiento,1970-04-09,paraguay
Néstor Isasi,Fecha de nacimiento,1972-04-09,paraguay
Omar Espineda,Ciudadanía,Paraguay,paraguay
Omar Espineda,Fecha de nacimiento,1967-12-17,paraguay
Oreste Sallustro,Lugar de nacimiento,Asunción,paraguay
Oreste Sallustro,Ocupación,futbolista,paraguay
Oreste Sallustro,Ciudadanía,Italia,paraguay
Oreste Sallustro,Fecha de nacimiento,1911-08-16,paraguay
Oreste Sallustro,Ciudadanía,Paraguay,paraguay
Oscar Basualdo,Ocupación,entrenador de fútbol sala,paraguay
Oscar Basualdo,Ciudadanía,Paraguay,paraguay
Pablo Benítez,Ciudadanía,Paraguay,paraguay
Pablo Benítez,Fecha de nacimiento,1965-07-07,paraguay
Pedro Fernández Cantero,Lugar de nacimiento,Concepción,paraguay
Pedro Fernández Cantero,Ocupación,futbolista,paraguay
Pedro Fernández Cantero,Ciudadanía,Paraguay,paraguay
Pedro Fernández Cantero,Fecha de nacimiento,1946-04-29,paraguay
Pedro Fernández Cantero,Fecha de defunción,2020-11-21,paraguay
Pedro Franco,Ciudadanía,Paraguay,paraguay
Pedro Franco,Fecha de nacimiento,1964-07-01,paraguay
Pedro Richard Irala,Lugar de nacimiento,Fernando de la Mora,paraguay
Pedro Richard Irala,Ocupación,entrenador,paraguay
Pedro Richard Irala,Ciudadanía,Paraguay,paraguay
Pedro Richard Irala,Fecha de nacimiento,1979-04-14,paraguay
Pedro Richard Irala,Ocupación,futbolista,paraguay
Ramón Carosini,Lugar de nacimiento,Asunción,paraguay
Ramón Carosini,Ocupación,jugador de fútbol sala,paraguay
Ramón Carosini,Ciudadanía,Paraguay,paraguay
Ramón Carosini,Fecha de nacimiento,1960-08-30,paraguay
Itajubá,país,Brasil,paraguay
Itajubá,instancia de,municipio de Brasil,paraguay
Itajubá,comparte fronteras con,Wenceslau Braz,paraguay
Itajubá,comparte fronteras con,Piranguinho,paraguay
entrenador de fútbol sala,instancia de,profesión,paraguay
entrenador de fútbol sala,subclase de,entrenador,paraguay
entrenador de fútbol sala,ámbito de la ocupación,fútbol sala,paraguay
entrenador de fútbol sala,deporte,fútbol sala,paraguay
entrenador de fútbol sala,categoría principal del tema,Categoría:Entrenadores de fútbol sala,paraguay
Ramón Mayeregger,Lugar de nacimiento,Asunción,paraguay
Ramón Mayeregger,Ocupación,futbolista,paraguay
Ramón Mayeregger,Ciudadanía,Paraguay,paraguay
Ramón Mayeregger,Fecha de nacimiento,1934-02-26,paraguay
Raúl Cáceres,Lugar de nacimiento,Asunción,paraguay
Raúl Cáceres,Ocupación,entrenador,paraguay
Raúl Cáceres,Ciudadanía,Paraguay,paraguay
Raúl Cáceres,Fecha de nacimiento,1991-09-18,paraguay
Raúl Cáceres,Ocupación,futbolista,paraguay
Ricardo Mazacotte,Lugar de nacimiento,Formosa,paraguay
Ricardo Mazacotte,Ocupación,entrenador,paraguay
Ricardo Mazacotte,Ciudadanía,Argentina,paraguay
Ricardo Mazacotte,Fecha de nacimiento,1985-01-09,paraguay
Ricardo Mazacotte,Ocupación,futbolista,paraguay
Ricardo Mazacotte,Ciudadanía,Paraguay,paraguay
Richard Salinas,Lugar de nacimiento,Asunción,paraguay
Richard Salinas,Ocupación,entrenador,paraguay
Richard Salinas,Ciudadanía,Paraguay,paraguay
Richard Salinas,Fecha de nacimiento,1988-02-06,paraguay
Richard Salinas,Ocupación,futbolista,paraguay
Robin Ramírez,Lugar de nacimiento,Ciudad del Este,paraguay
Robin Ramírez,Ocupación,futbolista,paraguay
Robin Ramírez,Ciudadanía,Paraguay,paraguay
Robin Ramírez,Fecha de nacimiento,1989-11-11,paraguay
Rolando García Guerreño,Lugar de nacimiento,Asunción,paraguay
Rolando García Guerreño,Ocupación,entrenador,paraguay
Rolando García Guerreño,Ciudadanía,Paraguay,paraguay
Rolando García Guerreño,Fecha de nacimiento,1990-02-10,paraguay
Rolando García Guerreño,Ocupación,futbolista,paraguay
Rubén Maldonado,Lugar de nacimiento,Asunción,paraguay
Rubén Maldonado,Ocupación,entrenador,paraguay
Rubén Maldonado,Ciudadanía,Paraguay,paraguay
Rubén Maldonado,Fecha de nacimiento,1979-04-29,paraguay
Rubén Maldonado,Ocupación,futbolista,paraguay
Salvador Villalba,Lugar de nacimiento,Paraguay,paraguay
Salvador Villalba,Ocupación,futbolista,paraguay
Salvador Villalba,Ciudadanía,Paraguay,paraguay
Salvador Villalba,Fecha de nacimiento,1924-08-29,paraguay
Salvador Villalba,Fecha de defunción,2021-12-01,paraguay
Saturnino Arrúa Molinas,Lugar de nacimiento,Itá,paraguay
Saturnino Arrúa Molinas,Ocupación,entrenador,paraguay
Saturnino Arrúa Molinas,Ciudadanía,Paraguay,paraguay
Saturnino Arrúa Molinas,Fecha de nacimiento,1949-04-07,paraguay
Saturnino Arrúa Molinas,Ocupación,futbolista,paraguay
Sergio Vergara,Lugar de nacimiento,Asunción,paraguay
Sergio Vergara,Ocupación,entrenador,paraguay
Sergio Vergara,Ciudadanía,Paraguay,paraguay
Sergio Vergara,Fecha de nacimiento,1988-12-15,paraguay
Sergio Vergara,Ocupación,futbolista,paraguay
Sergio Vergara,Fecha de nacimiento,1989-12-15,paraguay
Sharlene Wells Hawkes,Lugar de nacimiento,Asunción,paraguay
Sharlene Wells Hawkes,Ocupación,comentarista deportivo,paraguay
Sharlene Wells Hawkes,Ciudadanía,Estados Unidos,paraguay
Sharlene Wells Hawkes,Educado en,Universidad de Utah,paraguay
Sharlene Wells Hawkes,Fecha de nacimiento,1964-03-16,paraguay
Sharlene Wells Hawkes,Ocupación,modelo,paraguay
Sharlene Wells Hawkes,Ocupación,participante en concursos de belleza,paraguay
Sharlene Wells Hawkes,Ciudadanía,Paraguay,paraguay
Sharlene Wells Hawkes,Educado en,Universidad Brigham Young,paraguay
Sharlene Wells Hawkes,Educado en,Skyline High School,paraguay
Silvio Garay,Lugar de nacimiento,Asunción,paraguay
Silvio Garay,Ocupación,futbolista,paraguay
Silvio Garay,Ciudadanía,Paraguay,paraguay
Silvio Garay,Fecha de nacimiento,1973-09-20,paraguay
Silvio Torales,Lugar de nacimiento,Asunción,paraguay
Silvio Torales,Ocupación,entrenador,paraguay
Silvio Torales,Ciudadanía,Paraguay,paraguay
Silvio Torales,Fecha de nacimiento,1991-09-23,paraguay
Silvio Torales,Ocupación,futbolista,paraguay
Silvio Suárez,Lugar de nacimiento,Itacurubí del Rosario,paraguay
Silvio Suárez,Ocupación,futbolista,paraguay
Silvio Suárez,Ciudadanía,Paraguay,paraguay
Silvio Suárez,Fecha de nacimiento,1969-01-05,paraguay
Tomás Bobadilla,Ciudadanía,Paraguay,paraguay
Tomás Bobadilla,Fecha de nacimiento,1961-03-07,paraguay
Tomás Bartomeus,Lugar de nacimiento,Cambyretá,paraguay
Tomás Bartomeus,Ocupación,entrenador,paraguay
Tomás Bartomeus,Ciudadanía,Paraguay,paraguay
Tomás Bartomeus,Fecha de nacimiento,1982-10-27,paraguay
Tomás Bartomeus,Ocupación,futbolista,paraguay
Vidal Sanabria,Lugar de nacimiento,San Lorenzo,paraguay
Vidal Sanabria,Ocupación,futbolista,paraguay
Vidal Sanabria,Ciudadanía,Paraguay,paraguay
Vidal Sanabria,Fecha de nacimiento,1966-04-11,paraguay
Virginio Cáceres,Lugar de nacimiento,Itacurubí del Rosario,paraguay
Virginio Cáceres,Ocupación,entrenador,paraguay
Virginio Cáceres,Ciudadanía,Paraguay,paraguay
Virginio Cáceres,Fecha de nacimiento,1962-05-21,paraguay
Virginio Cáceres,Ocupación,futbolista,paraguay
Virginio Cáceres,Fecha de nacimiento,1966-05-21,paraguay
Víctor Ayala,Lugar de nacimiento,Eusebio Ayala,paraguay
Víctor Ayala,Ocupación,futbolista,paraguay
Víctor Ayala,Ciudadanía,Paraguay,paraguay
Víctor Ayala,Fecha de nacimiento,1988-01-01,paraguay
Víctor López,Ciudadanía,Paraguay,paraguay
Víctor López,Fecha de nacimiento,1965-07-21,paraguay
Formosa,país,Argentina,paraguay
Formosa,instancia de,ciudad,paraguay
Formosa,instancia de,municipio,paraguay
Formosa,instancia de,gran ciudad,paraguay
Formosa,instancia de,municipio de Argentina,paraguay
comentarista deportivo,instancia de,profesión,paraguay
comentarista deportivo,subclase de,presentador de televisión,paraguay
comentarista deportivo,subclase de,locutor,paraguay
comentarista deportivo,subclase de,comentarista,paraguay
comentarista deportivo,subclase de,escritor deportivo,paraguay
Estados Unidos,forma de gobierno,república,paraguay
Estados Unidos,forma de gobierno,presidencialismo,paraguay
Estados Unidos,forma de gobierno,república federal,paraguay
Estados Unidos,nombrado en referencia a,América,paraguay
Estados Unidos,subdividido en (división administrativa),California,paraguay
Universidad de Utah,propietario de,Rice-Eccles Stadium,paraguay
Cambyretá,país,Paraguay,paraguay
Cambyretá,instancia de,municipio de Paraguay,paraguay
Cambyretá,situado en la entidad territorial administrativa,Departamento de Itapúa,paraguay
Cambyretá,situado cerca del cuerpo de agua,Paraná,paraguay
Óscar Ayala,Lugar de nacimiento,Mariano Roque Alonso,paraguay
Óscar Ayala,Ocupación,entrenador,paraguay
Óscar Ayala,Ciudadanía,Paraguay,paraguay
Óscar Ayala,Fecha de nacimiento,1985-04-03,paraguay
Óscar Ayala,Ocupación,futbolista,paraguay
Óscar Omar Ayala,Lugar de nacimiento,Nueva Italia,paraguay
Óscar Omar Ayala,Ocupación,futbolista,paraguay
Óscar Omar Ayala,Ciudadanía,Paraguay,paraguay
Óscar Omar Ayala,Fecha de nacimiento,1980-03-14,paraguay
Juan Belaieff,Lugar de nacimiento,San Petersburgo,paraguay
Juan Belaieff,Ocupación,militar,paraguay
Juan Belaieff,Ciudadanía,Paraguay,paraguay
Juan Belaieff,Educado en,Escuela de Artillería Mijailovski,paraguay
Juan Belaieff,Premio recibido,Caballero de cuarta clase de la Orden de San Jorge del Imperio ruso,paraguay
Juan Belaieff,Fecha de nacimiento,1875-04-19,paraguay
Juan Belaieff,Fecha de defunción,1957-01-19,paraguay
Juan Belaieff,Ocupación,geógrafo,paraguay
Juan Belaieff,Ocupación,cartógrafo,paraguay
Juan Belaieff,Premio recibido,Caballero de tercera clase de la Orden de Santa Ana,paraguay
Juan Belaieff,Premio recibido,Caballero de tercera clase de la Orden de San Estanislao,paraguay
Juan Belaieff,Fecha de defunción,1957-06-22,paraguay
Juan Belaieff,Ciudadanía,Imperio ruso,paraguay
Derlis Villagra,Ocupación,tipógrafo,paraguay
Derlis Villagra,Ciudadanía,Paraguay,paraguay
Derlis Villagra,Fecha de nacimiento,1940-01-16,paraguay
Derlis Villagra,Fecha de defunción,1975-12-06,paraguay
Arnaldo André,Lugar de nacimiento,San Bernardino,paraguay
Arnaldo André,Ocupación,actor,paraguay
Arnaldo André,Ciudadanía,Argentina,paraguay
Arnaldo André,Premio recibido,Premio Martín Fierro,paraguay
Arnaldo André,Fecha de nacimiento,1943-11-12,paraguay
Arnaldo André,Ocupación,director de cine,paraguay
Arnaldo André,Ocupación,actor de televisión,paraguay
Arnaldo André,Ciudadanía,Paraguay,paraguay
Stephan Vysokolan,Lugar de nacimiento,Nalivaika,paraguay
Stephan Vysokolan,Ocupación,oficial militar,paraguay
Stephan Vysokolan,Ciudadanía,Paraguay,paraguay
Stephan Vysokolan,Educado en,Universidad Carolina de Praga,paraguay
Stephan Vysokolan,Fecha de nacimiento,1895-11-28,paraguay
Stephan Vysokolan,Fecha de defunción,1986-07-31,paraguay
Juan Carlos Da Costa,Lugar de nacimiento,Asunción,paraguay
Juan Carlos Da Costa,Ocupación,político,paraguay
Juan Carlos Da Costa,Ciudadanía,Paraguay,paraguay
Juan Carlos Da Costa,Fecha de nacimiento,1944-01-01,paraguay
Juan Carlos Da Costa,Fecha de defunción,1976-04-03,paraguay
Vicente Ignacio Iturbe,Lugar de nacimiento,San Pedro de Ycuamandiyú,paraguay
Vicente Ignacio Iturbe,Ocupación,oficial militar,paraguay
Vicente Ignacio Iturbe,Ciudadanía,Paraguay,paraguay
Vicente Ignacio Iturbe,Fecha de nacimiento,1786-01-01,paraguay
Vicente Ignacio Iturbe,Fecha de defunción,1837-05-28,paraguay
Rogerio Leichtweis,Lugar de nacimiento,Santa Rita,paraguay
Rogerio Leichtweis,Ocupación,entrenador,paraguay
Rogerio Leichtweis,Ciudadanía,Paraguay,paraguay
Rogerio Leichtweis,Fecha de nacimiento,1988-06-28,paraguay
Rogerio Leichtweis,Ocupación,futbolista,paraguay
Pedro Velázquez,Lugar de nacimiento,Paraguarí,paraguay
Pedro Velázquez,Ocupación,entrenador,paraguay
Pedro Velázquez,Ciudadanía,Paraguay,paraguay
Pedro Velázquez,Fecha de nacimiento,1983-05-13,paraguay
Pedro Velázquez,Ocupación,futbolista,paraguay
Jorge Luis Rojas,Lugar de nacimiento,Concepción,paraguay
Jorge Luis Rojas,Ocupación,entrenador,paraguay
Jorge Luis Rojas,Ciudadanía,Paraguay,paraguay
Jorge Luis Rojas,Fecha de nacimiento,1993-01-07,paraguay
Jorge Luis Rojas,Ocupación,futbolista,paraguay
Diego Miranda,Lugar de nacimiento,Paraguay,paraguay
Diego Miranda,Ocupación,entrenador,paraguay
Diego Miranda,Ciudadanía,Paraguay,paraguay
Diego Miranda,Fecha de nacimiento,1986-01-20,paraguay
Diego Miranda,Ocupación,futbolista,paraguay
Julio César Martínez,Lugar de nacimiento,Zeballos Cué,paraguay
Julio César Martínez,Ocupación,entrenador,paraguay
Julio César Martínez,Ciudadanía,Paraguay,paraguay
Julio César Martínez,Fecha de nacimiento,1982-05-31,paraguay
Julio César Martínez,Ocupación,futbolista,paraguay
Vicente Paciello,Lugar de nacimiento,Concepción,paraguay
Vicente Paciello,Ocupación,entrenador,paraguay
Vicente Paciello,Ciudadanía,Paraguay,paraguay
Vicente Paciello,Fecha de nacimiento,1986-02-28,paraguay
Vicente Paciello,Ocupación,futbolista,paraguay
Édgar Baumann,Lugar de nacimiento,San Lorenzo,paraguay
Édgar Baumann,Ocupación,atleta,paraguay
Édgar Baumann,Ciudadanía,Paraguay,paraguay
Édgar Baumann,Fecha de nacimiento,1970-04-10,paraguay
Édgar Baumann,Fecha de nacimiento,1970-04-16,paraguay
Félix Pérez Cardozo,Lugar de nacimiento,Félix Pérez Cardozo (Paraguay),paraguay
Félix Pérez Cardozo,Ocupación,compositor,paraguay
Félix Pérez Cardozo,Ciudadanía,Paraguay,paraguay
Félix Pérez Cardozo,Fecha de nacimiento,1908-11-20,paraguay
Félix Pérez Cardozo,Fecha de defunción,1952-06-09,paraguay
Alicio Solalinde,Lugar de nacimiento,Villeta,paraguay
Alicio Solalinde,Ocupación,entrenador,paraguay
Alicio Solalinde,Ciudadanía,Paraguay,paraguay
Alicio Solalinde,Fecha de nacimiento,1952-02-01,paraguay
Alicio Solalinde,Ocupación,futbolista,paraguay
Enrique Cáceres Villafante,Lugar de nacimiento,Buenos Aires,paraguay
Enrique Cáceres Villafante,Ocupación,árbitro de fútbol,paraguay
Enrique Cáceres Villafante,Ciudadanía,Paraguay,paraguay
Enrique Cáceres Villafante,Cargo,árbitro FIFA,paraguay
Enrique Cáceres Villafante,Fecha de nacimiento,1970-03-20,paraguay
Diego Brizuela,Lugar de nacimiento,Departamento de Canindeyú,paraguay
Diego Brizuela,Ocupación,entrenador,paraguay
Diego Brizuela,Ciudadanía,Paraguay,paraguay
Diego Brizuela,Fecha de nacimiento,1987-12-15,paraguay
Diego Brizuela,Ocupación,futbolista,paraguay
Diego Brizuela,Fecha de nacimiento,1988-12-15,paraguay
Luis Prieto,Lugar de nacimiento,Encarnación,paraguay
Luis Prieto,Ocupación,entrenador,paraguay
Luis Prieto,Ciudadanía,Paraguay,paraguay
Luis Prieto,Fecha de nacimiento,1988-04-20,paraguay
Luis Prieto,Ocupación,futbolista,paraguay
San Petersburgo,jefe de gobierno,Alexander Beglov,paraguay
San Petersburgo,país,Rusia,paraguay
San Petersburgo,continente,Europa,paraguay
San Petersburgo,instancia de,Sujeto federal de Rusia,paraguay
San Petersburgo,instancia de,ciudad federal de Rusia,paraguay
Escuela de Artillería Mijailovski,país,Imperio ruso,paraguay
Escuela de Artillería Mijailovski,instancia de,escuela militar,paraguay
Escuela de Artillería Mijailovski,ubicación,San Petersburgo,paraguay
Caballero de cuarta clase de la Orden de San Jorge del Imperio ruso,país,Imperio ruso,paraguay
Caballero de cuarta clase de la Orden de San Jorge del Imperio ruso,instancia de,grado de una orden,paraguay
Caballero de cuarta clase de la Orden de San Jorge del Imperio ruso,forma parte de,Orden de San Jorge,paraguay
Caballero de cuarta clase de la Orden de San Jorge del Imperio ruso,diferente de,Orden de San Jorge (4.ª clase),paraguay
Caballero de cuarta clase de la Orden de San Jorge del Imperio ruso,categoría para los galardonados con este premio,Categoría:Caballeros de cuarta clase de la Orden de San Jorge,paraguay
tipógrafo,instancia de,profesión,paraguay
tipógrafo,instancia de,ocupación,paraguay
tipógrafo,ámbito de la ocupación,tipografía,paraguay
tipógrafo,categoría principal del tema,Categoría:Tipógrafos,paraguay
San Bernardino,país,Paraguay,paraguay
San Bernardino,instancia de,villa,paraguay
San Bernardino,instancia de,municipio de Paraguay,paraguay
San Bernardino,situado en la entidad territorial administrativa,Departamento de Cordillera,paraguay
Premio Martín Fierro,país,Argentina,paraguay
Premio Martín Fierro,instancia de,distinción,paraguay
Premio Martín Fierro,instancia de,grupo de premios,paraguay
Premio Martín Fierro,nombrado en referencia a,El Gaucho Martín Fierro,paraguay
Premio Martín Fierro,subclase de,premio televisivo,paraguay
oficial militar,instancia de,rango militar,paraguay
oficial militar,instancia de,profesión militar,paraguay
oficial militar,subclase de,militar,paraguay
oficial militar,subclase de,oficial,paraguay
oficial militar,opuesto a,personal militar alistado,paraguay
Universidad Carolina de Praga,país,República Checa,paraguay
Universidad Carolina de Praga,instancia de,universidad,paraguay
Universidad Carolina de Praga,instancia de,organización,paraguay
Universidad Carolina de Praga,instancia de,universidad pública,paraguay
Universidad Carolina de Praga,instancia de,editorial,paraguay
Santa Rita,país,Paraguay,paraguay
Santa Rita,instancia de,municipio de Paraguay,paraguay
Santa Rita,situado en la entidad territorial administrativa,Departamento de Alto Paraná,paraguay
Santa Rita,situado cerca del cuerpo de agua,Paraná,paraguay
Zeballos Cué,país,Paraguay,paraguay
Zeballos Cué,instancia de,barrio,paraguay
Zeballos Cué,situado en la entidad territorial administrativa,Asunción,paraguay
Félix Pérez Cardozo (Paraguay),país,Paraguay,paraguay
Félix Pérez Cardozo (Paraguay),instancia de,municipio de Paraguay,paraguay
Félix Pérez Cardozo (Paraguay),situado en la entidad territorial administrativa,Departamento de Guairá,paraguay
Villeta,país,Paraguay,paraguay
Villeta,instancia de,municipio de Paraguay,paraguay
Villeta,situado en la entidad territorial administrativa,Departamento Central,paraguay
Departamento de Canindeyú,país,Paraguay,paraguay
Departamento de Canindeyú,instancia de,departamento de Paraguay,paraguay
Departamento de Canindeyú,capital,Saltos del Guairá,paraguay
Departamento de Canindeyú,comparte fronteras con,Paraná,paraguay
Departamento de Canindeyú,comparte fronteras con,Mato Grosso del Sur,paraguay
Luis Ignacio Fernández,Lugar de nacimiento,Paraguay,paraguay
Luis Ignacio Fernández,Ocupación,futbolista,paraguay
Luis Ignacio Fernández,Ciudadanía,Paraguay,paraguay
Luis Ignacio Fernández,Fecha de nacimiento,1989-05-01,paraguay
Adolfo Fatecha,Lugar de nacimiento,Asunción,paraguay
Adolfo Fatecha,Ocupación,entrenador,paraguay
Adolfo Fatecha,Ciudadanía,Paraguay,paraguay
Adolfo Fatecha,Fecha de nacimiento,1972-11-24,paraguay
Adolfo Fatecha,Ocupación,futbolista,paraguay
Adolfo Lazzarini,Lugar de nacimiento,Sauce,paraguay
Adolfo Lazzarini,Ocupación,entrenador,paraguay
Adolfo Lazzarini,Ciudadanía,Argentina,paraguay
Adolfo Lazzarini,Fecha de nacimiento,1952-05-07,paraguay
Adolfo Lazzarini,Fecha de defunción,2010-07-01,paraguay
Adolfo Lazzarini,Ocupación,futbolista,paraguay
Adolfo Lazzarini,Ciudadanía,Paraguay,paraguay
Adolfo Vaccaro,Lugar de nacimiento,Asunción,paraguay
Adolfo Vaccaro,Ocupación,entrenador,paraguay
Adolfo Vaccaro,Ciudadanía,Paraguay,paraguay
Adolfo Vaccaro,Fecha de nacimiento,1927-12-09,paraguay
Adolfo Vaccaro,Fecha de defunción,2020-01-16,paraguay
Adolfo Vaccaro,Ocupación,futbolista,paraguay
Adriano Irala,Lugar de nacimiento,San José de los Arroyos,paraguay
Adriano Irala,Ocupación,abogado,paraguay
Adriano Irala,Ciudadanía,Paraguay,paraguay
Adriano Irala,Fecha de nacimiento,1894-07-21,paraguay
Adriano Irala,Fecha de defunción,1933-08-18,paraguay
Adriano Irala,Ocupación,periodista,paraguay
Adriano Samaniego,Lugar de nacimiento,Luque,paraguay
Adriano Samaniego,Ocupación,futbolista,paraguay
Adriano Samaniego,Ciudadanía,Paraguay,paraguay
Adriano Samaniego,Fecha de nacimiento,1963-09-08,paraguay
José Eliseo Fleitas,Lugar de nacimiento,Bella Vista Norte,paraguay
José Eliseo Fleitas,Ocupación,entrenador,paraguay
José Eliseo Fleitas,Ciudadanía,Paraguay,paraguay
José Eliseo Fleitas,Fecha de nacimiento,1986-11-07,paraguay
José Eliseo Fleitas,Ocupación,futbolista,paraguay
Alberto Zapata,Lugar de nacimiento,Ciudad de Panamá,paraguay
Alberto Zapata,Ocupación,futbolista,paraguay
Alberto Zapata,Ciudadanía,Paraguay,paraguay
Alberto Zapata,Fecha de nacimiento,1979-02-28,paraguay
Aldo Jara,Lugar de nacimiento,Asunción,paraguay
Aldo Jara,Ocupación,entrenador,paraguay
Aldo Jara,Ciudadanía,Paraguay,paraguay
Aldo Jara,Fecha de nacimiento,1984-04-25,paraguay
Aldo Jara,Ocupación,futbolista,paraguay
Aldo Paniagua,Lugar de nacimiento,Colonia Independencia (Paraguay),paraguay
Aldo Paniagua,Ocupación,entrenador,paraguay
Aldo Paniagua,Ciudadanía,Paraguay,paraguay
Aldo Paniagua,Fecha de nacimiento,1989-07-12,paraguay
Aldo Paniagua,Ocupación,futbolista,paraguay
Alejandro Guanes,Lugar de nacimiento,Asunción,paraguay
Alejandro Guanes,Ocupación,poeta,paraguay
Alejandro Guanes,Ciudadanía,Paraguay,paraguay
Alejandro Guanes,Fecha de nacimiento,1872-11-18,paraguay
Alejandro Guanes,Fecha de defunción,1925-05-28,paraguay
Alejandro Guanes,Ocupación,periodista,paraguay
Alexis González,Lugar de nacimiento,Eusebio Ayala,paraguay
Alexis González,Ocupación,futbolista,paraguay
Alexis González,Ciudadanía,Paraguay,paraguay
Alexis González,Fecha de nacimiento,1992-01-07,paraguay
Alfredo Bogarín,Ocupación,esgrimista,paraguay
Alfredo Bogarín,Ciudadanía,Paraguay,paraguay
Alfredo Bogarín,Fecha de nacimiento,1936-07-31,paraguay
Alfredo Coto,Ocupación,empresario,paraguay
Alfredo Coto,Ciudadanía,Paraguay,paraguay
Alfredo Coto,Fecha de nacimiento,1941-10-09,paraguay
Alfredo Seiferheld,Lugar de nacimiento,Villarrica,paraguay
Alfredo Seiferheld,Ocupación,historiador,paraguay
Alfredo Seiferheld,Ciudadanía,Paraguay,paraguay
Alfredo Seiferheld,Fecha de nacimiento,1950-07-26,paraguay
Alfredo Seiferheld,Fecha de defunción,1988-06-03,paraguay
Alfredo Seiferheld,Ocupación,periodista,paraguay
Alfredo Vega,Ocupación,entrenador,paraguay
Alfredo Vega,Ciudadanía,Paraguay,paraguay
Alfredo Vega,Fecha de nacimiento,1935-02-02,paraguay
Alfredo Vega,Fecha de defunción,2012-02-14,paraguay
Alfredo Vega,Ocupación,futbolista,paraguay
Anastacio Vera,Ocupación,entrenador,paraguay
Anastacio Vera,Ciudadanía,Paraguay,paraguay
Anastacio Vera,Fecha de nacimiento,1985-10-05,paraguay
Anastacio Vera,Ocupación,futbolista,paraguay
Andrés Benkö Kapuváry,Lugar de nacimiento,Budapest,paraguay
Andrés Benkö Kapuváry,Ocupación,escritor,paraguay
Andrés Benkö Kapuváry,Ciudadanía,Paraguay,paraguay
Andrés Benkö Kapuváry,Fecha de nacimiento,1943-12-02,paraguay
Andrés Benkö Kapuváry,Ocupación,empresario,paraguay
Andrés Benkö Kapuváry,Ocupación,economista,paraguay
Andrés Duarte,Lugar de nacimiento,Asunción,paraguay
Andrés Duarte,Ocupación,entrenador,paraguay
Andrés Duarte,Ciudadanía,Paraguay,paraguay
Andrés Duarte,Fecha de nacimiento,1972-02-04,paraguay
Andrés Duarte,Ocupación,futbolista,paraguay
Angel David Alonso,Lugar de nacimiento,Paraguay,paraguay
Angel David Alonso,Ocupación,entrenador,paraguay
Angel David Alonso,Ciudadanía,Paraguay,paraguay
Angel David Alonso,Fecha de nacimiento,1985-11-30,paraguay
Angel David Alonso,Ocupación,futbolista,paraguay
Sauce,país,Argentina,paraguay
Sauce,instancia de,municipio,paraguay
Sauce,situado en la entidad territorial administrativa,Departamento Sauce,paraguay
Bella Vista Norte,país,Paraguay,paraguay
Bella Vista Norte,instancia de,municipio de Paraguay,paraguay
Bella Vista Norte,situado en la entidad territorial administrativa,Departamento de Amambay,paraguay
Ciudad de Panamá,jefe de gobierno,Mayer Mizrachi,paraguay
Ciudad de Panamá,país,Panamá,paraguay
Ciudad de Panamá,instancia de,ciudad,paraguay
Ciudad de Panamá,instancia de,gran ciudad,paraguay
Ciudad de Panamá,instancia de,área metropolitana,paraguay
esgrimista,instancia de,ocupación,paraguay
esgrimista,subclase de,deportista,paraguay
esgrimista,ámbito de la ocupación,esgrima,paraguay
esgrimista,categoría principal del tema,Categoría:Esgrimidores,paraguay
historiador,instancia de,profesión,paraguay
historiador,subclase de,académico de humanidades,paraguay
historiador,ámbito de la ocupación,historiografía,paraguay
historiador,ámbito de la ocupación,historia,paraguay
historiador,categoría principal del tema,Categoría:Historiadores,paraguay
Budapest,jefe de gobierno,Gergely Karácsony,paraguay
Budapest,país,Hungría,paraguay
Budapest,continente,Europa,paraguay
Budapest,instancia de,enclave,paraguay
Budapest,instancia de,ciudad en Hungría,paraguay
Osvaldo Cohener,Lugar de nacimiento,Luque,paraguay
Osvaldo Cohener,Ocupación,futbolista,paraguay
Osvaldo Cohener,Ciudadanía,Paraguay,paraguay
Osvaldo Cohener,Fecha de nacimiento,1971-01-01,paraguay
Ariel Estigarribia,Lugar de nacimiento,Asunción,paraguay
Ariel Estigarribia,Ocupación,futbolista,paraguay
Ariel Estigarribia,Ciudadanía,Paraguay,paraguay
Ariel Estigarribia,Fecha de nacimiento,1991-06-22,paraguay
Alex Garcete,Lugar de nacimiento,Nanawa,paraguay
Alex Garcete,Ocupación,futbolista,paraguay
Alex Garcete,Ciudadanía,Paraguay,paraguay
Alex Garcete,Fecha de nacimiento,1993-09-22,paraguay
Pablo Gavilán,Lugar de nacimiento,Asunción,paraguay
Pablo Gavilán,Ocupación,futbolista,paraguay
Pablo Gavilán,Ciudadanía,Paraguay,paraguay
Pablo Gavilán,Fecha de nacimiento,1989-06-18,paraguay
Armando González Ayala,Ocupación,futbolista,paraguay
Armando González Ayala,Ciudadanía,Paraguay,paraguay
Armando González Ayala,Fecha de nacimiento,1985-04-21,paraguay
Walter González,Lugar de nacimiento,Doctor Juan León Mallorquín,paraguay
Walter González,Ocupación,entrenador,paraguay
Walter González,Ciudadanía,Paraguay,paraguay
Walter González,Fecha de nacimiento,1995-05-21,paraguay
Walter González,Ocupación,árbitro de fútbol,paraguay
Walter González,Ocupación,futbolista,paraguay
Walter González,Fecha de nacimiento,1995-06-21,paraguay
Carlos Guerreño,Lugar de nacimiento,Departamento de Paraguarí,paraguay
Carlos Guerreño,Ocupación,futbolista,paraguay
Carlos Guerreño,Ciudadanía,Paraguay,paraguay
Carlos Guerreño,Fecha de nacimiento,1995-12-22,paraguay
Ramón Ortigoza,Lugar de nacimiento,Asunción,paraguay
Ramón Ortigoza,Ocupación,futbolista,paraguay
Ramón Ortigoza,Ciudadanía,Paraguay,paraguay
Ramón Ortigoza,Fecha de nacimiento,1987-06-18,paraguay
Ricardo Javier Ortíz,Lugar de nacimiento,Asunción,paraguay
Ricardo Javier Ortíz,Ocupación,futbolista,paraguay
Ricardo Javier Ortíz,Ciudadanía,Paraguay,paraguay
Ricardo Javier Ortíz,Fecha de nacimiento,1983-08-22,paraguay
Marco Pfingst,Lugar de nacimiento,Asunción,paraguay
Marco Pfingst,Ocupación,futbolista,paraguay
Marco Pfingst,Ciudadanía,Paraguay,paraguay
Marco Pfingst,Fecha de nacimiento,1993-03-29,paraguay
Arnaldo Rodríguez,Lugar de nacimiento,Asunción,paraguay
Arnaldo Rodríguez,Ocupación,futbolista,paraguay
Arnaldo Rodríguez,Ciudadanía,Paraguay,paraguay
Arnaldo Rodríguez,Fecha de nacimiento,1985-10-10,paraguay
Carlos Rolón,Lugar de nacimiento,Paraguarí,paraguay
Carlos Rolón,Ocupación,futbolista,paraguay
Carlos Rolón,Ciudadanía,Paraguay,paraguay
Carlos Rolón,Fecha de nacimiento,1992-06-30,paraguay
Diego Godoy,Lugar de nacimiento,Asunción,paraguay
Diego Godoy,Ocupación,futbolista,paraguay
Diego Godoy,Ciudadanía,Paraguay,paraguay
Diego Godoy,Fecha de nacimiento,1992-04-01,paraguay
Joel Román,Lugar de nacimiento,Asunción,paraguay
Joel Román,Ocupación,futbolista,paraguay
Joel Román,Ciudadanía,Paraguay,paraguay
Joel Román,Fecha de nacimiento,1990-03-19,paraguay
Aldo Vera,Lugar de nacimiento,Asunción,paraguay
Aldo Vera,Ocupación,futbolista,paraguay
Aldo Vera,Ciudadanía,Paraguay,paraguay
Aldo Vera,Fecha de nacimiento,1987-11-05,paraguay
Fernando Martínez,Ocupación,futbolista,paraguay
Fernando Martínez,Ciudadanía,Paraguay,paraguay
Fernando Martínez,Fecha de nacimiento,1994-05-13,paraguay
Ángel Martínez,Ocupación,futbolista,paraguay
Ángel Martínez,Ciudadanía,Paraguay,paraguay
Ángel Martínez,Fecha de nacimiento,1995-01-27,paraguay
Roberto Zub Kurylowicz,Lugar de nacimiento,Carmen del Paraná,paraguay
Roberto Zub Kurylowicz,Ciudadanía,Paraguay,paraguay
Roberto Zub Kurylowicz,Fecha de nacimiento,1952-01-15,paraguay
Enrique Araújo,Lugar de nacimiento,Asunción,paraguay
Enrique Araújo,Ocupación,entrenador,paraguay
Enrique Araújo,Ciudadanía,Paraguay,paraguay
Enrique Araújo,Fecha de nacimiento,1995-10-03,paraguay
Enrique Araújo,Ocupación,árbitro de fútbol,paraguay
Enrique Araújo,Ocupación,futbolista,paraguay
Iván Cañete,Lugar de nacimiento,Luque,paraguay
Iván Cañete,Ocupación,futbolista,paraguay
Iván Cañete,Ciudadanía,Paraguay,paraguay
Iván Cañete,Fecha de nacimiento,1995-04-22,paraguay
Nanawa,país,Paraguay,paraguay
Nanawa,instancia de,ciudad fronteriza,paraguay
Nanawa,instancia de,municipio de Paraguay,paraguay
Nanawa,situado en la entidad territorial administrativa,Departamento de Presidente Hayes,paraguay
Nanawa,diferente de,ARA Bouchard,paraguay
Doctor Juan León Mallorquín,país,Paraguay,paraguay
Doctor Juan León Mallorquín,instancia de,municipio de Paraguay,paraguay
Doctor Juan León Mallorquín,situado en la entidad territorial administrativa,Departamento de Alto Paraná,paraguay
Departamento de Paraguarí,país,Paraguay,paraguay
Departamento de Paraguarí,instancia de,departamento de Paraguay,paraguay
Departamento de Paraguarí,capital,Paraguarí,paraguay
Departamento de Paraguarí,comparte fronteras con,Departamento Central,paraguay
Departamento de Paraguarí,comparte fronteras con,Departamento de Misiones,paraguay
Carmen del Paraná,país,Paraguay,paraguay
Carmen del Paraná,instancia de,municipio de Paraguay,paraguay
Carmen del Paraná,situado en la entidad territorial administrativa,Departamento de Itapúa,paraguay
Luis Ramón Romero,Lugar de nacimiento,Asunción,paraguay
Luis Ramón Romero,Ocupación,futbolista,paraguay
Luis Ramón Romero,Ciudadanía,Paraguay,paraguay
Luis Ramón Romero,Fecha de nacimiento,1973-01-04,paraguay
Bruno Valdez,Lugar de nacimiento,Fernando de la Mora,paraguay
Bruno Valdez,Ocupación,futbolista,paraguay
Bruno Valdez,Ciudadanía,Paraguay,paraguay
Bruno Valdez,Fecha de nacimiento,1992-10-06,paraguay
Mariano Pesoa,Lugar de nacimiento,Asunción,paraguay
Mariano Pesoa,Ocupación,futbolista,paraguay
Mariano Pesoa,Ciudadanía,Paraguay,paraguay
Mariano Pesoa,Fecha de nacimiento,1952-04-30,paraguay
Luis Ernesto Torres,Lugar de nacimiento,Asunción,paraguay
Luis Ernesto Torres,Ocupación,futbolista,paraguay
Luis Ernesto Torres,Ciudadanía,Paraguay,paraguay
Luis Ernesto Torres,Fecha de nacimiento,1952-11-07,paraguay
Tito Vera,Ocupación,futbolista,paraguay
Tito Vera,Ciudadanía,Paraguay,paraguay
Tito Vera,Fecha de nacimiento,1952-04-01,paraguay
Juan Manuel Villalba,Ocupación,futbolista,paraguay
Juan Manuel Villalba,Ciudadanía,Paraguay,paraguay
Juan Manuel Villalba,Fecha de nacimiento,1954-04-14,paraguay
Carlos Gómez,Lugar de nacimiento,Asunción,paraguay
Carlos Gómez,Ocupación,actor,paraguay
Carlos Gómez,Ciudadanía,Paraguay,paraguay
Carlos Gómez,Fecha de nacimiento,1917-03-06,paraguay
Carlos Gómez,Fecha de defunción,2009-08-15,paraguay
Gustavo Noguera,Lugar de nacimiento,Santa Elena,paraguay
Gustavo Noguera,Ocupación,entrenador,paraguay
Gustavo Noguera,Ciudadanía,Paraguay,paraguay
Gustavo Noguera,Fecha de nacimiento,1987-11-07,paraguay
Gustavo Noguera,Ocupación,futbolista,paraguay
Arsenio Meza,Lugar de nacimiento,Asunción,paraguay
Arsenio Meza,Ocupación,futbolista,paraguay
Arsenio Meza,Ciudadanía,Paraguay,paraguay
Arsenio Meza,Fecha de nacimiento,1953-01-22,paraguay
Óscar Nery Arzamendia,Lugar de nacimiento,Itauguá,paraguay
Óscar Nery Arzamendia,Ocupación,futbolista,paraguay
Óscar Nery Arzamendia,Ciudadanía,Paraguay,paraguay
Óscar Nery Arzamendia,Fecha de nacimiento,1994-05-26,paraguay
Amado Pérez,Ocupación,futbolista,paraguay
Amado Pérez,Ciudadanía,Paraguay,paraguay
Amado Pérez,Fecha de nacimiento,1959-06-24,paraguay
Enrique Villalba,Lugar de nacimiento,Paraguay,paraguay
Enrique Villalba,Ocupación,futbolista,paraguay
Enrique Villalba,Ciudadanía,Paraguay,paraguay
Enrique Villalba,Fecha de nacimiento,1955-01-02,paraguay
Adalberto Escobar,Lugar de nacimiento,Asunción,paraguay
Adalberto Escobar,Ocupación,futbolista,paraguay
Adalberto Escobar,Ciudadanía,Paraguay,paraguay
Adalberto Escobar,Cargo,Gobernador de la Provincia de San Juan,paraguay
Adalberto Escobar,Fecha de nacimiento,1949-04-23,paraguay
Adalberto Escobar,Fecha de defunción,2011-06-26,paraguay
Pedro Fleitas,Lugar de nacimiento,Paraguay,paraguay
Pedro Fleitas,Ocupación,futbolista,paraguay
Pedro Fleitas,Ciudadanía,Paraguay,paraguay
Pedro Fleitas,Fecha de nacimiento,1953-07-11,paraguay
Jorge Benitez,Lugar de nacimiento,Asunción,paraguay
Jorge Benitez,Ocupación,futbolista,paraguay
Jorge Benitez,Ciudadanía,Paraguay,paraguay
Jorge Benitez,Fecha de nacimiento,1992-09-02,paraguay
Ramón Coronel,Lugar de nacimiento,Capiatá,paraguay
Ramón Coronel,Ocupación,entrenador,paraguay
Ramón Coronel,Ciudadanía,Paraguay,paraguay
Ramón Coronel,Fecha de nacimiento,1991-03-31,paraguay
Ramón Coronel,Ocupación,futbolista,paraguay
David Ariel Mendieta,Lugar de nacimiento,Lambaré,paraguay
David Ariel Mendieta,Ocupación,entrenador,paraguay
David Ariel Mendieta,Ciudadanía,Paraguay,paraguay
David Ariel Mendieta,Fecha de nacimiento,1986-08-22,paraguay
David Ariel Mendieta,Ocupación,futbolista,paraguay
Alex Cáceres,Lugar de nacimiento,Itakyry,paraguay
Alex Cáceres,Ocupación,futbolista,paraguay
Alex Cáceres,Ciudadanía,Paraguay,paraguay
Alex Cáceres,Fecha de nacimiento,1996-02-01,paraguay
José Luis Flecha,Lugar de nacimiento,Doctor Juan Eulogio Estigarribia,paraguay
José Luis Flecha,Ocupación,futbolista,paraguay
José Luis Flecha,Ciudadanía,Paraguay,paraguay
José Luis Flecha,Fecha de nacimiento,1988-03-19,paraguay
Christian Andersen,Lugar de nacimiento,Presidente Franco,paraguay
Christian Andersen,Ocupación,futbolista,paraguay
Christian Andersen,Ciudadanía,Paraguay,paraguay
Christian Andersen,Fecha de nacimiento,1984-06-03,paraguay
Fernando de la Mora,categoría principal del tema,Categoría:Fernando de la Mora (Paraguay),paraguay
Santa Elena,país,Paraguay,paraguay
Santa Elena,instancia de,villa,paraguay
Santa Elena,situado en la entidad territorial administrativa,Departamento de Cordillera,paraguay
Gobernador de la Provincia de San Juan,país,Argentina,paraguay
Gobernador de la Provincia de San Juan,instancia de,cargo público,paraguay
Gobernador de la Provincia de San Juan,instancia de,oficina del gobernador,paraguay
Gobernador de la Provincia de San Juan,subclase de,gobernador de provincia argentina,paraguay
Gobernador de la Provincia de San Juan,forma parte de,Gabinete de la Provincia de San Juan,paraguay
Itakyry,país,Paraguay,paraguay
Itakyry,instancia de,municipio de Paraguay,paraguay
Itakyry,situado en la entidad territorial administrativa,Departamento de Alto Paraná,paraguay
Clementino Ocampos,Lugar de nacimiento,San Lorenzo,paraguay
Clementino Ocampos,Ocupación,compositor,paraguay
Clementino Ocampos,Ciudadanía,Paraguay,paraguay
Clementino Ocampos,Fecha de nacimiento,1913-11-14,paraguay
Clementino Ocampos,Fecha de defunción,2001-01-04,paraguay
Clementino Ocampos,Ocupación,poeta,paraguay
Cris Martínez,Lugar de nacimiento,Carlos Antonio López (distrito),paraguay
Cris Martínez,Ocupación,futbolista,paraguay
Cris Martínez,Ciudadanía,Paraguay,paraguay
Cris Martínez,Fecha de nacimiento,1993-04-24,paraguay
Cristian Bogado,Lugar de nacimiento,Villarrica,paraguay
Cristian Bogado,Ocupación,futbolista,paraguay
Cristian Bogado,Ciudadanía,Paraguay,paraguay
Cristian Bogado,Fecha de nacimiento,1987-01-07,paraguay
Cristian Brítez,Lugar de nacimiento,Asunción,paraguay
Cristian Brítez,Ocupación,entrenador,paraguay
Cristian Brítez,Ciudadanía,Paraguay,paraguay
Cristian Brítez,Fecha de nacimiento,1984-09-25,paraguay
Cristian Brítez,Ocupación,futbolista,paraguay
Cristian Báez,Lugar de nacimiento,San Lorenzo,paraguay
Cristian Báez,Ocupación,entrenador,paraguay
Cristian Báez,Ciudadanía,Paraguay,paraguay
Cristian Báez,Fecha de nacimiento,1990-04-09,paraguay
Cristian Báez,Ocupación,futbolista,paraguay
Cristian Rolando Ledesma,Lugar de nacimiento,Asunción,paraguay
Cristian Rolando Ledesma,Ocupación,entrenador,paraguay
Cristian Rolando Ledesma,Ciudadanía,Paraguay,paraguay
Cristian Rolando Ledesma,Fecha de nacimiento,1987-02-11,paraguay
Cristian Rolando Ledesma,Ocupación,futbolista,paraguay
Alfredo Jara,Lugar de nacimiento,Capiatá,paraguay
Alfredo Jara,Ocupación,entrenador,paraguay
Alfredo Jara,Ciudadanía,Paraguay,paraguay
Alfredo Jara,Fecha de nacimiento,1973-05-02,paraguay
Alfredo Jara,Ocupación,futbolista,paraguay
Cristián Limenza,Lugar de nacimiento,Asunción,paraguay
Cristián Limenza,Ocupación,futbolista,paraguay
Cristián Limenza,Ciudadanía,Paraguay,paraguay
Cristián Limenza,Fecha de nacimiento,1976-11-17,paraguay
Cristín Cibils,Lugar de nacimiento,Loma Pytá (Asunción),paraguay
Cristín Cibils,Ocupación,futbolista,paraguay
Cristín Cibils,Ciudadanía,Paraguay,paraguay
Cristín Cibils,Fecha de nacimiento,1956-03-13,paraguay
César Alonso de las Heras,Lugar de nacimiento,Villaralbo,paraguay
César Alonso de las Heras,Ocupación,poeta,paraguay
César Alonso de las Heras,Ciudadanía,España,paraguay
César Alonso de las Heras,Fecha de nacimiento,1913-12-24,paraguay
César Alonso de las Heras,Fecha de defunción,2004-09-03,paraguay
César Alonso de las Heras,Ocupación,sacerdote católico,paraguay
César Alonso de las Heras,Ciudadanía,Paraguay,paraguay
César Bejarano,Ocupación,esgrimista,paraguay
César Bejarano,Ciudadanía,Paraguay,paraguay
César Bejarano,Fecha de nacimiento,1941-06-28,paraguay
César Benítez León,Lugar de nacimiento,Asunción,paraguay
César Benítez León,Ocupación,entrenador,paraguay
César Benítez León,Ciudadanía,Paraguay,paraguay
César Benítez León,Fecha de nacimiento,1990-05-22,paraguay
César Benítez León,Ocupación,futbolista,paraguay
César Llamas,Lugar de nacimiento,Ciudad del Este,paraguay
César Llamas,Ocupación,entrenador,paraguay
César Llamas,Ciudadanía,Paraguay,paraguay
César Llamas,Fecha de nacimiento,1985-07-13,paraguay
César Llamas,Ocupación,futbolista,paraguay
César Martínez,Lugar de nacimiento,Luque,paraguay
César Martínez,Ocupación,entrenador,paraguay
César Martínez,Ciudadanía,Paraguay,paraguay
César Martínez,Fecha de nacimiento,1986-02-26,paraguay
César Martínez,Ocupación,futbolista,paraguay
César Velázquez,Lugar de nacimiento,Asunción,paraguay
César Velázquez,Ocupación,entrenador,paraguay
César Velázquez,Ciudadanía,Paraguay,paraguay
César Velázquez,Fecha de nacimiento,1972-09-16,paraguay
César Velázquez,Ocupación,futbolista,paraguay
Daniel-Alejandro Lopez,Lugar de nacimiento,Asunción,paraguay
Daniel-Alejandro Lopez,Ocupación,tenista,paraguay
Daniel-Alejandro Lopez,Ciudadanía,Paraguay,paraguay
Daniel-Alejandro Lopez,Fecha de nacimiento,1989-07-03,paraguay
Daniel Benítez,Ocupación,entrenador,paraguay
Daniel Benítez,Ciudadanía,Paraguay,paraguay
Daniel Benítez,Fecha de nacimiento,1979-11-13,paraguay
Daniel Benítez,Ocupación,futbolista,paraguay
Daniel Cáceres Silva,Lugar de nacimiento,Asunción,paraguay
Daniel Cáceres Silva,Ocupación,entrenador,paraguay
Daniel Cáceres Silva,Ciudadanía,Paraguay,paraguay
Daniel Cáceres Silva,Fecha de nacimiento,1982-04-03,paraguay
Daniel Cáceres Silva,Ocupación,futbolista,paraguay
Daniel Ferreira,Lugar de nacimiento,Asunción,paraguay
Daniel Ferreira,Ocupación,entrenador,paraguay
Daniel Ferreira,Ciudadanía,Paraguay,paraguay
Daniel Ferreira,Fecha de nacimiento,1982-09-25,paraguay
Daniel Ferreira,Ocupación,futbolista,paraguay
Darío Caballero,Lugar de nacimiento,Luque,paraguay
Darío Caballero,Ocupación,entrenador,paraguay
Darío Caballero,Ciudadanía,Paraguay,paraguay
Darío Caballero,Fecha de nacimiento,1977-01-01,paraguay
Darío Caballero,Ocupación,futbolista,paraguay
Carlos Antonio López (distrito),país,Paraguay,paraguay
Carlos Antonio López (distrito),instancia de,municipio de Paraguay,paraguay
Carlos Antonio López (distrito),situado en la entidad territorial administrativa,Departamento de Itapúa,paraguay
Loma Pytá (Asunción),país,Paraguay,paraguay
Loma Pytá (Asunción),instancia de,barrio,paraguay
Loma Pytá (Asunción),situado en la entidad territorial administrativa,Asunción,paraguay
Villaralbo,cargo ocupado por el jefe de gobierno,alcalde de Villaralbo,paraguay
Villaralbo,núcleo de población,Villaralbo,paraguay
Villaralbo,país,España,paraguay
Villaralbo,continente,Europa,paraguay
Villaralbo,instancia de,municipio de España,paraguay
tenista,categoría principal del tema,Categoría:Tenistas,paraguay
tenista,plantilla principal del tema,Plantilla:Ficha de tenista,paraguay
Andrea Gaona,Lugar de nacimiento,Asunción,paraguay
Andrea Gaona,Ocupación,balonmanista,paraguay
Andrea Gaona,Ciudadanía,Paraguay,paraguay
Andrea Gaona,Fecha de nacimiento,2001-05-23,paraguay
Andrea Gaona,Ocupación,jugador de balonmano playa,paraguay
Tatiana Franco,Ocupación,balonmanista,paraguay
Tatiana Franco,Ciudadanía,Paraguay,paraguay
Tatiana Franco,Fecha de nacimiento,2002-08-30,paraguay
Jeanine Sánchez,Ocupación,balonmanista,paraguay
Jeanine Sánchez,Ciudadanía,Paraguay,paraguay
Jeanine Sánchez,Fecha de nacimiento,2000-12-20,paraguay
Darlene Leiva,Ocupación,balonmanista,paraguay
Darlene Leiva,Ciudadanía,Paraguay,paraguay
Darlene Leiva,Fecha de nacimiento,2000-09-01,paraguay
Darlene Leiva,Ocupación,jugador de balonmano playa,paraguay
Sofía Ugarriza,Lugar de nacimiento,Montevideo,paraguay
Sofía Ugarriza,Ocupación,balonmanista,paraguay
Sofía Ugarriza,Ciudadanía,Paraguay,paraguay
Sofía Ugarriza,Fecha de nacimiento,2002-03-18,paraguay
José Veloso,Ocupación,entrenador de balonmano,paraguay
José Veloso,Ciudadanía,Paraguay,paraguay
Luis Ruiz Díaz,Ocupación,handball executive,paraguay
Luis Ruiz Díaz,Ciudadanía,Paraguay,paraguay
Oscar Rodríguez,Ocupación,ornitólogo,paraguay
Oscar Rodríguez,Ciudadanía,Paraguay,paraguay
Sara Torres,Ocupación,ciclista,paraguay
Sara Torres,Ciudadanía,Paraguay,paraguay
Sara Torres,Fecha de nacimiento,1991-10-03,paraguay
Liz Sanchez,Ocupación,ciclista,paraguay
Liz Sanchez,Ciudadanía,Paraguay,paraguay
Liz Sanchez,Fecha de nacimiento,1994-03-22,paraguay
Myrsa Grance,Ocupación,ciclista,paraguay
Myrsa Grance,Ciudadanía,Paraguay,paraguay
Myrsa Grance,Fecha de nacimiento,1986-04-22,paraguay
Sandra Pleyl,Ocupación,ciclista,paraguay
Sandra Pleyl,Ciudadanía,Paraguay,paraguay
Claudia Martinez,Ocupación,ciclista,paraguay
Claudia Martinez,Ciudadanía,Paraguay,paraguay
Sofia Venegas,Ocupación,ciclista,paraguay
Sofia Venegas,Ciudadanía,Paraguay,paraguay
Sofia Venegas,Fecha de nacimiento,1989-04-01,paraguay
Noemi Leon,Ocupación,ciclista,paraguay
Noemi Leon,Ciudadanía,Paraguay,paraguay
Noemi Leon,Fecha de nacimiento,1983-06-04,paraguay
Maria Herrero,Ocupación,ciclista,paraguay
Maria Herrero,Ciudadanía,Paraguay,paraguay
Maria Herrero,Fecha de nacimiento,1983-01-01,paraguay
Pamela Ojeda,Ocupación,ciclista,paraguay
Pamela Ojeda,Ciudadanía,Paraguay,paraguay
Pamela Ojeda,Fecha de nacimiento,1996-01-03,paraguay
Florencia Carrizosa,Ocupación,ciclista,paraguay
Florencia Carrizosa,Ciudadanía,Paraguay,paraguay
Florencia Carrizosa,Fecha de nacimiento,1989-08-02,paraguay
Rocio Peralta,Ocupación,ciclista,paraguay
Rocio Peralta,Ciudadanía,Paraguay,paraguay
Juan José Aníbal Mena Porta,Lugar de nacimiento,Asunción,paraguay
Juan José Aníbal Mena Porta,Ocupación,sacerdote católico,paraguay
Juan José Aníbal Mena Porta,Ciudadanía,Paraguay,paraguay
Juan José Aníbal Mena Porta,Cargo,obispo auxiliar,paraguay
Juan José Aníbal Mena Porta,Fecha de nacimiento,1889-03-30,paraguay
Juan José Aníbal Mena Porta,Fecha de defunción,1977-05-29,paraguay
Juan José Aníbal Mena Porta,Ocupación,obispo católico,paraguay
Juan José Aníbal Mena Porta,Cargo,obispo titular,paraguay
Juan José Aníbal Mena Porta,Cargo,arzobispo titular,paraguay
Juan José Aníbal Mena Porta,Cargo,arzobispo de Asunción,paraguay
balonmanista,instancia de,profesión,paraguay
balonmanista,subclase de,deportista,paraguay
balonmanista,subclase de,jugador competitivo,paraguay
balonmanista,ámbito de la ocupación,balonmano,paraguay
balonmanista,ámbito de la ocupación,balonmano a once,paraguay
jugador de balonmano playa,instancia de,ocupación,paraguay
jugador de balonmano playa,subclase de,balonmanista,paraguay
jugador de balonmano playa,ámbito de la ocupación,balonmano playa,paraguay
jugador de balonmano playa,deporte,balonmano playa,paraguay
obispo auxiliar,religión,catolicismo,paraguay
obispo auxiliar,subclase de,obispo,paraguay
obispo auxiliar,subclase de,obispo católico,paraguay
Benny Ricardo,Lugar de nacimiento,Asunción,paraguay
Benny Ricardo,Ocupación,jugador de fútbol americano,paraguay
Benny Ricardo,Ciudadanía,Paraguay,paraguay
Benny Ricardo,Educado en,Universidad Estatal de San Diego,paraguay
Benny Ricardo,Fecha de nacimiento,1954-01-04,paraguay
Benny Ricardo,Educado en,Orange Coast College,paraguay
Bibencio Servín,Lugar de nacimiento,Chaco paraguayo,paraguay
Bibencio Servín,Ocupación,entrenador,paraguay
Bibencio Servín,Ciudadanía,Chile,paraguay
Bibencio Servín,Fecha de nacimiento,1984-11-02,paraguay
Bibencio Servín,Ocupación,futbolista,paraguay
Bibencio Servín,Ciudadanía,Paraguay,paraguay
Jorge Thompson,Lugar de nacimiento,Greenwich,paraguay
Jorge Thompson,Ocupación,ingeniero,paraguay
Jorge Thompson,Ciudadanía,Paraguay,paraguay
Jorge Thompson,Fecha de nacimiento,1839-03-26,paraguay
Jorge Thompson,Fecha de defunción,1876-02-01,paraguay
Jorge Thompson,Ocupación,ingeniero civil,paraguay
Bill Flagg,Ocupación,ministro anglicano,paraguay
Bill Flagg,Ciudadanía,Perú,paraguay
Bill Flagg,Fecha de nacimiento,1929-01-01,paraguay
Bill Flagg,Fecha de defunción,2008-01-01,paraguay
Bill Flagg,Ciudadanía,Paraguay,paraguay
Blas Cristaldo,Lugar de nacimiento,Concepción,paraguay
Blas Cristaldo,Ocupación,entrenador,paraguay
Blas Cristaldo,Ciudadanía,Paraguay,paraguay
Blas Cristaldo,Fecha de nacimiento,1964-12-09,paraguay
Blas Cristaldo,Ocupación,futbolista,paraguay
Blas Irala,Lugar de nacimiento,Piribebuy,paraguay
Blas Irala,Ocupación,entrenador,paraguay
Blas Irala,Ciudadanía,Paraguay,paraguay
Blas Irala,Fecha de nacimiento,1983-11-30,paraguay
Blas Irala,Ocupación,futbolista,paraguay
Blas López,Lugar de nacimiento,Piribebuy,paraguay
Blas López,Ocupación,entrenador,paraguay
Blas López,Ciudadanía,Paraguay,paraguay
Blas López,Fecha de nacimiento,1984-05-14,paraguay
Blas López,Ocupación,futbolista,paraguay
Blas Romero,Lugar de nacimiento,San Lorenzo,paraguay
Blas Romero,Ocupación,entrenador,paraguay
Blas Romero,Ciudadanía,Paraguay,paraguay
Blas Romero,Fecha de nacimiento,1966-02-02,paraguay
Blas Romero,Ocupación,futbolista,paraguay
Braulio Armoa,Lugar de nacimiento,Encarnación,paraguay
Braulio Armoa,Ocupación,entrenador,paraguay
Braulio Armoa,Ciudadanía,Paraguay,paraguay
Braulio Armoa,Fecha de nacimiento,1978-11-03,paraguay
Braulio Armoa,Ocupación,futbolista,paraguay
Braulio Brizuela,Lugar de nacimiento,Paraguay,paraguay
Braulio Brizuela,Ocupación,entrenador,paraguay
Braulio Brizuela,Ciudadanía,Paraguay,paraguay
Braulio Brizuela,Fecha de nacimiento,1988-08-24,paraguay
Braulio Brizuela,Ocupación,futbolista,paraguay
Bruno Cornet,Ocupación,esgrimista,paraguay
Bruno Cornet,Ciudadanía,Paraguay,paraguay
Bruno Cornet,Fecha de nacimiento,1977-07-03,paraguay
Camilo Soares Machado,Ocupación,político,paraguay
Camilo Soares Machado,Ciudadanía,Paraguay,paraguay
Carlos Alvarenga,Lugar de nacimiento,Hernandarias,paraguay
Carlos Alvarenga,Ocupación,entrenador,paraguay
Carlos Alvarenga,Ciudadanía,Paraguay,paraguay
Carlos Alvarenga,Fecha de nacimiento,1982-09-23,paraguay
Carlos Alvarenga,Ocupación,futbolista,paraguay
Carlos Antonio Mereles,Lugar de nacimiento,Yaguarón,paraguay
Carlos Antonio Mereles,Ocupación,entrenador,paraguay
Carlos Antonio Mereles,Ciudadanía,Paraguay,paraguay
Carlos Antonio Mereles,Fecha de nacimiento,1979-07-09,paraguay
Carlos Antonio Mereles,Ocupación,futbolista,paraguay
Carlos Báez,Lugar de nacimiento,Asunción,paraguay
Carlos Báez,Ocupación,futbolista,paraguay
Carlos Báez,Ciudadanía,Paraguay,paraguay
Carlos Báez,Fecha de nacimiento,1982-06-12,paraguay
Carlos Filizzola,Lugar de nacimiento,Asunción,paraguay
Carlos Filizzola,Ocupación,médico,paraguay
Carlos Filizzola,Ciudadanía,Paraguay,paraguay
Carlos Filizzola,Educado en,Universidad Nacional de Asunción,paraguay
Carlos Filizzola,Cargo,Senador Nacional de Paraguay,paraguay
Carlos Filizzola,Fecha de nacimiento,1962-01-01,paraguay
Carlos Filizzola,Ocupación,político,paraguay
Carlos Guirland,Lugar de nacimiento,San Ignacio Guazú,paraguay
Carlos Guirland,Ocupación,entrenador,paraguay
Carlos Guirland,Ciudadanía,Paraguay,paraguay
Carlos Guirland,Fecha de nacimiento,1961-09-18,paraguay
Carlos Guirland,Ocupación,futbolista,paraguay
Carlos Lara Bareiro,Lugar de nacimiento,Capiatá,paraguay
Carlos Lara Bareiro,Ocupación,músico,paraguay
Carlos Lara Bareiro,Ciudadanía,Paraguay,paraguay
Carlos Lara Bareiro,Fecha de nacimiento,1914-03-16,paraguay
Carlos Lara Bareiro,Fecha de defunción,1987-10-20,paraguay
Carlos Loizaga,Lugar de nacimiento,Asunción,paraguay
Carlos Loizaga,Ocupación,político,paraguay
Carlos Loizaga,Ciudadanía,Paraguay,paraguay
Carlos Loizaga,Fecha de nacimiento,1801-01-01,paraguay
Carlos Luis Torres,Lugar de nacimiento,Asunción,paraguay
Carlos Luis Torres,Ocupación,futbolista,paraguay
Carlos Luis Torres,Ciudadanía,Paraguay,paraguay
Carlos Luis Torres,Fecha de nacimiento,1968-03-20,paraguay
jugador de fútbol americano,instancia de,profesión,paraguay
jugador de fútbol americano,subclase de,jugador de fútbol gridiron,paraguay
jugador de fútbol americano,forma parte de,club de fútbol americano,paraguay
jugador de fútbol americano,ámbito de la ocupación,fútbol americano,paraguay
jugador de fútbol americano,deporte,fútbol americano,paraguay
Universidad Estatal de San Diego,país,Estados Unidos,paraguay
Universidad Estatal de San Diego,instancia de,institución educativa pública de los Estados Unidos,paraguay
Universidad Estatal de San Diego,instancia de,universidad pública de investigación,paraguay
Universidad Estatal de San Diego,situado en la entidad territorial administrativa,San Diego,paraguay
Chaco paraguayo,país,Paraguay,paraguay
Chaco paraguayo,instancia de,regiones geográficas de Paraguay,paraguay
Chaco paraguayo,situado en la entidad territorial administrativa,Paraguay,paraguay
Chaco paraguayo,categoría principal del tema,Categoría:Chaco paraguayo,paraguay
Greenwich,país,Reino Unido,paraguay
Greenwich,instancia de,villa,paraguay
Greenwich,instancia de,distrito,paraguay
Greenwich,instancia de,barrio de Londres,paraguay
ministro anglicano,instancia de,ocupación religiosa cristiana,paraguay
ministro anglicano,religión,anglicanismo,paraguay
ministro anglicano,subclase de,presbítero occidental,paraguay
ministro anglicano,subclase de,clérigo anglicano,paraguay
ministro anglicano,ámbito de la ocupación,ministerio anglicano,paraguay
Perú,jefe de gobierno,José Jerí,paraguay
Perú,continente,América del Sur,paraguay
Perú,instancia de,país,paraguay
Perú,instancia de,estado soberano,paraguay
Perú,jefe de Estado,José Jerí,paraguay
Hernandarias,país,Paraguay,paraguay
Hernandarias,instancia de,municipio de Paraguay,paraguay
Hernandarias,situado en la entidad territorial administrativa,Departamento de Alto Paraná,paraguay
Hernandarias,nombrado en referencia a,Hernando Arias de Saavedra,paraguay
Hernandarias,situado cerca del cuerpo de agua,Paraná,paraguay
Erika Cartaman,Ocupación,futbolista,paraguay
Erika Cartaman,Ciudadanía,Paraguay,paraguay
Erika Cartaman,Fecha de nacimiento,2002-07-27,paraguay
Zunilda Coronel,Ocupación,futbolista,paraguay
Zunilda Coronel,Ciudadanía,Paraguay,paraguay
Zunilda Coronel,Fecha de nacimiento,2004-08-02,paraguay
Yessica Álvarez,Ocupación,futbolista,paraguay
Yessica Álvarez,Ciudadanía,Paraguay,paraguay
Yessica Álvarez,Fecha de nacimiento,2001-02-17,paraguay
Liz Baretto,Ocupación,futbolista,paraguay
Liz Baretto,Ciudadanía,Paraguay,paraguay
Liz Baretto,Fecha de nacimiento,2000-11-04,paraguay
Karen Benítez,Ocupación,futbolista,paraguay
Karen Benítez,Ciudadanía,Paraguay,paraguay
Karen Benítez,Fecha de nacimiento,2002-06-17,paraguay
Yohana Benkenstein,Ocupación,futbolista,paraguay
Yohana Benkenstein,Ciudadanía,Paraguay,paraguay
Yohana Benkenstein,Fecha de nacimiento,2000-09-12,paraguay
María Bogado,Ocupación,futbolista,paraguay
María Bogado,Ciudadanía,Paraguay,paraguay
María Bogado,Fecha de nacimiento,2001-04-15,paraguay
Arianne González,Ocupación,futbolista,paraguay
Arianne González,Ciudadanía,Paraguay,paraguay
Arianne González,Fecha de nacimiento,2000-10-20,paraguay
María Melgarejo,Ocupación,futbolista,paraguay
María Melgarejo,Ciudadanía,Paraguay,paraguay
María Melgarejo,Fecha de nacimiento,2002-06-22,paraguay
Elena Rojas,Ocupación,futbolista,paraguay
Elena Rojas,Ciudadanía,Paraguay,paraguay
Elena Rojas,Fecha de nacimiento,2001-11-24,paraguay
Miguel Michelagnoli,Lugar de nacimiento,Asunción,paraguay
Miguel Michelagnoli,Ocupación,futbolista,paraguay
Miguel Michelagnoli,Ciudadanía,Paraguay,paraguay
Miguel Michelagnoli,Fecha de nacimiento,1954-11-30,paraguay
Miguel Michelagnoli,Fecha de nacimiento,1956-03-24,paraguay
Rubén Escobar,Lugar de nacimiento,Villarrica,paraguay
Rubén Escobar,Ocupación,futbolista,paraguay
Rubén Escobar,Ciudadanía,Paraguay,paraguay
Rubén Escobar,Cargo,guardameta,paraguay
Rubén Escobar,Fecha de nacimiento,1991-02-06,paraguay
Manuel García de Zúñiga Ozuna,Lugar de nacimiento,Pilar,paraguay
Manuel García de Zúñiga Ozuna,Ocupación,militar,paraguay
Manuel García de Zúñiga Ozuna,Ciudadanía,Paraguay,paraguay
Manuel García de Zúñiga Ozuna,Fecha de nacimiento,1890-01-31,paraguay
Manuel García de Zúñiga Ozuna,Fecha de defunción,1970-05-18,paraguay
Joshua Dürksen,Lugar de nacimiento,Asunción,paraguay
Joshua Dürksen,Ocupación,piloto de carreras,paraguay
Joshua Dürksen,Ciudadanía,Paraguay,paraguay
Joshua Dürksen,Fecha de nacimiento,2003-10-27,paraguay
Wilson Chimeli,Lugar de nacimiento,Asunción,paraguay
Wilson Chimeli,Ocupación,futbolista,paraguay
Wilson Chimeli,Ciudadanía,Paraguay,paraguay
Wilson Chimeli,Fecha de nacimiento,1989-02-12,paraguay
Aldo Zárate,Ocupación,futbolista,paraguay
Aldo Zárate,Ciudadanía,Paraguay,paraguay
Aldo Zárate,Fecha de nacimiento,2001-08-07,paraguay
Juan José Cáceres,Lugar de nacimiento,Dock Sud,paraguay
Juan José Cáceres,Ocupación,futbolista,paraguay
Juan José Cáceres,Ciudadanía,Argentina,paraguay
Juan José Cáceres,Fecha de nacimiento,2000-06-01,paraguay
Juan José Cáceres,Ciudadanía,Paraguay,paraguay
Renate Costa,Lugar de nacimiento,Asunción,paraguay
Renate Costa,Ocupación,director de cine,paraguay
Renate Costa,Ciudadanía,Paraguay,paraguay
Renate Costa,Fecha de nacimiento,1981-05-21,paraguay
Renate Costa,Fecha de defunción,2020-06-29,paraguay
Renate Costa,Ocupación,productor de cine,paraguay
Renate Costa,Ocupación,documentalista,paraguay
Adrian Benegas,Lugar de nacimiento,Asunción,paraguay
Adrian Benegas,Ocupación,compositor,paraguay
Adrian Benegas,Ciudadanía,Paraguay,paraguay
Adrian Benegas,Fecha de nacimiento,1989-03-01,paraguay
Adrian Benegas,Ocupación,músico,paraguay
Adrian Benegas,Ocupación,compositor de canciones,paraguay
Adrian Benegas,Ocupación,tecladista,paraguay
Adrian Benegas,Ocupación,productor musical,paraguay
Solano Benítez,Ocupación,arquitecto,paraguay
Solano Benítez,Ciudadanía,Paraguay,paraguay
Solano Benítez,Fecha de nacimiento,1963-01-01,paraguay
guardameta,instancia de,posición de fútbol,paraguay
guardameta,subclase de,guardameta,paraguay
guardameta,deporte,fútbol,paraguay
guardameta,categoría principal del tema,Categoría:Guardametas de fútbol,paraguay
guardameta,diferente de,portero,paraguay
piloto de carreras,instancia de,profesión,paraguay
piloto de carreras,subclase de,operador de vehículo,paraguay
piloto de carreras,ámbito de la ocupación,deporte de motor,paraguay
piloto de carreras,ámbito de la ocupación,karting,paraguay
Dock Sud,país,Argentina,paraguay
Dock Sud,instancia de,localidad,paraguay
Dock Sud,instancia de,ciudad de Argentina,paraguay
Dock Sud,situado en la entidad territorial administrativa,Partido de Avellaneda,paraguay
Dock Sud,evento significativo,título de ciudad,paraguay
director de cine,instancia de,profesión,paraguay
director de cine,instancia de,profesión del cine,paraguay
director de cine,subclase de,artista visual,paraguay
director de cine,subclase de,profesional del cine,paraguay
director de cine,subclase de,realizador,paraguay
Aquilino Giménez,Lugar de nacimiento,Ciudad del Este,paraguay
Aquilino Giménez,Ocupación,futbolista,paraguay
Aquilino Giménez,Ciudadanía,Paraguay,paraguay
Aquilino Giménez,Fecha de nacimiento,1993-04-21,paraguay
José Leguizamón,Lugar de nacimiento,Areguá,paraguay
José Leguizamón,Ocupación,futbolista,paraguay
José Leguizamón,Ciudadanía,Paraguay,paraguay
José Leguizamón,Fecha de nacimiento,1991-08-23,paraguay
Gustavo Velázquez Ramos,Lugar de nacimiento,Itauguá,paraguay
Gustavo Velázquez Ramos,Ocupación,futbolista,paraguay
Gustavo Velázquez Ramos,Ciudadanía,Paraguay,paraguay
Gustavo Velázquez Ramos,Fecha de nacimiento,1991-04-17,paraguay
Gustavo Velázquez Ramos,Lugar de nacimiento,Villa del Rosario,paraguay
Hérib Godoy,Lugar de nacimiento,Coronel Oviedo,paraguay
Hérib Godoy,Ocupación,director de cine,paraguay
Hérib Godoy,Ciudadanía,Paraguay,paraguay
Hérib Godoy,Fecha de nacimiento,1985-12-04,paraguay
Francisco Báez,Lugar de nacimiento,Asunción,paraguay
Francisco Báez,Ocupación,futbolista,paraguay
Francisco Báez,Ciudadanía,Paraguay,paraguay
Francisco Báez,Fecha de nacimiento,1991-08-11,paraguay
Wilfrido Báez,Lugar de nacimiento,Paraguay,paraguay
Wilfrido Báez,Ocupación,futbolista,paraguay
Wilfrido Báez,Ciudadanía,Paraguay,paraguay
Wilfrido Báez,Fecha de nacimiento,1994-06-18,paraguay
Alejandro Bogado,Lugar de nacimiento,San Lorenzo,paraguay
Alejandro Bogado,Ocupación,futbolista,paraguay
Alejandro Bogado,Ciudadanía,Paraguay,paraguay
Alejandro Bogado,Fecha de nacimiento,1994-07-28,paraguay
Marcos Delpadre,Lugar de nacimiento,Concepción,paraguay
Marcos Delpadre,Ocupación,futbolista,paraguay
Marcos Delpadre,Ciudadanía,Paraguay,paraguay
Marcos Delpadre,Fecha de nacimiento,1991-06-18,paraguay
Diego Doldán,Lugar de nacimiento,Asunción,paraguay
Diego Doldán,Ocupación,futbolista,paraguay
Diego Doldán,Ciudadanía,Paraguay,paraguay
Diego Doldán,Fecha de nacimiento,1987-02-06,paraguay
Julio Doldán,Lugar de nacimiento,Asunción,paraguay
Julio Doldán,Ocupación,futbolista,paraguay
Julio Doldán,Ciudadanía,Paraguay,paraguay
Julio Doldán,Fecha de nacimiento,1993-10-15,paraguay
Rodi Ferreira,Lugar de nacimiento,Concepción,paraguay
Rodi Ferreira,Ocupación,entrenador,paraguay
Rodi Ferreira,Ciudadanía,Paraguay,paraguay
Rodi Ferreira,Fecha de nacimiento,1998-05-29,paraguay
Rodi Ferreira,Ocupación,futbolista,paraguay
Jorge Díaz de Bedoya,Lugar de nacimiento,Asunción,paraguay
Jorge Díaz de Bedoya,Ciudadanía,Paraguay,paraguay
Jorge Díaz de Bedoya,Fecha de nacimiento,1968-01-01,paraguay
Wilson Leiva,Lugar de nacimiento,Curuguaty,paraguay
Wilson Leiva,Ocupación,futbolista,paraguay
Wilson Leiva,Ciudadanía,Paraguay,paraguay
Wilson Leiva,Fecha de nacimiento,1991-04-15,paraguay
Adilio Mora,Lugar de nacimiento,Paraguay,paraguay
Adilio Mora,Ocupación,futbolista,paraguay
Adilio Mora,Ciudadanía,Paraguay,paraguay
Adilio Mora,Fecha de nacimiento,1985-05-16,paraguay
Luís Armando Ovelar,Lugar de nacimiento,Curuguaty,paraguay
Luís Armando Ovelar,Ocupación,futbolista,paraguay
Luís Armando Ovelar,Ciudadanía,Paraguay,paraguay
Luís Armando Ovelar,Fecha de nacimiento,1983-06-08,paraguay
Robert Piris Da Motta,Lugar de nacimiento,Ciudad del Este,paraguay
Robert Piris Da Motta,Ocupación,entrenador,paraguay
Robert Piris Da Motta,Ciudadanía,Paraguay,paraguay
Robert Piris Da Motta,Fecha de nacimiento,1994-07-26,paraguay
Robert Piris Da Motta,Ocupación,futbolista,paraguay
Blas Riveros,Lugar de nacimiento,Itauguá,paraguay
Blas Riveros,Ocupación,futbolista,paraguay
Blas Riveros,Ciudadanía,Paraguay,paraguay
Blas Riveros,Fecha de nacimiento,1998-02-03,paraguay
Juan Carlos Riveros,Lugar de nacimiento,Paraguay,paraguay
Juan Carlos Riveros,Ocupación,futbolista,paraguay
Juan Carlos Riveros,Ciudadanía,Paraguay,paraguay
Juan Carlos Riveros,Fecha de nacimiento,1960-03-04,paraguay
José Barreto,Lugar de nacimiento,Paraguay,paraguay
José Barreto,Ocupación,futbolista,paraguay
José Barreto,Ciudadanía,Paraguay,paraguay
José Barreto,Fecha de nacimiento,1983-07-20,paraguay
Luis de la Cruz,Lugar de nacimiento,Concepción,paraguay
Luis de la Cruz,Ocupación,entrenador,paraguay
Luis de la Cruz,Ciudadanía,Paraguay,paraguay
Luis de la Cruz,Fecha de nacimiento,1991-03-23,paraguay
Luis de la Cruz,Ocupación,futbolista,paraguay
Areguá,miembro de,Red de Ciudades Creativas,paraguay
Areguá,capital de,Departamento Central,paraguay
Villa del Rosario,país,Paraguay,paraguay
Villa del Rosario,instancia de,municipio de Paraguay,paraguay
Villa del Rosario,situado en la entidad territorial administrativa,Departamento de San Pedro,paraguay
Patrick Kemper,Lugar de nacimiento,Ciudad del Este,paraguay
Patrick Kemper,Ciudadanía,Paraguay,paraguay
Patrick Kemper,Cargo,Senador Nacional de Paraguay,paraguay
Patrick Kemper,Fecha de nacimiento,1981-03-29,paraguay
Edward Paniagua,Lugar de nacimiento,Asunción,paraguay
Edward Paniagua,Ocupación,abogado,paraguay
Edward Paniagua,Ciudadanía,Paraguay,paraguay
Edward Paniagua,Cargo,cónsul,paraguay
Edward Paniagua,Fecha de nacimiento,1970-11-07,paraguay
Edward Paniagua,Ocupación,político,paraguay
Edward Paniagua,Ocupación,diplomático,paraguay
Carlos Espinola,Ocupación,futbolista,paraguay
Carlos Espinola,Ciudadanía,Paraguay,paraguay
Carlos Espinola,Fecha de nacimiento,1999-12-25,paraguay
Agustín Ramón Martínez Martínem,Lugar de nacimiento,San Patricio,paraguay
Agustín Ramón Martínez Martínem,Ocupación,militar,paraguay
Agustín Ramón Martínez Martínem,Ciudadanía,Paraguay,paraguay
Agustín Ramón Martínez Martínem,Fecha de nacimiento,1961-08-28,paraguay
Agustín Ramón Martínez Martínem,Fecha de defunción,2024-05-18,paraguay
Agustín Ramón Martínez Martínem,Ocupación,asesino en serie,paraguay
Arnaldo Castillo,Ocupación,futbolista,paraguay
Arnaldo Castillo,Ciudadanía,Paraguay,paraguay
Arnaldo Castillo,Fecha de nacimiento,1997-05-09,paraguay
Víctor Hugo Pereira,Lugar de nacimiento,Paraguarí,paraguay
Víctor Hugo Pereira,Ocupación,abogado,paraguay
Víctor Hugo Pereira,Ciudadanía,Paraguay,paraguay
Víctor Hugo Pereira,Educado en,Universidad Nacional de Asunción,paraguay
Víctor Hugo Pereira,Cargo,catedrático de universidad,paraguay
Víctor Hugo Pereira,Fecha de nacimiento,1969-03-02,paraguay
Víctor Hugo Pereira,Ocupación,político,paraguay
Sebastián Picton,Ocupación,baloncestista,paraguay
Sebastián Picton,Ciudadanía,Argentina,paraguay
Sebastián Picton,Fecha de nacimiento,1992-04-19,paraguay
Sebastián Picton,Ciudadanía,Paraguay,paraguay
Sonia Olmedo,Ocupación,ciclista,paraguay
Sonia Olmedo,Ciudadanía,Paraguay,paraguay
Sonia Olmedo,Fecha de nacimiento,1992-02-22,paraguay
Samira Martinez,Ocupación,ciclista,paraguay
Samira Martinez,Ciudadanía,Paraguay,paraguay
Samira Martinez,Fecha de nacimiento,2003-02-22,paraguay
Soledad Núñez,Lugar de nacimiento,Asunción,paraguay
Soledad Núñez,Ocupación,político,paraguay
Soledad Núñez,Ciudadanía,Paraguay,paraguay
Soledad Núñez,Educado en,Universidad Politécnica de Madrid,paraguay
Soledad Núñez,Fecha de nacimiento,1983-01-01,paraguay
Soledad Núñez,Ocupación,ingeniero civil,paraguay
Soledad Núñez,Educado en,Universidad de Oxford,paraguay
Soledad Núñez,Educado en,Escuela de Gobierno John F. Kennedy,paraguay
Soledad Núñez,Educado en,Universidad Nacional de Asunción,paraguay
Pedro Duarte,Ocupación,oficial militar,paraguay
Pedro Duarte,Ciudadanía,Paraguay,paraguay
Pedro Duarte,Fecha de nacimiento,1829-06-29,paraguay
Pedro Duarte,Fecha de defunción,1902-06-19,paraguay
Leah Ashmore,Lugar de nacimiento,Asunción,paraguay
Leah Ashmore,Ocupación,actor,paraguay
Leah Ashmore,Ciudadanía,Paraguay,paraguay
Leah Ashmore,Fecha de nacimiento,1995-04-05,paraguay
Leah Ashmore,Ocupación,modelo,paraguay
Diego Acosta,Lugar de nacimiento,Paraguay,paraguay
Diego Acosta,Ocupación,futbolista,paraguay
Diego Acosta,Ciudadanía,Paraguay,paraguay
Diego Acosta,Fecha de nacimiento,2002-11-12,paraguay
César Almirón,Lugar de nacimiento,Tebicuary (Paraguay),paraguay
César Almirón,Ocupación,atleta,paraguay
César Almirón,Ciudadanía,Paraguay,paraguay
César Almirón,Fecha de nacimiento,2001-08-06,paraguay
Gilberto Giménez,Ocupación,sociólogo,paraguay
Gilberto Giménez,Ciudadanía,Paraguay,paraguay
Gilberto Giménez,Empleador,Instituto de Investigaciones Sociales,paraguay
Gilberto Giménez,Cargo,investigador,paraguay
Gilberto Giménez,Fecha de nacimiento,1927-01-01,paraguay
Angélica Otazú Melgarejo,Ocupación,académico,paraguay
Angélica Otazú Melgarejo,Ciudadanía,Paraguay,paraguay
Angélica Otazú Melgarejo,Fecha de nacimiento,1967-10-04,paraguay
Angélica Otazú Melgarejo,Ocupación,filósofo,paraguay
Usha Didi Gunatita,Lugar de nacimiento,Caaguazú,paraguay
Usha Didi Gunatita,Ocupación,actor,paraguay
Usha Didi Gunatita,Ciudadanía,Paraguay,paraguay
Usha Didi Gunatita,Fecha de nacimiento,1971-02-16,paraguay
Usha Didi Gunatita,Fecha de defunción,2015-05-13,paraguay
Usha Didi Gunatita,Ocupación,drag queen,paraguay
Usha Didi Gunatita,Ocupación,activista por los derechos de las personas transgénero,paraguay
Heinrich Duerksen,Lugar de nacimiento,Mennonite Colonies of Terek,paraguay
Heinrich Duerksen,Ciudadanía,Rusia,paraguay
Heinrich Duerksen,Cargo,alcalde,paraguay
Heinrich Duerksen,Fecha de nacimiento,1910-05-18,paraguay
Heinrich Duerksen,Fecha de defunción,2001-01-01,paraguay
Heinrich Duerksen,Ciudadanía,Alemania,paraguay
Heinrich Duerksen,Ciudadanía,Paraguay,paraguay
Gladys Meilinger de Sannemann,Lugar de nacimiento,Encarnación,paraguay
Gladys Meilinger de Sannemann,Ocupación,médico,paraguay
Gladys Meilinger de Sannemann,Ciudadanía,Paraguay,paraguay
Gladys Meilinger de Sannemann,Educado en,Universidad Nacional de Asunción,paraguay
Gladys Meilinger de Sannemann,Fecha de nacimiento,1929-05-03,paraguay
Gladys Meilinger de Sannemann,Fecha de defunción,2014-01-30,paraguay
Gladys Meilinger de Sannemann,Ocupación,activista por los derechos humanos,paraguay
Luis Fretes Carreras,Lugar de nacimiento,San Juan Bautista,paraguay
Luis Fretes Carreras,Ocupación,abogado,paraguay
Luis Fretes Carreras,Ciudadanía,Paraguay,paraguay
Luis Fretes Carreras,Educado en,Universidad de Salamanca,paraguay
Luis Fretes Carreras,Empleador,Universidad Católica Nuestra Señora de la Asunción,paraguay
Luis Fretes Carreras,Fecha de nacimiento,1964-10-08,paraguay
Luis Fretes Carreras,Ocupación,político,paraguay
Luis Fretes Carreras,Ocupación,diplomático,paraguay
Luis Fretes Carreras,Ocupación,politólogo,paraguay
Luis Fretes Carreras,Ocupación,profesor universitario,paraguay
Luis Fretes Carreras,Ocupación,investigador,paraguay
Luis Fretes Carreras,Educado en,Universidad de Lisboa,paraguay
Luis Fretes Carreras,Educado en,Universidad Nacional de Asunción,paraguay
Luis Fretes Carreras,Educado en,Universidad Francisco de Vitoria,paraguay
Luis Fretes Carreras,Empleador,ISCTE - Instituto Universitario de Lisboa,paraguay
San Patricio,país,Paraguay,paraguay
San Patricio,instancia de,municipio de Paraguay,paraguay
San Patricio,situado en la entidad territorial administrativa,Departamento de Misiones,paraguay
catedrático de universidad,instancia de,rango académico,paraguay
catedrático de universidad,instancia de,título universitario,paraguay
catedrático de universidad,sucedido por,profesor emérito,paraguay
catedrático de universidad,subclase de,grado académico,paraguay
Universidad Politécnica de Madrid,país,España,paraguay
Universidad Politécnica de Madrid,instancia de,organización,paraguay
Universidad Politécnica de Madrid,instancia de,universidad pública,paraguay
Universidad Politécnica de Madrid,instancia de,editor de acceso abierto,paraguay
Universidad Politécnica de Madrid,situado en la entidad territorial administrativa,Madrid,paraguay
Tebicuary (Paraguay),país,Paraguay,paraguay
Tebicuary (Paraguay),instancia de,municipio de Paraguay,paraguay
sociólogo,instancia de,profesión,paraguay
sociólogo,instancia de,ocupación,paraguay
sociólogo,subclase de,científico social,paraguay
sociólogo,ámbito de la ocupación,sociología,paraguay
sociólogo,se dice que es lo mismo que,científico social,paraguay
Instituto de Investigaciones Sociales,país,México,paraguay
Instituto de Investigaciones Sociales,instancia de,instituto de investigación de la Universidad Nacional Autónoma de México,paraguay
Instituto de Investigaciones Sociales,situado en la entidad territorial administrativa,Coyoacán,paraguay
Instituto de Investigaciones Sociales,forma parte de,Universidad Nacional Autónoma de México,paraguay
investigador,instancia de,cargo,paraguay
investigador,instancia de,ocupación,paraguay
investigador,subclase de,escritor de no ficción,paraguay
investigador,subclase de,profesional de la academia,paraguay
investigador,ámbito de la ocupación,investigación,paraguay
académico,instancia de,rango académico,paraguay
académico,instancia de,título honorífico,paraguay
académico,instancia de,tipo de membresía,paraguay
académico,subclase de,fellow,paraguay
académico,forma parte de,academia de ciencias,paraguay
filósofo,instancia de,ocupación,paraguay
filósofo,subclase de,académico de humanidades,paraguay
filósofo,santo patrón,Tomás de Aquino,paraguay
filósofo,santo patrón,Alberto Magno,paraguay
filósofo,santo patrón,Catalina de Alejandría,paraguay
Caaguazú,país,Paraguay,paraguay
Caaguazú,instancia de,ciudad,paraguay
Caaguazú,instancia de,municipio de Paraguay,paraguay
Caaguazú,instancia de,gran ciudad,paraguay
Caaguazú,situado en la entidad territorial administrativa,Departamento de Caaguazú,paraguay
Rusia,jefe de gobierno,Mijaíl Mishustin,paraguay
Rusia,continente,Europa,paraguay
Rusia,instancia de,país,paraguay
Rusia,instancia de,federación,paraguay
Rusia,instancia de,Estado laico,paraguay
alcalde,instancia de,cargo,paraguay
alcalde,subclase de,autoridad,paraguay
alcalde,subclase de,órgano,paraguay
alcalde,subclase de,jefe del Gobierno,paraguay
alcalde,subclase de,político municipal,paraguay
Universidad de Salamanca,país,España,paraguay
Universidad de Salamanca,instancia de,universidad pública,paraguay
Universidad de Salamanca,instancia de,editor de acceso abierto,paraguay
Universidad de Salamanca,situado en la entidad territorial administrativa,Salamanca,paraguay
Universidad de Salamanca,ubicación de la sede,Salamanca,paraguay
Sergio Nichiporuk,Lugar de nacimiento,Departamento de Itapúa,paraguay
Sergio Nichiporuk,Ocupación,futbolista,paraguay
Sergio Nichiporuk,Ciudadanía,Paraguay,paraguay
Sergio Nichiporuk,Fecha de nacimiento,1957-02-24,paraguay
Ignacio Mendoza Unzaín,Ocupación,médico,paraguay
Ignacio Mendoza Unzaín,Ciudadanía,Paraguay,paraguay
Ignacio Mendoza Unzaín,Cargo,Diputado Nacional de Paraguay,paraguay
Ignacio Mendoza Unzaín,Fecha de nacimiento,1901-01-01,paraguay
Ignacio Mendoza Unzaín,Ocupación,político,paraguay
Alfonso González Núñez,Lugar de nacimiento,San Lorenzo,paraguay
Alfonso González Núñez,Ocupación,abogado,paraguay
Alfonso González Núñez,Ciudadanía,Paraguay,paraguay
Alfonso González Núñez,Educado en,Universidad Nacional de Asunción,paraguay
Alfonso González Núñez,Cargo,Senador Nacional de Paraguay,paraguay
Alfonso González Núñez,Fecha de nacimiento,1964-01-01,paraguay
Alfonso González Núñez,Ocupación,político,paraguay
Pablo Meza,Lugar de nacimiento,Luque,paraguay
Pablo Meza,Ocupación,futbolista,paraguay
Pablo Meza,Ciudadanía,Paraguay,paraguay
Pablo Meza,Fecha de nacimiento,1997-01-29,paraguay
Enrique Samaniego,Ocupación,arpista,paraguay
Enrique Samaniego,Ciudadanía,Paraguay,paraguay
Enrique Samaniego,Fecha de nacimiento,1934-01-01,paraguay
Enrique Samaniego,Fecha de defunción,1934-01-04,paraguay
María Cristina Gómez Rabito,Ocupación,arpista,paraguay
María Cristina Gómez Rabito,Ciudadanía,Paraguay,paraguay
María Cristina Gómez Rabito,Fecha de nacimiento,1949-01-01,paraguay
María Cristina Gómez Rabito,Fecha de defunción,2017-01-01,paraguay
Desirée Masi,Ocupación,político,paraguay
Desirée Masi,Ciudadanía,Paraguay,paraguay
Desirée Masi,Educado en,Universidad Nacional de Asunción,paraguay
Desirée Masi,Cargo,Senador Nacional de Paraguay,paraguay
Pedro Lorenzo Alliana Rodríguez,Lugar de nacimiento,Pilar,paraguay
Pedro Lorenzo Alliana Rodríguez,Ocupación,empresario,paraguay
Pedro Lorenzo Alliana Rodríguez,Ciudadanía,Paraguay,paraguay
Pedro Lorenzo Alliana Rodríguez,Cargo,vicepresidente del Paraguay,paraguay
Pedro Lorenzo Alliana Rodríguez,Fecha de nacimiento,1974-01-01,paraguay
Pedro Lorenzo Alliana Rodríguez,Ocupación,político,paraguay
Pedro Lorenzo Alliana Rodríguez,Fecha de nacimiento,1974-02-19,paraguay
Pedro Lorenzo Alliana Rodríguez,Cargo,presidente,paraguay
Pedro Lorenzo Alliana Rodríguez,Cargo,Partido Colorado,paraguay
Pedro Lorenzo Alliana Rodríguez,Cargo,Diputado Nacional de Paraguay,paraguay
Pedro Lorenzo Alliana Rodríguez,Cargo,Speaker of the Chamber of Deputies,paraguay
Sandra María McLeod de Zacarías,Ocupación,político,paraguay
Sandra María McLeod de Zacarías,Ciudadanía,Paraguay,paraguay
Sandra María McLeod de Zacarías,Cargo,intendente municipal de Ciudad del Este,paraguay
Juan Ángel Nuñez Duarte,Ocupación,político,paraguay
Juan Ángel Nuñez Duarte,Ciudadanía,Paraguay,paraguay
Juan Ángel Nuñez Duarte,Cargo,concejal de Ciudad del Este,paraguay
Hugo Velázquez,Lugar de nacimiento,Itacurubí del Rosario,paraguay
Hugo Velázquez,Ocupación,político,paraguay
Hugo Velázquez,Ciudadanía,Paraguay,paraguay
Hugo Velázquez,Cargo,vicepresidente del Paraguay,paraguay
Hugo Velázquez,Fecha de nacimiento,1967-07-03,paraguay
Alicia Pucheta,Lugar de nacimiento,Asunción,paraguay
Alicia Pucheta,Ocupación,abogado,paraguay
Alicia Pucheta,Ciudadanía,Paraguay,paraguay
Alicia Pucheta,Cargo,vicepresidente del Paraguay,paraguay
Alicia Pucheta,Fecha de nacimiento,1950-01-14,paraguay
Olga Katryna Subeldia Cabrera,Ocupación,atleta,paraguay
Olga Katryna Subeldia Cabrera,Ciudadanía,Paraguay,paraguay
Olga Katryna Subeldia Cabrera,Fecha de nacimiento,1989-01-06,paraguay
Darío Cáceres,Lugar de nacimiento,Pirayú,paraguay
Darío Cáceres,Ocupación,futbolista,paraguay
Darío Cáceres,Ciudadanía,Paraguay,paraguay
Darío Cáceres,Fecha de nacimiento,1998-01-26,paraguay
Marcelo Baez,Lugar de nacimiento,Ciudad del Este,paraguay
Marcelo Baez,Ocupación,futbolista,paraguay
Marcelo Baez,Ciudadanía,Paraguay,paraguay
Marcelo Baez,Fecha de nacimiento,1991-01-14,paraguay
Lila Acosta,Lugar de nacimiento,Asunción,paraguay
Lila Acosta,Ocupación,baloncestista,paraguay
Lila Acosta,Ciudadanía,Paraguay,paraguay
Lila Acosta,Fecha de nacimiento,1928-11-29,paraguay
Lila Acosta,Fecha de defunción,2017-08-02,paraguay
Sira Escudero,Ocupación,baloncestista,paraguay
Sira Escudero,Ciudadanía,Paraguay,paraguay
Sira Escudero,Fecha de nacimiento,1932-04-26,paraguay
Sira Escudero,Fecha de defunción,2006-10-21,paraguay
Max Narvaez,Ocupación,yudoca,paraguay
Max Narvaez,Ciudadanía,Paraguay,paraguay
Max Narvaez,Fecha de nacimiento,1957-06-15,paraguay
Wilfrido Castro,Ocupación,baloncestista,paraguay
Wilfrido Castro,Ciudadanía,Paraguay,paraguay
Wilfrido Castro,Fecha de nacimiento,1942-10-12,paraguay
Wilfrido Castro,Fecha de defunción,2010-07-08,paraguay
África Battaglia,Ocupación,baloncestista,paraguay
África Battaglia,Ciudadanía,Paraguay,paraguay
África Battaglia,Fecha de nacimiento,1933-01-18,paraguay
África Battaglia,Fecha de defunción,1999-09-01,paraguay
Departamento de Itapúa,país,Paraguay,paraguay
Departamento de Itapúa,instancia de,departamento de Paraguay,paraguay
Departamento de Itapúa,capital,Encarnación,paraguay
Departamento de Itapúa,comparte fronteras con,Provincia de Corrientes,paraguay
Departamento de Itapúa,comparte fronteras con,Provincia de Misiones,paraguay
Diputado Nacional de Paraguay,país,Paraguay,paraguay
Diputado Nacional de Paraguay,instancia de,cargo,paraguay
Diputado Nacional de Paraguay,subclase de,diputado,paraguay
Diputado Nacional de Paraguay,forma parte de,Cámara de Diputados de Paraguay,paraguay
Diputado Nacional de Paraguay,categoría principal del tema,Categoría:Diputados de Paraguay,paraguay
intendente municipal de Ciudad del Este,país,Paraguay,paraguay
intendente municipal de Ciudad del Este,instancia de,cargo público,paraguay
intendente municipal de Ciudad del Este,subclase de,alcalde,paraguay
intendente municipal de Ciudad del Este,forma parte de,gabinete de Ciudad del Este,paraguay
intendente municipal de Ciudad del Este,aplica a la jurisdicción,Ciudad del Este,paraguay
concejal de Ciudad del Este,país,Paraguay,paraguay
concejal de Ciudad del Este,instancia de,cargo,paraguay
concejal de Ciudad del Este,subclase de,concejal,paraguay
concejal de Ciudad del Este,forma parte de,Junta Municipal de Ciudad del Este,paraguay
concejal de Ciudad del Este,aplica a la jurisdicción,Ciudad del Este,paraguay
Carlos Ruíz Peralta,Ocupación,futbolista,paraguay
Carlos Ruíz Peralta,Ciudadanía,Paraguay,paraguay
Carlos Ruíz Peralta,Fecha de nacimiento,1984-01-17,paraguay
Carlos Ruíz Peralta,Fecha de nacimiento,1984-07-17,paraguay
Esteban Alegre,Lugar de nacimiento,Asunción,paraguay
Esteban Alegre,Ocupación,explorador,paraguay
Esteban Alegre,Ciudadanía,Paraguay,paraguay
Esteban Alegre,Fecha de nacimiento,1550-01-01,paraguay
Esteban Alegre,Fecha de defunción,1620-01-01,paraguay
Sergio Díaz Velázquez,Lugar de nacimiento,Itauguá,paraguay
Sergio Díaz Velázquez,Ocupación,futbolista,paraguay
Sergio Díaz Velázquez,Ciudadanía,Paraguay,paraguay
Sergio Díaz Velázquez,Fecha de nacimiento,1998-03-05,paraguay
Marcos Augusto Morínigo,Lugar de nacimiento,Asunción,paraguay
Marcos Augusto Morínigo,Ocupación,profesor universitario,paraguay
Marcos Augusto Morínigo,Ciudadanía,Paraguay,paraguay
Marcos Augusto Morínigo,Empleador,Universidad de Buenos Aires,paraguay
Marcos Augusto Morínigo,Miembro de,Academia Nacional de la Historia de la República Argentina,paraguay
Marcos Augusto Morínigo,Fecha de nacimiento,1904-01-01,paraguay
Marcos Augusto Morínigo,Fecha de defunción,1987-01-01,paraguay
Marcos Augusto Morínigo,Ocupación,romanista,paraguay
Marcos Augusto Morínigo,Ocupación,lingüista,paraguay
Marcos Augusto Morínigo,Empleador,Universidad de Illinois en Urbana-Champaign,paraguay
Mario López Quintana,Lugar de nacimiento,Mariano Roque Alonso,paraguay
Mario López Quintana,Ocupación,futbolista,paraguay
Mario López Quintana,Ciudadanía,Paraguay,paraguay
Mario López Quintana,Fecha de nacimiento,1995-07-06,paraguay
Alejandrino Barrios,Ocupación,futbolista,paraguay
Alejandrino Barrios,Ciudadanía,Paraguay,paraguay
Alejandrino Barrios,Fecha de nacimiento,1916-02-27,paraguay
Tiberio Godoy,Ocupación,futbolista,paraguay
Tiberio Godoy,Ciudadanía,Paraguay,paraguay
Myriam Arévalos,Lugar de nacimiento,Asunción,paraguay
Myriam Arévalos,Ocupación,modelo,paraguay
Myriam Arévalos,Ciudadanía,Paraguay,paraguay
Myriam Arévalos,Fecha de nacimiento,1993-04-05,paraguay
Antonio Alejandro Franco,Lugar de nacimiento,Asunción,paraguay
Antonio Alejandro Franco,Ocupación,entrenador,paraguay
Antonio Alejandro Franco,Ciudadanía,Paraguay,paraguay
Antonio Alejandro Franco,Fecha de nacimiento,1991-07-10,paraguay
Antonio Alejandro Franco,Ocupación,futbolista,paraguay
Milva Gauto,Lugar de nacimiento,Asunción,paraguay
Milva Gauto,Ocupación,periodista,paraguay
Milva Gauto,Ciudadanía,Paraguay,paraguay
Milva Gauto,Fecha de nacimiento,1968-06-27,paraguay
Fernando Fabián Fernández,Lugar de nacimiento,Capiatá,paraguay
Fernando Fabián Fernández,Ocupación,entrenador,paraguay
Fernando Fabián Fernández,Ciudadanía,Paraguay,paraguay
Fernando Fabián Fernández,Fecha de nacimiento,1992-01-08,paraguay
Fernando Fabián Fernández,Ocupación,árbitro de fútbol,paraguay
Fernando Fabián Fernández,Ocupación,futbolista,paraguay
Cristian Colmán,Lugar de nacimiento,Departamento de Itapúa,paraguay
Cristian Colmán,Ocupación,futbolista,paraguay
Cristian Colmán,Ciudadanía,Paraguay,paraguay
Cristian Colmán,Fecha de nacimiento,1994-02-26,paraguay
Óscar Ruiz,Lugar de nacimiento,Asunción,paraguay
Óscar Ruiz,Ocupación,entrenador,paraguay
Óscar Ruiz,Ciudadanía,Paraguay,paraguay
Óscar Ruiz,Fecha de nacimiento,1991-05-14,paraguay
Óscar Ruiz,Lugar de nacimiento,Altos,paraguay
Óscar Ruiz,Ocupación,futbolista,paraguay
Rodrigo Resquín,Lugar de nacimiento,Capiatá,paraguay
Rodrigo Resquín,Ocupación,árbitro de fútbol,paraguay
Rodrigo Resquín,Ciudadanía,Paraguay,paraguay
Rodrigo Resquín,Fecha de nacimiento,1989-08-23,paraguay
Rodrigo Resquín,Ocupación,futbolista,paraguay
Óscar Agüero,Lugar de nacimiento,Villa Elisa,paraguay
Óscar Agüero,Ocupación,futbolista,paraguay
Óscar Agüero,Ciudadanía,Paraguay,paraguay
Óscar Agüero,Fecha de nacimiento,1980-06-15,paraguay
Wildo Alonso,Ocupación,futbolista,paraguay
Wildo Alonso,Ciudadanía,Paraguay,paraguay
Wildo Alonso,Fecha de nacimiento,1990-07-30,paraguay
Elvio Amarilla,Lugar de nacimiento,Capiatá,paraguay
Elvio Amarilla,Ocupación,futbolista,paraguay
Elvio Amarilla,Ciudadanía,Paraguay,paraguay
Elvio Amarilla,Fecha de nacimiento,1986-03-23,paraguay
Juan David Argüello,Lugar de nacimiento,Atyrá,paraguay
Juan David Argüello,Ocupación,futbolista,paraguay
Juan David Argüello,Ciudadanía,Paraguay,paraguay
Juan David Argüello,Fecha de nacimiento,1991-09-28,paraguay
Víctor Ayala Ojeda,Lugar de nacimiento,Asunción,paraguay
Víctor Ayala Ojeda,Ocupación,futbolista,paraguay
Víctor Ayala Ojeda,Ciudadanía,Paraguay,paraguay
Víctor Ayala Ojeda,Fecha de nacimiento,1988-11-05,paraguay
Jeremías Bogado,Lugar de nacimiento,Limpio,paraguay
Jeremías Bogado,Ocupación,entrenador,paraguay
Jeremías Bogado,Ciudadanía,Paraguay,paraguay
Jeremías Bogado,Fecha de nacimiento,1995-07-04,paraguay
Jeremías Bogado,Ocupación,futbolista,paraguay
explorador,instancia de,ocupación,paraguay
explorador,subclase de,aventurero,paraguay
explorador,subclase de,viajero,paraguay
explorador,subclase de,investigador,paraguay
explorador,ámbito de la ocupación,expedición,paraguay
profesor universitario,instancia de,profesión académica,paraguay
profesor universitario,subclase de,profesor,paraguay
profesor universitario,subclase de,académico,paraguay
profesor universitario,ámbito de la ocupación,enseñanza,paraguay
Universidad de Buenos Aires,país,Argentina,paraguay
Universidad de Buenos Aires,instancia de,universidad pública,paraguay
Universidad de Buenos Aires,instancia de,editor de acceso abierto,paraguay
Universidad de Buenos Aires,fundador,Bernardino Rivadavia,paraguay
Universidad de Buenos Aires,fundador,Martín Rodríguez,paraguay
Academia Nacional de la Historia de la República Argentina,país,Argentina,paraguay
Academia Nacional de la Historia de la República Argentina,instancia de,organización,paraguay
Academia Nacional de la Historia de la República Argentina,situado en la entidad territorial administrativa,Buenos Aires,paraguay
Academia Nacional de la Historia de la República Argentina,ubicación de la sede,Antiguo Congreso Nacional,paraguay
Academia Nacional de la Historia de la República Argentina,compuesto por,Antiguo Congreso Nacional,paraguay
Villa Elisa,país,Paraguay,paraguay
Villa Elisa,instancia de,municipio de Paraguay,paraguay
Villa Elisa,situado en la entidad territorial administrativa,Departamento Central,paraguay
Sara Schaerer,Lugar de nacimiento,Paraguay,paraguay
Sara Schaerer,Ocupación,escritor,paraguay
Sara Schaerer,Ciudadanía,Uruguay,paraguay
Sara Schaerer,Fecha de nacimiento,1940-01-01,paraguay
Sara Schaerer,Ciudadanía,Paraguay,paraguay
Santiago Irala,Ocupación,futbolista,paraguay
Santiago Irala,Ciudadanía,Paraguay,paraguay
Santiago Irala,Fecha de nacimiento,1999-01-03,paraguay
Clara Sosa,Lugar de nacimiento,Asunción,paraguay
Clara Sosa,Ocupación,modelo,paraguay
Clara Sosa,Ciudadanía,Paraguay,paraguay
Clara Sosa,Fecha de nacimiento,1993-09-25,paraguay
Fernando Ovelar,Lugar de nacimiento,Asunción,paraguay
Fernando Ovelar,Ocupación,futbolista,paraguay
Fernando Ovelar,Ciudadanía,Paraguay,paraguay
Fernando Ovelar,Fecha de nacimiento,2004-01-06,paraguay
Jorge Bernardo Schvartzman,Lugar de nacimiento,Asunción,paraguay
Jorge Bernardo Schvartzman,Ocupación,investigador,paraguay
Jorge Bernardo Schvartzman,Ciudadanía,España,paraguay
Jorge Bernardo Schvartzman,Educado en,Universidad Politécnica de Madrid,paraguay
Jorge Bernardo Schvartzman,Empleador,Brookhaven National Laboratory,paraguay
Jorge Bernardo Schvartzman,Miembro de,Sociedad Española de Bioquímica y Biología Molecular,paraguay
Jorge Bernardo Schvartzman,Fecha de nacimiento,1948-12-14,paraguay
Jorge Bernardo Schvartzman,Fecha de defunción,2021-03-04,paraguay
Jorge Bernardo Schvartzman,Ocupación,biólogo molecular,paraguay
Jorge Bernardo Schvartzman,Ciudadanía,Paraguay,paraguay
Jorge Bernardo Schvartzman,Educado en,Universidad Nacional de Asunción,paraguay
Jorge Bernardo Schvartzman,Empleador,Consejo Superior de Investigaciones Científicas,paraguay
Jorge Bernardo Schvartzman,Empleador,Escuela de Medicina Albert Einstein,paraguay
Rodrigo Ruiz Díaz,Lugar de nacimiento,San Juan Nepomuceno,paraguay
Rodrigo Ruiz Díaz,Ocupación,futbolista,paraguay
Rodrigo Ruiz Díaz,Ciudadanía,Paraguay,paraguay
Rodrigo Ruiz Díaz,Fecha de nacimiento,1999-01-15,paraguay
Ignacio Ávila,Ocupación,herpetólogo,paraguay
Ignacio Ávila,Ciudadanía,Paraguay,paraguay
Frederick Bauer,Ocupación,herpetólogo,paraguay
Frederick Bauer,Ciudadanía,Paraguay,paraguay
Adam Bareiro,Lugar de nacimiento,Itauguá,paraguay
Adam Bareiro,Ocupación,futbolista,paraguay
Adam Bareiro,Ciudadanía,Paraguay,paraguay
Adam Bareiro,Fecha de nacimiento,1996-07-26,paraguay
Diego López,Lugar de nacimiento,Paraguay,paraguay
Diego López,Ocupación,futbolista,paraguay
Diego López,Ciudadanía,Paraguay,paraguay
Diego López,Fecha de nacimiento,1995-05-11,paraguay
Matías Nicolás Rojas,Lugar de nacimiento,Paraguay,paraguay
Matías Nicolás Rojas,Ocupación,futbolista,paraguay
Matías Nicolás Rojas,Ciudadanía,Paraguay,paraguay
Matías Nicolás Rojas,Fecha de nacimiento,1995-11-03,paraguay
Pablo Martínez,Lugar de nacimiento,Asunción,paraguay
Pablo Martínez,Ocupación,futbolista,paraguay
Pablo Martínez,Ciudadanía,Paraguay,paraguay
Pablo Martínez,Fecha de nacimiento,1996-11-30,paraguay
Santiago Rojas,Lugar de nacimiento,Luque,paraguay
Santiago Rojas,Ocupación,futbolista,paraguay
Santiago Rojas,Ciudadanía,Paraguay,paraguay
Santiago Rojas,Fecha de nacimiento,1996-04-05,paraguay
David Martínez,Lugar de nacimiento,Argentina,paraguay
David Martínez,Ocupación,futbolista,paraguay
David Martínez,Ciudadanía,Argentina,paraguay
David Martínez,Fecha de nacimiento,1998-01-21,paraguay
David Martínez,Ciudadanía,Paraguay,paraguay
Nicolás Morínigo,Lugar de nacimiento,Asunción,paraguay
Nicolás Morínigo,Ocupación,futbolista,paraguay
Nicolás Morínigo,Ciudadanía,Paraguay,paraguay
Nicolás Morínigo,Fecha de nacimiento,2000-03-09,paraguay
Braian Ojeda,Lugar de nacimiento,Itauguá,paraguay
Braian Ojeda,Ocupación,futbolista,paraguay
Braian Ojeda,Ciudadanía,Paraguay,paraguay
Braian Ojeda,Fecha de nacimiento,2000-06-27,paraguay
Fernando Romero,Lugar de nacimiento,Asunción,paraguay
Fernando Romero,Ocupación,futbolista,paraguay
Fernando Romero,Ciudadanía,Paraguay,paraguay
Fernando Romero,Fecha de nacimiento,2000-04-24,paraguay
Cristhian Candia,Lugar de nacimiento,Itá,paraguay
Cristhian Candia,Ocupación,futbolista,paraguay
Cristhian Candia,Ciudadanía,Paraguay,paraguay
Cristhian Candia,Fecha de nacimiento,1999-03-07,paraguay
Pedro Álvarez,Ocupación,futbolista,paraguay
Pedro Álvarez,Ciudadanía,Paraguay,paraguay
Pedro Álvarez,Fecha de nacimiento,2001-02-10,paraguay
Alexis Duarte,Lugar de nacimiento,Asunción,paraguay
Alexis Duarte,Ocupación,futbolista,paraguay
Alexis Duarte,Ciudadanía,Paraguay,paraguay
Alexis Duarte,Fecha de nacimiento,2000-03-12,paraguay
Brookhaven National Laboratory,país,Estados Unidos,paraguay
Brookhaven National Laboratory,instancia de,instituto de investigación,paraguay
Brookhaven National Laboratory,situado en la entidad territorial administrativa,Brookhaven,paraguay
Brookhaven National Laboratory,ubicación de la sede,Upton,paraguay
San Juan Nepomuceno,país,Colombia,paraguay
San Juan Nepomuceno,instancia de,municipio de Colombia,paraguay
San Juan Nepomuceno,situado en la entidad territorial administrativa,Bolívar,paraguay
San Juan Nepomuceno,nombrado en referencia a,Juan Nepomuceno,paraguay
San Juan Nepomuceno,categoría para las personas que nacieron aquí,Categoría:Nacidos en San Juan Nepomuceno (Colombia),paraguay
San Juan Nepomuceno,país,Paraguay,paraguay
San Juan Nepomuceno,instancia de,municipio de Paraguay,paraguay
San Juan Nepomuceno,situado en la entidad territorial administrativa,Departamento de Caazapá,paraguay
herpetólogo,instancia de,profesión,paraguay
herpetólogo,subclase de,zoólogo de vertebrados,paraguay
herpetólogo,ámbito de la ocupación,herpetología,paraguay
herpetólogo,categoría principal del tema,Categoría:Herpetólogos,paraguay
Itá,país,Brasil,paraguay
Itá,instancia de,municipio de Brasil,paraguay
Itá,comparte fronteras con,Aratiba,paraguay
Itá,comparte fronteras con,Arabutã,paraguay
Itá,comparte fronteras con,Concórdia,paraguay
San Lorenzo,categoría principal del tema,Categoría:San Lorenzo (Paraguay),paraguay
San Lorenzo,categoría para las personas que nacieron aquí,Categoría:Nacidos en San Lorenzo (Paraguay),paraguay
San Lorenzo,categoría de personas relacionadas,Categoría:Personas de San Lorenzo (Paraguay),paraguay
Anai Benitez Mendez,Ocupación,baloncestista,paraguay
Anai Benitez Mendez,Ciudadanía,Paraguay,paraguay
Anai Benitez Mendez,Fecha de nacimiento,1999-09-11,paraguay
Andrea Natalia Caceres Grau,Ocupación,baloncestista,paraguay
Andrea Natalia Caceres Grau,Ciudadanía,Paraguay,paraguay
Andrea Natalia Caceres Grau,Fecha de nacimiento,1997-03-01,paraguay
Lisandry Noemi Fernandez Coronel,Ocupación,baloncestista,paraguay
Lisandry Noemi Fernandez Coronel,Ciudadanía,Paraguay,paraguay
Lisandry Noemi Fernandez Coronel,Fecha de nacimiento,2000-03-07,paraguay
Karin Annette Tatter Ibañez,Ocupación,baloncestista,paraguay
Karin Annette Tatter Ibañez,Ciudadanía,Paraguay,paraguay
Karin Annette Tatter Ibañez,Fecha de nacimiento,1999-07-30,paraguay
Gabriela Maria Quevedo Escobar,Ocupación,baloncestista,paraguay
Gabriela Maria Quevedo Escobar,Ciudadanía,Paraguay,paraguay
Gabriela Maria Quevedo Escobar,Fecha de nacimiento,1998-04-12,paraguay
Valentina Maria Sasiain Arrua,Ocupación,baloncestista,paraguay
Valentina Maria Sasiain Arrua,Ciudadanía,Paraguay,paraguay
Valentina Maria Sasiain Arrua,Fecha de nacimiento,1999-10-19,paraguay
Venecia Carolina Pereira Fleitas,Ocupación,baloncestista,paraguay
Venecia Carolina Pereira Fleitas,Ciudadanía,Paraguay,paraguay
Venecia Carolina Pereira Fleitas,Fecha de nacimiento,1998-01-08,paraguay
Maria Sol Flecha Noguera,Ocupación,baloncestista,paraguay
Maria Sol Flecha Noguera,Ciudadanía,Paraguay,paraguay
Maria Sol Flecha Noguera,Fecha de nacimiento,1998-11-13,paraguay
Bibiana Beatriz Ortiz Villagra,Ocupación,baloncestista,paraguay
Bibiana Beatriz Ortiz Villagra,Ciudadanía,Paraguay,paraguay
Bibiana Beatriz Ortiz Villagra,Fecha de nacimiento,1997-03-14,paraguay
Gabriel Peralta,Ocupación,baloncestista,paraguay
Gabriel Peralta,Ciudadanía,Argentina,paraguay
Gabriel Peralta,Fecha de nacimiento,1995-04-29,paraguay
Gabriel Peralta,Ciudadanía,Paraguay,paraguay
Emilio Joel Brunet Avalos,Ocupación,baloncestista,paraguay
Emilio Joel Brunet Avalos,Ciudadanía,Paraguay,paraguay
Emilio Joel Brunet Avalos,Fecha de nacimiento,1997-07-04,paraguay
Alessandro Matias Raidan Sforza,Ocupación,baloncestista,paraguay
Alessandro Matias Raidan Sforza,Ciudadanía,Paraguay,paraguay
Alessandro Matias Raidan Sforza,Fecha de nacimiento,1997-01-26,paraguay
Jose Maria Pereira Cristaldo,Ocupación,baloncestista,paraguay
Jose Maria Pereira Cristaldo,Ciudadanía,Paraguay,paraguay
Jose Maria Pereira Cristaldo,Fecha de nacimiento,1997-03-21,paraguay
Rolando Ivan Paredes Mendieta,Ocupación,baloncestista,paraguay
Rolando Ivan Paredes Mendieta,Ciudadanía,Paraguay,paraguay
Rolando Ivan Paredes Mendieta,Fecha de nacimiento,1997-02-17,paraguay
Carlo Sebastian Ciciolli Delmas,Ocupación,baloncestista,paraguay
Carlo Sebastian Ciciolli Delmas,Ciudadanía,Paraguay,paraguay
Carlo Sebastian Ciciolli Delmas,Fecha de nacimiento,1997-05-27,paraguay
Emmanuel Juan Jose Gonzalez Galeano,Ocupación,baloncestista,paraguay
Emmanuel Juan Jose Gonzalez Galeano,Ciudadanía,Paraguay,paraguay
Emmanuel Juan Jose Gonzalez Galeano,Fecha de nacimiento,1998-07-18,paraguay
Juan Antonio Amarilla Vargas,Ocupación,baloncestista,paraguay
Juan Antonio Amarilla Vargas,Ciudadanía,Paraguay,paraguay
Juan Antonio Amarilla Vargas,Fecha de nacimiento,1998-06-24,paraguay
Jorge Dario Martinez Rojas,Ocupación,baloncestista,paraguay
Jorge Dario Martinez Rojas,Ciudadanía,Paraguay,paraguay
Jorge Dario Martinez Rojas,Fecha de nacimiento,1998-01-30,paraguay
Mario Marcelo Mereles Ferreira,Ocupación,baloncestista,paraguay
Mario Marcelo Mereles Ferreira,Ciudadanía,Paraguay,paraguay
Mario Marcelo Mereles Ferreira,Fecha de nacimiento,1997-04-25,paraguay
Gustavo Alejandro Arguello Larre,Ocupación,baloncestista,paraguay
Gustavo Alejandro Arguello Larre,Ciudadanía,Paraguay,paraguay
Gustavo Alejandro Arguello Larre,Fecha de nacimiento,1997-04-24,paraguay
Eder Acosta Santacruz,Lugar de nacimiento,Asunción,paraguay
Eder Acosta Santacruz,Ocupación,escritor,paraguay
Eder Acosta Santacruz,Ciudadanía,Paraguay,paraguay
Eder Acosta Santacruz,Fecha de nacimiento,1986-02-22,paraguay
