entidad,relacion,objeto,source_file
Lisvel Elisa Eve,Lugar de nacimiento,Puerto Plata,republica_dominicana
Lisvel Elisa Eve,Ocupación,voleibolista,republica_dominicana
Lisvel Elisa Eve,Ciudadanía,República Dominicana,republica_dominicana
Lisvel Elisa Eve,Fecha de nacimiento,1991-09-10,republica_dominicana
Marianne Cruz,Lugar de nacimiento,Salcedo,republica_dominicana
Marianne Cruz,Ocupación,modelo,republica_dominicana
Marianne Cruz,Ciudadanía,República Dominicana,republica_dominicana
Marianne Cruz,Fecha de nacimiento,1985-04-23,republica_dominicana
Marianne Cruz,Ocupación,comunicador,republica_dominicana
Marianne Cruz,Ocupación,participante en concursos de belleza,republica_dominicana
Valentín Reynoso Hidalgo,Lugar de nacimiento,María Trinidad Sánchez,republica_dominicana
Valentín Reynoso Hidalgo,Ocupación,sacerdote católico,republica_dominicana
Valentín Reynoso Hidalgo,Ciudadanía,República Dominicana,republica_dominicana
Valentín Reynoso Hidalgo,Educado en,Pontificia Universidad Gregoriana,republica_dominicana
Valentín Reynoso Hidalgo,Cargo,obispo titular,republica_dominicana
Valentín Reynoso Hidalgo,Fecha de nacimiento,1942-12-16,republica_dominicana
Valentín Reynoso Hidalgo,Ocupación,obispo católico,republica_dominicana
Valentín Reynoso Hidalgo,Cargo,Obispo auxiliar de Santiago de los Caballeros,republica_dominicana
Jeoselyna Rodríguez,Lugar de nacimiento,Santo Domingo,republica_dominicana
Jeoselyna Rodríguez,Ocupación,voleibolista,republica_dominicana
Jeoselyna Rodríguez,Ciudadanía,República Dominicana,republica_dominicana
Jeoselyna Rodríguez,Fecha de nacimiento,1991-12-09,republica_dominicana
Violeta Stephen,Lugar de nacimiento,San Pedro de Macorís,republica_dominicana
Violeta Stephen,Ocupación,cantante,republica_dominicana
Violeta Stephen,Ciudadanía,República Dominicana,republica_dominicana
Violeta Stephen,Fecha de nacimiento,1929-11-21,republica_dominicana
Victor Emilio Masalles Pere,Lugar de nacimiento,Barcelona,republica_dominicana
Victor Emilio Masalles Pere,Ocupación,economista,republica_dominicana
Victor Emilio Masalles Pere,Ciudadanía,República Dominicana,republica_dominicana
Victor Emilio Masalles Pere,Educado en,Pontificia Universidad Gregoriana,republica_dominicana
Victor Emilio Masalles Pere,Cargo,obispo titular,republica_dominicana
Victor Emilio Masalles Pere,Fecha de nacimiento,1961-06-29,republica_dominicana
Victor Emilio Masalles Pere,Ocupación,sacerdote católico,republica_dominicana
Victor Emilio Masalles Pere,Ocupación,obispo católico,republica_dominicana
Victor Emilio Masalles Pere,Ocupación,nadador,republica_dominicana
Victor Emilio Masalles Pere,Cargo,Obispo de Baní,republica_dominicana
Victor Emilio Masalles Pere,Cargo,Obispo auxiliar de la Arquidiócesis de Santo Domingo,republica_dominicana
Wendy Cruz,Lugar de nacimiento,Santiago de los Caballeros,republica_dominicana
Wendy Cruz,Ocupación,ciclista,republica_dominicana
Wendy Cruz,Ciudadanía,República Dominicana,republica_dominicana
Wendy Cruz,Fecha de nacimiento,1976-03-07,republica_dominicana
Francisco García,Lugar de nacimiento,Santo Domingo,republica_dominicana
Francisco García,Ocupación,baloncestista,republica_dominicana
Francisco García,Ciudadanía,República Dominicana,republica_dominicana
Francisco García,Educado en,Universidad de Louisville,republica_dominicana
Francisco García,Fecha de nacimiento,1980-12-31,republica_dominicana
Francisco García,Fecha de nacimiento,1981-12-31,republica_dominicana
Francisco García,Educado en,Cheshire Academy,republica_dominicana
Francisco García,Educado en,The Winchendon School,republica_dominicana
Mariasela Álvarez,Lugar de nacimiento,Santo Domingo,republica_dominicana
Mariasela Álvarez,Ocupación,arquitecto,republica_dominicana
Mariasela Álvarez,Ciudadanía,España,republica_dominicana
Mariasela Álvarez,Fecha de nacimiento,1960-01-31,republica_dominicana
Mariasela Álvarez,Ocupación,productor de televisión,republica_dominicana
Mariasela Álvarez,Ocupación,presentador de televisión,republica_dominicana
Mariasela Álvarez,Ocupación,modelo,republica_dominicana
Mariasela Álvarez,Ocupación,filántropo,republica_dominicana
Mariasela Álvarez,Ocupación,participante en concursos de belleza,republica_dominicana
Mariasela Álvarez,Ciudadanía,República Dominicana,republica_dominicana
Brenda Castillo,Lugar de nacimiento,San Cristóbal,republica_dominicana
Brenda Castillo,Ocupación,voleibolista,republica_dominicana
Brenda Castillo,Ciudadanía,República Dominicana,republica_dominicana
Brenda Castillo,Fecha de nacimiento,1992-06-05,republica_dominicana
Ramfis Trujillo,Lugar de nacimiento,República Dominicana,republica_dominicana
Ramfis Trujillo,Ocupación,político,republica_dominicana
Ramfis Trujillo,Ciudadanía,República Dominicana,republica_dominicana
Ramfis Trujillo,Educado en,Colegio de Comando y Estado Mayor General del Ejército de los Estados Unidos,republica_dominicana
Ramfis Trujillo,Cargo,presidente de la República Dominicana,republica_dominicana
Ramfis Trujillo,Fecha de nacimiento,1929-06-05,republica_dominicana
Ramfis Trujillo,Fecha de defunción,1969-12-27,republica_dominicana
Ramfis Trujillo,Fecha de defunción,1969-12-28,republica_dominicana
Aneury Rodríguez,Lugar de nacimiento,Higüey,republica_dominicana
Aneury Rodríguez,Ocupación,beisbolista,republica_dominicana
Aneury Rodríguez,Ciudadanía,República Dominicana,republica_dominicana
Aneury Rodríguez,Fecha de nacimiento,1987-12-13,republica_dominicana
Miriam Cruz,Lugar de nacimiento,Santo Domingo,republica_dominicana
Miriam Cruz,Ocupación,actor,republica_dominicana
Miriam Cruz,Ciudadanía,República Dominicana,republica_dominicana
Miriam Cruz,Miembro de,Las Chicas del Can,republica_dominicana
Miriam Cruz,Fecha de nacimiento,1968-08-17,republica_dominicana
Miriam Cruz,Ocupación,cantante,republica_dominicana
Annerys Vargas,Lugar de nacimiento,Santo Domingo,republica_dominicana
Annerys Vargas,Ocupación,voleibolista,republica_dominicana
Annerys Vargas,Ciudadanía,República Dominicana,republica_dominicana
Annerys Vargas,Fecha de nacimiento,1981-08-07,republica_dominicana
Melky Cabrera,Lugar de nacimiento,Santo Domingo,republica_dominicana
Melky Cabrera,Ocupación,beisbolista,republica_dominicana
Melky Cabrera,Ciudadanía,República Dominicana,republica_dominicana
Melky Cabrera,Fecha de nacimiento,1984-08-11,republica_dominicana
Yoel Tapia,Lugar de nacimiento,Monte Cristi,republica_dominicana
Yoel Tapia,Ocupación,atleta,republica_dominicana
Yoel Tapia,Ciudadanía,República Dominicana,republica_dominicana
Yoel Tapia,Fecha de nacimiento,1984-09-11,republica_dominicana
Jhonny Peralta,Lugar de nacimiento,Santiago de los Caballeros,republica_dominicana
Jhonny Peralta,Ocupación,beisbolista,republica_dominicana
Jhonny Peralta,Ciudadanía,República Dominicana,republica_dominicana
Jhonny Peralta,Fecha de nacimiento,1982-05-28,republica_dominicana
Pedro Mir,Lugar de nacimiento,San Pedro de Macorís,republica_dominicana
Pedro Mir,Ocupación,escritor,republica_dominicana
Pedro Mir,Ciudadanía,República Dominicana,republica_dominicana
Pedro Mir,Educado en,Universidad Autónoma de Santo Domingo,republica_dominicana
Pedro Mir,Premio recibido,Orden Heráldica de Cristóbal Colón,republica_dominicana
Pedro Mir,Fecha de nacimiento,1913-06-03,republica_dominicana
Pedro Mir,Fecha de defunción,2000-07-11,republica_dominicana
Pedro Mir,Ocupación,abogado,republica_dominicana
Pedro Mir,Ocupación,poeta,republica_dominicana
Carlos Santa,Lugar de nacimiento,Municipio de Azua,republica_dominicana
Carlos Santa,Ocupación,atleta,republica_dominicana
Carlos Santa,Ciudadanía,República Dominicana,republica_dominicana
Carlos Santa,Fecha de nacimiento,1978-01-07,republica_dominicana
Wilson Betemit,Lugar de nacimiento,Santo Domingo,republica_dominicana
Wilson Betemit,Ocupación,beisbolista,republica_dominicana
Wilson Betemit,Ciudadanía,República Dominicana,republica_dominicana
Wilson Betemit,Fecha de nacimiento,1981-11-02,republica_dominicana
Puerto Plata,país,República Dominicana,republica_dominicana
Puerto Plata,instancia de,municipio de la República Dominicana,republica_dominicana
Puerto Plata,situado en la entidad territorial administrativa,Puerto Plata,republica_dominicana
Puerto Plata,ciudad hermana,Rochester,republica_dominicana
Puerto Plata,categoría principal del tema,Categoría:San Felipe de Puerto Plata,republica_dominicana
voleibolista,instancia de,profesión,republica_dominicana
voleibolista,subclase de,deportista,republica_dominicana
voleibolista,subclase de,jugador competitivo,republica_dominicana
voleibolista,ámbito de la ocupación,voleibol,republica_dominicana
voleibolista,ámbito de la ocupación,voleibol sentado,republica_dominicana
República Dominicana,país,República Dominicana,republica_dominicana
República Dominicana,jefe de gobierno,Luis Abinader,republica_dominicana
República Dominicana,continente,América del Norte,republica_dominicana
República Dominicana,instancia de,país,republica_dominicana
República Dominicana,instancia de,país insular,republica_dominicana
Salcedo,país,República Dominicana,republica_dominicana
Salcedo,instancia de,municipio de la República Dominicana,republica_dominicana
Salcedo,situado en la entidad territorial administrativa,Hermanas Mirabal,republica_dominicana
Salcedo,ciudad hermana,Atlanta,republica_dominicana
Salcedo,ciudad hermana,Moca,republica_dominicana
modelo,instancia de,profesión,republica_dominicana
modelo,subclase de,profesional de la moda,republica_dominicana
modelo,ámbito de la ocupación,modelaje,republica_dominicana
modelo,categoría principal del tema,Categoría:Modelos,republica_dominicana
comunicador,instancia de,ocupación,republica_dominicana
comunicador,subclase de,persona,republica_dominicana
comunicador,se dice que es lo mismo que,gerente de comunicaciones,republica_dominicana
comunicador,diferente de,Comunicador (Star Trek),republica_dominicana
María Trinidad Sánchez,categoría para las personas que nacieron aquí,Categoría:Nacidos en la provincia María Trinidad Sánchez,republica_dominicana
María Trinidad Sánchez,país,República Dominicana,republica_dominicana
María Trinidad Sánchez,instancia de,provincia de la República Dominicana,republica_dominicana
María Trinidad Sánchez,capital,Nagua,republica_dominicana
sacerdote católico,instancia de,vocación católica,republica_dominicana
sacerdote católico,religión,catolicismo,republica_dominicana
sacerdote católico,religión,Iglesia católica,republica_dominicana
sacerdote católico,subclase de,sacerdote,republica_dominicana
sacerdote católico,subclase de,presbítero,republica_dominicana
Pontificia Universidad Gregoriana,país,Italia,republica_dominicana
Pontificia Universidad Gregoriana,instancia de,universidad pontificia,republica_dominicana
Pontificia Universidad Gregoriana,instancia de,universidad jesuita,republica_dominicana
Pontificia Universidad Gregoriana,fundador,Ignacio de Loyola,republica_dominicana
Pontificia Universidad Gregoriana,situado en la entidad territorial administrativa,Roma,republica_dominicana
obispo titular,instancia de,cargo,republica_dominicana
obispo titular,instancia de,cargo eclesiástico,republica_dominicana
obispo titular,instancia de,función episcopal,republica_dominicana
obispo titular,instancia de,vocación católica,republica_dominicana
obispo titular,subclase de,obispo católico,republica_dominicana
Santo Domingo,país,República Dominicana,republica_dominicana
Santo Domingo,instancia de,ciudad,republica_dominicana
Santo Domingo,instancia de,gran ciudad,republica_dominicana
Santo Domingo,fundador,Bartolomé Colón,republica_dominicana
Santo Domingo,situado en la entidad territorial administrativa,Distrito Nacional,republica_dominicana
San Pedro de Macorís,país,República Dominicana,republica_dominicana
San Pedro de Macorís,instancia de,ciudad,republica_dominicana
San Pedro de Macorís,instancia de,municipio de la República Dominicana,republica_dominicana
San Pedro de Macorís,situado en la entidad territorial administrativa,San Pedro de Macorís,republica_dominicana
San Pedro de Macorís,ciudad hermana,Frankfort,republica_dominicana
cantante,instancia de,grupo de ocupaciones de la CIUO,republica_dominicana
cantante,instancia de,ocupación en la música,republica_dominicana
cantante,subclase de,músico,republica_dominicana
cantante,ámbito de la ocupación,canto,republica_dominicana
Barcelona,subdividido en (división administrativa),Distrito de Ciutat Vella,republica_dominicana
Barcelona,subdividido en (división administrativa),Distrito de Les Corts,republica_dominicana
Barcelona,subdividido en (división administrativa),Distrito de Nou Barris,republica_dominicana
Barcelona,subdividido en (división administrativa),Distrito de Sant Andreu,republica_dominicana
Barcelona,subdividido en (división administrativa),Sarrià-Sant Gervasi,republica_dominicana
economista,instancia de,profesión,republica_dominicana
economista,instancia de,grupo de ocupaciones de la CIUO,republica_dominicana
economista,subclase de,científico social,republica_dominicana
economista,subclase de,profesionales sociales y religiosos,republica_dominicana
economista,ámbito de la ocupación,economía,republica_dominicana
Santiago de los Caballeros,país,República Dominicana,republica_dominicana
Santiago de los Caballeros,instancia de,ciudad,republica_dominicana
Santiago de los Caballeros,instancia de,municipio de la República Dominicana,republica_dominicana
Santiago de los Caballeros,situado en la entidad territorial administrativa,Provincia de Santiago (República Dominicana),republica_dominicana
Santiago de los Caballeros,nombrado en referencia a,Santiago el Mayor,republica_dominicana
ciclista,instancia de,profesión,republica_dominicana
ciclista,instancia de,deportista,republica_dominicana
ciclista,subclase de,ciclista,republica_dominicana
ciclista,ámbito de la ocupación,ciclismo de competición,republica_dominicana
baloncestista,instancia de,profesión,republica_dominicana
baloncestista,subclase de,deportista,republica_dominicana
baloncestista,subclase de,jugador competitivo,republica_dominicana
baloncestista,forma parte de,club de baloncesto,republica_dominicana
baloncestista,ámbito de la ocupación,baloncesto,republica_dominicana
Universidad de Louisville,país,Estados Unidos,republica_dominicana
Universidad de Louisville,instancia de,institución educativa pública de los Estados Unidos,republica_dominicana
Universidad de Louisville,instancia de,universidad pública de investigación,republica_dominicana
arquitecto,instancia de,profesión,republica_dominicana
arquitecto,instancia de,título corporativo,republica_dominicana
arquitecto,instancia de,ocupación,republica_dominicana
arquitecto,instancia de,grupo de ocupaciones de la CIUO,republica_dominicana
España,jefe de gobierno,Pedro Sánchez,republica_dominicana
España,continente,Europa,republica_dominicana
España,instancia de,país,republica_dominicana
España,instancia de,Estado nación,republica_dominicana
España,instancia de,reino,republica_dominicana
productor de televisión,instancia de,profesión,republica_dominicana
productor de televisión,instancia de,cargo,republica_dominicana
productor de televisión,subclase de,profesional de medios,republica_dominicana
productor de televisión,subclase de,productor,republica_dominicana
productor de televisión,forma parte de,equipo de televisión,republica_dominicana
San Cristóbal,país,República Dominicana,republica_dominicana
San Cristóbal,instancia de,municipio de la República Dominicana,republica_dominicana
San Cristóbal,situado en la entidad territorial administrativa,San Cristóbal,republica_dominicana
San Cristóbal,categoría principal del tema,Categoría:San Cristóbal (República Dominicana),republica_dominicana
San Cristóbal,capital de,San Cristóbal,republica_dominicana
político,instancia de,profesión,republica_dominicana
político,instancia de,frecuentemente,republica_dominicana
político,subclase de,profesional,republica_dominicana
político,ámbito de la ocupación,política,republica_dominicana
político,categoría principal del tema,Categoría:Políticos,republica_dominicana
Colegio de Comando y Estado Mayor General del Ejército de los Estados Unidos,país,Estados Unidos,republica_dominicana
Colegio de Comando y Estado Mayor General del Ejército de los Estados Unidos,instancia de,escuela de guerra,republica_dominicana
Colegio de Comando y Estado Mayor General del Ejército de los Estados Unidos,situado en la entidad territorial administrativa,condado de Leavenworth,republica_dominicana
Colegio de Comando y Estado Mayor General del Ejército de los Estados Unidos,ubicación de la sede,Fort Leavenworth,republica_dominicana
Colegio de Comando y Estado Mayor General del Ejército de los Estados Unidos,ubicación,Fort Leavenworth,republica_dominicana
presidente de la República Dominicana,país,República Dominicana,republica_dominicana
presidente de la República Dominicana,instancia de,cargo público,republica_dominicana
presidente de la República Dominicana,subclase de,presidente,republica_dominicana
presidente de la República Dominicana,subclase de,jefe de Estado,republica_dominicana
presidente de la República Dominicana,subclase de,jefe del Gobierno,republica_dominicana
Higüey,categoría principal del tema,Categoría:Higüey,republica_dominicana
Higüey,capital de,La Altagracia,republica_dominicana
Higüey,país,República Dominicana,republica_dominicana
Higüey,instancia de,ciudad,republica_dominicana
Higüey,instancia de,municipio de la República Dominicana,republica_dominicana
beisbolista,instancia de,profesión,republica_dominicana
beisbolista,subclase de,deportista,republica_dominicana
beisbolista,subclase de,jugador competitivo,republica_dominicana
beisbolista,ámbito de la ocupación,béisbol,republica_dominicana
beisbolista,ámbito de la ocupación,béisbol femenino,republica_dominicana
actor,instancia de,profesión,republica_dominicana
actor,instancia de,ocupación,republica_dominicana
actor,instancia de,grupo de ocupaciones de la CIUO,republica_dominicana
actor,subclase de,artista escénico,republica_dominicana
Las Chicas del Can,instancia de,grupo musical,republica_dominicana
Las Chicas del Can,género,merengue,republica_dominicana
Las Chicas del Can,país de origen,República Dominicana,republica_dominicana
Las Chicas del Can,compuesto por,Miriam Cruz,republica_dominicana
Las Chicas del Can,lugar de formación,Santo Domingo,republica_dominicana
Monte Cristi,país,República Dominicana,republica_dominicana
Monte Cristi,instancia de,municipio de la República Dominicana,republica_dominicana
Monte Cristi,situado en la entidad territorial administrativa,Provincia de Monte Cristi,republica_dominicana
Monte Cristi,capital de,Provincia de Monte Cristi,republica_dominicana
Monte Cristi,estatus patrimonial,lista indicativa del Patrimonio de la Humanidad,republica_dominicana
atleta,instancia de,ocupación,republica_dominicana
atleta,subclase de,deportista,republica_dominicana
atleta,ámbito de la ocupación,atletismo,republica_dominicana
atleta,ámbito de la ocupación,Máster,republica_dominicana
atleta,ámbito de la ocupación,atletismo de pista y campo,republica_dominicana
escritor,instancia de,profesión,republica_dominicana
escritor,instancia de,ocupación,republica_dominicana
escritor,subclase de,autor,republica_dominicana
escritor,subclase de,artista,republica_dominicana
Universidad Autónoma de Santo Domingo,país,República Dominicana,republica_dominicana
Universidad Autónoma de Santo Domingo,instancia de,universidad pública,republica_dominicana
Universidad Autónoma de Santo Domingo,fundador,José Gabriel García,republica_dominicana
Universidad Autónoma de Santo Domingo,situado en la entidad territorial administrativa,Santo Domingo,republica_dominicana
Orden Heráldica de Cristóbal Colón,país,República Dominicana,republica_dominicana
Orden Heráldica de Cristóbal Colón,instancia de,orden estatal,republica_dominicana
Orden Heráldica de Cristóbal Colón,nombrado en referencia a,Cristóbal Colón,republica_dominicana
Orden Heráldica de Cristóbal Colón,lugar de formación,Santo Domingo,republica_dominicana
Orden Heráldica de Cristóbal Colón,categoría para los galardonados con este premio,Categoría:Ganadores de la Orden Heráldica de Cristóbal Colón,republica_dominicana
Municipio de Azua,país,República Dominicana,republica_dominicana
Municipio de Azua,instancia de,municipio de la República Dominicana,republica_dominicana
Municipio de Azua,situado en la entidad territorial administrativa,Provincia de Azua,republica_dominicana
Municipio de Azua,capital de,Provincia de Azua,republica_dominicana
Municipio de Azua,estatus patrimonial,lista indicativa del Patrimonio de la Humanidad,republica_dominicana
Diego Milán,Lugar de nacimiento,Almansa,republica_dominicana
Diego Milán,Ocupación,ciclista,republica_dominicana
Diego Milán,Ciudadanía,España,republica_dominicana
Diego Milán,Fecha de nacimiento,1985-07-10,republica_dominicana
Diego Milán,Ciudadanía,República Dominicana,republica_dominicana
Casandra Damirón,Lugar de nacimiento,Santa Cruz de Barahona,republica_dominicana
Casandra Damirón,Ocupación,actor,republica_dominicana
Casandra Damirón,Ciudadanía,República Dominicana,republica_dominicana
Casandra Damirón,Fecha de nacimiento,1919-03-12,republica_dominicana
Casandra Damirón,Fecha de defunción,1983-12-05,republica_dominicana
Casandra Damirón,Ocupación,cantante,republica_dominicana
Alfredo Griffin,Lugar de nacimiento,Santo Domingo,republica_dominicana
Alfredo Griffin,Ocupación,beisbolista,republica_dominicana
Alfredo Griffin,Ciudadanía,República Dominicana,republica_dominicana
Alfredo Griffin,Premio recibido,Guante de Oro,republica_dominicana
Alfredo Griffin,Fecha de nacimiento,1957-10-06,republica_dominicana
Al Horford,Lugar de nacimiento,Puerto Plata,republica_dominicana
Al Horford,Ocupación,baloncestista,republica_dominicana
Al Horford,Ciudadanía,República Dominicana,republica_dominicana
Al Horford,Educado en,Universidad de la Florida,republica_dominicana
Al Horford,Fecha de nacimiento,1986-06-03,republica_dominicana
Al Horford,Educado en,Grand Ledge High School,republica_dominicana
Toño Rosario,Lugar de nacimiento,Higüey,republica_dominicana
Toño Rosario,Ocupación,cantante,republica_dominicana
Toño Rosario,Ciudadanía,República Dominicana,republica_dominicana
Toño Rosario,Fecha de nacimiento,1955-11-03,republica_dominicana
Toño Rosario,Ocupación,cantautor,republica_dominicana
Julio Mateo,Lugar de nacimiento,Baní,republica_dominicana
Julio Mateo,Ocupación,beisbolista,republica_dominicana
Julio Mateo,Ciudadanía,República Dominicana,republica_dominicana
Julio Mateo,Fecha de nacimiento,1977-08-02,republica_dominicana
Pedro Martínez,Lugar de nacimiento,Villa Mella,republica_dominicana
Pedro Martínez,Ocupación,beisbolista,republica_dominicana
Pedro Martínez,Ciudadanía,República Dominicana,republica_dominicana
Pedro Martínez,Premio recibido,Premio Grandes Inmigrantes,republica_dominicana
Pedro Martínez,Fecha de nacimiento,1968-11-29,republica_dominicana
Félix Sánchez,Lugar de nacimiento,Puerto Plata,republica_dominicana
Félix Sánchez,Ocupación,beisbolista,republica_dominicana
Félix Sánchez,Ciudadanía,República Dominicana,republica_dominicana
Félix Sánchez,Fecha de nacimiento,1981-08-03,republica_dominicana
Víctor Núñez Rodríguez,Lugar de nacimiento,Santo Domingo,republica_dominicana
Víctor Núñez Rodríguez,Ocupación,futbolista,republica_dominicana
Víctor Núñez Rodríguez,Ciudadanía,República Dominicana,republica_dominicana
Víctor Núñez Rodríguez,Fecha de nacimiento,1980-04-15,republica_dominicana
Víctor Núñez Rodríguez,Ciudadanía,Costa Rica,republica_dominicana
Aramis Ramírez,Lugar de nacimiento,Santo Domingo,republica_dominicana
Aramis Ramírez,Ocupación,beisbolista,republica_dominicana
Aramis Ramírez,Ciudadanía,República Dominicana,republica_dominicana
Aramis Ramírez,Fecha de nacimiento,1978-06-25,republica_dominicana
Claudio Vargas,Lugar de nacimiento,Mao,republica_dominicana
Claudio Vargas,Ocupación,beisbolista,republica_dominicana
Claudio Vargas,Ciudadanía,República Dominicana,republica_dominicana
Claudio Vargas,Fecha de nacimiento,1978-06-19,republica_dominicana
Erik Leonard Ekman,Lugar de nacimiento,Estocolmo,republica_dominicana
Erik Leonard Ekman,Ocupación,geógrafo,republica_dominicana
Erik Leonard Ekman,Ciudadanía,Suecia,republica_dominicana
Erik Leonard Ekman,Educado en,Universidad de Lund,republica_dominicana
Erik Leonard Ekman,Empleador,Museo Nacional de Historia Natural de Suecia,republica_dominicana
Erik Leonard Ekman,Fecha de nacimiento,1883-10-14,republica_dominicana
Erik Leonard Ekman,Fecha de defunción,1931-01-15,republica_dominicana
Erik Leonard Ekman,Ocupación,recolector de plantas,republica_dominicana
Erik Leonard Ekman,Ocupación,botánico,republica_dominicana
Erik Leonard Ekman,Ciudadanía,República Dominicana,republica_dominicana
Jhan Mariñez,Lugar de nacimiento,Santo Domingo,republica_dominicana
Jhan Mariñez,Ocupación,beisbolista,republica_dominicana
Jhan Mariñez,Ciudadanía,República Dominicana,republica_dominicana
Jhan Mariñez,Fecha de nacimiento,1988-08-12,republica_dominicana
Víctor Estrella,Lugar de nacimiento,Santiago de los Caballeros,republica_dominicana
Víctor Estrella,Ocupación,tenista,republica_dominicana
Víctor Estrella,Ciudadanía,República Dominicana,republica_dominicana
Víctor Estrella,Fecha de nacimiento,1980-08-02,republica_dominicana
Santo Alcalá,Lugar de nacimiento,San Pedro de Macorís,republica_dominicana
Santo Alcalá,Ocupación,beisbolista,republica_dominicana
Santo Alcalá,Ciudadanía,República Dominicana,republica_dominicana
Santo Alcalá,Fecha de nacimiento,1952-12-23,republica_dominicana
Tito Horford,Lugar de nacimiento,San Pedro de Macorís,republica_dominicana
Tito Horford,Ocupación,baloncestista,republica_dominicana
Tito Horford,Ciudadanía,Reino Unido,republica_dominicana
Tito Horford,Educado en,Universidad de Miami,republica_dominicana
Tito Horford,Fecha de nacimiento,1966-01-19,republica_dominicana
Tito Horford,Ciudadanía,República Dominicana,republica_dominicana
Agustín Montero,Lugar de nacimiento,San Pedro de Macorís,republica_dominicana
Agustín Montero,Ocupación,beisbolista,republica_dominicana
Agustín Montero,Ciudadanía,República Dominicana,republica_dominicana
Agustín Montero,Fecha de nacimiento,1977-08-26,republica_dominicana
Heinz Barmettler,Lugar de nacimiento,Zúrich,republica_dominicana
Heinz Barmettler,Ocupación,futbolista,republica_dominicana
Heinz Barmettler,Ciudadanía,Suiza,republica_dominicana
Heinz Barmettler,Fecha de nacimiento,1987-07-21,republica_dominicana
Heinz Barmettler,Ciudadanía,República Dominicana,republica_dominicana
Alex Rodríguez,Lugar de nacimiento,Brooklyn,republica_dominicana
Alex Rodríguez,Ocupación,beisbolista,republica_dominicana
Alex Rodríguez,Ciudadanía,Estados Unidos,republica_dominicana
Alex Rodríguez,Educado en,Escuela Secundaria Cristóbal Colón,republica_dominicana
Alex Rodríguez,Empleador,Fox Sports,republica_dominicana
Alex Rodríguez,Premio recibido,Guante de Oro,republica_dominicana
Alex Rodríguez,Fecha de nacimiento,1975-07-27,republica_dominicana
Alex Rodríguez,Ocupación,baseball commentator,republica_dominicana
Alex Rodríguez,Premio recibido,Most Valuable Player,republica_dominicana
Alex Rodríguez,Premio recibido,Player of the Year,republica_dominicana
Alex Rodríguez,Ciudadanía,República Dominicana,republica_dominicana
Alex Rodríguez,Educado en,Escuela Cristiana de Westminster,republica_dominicana
Máximo Gómez,Lugar de nacimiento,Baní,republica_dominicana
Máximo Gómez,Ocupación,político,republica_dominicana
Máximo Gómez,Ciudadanía,República Dominicana,republica_dominicana
Máximo Gómez,Fecha de nacimiento,1836-11-18,republica_dominicana
Máximo Gómez,Fecha de defunción,1905-06-17,republica_dominicana
Máximo Gómez,Ocupación,oficial militar,republica_dominicana
Almansa,jefe de gobierno,Francisco Javier Núñez Núñez,republica_dominicana
Almansa,país,España,republica_dominicana
Almansa,continente,Europa,republica_dominicana
Almansa,instancia de,municipio de España,republica_dominicana
Almansa,capital,Almansa,republica_dominicana
Santa Cruz de Barahona,país,República Dominicana,republica_dominicana
Santa Cruz de Barahona,instancia de,ciudad,republica_dominicana
Santa Cruz de Barahona,instancia de,gran ciudad,republica_dominicana
Santa Cruz de Barahona,instancia de,municipio de la República Dominicana,republica_dominicana
Santa Cruz de Barahona,situado en la entidad territorial administrativa,Barahona,republica_dominicana
Guante de Oro,país,Canadá,republica_dominicana
Guante de Oro,país,Estados Unidos,republica_dominicana
Guante de Oro,instancia de,premio deportivo,republica_dominicana
Guante de Oro,nombrado en referencia a,guante,republica_dominicana
Guante de Oro,nombrado en referencia a,Rawlings,republica_dominicana
Universidad de la Florida,país,Estados Unidos,republica_dominicana
Universidad de la Florida,instancia de,Universidad de concesión de tierras,republica_dominicana
Universidad de la Florida,instancia de,universidad pública,republica_dominicana
Universidad de la Florida,instancia de,institución educativa pública de los Estados Unidos,republica_dominicana
Universidad de la Florida,instancia de,editor de acceso abierto,republica_dominicana
cantautor,lista de interés para el proyecto Wikimedia,Wikipedia:Lista de artículos que toda Wikipedia debería tener/Expandida,republica_dominicana
cantautor,instancia de,ocupación,republica_dominicana
cantautor,instancia de,profesión musical,republica_dominicana
cantautor,subclase de,cantante,republica_dominicana
Baní,país,República Dominicana,republica_dominicana
Baní,instancia de,municipio de la República Dominicana,republica_dominicana
Baní,situado en la entidad territorial administrativa,Peravia,republica_dominicana
Baní,categoría principal del tema,Categoría:Baní,republica_dominicana
Baní,capital de,Peravia,republica_dominicana
Villa Mella,país,República Dominicana,republica_dominicana
Villa Mella,instancia de,asentamiento,republica_dominicana
Villa Mella,situado en la entidad territorial administrativa,Santo Domingo Norte,republica_dominicana
Villa Mella,diferente de,Villa Mella,republica_dominicana
Villa Mella,lista de interés para el proyecto Wikimedia,Wikiproyecto:Diáspora africana,republica_dominicana
Premio Grandes Inmigrantes,país,Estados Unidos,republica_dominicana
Premio Grandes Inmigrantes,instancia de,distinción,republica_dominicana
Premio Grandes Inmigrantes,día del año de una ocurrencia periódica,4 de julio,republica_dominicana
Premio Grandes Inmigrantes,conferido por,Carnegie Corporation of New York,republica_dominicana
futbolista,instancia de,profesión,republica_dominicana
futbolista,instancia de,ocupación,republica_dominicana
futbolista,subclase de,jugador competitivo,republica_dominicana
futbolista,subclase de,Jugador de fútbol,republica_dominicana
Costa Rica,santo patrón,Virgen de los Ángeles,republica_dominicana
Costa Rica,miembro de,Organización de las Naciones Unidas,republica_dominicana
Costa Rica,miembro de,UNESCO,republica_dominicana
Mao,país,República Dominicana,republica_dominicana
Mao,instancia de,municipio de la República Dominicana,republica_dominicana
Mao,situado en la entidad territorial administrativa,Valverde,republica_dominicana
Mao,categoría principal del tema,Categoría:Mao (República Dominicana),republica_dominicana
Mao,capital de,Valverde,republica_dominicana
Estocolmo,país,Suecia,republica_dominicana
Estocolmo,continente,Europa,republica_dominicana
Estocolmo,instancia de,ciudad,republica_dominicana
Estocolmo,instancia de,ciudad de la Liga Hanseática,republica_dominicana
Estocolmo,instancia de,gran ciudad,republica_dominicana
geógrafo,instancia de,profesión,republica_dominicana
geógrafo,subclase de,científico de la Tierra,republica_dominicana
geógrafo,ámbito de la ocupación,geografía,republica_dominicana
geógrafo,categoría principal del tema,Categoría:Geógrafos,republica_dominicana
Suecia,forma parte de,Unión Europea,republica_dominicana
Suecia,forma parte de,Escandinavia,republica_dominicana
Suecia,forma parte de,Europa del Norte,republica_dominicana
Suecia,forma parte de,países nórdicos,republica_dominicana
Universidad de Lund,país,Suecia,republica_dominicana
Universidad de Lund,instancia de,universidad pública,republica_dominicana
Universidad de Lund,instancia de,agencia del gobierno sueco,republica_dominicana
Universidad de Lund,fundador,Carlos XI de Suecia,republica_dominicana
Museo Nacional de Historia Natural de Suecia,país,Suecia,republica_dominicana
Museo Nacional de Historia Natural de Suecia,instancia de,conjunto de edificios,republica_dominicana
Museo Nacional de Historia Natural de Suecia,instancia de,museo de ciencias naturales,republica_dominicana
Museo Nacional de Historia Natural de Suecia,instancia de,museo nacional,republica_dominicana
Museo Nacional de Historia Natural de Suecia,instancia de,agencia del gobierno sueco,republica_dominicana
tenista,instancia de,profesión,republica_dominicana
tenista,subclase de,deportista,republica_dominicana
tenista,subclase de,jugador competitivo,republica_dominicana
tenista,ámbito de la ocupación,tenis,republica_dominicana
tenista,ámbito de la ocupación,tenis femenino,republica_dominicana
San Pedro de Macorís,instancia de,provincia de la República Dominicana,republica_dominicana
San Pedro de Macorís,capital,San Pedro de Macorís,republica_dominicana
San Pedro de Macorís,comparte fronteras con,Hato Mayor,republica_dominicana
San Pedro de Macorís,comparte fronteras con,La Romana,republica_dominicana
Reino Unido,miembro de,Organización para la Cooperación y el Desarrollo Económico,republica_dominicana
Reino Unido,miembro de,Agencia Espacial Europea,republica_dominicana
Reino Unido,miembro de,Programa de exención de visa,republica_dominicana
Reino Unido,miembro de,Organización para la Seguridad y la Cooperación en Europa,republica_dominicana
Reino Unido,miembro de,Observatorio Europeo del Sur,republica_dominicana
Universidad de Miami,financiador,Open Society Foundations,republica_dominicana
Universidad de Miami,calendario académico,semestre,republica_dominicana
Universidad de Miami,país,Estados Unidos,republica_dominicana
Universidad de Miami,instancia de,universidad,republica_dominicana
Universidad de Miami,instancia de,institución educativa privada sin fines de lucro,republica_dominicana
Zúrich,jefe de gobierno,Corine Mauch,republica_dominicana
Zúrich,país,Suiza,republica_dominicana
Zúrich,continente,Europa,republica_dominicana
Zúrich,instancia de,gemeinde de Suiza,republica_dominicana
Zúrich,instancia de,ciudad universitaria,republica_dominicana
Suiza,capital,Berna,republica_dominicana
Suiza,idioma oficial,francés,republica_dominicana
Suiza,idioma oficial,alemán,republica_dominicana
Suiza,idioma oficial,italiano,republica_dominicana
Suiza,idioma oficial,romanche,republica_dominicana
Brooklyn,jefe de gobierno,Antonio Reynoso,republica_dominicana
Brooklyn,país,Estados Unidos,republica_dominicana
Brooklyn,instancia de,Distritos de la ciudad de Nueva York,republica_dominicana
Brooklyn,comparte fronteras con,Manhattan,republica_dominicana
Estados Unidos,forma de gobierno,república,republica_dominicana
Estados Unidos,forma de gobierno,presidencialismo,republica_dominicana
Estados Unidos,forma de gobierno,república federal,republica_dominicana
Estados Unidos,nombrado en referencia a,América,republica_dominicana
Estados Unidos,subdividido en (división administrativa),California,republica_dominicana
Escuela Secundaria Cristóbal Colón,país,Estados Unidos,republica_dominicana
Escuela Secundaria Cristóbal Colón,instancia de,escuela secundaria,republica_dominicana
Escuela Secundaria Cristóbal Colón,fundador,Congregación de los Hermanos Maristas,republica_dominicana
Escuela Secundaria Cristóbal Colón,situado en la entidad territorial administrativa,Condado de Miami-Dade,republica_dominicana
Fox Sports,país,Estados Unidos,republica_dominicana
Fox Sports,instancia de,negocio,republica_dominicana
Fox Sports,propiedad de,The Walt Disney Company,republica_dominicana
Fox Sports,propiedad de,Foxtel,republica_dominicana
Fox Sports,propiedad de,Mediapro,republica_dominicana
Massiel Taveras,Lugar de nacimiento,Santo Domingo,republica_dominicana
Massiel Taveras,Ocupación,actor,republica_dominicana
Massiel Taveras,Ciudadanía,República Dominicana,republica_dominicana
Massiel Taveras,Educado en,Universidad APEC,republica_dominicana
Massiel Taveras,Fecha de nacimiento,1984-10-20,republica_dominicana
Massiel Taveras,Ocupación,presentador de televisión,republica_dominicana
Massiel Taveras,Ocupación,decorador,republica_dominicana
Massiel Taveras,Ocupación,modelo,republica_dominicana
Alex Ferreira,Ocupación,compositor,republica_dominicana
Alex Ferreira,Ciudadanía,España,republica_dominicana
Alex Ferreira,Fecha de nacimiento,1983-03-23,republica_dominicana
Alex Ferreira,Ocupación,cantante,republica_dominicana
Alex Ferreira,Ciudadanía,República Dominicana,republica_dominicana
Amado García Guerrero,Lugar de nacimiento,La Romana,republica_dominicana
Amado García Guerrero,Ocupación,soldado,republica_dominicana
Amado García Guerrero,Ciudadanía,República Dominicana,republica_dominicana
Amado García Guerrero,Premio recibido,"Orden al Mérito de Duarte, Sánchez y Mella",republica_dominicana
Amado García Guerrero,Fecha de nacimiento,1931-06-02,republica_dominicana
Amado García Guerrero,Fecha de defunción,1961-06-02,republica_dominicana
Franklin Núñez,Lugar de nacimiento,Nagua,republica_dominicana
Franklin Núñez,Ocupación,beisbolista,republica_dominicana
Franklin Núñez,Ciudadanía,República Dominicana,republica_dominicana
Franklin Núñez,Fecha de nacimiento,1977-01-18,republica_dominicana
Anderson Hernández,Lugar de nacimiento,Santo Domingo,republica_dominicana
Anderson Hernández,Ocupación,beisbolista,republica_dominicana
Anderson Hernández,Ciudadanía,República Dominicana,republica_dominicana
Anderson Hernández,Fecha de nacimiento,1982-10-30,republica_dominicana
Andy Andy,Lugar de nacimiento,Municipio de Azua,republica_dominicana
Andy Andy,Ocupación,cantante,republica_dominicana
Andy Andy,Ciudadanía,República Dominicana,republica_dominicana
Andy Andy,Fecha de nacimiento,1953-01-01,republica_dominicana
Andy Andy,Ocupación,músico,republica_dominicana
Antonio Bastardo,Lugar de nacimiento,Hato Mayor,republica_dominicana
Antonio Bastardo,Ocupación,beisbolista,republica_dominicana
Antonio Bastardo,Ciudadanía,República Dominicana,republica_dominicana
Antonio Bastardo,Fecha de nacimiento,1985-09-21,republica_dominicana
Argenis Reyes,Lugar de nacimiento,Santiago de los Caballeros,republica_dominicana
Argenis Reyes,Ocupación,beisbolista,republica_dominicana
Argenis Reyes,Ciudadanía,República Dominicana,republica_dominicana
Argenis Reyes,Fecha de nacimiento,1982-09-25,republica_dominicana
Armando Gabino,Lugar de nacimiento,Santiago de los Caballeros,republica_dominicana
Armando Gabino,Ocupación,beisbolista,republica_dominicana
Armando Gabino,Ciudadanía,República Dominicana,republica_dominicana
Armando Gabino,Fecha de nacimiento,1983-08-31,republica_dominicana
Arodys Vizcaíno,Lugar de nacimiento,San Cristóbal,republica_dominicana
Arodys Vizcaíno,Ocupación,beisbolista,republica_dominicana
Arodys Vizcaíno,Ciudadanía,República Dominicana,republica_dominicana
Arodys Vizcaíno,Fecha de nacimiento,1990-11-13,republica_dominicana
Atahualpa Severino,Lugar de nacimiento,Cotuí,republica_dominicana
Atahualpa Severino,Ocupación,beisbolista,republica_dominicana
Atahualpa Severino,Ciudadanía,República Dominicana,republica_dominicana
Atahualpa Severino,Fecha de nacimiento,1984-11-06,republica_dominicana
Aurora Arias,Lugar de nacimiento,Santo Domingo,republica_dominicana
Aurora Arias,Ocupación,escritor,republica_dominicana
Aurora Arias,Ciudadanía,República Dominicana,republica_dominicana
Aurora Arias,Fecha de nacimiento,1962-04-22,republica_dominicana
Aurora Arias,Ocupación,astrólogo,republica_dominicana
Aurora Arias,Ocupación,periodista,republica_dominicana
Cristian Guerrero,Lugar de nacimiento,Baní,republica_dominicana
Cristian Guerrero,Ocupación,beisbolista,republica_dominicana
Cristian Guerrero,Ciudadanía,República Dominicana,republica_dominicana
Cristian Guerrero,Fecha de nacimiento,1980-07-12,republica_dominicana
Julio Valdez,Lugar de nacimiento,San Cristóbal,republica_dominicana
Julio Valdez,Ocupación,beisbolista,republica_dominicana
Julio Valdez,Ciudadanía,República Dominicana,republica_dominicana
Julio Valdez,Fecha de nacimiento,1956-06-03,republica_dominicana
Julio Valdez,Fecha de defunción,2022-07-23,republica_dominicana
Mickey Taveras,Lugar de nacimiento,Moca,republica_dominicana
Mickey Taveras,Ocupación,cantante,republica_dominicana
Mickey Taveras,Ciudadanía,República Dominicana,republica_dominicana
Mickey Taveras,Fecha de nacimiento,1970-09-29,republica_dominicana
Euclides Morillo,Ocupación,político,republica_dominicana
Euclides Morillo,Ciudadanía,República Dominicana,republica_dominicana
Euclides Morillo,Fecha de nacimiento,1936-09-01,republica_dominicana
Euclides Morillo,Fecha de defunción,1965-05-22,republica_dominicana
Euclides Morillo,Ocupación,revolucionario,republica_dominicana
Carmelo Castillo,Lugar de nacimiento,San Francisco de Macorís,republica_dominicana
Carmelo Castillo,Ocupación,beisbolista,republica_dominicana
Carmelo Castillo,Ciudadanía,República Dominicana,republica_dominicana
Carmelo Castillo,Fecha de nacimiento,1958-06-08,republica_dominicana
Carmelo Castillo,Fecha de defunción,2015-11-15,republica_dominicana
Ramón Tatis,Lugar de nacimiento,Guayubín,republica_dominicana
Ramón Tatis,Ocupación,beisbolista,republica_dominicana
Ramón Tatis,Ciudadanía,República Dominicana,republica_dominicana
Ramón Tatis,Fecha de nacimiento,1973-01-05,republica_dominicana
Ramón Tatis,Fecha de nacimiento,1973-05-02,republica_dominicana
Emiliano Tejera,Lugar de nacimiento,Santo Domingo,republica_dominicana
Emiliano Tejera,Ocupación,escritor,republica_dominicana
Emiliano Tejera,Ciudadanía,República Dominicana,republica_dominicana
Emiliano Tejera,Fecha de nacimiento,1841-09-21,republica_dominicana
Emiliano Tejera,Fecha de defunción,1923-01-09,republica_dominicana
Emiliano Tejera,Ocupación,político,republica_dominicana
Bienvenido Brens,Lugar de nacimiento,Duarte,republica_dominicana
Bienvenido Brens,Ocupación,compositor,republica_dominicana
Bienvenido Brens,Ciudadanía,República Dominicana,republica_dominicana
Bienvenido Brens,Premio recibido,"Orden al Mérito de Duarte, Sánchez y Mella",republica_dominicana
Bienvenido Brens,Fecha de nacimiento,1925-07-30,republica_dominicana
Bienvenido Brens,Fecha de defunción,2007-01-18,republica_dominicana
Universidad APEC,país,República Dominicana,republica_dominicana
Universidad APEC,instancia de,universidad,republica_dominicana
Universidad APEC,situado en la entidad territorial administrativa,Santo Domingo,republica_dominicana
compositor,instancia de,ocupación,republica_dominicana
compositor,instancia de,profesión musical,republica_dominicana
compositor,subclase de,autor,republica_dominicana
compositor,subclase de,músico,republica_dominicana
compositor,santo patrón,Cecilia de Roma,republica_dominicana
La Romana,país,República Dominicana,republica_dominicana
La Romana,instancia de,ciudad,republica_dominicana
La Romana,instancia de,municipio de la República Dominicana,republica_dominicana
La Romana,situado en la entidad territorial administrativa,La Romana,republica_dominicana
La Romana,ciudad hermana,Fort Lauderdale,republica_dominicana
soldado,instancia de,cargo,republica_dominicana
soldado,instancia de,profesión militar,republica_dominicana
soldado,subclase de,militar,republica_dominicana
soldado,santo patrón,Ignacio de Loyola,republica_dominicana
"Orden al Mérito de Duarte, Sánchez y Mella",país,República Dominicana,republica_dominicana
"Orden al Mérito de Duarte, Sánchez y Mella",instancia de,orden,republica_dominicana
"Orden al Mérito de Duarte, Sánchez y Mella",nombrado en referencia a,Ramón Matías Mella,republica_dominicana
"Orden al Mérito de Duarte, Sánchez y Mella",nombrado en referencia a,Juan Pablo Duarte Diez,republica_dominicana
"Orden al Mérito de Duarte, Sánchez y Mella",nombrado en referencia a,Francisco del Rosario Sánchez,republica_dominicana
Nagua,país,República Dominicana,republica_dominicana
Nagua,instancia de,municipio de la República Dominicana,republica_dominicana
Nagua,situado en la entidad territorial administrativa,María Trinidad Sánchez,republica_dominicana
Nagua,capital de,María Trinidad Sánchez,republica_dominicana
músico,instancia de,ocupación,republica_dominicana
músico,instancia de,profesión musical,republica_dominicana
músico,ocupación,pintor,republica_dominicana
músico,subclase de,artista,republica_dominicana
músico,ámbito de la ocupación,música,republica_dominicana
Hato Mayor,país,República Dominicana,republica_dominicana
Hato Mayor,instancia de,municipio de la República Dominicana,republica_dominicana
Hato Mayor,situado en la entidad territorial administrativa,Hato Mayor,republica_dominicana
Hato Mayor,capital de,Hato Mayor,republica_dominicana
San Cristóbal,instancia de,provincia de la República Dominicana,republica_dominicana
San Cristóbal,capital,San Cristóbal,republica_dominicana
San Cristóbal,comparte fronteras con,Monseñor Nouel,republica_dominicana
San Cristóbal,comparte fronteras con,Peravia,republica_dominicana
Cotuí,país,República Dominicana,republica_dominicana
Cotuí,instancia de,ciudad,republica_dominicana
Cotuí,instancia de,municipio de la República Dominicana,republica_dominicana
Cotuí,situado en la entidad territorial administrativa,Sánchez Ramírez,republica_dominicana
astrólogo,instancia de,profesión,republica_dominicana
astrólogo,subclase de,místico,republica_dominicana
astrólogo,subclase de,ocultista,republica_dominicana
astrólogo,ámbito de la ocupación,astrología,republica_dominicana
astrólogo,categoría principal del tema,Categoría:Astrólogos,republica_dominicana
Moca,país,República Dominicana,republica_dominicana
Moca,instancia de,ciudad,republica_dominicana
Moca,instancia de,municipio de la República Dominicana,republica_dominicana
Moca,situado en la entidad territorial administrativa,Espaillat,republica_dominicana
Moca,ciudad hermana,Salcedo,republica_dominicana
revolucionario,elemento ejemplo,Che Guevara,republica_dominicana
revolucionario,instancia de,ocupación,republica_dominicana
revolucionario,subclase de,activista político,republica_dominicana
revolucionario,subclase de,faccioso,republica_dominicana
San Francisco de Macorís,capital de,Duarte,republica_dominicana
San Francisco de Macorís,país,República Dominicana,republica_dominicana
San Francisco de Macorís,instancia de,ciudad,republica_dominicana
San Francisco de Macorís,instancia de,gran ciudad,republica_dominicana
Guayubín,país,República Dominicana,republica_dominicana
Guayubín,instancia de,municipio de la República Dominicana,republica_dominicana
Guayubín,situado en la entidad territorial administrativa,Provincia de Monte Cristi,republica_dominicana
Duarte,país,República Dominicana,republica_dominicana
Duarte,instancia de,provincia de la República Dominicana,republica_dominicana
Duarte,capital,San Francisco de Macorís,republica_dominicana
Duarte,comparte fronteras con,Espaillat,republica_dominicana
Duarte,comparte fronteras con,Hermanas Mirabal,republica_dominicana
Julia Álvarez,Lugar de nacimiento,Nueva York,republica_dominicana
Julia Álvarez,Ocupación,escritor,republica_dominicana
Julia Álvarez,Ciudadanía,Estados Unidos,republica_dominicana
Julia Álvarez,Educado en,Middlebury College,republica_dominicana
Julia Álvarez,Obra notable,En el tiempo de las mariposas,republica_dominicana
Julia Álvarez,Premio recibido,Medalla Nacional de las Artes,republica_dominicana
Julia Álvarez,Fecha de nacimiento,1950-03-27,republica_dominicana
Julia Álvarez,Ocupación,poeta,republica_dominicana
Julia Álvarez,Ocupación,escritor de literatura infantil,republica_dominicana
Julia Álvarez,Ocupación,novelista,republica_dominicana
Julia Álvarez,Premio recibido,Premio Pura Belpré,republica_dominicana
Julia Álvarez,Premio recibido,PEN Oakland/Josephine Miles Literary Award,republica_dominicana
Julia Álvarez,Premio recibido,Premio Américas,republica_dominicana
Julia Álvarez,Ciudadanía,República Dominicana,republica_dominicana
Julia Álvarez,Educado en,Phillips Academy,republica_dominicana
Julia Álvarez,Educado en,Connecticut College,republica_dominicana
Julia Álvarez,Educado en,Carol Morgan School,republica_dominicana
Víctor Marte,Lugar de nacimiento,Puerto Plata,republica_dominicana
Víctor Marte,Ocupación,beisbolista,republica_dominicana
Víctor Marte,Ciudadanía,República Dominicana,republica_dominicana
Víctor Marte,Educado en,Liceo Jose Debeau,republica_dominicana
Víctor Marte,Fecha de nacimiento,1980-11-08,republica_dominicana
Luis Encarnación,Lugar de nacimiento,Santo Domingo,republica_dominicana
Luis Encarnación,Ocupación,beisbolista,republica_dominicana
Luis Encarnación,Ciudadanía,República Dominicana,republica_dominicana
Luis Encarnación,Fecha de nacimiento,1963-10-20,republica_dominicana
Mel Rojas,Lugar de nacimiento,Bajos de Haina,republica_dominicana
Mel Rojas,Ocupación,beisbolista,republica_dominicana
Mel Rojas,Ciudadanía,República Dominicana,republica_dominicana
Mel Rojas,Fecha de nacimiento,1966-12-10,republica_dominicana
Jesús Colomé,Lugar de nacimiento,San Pedro de Macorís,republica_dominicana
Jesús Colomé,Ocupación,beisbolista,republica_dominicana
Jesús Colomé,Ciudadanía,República Dominicana,republica_dominicana
Jesús Colomé,Fecha de nacimiento,1977-12-23,republica_dominicana
Manuel de Jesús Troncoso,Lugar de nacimiento,Santo Domingo,republica_dominicana
Manuel de Jesús Troncoso,Ocupación,escritor,republica_dominicana
Manuel de Jesús Troncoso,Ciudadanía,República Dominicana,republica_dominicana
Manuel de Jesús Troncoso,Cargo,presidente de la República Dominicana,republica_dominicana
Manuel de Jesús Troncoso,Fecha de nacimiento,1878-04-03,republica_dominicana
Manuel de Jesús Troncoso,Fecha de defunción,1955-05-30,republica_dominicana
Manuel de Jesús Troncoso,Ocupación,abogado,republica_dominicana
Manuel de Jesús Troncoso,Ocupación,político,republica_dominicana
Francisco Gregorio Billini,Lugar de nacimiento,Santo Domingo,republica_dominicana
Francisco Gregorio Billini,Ocupación,escritor,republica_dominicana
Francisco Gregorio Billini,Ciudadanía,República Dominicana,republica_dominicana
Francisco Gregorio Billini,Cargo,presidente de la República Dominicana,republica_dominicana
Francisco Gregorio Billini,Fecha de nacimiento,1844-04-25,republica_dominicana
Francisco Gregorio Billini,Fecha de defunción,1898-11-28,republica_dominicana
Francisco Gregorio Billini,Ocupación,profesor,republica_dominicana
Francisco Gregorio Billini,Ocupación,político,republica_dominicana
Donald Reid Cabral,Lugar de nacimiento,Santiago de los Caballeros,republica_dominicana
Donald Reid Cabral,Ocupación,político,republica_dominicana
Donald Reid Cabral,Ciudadanía,República Dominicana,republica_dominicana
Donald Reid Cabral,Cargo,presidente de la República Dominicana,republica_dominicana
Donald Reid Cabral,Fecha de nacimiento,1923-07-09,republica_dominicana
Donald Reid Cabral,Fecha de defunción,2006-07-22,republica_dominicana
Horacio Vásquez,Lugar de nacimiento,Moca,republica_dominicana
Horacio Vásquez,Ocupación,militar,republica_dominicana
Horacio Vásquez,Ciudadanía,República Dominicana,republica_dominicana
Horacio Vásquez,Cargo,presidente de la República Dominicana,republica_dominicana
Horacio Vásquez,Fecha de nacimiento,1860-10-22,republica_dominicana
Horacio Vásquez,Fecha de defunción,1936-03-25,republica_dominicana
Horacio Vásquez,Ocupación,político,republica_dominicana
José Rafael Molina Ureña,Lugar de nacimiento,Provincia Santo Domingo,republica_dominicana
José Rafael Molina Ureña,Ocupación,político,republica_dominicana
José Rafael Molina Ureña,Ciudadanía,República Dominicana,republica_dominicana
José Rafael Molina Ureña,Cargo,presidente de la República Dominicana,republica_dominicana
José Rafael Molina Ureña,Fecha de nacimiento,1921-01-31,republica_dominicana
José Rafael Molina Ureña,Fecha de defunción,2000-05-22,republica_dominicana
Fernando Arturo de Meriño,Lugar de nacimiento,Santo Domingo,republica_dominicana
Fernando Arturo de Meriño,Ocupación,político,republica_dominicana
Fernando Arturo de Meriño,Ciudadanía,República Dominicana,republica_dominicana
Fernando Arturo de Meriño,Cargo,presidente de la República Dominicana,republica_dominicana
Fernando Arturo de Meriño,Fecha de nacimiento,1833-01-09,republica_dominicana
Fernando Arturo de Meriño,Fecha de defunción,1906-08-20,republica_dominicana
Fernando Arturo de Meriño,Ocupación,sacerdote católico,republica_dominicana
Fernando Arturo de Meriño,Ocupación,diácono católico,republica_dominicana
Fernando Arturo de Meriño,Cargo,Arzobispo de Santo Domingo,republica_dominicana
Juan Bosch,Lugar de nacimiento,La Vega,republica_dominicana
Juan Bosch,Ocupación,escritor,republica_dominicana
Juan Bosch,Ciudadanía,República Dominicana,republica_dominicana
Juan Bosch,Cargo,presidente de la República Dominicana,republica_dominicana
Juan Bosch,Premio recibido,"Orden al Mérito de Duarte, Sánchez y Mella",republica_dominicana
Juan Bosch,Fecha de nacimiento,1909-06-30,republica_dominicana
Juan Bosch,Fecha de defunción,2001-11-01,republica_dominicana
Juan Bosch,Ocupación,político,republica_dominicana
Juan Bosch,Ocupación,historiador,republica_dominicana
Juan Bosch,Premio recibido,Orden Nacional José Martí,republica_dominicana
Juan Bosch,Premio recibido,Orden Heráldica de Cristóbal Colón,republica_dominicana
Juan Bosch,Premio recibido,Gran Oficial de la Orden Nacional de la Legión de Honor,republica_dominicana
Juan Bosch,Premio recibido,comendador de las Artes y las Letras,republica_dominicana
David Ortiz,Lugar de nacimiento,Santo Domingo,republica_dominicana
David Ortiz,Ocupación,beisbolista,republica_dominicana
David Ortiz,Ciudadanía,Estados Unidos,republica_dominicana
David Ortiz,Empleador,Fox Saturday Baseball,republica_dominicana
David Ortiz,Miembro de,Salón de la Fama del Béisbol,republica_dominicana
David Ortiz,Premio recibido,Babe Ruth Award,republica_dominicana
David Ortiz,Fecha de nacimiento,1975-11-18,republica_dominicana
David Ortiz,Ocupación,baseball commentator,republica_dominicana
David Ortiz,Premio recibido,Silver Slugger Award,republica_dominicana
David Ortiz,Premio recibido,MVP de la Serie Mundial de Béisbol,republica_dominicana
David Ortiz,Premio recibido,Premio Hank Aaron,republica_dominicana
David Ortiz,Premio recibido,MVP de la Serie de Campeonato de Béisbol,republica_dominicana
David Ortiz,Premio recibido,Premio Edgar Martínez,republica_dominicana
David Ortiz,Premio recibido,Premio Roberto Clemente,republica_dominicana
David Ortiz,Premio recibido,Boston Red Sox Hall of Fame,republica_dominicana
David Ortiz,Premio recibido,Major League Baseball All-Star,republica_dominicana
David Ortiz,Premio recibido,Premio Grandes Inmigrantes,republica_dominicana
David Ortiz,Ciudadanía,República Dominicana,republica_dominicana
David Ortiz,Miembro de,Club de los 500 jonrones,republica_dominicana
Julia Álvarez,Educado en,Universidad de Siracusa,republica_dominicana
Sammy Sosa,Lugar de nacimiento,San Pedro de Macorís,republica_dominicana
Sammy Sosa,Ocupación,beisbolista,republica_dominicana
Sammy Sosa,Ciudadanía,República Dominicana,republica_dominicana
Sammy Sosa,Premio recibido,Most Valuable Player,republica_dominicana
Sammy Sosa,Fecha de nacimiento,1968-11-12,republica_dominicana
Sammy Sosa,Premio recibido,Marvin Miller Man of the Year Award,republica_dominicana
Milly Quezada,Lugar de nacimiento,Santo Domingo,republica_dominicana
Milly Quezada,Ocupación,cantante,republica_dominicana
Milly Quezada,Ciudadanía,República Dominicana,republica_dominicana
Milly Quezada,Premio recibido,Anexo:Premio Grammy latino al mejor álbum tropical contemporáneo,republica_dominicana
Milly Quezada,Fecha de nacimiento,1955-05-21,republica_dominicana
Milly Quezada,Premio recibido,Premio Grammy Latino a la Excelencia Musical,republica_dominicana
Milly Quezada,Premio recibido,Premio Grammy Latino al Mejor Album Merengue/Bachata,republica_dominicana
Milly Quezada,Premio recibido,Premio ASCAP a la Herencia Latina,republica_dominicana
Elías Wessin y Wessin,Lugar de nacimiento,Monte Plata,republica_dominicana
Elías Wessin y Wessin,Ocupación,político,republica_dominicana
Elías Wessin y Wessin,Ciudadanía,República Dominicana,republica_dominicana
Elías Wessin y Wessin,Educado en,Instituto del Hemisferio Occidental para la Cooperación en Seguridad,republica_dominicana
Elías Wessin y Wessin,Cargo,presidente de la República Dominicana,republica_dominicana
Elías Wessin y Wessin,Fecha de nacimiento,1924-07-22,republica_dominicana
Elías Wessin y Wessin,Fecha de defunción,2009-04-18,republica_dominicana
Charlie Villanueva,Lugar de nacimiento,Queens,republica_dominicana
Charlie Villanueva,Ocupación,baloncestista,republica_dominicana
Charlie Villanueva,Ciudadanía,Estados Unidos,republica_dominicana
Charlie Villanueva,Educado en,Universidad de Connecticut,republica_dominicana
Charlie Villanueva,Fecha de nacimiento,1984-08-24,republica_dominicana
Charlie Villanueva,Ciudadanía,República Dominicana,republica_dominicana
Charlie Villanueva,Educado en,Blair Academy,republica_dominicana
Charlie Villanueva,Educado en,Newtown High School,republica_dominicana
Xue Wu,Lugar de nacimiento,Pekín,republica_dominicana
Xue Wu,Ocupación,tenista de mesa,republica_dominicana
Xue Wu,Ciudadanía,República Dominicana,republica_dominicana
Xue Wu,Fecha de nacimiento,1980-03-22,republica_dominicana
Sonia Pierre Haitiana,Lugar de nacimiento,Villa Altagracia,republica_dominicana
Sonia Pierre Haitiana,Ocupación,activista por los derechos humanos,republica_dominicana
Sonia Pierre Haitiana,Ciudadanía,República Dominicana,republica_dominicana
Sonia Pierre Haitiana,Premio recibido,Premio Robert F. Kennedy,republica_dominicana
Sonia Pierre Haitiana,Fecha de nacimiento,1963-07-04,republica_dominicana
Sonia Pierre Haitiana,Fecha de defunción,2011-12-04,republica_dominicana
Sonia Pierre Haitiana,Premio recibido,Premio Internacional a las Mujeres de Coraje,republica_dominicana
Sonia Pierre Haitiana,Premio recibido,Premio Giuseppe Motta,republica_dominicana
Sonia Pierre Haitiana,Premio recibido,Premio Ginetta Sagan,republica_dominicana
Félix José,Lugar de nacimiento,Santo Domingo,republica_dominicana
Félix José,Ocupación,beisbolista,republica_dominicana
Félix José,Ciudadanía,República Dominicana,republica_dominicana
Félix José,Fecha de nacimiento,1965-05-02,republica_dominicana
Nueva York,ciudad hermana,Seúl,republica_dominicana
Nueva York,ciudad hermana,Shanghái,republica_dominicana
Nueva York,ciudad hermana,Tel Aviv,republica_dominicana
Nueva York,ciudad hermana,Johannesburgo,republica_dominicana
Nueva York,ciudad hermana,Santo Domingo,republica_dominicana
Middlebury College,país,Estados Unidos,republica_dominicana
Middlebury College,instancia de,universidad,republica_dominicana
Middlebury College,instancia de,institución educativa privada sin fines de lucro,republica_dominicana
Middlebury College,situado en la entidad territorial administrativa,Middlebury,republica_dominicana
Middlebury College,industria,educación superior,republica_dominicana
En el tiempo de las mariposas,instancia de,obra literaria,republica_dominicana
En el tiempo de las mariposas,autor,Julia Álvarez,republica_dominicana
En el tiempo de las mariposas,editorial,Workman Publishing Company,republica_dominicana
En el tiempo de las mariposas,idioma de la obra o del nombre,inglés,republica_dominicana
En el tiempo de las mariposas,país de origen,Estados Unidos,republica_dominicana
Bajos de Haina,país,República Dominicana,republica_dominicana
Bajos de Haina,instancia de,municipio de la República Dominicana,republica_dominicana
Bajos de Haina,situado en la entidad territorial administrativa,San Cristóbal,republica_dominicana
militar,instancia de,profesión,republica_dominicana
militar,instancia de,ocupación,republica_dominicana
militar,subclase de,empleado,republica_dominicana
militar,subclase de,guerrero,republica_dominicana
militar,opuesto a,civil,republica_dominicana
Provincia Santo Domingo,categoría para las personas que nacieron aquí,Categoría:Nacidos en la provincia Santo Domingo,republica_dominicana
Provincia Santo Domingo,país,República Dominicana,republica_dominicana
Provincia Santo Domingo,instancia de,provincia de la República Dominicana,republica_dominicana
Provincia Santo Domingo,capital,Santo Domingo Este,republica_dominicana
La Vega,país,República Dominicana,republica_dominicana
La Vega,instancia de,provincia de la República Dominicana,republica_dominicana
La Vega,capital,La Vega,republica_dominicana
La Vega,comparte fronteras con,Espaillat,republica_dominicana
La Vega,comparte fronteras con,Hermanas Mirabal,republica_dominicana
Salón de la Fama del Béisbol,país,Estados Unidos,republica_dominicana
Salón de la Fama del Béisbol,instancia de,museo del deporte,republica_dominicana
Salón de la Fama del Béisbol,instancia de,Salón de la Fama del Deporte,republica_dominicana
Salón de la Fama del Béisbol,fundador,Stephen Carlton Clark,republica_dominicana
Salón de la Fama del Béisbol,situado en la entidad territorial administrativa,Cooperstown,republica_dominicana
Most Valuable Player,país,Canadá,republica_dominicana
Most Valuable Player,país,Estados Unidos,republica_dominicana
Most Valuable Player,instancia de,Jugador Más Valioso,republica_dominicana
Most Valuable Player,deporte,béisbol,republica_dominicana
Most Valuable Player,categoría principal del tema,Categoría:Most Valuable Player,republica_dominicana
Anexo:Premio Grammy latino al mejor álbum tropical contemporáneo,país,Estados Unidos,republica_dominicana
Anexo:Premio Grammy latino al mejor álbum tropical contemporáneo,instancia de,categoría de un premio,republica_dominicana
Anexo:Premio Grammy latino al mejor álbum tropical contemporáneo,subclase de,premio al mejor álbum (por género),republica_dominicana
Anexo:Premio Grammy latino al mejor álbum tropical contemporáneo,forma parte de,Premios Grammy Latinos,republica_dominicana
Monte Plata,país,República Dominicana,republica_dominicana
Monte Plata,instancia de,provincia de la República Dominicana,republica_dominicana
Monte Plata,capital,Monte Plata,republica_dominicana
Monte Plata,comparte fronteras con,Hato Mayor,republica_dominicana
Monte Plata,comparte fronteras con,Samaná,republica_dominicana
Instituto del Hemisferio Occidental para la Cooperación en Seguridad,país,Estados Unidos,republica_dominicana
Instituto del Hemisferio Occidental para la Cooperación en Seguridad,instancia de,escuela,republica_dominicana
Instituto del Hemisferio Occidental para la Cooperación en Seguridad,instancia de,escuela militar,republica_dominicana
Instituto del Hemisferio Occidental para la Cooperación en Seguridad,situado en la entidad territorial administrativa,Columbus,republica_dominicana
Instituto del Hemisferio Occidental para la Cooperación en Seguridad,operador,Ejército de los Estados Unidos,republica_dominicana
Pekín,ciudad hermana,Colonia,republica_dominicana
Pekín,ciudad hermana,Milán,republica_dominicana
Pekín,ciudad hermana,Lisboa,republica_dominicana
Pekín,ciudad hermana,Moscú,republica_dominicana
Pekín,ciudad hermana,San Petersburgo,republica_dominicana
tenista de mesa,instancia de,profesión,republica_dominicana
tenista de mesa,subclase de,deportista,republica_dominicana
tenista de mesa,subclase de,jugador competitivo,republica_dominicana
tenista de mesa,ámbito de la ocupación,tenis de mesa,republica_dominicana
tenista de mesa,deporte,tenis de mesa,republica_dominicana
Villa Altagracia,país,República Dominicana,republica_dominicana
Villa Altagracia,instancia de,municipio de la República Dominicana,republica_dominicana
Villa Altagracia,situado en la entidad territorial administrativa,San Cristóbal,republica_dominicana
Villa Altagracia,lista de interés para el proyecto Wikimedia,Wikiproyecto:Diáspora africana,republica_dominicana
activista por los derechos humanos,instancia de,ocupación,republica_dominicana
activista por los derechos humanos,subclase de,activista político,republica_dominicana
activista por los derechos humanos,categoría principal del tema,Categoría:Activistas por los derechos humanos,republica_dominicana
activista por los derechos humanos,lista de interés para el proyecto Wikimedia,Wikiproyecto:Derechos humanos,republica_dominicana
Premio Robert F. Kennedy,país,Estados Unidos,republica_dominicana
Premio Robert F. Kennedy,instancia de,distinción,republica_dominicana
Premio Robert F. Kennedy,nombrado en referencia a,Robert F. Kennedy,republica_dominicana
Premio Robert F. Kennedy,categoría para los galardonados con este premio,Categoría:Ganadores del Premio de Derechos Humanos Robert F. Kennedy,republica_dominicana
Michel Camilo,Lugar de nacimiento,Santo Domingo,republica_dominicana
Michel Camilo,Ocupación,compositor,republica_dominicana
Michel Camilo,Ciudadanía,República Dominicana,republica_dominicana
Michel Camilo,Educado en,Escuela Juilliard,republica_dominicana
Michel Camilo,Empleador,Berklee College of Music,republica_dominicana
Michel Camilo,Fecha de nacimiento,1954-04-04,republica_dominicana
Michel Camilo,Ocupación,pianista,republica_dominicana
Michel Camilo,Ocupación,compositor de canciones,republica_dominicana
Michel Camilo,Ocupación,músico de jazz,republica_dominicana
Michel Camilo,Ocupación,profesor de música,republica_dominicana
Michel Camilo,Educado en,Mannes School of Music,republica_dominicana
Arístides Incháustegui,Lugar de nacimiento,Santo Domingo,republica_dominicana
Arístides Incháustegui,Ocupación,cantante,republica_dominicana
Arístides Incháustegui,Ciudadanía,República Dominicana,republica_dominicana
Arístides Incháustegui,Fecha de nacimiento,1938-05-03,republica_dominicana
Arístides Incháustegui,Fecha de defunción,2017-11-21,republica_dominicana
Ulises Heureaux,Lugar de nacimiento,Puerto Plata,republica_dominicana
Ulises Heureaux,Ocupación,militar,republica_dominicana
Ulises Heureaux,Ciudadanía,República Dominicana,republica_dominicana
Ulises Heureaux,Cargo,presidente de la República Dominicana,republica_dominicana
Ulises Heureaux,Fecha de nacimiento,1845-10-21,republica_dominicana
Ulises Heureaux,Fecha de defunción,1899-07-26,republica_dominicana
Ulises Heureaux,Ocupación,político,republica_dominicana
Juan Francisco,Lugar de nacimiento,Bonao,republica_dominicana
Juan Francisco,Ocupación,beisbolista,republica_dominicana
Juan Francisco,Ciudadanía,República Dominicana,republica_dominicana
Juan Francisco,Fecha de nacimiento,1987-06-24,republica_dominicana
Pedro Martínez,Lugar de nacimiento,Manoguayabo,republica_dominicana
Pedro Martínez,Educado en,Ohio Dominican University,republica_dominicana
Pedro Martínez,Miembro de,Salón de la Fama del Béisbol,republica_dominicana
Pedro Martínez,Premio recibido,Premio Cy Young,republica_dominicana
Pedro Martínez,Fecha de nacimiento,1971-10-25,republica_dominicana
Pedro Martínez,Premio recibido,Canadian Baseball Hall of Fame,republica_dominicana
Pedro Martínez,Premio recibido,Boston Red Sox Hall of Fame,republica_dominicana
Francisco Cordero,Lugar de nacimiento,Santo Domingo,republica_dominicana
Francisco Cordero,Ocupación,beisbolista,republica_dominicana
Francisco Cordero,Ciudadanía,República Dominicana,republica_dominicana
Francisco Cordero,Fecha de nacimiento,1975-05-11,republica_dominicana
Waldis Joaquín,Lugar de nacimiento,La Vega,republica_dominicana
Waldis Joaquín,Ocupación,beisbolista,republica_dominicana
Waldis Joaquín,Ciudadanía,República Dominicana,republica_dominicana
Waldis Joaquín,Fecha de nacimiento,1986-12-25,republica_dominicana
José Guillermo Cortines,Lugar de nacimiento,Santo Domingo,republica_dominicana
José Guillermo Cortines,Ocupación,actor,republica_dominicana
José Guillermo Cortines,Ciudadanía,República Dominicana,republica_dominicana
José Guillermo Cortines,Fecha de nacimiento,1973-12-05,republica_dominicana
José Guillermo Cortines,Ocupación,cantante,republica_dominicana
José Guillermo Cortines,Ocupación,presentador de televisión,republica_dominicana
José Guillermo Cortines,Ocupación,actor de televisión,republica_dominicana
Jaime Espinal,Lugar de nacimiento,Santo Domingo,republica_dominicana
Jaime Espinal,Ocupación,luchador,republica_dominicana
Jaime Espinal,Ciudadanía,Estados Unidos,republica_dominicana
Jaime Espinal,Fecha de nacimiento,1984-10-14,republica_dominicana
Jaime Espinal,Ciudadanía,República Dominicana,republica_dominicana
Erick Almonte,Lugar de nacimiento,Santo Domingo,republica_dominicana
Erick Almonte,Ocupación,beisbolista,republica_dominicana
Erick Almonte,Ciudadanía,República Dominicana,republica_dominicana
Erick Almonte,Fecha de nacimiento,1978-02-01,republica_dominicana
Francisco Liriano,Lugar de nacimiento,Santo Domingo,republica_dominicana
Francisco Liriano,Ocupación,beisbolista,republica_dominicana
Francisco Liriano,Ciudadanía,República Dominicana,republica_dominicana
Francisco Liriano,Fecha de nacimiento,1983-10-26,republica_dominicana
Augusto Sánchez Beriguete,Lugar de nacimiento,Barahona,republica_dominicana
Augusto Sánchez Beriguete,Ocupación,ciclista,republica_dominicana
Augusto Sánchez Beriguete,Ciudadanía,República Dominicana,republica_dominicana
Augusto Sánchez Beriguete,Fecha de nacimiento,1983-12-19,republica_dominicana
Ubaldo Jiménez,Lugar de nacimiento,Nagua,republica_dominicana
Ubaldo Jiménez,Ocupación,beisbolista,republica_dominicana
Ubaldo Jiménez,Ciudadanía,República Dominicana,republica_dominicana
Ubaldo Jiménez,Fecha de nacimiento,1984-01-22,republica_dominicana
Francisco Alberto Caamaño,Lugar de nacimiento,San Juan,republica_dominicana
Francisco Alberto Caamaño,Ocupación,político,republica_dominicana
Francisco Alberto Caamaño,Ciudadanía,República Dominicana,republica_dominicana
Francisco Alberto Caamaño,Cargo,presidente de la República Dominicana,republica_dominicana
Francisco Alberto Caamaño,Fecha de nacimiento,1932-06-11,republica_dominicana
Francisco Alberto Caamaño,Fecha de defunción,1973-02-16,republica_dominicana
Francisco Alberto Caamaño,Ocupación,oficial militar,republica_dominicana
Francisco Alberto Caamaño,Fecha de defunción,1973-02-17,republica_dominicana
Aída Bonnelly de Díaz,Lugar de nacimiento,Santiago de los Caballeros,republica_dominicana
Aída Bonnelly de Díaz,Ocupación,profesor de música,republica_dominicana
Aída Bonnelly de Díaz,Ciudadanía,República Dominicana,republica_dominicana
Aída Bonnelly de Díaz,Fecha de nacimiento,1926-05-02,republica_dominicana
Aída Bonnelly de Díaz,Fecha de defunción,2013-10-27,republica_dominicana
Bienvenido Bustamante López,Lugar de nacimiento,San Pedro de Macorís,republica_dominicana
Bienvenido Bustamante López,Ocupación,compositor,republica_dominicana
Bienvenido Bustamante López,Ciudadanía,República Dominicana,republica_dominicana
Bienvenido Bustamante López,Fecha de nacimiento,1923-02-27,republica_dominicana
Bienvenido Bustamante López,Fecha de defunción,2001-11-15,republica_dominicana
Bienvenido Bustamante López,Ocupación,clarinetista,republica_dominicana
Bienvenido Troncoso,Lugar de nacimiento,Santiago de los Caballeros,republica_dominicana
Bienvenido Troncoso,Ocupación,compositor,republica_dominicana
Bienvenido Troncoso,Ciudadanía,República Dominicana,republica_dominicana
Bienvenido Troncoso,Fecha de nacimiento,1909-03-02,republica_dominicana
Bienvenido Troncoso,Fecha de defunción,1961-12-01,republica_dominicana
Bienvenido Troncoso,Ocupación,cantante,republica_dominicana
Bienvenido Troncoso,Ocupación,guitarrista,republica_dominicana
Héctor Carrasco,Lugar de nacimiento,San Pedro de Macorís,republica_dominicana
Héctor Carrasco,Ocupación,beisbolista,republica_dominicana
Héctor Carrasco,Ciudadanía,República Dominicana,republica_dominicana
Héctor Carrasco,Fecha de nacimiento,1969-10-22,republica_dominicana
Billo Frómeta,Lugar de nacimiento,Santo Domingo,republica_dominicana
Billo Frómeta,Ocupación,compositor,republica_dominicana
Billo Frómeta,Ciudadanía,Venezuela,republica_dominicana
Billo Frómeta,Fecha de nacimiento,1915-11-15,republica_dominicana
Billo Frómeta,Fecha de defunción,1988-05-05,republica_dominicana
Billo Frómeta,Ocupación,director de orquesta,republica_dominicana
Billo Frómeta,Ocupación,cantante,republica_dominicana
Billo Frómeta,Ocupación,líder de banda,republica_dominicana
Billo Frómeta,Ciudadanía,República Dominicana,republica_dominicana
Héctor García Godoy,Lugar de nacimiento,Moca,republica_dominicana
Héctor García Godoy,Ocupación,abogado,republica_dominicana
Héctor García Godoy,Ciudadanía,República Dominicana,republica_dominicana
Héctor García Godoy,Educado en,Universidad Autónoma de Santo Domingo,republica_dominicana
Héctor García Godoy,Cargo,presidente de la República Dominicana,republica_dominicana
Héctor García Godoy,Fecha de nacimiento,1921-01-11,republica_dominicana
Héctor García Godoy,Fecha de defunción,1970-04-20,republica_dominicana
Héctor García Godoy,Ocupación,político,republica_dominicana
Héctor García Godoy,Ocupación,diplomático,republica_dominicana
Escuela Juilliard,país,Estados Unidos,republica_dominicana
Escuela Juilliard,instancia de,conservatorio de música,republica_dominicana
Escuela Juilliard,instancia de,escuela de arte dramático,republica_dominicana
Escuela Juilliard,instancia de,institución educativa privada sin fines de lucro,republica_dominicana
Escuela Juilliard,situado en la entidad territorial administrativa,Nueva York,republica_dominicana
Berklee College of Music,país,Estados Unidos,republica_dominicana
Berklee College of Music,instancia de,universidad privada,republica_dominicana
Berklee College of Music,instancia de,academia de música,republica_dominicana
Berklee College of Music,instancia de,institución educativa privada sin fines de lucro,republica_dominicana
Berklee College of Music,fundador,Lawrence Berk,republica_dominicana
Bonao,país,República Dominicana,republica_dominicana
Bonao,instancia de,municipio de la República Dominicana,republica_dominicana
Bonao,situado en la entidad territorial administrativa,Monseñor Nouel,republica_dominicana
Bonao,capital de,Monseñor Nouel,republica_dominicana
Manoguayabo,país,República Dominicana,republica_dominicana
Manoguayabo,instancia de,asentamiento,republica_dominicana
Manoguayabo,situado en la entidad territorial administrativa,Santo Domingo Oeste,republica_dominicana
luchador,instancia de,ocupación,republica_dominicana
luchador,subclase de,luchador,republica_dominicana
luchador,ámbito de la ocupación,lucha,republica_dominicana
luchador,ámbito de la ocupación,lucha amateur,republica_dominicana
luchador,deporte,lucha amateur,republica_dominicana
Barahona,país,República Dominicana,republica_dominicana
Barahona,instancia de,provincia de la República Dominicana,republica_dominicana
Barahona,capital,Santa Cruz de Barahona,republica_dominicana
Barahona,comparte fronteras con,Provincia de Azua,republica_dominicana
Barahona,comparte fronteras con,Bahoruco,republica_dominicana
San Juan,país,República Dominicana,republica_dominicana
San Juan,instancia de,municipio de la República Dominicana,republica_dominicana
San Juan,situado en la entidad territorial administrativa,Provincia de San Juan,republica_dominicana
San Juan,categoría principal del tema,Categoría:San Juan de la Maguana,republica_dominicana
San Juan,capital de,Provincia de San Juan,republica_dominicana
profesor de música,instancia de,título universitario,republica_dominicana
profesor de música,instancia de,profesión musical,republica_dominicana
profesor de música,subclase de,músico,republica_dominicana
profesor de música,subclase de,educador,republica_dominicana
profesor de música,subclase de,profesor de música,republica_dominicana
Venezuela,instancia de,país,republica_dominicana
Venezuela,instancia de,estado soberano,republica_dominicana
Venezuela,jefe de Estado,Nicolás Maduro,republica_dominicana
Venezuela,jefe de Estado,Juan Guaidó,republica_dominicana
Venezuela,capital,Caracas,republica_dominicana
abogado,instancia de,profesión jurídica,republica_dominicana
abogado,subclase de,jurista,republica_dominicana
abogado,santo patrón,Catalina de Alejandría,republica_dominicana
abogado,santo patrón,Alfonso María de Ligorio,republica_dominicana
abogado,santo patrón,Raimundo de Peñafort,republica_dominicana
Julio Franco,Lugar de nacimiento,Hato Mayor,republica_dominicana
Julio Franco,Ocupación,beisbolista,republica_dominicana
Julio Franco,Ciudadanía,República Dominicana,republica_dominicana
Julio Franco,Fecha de nacimiento,1958-08-23,republica_dominicana
Rudy Pemberton,Lugar de nacimiento,San Pedro de Macorís,republica_dominicana
Rudy Pemberton,Ocupación,beisbolista,republica_dominicana
Rudy Pemberton,Ciudadanía,República Dominicana,republica_dominicana
Rudy Pemberton,Fecha de nacimiento,1969-12-02,republica_dominicana
Rudy Pemberton,Fecha de nacimiento,1969-12-17,republica_dominicana
Wilson Valdez,Lugar de nacimiento,Nizao,republica_dominicana
Wilson Valdez,Ocupación,beisbolista,republica_dominicana
Wilson Valdez,Ciudadanía,República Dominicana,republica_dominicana
Wilson Valdez,Fecha de nacimiento,1978-05-20,republica_dominicana
Aquilino López,Lugar de nacimiento,Villa Altagracia,republica_dominicana
Aquilino López,Ocupación,beisbolista,republica_dominicana
Aquilino López,Ciudadanía,República Dominicana,republica_dominicana
Aquilino López,Fecha de nacimiento,1975-04-21,republica_dominicana
José Núñez,Lugar de nacimiento,Jarabacoa,republica_dominicana
José Núñez,Ocupación,beisbolista,republica_dominicana
José Núñez,Ciudadanía,República Dominicana,republica_dominicana
José Núñez,Fecha de nacimiento,1960-01-13,republica_dominicana
José Núñez,Fecha de nacimiento,1964-01-13,republica_dominicana
Tilson Brito,Lugar de nacimiento,Santo Domingo,republica_dominicana
Tilson Brito,Ocupación,beisbolista,republica_dominicana
Tilson Brito,Ciudadanía,República Dominicana,republica_dominicana
Tilson Brito,Fecha de nacimiento,1972-05-28,republica_dominicana
Denny Bautista,Lugar de nacimiento,Sánchez,republica_dominicana
Denny Bautista,Ocupación,beisbolista,republica_dominicana
Denny Bautista,Ciudadanía,República Dominicana,republica_dominicana
Denny Bautista,Fecha de nacimiento,1982-10-23,republica_dominicana
Félix Rodríguez,Lugar de nacimiento,Monte Cristi,republica_dominicana
Félix Rodríguez,Ocupación,beisbolista,republica_dominicana
Félix Rodríguez,Ciudadanía,República Dominicana,republica_dominicana
Félix Rodríguez,Fecha de nacimiento,1972-09-09,republica_dominicana
Mendy López,Lugar de nacimiento,Pimentel (República Dominicana),republica_dominicana
Mendy López,Ocupación,beisbolista,republica_dominicana
Mendy López,Ciudadanía,República Dominicana,republica_dominicana
Mendy López,Fecha de nacimiento,1974-10-15,republica_dominicana
Radhamés Liz,Lugar de nacimiento,El Seibo,republica_dominicana
Radhamés Liz,Ocupación,beisbolista,republica_dominicana
Radhamés Liz,Ciudadanía,República Dominicana,republica_dominicana
Radhamés Liz,Fecha de nacimiento,1983-10-06,republica_dominicana
Radhamés Liz,Fecha de nacimiento,1985-09-03,republica_dominicana
José Cabrera,Lugar de nacimiento,Provincia de Santiago (República Dominicana),republica_dominicana
José Cabrera,Ocupación,beisbolista,republica_dominicana
José Cabrera,Ciudadanía,República Dominicana,republica_dominicana
José Cabrera,Fecha de nacimiento,1972-03-24,republica_dominicana
José Lima,Lugar de nacimiento,Santiago de los Caballeros,republica_dominicana
José Lima,Ocupación,cantante,republica_dominicana
José Lima,Ciudadanía,República Dominicana,republica_dominicana
José Lima,Fecha de nacimiento,1972-09-30,republica_dominicana
José Lima,Fecha de defunción,2010-05-23,republica_dominicana
José Lima,Ocupación,beisbolista,republica_dominicana
Cristhian Martínez,Lugar de nacimiento,Santo Domingo,republica_dominicana
Cristhian Martínez,Ocupación,beisbolista,republica_dominicana
Cristhian Martínez,Ciudadanía,República Dominicana,republica_dominicana
Cristhian Martínez,Fecha de nacimiento,1982-03-06,republica_dominicana
Kinito Méndez,Lugar de nacimiento,Provincia de Azua,republica_dominicana
Kinito Méndez,Ocupación,compositor,republica_dominicana
Kinito Méndez,Ciudadanía,República Dominicana,republica_dominicana
Kinito Méndez,Fecha de nacimiento,1963-11-18,republica_dominicana
Kinito Méndez,Ocupación,cantante,republica_dominicana
Fernando Villalona,Lugar de nacimiento,Provincia de Monte Cristi,republica_dominicana
Fernando Villalona,Ocupación,cantante,republica_dominicana
Fernando Villalona,Ciudadanía,República Dominicana,republica_dominicana
Fernando Villalona,Fecha de nacimiento,1955-05-07,republica_dominicana
Víctor Mata,Lugar de nacimiento,Santiago de los Caballeros,republica_dominicana
Víctor Mata,Ocupación,beisbolista,republica_dominicana
Víctor Mata,Ciudadanía,República Dominicana,republica_dominicana
Víctor Mata,Fecha de nacimiento,1961-06-17,republica_dominicana
Sharlene,Lugar de nacimiento,Santo Domingo,republica_dominicana
Sharlene,Ocupación,actor,republica_dominicana
Sharlene,Ciudadanía,Estados Unidos,republica_dominicana
Sharlene,Fecha de nacimiento,1989-05-11,republica_dominicana
Sharlene,Ocupación,compositor,republica_dominicana
Sharlene,Ocupación,cantante,republica_dominicana
Sharlene,Ocupación,músico,republica_dominicana
Sharlene,Ocupación,modelo,republica_dominicana
Sharlene,Ocupación,actor de cine,republica_dominicana
Sharlene,Ciudadanía,República Dominicana,republica_dominicana
Rafael Colón,Lugar de nacimiento,Santiago de los Caballeros,republica_dominicana
Rafael Colón,Ocupación,compositor,republica_dominicana
Rafael Colón,Ciudadanía,República Dominicana,republica_dominicana
Rafael Colón,Fecha de nacimiento,1918-05-18,republica_dominicana
Rafael Colón,Fecha de defunción,1991-06-07,republica_dominicana
Rafael Colón,Ocupación,cantante,republica_dominicana
Hilma Contreras,Lugar de nacimiento,Duarte,republica_dominicana
Hilma Contreras,Ocupación,escritor,republica_dominicana
Hilma Contreras,Ciudadanía,República Dominicana,republica_dominicana
Hilma Contreras,Fecha de nacimiento,1913-12-08,republica_dominicana
Hilma Contreras,Fecha de defunción,2006-01-15,republica_dominicana
Hato Mayor,instancia de,provincia de la República Dominicana,republica_dominicana
Hato Mayor,capital,Hato Mayor,republica_dominicana
Hato Mayor,comparte fronteras con,Samaná,republica_dominicana
Hato Mayor,comparte fronteras con,San Pedro de Macorís,republica_dominicana
Nizao,país,República Dominicana,republica_dominicana
Nizao,instancia de,municipio de la República Dominicana,republica_dominicana
Nizao,situado en la entidad territorial administrativa,Peravia,republica_dominicana
Nizao,lista de interés para el proyecto Wikimedia,Wikiproyecto:Diáspora africana,republica_dominicana
Jarabacoa,país,República Dominicana,republica_dominicana
Jarabacoa,instancia de,municipio de la República Dominicana,republica_dominicana
Jarabacoa,situado en la entidad territorial administrativa,La Vega,republica_dominicana
Jarabacoa,categoría principal del tema,Categoría:Jarabacoa,republica_dominicana
Sánchez,país,República Dominicana,republica_dominicana
Sánchez,instancia de,municipio de la República Dominicana,republica_dominicana
Sánchez,situado en la entidad territorial administrativa,Samaná,republica_dominicana
Pimentel (República Dominicana),país,República Dominicana,republica_dominicana
Pimentel (República Dominicana),instancia de,ciudad,republica_dominicana
Pimentel (República Dominicana),instancia de,municipio de la República Dominicana,republica_dominicana
Pimentel (República Dominicana),situado en la entidad territorial administrativa,Duarte,republica_dominicana
El Seibo,país,República Dominicana,republica_dominicana
El Seibo,instancia de,municipio de la República Dominicana,republica_dominicana
El Seibo,situado en la entidad territorial administrativa,El Seibo,republica_dominicana
El Seibo,capital de,El Seibo,republica_dominicana
Provincia de Santiago (República Dominicana),país,República Dominicana,republica_dominicana
Provincia de Santiago (República Dominicana),instancia de,provincia de la República Dominicana,republica_dominicana
Provincia de Santiago (República Dominicana),capital,Santiago de los Caballeros,republica_dominicana
Provincia de Santiago (República Dominicana),comparte fronteras con,Espaillat,republica_dominicana
Provincia de Santiago (República Dominicana),comparte fronteras con,La Vega,republica_dominicana
Provincia de Azua,país,República Dominicana,republica_dominicana
Provincia de Azua,instancia de,provincia de la República Dominicana,republica_dominicana
Provincia de Azua,capital,Municipio de Azua,republica_dominicana
Provincia de Azua,comparte fronteras con,La Vega,republica_dominicana
Provincia de Azua,comparte fronteras con,Bahoruco,republica_dominicana
Provincia de Monte Cristi,país,República Dominicana,republica_dominicana
Provincia de Monte Cristi,instancia de,provincia de la República Dominicana,republica_dominicana
Provincia de Monte Cristi,capital,Monte Cristi,republica_dominicana
Provincia de Monte Cristi,comparte fronteras con,Puerto Plata,republica_dominicana
Provincia de Monte Cristi,comparte fronteras con,Noreste,republica_dominicana
Salvador Jorge Blanco,Lugar de nacimiento,Santiago de los Caballeros,republica_dominicana
Salvador Jorge Blanco,Ocupación,escritor,republica_dominicana
Salvador Jorge Blanco,Ciudadanía,República Dominicana,republica_dominicana
Salvador Jorge Blanco,Educado en,Universidad Autónoma de Santo Domingo,republica_dominicana
Salvador Jorge Blanco,Cargo,presidente de la República Dominicana,republica_dominicana
Salvador Jorge Blanco,Fecha de nacimiento,1926-07-05,republica_dominicana
Salvador Jorge Blanco,Fecha de defunción,2010-12-26,republica_dominicana
Salvador Jorge Blanco,Ocupación,político,republica_dominicana
Junot Díaz,Lugar de nacimiento,Santo Domingo,republica_dominicana
Junot Díaz,Ocupación,académico,republica_dominicana
Junot Díaz,Ciudadanía,Estados Unidos,republica_dominicana
Junot Díaz,Educado en,Universidad Cornell,republica_dominicana
Junot Díaz,Empleador,Instituto Tecnológico de Massachusetts,republica_dominicana
Junot Díaz,Miembro de,Academia Estadounidense de las Artes y las Letras,republica_dominicana
Junot Díaz,Premio recibido,Premio Grandes Inmigrantes,republica_dominicana
Junot Díaz,Fecha de nacimiento,1968-12-31,republica_dominicana
Junot Díaz,Ocupación,novelista,republica_dominicana
Junot Díaz,Ocupación,escritor de ciencia ficción,republica_dominicana
Junot Díaz,Ciudadanía,República Dominicana,republica_dominicana
Junot Díaz,Educado en,Universidad Rutgers,republica_dominicana
Junot Díaz,Educado en,Old Bridge High School,republica_dominicana
Junot Díaz,Educado en,Cedar Ridge High School,republica_dominicana
Junot Díaz,Empleador,Rutgers University Press,republica_dominicana
Dámaso Marte,Lugar de nacimiento,Santo Domingo,republica_dominicana
Dámaso Marte,Ocupación,beisbolista,republica_dominicana
Dámaso Marte,Ciudadanía,República Dominicana,republica_dominicana
Dámaso Marte,Fecha de nacimiento,1975-02-14,republica_dominicana
Junot Díaz,Premio recibido,National Book Critics Circle Award for Fiction,republica_dominicana
Junot Díaz,Ocupación,escritor,republica_dominicana
Junot Díaz,Ocupación,profesor universitario,republica_dominicana
Junot Díaz,Premio recibido,Beca MacArthur,republica_dominicana
Junot Díaz,Premio recibido,Premio de Roma,republica_dominicana
Junot Díaz,Premio recibido,Premio Anisfield-Wolf,republica_dominicana
Junot Díaz,Premio recibido,Premio Américas,republica_dominicana
Junot Díaz,Premio recibido,Premio Eugene McDermott de artes en MIT,republica_dominicana
Junot Díaz,Premio recibido,Premio O. Henry,republica_dominicana
Junot Díaz,Premio recibido,Premio Pulitzer de Ficción,republica_dominicana
Junot Díaz,Premio recibido,Premio PEN/Malamud,republica_dominicana
Junot Díaz,Premio recibido,Beca Guggenheim,republica_dominicana
Yuderqui Contreras,Lugar de nacimiento,San Pedro de Macorís,republica_dominicana
Yuderqui Contreras,Ocupación,halterófilo,republica_dominicana
Yuderqui Contreras,Ciudadanía,República Dominicana,republica_dominicana
Yuderqui Contreras,Fecha de nacimiento,1986-03-27,republica_dominicana
Johnny Abbes,Lugar de nacimiento,Santo Domingo,republica_dominicana
Johnny Abbes,Ocupación,político,republica_dominicana
Johnny Abbes,Ciudadanía,República Dominicana,republica_dominicana
Johnny Abbes,Fecha de nacimiento,1924-01-01,republica_dominicana
Johnny Abbes,Fecha de defunción,1967-05-30,republica_dominicana
Johnny Abbes,Ocupación,diplomático,republica_dominicana
Alex Bueno,Lugar de nacimiento,Provincia de Santiago (República Dominicana),republica_dominicana
Alex Bueno,Ocupación,cantautor,republica_dominicana
Alex Bueno,Ciudadanía,República Dominicana,republica_dominicana
Alex Bueno,Fecha de nacimiento,1963-09-06,republica_dominicana
Alex Bueno,Ocupación,guitarrista,republica_dominicana
Juan Marichal,Lugar de nacimiento,Provincia de Monte Cristi,republica_dominicana
Juan Marichal,Ocupación,beisbolista,republica_dominicana
Juan Marichal,Ciudadanía,República Dominicana,republica_dominicana
Juan Marichal,Fecha de nacimiento,1937-10-20,republica_dominicana
Buenaventura Báez,Lugar de nacimiento,Cabral,republica_dominicana
Buenaventura Báez,Ocupación,político,republica_dominicana
Buenaventura Báez,Ciudadanía,República Dominicana,republica_dominicana
Buenaventura Báez,Cargo,presidente de la República Dominicana,republica_dominicana
Buenaventura Báez,Fecha de nacimiento,1812-07-14,republica_dominicana
Buenaventura Báez,Fecha de defunción,1884-03-14,republica_dominicana
Fernando Rodney,Lugar de nacimiento,Samaná,republica_dominicana
Fernando Rodney,Ocupación,beisbolista,republica_dominicana
Fernando Rodney,Ciudadanía,República Dominicana,republica_dominicana
Fernando Rodney,Fecha de nacimiento,1977-03-18,republica_dominicana
Manny Albam,Lugar de nacimiento,Samaná,republica_dominicana
Manny Albam,Ocupación,compositor de bandas sonoras,republica_dominicana
Manny Albam,Ciudadanía,República Dominicana,republica_dominicana
Manny Albam,Fecha de nacimiento,1922-06-24,republica_dominicana
Manny Albam,Fecha de defunción,2001-10-02,republica_dominicana
Manny Albam,Ocupación,saxofonista,republica_dominicana
Manny Albam,Ocupación,músico de jazz,republica_dominicana
Manny Albam,Ocupación,profesor de música,republica_dominicana
Manny Albam,Fecha de defunción,2001-10-09,republica_dominicana
Tony Fernández,Lugar de nacimiento,San Pedro de Macorís,republica_dominicana
Tony Fernández,Ocupación,beisbolista,republica_dominicana
Tony Fernández,Ciudadanía,República Dominicana,republica_dominicana
Tony Fernández,Premio recibido,Guante de Oro,republica_dominicana
Tony Fernández,Fecha de nacimiento,1962-06-30,republica_dominicana
Tony Fernández,Fecha de defunción,2020-02-15,republica_dominicana
Tony Fernández,Premio recibido,Canadian Baseball Hall of Fame,republica_dominicana
Tony Fernández,Premio recibido,Ontario Sports Hall of Fame,republica_dominicana
Gilberto Santa Rosa,Lugar de nacimiento,Santurce,republica_dominicana
Gilberto Santa Rosa,Ocupación,director de orquesta,republica_dominicana
Gilberto Santa Rosa,Ciudadanía,Estados Unidos,republica_dominicana
Gilberto Santa Rosa,Premio recibido,premio Grammy al mejor álbum latino tropical,republica_dominicana
Gilberto Santa Rosa,Fecha de nacimiento,1962-08-21,republica_dominicana
Gilberto Santa Rosa,Ocupación,cantante,republica_dominicana
Gilberto Santa Rosa,Ocupación,músico,republica_dominicana
Gilberto Santa Rosa,Ocupación,líder de banda,republica_dominicana
Gilberto Santa Rosa,Premio recibido,Premio Grammy latino por mejor álbum vocal pop tradicional,republica_dominicana
Gilberto Santa Rosa,Premio recibido,Premio Grammy latino por mejor álbum tropical tradicional,republica_dominicana
Gilberto Santa Rosa,Premio recibido,Premio Grammy latino por mejor álbum de salsa,republica_dominicana
Gilberto Santa Rosa,Premio recibido,Premio Grammy Latino a la Excelencia Musical,republica_dominicana
Gilberto Santa Rosa,Premio recibido,Premio ASCAP a la Herencia Latina,republica_dominicana
Gilberto Santa Rosa,Ciudadanía,República Dominicana,republica_dominicana
Rafael Soriano,Lugar de nacimiento,San José de Los Llanos (República Dominicana),republica_dominicana
Rafael Soriano,Ocupación,beisbolista,republica_dominicana
Rafael Soriano,Ciudadanía,República Dominicana,republica_dominicana
Rafael Soriano,Fecha de nacimiento,1979-12-19,republica_dominicana
Michelle Vargas,Lugar de nacimiento,San Francisco de Macorís,republica_dominicana
Michelle Vargas,Ocupación,actor,republica_dominicana
Michelle Vargas,Ciudadanía,Estados Unidos,republica_dominicana
Michelle Vargas,Fecha de nacimiento,1985-03-02,republica_dominicana
Michelle Vargas,Ocupación,modelo,republica_dominicana
Michelle Vargas,Ciudadanía,República Dominicana,republica_dominicana
Winston Méndez Montero,Lugar de nacimiento,Santo Domingo,republica_dominicana
Winston Méndez Montero,Ocupación,boxeador,republica_dominicana
Winston Méndez Montero,Ciudadanía,República Dominicana,republica_dominicana
Winston Méndez Montero,Fecha de nacimiento,1974-11-20,republica_dominicana
Ulises Espaillat,Lugar de nacimiento,Santiago de los Caballeros,republica_dominicana
Ulises Espaillat,Ocupación,político,republica_dominicana
Ulises Espaillat,Ciudadanía,República Dominicana,republica_dominicana
Ulises Espaillat,Cargo,presidente de la República Dominicana,republica_dominicana
Ulises Espaillat,Fecha de nacimiento,1823-02-09,republica_dominicana
Ulises Espaillat,Fecha de defunción,1878-04-25,republica_dominicana
Manny Ramírez,Lugar de nacimiento,Santo Domingo,republica_dominicana
Manny Ramírez,Ocupación,beisbolista,republica_dominicana
Manny Ramírez,Ciudadanía,República Dominicana,republica_dominicana
Manny Ramírez,Educado en,George Washington Educational Campus,republica_dominicana
Manny Ramírez,Fecha de nacimiento,1972-05-30,republica_dominicana
Efraín Valdez,Lugar de nacimiento,Nizao,republica_dominicana
Efraín Valdez,Ocupación,beisbolista,republica_dominicana
Efraín Valdez,Ciudadanía,República Dominicana,republica_dominicana
Efraín Valdez,Fecha de nacimiento,1966-07-11,republica_dominicana
Juan Guzmán,Lugar de nacimiento,Santo Domingo,republica_dominicana
Juan Guzmán,Ocupación,beisbolista,republica_dominicana
Juan Guzmán,Ciudadanía,República Dominicana,republica_dominicana
Juan Guzmán,Fecha de nacimiento,1966-10-28,republica_dominicana
Francisco Cruceta,Lugar de nacimiento,La Vega,republica_dominicana
Francisco Cruceta,Ocupación,beisbolista,republica_dominicana
Francisco Cruceta,Ciudadanía,República Dominicana,republica_dominicana
Francisco Cruceta,Fecha de nacimiento,1981-07-04,republica_dominicana
académico,instancia de,profesión,republica_dominicana
académico,instancia de,cargo,republica_dominicana
académico,subclase de,científico,republica_dominicana
académico,subclase de,cuadro profesional,republica_dominicana
académico,subclase de,erudito,republica_dominicana
Universidad Cornell,país,Estados Unidos,republica_dominicana
Universidad Cornell,instancia de,Universidad de concesión de tierras,republica_dominicana
Universidad Cornell,instancia de,universidad privada,republica_dominicana
Universidad Cornell,instancia de,universidad de investigación,republica_dominicana
Instituto Tecnológico de Massachusetts,país,Estados Unidos,republica_dominicana
Instituto Tecnológico de Massachusetts,instancia de,universidad,republica_dominicana
Instituto Tecnológico de Massachusetts,instancia de,universidad técnica,republica_dominicana
Instituto Tecnológico de Massachusetts,instancia de,instituto tecnológico,republica_dominicana
halterófilo,instancia de,ocupación,republica_dominicana
halterófilo,subclase de,atleta de fuerza,republica_dominicana
halterófilo,ámbito de la ocupación,halterofilia,republica_dominicana
halterófilo,categoría principal del tema,Categoría:Halterófilos,republica_dominicana
guitarrista,instancia de,ocupación,republica_dominicana
guitarrista,instancia de,profesión musical,republica_dominicana
guitarrista,subclase de,intérprete de instrumento de cuerda pulsada,republica_dominicana
guitarrista,ámbito de la ocupación,guitarra,republica_dominicana
Cabral,país,República Dominicana,republica_dominicana
Cabral,instancia de,municipio de la República Dominicana,republica_dominicana
Cabral,situado en la entidad territorial administrativa,Barahona,republica_dominicana
Samaná,país,República Dominicana,republica_dominicana
Samaná,instancia de,municipio de la República Dominicana,republica_dominicana
Samaná,situado en la entidad territorial administrativa,Samaná,republica_dominicana
Samaná,capital de,Samaná,republica_dominicana
compositor de bandas sonoras,instancia de,profesión del cine,republica_dominicana
compositor de bandas sonoras,instancia de,profesión musical,republica_dominicana
compositor de bandas sonoras,género,música cinematográfica,republica_dominicana
compositor de bandas sonoras,subclase de,compositor,republica_dominicana
Santurce,país,Estados Unidos,republica_dominicana
Santurce,instancia de,barrio de Puerto Rico,republica_dominicana
Santurce,situado en la entidad territorial administrativa,San Juan,republica_dominicana
Santurce,categoría principal del tema,Categoría:Santurce (San Juan),republica_dominicana
director de orquesta,instancia de,profesión,republica_dominicana
director de orquesta,instancia de,cargo,republica_dominicana
director de orquesta,instancia de,profesión musical,republica_dominicana
director de orquesta,subclase de,músico,republica_dominicana
director de orquesta,subclase de,artista escénico,republica_dominicana
premio Grammy al mejor álbum latino tropical,país,Estados Unidos,republica_dominicana
premio Grammy al mejor álbum latino tropical,instancia de,categoría de un premio,republica_dominicana
premio Grammy al mejor álbum latino tropical,forma parte de,Premios Grammy,republica_dominicana
San José de Los Llanos (República Dominicana),país,República Dominicana,republica_dominicana
San José de Los Llanos (República Dominicana),instancia de,municipio de la República Dominicana,republica_dominicana
San José de Los Llanos (República Dominicana),situado en la entidad territorial administrativa,San Pedro de Macorís,republica_dominicana
boxeador,instancia de,profesión,republica_dominicana
boxeador,subclase de,deportista,republica_dominicana
boxeador,subclase de,artista marcial,republica_dominicana
boxeador,ámbito de la ocupación,boxeo,republica_dominicana
boxeador,ámbito de la ocupación,boxeo aficionado,republica_dominicana
La Vega,instancia de,ciudad fortificada,republica_dominicana
La Vega,instancia de,gran ciudad,republica_dominicana
La Vega,instancia de,municipio de la República Dominicana,republica_dominicana
La Vega,idioma oficial,español,republica_dominicana
Pedro Hernández,Lugar de nacimiento,La Romana,republica_dominicana
Pedro Hernández,Ocupación,beisbolista,republica_dominicana
Pedro Hernández,Ciudadanía,República Dominicana,republica_dominicana
Pedro Hernández,Educado en,Preparatoria Javeriana,republica_dominicana
Pedro Hernández,Fecha de nacimiento,1959-04-04,republica_dominicana
Alex Taveras,Lugar de nacimiento,Santiago de los Caballeros,republica_dominicana
Alex Taveras,Ocupación,beisbolista,republica_dominicana
Alex Taveras,Ciudadanía,República Dominicana,republica_dominicana
Alex Taveras,Fecha de nacimiento,1955-10-09,republica_dominicana
Bartolo Colón,Lugar de nacimiento,Altamira,republica_dominicana
Bartolo Colón,Ocupación,beisbolista,republica_dominicana
Bartolo Colón,Ciudadanía,Estados Unidos,republica_dominicana
Bartolo Colón,Fecha de nacimiento,1973-05-24,republica_dominicana
Bartolo Colón,Ciudadanía,República Dominicana,republica_dominicana
Guillo Pérez,Lugar de nacimiento,Moca,republica_dominicana
Guillo Pérez,Ocupación,pintor,republica_dominicana
Guillo Pérez,Ciudadanía,República Dominicana,republica_dominicana
Guillo Pérez,Fecha de nacimiento,1923-08-03,republica_dominicana
Guillo Pérez,Fecha de defunción,2014-03-09,republica_dominicana
Juan Mateo,Lugar de nacimiento,Baní,republica_dominicana
Juan Mateo,Ocupación,beisbolista,republica_dominicana
Juan Mateo,Ciudadanía,República Dominicana,republica_dominicana
Juan Mateo,Fecha de nacimiento,1982-12-17,republica_dominicana
Óscar Mejía,Lugar de nacimiento,Jarabacoa,republica_dominicana
Óscar Mejía,Ocupación,futbolista,republica_dominicana
Óscar Mejía,Ciudadanía,República Dominicana,republica_dominicana
Óscar Mejía,Fecha de nacimiento,1978-12-07,republica_dominicana
Francisco Henríquez y Carvajal,Lugar de nacimiento,Santo Domingo,republica_dominicana
Francisco Henríquez y Carvajal,Ocupación,escritor,republica_dominicana
Francisco Henríquez y Carvajal,Ciudadanía,República Dominicana,republica_dominicana
Francisco Henríquez y Carvajal,Educado en,Sorbonne Universidad de París,republica_dominicana
Francisco Henríquez y Carvajal,Cargo,presidente de la República Dominicana,republica_dominicana
Francisco Henríquez y Carvajal,Fecha de nacimiento,1859-01-01,republica_dominicana
Francisco Henríquez y Carvajal,Fecha de defunción,1935-01-01,republica_dominicana
Francisco Henríquez y Carvajal,Ocupación,médico,republica_dominicana
Francisco Henríquez y Carvajal,Ocupación,abogado,republica_dominicana
Francisco Henríquez y Carvajal,Ocupación,político,republica_dominicana
Samuel Gálvez,Ocupación,tenista de mesa,republica_dominicana
Samuel Gálvez,Ciudadanía,República Dominicana,republica_dominicana
Samuel Gálvez,Fecha de nacimiento,1992-01-01,republica_dominicana
Enerio Rodriguez Arias,Ocupación,psicólogo,republica_dominicana
Enerio Rodriguez Arias,Ciudadanía,República Dominicana,republica_dominicana
Enerio Rodriguez Arias,Fecha de nacimiento,1939-01-01,republica_dominicana
Juan Mendez,Lugar de nacimiento,Montreal,republica_dominicana
Juan Mendez,Ocupación,baloncestista,republica_dominicana
Juan Mendez,Ciudadanía,Canadá,republica_dominicana
Juan Mendez,Educado en,Universidad de Niágara,republica_dominicana
Juan Mendez,Fecha de nacimiento,1981-09-23,republica_dominicana
Juan Mendez,Ciudadanía,República Dominicana,republica_dominicana
Juan Mendez,Educado en,Florida Preparatory Academy,republica_dominicana
Jeff Greer,Lugar de nacimiento,Manhattan,republica_dominicana
Jeff Greer,Ocupación,baloncestista,republica_dominicana
Jeff Greer,Ciudadanía,Estados Unidos,republica_dominicana
Jeff Greer,Educado en,Universidad Rutgers en New Brunswick,republica_dominicana
Jeff Greer,Fecha de nacimiento,1979-11-30,republica_dominicana
Jeff Greer,Ciudadanía,República Dominicana,republica_dominicana
Leyson Séptimo,Lugar de nacimiento,Santo Domingo,republica_dominicana
Leyson Séptimo,Ocupación,beisbolista,republica_dominicana
Leyson Séptimo,Ciudadanía,República Dominicana,republica_dominicana
Leyson Séptimo,Fecha de nacimiento,1985-07-07,republica_dominicana
José Martínez,Lugar de nacimiento,Guayubín,republica_dominicana
José Martínez,Ocupación,beisbolista,republica_dominicana
José Martínez,Ciudadanía,República Dominicana,republica_dominicana
José Martínez,Fecha de nacimiento,1971-01-04,republica_dominicana
José Martínez,Fecha de nacimiento,1971-04-01,republica_dominicana
Carlos Mármol,Lugar de nacimiento,Bonao,republica_dominicana
Carlos Mármol,Ocupación,beisbolista,republica_dominicana
Carlos Mármol,Ciudadanía,República Dominicana,republica_dominicana
Carlos Mármol,Fecha de nacimiento,1982-10-14,republica_dominicana
Carlos Peguero,Lugar de nacimiento,Hondo Valle,republica_dominicana
Carlos Peguero,Ocupación,beisbolista,republica_dominicana
Carlos Peguero,Ciudadanía,República Dominicana,republica_dominicana
Carlos Peguero,Fecha de nacimiento,1987-02-22,republica_dominicana
Carlos Pérez,Lugar de nacimiento,San Gregorio de Nigua,republica_dominicana
Carlos Pérez,Ocupación,beisbolista,republica_dominicana
Carlos Pérez,Ciudadanía,República Dominicana,republica_dominicana
Carlos Pérez,Fecha de nacimiento,1971-04-14,republica_dominicana
Carlos Rosa,Lugar de nacimiento,San Francisco de Macorís,republica_dominicana
Carlos Rosa,Ocupación,beisbolista,republica_dominicana
Carlos Rosa,Ciudadanía,República Dominicana,republica_dominicana
Carlos Rosa,Fecha de nacimiento,1984-09-21,republica_dominicana
Carlos Cruz,Lugar de nacimiento,Santiago de los Caballeros,republica_dominicana
Carlos Cruz,Ocupación,boxeador,republica_dominicana
Carlos Cruz,Ciudadanía,República Dominicana,republica_dominicana
Carlos Cruz,Fecha de nacimiento,1937-11-24,republica_dominicana
Carlos Cruz,Fecha de defunción,1969-02-15,republica_dominicana
Carlos Triunfel,Lugar de nacimiento,Santiago de los Caballeros,republica_dominicana
Carlos Triunfel,Ocupación,beisbolista,republica_dominicana
Carlos Triunfel,Ciudadanía,República Dominicana,republica_dominicana
Carlos Triunfel,Fecha de nacimiento,1990-02-27,republica_dominicana
Carlos Villanueva,Lugar de nacimiento,Santiago de los Caballeros,republica_dominicana
Carlos Villanueva,Ocupación,beisbolista,republica_dominicana
Carlos Villanueva,Ciudadanía,República Dominicana,republica_dominicana
Carlos Villanueva,Fecha de nacimiento,1983-11-28,republica_dominicana
Preparatoria Javeriana,país,Estados Unidos,republica_dominicana
Preparatoria Javeriana,instancia de,escuela secundaria superior,republica_dominicana
Preparatoria Javeriana,situado en la entidad territorial administrativa,Nueva York,republica_dominicana
Altamira,país,República Dominicana,republica_dominicana
Altamira,instancia de,municipio de la República Dominicana,republica_dominicana
Altamira,situado en la entidad territorial administrativa,Puerto Plata,republica_dominicana
pintor,instancia de,ocupación,republica_dominicana
pintor,instancia de,profesión artística,republica_dominicana
pintor,subclase de,artista visual,republica_dominicana
pintor,santo patrón,Lucas el Evangelista,republica_dominicana
pintor,ámbito de la ocupación,pintura,republica_dominicana
Sorbonne Universidad de París,país,Francia,republica_dominicana
Sorbonne Universidad de París,instancia de,universidad en Francia,republica_dominicana
Sorbonne Universidad de París,instancia de,entidad desaparecida,republica_dominicana
Sorbonne Universidad de París,nombrado en referencia a,París,republica_dominicana
Sorbonne Universidad de París,nombrado en referencia a,Roberto de Sorbón,republica_dominicana
psicólogo,elemento ejemplo,psicólogo clínico,republica_dominicana
psicólogo,instancia de,profesión,republica_dominicana
psicólogo,instancia de,grupo de ocupaciones de la CIUO,republica_dominicana
Montreal,país,Canadá,republica_dominicana
Montreal,continente,América del Norte,republica_dominicana
Montreal,instancia de,metrópoli,republica_dominicana
Montreal,instancia de,ciudad universitaria,republica_dominicana
Canadá,miembro de,Organización para la Seguridad y la Cooperación en Europa,republica_dominicana
Canadá,miembro de,Organización de los Estados Americanos,republica_dominicana
Canadá,miembro de,Organización Internacional de la Francofonía,republica_dominicana
Canadá,miembro de,Organización Meteorológica Mundial,republica_dominicana
Canadá,miembro de,Foro de Cooperación Económica Asia-Pacífico,republica_dominicana
Universidad de Niágara,país,Estados Unidos,republica_dominicana
Universidad de Niágara,instancia de,universidad,republica_dominicana
Universidad de Niágara,instancia de,institución educativa privada sin fines de lucro,republica_dominicana
Universidad de Niágara,situado en la entidad territorial administrativa,Condado de Niágara,republica_dominicana
Universidad de Niágara,religión,Iglesia católica,republica_dominicana
Manhattan,jefe de gobierno,Gale Brewer,republica_dominicana
Manhattan,país,Estados Unidos,republica_dominicana
Manhattan,instancia de,Distritos de la ciudad de Nueva York,republica_dominicana
Manhattan,instancia de,ciudad-condado,republica_dominicana
Manhattan,comparte fronteras con,Brooklyn,republica_dominicana
Universidad Rutgers en New Brunswick,país,Estados Unidos,republica_dominicana
Universidad Rutgers en New Brunswick,instancia de,campus,republica_dominicana
Universidad Rutgers en New Brunswick,instancia de,Universidad de concesión de tierras,republica_dominicana
Universidad Rutgers en New Brunswick,instancia de,institución educativa pública de los Estados Unidos,republica_dominicana
Universidad Rutgers en New Brunswick,situado en la entidad territorial administrativa,Nuevo Brunswick,republica_dominicana
Hondo Valle,país,República Dominicana,republica_dominicana
Hondo Valle,instancia de,municipio de la República Dominicana,republica_dominicana
Hondo Valle,situado en la entidad territorial administrativa,Elías Piña,republica_dominicana
San Gregorio de Nigua,país,República Dominicana,republica_dominicana
San Gregorio de Nigua,instancia de,municipio de la República Dominicana,republica_dominicana
San Gregorio de Nigua,situado en la entidad territorial administrativa,San Cristóbal,republica_dominicana
Hilde Domin,Lugar de nacimiento,Colonia,republica_dominicana
Hilde Domin,Ocupación,escritor,republica_dominicana
Hilde Domin,Ciudadanía,Alemania,republica_dominicana
Hilde Domin,Educado en,Universidad de Bonn,republica_dominicana
Hilde Domin,Miembro de,Academia Alemana de Lengua y Literatura,republica_dominicana
Hilde Domin,Premio recibido,Premio Friedrich Hölderlin,republica_dominicana
Hilde Domin,Fecha de nacimiento,1909-07-27,republica_dominicana
Hilde Domin,Fecha de defunción,2006-02-22,republica_dominicana
Hilde Domin,Ocupación,poeta,republica_dominicana
Hilde Domin,Ocupación,traductor,republica_dominicana
Hilde Domin,Ocupación,novelista,republica_dominicana
Hilde Domin,Premio recibido,Orden del Mérito de Renania del Norte-Westfalia,republica_dominicana
Hilde Domin,Premio recibido,Orden al mérito de Baden-Wurtemberg,republica_dominicana
Hilde Domin,Premio recibido,Premio Nelly Sachs,republica_dominicana
Hilde Domin,Premio recibido,Carl Zuckmayer Medal,republica_dominicana
Hilde Domin,Premio recibido,Droste-Preis,republica_dominicana
Hilde Domin,Premio recibido,Honorary Award of the Heinrich Heine Society,republica_dominicana
Hilde Domin,Premio recibido,Ida-Dehmel-Literaturpreis,republica_dominicana
Hilde Domin,Premio recibido,Jakob Wassermann Prize,republica_dominicana
Hilde Domin,Premio recibido,Roswitha Prize,republica_dominicana
Hilde Domin,Premio recibido,Premio Estatal de Renania del Norte-Westfalia,republica_dominicana
Hilde Domin,Premio recibido,Cruz de Comendador de la Orden del Mérito de la República Federal Alemana,republica_dominicana
Hilde Domin,Premio recibido,Cruz de Oficial de la Orden del Mérito de la República Federal de Alemania,republica_dominicana
Hilde Domin,Ciudadanía,República Dominicana,republica_dominicana
Colonia,jefe de gobierno,Henriette Reker,republica_dominicana
Colonia,país,Alemania,republica_dominicana
Colonia,instancia de,metrópoli,republica_dominicana
Colonia,instancia de,ciudad de la Liga Hanseática,republica_dominicana
Colonia,instancia de,gran ciudad,republica_dominicana
Alemania,miembro de,Organización para la Cooperación y el Desarrollo Económico,republica_dominicana
Alemania,miembro de,Organismo Internacional de Energía Atómica,republica_dominicana
Alemania,miembro de,Agencia Espacial Europea,republica_dominicana
Alemania,miembro de,Programa de exención de visa,republica_dominicana
Alemania,miembro de,Organización Internacional del Trabajo,republica_dominicana
Universidad de Bonn,país,Alemania,republica_dominicana
Universidad de Bonn,instancia de,Registrador de Internet Local,republica_dominicana
Universidad de Bonn,instancia de,universidad pública,republica_dominicana
Universidad de Bonn,instancia de,editorial,republica_dominicana
Academia Alemana de Lengua y Literatura,forma jurídica,asociación registrada,republica_dominicana
Academia Alemana de Lengua y Literatura,confiere,Premio Sigmund Freud,republica_dominicana
Academia Alemana de Lengua y Literatura,confiere,Premio Johann Heinrich Merck,republica_dominicana
Academia Alemana de Lengua y Literatura,confiere,Premio Friedrich Gundolf,republica_dominicana
Academia Alemana de Lengua y Literatura,confiere,Premio Johann Heinrich Voss,republica_dominicana
Starlin Castro,Lugar de nacimiento,Monte Cristi,republica_dominicana
Starlin Castro,Ocupación,beisbolista,republica_dominicana
Starlin Castro,Ciudadanía,República Dominicana,republica_dominicana
Starlin Castro,Fecha de nacimiento,1990-03-24,republica_dominicana
Gabriel del Orbe,Lugar de nacimiento,Moca,republica_dominicana
Gabriel del Orbe,Ocupación,compositor,republica_dominicana
Gabriel del Orbe,Ciudadanía,República Dominicana,republica_dominicana
Gabriel del Orbe,Educado en,"Escuela superior de música y teatro ""Felix Mendelssohn""",republica_dominicana
Gabriel del Orbe,Fecha de nacimiento,1888-03-18,republica_dominicana
Gabriel del Orbe,Fecha de defunción,1966-05-05,republica_dominicana
Gabriel del Orbe,Ocupación,pianista,republica_dominicana
Gabriel del Orbe,Ocupación,violinista,republica_dominicana
Jacinto Bienvenido Peynado,Lugar de nacimiento,Puerto Plata,republica_dominicana
Jacinto Bienvenido Peynado,Ocupación,abogado,republica_dominicana
Jacinto Bienvenido Peynado,Ciudadanía,República Dominicana,republica_dominicana
Jacinto Bienvenido Peynado,Cargo,presidente de la República Dominicana,republica_dominicana
Jacinto Bienvenido Peynado,Fecha de nacimiento,1878-02-15,republica_dominicana
Jacinto Bienvenido Peynado,Fecha de defunción,1940-03-07,republica_dominicana
Jacinto Bienvenido Peynado,Ocupación,político,republica_dominicana
Gerónimo Pellerano,Lugar de nacimiento,Santiago de los Caballeros,republica_dominicana
Gerónimo Pellerano,Ocupación,cantante,republica_dominicana
Gerónimo Pellerano,Ciudadanía,República Dominicana,republica_dominicana
Gerónimo Pellerano,Fecha de nacimiento,1927-07-02,republica_dominicana
Gerónimo Pellerano,Fecha de defunción,1991-03-25,republica_dominicana
Urban Meyer,Lugar de nacimiento,Toledo,republica_dominicana
Urban Meyer,Ocupación,entrenador,republica_dominicana
Urban Meyer,Ciudadanía,República Dominicana,republica_dominicana
Urban Meyer,Educado en,Universidad de Cincinnati,republica_dominicana
Urban Meyer,Empleador,Florida Gators,republica_dominicana
Urban Meyer,Fecha de nacimiento,1964-07-10,republica_dominicana
Urban Meyer,Ocupación,autor,republica_dominicana
Urban Meyer,Ocupación,entrenador en jefe,republica_dominicana
Urban Meyer,Ocupación,beisbolista,republica_dominicana
Urban Meyer,Ocupación,jugador de fútbol americano,republica_dominicana
Urban Meyer,Educado en,Universidad del Estado de Ohio,republica_dominicana
Urban Meyer,Educado en,Saints John & Paul High School,republica_dominicana
Urban Meyer,Empleador,Ohio State Buckeyes football,republica_dominicana
Urban Meyer,Empleador,Utah Utes football,republica_dominicana
Urban Meyer,Empleador,Bowling Green Falcons football,republica_dominicana
Gladys Pérez,Ocupación,cantante,republica_dominicana
Gladys Pérez,Ciudadanía,República Dominicana,republica_dominicana
Gladys Pérez,Fecha de nacimiento,2000-01-01,republica_dominicana
Héctor Incháustegui Cabral,Lugar de nacimiento,Baní,republica_dominicana
Héctor Incháustegui Cabral,Ocupación,escritor,republica_dominicana
Héctor Incháustegui Cabral,Ciudadanía,República Dominicana,republica_dominicana
Héctor Incháustegui Cabral,Fecha de nacimiento,1912-07-25,republica_dominicana
Héctor Incháustegui Cabral,Fecha de defunción,1979-09-05,republica_dominicana
Gregorio Nicanor Peña Rodríguez,Ocupación,sacerdote católico,republica_dominicana
Gregorio Nicanor Peña Rodríguez,Ciudadanía,República Dominicana,republica_dominicana
Gregorio Nicanor Peña Rodríguez,Educado en,Seminario Pontificio Santo Tomás de Aquino,republica_dominicana
Gregorio Nicanor Peña Rodríguez,Cargo,obispo de Puerto Plata,republica_dominicana
Gregorio Nicanor Peña Rodríguez,Fecha de nacimiento,1942-03-12,republica_dominicana
Gregorio Nicanor Peña Rodríguez,Ocupación,obispo católico,republica_dominicana
Gregorio Nicanor Peña Rodríguez,Cargo,obispo de Nuestra Señora de la Altagracia en Higüey,republica_dominicana
Guarionex Aquino,Lugar de nacimiento,Mao,republica_dominicana
Guarionex Aquino,Ocupación,cantante,republica_dominicana
Guarionex Aquino,Ciudadanía,República Dominicana,republica_dominicana
Guarionex Aquino,Fecha de nacimiento,1924-02-28,republica_dominicana
Guarionex Aquino,Fecha de defunción,2010-12-25,republica_dominicana
Mary Siragusa,Lugar de nacimiento,Santo Domingo,republica_dominicana
Mary Siragusa,Ocupación,pianista,republica_dominicana
Mary Siragusa,Ciudadanía,República Dominicana,republica_dominicana
Mary Siragusa,Fecha de nacimiento,1920-02-08,republica_dominicana
Mary Siragusa,Fecha de defunción,2002-12-12,republica_dominicana
Mary Siragusa,Ocupación,profesor de música,republica_dominicana
George Bell,Lugar de nacimiento,San Pedro de Macorís,republica_dominicana
George Bell,Ocupación,beisbolista,republica_dominicana
George Bell,Ciudadanía,República Dominicana,republica_dominicana
George Bell,Premio recibido,Most Valuable Player,republica_dominicana
George Bell,Fecha de nacimiento,1959-10-21,republica_dominicana
George Bell,Premio recibido,Canadian Baseball Hall of Fame,republica_dominicana
George Bell,Premio recibido,Ontario Sports Hall of Fame,republica_dominicana
Roque Antonio Adames Rodríguez,Lugar de nacimiento,Provincia de Santiago (República Dominicana),republica_dominicana
Roque Antonio Adames Rodríguez,Ocupación,sacerdote católico,republica_dominicana
Roque Antonio Adames Rodríguez,Ciudadanía,República Dominicana,republica_dominicana
Roque Antonio Adames Rodríguez,Educado en,Pontificia Universidad Gregoriana,republica_dominicana
Roque Antonio Adames Rodríguez,Cargo,obispo de Santiago de los Caballeros,republica_dominicana
Roque Antonio Adames Rodríguez,Fecha de nacimiento,1928-11-08,republica_dominicana
Roque Antonio Adames Rodríguez,Fecha de defunción,2009-10-31,republica_dominicana
Roque Antonio Adames Rodríguez,Ocupación,obispo católico,republica_dominicana
Roque Antonio Adames Rodríguez,Ocupación,profesor universitario,republica_dominicana
Henry Méndez,Lugar de nacimiento,Santo Domingo,republica_dominicana
Henry Méndez,Ocupación,compositor,republica_dominicana
Henry Méndez,Ciudadanía,República Dominicana,republica_dominicana
Henry Méndez,Fecha de nacimiento,1974-11-07,republica_dominicana
Henry Méndez,Ocupación,cantante,republica_dominicana
Henry Méndez,Ocupación,productor discográfico,republica_dominicana
Rafael German Merán,Lugar de nacimiento,San Cristóbal,republica_dominicana
Rafael German Merán,Ocupación,ciclista,republica_dominicana
Rafael German Merán,Ciudadanía,República Dominicana,republica_dominicana
Rafael German Merán,Fecha de nacimiento,1987-07-30,republica_dominicana
Felipe López,Lugar de nacimiento,Santiago de los Caballeros,republica_dominicana
Felipe López,Ocupación,baloncestista,republica_dominicana
Felipe López,Ciudadanía,República Dominicana,republica_dominicana
Felipe López,Educado en,Universidad de San Juan,republica_dominicana
Felipe López,Fecha de nacimiento,1974-12-19,republica_dominicana
Felipe López,Educado en,Rice High School,republica_dominicana
Humberto Bogaert,Lugar de nacimiento,Santiago de los Caballeros,republica_dominicana
Humberto Bogaert,Ocupación,político,republica_dominicana
Humberto Bogaert,Ciudadanía,República Dominicana,republica_dominicana
Humberto Bogaert,Cargo,presidente de la República Dominicana,republica_dominicana
Humberto Bogaert,Fecha de nacimiento,1901-03-01,republica_dominicana
Humberto Bogaert,Fecha de defunción,1962-01-01,republica_dominicana
Juan Lockward,Lugar de nacimiento,Puerto Plata,republica_dominicana
Juan Lockward,Ocupación,compositor,republica_dominicana
Juan Lockward,Ciudadanía,República Dominicana,republica_dominicana
Juan Lockward,Fecha de nacimiento,1915-07-24,republica_dominicana
Juan Lockward,Fecha de defunción,2006-03-24,republica_dominicana
Juan Lockward,Ocupación,cantante,republica_dominicana
Frank Reyes,Lugar de nacimiento,Tenares,republica_dominicana
Frank Reyes,Ocupación,cantante,republica_dominicana
Frank Reyes,Ciudadanía,República Dominicana,republica_dominicana
Frank Reyes,Fecha de nacimiento,1969-06-04,republica_dominicana
Jacinto Gimbernard,Lugar de nacimiento,Santo Domingo,republica_dominicana
Jacinto Gimbernard,Ocupación,escritor,republica_dominicana
Jacinto Gimbernard,Ciudadanía,República Dominicana,republica_dominicana
Jacinto Gimbernard,Fecha de nacimiento,1931-09-17,republica_dominicana
Jacinto Gimbernard,Fecha de defunción,2017-05-24,republica_dominicana
Jacinto Gimbernard,Ocupación,director de orquesta,republica_dominicana
Jacinto Gimbernard,Ocupación,violinista folclórico,republica_dominicana
Jacinto Gimbernard,Ocupación,ensayista,republica_dominicana
Lope Balaguer,Lugar de nacimiento,Santiago de los Caballeros,republica_dominicana
Lope Balaguer,Ocupación,cantante,republica_dominicana
Lope Balaguer,Ciudadanía,República Dominicana,republica_dominicana
Lope Balaguer,Fecha de nacimiento,1925-08-22,republica_dominicana
Lope Balaguer,Fecha de defunción,2015-01-29,republica_dominicana
"Escuela superior de música y teatro ""Felix Mendelssohn""",país,Alemania,republica_dominicana
"Escuela superior de música y teatro ""Felix Mendelssohn""",instancia de,conservatorio de música,republica_dominicana
"Escuela superior de música y teatro ""Felix Mendelssohn""",instancia de,universidad pública,republica_dominicana
Toledo,jefe de gobierno,Wade Kapszukiewicz,republica_dominicana
Toledo,país,Estados Unidos,republica_dominicana
Toledo,instancia de,sede de condado,republica_dominicana
Toledo,instancia de,ciudad de Estados Unidos,republica_dominicana
Toledo,instancia de,gran ciudad,republica_dominicana
entrenador,instancia de,profesión,republica_dominicana
entrenador,instancia de,cargo,republica_dominicana
entrenador,instancia de,ocupación,republica_dominicana
entrenador,subclase de,posición de juego,republica_dominicana
entrenador,subclase de,personalidad del deporte,republica_dominicana
Florida Gators,país,Estados Unidos,republica_dominicana
Florida Gators,instancia de,club de fútbol americano,republica_dominicana
Florida Gators,instancia de,equipo deportivo universitario,republica_dominicana
Florida Gators,estadio,Estadio Ben Hill Griffin,republica_dominicana
Florida Gators,liga,Southeastern Conference,republica_dominicana
Seminario Pontificio Santo Tomás de Aquino,instancia de,institución académica,republica_dominicana
obispo de Puerto Plata,país,República Dominicana,republica_dominicana
obispo de Puerto Plata,instancia de,función episcopal,republica_dominicana
obispo de Puerto Plata,subclase de,obispo católico,republica_dominicana
obispo de Puerto Plata,subclase de,obispo diocesano,republica_dominicana
obispo de Puerto Plata,subclase de,ordinario,republica_dominicana
pianista,instancia de,cargo,republica_dominicana
pianista,instancia de,ocupación,republica_dominicana
pianista,instancia de,profesión musical,republica_dominicana
pianista,subclase de,tecladista,republica_dominicana
pianista,ámbito de la ocupación,interpretación de piano,republica_dominicana
obispo de Santiago de los Caballeros,país,República Dominicana,republica_dominicana
obispo de Santiago de los Caballeros,instancia de,cargo episcopal histórico,republica_dominicana
obispo de Santiago de los Caballeros,subclase de,obispo diocesano,republica_dominicana
obispo de Santiago de los Caballeros,subclase de,ordinario,republica_dominicana
obispo de Santiago de los Caballeros,subclase de,obispo católico latino,republica_dominicana
Universidad de San Juan,país,Estados Unidos,republica_dominicana
Universidad de San Juan,instancia de,universidad,republica_dominicana
Universidad de San Juan,instancia de,institución educativa privada sin fines de lucro,republica_dominicana
Universidad de San Juan,instancia de,editorial académica,republica_dominicana
Universidad de San Juan,situado en la entidad territorial administrativa,Manhattan,republica_dominicana
Tenares,país,República Dominicana,republica_dominicana
Tenares,instancia de,municipio de la República Dominicana,republica_dominicana
Tenares,situado en la entidad territorial administrativa,Hermanas Mirabal,republica_dominicana
Luis Días,Lugar de nacimiento,Bonao,republica_dominicana
Luis Días,Ocupación,escritor,republica_dominicana
Luis Días,Ciudadanía,República Dominicana,republica_dominicana
Luis Días,Fecha de nacimiento,1952-06-21,republica_dominicana
Luis Días,Fecha de defunción,2009-12-08,republica_dominicana
Luis Días,Ocupación,compositor,republica_dominicana
Luis Días,Ocupación,cantante,republica_dominicana
Luis Días,Ocupación,guitarrista,republica_dominicana
Ismael Sánchez,Lugar de nacimiento,La Vega,republica_dominicana
Ismael Sánchez,Ocupación,ciclista,republica_dominicana
Ismael Sánchez,Ciudadanía,República Dominicana,republica_dominicana
Ismael Sánchez,Fecha de nacimiento,1982-06-17,republica_dominicana
Ivonne Haza,Lugar de nacimiento,San Pedro de Macorís,republica_dominicana
Ivonne Haza,Ocupación,cantante,republica_dominicana
Ivonne Haza,Ciudadanía,República Dominicana,republica_dominicana
Ivonne Haza,Fecha de nacimiento,1938-12-25,republica_dominicana
Ivonne Haza,Fecha de defunción,2022-06-16,republica_dominicana
J.R. Writer,Lugar de nacimiento,Harlem,republica_dominicana
J.R. Writer,Ocupación,cantante,republica_dominicana
J.R. Writer,Ciudadanía,República Dominicana,republica_dominicana
J.R. Writer,Fecha de nacimiento,1984-05-28,republica_dominicana
J.R. Writer,Ocupación,músico,republica_dominicana
Winifer Fernández,Lugar de nacimiento,Provincia de Santiago (República Dominicana),republica_dominicana
Winifer Fernández,Ocupación,voleibolista,republica_dominicana
Winifer Fernández,Ciudadanía,República Dominicana,republica_dominicana
Winifer Fernández,Fecha de nacimiento,1995-01-06,republica_dominicana
Jesús María de Jesús Moya,Lugar de nacimiento,Hermanas Mirabal,republica_dominicana
Jesús María de Jesús Moya,Ocupación,sacerdote católico,republica_dominicana
Jesús María de Jesús Moya,Ciudadanía,República Dominicana,republica_dominicana
Jesús María de Jesús Moya,Educado en,Seminario Pontificio Santo Tomás de Aquino,republica_dominicana
Jesús María de Jesús Moya,Cargo,obispo titular,republica_dominicana
Jesús María de Jesús Moya,Fecha de nacimiento,1934-11-28,republica_dominicana
Jesús María de Jesús Moya,Ocupación,obispo católico,republica_dominicana
Jesús María de Jesús Moya,Cargo,Obispo de San Francisco de Macorís,republica_dominicana
Jesús María de Jesús Moya,Cargo,Obispo auxiliar de Santiago de los Caballeros,republica_dominicana
Margarita Luna García,Lugar de nacimiento,Santiago de los Caballeros,republica_dominicana
Margarita Luna García,Ocupación,compositor,republica_dominicana
Margarita Luna García,Ciudadanía,República Dominicana,republica_dominicana
Margarita Luna García,Educado en,Escuela Juilliard,republica_dominicana
Margarita Luna García,Fecha de nacimiento,1921-07-31,republica_dominicana
Margarita Luna García,Fecha de defunción,2016-01-01,republica_dominicana
Margarita Luna García,Ocupación,pianista,republica_dominicana
Johnny Ventura,Lugar de nacimiento,Santo Domingo,republica_dominicana
Johnny Ventura,Ocupación,político,republica_dominicana
Johnny Ventura,Ciudadanía,República Dominicana,republica_dominicana
Johnny Ventura,Premio recibido,International Latin Music Hall of Fame,republica_dominicana
Johnny Ventura,Fecha de nacimiento,1940-03-08,republica_dominicana
Johnny Ventura,Fecha de defunción,2021-07-28,republica_dominicana
Johnny Ventura,Ocupación,compositor de canciones,republica_dominicana
Johnny Ventura,Premio recibido,Premio Grammy Latino a la Excelencia Musical,republica_dominicana
Johnny Ventura,Premio recibido,Pabellón de la Fama de los Compositores Latinos,republica_dominicana
Johnny Ventura,Premio recibido,Premio Grammy Latino al Mejor Album Merengue/Bachata,republica_dominicana
Jorge Pérez,Ocupación,ciclista,republica_dominicana
Jorge Pérez,Ciudadanía,República Dominicana,republica_dominicana
Jorge Pérez,Fecha de nacimiento,1985-08-24,republica_dominicana
Joseíto Mateo,Lugar de nacimiento,Santo Domingo,republica_dominicana
Joseíto Mateo,Ocupación,compositor,republica_dominicana
Joseíto Mateo,Ciudadanía,República Dominicana,republica_dominicana
Joseíto Mateo,Premio recibido,Premio Grammy Latino a la Excelencia Musical,republica_dominicana
Joseíto Mateo,Fecha de nacimiento,1920-04-06,republica_dominicana
Joseíto Mateo,Fecha de defunción,2018-05-31,republica_dominicana
Joseíto Mateo,Ocupación,cantante,republica_dominicana
Joseíto Mateo,Ocupación,músico,republica_dominicana
Joseíto Mateo,Fecha de defunción,2018-06-01,republica_dominicana
José Alberto el Canario,Lugar de nacimiento,Villa Consuelo,republica_dominicana
José Alberto el Canario,Ocupación,cantante,republica_dominicana
José Alberto el Canario,Ciudadanía,República Dominicana,republica_dominicana
José Alberto el Canario,Miembro de,Típica 73,republica_dominicana
José Alberto el Canario,Fecha de nacimiento,1958-12-22,republica_dominicana
José Alberto el Canario,Miembro de,Salsa Giants,republica_dominicana
José Dolores Cerón,Lugar de nacimiento,Santo Domingo,republica_dominicana
José Dolores Cerón,Ocupación,compositor,republica_dominicana
José Dolores Cerón,Ciudadanía,República Dominicana,republica_dominicana
José Dolores Cerón,Fecha de nacimiento,1897-06-29,republica_dominicana
José Dolores Cerón,Fecha de defunción,1969-03-22,republica_dominicana
José Dolores Grullón Estrella,Lugar de nacimiento,Santiago de los Caballeros,republica_dominicana
José Dolores Grullón Estrella,Ocupación,sacerdote católico,republica_dominicana
José Dolores Grullón Estrella,Ciudadanía,República Dominicana,republica_dominicana
José Dolores Grullón Estrella,Educado en,Seminario Pontificio Santo Tomás de Aquino,republica_dominicana
José Dolores Grullón Estrella,Cargo,Obispo de San Juan de la Maguana,republica_dominicana
José Dolores Grullón Estrella,Fecha de nacimiento,1942-01-15,republica_dominicana
José Dolores Grullón Estrella,Ocupación,obispo católico,republica_dominicana
José María Hernández Espaillat,Lugar de nacimiento,Moca,republica_dominicana
José María Hernández Espaillat,Ocupación,político,republica_dominicana
José María Hernández Espaillat,Ciudadanía,República Dominicana,republica_dominicana
José María Hernández Espaillat,Fecha de nacimiento,1942-12-20,republica_dominicana
José María Hernández Espaillat,Fecha de defunción,2010-10-05,republica_dominicana
José María Hernández Espaillat,Ocupación,emprendedor,republica_dominicana
José María Hernández Espaillat,Ocupación,profesor universitario,republica_dominicana
José de Jesús Ravelo,Lugar de nacimiento,Santo Domingo,republica_dominicana
José de Jesús Ravelo,Ocupación,compositor,republica_dominicana
José de Jesús Ravelo,Ciudadanía,República Dominicana,republica_dominicana
José de Jesús Ravelo,Fecha de nacimiento,1876-03-21,republica_dominicana
José de Jesús Ravelo,Fecha de defunción,1951-12-02,republica_dominicana
José de Jesús Ravelo,Ocupación,profesor de música,republica_dominicana
Juan Antonio Flores Santana,Lugar de nacimiento,Tamboril,republica_dominicana
Juan Antonio Flores Santana,Ocupación,sacerdote católico,republica_dominicana
Juan Antonio Flores Santana,Ciudadanía,República Dominicana,republica_dominicana
Juan Antonio Flores Santana,Educado en,Seminario Pontificio Santo Tomás de Aquino,republica_dominicana
Juan Antonio Flores Santana,Cargo,presidente,republica_dominicana
Juan Antonio Flores Santana,Fecha de nacimiento,1927-07-03,republica_dominicana
Juan Antonio Flores Santana,Fecha de defunción,2014-11-09,republica_dominicana
Juan Antonio Flores Santana,Ocupación,obispo católico,republica_dominicana
Juan Antonio Flores Santana,Ocupación,profesor universitario,republica_dominicana
Juan Antonio Flores Santana,Cargo,arzobispo de Santiago de los Caballeros,republica_dominicana
Juan Antonio Flores Santana,Cargo,obispo de Santiago de los Caballeros,republica_dominicana
Juan Antonio Flores Santana,Cargo,Obispo de La Vega,republica_dominicana
Juan Bautista Vicini Burgos,Lugar de nacimiento,Santo Domingo,republica_dominicana
Juan Bautista Vicini Burgos,Ocupación,emprendedor,republica_dominicana
Juan Bautista Vicini Burgos,Ciudadanía,República Dominicana,republica_dominicana
Juan Bautista Vicini Burgos,Cargo,presidente de la República Dominicana,republica_dominicana
Juan Bautista Vicini Burgos,Fecha de nacimiento,1871-07-19,republica_dominicana
Juan Bautista Vicini Burgos,Fecha de defunción,1935-05-25,republica_dominicana
Juan Fernández de Alarcón,Lugar de nacimiento,Santo Domingo,republica_dominicana
Juan Fernández de Alarcón,Ocupación,actor,republica_dominicana
Juan Fernández de Alarcón,Ciudadanía,Estados Unidos,republica_dominicana
Juan Fernández de Alarcón,Fecha de nacimiento,1956-12-13,republica_dominicana
Juan Fernández de Alarcón,Ocupación,modelo,republica_dominicana
Juan Fernández de Alarcón,Ocupación,actor de televisión,republica_dominicana
Juan Fernández de Alarcón,Ocupación,actor de cine,republica_dominicana
Juan Fernández de Alarcón,Ciudadanía,República Dominicana,republica_dominicana
Juan Francísco García,Lugar de nacimiento,Santiago de los Caballeros,republica_dominicana
Juan Francísco García,Ocupación,compositor,republica_dominicana
Juan Francísco García,Ciudadanía,República Dominicana,republica_dominicana
Juan Francísco García,Fecha de nacimiento,1892-06-16,republica_dominicana
Juan Francísco García,Fecha de defunción,1974-11-18,republica_dominicana
Juan Félix Pepén y Solimán,Lugar de nacimiento,Higüey,republica_dominicana
Juan Félix Pepén y Solimán,Ocupación,sacerdote católico,republica_dominicana
Juan Félix Pepén y Solimán,Ciudadanía,República Dominicana,republica_dominicana
Juan Félix Pepén y Solimán,Educado en,Seminario Pontificio Santo Tomás de Aquino,republica_dominicana
Juan Félix Pepén y Solimán,Cargo,obispo titular,republica_dominicana
Juan Félix Pepén y Solimán,Fecha de nacimiento,1920-01-27,republica_dominicana
Juan Félix Pepén y Solimán,Fecha de defunción,2007-07-22,republica_dominicana
Juan Félix Pepén y Solimán,Ocupación,obispo católico,republica_dominicana
Juan Félix Pepén y Solimán,Cargo,obispo de Nuestra Señora de la Altagracia en Higüey,republica_dominicana
Juan Félix Pepén y Solimán,Cargo,Obispo auxiliar de la Arquidiócesis de Santo Domingo,republica_dominicana
Harlem,país,Estados Unidos,republica_dominicana
Harlem,instancia de,comunidad no incorporada en los Estados Unidos,republica_dominicana
Harlem,instancia de,villa de Nueva York,republica_dominicana
Harlem,instancia de,barrio de Manhattan,republica_dominicana
Harlem,situado en la entidad territorial administrativa,Manhattan,republica_dominicana
Hermanas Mirabal,país,República Dominicana,republica_dominicana
Hermanas Mirabal,instancia de,provincia de la República Dominicana,republica_dominicana
Hermanas Mirabal,capital,Salcedo,republica_dominicana
Hermanas Mirabal,comparte fronteras con,Espaillat,republica_dominicana
Hermanas Mirabal,comparte fronteras con,La Vega,republica_dominicana
International Latin Music Hall of Fame,instancia de,distinción,republica_dominicana
Premio Grammy Latino a la Excelencia Musical,país,Estados Unidos,republica_dominicana
Premio Grammy Latino a la Excelencia Musical,instancia de,Premios Grammy Latinos,republica_dominicana
Premio Grammy Latino a la Excelencia Musical,forma parte de,Premios Grammy Latinos,republica_dominicana
Premio Grammy Latino a la Excelencia Musical,categoría principal del tema,Categoría:Ganadores del Premio Grammy Latino a la Excelencia Musical,republica_dominicana
Premio Grammy Latino a la Excelencia Musical,conferido por,Academia Latina de Artes y Ciencias de la Grabación,republica_dominicana
Villa Consuelo,país,República Dominicana,republica_dominicana
Villa Consuelo,instancia de,asentamiento,republica_dominicana
Villa Consuelo,situado en la entidad territorial administrativa,Distrito Nacional,republica_dominicana
Villa Consuelo,diferente de,Villa Consuelo,republica_dominicana
Típica 73,instancia de,grupo musical,republica_dominicana
Típica 73,género,salsa,republica_dominicana
Típica 73,país de origen,Estados Unidos,republica_dominicana
Típica 73,compuesto por,José Alberto el Canario,republica_dominicana
Obispo de San Juan de la Maguana,instancia de,función episcopal,republica_dominicana
Obispo de San Juan de la Maguana,subclase de,obispo diocesano católico,republica_dominicana
Obispo de San Juan de la Maguana,forma parte de,Conferencia del Episcopado Dominicano,republica_dominicana
Obispo de San Juan de la Maguana,organización dirigida desde este cargo,diócesis de San Juan de la Maguana,republica_dominicana
Tamboril,país,República Dominicana,republica_dominicana
Tamboril,instancia de,municipio de la República Dominicana,republica_dominicana
Tamboril,situado en la entidad territorial administrativa,Provincia de Santiago (República Dominicana),republica_dominicana
presidente,instancia de,cargo,republica_dominicana
presidente,subclase de,líder de una organización,republica_dominicana
presidente,se dice que es lo mismo que,líder,republica_dominicana
presidente,se dice que es lo mismo que,presidente,republica_dominicana
emprendedor,categoría que contiene subcategorías epónimas,Categoría:Categorías de empresarios,republica_dominicana
emprendedor,instancia de,profesión,republica_dominicana
emprendedor,instancia de,estatus legal,republica_dominicana
emprendedor,campo de trabajo,comercio,republica_dominicana
emprendedor,campo de trabajo,actividad económica,republica_dominicana
San Francisco de Macorís,instancia de,municipio de la República Dominicana,republica_dominicana
San Francisco de Macorís,situado en la entidad territorial administrativa,Duarte,republica_dominicana
Enrique de Marchena,Lugar de nacimiento,Santo Domingo,republica_dominicana
Enrique de Marchena,Ocupación,diplomático,republica_dominicana
Enrique de Marchena,Ciudadanía,República Dominicana,republica_dominicana
Enrique de Marchena,Premio recibido,Cruz federal de la República de Alemania al mérito,republica_dominicana
Enrique de Marchena,Fecha de nacimiento,1908-10-13,republica_dominicana
Enrique de Marchena,Fecha de defunción,1988-01-01,republica_dominicana
Enrique de Marchena,Ocupación,compositor,republica_dominicana
Enrique de Marchena,Premio recibido,Gran Cruz de la Orden de Isabel la Católica,republica_dominicana
Enrique de Marchena,Premio recibido,Gran Cruz de la Orden Civil de Alfonso X el Sabio,republica_dominicana
José Bautista,Lugar de nacimiento,Santo Domingo,republica_dominicana
José Bautista,Ocupación,beisbolista,republica_dominicana
José Bautista,Ciudadanía,República Dominicana,republica_dominicana
José Bautista,Educado en,Pontificia Universidad Católica Madre y Maestra,republica_dominicana
José Bautista,Fecha de nacimiento,1980-10-19,republica_dominicana
Porfirio Rubirosa,Lugar de nacimiento,San Francisco de Macorís,republica_dominicana
Porfirio Rubirosa,Ocupación,diplomático,republica_dominicana
Porfirio Rubirosa,Ciudadanía,República Dominicana,republica_dominicana
Porfirio Rubirosa,Fecha de nacimiento,1909-01-22,republica_dominicana
Porfirio Rubirosa,Fecha de defunción,1965-07-05,republica_dominicana
Porfirio Rubirosa,Ocupación,socialité,republica_dominicana
Porfirio Rubirosa,Ocupación,piloto de automovilismo,republica_dominicana
Gustavo Cisneros,Lugar de nacimiento,Caracas,republica_dominicana
Gustavo Cisneros,Ocupación,emprendedor,republica_dominicana
Gustavo Cisneros,Ciudadanía,España,republica_dominicana
Gustavo Cisneros,Educado en,Babson College,republica_dominicana
Gustavo Cisneros,Premio recibido,Orden de Andrés Bello,republica_dominicana
Gustavo Cisneros,Fecha de nacimiento,1945-06-01,republica_dominicana
Gustavo Cisneros,Fecha de defunción,2023-12-29,republica_dominicana
Gustavo Cisneros,Ocupación,economista,republica_dominicana
Gustavo Cisneros,Premio recibido,Orden del Libertador,republica_dominicana
Gustavo Cisneros,Premio recibido,Orden Francisco de Miranda,republica_dominicana
Gustavo Cisneros,Premio recibido,International Emmy Directorate Award,republica_dominicana
Gustavo Cisneros,Premio recibido,honorary doctor of the University of Miami,republica_dominicana
Gustavo Cisneros,Ciudadanía,Venezuela,republica_dominicana
Gustavo Cisneros,Ciudadanía,República Dominicana,republica_dominicana
Gustavo Cisneros,Educado en,Suffield Academy,republica_dominicana
Alfonso Soriano,Lugar de nacimiento,San Pedro de Macorís,republica_dominicana
Alfonso Soriano,Ocupación,beisbolista,republica_dominicana
Alfonso Soriano,Ciudadanía,República Dominicana,republica_dominicana
Alfonso Soriano,Fecha de nacimiento,1976-01-07,republica_dominicana
Javier Fortuna,Lugar de nacimiento,La Romana,republica_dominicana
Javier Fortuna,Ocupación,boxeador,republica_dominicana
Javier Fortuna,Ciudadanía,República Dominicana,republica_dominicana
Javier Fortuna,Fecha de nacimiento,1990-07-07,republica_dominicana
Diego «el Cigala»,Lugar de nacimiento,Madrid,republica_dominicana
Diego «el Cigala»,Ocupación,cantante,republica_dominicana
Diego «el Cigala»,Ciudadanía,España,republica_dominicana
Diego «el Cigala»,Premio recibido,Anexo:Premios Ondas 2003,republica_dominicana
Diego «el Cigala»,Fecha de nacimiento,1968-12-27,republica_dominicana
Diego «el Cigala»,Ocupación,compositor de canciones,republica_dominicana
Diego «el Cigala»,Ciudadanía,República Dominicana,republica_dominicana
Vicente Grisolía,Lugar de nacimiento,Puerto Plata,republica_dominicana
Vicente Grisolía,Ocupación,pianista,republica_dominicana
Vicente Grisolía,Ciudadanía,República Dominicana,republica_dominicana
Vicente Grisolía,Fecha de nacimiento,1924-09-05,republica_dominicana
Vicente Grisolía,Fecha de defunción,2011-06-15,republica_dominicana
Diómedes Espinal de León,Lugar de nacimiento,Moca,republica_dominicana
Diómedes Espinal de León,Ocupación,sacerdote católico,republica_dominicana
Diómedes Espinal de León,Ciudadanía,República Dominicana,republica_dominicana
Diómedes Espinal de León,Educado en,Seminario Pontificio Santo Tomás de Aquino,republica_dominicana
Diómedes Espinal de León,Cargo,obispo titular,republica_dominicana
Diómedes Espinal de León,Fecha de nacimiento,1949-08-25,republica_dominicana
Diómedes Espinal de León,Ocupación,obispo católico,republica_dominicana
Diómedes Espinal de León,Cargo,Obispo de Mao-Monte Cristi,republica_dominicana
Diómedes Espinal de León,Cargo,Obispo auxiliar de Santiago de los Caballeros,republica_dominicana
Flérida de Nolasco,Lugar de nacimiento,Santo Domingo,republica_dominicana
Flérida de Nolasco,Ocupación,especialista en literatura,republica_dominicana
Flérida de Nolasco,Ciudadanía,República Dominicana,republica_dominicana
Flérida de Nolasco,Fecha de nacimiento,1891-02-27,republica_dominicana
Flérida de Nolasco,Fecha de defunción,1976-02-12,republica_dominicana
Maridalia Hernández,Lugar de nacimiento,Santiago de los Caballeros,republica_dominicana
Maridalia Hernández,Ocupación,cantante,republica_dominicana
Maridalia Hernández,Ciudadanía,República Dominicana,republica_dominicana
Maridalia Hernández,Educado en,Conservatorio Nacional de Música,republica_dominicana
Maridalia Hernández,Miembro de,Juan Luis Guerra 4.40,republica_dominicana
Maridalia Hernández,Fecha de nacimiento,1959-08-19,republica_dominicana
Eddy Herrera,Lugar de nacimiento,Santiago de los Caballeros,republica_dominicana
Eddy Herrera,Ocupación,cantante,republica_dominicana
Eddy Herrera,Ciudadanía,República Dominicana,republica_dominicana
Eddy Herrera,Educado en,Pontificia Universidad Católica Madre y Maestra,republica_dominicana
Eddy Herrera,Premio recibido,Premio Grammy Latino al Mejor Album Merengue/Bachata,republica_dominicana
Eddy Herrera,Fecha de nacimiento,1964-04-30,republica_dominicana
Eddy Herrera,Ocupación,músico,republica_dominicana
Rafael Sánchez Cestero,Lugar de nacimiento,Santo Domingo,republica_dominicana
Rafael Sánchez Cestero,Ocupación,cantante,republica_dominicana
Rafael Sánchez Cestero,Ciudadanía,República Dominicana,republica_dominicana
Rafael Sánchez Cestero,Fecha de nacimiento,1912-01-01,republica_dominicana
Rafael Sánchez Cestero,Fecha de defunción,1999-08-07,republica_dominicana
José Bono,Lugar de nacimiento,Salobre,republica_dominicana
José Bono,Ocupación,abogado,republica_dominicana
José Bono,Ciudadanía,España,republica_dominicana
José Bono,Educado en,Instituto Católico de Administración y Dirección de Empresas,republica_dominicana
José Bono,Empleador,Universidad Complutense de Madrid,republica_dominicana
José Bono,Cargo,presidente de la Junta de Comunidades de Castilla-La Mancha,republica_dominicana
José Bono,Premio recibido,Gran Cruz de la Orden de Carlos III,republica_dominicana
José Bono,Fecha de nacimiento,1950-12-14,republica_dominicana
José Bono,Ocupación,político,republica_dominicana
José Bono,Ocupación,emprendedor,republica_dominicana
José Bono,Ocupación,profesor universitario,republica_dominicana
José Bono,Premio recibido,Gran Cruz de la Orden del Mérito Civil,republica_dominicana
José Bono,Premio recibido,Gran Cruz del Mérito Militar con distintivo blanco,republica_dominicana
José Bono,Premio recibido,Medalla de Oro de Castilla-La Mancha,republica_dominicana
José Bono,Ciudadanía,República Dominicana,republica_dominicana
José Bono,Educado en,colegio jesuita,republica_dominicana
José Bono,Cargo,presidente del Congreso de los Diputados,republica_dominicana
José Bono,Cargo,diputado de España,republica_dominicana
José Bono,Cargo,diputado en las Cortes de Castilla-La Mancha,republica_dominicana
José Bono,Cargo,ministro de Defensa,republica_dominicana
Johnny Pacheco,Lugar de nacimiento,Santiago de los Caballeros,republica_dominicana
Johnny Pacheco,Ocupación,compositor,republica_dominicana
Johnny Pacheco,Ciudadanía,Estados Unidos,republica_dominicana
Johnny Pacheco,Premio recibido,Premio Grammy Latino a la Excelencia Musical,republica_dominicana
Johnny Pacheco,Fecha de nacimiento,1935-03-25,republica_dominicana
Johnny Pacheco,Fecha de defunción,2021-02-15,republica_dominicana
Johnny Pacheco,Ocupación,cantante,republica_dominicana
Johnny Pacheco,Ocupación,productor discográfico,republica_dominicana
Johnny Pacheco,Ocupación,percusionista,republica_dominicana
Johnny Pacheco,Ciudadanía,República Dominicana,republica_dominicana
Francisco José Arnáiz,Lugar de nacimiento,Bilbao,republica_dominicana
Francisco José Arnáiz,Ocupación,obispo católico,republica_dominicana
Francisco José Arnáiz,Ciudadanía,España,republica_dominicana
Francisco José Arnáiz,Educado en,Universidad de La Habana,republica_dominicana
Francisco José Arnáiz,Cargo,obispo auxiliar,republica_dominicana
Francisco José Arnáiz,Fecha de nacimiento,1925-03-09,republica_dominicana
Francisco José Arnáiz,Fecha de defunción,2014-02-14,republica_dominicana
Francisco José Arnáiz,Ocupación,teólogo,republica_dominicana
Francisco José Arnáiz,Ocupación,presbítero católico de rito latino,republica_dominicana
Francisco José Arnáiz,Ocupación,profesor universitario,republica_dominicana
Francisco José Arnáiz,Ciudadanía,República Dominicana,republica_dominicana
Francisco José Arnáiz,Educado en,Universidad Pontificia Comillas,republica_dominicana
Francisco José Arnáiz,Cargo,obispo titular,republica_dominicana
Elenita Santos,Ocupación,cantante,republica_dominicana
Elenita Santos,Ciudadanía,República Dominicana,republica_dominicana
Elenita Santos,Fecha de nacimiento,1933-04-14,republica_dominicana
Elila Mena,Lugar de nacimiento,Santo Domingo,republica_dominicana
Elila Mena,Ocupación,pianista,republica_dominicana
Elila Mena,Ciudadanía,República Dominicana,republica_dominicana
Elila Mena,Fecha de nacimiento,1918-04-07,republica_dominicana
Elila Mena,Fecha de defunción,1970-02-07,republica_dominicana
Elila Mena,Ocupación,profesor de música,republica_dominicana
Emilio de los Santos,Lugar de nacimiento,Provincia Santo Domingo,republica_dominicana
Emilio de los Santos,Ocupación,Panadero,republica_dominicana
Emilio de los Santos,Ciudadanía,República Dominicana,republica_dominicana
Emilio de los Santos,Cargo,presidente de la República Dominicana,republica_dominicana
Emilio de los Santos,Fecha de nacimiento,1903-10-12,republica_dominicana
Emilio de los Santos,Fecha de defunción,1986-06-10,republica_dominicana
Enrique Mejía Arredondo,Lugar de nacimiento,Santo Domingo,republica_dominicana
Enrique Mejía Arredondo,Ocupación,compositor,republica_dominicana
Enrique Mejía Arredondo,Ciudadanía,República Dominicana,republica_dominicana
Enrique Mejía Arredondo,Fecha de nacimiento,1901-12-24,republica_dominicana
Enrique Mejía Arredondo,Fecha de defunción,1951-02-05,republica_dominicana
Enrique Mejía Arredondo,Ocupación,director de orquesta,republica_dominicana
diplomático,instancia de,profesión,republica_dominicana
diplomático,instancia de,título corporativo,republica_dominicana
diplomático,subclase de,estadista,republica_dominicana
diplomático,subclase de,alto cargo,republica_dominicana
diplomático,ámbito de la ocupación,diplomacia,republica_dominicana
Cruz federal de la República de Alemania al mérito,país,Alemania,republica_dominicana
Cruz federal de la República de Alemania al mérito,instancia de,grado de una orden,republica_dominicana
Cruz federal de la República de Alemania al mérito,subclase de,Gran Cruz,republica_dominicana
Cruz federal de la República de Alemania al mérito,forma parte de,Orden del Mérito de la República Federal de Alemania,republica_dominicana
Cruz federal de la República de Alemania al mérito,categoría para los galardonados con este premio,Categoría:Ganadores de la Cruz federal del la República del Alemania al mérito,republica_dominicana
Pontificia Universidad Católica Madre y Maestra,país,República Dominicana,republica_dominicana
Pontificia Universidad Católica Madre y Maestra,instancia de,universidad privada,republica_dominicana
Pontificia Universidad Católica Madre y Maestra,fundador,Conferencia del Episcopado Dominicano,republica_dominicana
Pontificia Universidad Católica Madre y Maestra,situado en la entidad territorial administrativa,Santiago de los Caballeros,republica_dominicana
Pontificia Universidad Católica Madre y Maestra,miembro de,Centro Interuniversitario de Desarrollo,republica_dominicana
Caracas,jefe de gobierno,Helen Fernández,republica_dominicana
Caracas,jefe de gobierno,Alí Mansour Landaeta,republica_dominicana
Caracas,país,Venezuela,republica_dominicana
Caracas,instancia de,ciudad,republica_dominicana
Caracas,instancia de,capital federal,republica_dominicana
Babson College,país,Estados Unidos,republica_dominicana
Babson College,instancia de,institución educativa privada sin fines de lucro,republica_dominicana
Babson College,situado en la entidad territorial administrativa,Massachusetts,republica_dominicana
Babson College,industria,educación superior,republica_dominicana
Orden de Andrés Bello,país,Venezuela,republica_dominicana
Orden de Andrés Bello,instancia de,orden,republica_dominicana
Orden de Andrés Bello,fundador,Marcos P. Jimenez,republica_dominicana
Orden de Andrés Bello,nombrado en referencia a,Andrés Bello,republica_dominicana
Orden de Andrés Bello,categoría principal del tema,Categoría:Orden de Andrés Bello,republica_dominicana
Madrid,comparte fronteras con,Leganés,republica_dominicana
Madrid,comparte fronteras con,Coslada,republica_dominicana
Madrid,comparte fronteras con,Majadahonda,republica_dominicana
Madrid,comparte fronteras con,San Sebastián de los Reyes,republica_dominicana
Madrid,comparte fronteras con,Alcobendas,republica_dominicana
Anexo:Premios Ondas 2003,país,España,republica_dominicana
Anexo:Premios Ondas 2003,instancia de,ceremonia de premiación,republica_dominicana
Anexo:Premios Ondas 2003,precedido por,Anexo:Premios Ondas 2002,republica_dominicana
Anexo:Premios Ondas 2003,sucedido por,Anexo:Premios Ondas 2004,republica_dominicana
Anexo:Premios Ondas 2003,ubicación,Palacio de los Deportes de Barcelona,republica_dominicana
especialista en literatura,instancia de,profesión,republica_dominicana
especialista en literatura,subclase de,filólogo,republica_dominicana
especialista en literatura,ámbito de la ocupación,estudios literarios,republica_dominicana
especialista en literatura,se dice que es lo mismo que,literato,republica_dominicana
especialista en literatura,se dice que es lo mismo que,hombre de letras,republica_dominicana
Conservatorio Nacional de Música,país,República Dominicana,republica_dominicana
Conservatorio Nacional de Música,instancia de,conservatorio de música,republica_dominicana
Juan Luis Guerra 4.40,instancia de,grupo musical,republica_dominicana
Juan Luis Guerra 4.40,discografía,discografía de Juan Luis Guerra 4.40,republica_dominicana
Juan Luis Guerra 4.40,país de origen,República Dominicana,republica_dominicana
Juan Luis Guerra 4.40,compuesto por,Juan Luis Guerra,republica_dominicana
Juan Luis Guerra 4.40,compuesto por,Maridalia Hernández,republica_dominicana
Premio Grammy Latino al Mejor Album Merengue/Bachata,instancia de,premio de música,republica_dominicana
Premio Grammy Latino al Mejor Album Merengue/Bachata,instancia de,categoría de un premio,republica_dominicana
Premio Grammy Latino al Mejor Album Merengue/Bachata,subclase de,premio al mejor álbum,republica_dominicana
Premio Grammy Latino al Mejor Album Merengue/Bachata,forma parte de,Premios Grammy Latinos,republica_dominicana
Salobre,jefe de gobierno,Francisco Martínez García,republica_dominicana
Salobre,país,España,republica_dominicana
Salobre,continente,Europa,republica_dominicana
Salobre,instancia de,municipio de España,republica_dominicana
Salobre,capital,Salobre,republica_dominicana
Instituto Católico de Administración y Dirección de Empresas,país,España,republica_dominicana
Instituto Católico de Administración y Dirección de Empresas,instancia de,entidad desaparecida,republica_dominicana
Instituto Católico de Administración y Dirección de Empresas,categoría principal del tema,Categoría:ICADE,republica_dominicana
Instituto Católico de Administración y Dirección de Empresas,reemplazado por,ICAI-ICADE,republica_dominicana
Universidad Complutense de Madrid,país,España,republica_dominicana
Universidad Complutense de Madrid,instancia de,universidad pública,republica_dominicana
Universidad Complutense de Madrid,situado en la entidad territorial administrativa,Madrid,republica_dominicana
Universidad Complutense de Madrid,ubicación de la sede,Rectorado de la UCM,republica_dominicana
Universidad Complutense de Madrid,filial,Centro Universitario Villanueva,republica_dominicana
Bilbao,jefe de gobierno,Juan María Aburto,republica_dominicana
Bilbao,país,España,republica_dominicana
Bilbao,continente,Europa,republica_dominicana
Bilbao,instancia de,municipio de España,republica_dominicana
Bilbao,capital,Ciudad de Bilbao,republica_dominicana
obispo católico,instancia de,función episcopal,republica_dominicana
obispo católico,instancia de,vocación católica,republica_dominicana
obispo católico,religión,Iglesia católica,republica_dominicana
obispo católico,subclase de,obispo,republica_dominicana
obispo católico,subclase de,sacerdote,republica_dominicana
Universidad de La Habana,país,Cuba,republica_dominicana
Universidad de La Habana,instancia de,universidad pública,republica_dominicana
Universidad de La Habana,instancia de,editor de acceso abierto,republica_dominicana
Universidad de La Habana,fundador,Inocencio XIII,republica_dominicana
Universidad de La Habana,situado en la entidad territorial administrativa,La Habana,republica_dominicana
obispo auxiliar,instancia de,función episcopal,republica_dominicana
obispo auxiliar,instancia de,vocación católica,republica_dominicana
obispo auxiliar,religión,catolicismo,republica_dominicana
obispo auxiliar,subclase de,obispo,republica_dominicana
obispo auxiliar,subclase de,obispo católico,republica_dominicana
Panadero,instancia de,apellido,republica_dominicana
Panadero,instancia de,apellido ocupacional,republica_dominicana
Panadero,nombrado en referencia a,panadero,republica_dominicana
Panadero,sistema de escritura,alfabeto latino,republica_dominicana
Panadero,idioma de la obra o del nombre,español,republica_dominicana
Héctor Luna,Lugar de nacimiento,Monte Cristi,republica_dominicana
Héctor Luna,Ocupación,beisbolista,republica_dominicana
Héctor Luna,Ciudadanía,República Dominicana,republica_dominicana
Héctor Luna,Fecha de nacimiento,1980-02-01,republica_dominicana
Manny Pérez,Lugar de nacimiento,Santiago de los Caballeros,republica_dominicana
Manny Pérez,Ocupación,guionista,republica_dominicana
Manny Pérez,Ciudadanía,República Dominicana,republica_dominicana
Manny Pérez,Educado en,Universidad Marymount Manhattan,republica_dominicana
Manny Pérez,Fecha de nacimiento,1969-05-05,republica_dominicana
Manny Pérez,Ocupación,actor,republica_dominicana
Manny Pérez,Ocupación,actor de televisión,republica_dominicana
Manny Pérez,Ocupación,actor de cine,republica_dominicana
Víctor Cruz,Lugar de nacimiento,La Vega,republica_dominicana
Víctor Cruz,Ocupación,beisbolista,republica_dominicana
Víctor Cruz,Ciudadanía,República Dominicana,republica_dominicana
Víctor Cruz,Fecha de nacimiento,1957-12-24,republica_dominicana
Víctor Cruz,Fecha de defunción,2004-09-26,republica_dominicana
Román Peña,Lugar de nacimiento,Baní,republica_dominicana
Román Peña,Ocupación,compositor,republica_dominicana
Román Peña,Ciudadanía,República Dominicana,republica_dominicana
Román Peña,Fecha de nacimiento,1920-09-07,republica_dominicana
Román Peña,Fecha de defunción,2003-05-28,republica_dominicana
Román Peña,Ocupación,guitarrista clásico,republica_dominicana
Salvador Sturla,Lugar de nacimiento,Santo Domingo,republica_dominicana
Salvador Sturla,Ocupación,compositor,republica_dominicana
Salvador Sturla,Ciudadanía,República Dominicana,republica_dominicana
Salvador Sturla,Fecha de nacimiento,1891-01-26,republica_dominicana
Salvador Sturla,Fecha de defunción,1975-10-04,republica_dominicana
Sergio Vargas,Lugar de nacimiento,Villa Altagracia,republica_dominicana
Sergio Vargas,Ocupación,político,republica_dominicana
Sergio Vargas,Ciudadanía,República Dominicana,republica_dominicana
Sergio Vargas,Cargo,Miembro De La Cámara De Diputados De La República Dominicana,republica_dominicana
Sergio Vargas,Premio recibido,Premio Grammy Latino al Mejor Album Merengue/Bachata,republica_dominicana
Sergio Vargas,Fecha de nacimiento,1960-03-15,republica_dominicana
Sergio Vargas,Ocupación,cantante,republica_dominicana
Sergio Vargas,Ocupación,músico,republica_dominicana
Sergio Vargas,Fecha de nacimiento,1963-03-15,republica_dominicana
Soledad Álvarez,Lugar de nacimiento,Santo Domingo,republica_dominicana
Soledad Álvarez,Ocupación,escritor,republica_dominicana
Soledad Álvarez,Ciudadanía,República Dominicana,republica_dominicana
Soledad Álvarez,Fecha de nacimiento,1950-12-13,republica_dominicana
Sonia Silvestre,Lugar de nacimiento,San Pedro de Macorís,republica_dominicana
Sonia Silvestre,Ocupación,actor,republica_dominicana
Sonia Silvestre,Ciudadanía,República Dominicana,republica_dominicana
Sonia Silvestre,Fecha de nacimiento,1952-08-16,republica_dominicana
Sonia Silvestre,Fecha de defunción,2014-04-17,republica_dominicana
Sonia Silvestre,Ocupación,cantante,republica_dominicana
Sonia Silvestre,Ocupación,personalidad de radio,republica_dominicana
Stalin Quiterio,Lugar de nacimiento,San Juan,republica_dominicana
Stalin Quiterio,Ocupación,ciclista,republica_dominicana
Stalin Quiterio,Ciudadanía,República Dominicana,republica_dominicana
Stalin Quiterio,Fecha de nacimiento,1984-06-01,republica_dominicana
Rafael Furcal,Lugar de nacimiento,Loma de Cabrera,republica_dominicana
Rafael Furcal,Ocupación,beisbolista,republica_dominicana
Rafael Furcal,Ciudadanía,República Dominicana,republica_dominicana
Rafael Furcal,Fecha de nacimiento,1977-10-24,republica_dominicana
Pedro Bartolomé Benoit,Lugar de nacimiento,Samaná,republica_dominicana
Pedro Bartolomé Benoit,Ocupación,político,republica_dominicana
Pedro Bartolomé Benoit,Ciudadanía,República Dominicana,republica_dominicana
Pedro Bartolomé Benoit,Cargo,presidente de la República Dominicana,republica_dominicana
Pedro Bartolomé Benoit,Fecha de nacimiento,1921-02-13,republica_dominicana
Pedro Bartolomé Benoit,Fecha de defunción,2012-04-05,republica_dominicana
Carlos Santana,Lugar de nacimiento,Santo Domingo,republica_dominicana
Carlos Santana,Ocupación,beisbolista,republica_dominicana
Carlos Santana,Ciudadanía,Estados Unidos,republica_dominicana
Carlos Santana,Fecha de nacimiento,1986-04-08,republica_dominicana
Carlos Santana,Ciudadanía,República Dominicana,republica_dominicana
Arismendy Peguero,Lugar de nacimiento,La Romana,republica_dominicana
Arismendy Peguero,Ocupación,atleta,republica_dominicana
Arismendy Peguero,Ciudadanía,República Dominicana,republica_dominicana
Arismendy Peguero,Fecha de nacimiento,1980-08-07,republica_dominicana
Susano Polanco,Lugar de nacimiento,Santiago de los Caballeros,republica_dominicana
Susano Polanco,Ocupación,cantante,republica_dominicana
Susano Polanco,Ciudadanía,República Dominicana,republica_dominicana
Susano Polanco,Fecha de nacimiento,1902-05-24,republica_dominicana
Susano Polanco,Fecha de defunción,1991-05-15,republica_dominicana
María García,Lugar de nacimiento,La Vega,republica_dominicana
María García,Ocupación,yudoca,republica_dominicana
María García,Ciudadanía,República Dominicana,republica_dominicana
María García,Fecha de nacimiento,1987-08-10,republica_dominicana
Francisco del Rosario Sánchez,Lugar de nacimiento,Santo Domingo,republica_dominicana
Francisco del Rosario Sánchez,Ocupación,político,republica_dominicana
Francisco del Rosario Sánchez,Ciudadanía,República Dominicana,republica_dominicana
Francisco del Rosario Sánchez,Cargo,presidente de la República Dominicana,republica_dominicana
Francisco del Rosario Sánchez,Fecha de nacimiento,1817-03-09,republica_dominicana
Francisco del Rosario Sánchez,Fecha de defunción,1861-07-04,republica_dominicana
Arlenis Sosa,Lugar de nacimiento,Provincia de Monte Cristi,republica_dominicana
Arlenis Sosa,Ocupación,modelo,republica_dominicana
Arlenis Sosa,Ciudadanía,República Dominicana,republica_dominicana
Arlenis Sosa,Fecha de nacimiento,1989-05-07,republica_dominicana
José Espinal,Lugar de nacimiento,Santo Domingo,republica_dominicana
José Espinal,Ocupación,futbolista,republica_dominicana
José Espinal,Ciudadanía,República Dominicana,republica_dominicana
José Espinal,Fecha de nacimiento,1982-11-14,republica_dominicana
Prisilla Rivera,Lugar de nacimiento,Santo Domingo,republica_dominicana
Prisilla Rivera,Ocupación,voleibolista,republica_dominicana
Prisilla Rivera,Ciudadanía,República Dominicana,republica_dominicana
Prisilla Rivera,Fecha de nacimiento,1984-12-29,republica_dominicana
guionista,instancia de,profesión del cine,republica_dominicana
guionista,género,guion,republica_dominicana
guionista,subclase de,escritor,republica_dominicana
guionista,ámbito de la ocupación,escritura de guiones,republica_dominicana
guionista,categoría principal del tema,Categoría:Guionistas,republica_dominicana
Universidad Marymount Manhattan,país,Estados Unidos,republica_dominicana
Universidad Marymount Manhattan,instancia de,universidad de artes liberales,republica_dominicana
Universidad Marymount Manhattan,instancia de,institución educativa privada sin fines de lucro,republica_dominicana
Universidad Marymount Manhattan,situado en la entidad territorial administrativa,Manhattan,republica_dominicana
Universidad Marymount Manhattan,industria,educación superior,republica_dominicana
Miembro De La Cámara De Diputados De La República Dominicana,país,República Dominicana,republica_dominicana
Miembro De La Cámara De Diputados De La República Dominicana,instancia de,cargo,republica_dominicana
Miembro De La Cámara De Diputados De La República Dominicana,subclase de,parlamentario,republica_dominicana
Miembro De La Cámara De Diputados De La República Dominicana,forma parte de,Cámara de Diputados de la República Dominicana,republica_dominicana
Miembro De La Cámara De Diputados De La República Dominicana,aplica a la jurisdicción,República Dominicana,republica_dominicana
Loma de Cabrera,país,República Dominicana,republica_dominicana
Loma de Cabrera,instancia de,municipio de la República Dominicana,republica_dominicana
Loma de Cabrera,situado en la entidad territorial administrativa,Dajabón,republica_dominicana
yudoca,instancia de,profesión,republica_dominicana
yudoca,instancia de,ocupación,republica_dominicana
yudoca,subclase de,deportista,republica_dominicana
yudoca,subclase de,artista marcial,republica_dominicana
Rafael Bonnelly,Lugar de nacimiento,Santiago de los Caballeros,republica_dominicana
Rafael Bonnelly,Ocupación,abogado,republica_dominicana
Rafael Bonnelly,Ciudadanía,República Dominicana,republica_dominicana
Rafael Bonnelly,Cargo,embajador,republica_dominicana
Rafael Bonnelly,Fecha de nacimiento,1904-08-22,republica_dominicana
Rafael Bonnelly,Fecha de defunción,1979-12-28,republica_dominicana
Rafael Bonnelly,Ocupación,político,republica_dominicana
Rafael Bonnelly,Ocupación,diplomático,republica_dominicana
Rafael Bonnelly,Cargo,presidente de la República Dominicana,republica_dominicana
Ramón Cáceres,Lugar de nacimiento,Moca,republica_dominicana
Ramón Cáceres,Ocupación,político,republica_dominicana
Ramón Cáceres,Ciudadanía,República Dominicana,republica_dominicana
Ramón Cáceres,Cargo,presidente de la República Dominicana,republica_dominicana
Ramón Cáceres,Fecha de nacimiento,1866-12-15,republica_dominicana
Ramón Cáceres,Fecha de defunción,1911-11-19,republica_dominicana
Wenceslao Figuereo,Lugar de nacimiento,San Juan,republica_dominicana
Wenceslao Figuereo,Ocupación,político,republica_dominicana
Wenceslao Figuereo,Ciudadanía,República Dominicana,republica_dominicana
Wenceslao Figuereo,Cargo,presidente de la República Dominicana,republica_dominicana
Wenceslao Figuereo,Fecha de nacimiento,1834-01-01,republica_dominicana
Wenceslao Figuereo,Fecha de defunción,1910-01-01,republica_dominicana
José Desiderio Valverde,Lugar de nacimiento,Santiago de los Caballeros,republica_dominicana
José Desiderio Valverde,Ocupación,político,republica_dominicana
José Desiderio Valverde,Ciudadanía,República Dominicana,republica_dominicana
José Desiderio Valverde,Cargo,presidente de la República Dominicana,republica_dominicana
José Desiderio Valverde,Fecha de nacimiento,1822-01-01,republica_dominicana
José Desiderio Valverde,Fecha de defunción,1903-12-22,republica_dominicana
Carlos Morales Languasco,Lugar de nacimiento,Puerto Plata,republica_dominicana
Carlos Morales Languasco,Ocupación,político,republica_dominicana
Carlos Morales Languasco,Ciudadanía,República Dominicana,republica_dominicana
Carlos Morales Languasco,Cargo,presidente de la República Dominicana,republica_dominicana
Carlos Morales Languasco,Fecha de nacimiento,1867-08-23,republica_dominicana
Carlos Morales Languasco,Fecha de defunción,1914-03-01,republica_dominicana
Carlos Morales Languasco,Ocupación,sacerdote católico,republica_dominicana
Manuel de Regla Mota,Lugar de nacimiento,Baní,republica_dominicana
Manuel de Regla Mota,Ocupación,político,republica_dominicana
Manuel de Regla Mota,Ciudadanía,República Dominicana,republica_dominicana
Manuel de Regla Mota,Cargo,presidente de la República Dominicana,republica_dominicana
Manuel de Regla Mota,Fecha de nacimiento,1795-11-21,republica_dominicana
Manuel de Regla Mota,Fecha de defunción,1864-05-01,republica_dominicana
Alejandro Woss y Gil,Lugar de nacimiento,El Seibo,republica_dominicana
Alejandro Woss y Gil,Ocupación,político,republica_dominicana
Alejandro Woss y Gil,Ciudadanía,República Dominicana,republica_dominicana
Alejandro Woss y Gil,Cargo,embajador,republica_dominicana
Alejandro Woss y Gil,Fecha de nacimiento,1856-05-05,republica_dominicana
Alejandro Woss y Gil,Fecha de defunción,1932-01-01,republica_dominicana
Alejandro Woss y Gil,Ocupación,diplomático,republica_dominicana
Alejandro Woss y Gil,Cargo,presidente de la República Dominicana,republica_dominicana
Juan Isidro Jimenes,Lugar de nacimiento,Santo Domingo,republica_dominicana
Juan Isidro Jimenes,Ocupación,político,republica_dominicana
Juan Isidro Jimenes,Ciudadanía,República Dominicana,republica_dominicana
Juan Isidro Jimenes,Cargo,presidente de la República Dominicana,republica_dominicana
Juan Isidro Jimenes,Fecha de nacimiento,1846-11-15,republica_dominicana
Juan Isidro Jimenes,Fecha de defunción,1919-05-09,republica_dominicana
Cesáreo Guillermo,Lugar de nacimiento,Hato Mayor,republica_dominicana
Cesáreo Guillermo,Ocupación,abogado,republica_dominicana
Cesáreo Guillermo,Ciudadanía,República Dominicana,republica_dominicana
Cesáreo Guillermo,Cargo,presidente de la República Dominicana,republica_dominicana
Cesáreo Guillermo,Fecha de nacimiento,1847-03-08,republica_dominicana
Cesáreo Guillermo,Fecha de defunción,1885-11-08,republica_dominicana
Cesáreo Guillermo,Ocupación,político,republica_dominicana
Eladio Victoria,Lugar de nacimiento,Baní,republica_dominicana
Eladio Victoria,Ocupación,político,republica_dominicana
Eladio Victoria,Ciudadanía,República Dominicana,republica_dominicana
Eladio Victoria,Cargo,presidente de la República Dominicana,republica_dominicana
Eladio Victoria,Fecha de nacimiento,1864-07-30,republica_dominicana
Eladio Victoria,Fecha de defunción,1939-07-27,republica_dominicana
Rafael Estrella Ureña,Lugar de nacimiento,Santiago de los Caballeros,republica_dominicana
Rafael Estrella Ureña,Ocupación,abogado,republica_dominicana
Rafael Estrella Ureña,Ciudadanía,República Dominicana,republica_dominicana
Rafael Estrella Ureña,Cargo,presidente de la República Dominicana,republica_dominicana
Rafael Estrella Ureña,Fecha de nacimiento,1889-11-10,republica_dominicana
Rafael Estrella Ureña,Fecha de defunción,1945-05-25,republica_dominicana
Rafael Estrella Ureña,Ocupación,político,republica_dominicana
Ignacio María González,Lugar de nacimiento,Santo Domingo,republica_dominicana
Ignacio María González,Ocupación,político,republica_dominicana
Ignacio María González,Ciudadanía,República Dominicana,republica_dominicana
Ignacio María González,Cargo,presidente de la República Dominicana,republica_dominicana
Ignacio María González,Fecha de nacimiento,1838-01-26,republica_dominicana
Ignacio María González,Fecha de defunción,1915-02-08,republica_dominicana
Gregorio Luperón,Lugar de nacimiento,Puerto Plata,republica_dominicana
Gregorio Luperón,Ocupación,militar,republica_dominicana
Gregorio Luperón,Ciudadanía,República Dominicana,republica_dominicana
Gregorio Luperón,Cargo,presidente de la República Dominicana,republica_dominicana
Gregorio Luperón,Fecha de nacimiento,1839-09-08,republica_dominicana
Gregorio Luperón,Fecha de defunción,1897-05-21,republica_dominicana
Gregorio Luperón,Ocupación,político,republica_dominicana
Wilson Delgado,Lugar de nacimiento,San Cristóbal,republica_dominicana
Wilson Delgado,Ocupación,beisbolista,republica_dominicana
Wilson Delgado,Ciudadanía,República Dominicana,republica_dominicana
Wilson Delgado,Fecha de nacimiento,1972-07-15,republica_dominicana
Jesús Sánchez,Lugar de nacimiento,Nizao,republica_dominicana
Jesús Sánchez,Ocupación,beisbolista,republica_dominicana
Jesús Sánchez,Ciudadanía,República Dominicana,republica_dominicana
Jesús Sánchez,Fecha de nacimiento,1974-10-11,republica_dominicana
Jonathan Faña,Lugar de nacimiento,Moca,republica_dominicana
Jonathan Faña,Ocupación,futbolista,republica_dominicana
Jonathan Faña,Ciudadanía,República Dominicana,republica_dominicana
Jonathan Faña,Fecha de nacimiento,1987-04-11,republica_dominicana
Angelo Encarnación,Lugar de nacimiento,Villa Duarte,republica_dominicana
Angelo Encarnación,Ocupación,beisbolista,republica_dominicana
Angelo Encarnación,Ciudadanía,República Dominicana,republica_dominicana
Angelo Encarnación,Fecha de nacimiento,1969-04-18,republica_dominicana
Ivan Almonte,Lugar de nacimiento,Santo Domingo,republica_dominicana
Ivan Almonte,Ocupación,baloncestista,republica_dominicana
Ivan Almonte,Ciudadanía,República Dominicana,republica_dominicana
Ivan Almonte,Educado en,Universidad Internacional de Florida,republica_dominicana
Ivan Almonte,Fecha de nacimiento,1981-01-20,republica_dominicana
Carlos Álvarez,Lugar de nacimiento,San Cristóbal,republica_dominicana
Carlos Álvarez,Ocupación,beisbolista,republica_dominicana
Carlos Álvarez,Ciudadanía,República Dominicana,republica_dominicana
Carlos Álvarez,Fecha de nacimiento,1985-11-25,republica_dominicana
Alberto Lois,Lugar de nacimiento,Hato Mayor,republica_dominicana
Alberto Lois,Ocupación,beisbolista,republica_dominicana
Alberto Lois,Ciudadanía,República Dominicana,republica_dominicana
Alberto Lois,Fecha de nacimiento,1956-05-06,republica_dominicana
Alberto Lois,Fecha de defunción,2019-03-12,republica_dominicana
embajador,instancia de,rango diplomático,republica_dominicana
embajador,instancia de,título de autoridad,republica_dominicana
embajador,instancia de,cargo,republica_dominicana
embajador,texto regulador principal,Convención de Viena sobre Relaciones Diplomáticas,republica_dominicana
embajador,subclase de,jefe de misión,republica_dominicana
El Seibo,instancia de,provincia de la República Dominicana,republica_dominicana
El Seibo,capital,El Seibo,republica_dominicana
El Seibo,comparte fronteras con,Hato Mayor,republica_dominicana
El Seibo,comparte fronteras con,La Romana,republica_dominicana
Villa Duarte,país,República Dominicana,republica_dominicana
Villa Duarte,instancia de,asentamiento,republica_dominicana
Villa Duarte,situado en la entidad territorial administrativa,Santo Domingo Este,republica_dominicana
Universidad Internacional de Florida,país,Estados Unidos,republica_dominicana
Universidad Internacional de Florida,instancia de,universidad pública,republica_dominicana
Universidad Internacional de Florida,instancia de,institución educativa pública de los Estados Unidos,republica_dominicana
Universidad Internacional de Florida,situado en la entidad territorial administrativa,Florida,republica_dominicana
Universidad Internacional de Florida,situado en la entidad territorial administrativa,Condado de Miami-Dade,republica_dominicana
Anthony Rios,Lugar de nacimiento,Hato Mayor,republica_dominicana
Anthony Rios,Ocupación,actor,republica_dominicana
Anthony Rios,Ciudadanía,República Dominicana,republica_dominicana
Anthony Rios,Fecha de nacimiento,1950-07-17,republica_dominicana
Anthony Rios,Fecha de defunción,2019-03-04,republica_dominicana
Anthony Rios,Ocupación,compositor,republica_dominicana
Anthony Rios,Ocupación,cantante,republica_dominicana
Anthony Rios,Ocupación,locutor,republica_dominicana
Héctor Trujillo,Lugar de nacimiento,San Cristóbal,republica_dominicana
Héctor Trujillo,Ocupación,político,republica_dominicana
Héctor Trujillo,Ciudadanía,República Dominicana,republica_dominicana
Héctor Trujillo,Cargo,presidente de la República Dominicana,republica_dominicana
Héctor Trujillo,Premio recibido,"Gran Cruz, clase especial, del Mérito de La República Federal de Alemania",republica_dominicana
Héctor Trujillo,Fecha de nacimiento,1908-04-06,republica_dominicana
Héctor Trujillo,Fecha de defunción,2002-10-19,republica_dominicana
Héctor Trujillo,Premio recibido,Gran Cruz de la Orden de Carlos III,republica_dominicana
Jimmy Paredes,Lugar de nacimiento,Bajos de Haina,republica_dominicana
Jimmy Paredes,Ocupación,beisbolista,republica_dominicana
Jimmy Paredes,Ciudadanía,República Dominicana,republica_dominicana
Jimmy Paredes,Fecha de nacimiento,1988-11-25,republica_dominicana
Quilvio Veras,Lugar de nacimiento,Santo Domingo,republica_dominicana
Quilvio Veras,Ocupación,beisbolista,republica_dominicana
Quilvio Veras,Ciudadanía,República Dominicana,republica_dominicana
Quilvio Veras,Fecha de nacimiento,1971-04-03,republica_dominicana
Lucía Ramírez,Lugar de nacimiento,Santo Domingo,republica_dominicana
Lucía Ramírez,Ocupación,actor pornográfico,republica_dominicana
Lucía Ramírez,Ciudadanía,República Dominicana,republica_dominicana
Lucía Ramírez,Fecha de nacimiento,1959-03-11,republica_dominicana
Pedro Julio Nolasco,Lugar de nacimiento,La Romana,republica_dominicana
Pedro Julio Nolasco,Ocupación,boxeador,republica_dominicana
Pedro Julio Nolasco,Ciudadanía,República Dominicana,republica_dominicana
Pedro Julio Nolasco,Fecha de nacimiento,1962-02-02,republica_dominicana
Pedro Julio Nolasco,Fecha de defunción,1995-09-15,republica_dominicana
Robinson Canó,Lugar de nacimiento,San Pedro de Macorís,republica_dominicana
Robinson Canó,Ocupación,beisbolista,republica_dominicana
Robinson Canó,Ciudadanía,Estados Unidos,republica_dominicana
Robinson Canó,Educado en,Barringer Academy of the Arts & Humanities,republica_dominicana
Robinson Canó,Fecha de nacimiento,1982-10-22,republica_dominicana
Robinson Canó,Ciudadanía,República Dominicana,republica_dominicana
José Morbán,Lugar de nacimiento,Santiago de los Caballeros,republica_dominicana
José Morbán,Ocupación,beisbolista,republica_dominicana
José Morbán,Ciudadanía,República Dominicana,republica_dominicana
José Morbán,Fecha de nacimiento,1979-10-02,republica_dominicana
Julián Javier,Lugar de nacimiento,San Francisco de Macorís,republica_dominicana
Julián Javier,Ocupación,beisbolista,republica_dominicana
Julián Javier,Ciudadanía,República Dominicana,republica_dominicana
Julián Javier,Fecha de nacimiento,1936-08-09,republica_dominicana
Norberto Martín,Lugar de nacimiento,San Pedro de Macorís,republica_dominicana
Norberto Martín,Ocupación,beisbolista,republica_dominicana
Norberto Martín,Ciudadanía,República Dominicana,republica_dominicana
Norberto Martín,Fecha de nacimiento,1966-12-10,republica_dominicana
Luis Alberti,Lugar de nacimiento,La Vega,republica_dominicana
Luis Alberti,Ocupación,compositor,republica_dominicana
Luis Alberti,Ciudadanía,República Dominicana,republica_dominicana
Luis Alberti,Fecha de nacimiento,1906-04-19,republica_dominicana
Luis Alberti,Fecha de defunción,1976-01-26,republica_dominicana
Antonio Alfonseca,Lugar de nacimiento,La Romana,republica_dominicana
Antonio Alfonseca,Ocupación,beisbolista,republica_dominicana
Antonio Alfonseca,Ciudadanía,República Dominicana,republica_dominicana
Antonio Alfonseca,Fecha de nacimiento,1972-04-16,republica_dominicana
Antonio Guzmán,Lugar de nacimiento,La Vega,republica_dominicana
Antonio Guzmán,Ocupación,empresario,republica_dominicana
Antonio Guzmán,Ciudadanía,República Dominicana,republica_dominicana
Antonio Guzmán,Cargo,presidente de la República Dominicana,republica_dominicana
Antonio Guzmán,Fecha de nacimiento,1911-02-12,republica_dominicana
Antonio Guzmán,Fecha de defunción,1982-07-04,republica_dominicana
Antonio Guzmán,Ocupación,político,republica_dominicana
Antonio Imbert Barrera,Lugar de nacimiento,Puerto Plata,republica_dominicana
Antonio Imbert Barrera,Ocupación,militar,republica_dominicana
Antonio Imbert Barrera,Ciudadanía,República Dominicana,republica_dominicana
Antonio Imbert Barrera,Cargo,presidente de la República Dominicana,republica_dominicana
Antonio Imbert Barrera,Premio recibido,"Orden al Mérito de Duarte, Sánchez y Mella",republica_dominicana
Antonio Imbert Barrera,Fecha de nacimiento,1920-12-03,republica_dominicana
Antonio Imbert Barrera,Fecha de defunción,2016-05-31,republica_dominicana
Antonio Imbert Barrera,Ocupación,político,republica_dominicana
Antonio Mesa,Lugar de nacimiento,Santo Domingo,republica_dominicana
Antonio Mesa,Ocupación,cantante,republica_dominicana
Antonio Mesa,Ciudadanía,República Dominicana,republica_dominicana
Antonio Mesa,Fecha de nacimiento,1895-06-13,republica_dominicana
Antonio Mesa,Fecha de defunción,1949-05-21,republica_dominicana
Antonio Morel,Lugar de nacimiento,Moca,republica_dominicana
Antonio Morel,Ocupación,compositor,republica_dominicana
Antonio Morel,Ciudadanía,República Dominicana,republica_dominicana
Antonio Morel,Fecha de nacimiento,1920-12-20,republica_dominicana
Antonio Morel,Fecha de defunción,2006-05-01,republica_dominicana
Antonio Morel,Ocupación,director de orquesta,republica_dominicana
Antonio Morel,Ocupación,cantante,republica_dominicana
Luis Polonia,Lugar de nacimiento,Santiago de los Caballeros,republica_dominicana
Luis Polonia,Ocupación,beisbolista,republica_dominicana
Luis Polonia,Ciudadanía,República Dominicana,republica_dominicana
Luis Polonia,Fecha de nacimiento,1963-10-12,republica_dominicana
Juan Pérez,Lugar de nacimiento,Villa Riva,republica_dominicana
Juan Pérez,Ocupación,beisbolista,republica_dominicana
Juan Pérez,Ciudadanía,República Dominicana,republica_dominicana
Juan Pérez,Fecha de nacimiento,1978-09-03,republica_dominicana
José Manuel Calderón,Lugar de nacimiento,San Pedro de Macorís,republica_dominicana
José Manuel Calderón,Ocupación,compositor,republica_dominicana
José Manuel Calderón,Ciudadanía,República Dominicana,republica_dominicana
José Manuel Calderón,Fecha de nacimiento,1941-08-09,republica_dominicana
José Manuel Calderón,Ocupación,cantante,republica_dominicana
José Manuel Calderón,Ocupación,guitarrista,republica_dominicana
Félix Díaz,Lugar de nacimiento,Santo Domingo,republica_dominicana
Félix Díaz,Ocupación,boxeador,republica_dominicana
Félix Díaz,Ciudadanía,República Dominicana,republica_dominicana
Félix Díaz,Fecha de nacimiento,1983-12-10,republica_dominicana
"Gran Cruz, clase especial, del Mérito de La República Federal de Alemania",país,Alemania,republica_dominicana
"Gran Cruz, clase especial, del Mérito de La República Federal de Alemania",instancia de,grado de una orden,republica_dominicana
"Gran Cruz, clase especial, del Mérito de La República Federal de Alemania",subclase de,collar,republica_dominicana
"Gran Cruz, clase especial, del Mérito de La República Federal de Alemania",forma parte de,Orden del Mérito de la República Federal de Alemania,republica_dominicana
actor pornográfico,instancia de,ocupación,republica_dominicana
actor pornográfico,subclase de,trabajador sexual,republica_dominicana
actor pornográfico,subclase de,actor de cine,republica_dominicana
actor pornográfico,forma parte de,pornografía,republica_dominicana
actor pornográfico,ámbito de la ocupación,industria pornográfica,republica_dominicana
empresario,instancia de,profesión,republica_dominicana
empresario,instancia de,persona jurídica,republica_dominicana
empresario,instancia de,ocupación,republica_dominicana
empresario,instancia de,concepto económico,republica_dominicana
Villa Riva,país,República Dominicana,republica_dominicana
Villa Riva,instancia de,municipio de la República Dominicana,republica_dominicana
Villa Riva,situado en la entidad territorial administrativa,Duarte,republica_dominicana
Esteban Peña Morell,Lugar de nacimiento,Santo Domingo,republica_dominicana
Esteban Peña Morell,Ocupación,compositor,republica_dominicana
Esteban Peña Morell,Ciudadanía,República Dominicana,republica_dominicana
Esteban Peña Morell,Fecha de nacimiento,1894-01-01,republica_dominicana
Esteban Peña Morell,Fecha de defunción,1938-01-01,republica_dominicana
Esteban Peña Morell,Ocupación,director de orquesta,republica_dominicana
Esteban Peña Morell,Ocupación,musicólogo,republica_dominicana
Gran Cruz de la Orden de Isabel la Católica,país,España,republica_dominicana
Gran Cruz de la Orden de Isabel la Católica,instancia de,grado de una orden,republica_dominicana
Gran Cruz de la Orden de Isabel la Católica,subclase de,Gran Cruz,republica_dominicana
Gran Cruz de la Orden de Isabel la Católica,forma parte de,Orden de Isabel la Católica,republica_dominicana
Gran Cruz de la Orden de Isabel la Católica,categoría para los galardonados con este premio,Categoría:Caballeros grandes cruces de la Orden de Isabel la Católica,republica_dominicana
Josefina Baez,Lugar de nacimiento,La Romana,republica_dominicana
Josefina Baez,Ocupación,actor,republica_dominicana
Josefina Baez,Ciudadanía,República Dominicana,republica_dominicana
Josefina Baez,Fecha de nacimiento,1960-01-01,republica_dominicana
Josefina Baez,Ocupación,actor de teatro,republica_dominicana
Andrés Santana,Lugar de nacimiento,San Pedro de Macorís,republica_dominicana
Andrés Santana,Ocupación,beisbolista,republica_dominicana
Andrés Santana,Ciudadanía,República Dominicana,republica_dominicana
Andrés Santana,Fecha de nacimiento,1968-02-05,republica_dominicana
Andrés Santana,Fecha de nacimiento,1968-05-02,republica_dominicana
Gilda Jovine,Lugar de nacimiento,Santo Domingo,republica_dominicana
Gilda Jovine,Ocupación,modelo,republica_dominicana
Gilda Jovine,Ciudadanía,República Dominicana,republica_dominicana
Gilda Jovine,Fecha de nacimiento,1980-02-10,republica_dominicana
Gilda Jovine,Ocupación,participante en concursos de belleza,republica_dominicana
Jorge Vásquez,Lugar de nacimiento,Nagua,republica_dominicana
Jorge Vásquez,Ocupación,beisbolista,republica_dominicana
Jorge Vásquez,Ciudadanía,República Dominicana,republica_dominicana
Jorge Vásquez,Fecha de nacimiento,1978-07-16,republica_dominicana
Joaquín Benoit,Lugar de nacimiento,Santiago de los Caballeros,republica_dominicana
Joaquín Benoit,Ocupación,beisbolista,republica_dominicana
Joaquín Benoit,Ciudadanía,República Dominicana,republica_dominicana
Joaquín Benoit,Fecha de nacimiento,1977-07-26,republica_dominicana
Víctor Víctor,Lugar de nacimiento,Santiago de los Caballeros,republica_dominicana
Víctor Víctor,Ocupación,compositor,republica_dominicana
Víctor Víctor,Ciudadanía,República Dominicana,republica_dominicana
Víctor Víctor,Premio recibido,Anexo:Premios Ondas 1993,republica_dominicana
Víctor Víctor,Fecha de nacimiento,1948-12-11,republica_dominicana
Víctor Víctor,Fecha de defunción,2020-07-16,republica_dominicana
Víctor Víctor,Ocupación,cantante,republica_dominicana
Víctor Víctor,Ocupación,músico,republica_dominicana
Víctor Víctor,Ocupación,guitarrista,republica_dominicana
Víctor Víctor,Ocupación,percusionista,republica_dominicana
Víctor Víctor,Ocupación,artista discográfico,republica_dominicana
Wilfrido Vargas,Lugar de nacimiento,Altamira,republica_dominicana
Wilfrido Vargas,Ocupación,cantautor,republica_dominicana
Wilfrido Vargas,Ciudadanía,República Dominicana,republica_dominicana
Wilfrido Vargas,Premio recibido,Premio Grammy Latino a la Excelencia Musical,republica_dominicana
Wilfrido Vargas,Fecha de nacimiento,1949-04-24,republica_dominicana
Wilfrido Vargas,Ocupación,líder de banda,republica_dominicana
Andújar Cedeño,Lugar de nacimiento,La Romana,republica_dominicana
Andújar Cedeño,Ocupación,beisbolista,republica_dominicana
Andújar Cedeño,Ciudadanía,República Dominicana,republica_dominicana
Andújar Cedeño,Fecha de nacimiento,1969-03-12,republica_dominicana
Andújar Cedeño,Fecha de defunción,2000-10-28,republica_dominicana
Andújar Cedeño,Fecha de nacimiento,1969-08-21,republica_dominicana
Elvio Jiménez,Lugar de nacimiento,San Pedro de Macorís,republica_dominicana
Elvio Jiménez,Ocupación,beisbolista,republica_dominicana
Elvio Jiménez,Ciudadanía,República Dominicana,republica_dominicana
Elvio Jiménez,Fecha de nacimiento,1940-01-06,republica_dominicana
Luis Flores,Lugar de nacimiento,Santo Domingo,republica_dominicana
Luis Flores,Ocupación,baloncestista,republica_dominicana
Luis Flores,Ciudadanía,Estados Unidos,republica_dominicana
Luis Flores,Educado en,Escuela Secundaria Norman Thomas,republica_dominicana
Luis Flores,Fecha de nacimiento,1981-04-11,republica_dominicana
Luis Flores,Ciudadanía,República Dominicana,republica_dominicana
Luis Flores,Educado en,Universidad Rutgers en New Brunswick,republica_dominicana
Juan Francisco Ordóñez,Lugar de nacimiento,Santo Domingo,republica_dominicana
Juan Francisco Ordóñez,Ocupación,compositor,republica_dominicana
Juan Francisco Ordóñez,Ciudadanía,República Dominicana,republica_dominicana
Juan Francisco Ordóñez,Fecha de nacimiento,1961-10-04,republica_dominicana
Juan Francisco Ordóñez,Ocupación,guitarrista,republica_dominicana
Juan Francisco Ordóñez,Ocupación,guitarrista de jazz,republica_dominicana
Juan Francisco Ordóñez,Ocupación,músico de jazz,republica_dominicana
Garth Joseph,Lugar de nacimiento,Roseau,republica_dominicana
Garth Joseph,Ocupación,baloncestista,republica_dominicana
Garth Joseph,Ciudadanía,Dominica,republica_dominicana
Garth Joseph,Educado en,The College of Saint Rose,republica_dominicana
Garth Joseph,Fecha de nacimiento,1973-08-08,republica_dominicana
Garth Joseph,Ciudadanía,República Dominicana,republica_dominicana
Bullumba Landestoy,Lugar de nacimiento,La Romana,republica_dominicana
Bullumba Landestoy,Ocupación,compositor,republica_dominicana
Bullumba Landestoy,Ciudadanía,República Dominicana,republica_dominicana
Bullumba Landestoy,Fecha de nacimiento,1925-08-16,republica_dominicana
Bullumba Landestoy,Fecha de defunción,2018-07-17,republica_dominicana
Bullumba Landestoy,Ocupación,pianista,republica_dominicana
Carlos Piantini,Lugar de nacimiento,Santo Domingo,republica_dominicana
Carlos Piantini,Ocupación,director de orquesta,republica_dominicana
Carlos Piantini,Ciudadanía,República Dominicana,republica_dominicana
Carlos Piantini,Fecha de nacimiento,1927-05-09,republica_dominicana
Carlos Piantini,Fecha de defunción,2010-03-26,republica_dominicana
Carlos Piantini,Ocupación,músico,republica_dominicana
Esteban Germán,Lugar de nacimiento,Santo Domingo,republica_dominicana
Esteban Germán,Ocupación,beisbolista,republica_dominicana
Esteban Germán,Ciudadanía,República Dominicana,republica_dominicana
Esteban Germán,Fecha de nacimiento,1978-01-26,republica_dominicana
Alexi Ogando,Lugar de nacimiento,San Pedro de Macorís,republica_dominicana
Alexi Ogando,Ocupación,beisbolista,republica_dominicana
Alexi Ogando,Ciudadanía,República Dominicana,republica_dominicana
Alexi Ogando,Fecha de nacimiento,1983-10-05,republica_dominicana
Cristian Guzmán,Lugar de nacimiento,Santo Domingo,republica_dominicana
Cristian Guzmán,Ocupación,beisbolista,republica_dominicana
Cristian Guzmán,Ciudadanía,República Dominicana,republica_dominicana
Cristian Guzmán,Fecha de nacimiento,1978-03-21,republica_dominicana
Pedro Strop,Lugar de nacimiento,San Cristóbal,republica_dominicana
Pedro Strop,Ocupación,beisbolista,republica_dominicana
Pedro Strop,Ciudadanía,República Dominicana,republica_dominicana
Pedro Strop,Fecha de nacimiento,1985-06-13,republica_dominicana
Edwar Ramírez,Lugar de nacimiento,El Cercado,republica_dominicana
Edwar Ramírez,Ocupación,beisbolista,republica_dominicana
Edwar Ramírez,Ciudadanía,República Dominicana,republica_dominicana
Edwar Ramírez,Fecha de nacimiento,1981-03-28,republica_dominicana
Wily Mo Peña,Lugar de nacimiento,Laguna Salada,republica_dominicana
Wily Mo Peña,Ocupación,beisbolista,republica_dominicana
Wily Mo Peña,Ciudadanía,República Dominicana,republica_dominicana
Wily Mo Peña,Fecha de nacimiento,1982-01-23,republica_dominicana
actor de teatro,instancia de,oficio del teatro,republica_dominicana
actor de teatro,subclase de,actor,republica_dominicana
actor de teatro,ámbito de la ocupación,teatro,republica_dominicana
actor de teatro,categoría principal del tema,Categoría:Actores de teatro,republica_dominicana
participante en concursos de belleza,instancia de,ocupación,republica_dominicana
participante en concursos de belleza,subclase de,animador,republica_dominicana
participante en concursos de belleza,subclase de,modelo,republica_dominicana
participante en concursos de belleza,subclase de,concursante,republica_dominicana
participante en concursos de belleza,ámbito de la ocupación,concurso de belleza,republica_dominicana
Anexo:Premios Ondas 1993,país,España,republica_dominicana
Anexo:Premios Ondas 1993,instancia de,ceremonia de premiación,republica_dominicana
Anexo:Premios Ondas 1993,precedido por,Anexo:Premios Ondas 1992,republica_dominicana
Anexo:Premios Ondas 1993,sucedido por,Anexo:Premios Ondas 1994,republica_dominicana
Anexo:Premios Ondas 1993,serie,Premios Ondas,republica_dominicana
Escuela Secundaria Norman Thomas,país,Estados Unidos,republica_dominicana
Escuela Secundaria Norman Thomas,instancia de,escuela secundaria superior,republica_dominicana
Escuela Secundaria Norman Thomas,situado en la entidad territorial administrativa,Manhattan,republica_dominicana
Escuela Secundaria Norman Thomas,nombrado en referencia a,Norman Thomas,republica_dominicana
Roseau,país,Dominica,republica_dominicana
Roseau,instancia de,ciudad,republica_dominicana
Roseau,idioma oficial,inglés,republica_dominicana
Roseau,situado en la entidad territorial administrativa,Parroquia de Saint George,republica_dominicana
Dominica,país,Dominica,republica_dominicana
Dominica,jefe de gobierno,Roosevelt Skerrit,republica_dominicana
Dominica,continente,América del Norte,republica_dominicana
Dominica,instancia de,país,republica_dominicana
Dominica,instancia de,país insular,republica_dominicana
El Cercado,país,República Dominicana,republica_dominicana
El Cercado,instancia de,municipio de la República Dominicana,republica_dominicana
El Cercado,situado en la entidad territorial administrativa,Provincia de San Juan,republica_dominicana
Laguna Salada,país,República Dominicana,republica_dominicana
Laguna Salada,instancia de,municipio de la República Dominicana,republica_dominicana
Laguna Salada,situado en la entidad territorial administrativa,Valverde,republica_dominicana
Melky Mesa,Lugar de nacimiento,Bajos de Haina,republica_dominicana
Melky Mesa,Ocupación,beisbolista,republica_dominicana
Melky Mesa,Ciudadanía,República Dominicana,republica_dominicana
Melky Mesa,Fecha de nacimiento,1987-01-31,republica_dominicana
Adrián Beltré,Lugar de nacimiento,Santo Domingo,republica_dominicana
Adrián Beltré,Ocupación,beisbolista profesional,republica_dominicana
Adrián Beltré,Ciudadanía,República Dominicana,republica_dominicana
Adrián Beltré,Premio recibido,Guante de Oro,republica_dominicana
Adrián Beltré,Fecha de nacimiento,1979-04-07,republica_dominicana
Adrián Beltré,Premio recibido,Salón de la Fama del Béisbol,republica_dominicana
Adrián Beltré,Premio recibido,Silver Slugger Award,republica_dominicana
Adrián Beltré,Premio recibido,Lou Gehrig Memorial Award,republica_dominicana
Adrián Beltré,Premio recibido,Major League Baseball All-Star,republica_dominicana
Adrián Beltré,Premio recibido,Texas Rangers Hall of Fame,republica_dominicana
Porfirio López,Lugar de nacimiento,San José,republica_dominicana
Porfirio López,Ocupación,entrenador,republica_dominicana
Porfirio López,Ciudadanía,República Dominicana,republica_dominicana
Porfirio López,Fecha de nacimiento,1985-09-10,republica_dominicana
Porfirio López,Ocupación,futbolista,republica_dominicana
Porfirio López,Fecha de nacimiento,1986-09-21,republica_dominicana
Porfirio López,Ciudadanía,Costa Rica,republica_dominicana
Bethania de la Cruz,Lugar de nacimiento,Santo Domingo,republica_dominicana
Bethania de la Cruz,Ocupación,voleibolista,republica_dominicana
Bethania de la Cruz,Ciudadanía,República Dominicana,republica_dominicana
Bethania de la Cruz,Premio recibido,Jugador Más Valioso,republica_dominicana
Bethania de la Cruz,Fecha de nacimiento,1987-05-13,republica_dominicana
Bethania de la Cruz,Ocupación,jugador de voleibol de playa,republica_dominicana
José Ortiz,Lugar de nacimiento,Santo Domingo,republica_dominicana
José Ortiz,Ocupación,beisbolista,republica_dominicana
José Ortiz,Ciudadanía,República Dominicana,republica_dominicana
José Ortiz,Fecha de nacimiento,1977-06-13,republica_dominicana
Hanley Ramírez,Lugar de nacimiento,Santo Domingo,republica_dominicana
Hanley Ramírez,Ocupación,beisbolista,republica_dominicana
Hanley Ramírez,Ciudadanía,República Dominicana,republica_dominicana
Hanley Ramírez,Fecha de nacimiento,1983-12-23,republica_dominicana
Ninón de Brouwer Lapeiretta,Lugar de nacimiento,Santo Domingo,republica_dominicana
Ninón de Brouwer Lapeiretta,Ocupación,compositor,republica_dominicana
Ninón de Brouwer Lapeiretta,Ciudadanía,República Dominicana,republica_dominicana
Ninón de Brouwer Lapeiretta,Fecha de nacimiento,1907-01-04,republica_dominicana
Ninón de Brouwer Lapeiretta,Fecha de defunción,1989-09-29,republica_dominicana
Ninón de Brouwer Lapeiretta,Ocupación,pianista,republica_dominicana
Melita Heredia,Lugar de nacimiento,Santo Domingo,republica_dominicana
Melita Heredia,Ocupación,ciclista,republica_dominicana
Melita Heredia,Ciudadanía,República Dominicana,republica_dominicana
Melita Heredia,Fecha de nacimiento,2000-01-01,republica_dominicana
Erick Aybar,Lugar de nacimiento,Baní,republica_dominicana
Erick Aybar,Ocupación,beisbolista,republica_dominicana
Erick Aybar,Ciudadanía,República Dominicana,republica_dominicana
Erick Aybar,Premio recibido,Guante de Oro,republica_dominicana
Erick Aybar,Fecha de nacimiento,1984-01-14,republica_dominicana
Wandy Rodríguez,Lugar de nacimiento,Santiago Rodríguez,republica_dominicana
Wandy Rodríguez,Ocupación,beisbolista,republica_dominicana
Wandy Rodríguez,Ciudadanía,República Dominicana,republica_dominicana
Wandy Rodríguez,Fecha de nacimiento,1979-01-18,republica_dominicana
Eduardo Núñez,Lugar de nacimiento,Santo Domingo,republica_dominicana
Eduardo Núñez,Ocupación,beisbolista,republica_dominicana
Eduardo Núñez,Ciudadanía,República Dominicana,republica_dominicana
Eduardo Núñez,Fecha de nacimiento,1987-06-15,republica_dominicana
Michael Pineda,Lugar de nacimiento,Yaguate,republica_dominicana
Michael Pineda,Ocupación,beisbolista,republica_dominicana
Michael Pineda,Ciudadanía,República Dominicana,republica_dominicana
Michael Pineda,Fecha de nacimiento,1989-01-18,republica_dominicana
Ramón Ramírez,Lugar de nacimiento,Puerto Plata,republica_dominicana
Ramón Ramírez,Ocupación,beisbolista,republica_dominicana
Ramón Ramírez,Ciudadanía,República Dominicana,republica_dominicana
Ramón Ramírez,Fecha de nacimiento,1981-08-31,republica_dominicana
Raúl Mondesí,Lugar de nacimiento,San Cristóbal,republica_dominicana
Raúl Mondesí,Ocupación,político,republica_dominicana
Raúl Mondesí,Ciudadanía,República Dominicana,republica_dominicana
Raúl Mondesí,Cargo,Miembro De La Cámara De Diputados De La República Dominicana,republica_dominicana
Raúl Mondesí,Premio recibido,Guante de Oro,republica_dominicana
Raúl Mondesí,Fecha de nacimiento,1971-03-12,republica_dominicana
Raúl Mondesí,Ocupación,beisbolista,republica_dominicana
Pedro Henríquez Ureña,Lugar de nacimiento,Santo Domingo,republica_dominicana
Pedro Henríquez Ureña,Ocupación,escritor,republica_dominicana
Pedro Henríquez Ureña,Ciudadanía,República Dominicana,republica_dominicana
Pedro Henríquez Ureña,Fecha de nacimiento,1884-06-29,republica_dominicana
Pedro Henríquez Ureña,Fecha de defunción,1946-05-11,republica_dominicana
Pedro Henríquez Ureña,Ocupación,periodista,republica_dominicana
Pedro Henríquez Ureña,Ocupación,crítico literario,republica_dominicana
Deivy Capellan Almonte,Ocupación,ciclista,republica_dominicana
Deivy Capellan Almonte,Ciudadanía,República Dominicana,republica_dominicana
Deivy Capellan Almonte,Fecha de nacimiento,1983-03-17,republica_dominicana
Vladimir Guerrero,Lugar de nacimiento,Don Gregorio,republica_dominicana
Vladimir Guerrero,Ocupación,beisbolista,republica_dominicana
Vladimir Guerrero,Ciudadanía,República Dominicana,republica_dominicana
Vladimir Guerrero,Miembro de,Salón de la Fama del Béisbol,republica_dominicana
Vladimir Guerrero,Premio recibido,Silver Slugger Award,republica_dominicana
Vladimir Guerrero,Fecha de nacimiento,1975-02-22,republica_dominicana
Vladimir Guerrero,Premio recibido,Most Valuable Player,republica_dominicana
Vladimir Guerrero,Premio recibido,Canadian Baseball Hall of Fame,republica_dominicana
Vladimir Guerrero,Premio recibido,Major League Baseball All-Star,republica_dominicana
Vladimir Guerrero,Premio recibido,Montreal Expos Player of the Year,republica_dominicana
Neftalí Féliz,Lugar de nacimiento,Municipio de Azua,republica_dominicana
Neftalí Féliz,Ocupación,beisbolista,republica_dominicana
Neftalí Féliz,Ciudadanía,República Dominicana,republica_dominicana
Neftalí Féliz,Fecha de nacimiento,1988-05-02,republica_dominicana
Iván Nova,Lugar de nacimiento,San Cristóbal,republica_dominicana
Iván Nova,Ocupación,beisbolista,republica_dominicana
Iván Nova,Ciudadanía,República Dominicana,republica_dominicana
Iván Nova,Fecha de nacimiento,1987-01-12,republica_dominicana
beisbolista profesional,instancia de,profesión,republica_dominicana
beisbolista profesional,subclase de,beisbolista,republica_dominicana
beisbolista profesional,subclase de,atleta profesional,republica_dominicana
beisbolista profesional,ámbito de la ocupación,beisbol profesional,republica_dominicana
beisbolista profesional,diferente de,beisbolista,republica_dominicana
San José,jefe de gobierno,Diego Miranda Méndez,republica_dominicana
San José,país,Costa Rica,republica_dominicana
San José,instancia de,ciudad,republica_dominicana
San José,instancia de,entidad territorial administrativa,republica_dominicana
San José,instancia de,gran ciudad,republica_dominicana
entrenador,ámbito de la ocupación,fútbol,republica_dominicana
entrenador,deporte,fútbol,republica_dominicana
Jugador Más Valioso,subclase de,premio deportivo,republica_dominicana
Jugador Más Valioso,deporte,voleibol,republica_dominicana
Jugador Más Valioso,deporte,fútbol,republica_dominicana
Jugador Más Valioso,deporte,baloncesto,republica_dominicana
Jugador Más Valioso,deporte,rugby a 15,republica_dominicana
Santiago Rodríguez,país,República Dominicana,republica_dominicana
Santiago Rodríguez,instancia de,provincia de la República Dominicana,republica_dominicana
Santiago Rodríguez,capital,San Ignacio de Sabaneta,republica_dominicana
Santiago Rodríguez,comparte fronteras con,Provincia de Monte Cristi,republica_dominicana
Santiago Rodríguez,comparte fronteras con,Elías Piña,republica_dominicana
Yaguate,país,República Dominicana,republica_dominicana
Yaguate,instancia de,municipio de la República Dominicana,republica_dominicana
Yaguate,situado en la entidad territorial administrativa,San Cristóbal,republica_dominicana
Don Gregorio,país,República Dominicana,republica_dominicana
Don Gregorio,instancia de,asentamiento,republica_dominicana
Don Gregorio,situado en la entidad territorial administrativa,Peravia,republica_dominicana
Don Gregorio,lista de interés para el proyecto Wikimedia,Wikiproyecto:Diáspora africana,republica_dominicana
Silver Slugger Award,país,Estados Unidos,republica_dominicana
Silver Slugger Award,instancia de,distinción,republica_dominicana
Raulín Rodríguez,Lugar de nacimiento,Monte Cristi,republica_dominicana
Raulín Rodríguez,Ocupación,compositor,republica_dominicana
Raulín Rodríguez,Ciudadanía,República Dominicana,republica_dominicana
Raulín Rodríguez,Fecha de nacimiento,1970-06-16,republica_dominicana
Raulín Rodríguez,Ocupación,cantante,republica_dominicana
Raulín Rodríguez,Ocupación,guitarrista,republica_dominicana
Nelson Javier,Ocupación,badmintonista,republica_dominicana
Nelson Javier,Ciudadanía,República Dominicana,republica_dominicana
Nelson Javier,Fecha de nacimiento,1985-01-19,republica_dominicana
El Cata,Lugar de nacimiento,Barahona,republica_dominicana
El Cata,Ocupación,cantante,republica_dominicana
El Cata,Ciudadanía,República Dominicana,republica_dominicana
El Cata,Fecha de nacimiento,1983-01-01,republica_dominicana
El Cata,Ocupación,compositor de canciones,republica_dominicana
El Cata,Ocupación,rapero,republica_dominicana
Nicolás Casimiro,Lugar de nacimiento,Santo Domingo,republica_dominicana
Nicolás Casimiro,Ocupación,cantante,republica_dominicana
Nicolás Casimiro,Ciudadanía,República Dominicana,republica_dominicana
Nicolás Casimiro,Fecha de nacimiento,1911-04-28,republica_dominicana
Nicolás Casimiro,Fecha de defunción,1964-09-17,republica_dominicana
Eulis Báez,Lugar de nacimiento,Santo Domingo,republica_dominicana
Eulis Báez,Ocupación,baloncestista,republica_dominicana
Eulis Báez,Ciudadanía,España,republica_dominicana
Eulis Báez,Educado en,Universidad Internacional de Florida,republica_dominicana
Eulis Báez,Fecha de nacimiento,1982-03-18,republica_dominicana
Eulis Báez,Ocupación,voleibolista,republica_dominicana
Eulis Báez,Ciudadanía,República Dominicana,republica_dominicana
Ada de la Cruz,Lugar de nacimiento,Villa Mella,republica_dominicana
Ada de la Cruz,Ocupación,actor,republica_dominicana
Ada de la Cruz,Ciudadanía,República Dominicana,republica_dominicana
Ada de la Cruz,Fecha de nacimiento,1985-06-15,republica_dominicana
Ada de la Cruz,Ocupación,modelo,republica_dominicana
Ada de la Cruz,Ocupación,participante en concursos de belleza,republica_dominicana
Norlandy Tavera,Lugar de nacimiento,República Dominicana,republica_dominicana
Norlandy Tavera,Ocupación,ciclista,republica_dominicana
Norlandy Tavera,Ciudadanía,República Dominicana,republica_dominicana
Norlandy Tavera,Fecha de nacimiento,1989-11-17,republica_dominicana
Wellington Arias,Lugar de nacimiento,Santo Domingo,republica_dominicana
Wellington Arias,Ocupación,boxeador,republica_dominicana
Wellington Arias,Ciudadanía,República Dominicana,republica_dominicana
Wellington Arias,Fecha de nacimiento,1991-03-13,republica_dominicana
William Encarnación,Ocupación,boxeador,republica_dominicana
William Encarnación,Ciudadanía,República Dominicana,republica_dominicana
William Encarnación,Fecha de nacimiento,1988-06-28,republica_dominicana
Junior Castillo,Ocupación,boxeador,republica_dominicana
Junior Castillo,Ciudadanía,República Dominicana,republica_dominicana
Junior Castillo,Fecha de nacimiento,1986-05-10,republica_dominicana
Papi Sánchez,Lugar de nacimiento,Santo Domingo,republica_dominicana
Papi Sánchez,Ocupación,disc-jockey,republica_dominicana
Papi Sánchez,Ciudadanía,República Dominicana,republica_dominicana
Papi Sánchez,Fecha de nacimiento,1975-09-18,republica_dominicana
Papi Sánchez,Ocupación,cantante,republica_dominicana
Pipí Franco,Lugar de nacimiento,Santiago de los Caballeros,republica_dominicana
Pipí Franco,Ocupación,compositor,republica_dominicana
Pipí Franco,Ciudadanía,República Dominicana,republica_dominicana
Pipí Franco,Fecha de nacimiento,1912-01-12,republica_dominicana
Pipí Franco,Fecha de defunción,1978-02-16,republica_dominicana
Pipí Franco,Ocupación,cantante,republica_dominicana
Porfirio Herrera Báez,Lugar de nacimiento,San Pedro de Macorís,republica_dominicana
Porfirio Herrera Báez,Ocupación,funcionario,republica_dominicana
Porfirio Herrera Báez,Ciudadanía,República Dominicana,republica_dominicana
Porfirio Herrera Báez,Premio recibido,Cruz federal de la República de Alemania al mérito,republica_dominicana
Porfirio Herrera Báez,Fecha de nacimiento,1915-11-08,republica_dominicana
Príamo Pericles Tejeda Rosario,Lugar de nacimiento,Santo Domingo,republica_dominicana
Príamo Pericles Tejeda Rosario,Ocupación,sacerdote católico,republica_dominicana
Príamo Pericles Tejeda Rosario,Ciudadanía,República Dominicana,republica_dominicana
Príamo Pericles Tejeda Rosario,Cargo,obispo titular,republica_dominicana
Príamo Pericles Tejeda Rosario,Fecha de nacimiento,1934-04-20,republica_dominicana
Príamo Pericles Tejeda Rosario,Fecha de defunción,2024-05-17,republica_dominicana
Príamo Pericles Tejeda Rosario,Ocupación,obispo católico,republica_dominicana
Príamo Pericles Tejeda Rosario,Cargo,Obispo de Baní,republica_dominicana
Príamo Pericles Tejeda Rosario,Cargo,Obispo auxiliar de la Arquidiócesis de Santo Domingo,republica_dominicana
Gabriel Mercedes,Lugar de nacimiento,Monte Plata,republica_dominicana
Gabriel Mercedes,Ocupación,taekwondista,republica_dominicana
Gabriel Mercedes,Ciudadanía,República Dominicana,republica_dominicana
Gabriel Mercedes,Fecha de nacimiento,1979-11-12,republica_dominicana
Rafael Villanueva,Lugar de nacimiento,Santo Domingo,republica_dominicana
Rafael Villanueva,Ocupación,director de orquesta,republica_dominicana
Rafael Villanueva,Ciudadanía,República Dominicana,republica_dominicana
Rafael Villanueva,Educado en,Real Conservatorio de Música,republica_dominicana
Rafael Villanueva,Fecha de nacimiento,1947-10-13,republica_dominicana
Rafael Villanueva,Fecha de defunción,1995-12-02,republica_dominicana
Rafael Villanueva,Ocupación,músico,republica_dominicana
Ramón Báez,Ocupación,médico,republica_dominicana
Ramón Báez,Ciudadanía,República Dominicana,republica_dominicana
Ramón Báez,Cargo,presidente de la República Dominicana,republica_dominicana
Ramón Báez,Fecha de nacimiento,1858-01-01,republica_dominicana
Ramón Báez,Fecha de defunción,1929-01-01,republica_dominicana
Ramón Báez,Ocupación,político,republica_dominicana
Ramón Díaz Freeman,Lugar de nacimiento,Puerto Plata,republica_dominicana
Ramón Díaz Freeman,Ocupación,compositor,republica_dominicana
Ramón Díaz Freeman,Ciudadanía,República Dominicana,republica_dominicana
Ramón Díaz Freeman,Fecha de nacimiento,1901-01-30,republica_dominicana
Ramón Díaz Freeman,Fecha de defunción,1976-04-29,republica_dominicana
Ramón Mateo,Lugar de nacimiento,San Juan,republica_dominicana
Ramón Mateo,Ocupación,ajedrecista,republica_dominicana
Ramón Mateo,Ciudadanía,República Dominicana,republica_dominicana
Ramón Mateo,Fecha de nacimiento,1958-06-23,republica_dominicana
Octavio Antonio Beras Rojas,Lugar de nacimiento,República Dominicana,republica_dominicana
Octavio Antonio Beras Rojas,Ocupación,sacerdote católico,republica_dominicana
Octavio Antonio Beras Rojas,Ciudadanía,República Dominicana,republica_dominicana
Octavio Antonio Beras Rojas,Educado en,Pontificia Universidad Gregoriana,republica_dominicana
Octavio Antonio Beras Rojas,Cargo,cardenal,republica_dominicana
Octavio Antonio Beras Rojas,Fecha de nacimiento,1906-11-16,republica_dominicana
Octavio Antonio Beras Rojas,Fecha de defunción,1990-12-01,republica_dominicana
Octavio Antonio Beras Rojas,Ocupación,obispo católico,republica_dominicana
Octavio Antonio Beras Rojas,Cargo,arzobispo católico,republica_dominicana
Octavio Antonio Beras Rojas,Cargo,arzobispo titular,republica_dominicana
Octavio Antonio Beras Rojas,Cargo,Arzobispo de Santo Domingo,republica_dominicana
Octavio Antonio Beras Rojas,Cargo,Obispo castrense de República Dominicana,republica_dominicana
badmintonista,instancia de,profesión,republica_dominicana
badmintonista,subclase de,deportista,republica_dominicana
badmintonista,subclase de,jugador competitivo,republica_dominicana
badmintonista,ámbito de la ocupación,bádminton,republica_dominicana
compositor de canciones,instancia de,profesión musical,republica_dominicana
compositor de canciones,subclase de,compositor,republica_dominicana
compositor de canciones,subclase de,autor,republica_dominicana
compositor de canciones,ámbito de la ocupación,composición de canciones,republica_dominicana
compositor de canciones,se dice que es lo mismo que,letrista,republica_dominicana
disc-jockey,instancia de,ocupación,republica_dominicana
disc-jockey,instancia de,profesión musical,republica_dominicana
disc-jockey,subclase de,músico,republica_dominicana
disc-jockey,ámbito de la ocupación,música,republica_dominicana
funcionario,instancia de,profesión,republica_dominicana
funcionario,instancia de,alto cargo,republica_dominicana
funcionario,instancia de,cargo,republica_dominicana
funcionario,subclase de,persona jurídica,republica_dominicana
funcionario,subclase de,burócrata,republica_dominicana
Monte Plata,instancia de,municipio de la República Dominicana,republica_dominicana
Monte Plata,situado en la entidad territorial administrativa,Monte Plata,republica_dominicana
Monte Plata,capital de,Monte Plata,republica_dominicana
taekwondista,instancia de,profesión,republica_dominicana
taekwondista,instancia de,ocupación,republica_dominicana
taekwondista,subclase de,deportista,republica_dominicana
taekwondista,ámbito de la ocupación,taekwondo,republica_dominicana
taekwondista,ámbito de la ocupación,taekwondo adaptado,republica_dominicana
Real Conservatorio de Música,país,Canadá,republica_dominicana
Real Conservatorio de Música,instancia de,organización sin fines de lucro,republica_dominicana
Real Conservatorio de Música,instancia de,conservatorio de música,republica_dominicana
Real Conservatorio de Música,fundador,Edward Fisher,republica_dominicana
Real Conservatorio de Música,situado en la entidad territorial administrativa,Toronto,republica_dominicana
médico,instancia de,profesión sanitaria,republica_dominicana
médico,instancia de,cargo,republica_dominicana
médico,instancia de,ocupación,republica_dominicana
médico,instancia de,profesión medicina,republica_dominicana
médico,instancia de,grupo de ocupaciones de la CIUO,republica_dominicana
ajedrecista,instancia de,profesión,republica_dominicana
ajedrecista,subclase de,deportista,republica_dominicana
ajedrecista,subclase de,jugador de juego de tablero,republica_dominicana
cardenal,instancia de,título,republica_dominicana
cardenal,instancia de,cargo,republica_dominicana
cardenal,instancia de,vocación católica,republica_dominicana
cardenal,título nobiliario,titulus,republica_dominicana
cardenal,religión,catolicismo,republica_dominicana
Wilber Burgos,Ocupación,baloncestista,republica_dominicana
Wilber Burgos,Ciudadanía,República Dominicana,republica_dominicana
Wilber Burgos,Fecha de nacimiento,2004-01-07,republica_dominicana
Juan Batista,Ocupación,baloncestista,republica_dominicana
Juan Batista,Ciudadanía,República Dominicana,republica_dominicana
Juan Batista,Fecha de nacimiento,2004-05-07,republica_dominicana
Esmailin Caridad,Lugar de nacimiento,Bajos de Haina,republica_dominicana
Esmailin Caridad,Ocupación,beisbolista,republica_dominicana
Esmailin Caridad,Ciudadanía,República Dominicana,republica_dominicana
Esmailin Caridad,Fecha de nacimiento,1983-10-28,republica_dominicana
Ramón Troncoso,Lugar de nacimiento,San José de Ocoa,republica_dominicana
Ramón Troncoso,Ocupación,beisbolista,republica_dominicana
Ramón Troncoso,Ciudadanía,República Dominicana,republica_dominicana
Ramón Troncoso,Fecha de nacimiento,1983-02-16,republica_dominicana
Juan Samuel,Lugar de nacimiento,San Pedro de Macorís,republica_dominicana
Juan Samuel,Ocupación,entrenador de béisbol,republica_dominicana
Juan Samuel,Ciudadanía,República Dominicana,republica_dominicana
Juan Samuel,Fecha de nacimiento,1960-12-09,republica_dominicana
Juan Samuel,Ocupación,beisbolista,republica_dominicana
Eddy Rodríguez,Lugar de nacimiento,San Pedro de Macorís,republica_dominicana
Eddy Rodríguez,Ocupación,beisbolista,republica_dominicana
Eddy Rodríguez,Ciudadanía,República Dominicana,republica_dominicana
Eddy Rodríguez,Fecha de nacimiento,1981-08-08,republica_dominicana
Edinson Vólquez,Lugar de nacimiento,Santa Cruz de Barahona,republica_dominicana
Edinson Vólquez,Ocupación,gerente,republica_dominicana
Edinson Vólquez,Ciudadanía,República Dominicana,republica_dominicana
Edinson Vólquez,Fecha de nacimiento,1983-07-03,republica_dominicana
Edinson Vólquez,Ocupación,entrenador de béisbol,republica_dominicana
Edinson Vólquez,Ocupación,beisbolista,republica_dominicana
Edwar Cabrera,Lugar de nacimiento,Baní,republica_dominicana
Edwar Cabrera,Ocupación,beisbolista,republica_dominicana
Edwar Cabrera,Ciudadanía,República Dominicana,republica_dominicana
Edwar Cabrera,Fecha de nacimiento,1987-10-20,republica_dominicana
Julio Lugo,Lugar de nacimiento,Santa Cruz de Barahona,republica_dominicana
Julio Lugo,Ocupación,beisbolista,republica_dominicana
Julio Lugo,Ciudadanía,República Dominicana,republica_dominicana
Julio Lugo,Educado en,Connors State College,republica_dominicana
Julio Lugo,Fecha de nacimiento,1975-11-16,republica_dominicana
Julio Lugo,Fecha de defunción,2021-11-15,republica_dominicana
Julio Lugo,Educado en,Fort Hamilton High School,republica_dominicana
Fernando Abad,Lugar de nacimiento,La Romana,republica_dominicana
Fernando Abad,Ocupación,beisbolista,republica_dominicana
Fernando Abad,Ciudadanía,República Dominicana,republica_dominicana
Fernando Abad,Fecha de nacimiento,1985-12-17,republica_dominicana
Elián Herrera,Lugar de nacimiento,San Pedro de Macorís,republica_dominicana
Elián Herrera,Ocupación,beisbolista,republica_dominicana
Elián Herrera,Ciudadanía,República Dominicana,republica_dominicana
Elián Herrera,Fecha de nacimiento,1985-02-01,republica_dominicana
Joaquín Arias,Lugar de nacimiento,Santo Domingo,republica_dominicana
Joaquín Arias,Ocupación,beisbolista,republica_dominicana
Joaquín Arias,Ciudadanía,República Dominicana,republica_dominicana
Joaquín Arias,Fecha de nacimiento,1984-09-21,republica_dominicana
Elvin Ramírez,Lugar de nacimiento,San Cristóbal,republica_dominicana
Elvin Ramírez,Ocupación,beisbolista,republica_dominicana
Elvin Ramírez,Ciudadanía,República Dominicana,republica_dominicana
Elvin Ramírez,Fecha de nacimiento,1987-10-10,republica_dominicana
Elvis Contreras,Lugar de nacimiento,Tamayo,republica_dominicana
Elvis Contreras,Ocupación,voleibolista,republica_dominicana
Elvis Contreras,Ciudadanía,República Dominicana,republica_dominicana
Elvis Contreras,Fecha de nacimiento,1979-07-20,republica_dominicana
Pedro Ciriaco,Lugar de nacimiento,San Pedro de Macorís,republica_dominicana
Pedro Ciriaco,Ocupación,beisbolista,republica_dominicana
Pedro Ciriaco,Ciudadanía,República Dominicana,republica_dominicana
Pedro Ciriaco,Fecha de nacimiento,1985-09-27,republica_dominicana
Enerio Del Rosario,Lugar de nacimiento,El Seibo,republica_dominicana
Enerio Del Rosario,Ocupación,beisbolista,republica_dominicana
Enerio Del Rosario,Ciudadanía,República Dominicana,republica_dominicana
Enerio Del Rosario,Fecha de nacimiento,1985-10-16,republica_dominicana
Ervin Santana,Lugar de nacimiento,San Cristóbal,republica_dominicana
Ervin Santana,Ocupación,beisbolista,republica_dominicana
Ervin Santana,Ciudadanía,República Dominicana,republica_dominicana
Ervin Santana,Fecha de nacimiento,1982-12-12,republica_dominicana
Esmerling Vásquez,Lugar de nacimiento,Tenares,republica_dominicana
Esmerling Vásquez,Ocupación,beisbolista,republica_dominicana
Esmerling Vásquez,Ciudadanía,República Dominicana,republica_dominicana
Esmerling Vásquez,Fecha de nacimiento,1983-11-07,republica_dominicana
Esmil Rogers,Lugar de nacimiento,Santo Domingo,republica_dominicana
Esmil Rogers,Ocupación,beisbolista,republica_dominicana
Esmil Rogers,Ciudadanía,República Dominicana,republica_dominicana
Esmil Rogers,Fecha de nacimiento,1985-08-14,republica_dominicana
Eugenio Vélez,Lugar de nacimiento,San Pedro de Macorís,republica_dominicana
Eugenio Vélez,Ocupación,beisbolista,republica_dominicana
Eugenio Vélez,Ciudadanía,República Dominicana,republica_dominicana
Eugenio Vélez,Fecha de nacimiento,1982-05-16,republica_dominicana
Eury Pérez,Lugar de nacimiento,Santo Domingo,republica_dominicana
Eury Pérez,Ocupación,beisbolista,republica_dominicana
Eury Pérez,Ciudadanía,República Dominicana,republica_dominicana
Eury Pérez,Fecha de nacimiento,1990-05-30,republica_dominicana
Ronny Paulino,Lugar de nacimiento,Santo Domingo,republica_dominicana
Ronny Paulino,Ocupación,beisbolista,republica_dominicana
Ronny Paulino,Ciudadanía,República Dominicana,republica_dominicana
Ronny Paulino,Fecha de nacimiento,1981-04-21,republica_dominicana
San José de Ocoa,país,República Dominicana,republica_dominicana
San José de Ocoa,instancia de,provincia de la República Dominicana,republica_dominicana
San José de Ocoa,capital,San José de Ocoa,republica_dominicana
San José de Ocoa,comparte fronteras con,La Vega,republica_dominicana
San José de Ocoa,comparte fronteras con,Provincia de Azua,republica_dominicana
entrenador de béisbol,instancia de,profesión,republica_dominicana
entrenador de béisbol,subclase de,entrenador,republica_dominicana
entrenador de béisbol,ámbito de la ocupación,béisbol,republica_dominicana
Santa Cruz de Barahona,lista de interés para el proyecto Wikimedia,Wikiproyecto:Diáspora africana,republica_dominicana
gerente,instancia de,profesión,republica_dominicana
gerente,instancia de,cargo,republica_dominicana
gerente,subclase de,empresario,republica_dominicana
gerente,subclase de,gerente,republica_dominicana
gerente,ámbito de la ocupación,administración de empresas,republica_dominicana
Connors State College,país,Estados Unidos,republica_dominicana
Connors State College,instancia de,institución educativa pública de los Estados Unidos,republica_dominicana
Connors State College,situado en la entidad territorial administrativa,Oklahoma,republica_dominicana
Tamayo,país,República Dominicana,republica_dominicana
Tamayo,instancia de,municipio de la República Dominicana,republica_dominicana
Tamayo,situado en la entidad territorial administrativa,Bahoruco,republica_dominicana
El Seibo,categoría para las personas que nacieron aquí,Categoría:Nacidos en la provincia El Seibo,republica_dominicana
Tomás de la Rosa,Lugar de nacimiento,La Victoria,republica_dominicana
Tomás de la Rosa,Ocupación,beisbolista,republica_dominicana
Tomás de la Rosa,Ciudadanía,República Dominicana,republica_dominicana
Tomás de la Rosa,Fecha de nacimiento,1977-01-28,republica_dominicana
Tomás de la Rosa,Fecha de nacimiento,1978-01-28,republica_dominicana
Luis Pérez,Lugar de nacimiento,Guayubín,republica_dominicana
Luis Pérez,Ocupación,beisbolista,republica_dominicana
Luis Pérez,Ciudadanía,República Dominicana,republica_dominicana
Luis Pérez,Fecha de nacimiento,1985-01-20,republica_dominicana
Juan Nicasio,Lugar de nacimiento,San Francisco de Macorís,republica_dominicana
Juan Nicasio,Ocupación,beisbolista,republica_dominicana
Juan Nicasio,Ciudadanía,República Dominicana,republica_dominicana
Juan Nicasio,Fecha de nacimiento,1986-08-31,republica_dominicana
Héctor Noesí,Lugar de nacimiento,Esperanza,republica_dominicana
Héctor Noesí,Ocupación,beisbolista,republica_dominicana
Héctor Noesí,Ciudadanía,República Dominicana,republica_dominicana
Héctor Noesí,Fecha de nacimiento,1987-01-26,republica_dominicana
Humberto Sánchez,Lugar de nacimiento,Santo Domingo,republica_dominicana
Humberto Sánchez,Ocupación,beisbolista,republica_dominicana
Humberto Sánchez,Ciudadanía,República Dominicana,republica_dominicana
Humberto Sánchez,Educado en,Connors State College,republica_dominicana
Humberto Sánchez,Fecha de nacimiento,1983-05-28,republica_dominicana
Fautino De Los Santos,Lugar de nacimiento,Samaná,republica_dominicana
Fautino De Los Santos,Ocupación,beisbolista,republica_dominicana
Fautino De Los Santos,Ciudadanía,República Dominicana,republica_dominicana
Fautino De Los Santos,Fecha de nacimiento,1986-02-15,republica_dominicana
Felipe Alou,Lugar de nacimiento,Bajos de Haina,republica_dominicana
Felipe Alou,Ocupación,mánager de béisbol,republica_dominicana
Felipe Alou,Ciudadanía,República Dominicana,republica_dominicana
Felipe Alou,Premio recibido,Canadian Baseball Hall of Fame,republica_dominicana
Felipe Alou,Fecha de nacimiento,1935-05-12,republica_dominicana
Felipe Alou,Ocupación,beisbolista,republica_dominicana
Joel Carreño,Lugar de nacimiento,San Cristóbal,republica_dominicana
Joel Carreño,Ocupación,beisbolista,republica_dominicana
Joel Carreño,Ciudadanía,República Dominicana,republica_dominicana
Joel Carreño,Fecha de nacimiento,1987-03-07,republica_dominicana
Felton Messina,Lugar de nacimiento,República Dominicana,republica_dominicana
Felton Messina,Ocupación,ingeniero,republica_dominicana
Felton Messina,Ciudadanía,República Dominicana,republica_dominicana
Felton Messina,Educado en,Universidad de Puerto Rico,republica_dominicana
Felton Messina,Fecha de nacimiento,1953-01-01,republica_dominicana
Felton Messina,Ocupación,karateca,republica_dominicana
Wilin Rosario,Lugar de nacimiento,Bonao,republica_dominicana
Wilin Rosario,Ocupación,beisbolista,republica_dominicana
Wilin Rosario,Ciudadanía,República Dominicana,republica_dominicana
Wilin Rosario,Fecha de nacimiento,1989-02-23,republica_dominicana
Viketowers Herrera,Lugar de nacimiento,Tenares,republica_dominicana
Viketowers Herrera,Ocupación,beisbolista,republica_dominicana
Viketowers Herrera,Ciudadanía,República Dominicana,republica_dominicana
Viketowers Herrera,Fecha de nacimiento,1989-12-31,republica_dominicana
Héctor Alexis Gómez,Lugar de nacimiento,San Pedro de Macorís,republica_dominicana
Héctor Alexis Gómez,Ocupación,beisbolista,republica_dominicana
Héctor Alexis Gómez,Ciudadanía,República Dominicana,republica_dominicana
Héctor Alexis Gómez,Fecha de nacimiento,1988-03-05,republica_dominicana
Fernando Martínez (beisbolista),Lugar de nacimiento,Río San Juan,republica_dominicana
Fernando Martínez (beisbolista),Ocupación,beisbolista,republica_dominicana
Fernando Martínez (beisbolista),Ciudadanía,República Dominicana,republica_dominicana
Fernando Martínez (beisbolista),Fecha de nacimiento,1988-10-10,republica_dominicana
Fernando Tatis,Lugar de nacimiento,San Pedro de Macorís,republica_dominicana
Fernando Tatis,Ocupación,beisbolista,republica_dominicana
Fernando Tatis,Ciudadanía,República Dominicana,republica_dominicana
Fernando Tatis,Fecha de nacimiento,1975-09-05,republica_dominicana
Jordany Valdespin,Lugar de nacimiento,San Pedro de Macorís,republica_dominicana
Jordany Valdespin,Ocupación,beisbolista,republica_dominicana
Jordany Valdespin,Ciudadanía,República Dominicana,republica_dominicana
Jordany Valdespin,Fecha de nacimiento,1987-12-23,republica_dominicana
Sidarka Núñez,Lugar de nacimiento,Santo Domingo,republica_dominicana
Sidarka Núñez,Ocupación,voleibolista,republica_dominicana
Sidarka Núñez,Ciudadanía,República Dominicana,republica_dominicana
Sidarka Núñez,Fecha de nacimiento,1984-06-25,republica_dominicana
Moisés Sierra,Lugar de nacimiento,Santo Domingo,republica_dominicana
Moisés Sierra,Ocupación,beisbolista,republica_dominicana
Moisés Sierra,Ciudadanía,República Dominicana,republica_dominicana
Moisés Sierra,Fecha de nacimiento,1988-09-24,republica_dominicana
Manny Machado,Lugar de nacimiento,Miami,republica_dominicana
Manny Machado,Ocupación,beisbolista,republica_dominicana
Manny Machado,Ciudadanía,Estados Unidos,republica_dominicana
Manny Machado,Premio recibido,Guante de Oro,republica_dominicana
Manny Machado,Fecha de nacimiento,1992-07-06,republica_dominicana
Manny Machado,Premio recibido,Silver Slugger Award,republica_dominicana
Manny Machado,Ciudadanía,República Dominicana,republica_dominicana
Cindy Rondón,Lugar de nacimiento,Santo Domingo,republica_dominicana
Cindy Rondón,Ocupación,voleibolista,republica_dominicana
Cindy Rondón,Ciudadanía,República Dominicana,republica_dominicana
Cindy Rondón,Fecha de nacimiento,1988-11-12,republica_dominicana
Francisco Antonio Salcedo,Ocupación,político,republica_dominicana
Francisco Antonio Salcedo,Ciudadanía,República Dominicana,republica_dominicana
Esperanza,país,República Dominicana,republica_dominicana
Esperanza,instancia de,municipio de la República Dominicana,republica_dominicana
Esperanza,situado en la entidad territorial administrativa,Valverde,republica_dominicana
Samaná,instancia de,provincia de la República Dominicana,republica_dominicana
Samaná,capital,Samaná,republica_dominicana
Samaná,comparte fronteras con,Hato Mayor,republica_dominicana
Samaná,comparte fronteras con,Duarte,republica_dominicana
mánager de béisbol,instancia de,profesión,republica_dominicana
mánager de béisbol,subclase de,entrenador,republica_dominicana
mánager de béisbol,ámbito de la ocupación,béisbol,republica_dominicana
mánager de béisbol,deporte,béisbol,republica_dominicana
mánager de béisbol,categoría principal del tema,Categoría:Mánager de béisbol,republica_dominicana
ingeniero,instancia de,profesión,republica_dominicana
ingeniero,instancia de,cargo,republica_dominicana
ingeniero,elemento operado,producto,republica_dominicana
ingeniero,subclase de,trabajador,republica_dominicana
ingeniero,ámbito de la ocupación,ingeniería,republica_dominicana
Universidad de Puerto Rico,país,Estados Unidos,republica_dominicana
Universidad de Puerto Rico,instancia de,universidad pública,republica_dominicana
Universidad de Puerto Rico,situado en la entidad territorial administrativa,Puerto Rico,republica_dominicana
Universidad de Puerto Rico,filial,"Universidad de Puerto Rico, Recinto de Ciencias Médicas",republica_dominicana
Universidad de Puerto Rico,filial,"Universidad de Puerto Rico, Recinto de Río Piedras",republica_dominicana
Río San Juan,país,República Dominicana,republica_dominicana
Río San Juan,instancia de,municipio de la República Dominicana,republica_dominicana
Río San Juan,situado en la entidad territorial administrativa,María Trinidad Sánchez,republica_dominicana
Miami,jefe de gobierno,Francis Suárez,republica_dominicana
Miami,país,Estados Unidos,republica_dominicana
Miami,instancia de,ciudad de Estados Unidos,republica_dominicana
Miami,situado en la entidad territorial administrativa,Condado de Miami-Dade,republica_dominicana
Miami,nombrado en referencia a,Mayaimi,republica_dominicana
Francisco Peguero,Lugar de nacimiento,San Gregorio de Nigua,republica_dominicana
Francisco Peguero,Ocupación,beisbolista,republica_dominicana
Francisco Peguero,Ciudadanía,República Dominicana,republica_dominicana
Francisco Peguero,Fecha de nacimiento,1988-06-01,republica_dominicana
Rafael Alburquerque,Lugar de nacimiento,Santo Domingo,republica_dominicana
Rafael Alburquerque,Ocupación,escritor,republica_dominicana
Rafael Alburquerque,Ciudadanía,República Dominicana,republica_dominicana
Rafael Alburquerque,Educado en,Universidad Autónoma de Santo Domingo,republica_dominicana
Rafael Alburquerque,Cargo,Vicepresidente de la República Dominicana,republica_dominicana
Rafael Alburquerque,Premio recibido,Orden de los Cinco Volcanes,republica_dominicana
Rafael Alburquerque,Fecha de nacimiento,1940-06-14,republica_dominicana
Rafael Alburquerque,Ocupación,abogado,republica_dominicana
Rafael Alburquerque,Ocupación,político,republica_dominicana
Freddy Dolsi,Lugar de nacimiento,San Pedro de Macorís,republica_dominicana
Freddy Dolsi,Ocupación,beisbolista,republica_dominicana
Freddy Dolsi,Ciudadanía,República Dominicana,republica_dominicana
Freddy Dolsi,Fecha de nacimiento,1983-01-06,republica_dominicana
Freddy Guzmán,Lugar de nacimiento,Santo Domingo,republica_dominicana
Freddy Guzmán,Ocupación,beisbolista,republica_dominicana
Freddy Guzmán,Ciudadanía,República Dominicana,republica_dominicana
Freddy Guzmán,Fecha de nacimiento,1981-01-20,republica_dominicana
Georges Jeanty,Lugar de nacimiento,Brooklyn,republica_dominicana
Georges Jeanty,Ocupación,dibujante de historieta,republica_dominicana
Georges Jeanty,Ciudadanía,República Dominicana,republica_dominicana
Georges Jeanty,Fecha de nacimiento,1977-01-01,republica_dominicana
Gina Mambrú,Lugar de nacimiento,Santo Domingo,republica_dominicana
Gina Mambrú,Ocupación,voleibolista,republica_dominicana
Gina Mambrú,Ciudadanía,República Dominicana,republica_dominicana
Gina Mambrú,Fecha de nacimiento,1986-01-21,republica_dominicana
Pablo Ozuna,Lugar de nacimiento,Santo Domingo,republica_dominicana
Pablo Ozuna,Ocupación,beisbolista,republica_dominicana
Pablo Ozuna,Ciudadanía,República Dominicana,republica_dominicana
Pablo Ozuna,Fecha de nacimiento,1974-08-25,republica_dominicana
Rafael Pérez,Lugar de nacimiento,Santo Domingo,republica_dominicana
Rafael Pérez,Ocupación,beisbolista,republica_dominicana
Rafael Pérez,Ciudadanía,República Dominicana,republica_dominicana
Rafael Pérez,Fecha de nacimiento,1982-05-15,republica_dominicana
Santiago Casilla,Lugar de nacimiento,San Cristóbal,republica_dominicana
Santiago Casilla,Ocupación,beisbolista,republica_dominicana
Santiago Casilla,Ciudadanía,República Dominicana,republica_dominicana
Santiago Casilla,Fecha de nacimiento,1980-07-25,republica_dominicana
Miguel Olivo,Lugar de nacimiento,Villa Vásquez,republica_dominicana
Miguel Olivo,Ocupación,beisbolista,republica_dominicana
Miguel Olivo,Ciudadanía,República Dominicana,republica_dominicana
Miguel Olivo,Fecha de nacimiento,1978-07-15,republica_dominicana
Pascual Pérez,Lugar de nacimiento,San Cristóbal,republica_dominicana
Pascual Pérez,Ocupación,beisbolista,republica_dominicana
Pascual Pérez,Ciudadanía,República Dominicana,republica_dominicana
Pascual Pérez,Fecha de nacimiento,1957-05-17,republica_dominicana
Pascual Pérez,Fecha de defunción,2012-11-01,republica_dominicana
Pascual Pérez,Fecha de nacimiento,1959-05-17,republica_dominicana
Ju Lin,Lugar de nacimiento,Fujian,republica_dominicana
Ju Lin,Ocupación,tenista de mesa,republica_dominicana
Ju Lin,Ciudadanía,República Dominicana,republica_dominicana
Ju Lin,Fecha de nacimiento,1979-09-01,republica_dominicana
Pedro Féliz,Lugar de nacimiento,Municipio de Azua,republica_dominicana
Pedro Féliz,Ocupación,beisbolista,republica_dominicana
Pedro Féliz,Ciudadanía,República Dominicana,republica_dominicana
Pedro Féliz,Fecha de nacimiento,1975-04-27,republica_dominicana
Juan Salas,Lugar de nacimiento,Santo Domingo,republica_dominicana
Juan Salas,Ocupación,beisbolista,republica_dominicana
Juan Salas,Ciudadanía,República Dominicana,republica_dominicana
Juan Salas,Fecha de nacimiento,1978-11-07,republica_dominicana
José Rijo,Lugar de nacimiento,San Cristóbal,republica_dominicana
José Rijo,Ocupación,político,republica_dominicana
José Rijo,Ciudadanía,República Dominicana,republica_dominicana
José Rijo,Fecha de nacimiento,1965-05-13,republica_dominicana
José Rijo,Ocupación,beisbolista,republica_dominicana
Luis Vizcaíno,Lugar de nacimiento,Baní,republica_dominicana
Luis Vizcaíno,Ocupación,beisbolista,republica_dominicana
Luis Vizcaíno,Ciudadanía,República Dominicana,republica_dominicana
Luis Vizcaíno,Fecha de nacimiento,1974-08-06,republica_dominicana
Johnny Cueto,Lugar de nacimiento,San Pedro de Macorís,republica_dominicana
Johnny Cueto,Ocupación,beisbolista,republica_dominicana
Johnny Cueto,Ciudadanía,República Dominicana,republica_dominicana
Johnny Cueto,Fecha de nacimiento,1986-02-15,republica_dominicana
Miguel Batista,Lugar de nacimiento,Santo Domingo,republica_dominicana
Miguel Batista,Ocupación,escritor,republica_dominicana
Miguel Batista,Ciudadanía,República Dominicana,republica_dominicana
Miguel Batista,Fecha de nacimiento,1971-02-19,republica_dominicana
Miguel Batista,Ocupación,poeta,republica_dominicana
Miguel Batista,Ocupación,beisbolista,republica_dominicana
José Valverde,Lugar de nacimiento,San Pedro de Macorís,republica_dominicana
José Valverde,Ocupación,beisbolista,republica_dominicana
José Valverde,Ciudadanía,República Dominicana,republica_dominicana
José Valverde,Fecha de nacimiento,1978-03-24,republica_dominicana
Greg Aquino,Lugar de nacimiento,Santo Domingo,republica_dominicana
Greg Aquino,Ocupación,beisbolista,republica_dominicana
Greg Aquino,Ciudadanía,República Dominicana,republica_dominicana
Greg Aquino,Fecha de nacimiento,1978-01-11,republica_dominicana
Vicepresidente de la República Dominicana,país,República Dominicana,republica_dominicana
Vicepresidente de la República Dominicana,instancia de,cargo público,republica_dominicana
Vicepresidente de la República Dominicana,subclase de,vicepresidente,republica_dominicana
Vicepresidente de la República Dominicana,forma parte de,Gabinete de la República Dominicana,republica_dominicana
Vicepresidente de la República Dominicana,categoría principal del tema,Categoría:Vicepresidentes de República Dominicana,republica_dominicana
dibujante de historieta,instancia de,profesión,republica_dominicana
dibujante de historieta,instancia de,ocupación,republica_dominicana
dibujante de historieta,subclase de,dibujante,republica_dominicana
dibujante de historieta,subclase de,historietista,republica_dominicana
dibujante de historieta,ámbito de la ocupación,historieta,republica_dominicana
Villa Vásquez,país,República Dominicana,republica_dominicana
Villa Vásquez,instancia de,municipio de la República Dominicana,republica_dominicana
Villa Vásquez,situado en la entidad territorial administrativa,Provincia de Monte Cristi,republica_dominicana
Fujian,jefe de gobierno,Su Shulin,republica_dominicana
Fujian,país,República Popular China,republica_dominicana
Fujian,instancia de,provincia de China,republica_dominicana
poeta,instancia de,profesión,republica_dominicana
poeta,subclase de,escritor,republica_dominicana
poeta,ámbito de la ocupación,poesía,republica_dominicana
poeta,categoría principal del tema,Categoría:Poetas,republica_dominicana
Guillermo Mota,Lugar de nacimiento,San Pedro de Macorís,republica_dominicana
Guillermo Mota,Ocupación,beisbolista,republica_dominicana
Guillermo Mota,Ciudadanía,República Dominicana,republica_dominicana
Guillermo Mota,Fecha de nacimiento,1973-07-25,republica_dominicana
Jordan Norberto,Lugar de nacimiento,Nagua,republica_dominicana
Jordan Norberto,Ocupación,beisbolista,republica_dominicana
Jordan Norberto,Ciudadanía,República Dominicana,republica_dominicana
Jordan Norberto,Fecha de nacimiento,1986-12-08,republica_dominicana
Henry Rodríguez,Lugar de nacimiento,Santo Domingo,republica_dominicana
Henry Rodríguez,Ocupación,beisbolista,republica_dominicana
Henry Rodríguez,Ciudadanía,República Dominicana,republica_dominicana
Henry Rodríguez,Fecha de nacimiento,1967-11-08,republica_dominicana
Matty Alou,Lugar de nacimiento,Bajos de Haina,republica_dominicana
Matty Alou,Ocupación,beisbolista,republica_dominicana
Matty Alou,Ciudadanía,República Dominicana,republica_dominicana
Matty Alou,Fecha de nacimiento,1938-12-22,republica_dominicana
Matty Alou,Fecha de defunción,2011-11-03,republica_dominicana
Matty Alou,Fecha de nacimiento,1939-12-22,republica_dominicana
Henry Villar,Lugar de nacimiento,Bonao,republica_dominicana
Henry Villar,Ocupación,beisbolista,republica_dominicana
Henry Villar,Ciudadanía,República Dominicana,republica_dominicana
Henry Villar,Fecha de nacimiento,1987-05-24,republica_dominicana
Ramón Ortiz,Lugar de nacimiento,Cotuí,republica_dominicana
Ramón Ortiz,Ocupación,beisbolista,republica_dominicana
Ramón Ortiz,Ciudadanía,República Dominicana,republica_dominicana
Ramón Ortiz,Fecha de nacimiento,1973-05-23,republica_dominicana
Ramón Ortiz,Fecha de nacimiento,1973-05-24,republica_dominicana
Iván Tovar,Lugar de nacimiento,Duarte,republica_dominicana
Iván Tovar,Ocupación,pintor,republica_dominicana
Iván Tovar,Ciudadanía,República Dominicana,republica_dominicana
Iván Tovar,Fecha de nacimiento,1942-03-28,republica_dominicana
Iván Tovar,Fecha de defunción,2020-04-13,republica_dominicana
Iván Tovar,Ocupación,grabador,republica_dominicana
Jairo Asencio,Lugar de nacimiento,Sabana Grande de Palenque,republica_dominicana
Jairo Asencio,Ocupación,beisbolista,republica_dominicana
Jairo Asencio,Ciudadanía,República Dominicana,republica_dominicana
Jairo Asencio,Fecha de nacimiento,1983-05-30,republica_dominicana
Jean-Pierre Torrell,Lugar de nacimiento,Villenave-d'Ornon,republica_dominicana
Jean-Pierre Torrell,Ocupación,sacerdote,republica_dominicana
Jean-Pierre Torrell,Ciudadanía,Francia,republica_dominicana
Jean-Pierre Torrell,Educado en,Universidad de Montreal,republica_dominicana
Jean-Pierre Torrell,Empleador,Pontificia Universidad Gregoriana,republica_dominicana
Jean-Pierre Torrell,Miembro de,Editio Leonina,republica_dominicana
Jean-Pierre Torrell,Premio recibido,Master of Sacred Theology,republica_dominicana
Jean-Pierre Torrell,Fecha de nacimiento,1927-08-01,republica_dominicana
Jean-Pierre Torrell,Fecha de defunción,2025-08-28,republica_dominicana
Jean-Pierre Torrell,Ocupación,sacerdote católico,republica_dominicana
Jean-Pierre Torrell,Ocupación,teólogo,republica_dominicana
Jean-Pierre Torrell,Ocupación,profesor universitario,republica_dominicana
Jean-Pierre Torrell,Ciudadanía,República Dominicana,republica_dominicana
Jean-Pierre Torrell,Educado en,Saulchoir,republica_dominicana
Jean Segura,Lugar de nacimiento,Provincia de San Juan,republica_dominicana
Jean Segura,Ocupación,beisbolista,republica_dominicana
Jean Segura,Ciudadanía,República Dominicana,republica_dominicana
Jean Segura,Fecha de nacimiento,1990-03-17,republica_dominicana
Jenrry Mejía,Lugar de nacimiento,Tábara Arriba,republica_dominicana
Jenrry Mejía,Ocupación,beisbolista,republica_dominicana
Jenrry Mejía,Ciudadanía,República Dominicana,republica_dominicana
Jenrry Mejía,Fecha de nacimiento,1989-10-11,republica_dominicana
Plácido Polanco,Lugar de nacimiento,Santo Domingo,republica_dominicana
Plácido Polanco,Ocupación,beisbolista,republica_dominicana
Plácido Polanco,Ciudadanía,República Dominicana,republica_dominicana
Plácido Polanco,Premio recibido,Guante de Oro,republica_dominicana
Plácido Polanco,Fecha de nacimiento,1975-10-10,republica_dominicana
Jeurys Familia,Lugar de nacimiento,Santo Domingo,republica_dominicana
Jeurys Familia,Ocupación,beisbolista,republica_dominicana
Jeurys Familia,Ciudadanía,República Dominicana,republica_dominicana
Jeurys Familia,Fecha de nacimiento,1989-10-10,republica_dominicana
Jhonny Núñez,Lugar de nacimiento,San José de las Matas,republica_dominicana
Jhonny Núñez,Ocupación,beisbolista,republica_dominicana
Jhonny Núñez,Ciudadanía,República Dominicana,republica_dominicana
Jhonny Núñez,Fecha de nacimiento,1985-11-26,republica_dominicana
José Ceda,Lugar de nacimiento,Santo Domingo,republica_dominicana
José Ceda,Ocupación,beisbolista,republica_dominicana
José Ceda,Ciudadanía,República Dominicana,republica_dominicana
José Ceda,Fecha de nacimiento,1987-01-28,republica_dominicana
José Constanza,Lugar de nacimiento,Santo Domingo,republica_dominicana
José Constanza,Ocupación,beisbolista,republica_dominicana
José Constanza,Ciudadanía,República Dominicana,republica_dominicana
José Constanza,Fecha de nacimiento,1983-09-01,republica_dominicana
José Mesa,Lugar de nacimiento,Pueblo Viejo,republica_dominicana
José Mesa,Ocupación,beisbolista,republica_dominicana
José Mesa,Ciudadanía,República Dominicana,republica_dominicana
José Mesa,Fecha de nacimiento,1966-05-22,republica_dominicana
José Cáceres,Lugar de nacimiento,Tamayo,republica_dominicana
José Cáceres,Ocupación,voleibolista,republica_dominicana
José Cáceres,Ciudadanía,República Dominicana,republica_dominicana
José Cáceres,Fecha de nacimiento,1981-12-24,republica_dominicana
José Offerman,Lugar de nacimiento,San Pedro de Macorís,republica_dominicana
José Offerman,Ocupación,beisbolista,republica_dominicana
José Offerman,Ciudadanía,República Dominicana,republica_dominicana
José Offerman,Fecha de nacimiento,1968-11-08,republica_dominicana
José Vargas,Lugar de nacimiento,La Romana,republica_dominicana
José Vargas,Ocupación,baloncestista,republica_dominicana
José Vargas,Ciudadanía,República Dominicana,republica_dominicana
José Vargas,Educado en,Universidad Estatal de Luisiana,republica_dominicana
José Vargas,Fecha de nacimiento,1963-06-23,republica_dominicana
Sabana Grande de Palenque,país,República Dominicana,republica_dominicana
Sabana Grande de Palenque,instancia de,municipio de la República Dominicana,republica_dominicana
Sabana Grande de Palenque,situado en la entidad territorial administrativa,San Cristóbal,republica_dominicana
Villenave-d'Ornon,país,Francia,republica_dominicana
Villenave-d'Ornon,instancia de,comuna francesa,republica_dominicana
Villenave-d'Ornon,comparte fronteras con,Camblanes-et-Meynac,republica_dominicana
Villenave-d'Ornon,comparte fronteras con,Bègles,republica_dominicana
Villenave-d'Ornon,comparte fronteras con,Talence,republica_dominicana
sacerdote,instancia de,ocupación religiosa,republica_dominicana
sacerdote,subclase de,clérigo,republica_dominicana
sacerdote,ámbito de la ocupación,sacerdocio,republica_dominicana
sacerdote,se dice que es lo mismo que,ministro religioso,republica_dominicana
sacerdote,prefijo honorífico,reverendo,republica_dominicana
Francia,jefe de gobierno,Sébastien Lecornu,republica_dominicana
Francia,continente,Europa,republica_dominicana
Francia,instancia de,país,republica_dominicana
Francia,instancia de,república,republica_dominicana
Francia,instancia de,estado soberano,republica_dominicana
Universidad de Montreal,país,Canadá,republica_dominicana
Universidad de Montreal,instancia de,universidad pública de investigación,republica_dominicana
Universidad de Montreal,situado en la entidad territorial administrativa,Montreal,republica_dominicana
Universidad de Montreal,ubicación de la sede,Montreal,republica_dominicana
Provincia de San Juan,categoría principal del tema,Categoría:Provincia de San Juan (República Dominicana),republica_dominicana
Provincia de San Juan,categoría para las personas que nacieron aquí,Categoría:Nacidos en la provincia San Juan,republica_dominicana
Provincia de San Juan,país,República Dominicana,republica_dominicana
Tábara Arriba,país,República Dominicana,republica_dominicana
Tábara Arriba,instancia de,municipio de la República Dominicana,republica_dominicana
Tábara Arriba,situado en la entidad territorial administrativa,Provincia de Azua,republica_dominicana
San José de las Matas,país,República Dominicana,republica_dominicana
San José de las Matas,instancia de,municipio de la República Dominicana,republica_dominicana
San José de las Matas,situado en la entidad territorial administrativa,Provincia de Santiago (República Dominicana),republica_dominicana
Pueblo Viejo,país,República Dominicana,republica_dominicana
Pueblo Viejo,instancia de,municipio de la República Dominicana,republica_dominicana
Pueblo Viejo,situado en la entidad territorial administrativa,Provincia de Azua,republica_dominicana
Universidad Estatal de Luisiana,país,Estados Unidos,republica_dominicana
Universidad Estatal de Luisiana,instancia de,Universidad de concesión de tierras,republica_dominicana
Universidad Estatal de Luisiana,instancia de,universidad pública,republica_dominicana
Universidad Estatal de Luisiana,instancia de,universidad de investigación,republica_dominicana
Universidad Estatal de Luisiana,instancia de,institución educativa pública de los Estados Unidos,republica_dominicana
José Valdez,Lugar de nacimiento,Santo Domingo,republica_dominicana
José Valdez,Ocupación,beisbolista,republica_dominicana
José Valdez,Ciudadanía,República Dominicana,republica_dominicana
José Valdez,Fecha de nacimiento,1983-01-22,republica_dominicana
Juan Abreu (beisbolista),Lugar de nacimiento,San Pedro de Macorís,republica_dominicana
Juan Abreu (beisbolista),Ocupación,beisbolista,republica_dominicana
Juan Abreu (beisbolista),Ciudadanía,República Dominicana,republica_dominicana
Juan Abreu (beisbolista),Fecha de nacimiento,1985-04-08,republica_dominicana
Juan Bell,Lugar de nacimiento,San Pedro de Macorís,republica_dominicana
Juan Bell,Ocupación,beisbolista,republica_dominicana
Juan Bell,Ciudadanía,República Dominicana,republica_dominicana
Juan Bell,Fecha de nacimiento,1965-03-29,republica_dominicana
Juan Bell,Fecha de defunción,2016-08-24,republica_dominicana
Juan Bell,Fecha de nacimiento,1968-03-29,republica_dominicana
Juan Díaz,Lugar de nacimiento,Baní,republica_dominicana
Juan Díaz,Ocupación,beisbolista,republica_dominicana
Juan Díaz,Ciudadanía,República Dominicana,republica_dominicana
Juan Díaz,Fecha de nacimiento,1988-12-12,republica_dominicana
Juan Lara,Lugar de nacimiento,Municipio de Azua,republica_dominicana
Juan Lara,Ocupación,beisbolista,republica_dominicana
Juan Lara,Ciudadanía,República Dominicana,republica_dominicana
Juan Lara,Fecha de nacimiento,1981-01-26,republica_dominicana
Juan Temístocles Montás,Lugar de nacimiento,San Cristóbal,republica_dominicana
Juan Temístocles Montás,Ocupación,escritor,republica_dominicana
Juan Temístocles Montás,Ciudadanía,República Dominicana,republica_dominicana
Juan Temístocles Montás,Educado en,Universidad Autónoma de Santo Domingo,republica_dominicana
Juan Temístocles Montás,Fecha de nacimiento,1950-05-06,republica_dominicana
Juan Temístocles Montás,Ocupación,economista,republica_dominicana
Karla Echenique,Lugar de nacimiento,Santo Domingo,republica_dominicana
Karla Echenique,Ocupación,voleibolista,republica_dominicana
Karla Echenique,Ciudadanía,República Dominicana,republica_dominicana
Karla Echenique,Fecha de nacimiento,1986-05-16,republica_dominicana
Lavonne Idlette,Lugar de nacimiento,Miami,republica_dominicana
Lavonne Idlette,Ocupación,vallista,republica_dominicana
Lavonne Idlette,Ciudadanía,República Dominicana,republica_dominicana
Lavonne Idlette,Fecha de nacimiento,1985-10-31,republica_dominicana
Lendy Castillo,Lugar de nacimiento,Las Matas de Santa Cruz,republica_dominicana
Lendy Castillo,Ocupación,beisbolista,republica_dominicana
Lendy Castillo,Ciudadanía,República Dominicana,republica_dominicana
Lendy Castillo,Fecha de nacimiento,1989-04-08,republica_dominicana
Luis Santana,Lugar de nacimiento,La Romana,republica_dominicana
Luis Santana,Ocupación,boxeador,republica_dominicana
Luis Santana,Ciudadanía,República Dominicana,republica_dominicana
Luis Santana,Fecha de nacimiento,1958-11-19,republica_dominicana
Maikel Cleto,Lugar de nacimiento,Santo Domingo,republica_dominicana
Maikel Cleto,Ocupación,beisbolista,republica_dominicana
Maikel Cleto,Ciudadanía,República Dominicana,republica_dominicana
Maikel Cleto,Fecha de nacimiento,1989-05-01,republica_dominicana
Manny Mota,Lugar de nacimiento,Santo Domingo,republica_dominicana
Manny Mota,Ocupación,beisbolista,republica_dominicana
Manny Mota,Ciudadanía,República Dominicana,republica_dominicana
Manny Mota,Fecha de nacimiento,1938-02-18,republica_dominicana
Marcos Mateo,Lugar de nacimiento,San Cristóbal,republica_dominicana
Marcos Mateo,Ocupación,beisbolista,republica_dominicana
Marcos Mateo,Ciudadanía,República Dominicana,republica_dominicana
Marcos Mateo,Fecha de nacimiento,1984-04-18,republica_dominicana
María Trinidad Sánchez,Lugar de nacimiento,Santo Domingo,republica_dominicana
María Trinidad Sánchez,Ocupación,político,republica_dominicana
María Trinidad Sánchez,Ciudadanía,República Dominicana,republica_dominicana
María Trinidad Sánchez,Obra notable,Bandera Nacional de la República Dominicana,republica_dominicana
María Trinidad Sánchez,Fecha de nacimiento,1794-06-19,republica_dominicana
María Trinidad Sánchez,Fecha de defunción,1845-02-27,republica_dominicana
María Trinidad Sánchez,Ocupación,Luchadores por la libertad,republica_dominicana
María Trinidad Sánchez,Fecha de nacimiento,1794-06-26,republica_dominicana
Julián Tavárez,Lugar de nacimiento,Santiago de los Caballeros,republica_dominicana
Julián Tavárez,Ocupación,beisbolista,republica_dominicana
Julián Tavárez,Ciudadanía,República Dominicana,republica_dominicana
Julián Tavárez,Fecha de nacimiento,1973-05-22,republica_dominicana
Mariano Duncan,Lugar de nacimiento,San Pedro de Macorís,republica_dominicana
Mariano Duncan,Ocupación,beisbolista,republica_dominicana
Mariano Duncan,Ciudadanía,República Dominicana,republica_dominicana
Mariano Duncan,Fecha de nacimiento,1963-03-13,republica_dominicana
Mauro Alexis Gómez,Lugar de nacimiento,Baní,republica_dominicana
Mauro Alexis Gómez,Ocupación,beisbolista,republica_dominicana
Mauro Alexis Gómez,Ciudadanía,República Dominicana,republica_dominicana
Mauro Alexis Gómez,Fecha de nacimiento,1984-09-07,republica_dominicana
Michael Martínez,Lugar de nacimiento,Santo Domingo,republica_dominicana
Michael Martínez,Ocupación,beisbolista,republica_dominicana
Michael Martínez,Ciudadanía,República Dominicana,republica_dominicana
Michael Martínez,Fecha de nacimiento,1982-09-16,republica_dominicana
Yeison Asencio,Lugar de nacimiento,Santo Domingo,republica_dominicana
Yeison Asencio,Ocupación,beisbolista,republica_dominicana
Yeison Asencio,Ciudadanía,República Dominicana,republica_dominicana
Yeison Asencio,Fecha de nacimiento,1989-11-14,republica_dominicana
Carlos Amarante Baret,Lugar de nacimiento,Moca,republica_dominicana
Carlos Amarante Baret,Ocupación,abogado,republica_dominicana
Carlos Amarante Baret,Ciudadanía,República Dominicana,republica_dominicana
Carlos Amarante Baret,Educado en,Universidad Autónoma de Santo Domingo,republica_dominicana
Carlos Amarante Baret,Fecha de nacimiento,1960-01-01,republica_dominicana
Carlos Amarante Baret,Ocupación,político,republica_dominicana
Carlos Amarante Baret,Educado en,Pontificia Universidad Católica Madre y Maestra,republica_dominicana
vallista,instancia de,profesión,republica_dominicana
vallista,subclase de,atleta,republica_dominicana
vallista,ámbito de la ocupación,carreras de vallas,republica_dominicana
vallista,categoría principal del tema,Categoría:Vallistas,republica_dominicana
Las Matas de Santa Cruz,país,República Dominicana,republica_dominicana
Las Matas de Santa Cruz,instancia de,municipio de la República Dominicana,republica_dominicana
Las Matas de Santa Cruz,situado en la entidad territorial administrativa,Provincia de Monte Cristi,republica_dominicana
Bandera Nacional de la República Dominicana,instancia de,bandera nacional,republica_dominicana
Bandera Nacional de la República Dominicana,creador,Juan Pablo Duarte Diez,republica_dominicana
Bandera Nacional de la República Dominicana,representa a,cruz,republica_dominicana
Bandera Nacional de la República Dominicana,representa a,Escudo de la República Dominicana,republica_dominicana
Bandera Nacional de la República Dominicana,representa a,campo,republica_dominicana
Edward Santana,Lugar de nacimiento,Hato Mayor,republica_dominicana
Edward Santana,Ocupación,baloncestista,republica_dominicana
Edward Santana,Ciudadanía,España,republica_dominicana
Edward Santana,Fecha de nacimiento,1980-04-20,republica_dominicana
Edward Santana,Ciudadanía,República Dominicana,republica_dominicana
Francisco Peña,Lugar de nacimiento,Santiago de los Caballeros,republica_dominicana
Francisco Peña,Ocupación,beisbolista,republica_dominicana
Francisco Peña,Ciudadanía,República Dominicana,republica_dominicana
Francisco Peña,Fecha de nacimiento,1989-10-12,republica_dominicana
Juan Pérez,Lugar de nacimiento,Santiago de los Caballeros,republica_dominicana
Juan Pérez,Educado en,DeWitt Clinton High School,republica_dominicana
Juan Pérez,Fecha de nacimiento,1986-11-13,republica_dominicana
Juan Pérez,Educado en,Western Oklahoma State College,republica_dominicana
Joëlle Schad,Lugar de nacimiento,Santo Domingo,republica_dominicana
Joëlle Schad,Ocupación,tenista,republica_dominicana
Joëlle Schad,Ciudadanía,República Dominicana,republica_dominicana
Joëlle Schad,Premio recibido,medalla de plata,republica_dominicana
Joëlle Schad,Fecha de nacimiento,1973-03-13,republica_dominicana
Joëlle Schad,Premio recibido,medalla de bronce,republica_dominicana
José Alfredo Dominguez,Lugar de nacimiento,San Pedro de Macorís,republica_dominicana
José Alfredo Dominguez,Ocupación,beisbolista,republica_dominicana
José Alfredo Dominguez,Ciudadanía,República Dominicana,republica_dominicana
José Alfredo Dominguez,Fecha de nacimiento,1990-08-07,republica_dominicana
Danny Salazar,Lugar de nacimiento,Santo Domingo,republica_dominicana
Danny Salazar,Ocupación,beisbolista,republica_dominicana
Danny Salazar,Ciudadanía,República Dominicana,republica_dominicana
Danny Salazar,Fecha de nacimiento,1990-01-11,republica_dominicana
Danny Salazar,Ocupación,beisbolista profesional,republica_dominicana
Luis Amado García,Lugar de nacimiento,Santo Domingo,republica_dominicana
Luis Amado García,Ocupación,beisbolista,republica_dominicana
Luis Amado García,Ciudadanía,República Dominicana,republica_dominicana
Luis Amado García,Fecha de nacimiento,1987-01-30,republica_dominicana
Eury De La Rosa,Lugar de nacimiento,Santiago de los Caballeros,republica_dominicana
Eury De La Rosa,Ocupación,beisbolista,republica_dominicana
Eury De La Rosa,Ciudadanía,República Dominicana,republica_dominicana
Eury De La Rosa,Fecha de nacimiento,1990-02-24,republica_dominicana
Jonathan Villar,Lugar de nacimiento,La Vega,republica_dominicana
Jonathan Villar,Ocupación,beisbolista,republica_dominicana
Jonathan Villar,Ciudadanía,República Dominicana,republica_dominicana
Jonathan Villar,Fecha de nacimiento,1991-05-02,republica_dominicana
Yaritza Reyes,Lugar de nacimiento,Santo Domingo Norte,republica_dominicana
Yaritza Reyes,Ocupación,periodista,republica_dominicana
Yaritza Reyes,Ciudadanía,República Dominicana,republica_dominicana
Yaritza Reyes,Fecha de nacimiento,1993-12-17,republica_dominicana
Yaritza Reyes,Ocupación,modelo,republica_dominicana
Yaritza Reyes,Ocupación,participante en concursos de belleza,republica_dominicana
Adrian Abreu,Lugar de nacimiento,Boca Chica,republica_dominicana
Adrian Abreu,Ocupación,beisbolista,republica_dominicana
Adrian Abreu,Ciudadanía,República Dominicana,republica_dominicana
Adrian Abreu,Fecha de nacimiento,1991-06-14,republica_dominicana
Rolando Gómez,Ocupación,atleta,republica_dominicana
Rolando Gómez,Ciudadanía,República Dominicana,republica_dominicana
Rolando Gómez,Fecha de nacimiento,1944-11-10,republica_dominicana
Tjoe de Paula,Lugar de nacimiento,Santo Domingo,republica_dominicana
Tjoe de Paula,Ocupación,baloncestista,republica_dominicana
Tjoe de Paula,Ciudadanía,República Dominicana,republica_dominicana
Tjoe de Paula,Fecha de nacimiento,1981-02-15,republica_dominicana
Tjoe de Paula,Ciudadanía,Reino de los Países Bajos,republica_dominicana
Claudio Encarnacion Montero,Lugar de nacimiento,El Cercado,republica_dominicana
Claudio Encarnacion Montero,Ocupación,actor,republica_dominicana
Claudio Encarnacion Montero,Ciudadanía,Estados Unidos,republica_dominicana
Claudio Encarnacion Montero,Fecha de nacimiento,1995-10-12,republica_dominicana
Claudio Encarnacion Montero,Ocupación,rapero,republica_dominicana
Claudio Encarnacion Montero,Ciudadanía,República Dominicana,republica_dominicana
Leandro Castro,Lugar de nacimiento,La Romana,republica_dominicana
Leandro Castro,Ocupación,beisbolista,republica_dominicana
Leandro Castro,Ciudadanía,República Dominicana,republica_dominicana
Leandro Castro,Fecha de nacimiento,1989-06-15,republica_dominicana
Francesca Segarelli,Lugar de nacimiento,Roma,republica_dominicana
Francesca Segarelli,Ocupación,tenista,republica_dominicana
Francesca Segarelli,Ciudadanía,República Dominicana,republica_dominicana
Francesca Segarelli,Educado en,Universidad Estatal de Florida,republica_dominicana
Francesca Segarelli,Fecha de nacimiento,1990-09-05,republica_dominicana
Raoul Rizik,Lugar de nacimiento,Santo Domingo,republica_dominicana
Raoul Rizik,Ocupación,actor,republica_dominicana
Raoul Rizik,Ciudadanía,Estados Unidos,republica_dominicana
Raoul Rizik,Fecha de nacimiento,1947-01-01,republica_dominicana
Raoul Rizik,Fecha de defunción,2013-10-03,republica_dominicana
Raoul Rizik,Ciudadanía,República Dominicana,republica_dominicana
Abraham Almonte,Lugar de nacimiento,Santo Domingo,republica_dominicana
Abraham Almonte,Ocupación,beisbolista,republica_dominicana
Abraham Almonte,Ciudadanía,República Dominicana,republica_dominicana
Abraham Almonte,Fecha de nacimiento,1989-06-27,republica_dominicana
Fausto Mata,Lugar de nacimiento,Santo Domingo,republica_dominicana
Fausto Mata,Ocupación,actor,republica_dominicana
Fausto Mata,Ciudadanía,República Dominicana,republica_dominicana
Fausto Mata,Fecha de nacimiento,1968-10-13,republica_dominicana
Fausto Mata,Ocupación,actor de televisión,republica_dominicana
Arquímedes Euclides Caminero Ordóñez,Lugar de nacimiento,Santo Domingo,republica_dominicana
Arquímedes Euclides Caminero Ordóñez,Ocupación,beisbolista,republica_dominicana
Arquímedes Euclides Caminero Ordóñez,Ciudadanía,República Dominicana,republica_dominicana
Arquímedes Euclides Caminero Ordóñez,Fecha de nacimiento,1987-06-16,republica_dominicana
medalla de plata,instancia de,distinción,republica_dominicana
medalla de plata,instancia de,categoría de un premio,republica_dominicana
medalla de plata,subclase de,segundo lugar,republica_dominicana
medalla de plata,subclase de,medalla de premio,republica_dominicana
Santo Domingo Norte,país,República Dominicana,republica_dominicana
Santo Domingo Norte,instancia de,municipio de la República Dominicana,republica_dominicana
Santo Domingo Norte,situado en la entidad territorial administrativa,Provincia Santo Domingo,republica_dominicana
periodista,instancia de,profesión,republica_dominicana
periodista,instancia de,cargo,republica_dominicana
periodista,instancia de,ocupación,republica_dominicana
periodista,instancia de,grupo de ocupaciones de la CIUO,republica_dominicana
periodista,subclase de,autor,republica_dominicana
Boca Chica,país,República Dominicana,republica_dominicana
Boca Chica,instancia de,municipio de la República Dominicana,republica_dominicana
Boca Chica,situado en la entidad territorial administrativa,Provincia Santo Domingo,republica_dominicana
Boca Chica,diócesis,diócesis de Stella Maris,republica_dominicana
Reino de los Países Bajos,jefe de gobierno,Dick Schoof,republica_dominicana
Reino de los Países Bajos,continente,Europa,republica_dominicana
Reino de los Países Bajos,instancia de,país,republica_dominicana
Reino de los Países Bajos,instancia de,reino,republica_dominicana
rapero,instancia de,ocupación,republica_dominicana
rapero,instancia de,profesión musical,republica_dominicana
rapero,subclase de,vocalista,republica_dominicana
rapero,subclase de,músico de hip-hop,republica_dominicana
Roma,jefe de gobierno,Roberto Gualtieri,republica_dominicana
Roma,país,Italia,republica_dominicana
Roma,continente,Europa,republica_dominicana
Roma,instancia de,metrópoli,republica_dominicana
Roma,instancia de,comuna de Italia,republica_dominicana
Universidad Estatal de Florida,país,Estados Unidos,republica_dominicana
Universidad Estatal de Florida,instancia de,escuela,republica_dominicana
Universidad Estatal de Florida,instancia de,universidad pública,republica_dominicana
Universidad Estatal de Florida,instancia de,institución educativa pública de los Estados Unidos,republica_dominicana
Universidad Estatal de Florida,situado en la entidad territorial administrativa,Tallahassee,republica_dominicana
actor de televisión,instancia de,profesión,republica_dominicana
actor de televisión,subclase de,actor,republica_dominicana
actor de televisión,ámbito de la ocupación,actuación para la televisión,republica_dominicana
actor de televisión,categoría principal del tema,Categoría:Actores de televisión,republica_dominicana
José María Serra de Castro,Lugar de nacimiento,Santo Domingo,republica_dominicana
José María Serra de Castro,Ocupación,periodista,republica_dominicana
José María Serra de Castro,Ciudadanía,República Dominicana,republica_dominicana
José María Serra de Castro,Fecha de nacimiento,1819-01-01,republica_dominicana
José María Serra de Castro,Fecha de defunción,1888-01-01,republica_dominicana
Fernando Ureña Rib,Lugar de nacimiento,La Romana,republica_dominicana
Fernando Ureña Rib,Ocupación,pintor,republica_dominicana
Fernando Ureña Rib,Ciudadanía,República Dominicana,republica_dominicana
Fernando Ureña Rib,Educado en,Universidad Autónoma de Santo Domingo,republica_dominicana
Fernando Ureña Rib,Fecha de nacimiento,1951-03-21,republica_dominicana
Fernando Ureña Rib,Fecha de defunción,2013-12-27,republica_dominicana
Juan de los Santos,Lugar de nacimiento,Santo Domingo,republica_dominicana
Juan de los Santos,Ocupación,político,republica_dominicana
Juan de los Santos,Ciudadanía,República Dominicana,republica_dominicana
Juan de los Santos,Educado en,Universidad de Salamanca,republica_dominicana
Juan de los Santos,Cargo,alcalde,republica_dominicana
Juan de los Santos,Fecha de nacimiento,1970-01-31,republica_dominicana
Juan de los Santos,Fecha de defunción,2015-12-14,republica_dominicana
Juan de los Santos,Ocupación,empresario,republica_dominicana
Juan de los Santos,Educado en,Universidad APEC,republica_dominicana
José Agustín Silvestre de los Santos,Lugar de nacimiento,La Romana,republica_dominicana
José Agustín Silvestre de los Santos,Ocupación,periodista,republica_dominicana
José Agustín Silvestre de los Santos,Ciudadanía,República Dominicana,republica_dominicana
José Agustín Silvestre de los Santos,Fecha de nacimiento,1952-05-05,republica_dominicana
José Agustín Silvestre de los Santos,Fecha de defunción,2011-08-02,republica_dominicana
José Miguel Alcantara Almanzar,Lugar de nacimiento,Provincia Santo Domingo,republica_dominicana
José Miguel Alcantara Almanzar,Ocupación,escritor,republica_dominicana
José Miguel Alcantara Almanzar,Ciudadanía,República Dominicana,republica_dominicana
José Miguel Alcantara Almanzar,Premio recibido,Premio Nacional de Literatura de la República Dominicana,republica_dominicana
José Miguel Alcantara Almanzar,Fecha de nacimiento,1946-05-02,republica_dominicana
José Miguel Alcantara Almanzar,Ocupación,profesor universitario,republica_dominicana
José Miguel Alcantara Almanzar,Ocupación,crítico literario,republica_dominicana
José Miguel Alcantara Almanzar,Premio recibido,Premio Caonabo de Oro,republica_dominicana
Pedro Franco Badía,Ocupación,político,republica_dominicana
Pedro Franco Badía,Ciudadanía,República Dominicana,republica_dominicana
Pedro Franco Badía,Fecha de nacimiento,1935-01-01,republica_dominicana
Pedro Franco Badía,Fecha de defunción,2016-12-04,republica_dominicana
Arismendy Alcántara,Lugar de nacimiento,Santo Domingo,republica_dominicana
Arismendy Alcántara,Ocupación,beisbolista,republica_dominicana
Arismendy Alcántara,Ciudadanía,República Dominicana,republica_dominicana
Arismendy Alcántara,Fecha de nacimiento,1991-10-29,republica_dominicana
Julio Yarn,Ocupación,beisbolista,republica_dominicana
Julio Yarn,Ciudadanía,República Dominicana,republica_dominicana
Julio Yarn,Fecha de nacimiento,1965-06-24,republica_dominicana
José Santana,Lugar de nacimiento,Santo Domingo,republica_dominicana
José Santana,Ocupación,economista,republica_dominicana
José Santana,Ciudadanía,República Dominicana,republica_dominicana
José Santana,Fecha de nacimiento,1962-04-25,republica_dominicana
Dulce Piña,Lugar de nacimiento,San Juan,republica_dominicana
Dulce Piña,Ocupación,yudoca,republica_dominicana
Dulce Piña,Ciudadanía,República Dominicana,republica_dominicana
Dulce Piña,Fecha de nacimiento,1966-09-12,republica_dominicana
Wason Brazobán,Lugar de nacimiento,Villa Mella,republica_dominicana
Wason Brazobán,Ocupación,músico,republica_dominicana
Wason Brazobán,Ciudadanía,República Dominicana,republica_dominicana
Wason Brazobán,Fecha de nacimiento,1969-03-04,republica_dominicana
Black Point,Lugar de nacimiento,Santo Domingo,republica_dominicana
Black Point,Ocupación,cantante,republica_dominicana
Black Point,Ciudadanía,República Dominicana,republica_dominicana
Black Point,Fecha de nacimiento,1989-01-24,republica_dominicana
Black Point,Ocupación,productor discográfico,republica_dominicana
Black Point,Ocupación,compositor de canciones,republica_dominicana
Black Point,Ocupación,rapero,republica_dominicana
Guillermo Cabrera,Lugar de nacimiento,Santo Domingo,republica_dominicana
Guillermo Cabrera,Ocupación,nadador,republica_dominicana
Guillermo Cabrera,Ciudadanía,República Dominicana,republica_dominicana
Guillermo Cabrera,Fecha de nacimiento,1982-02-28,republica_dominicana
Julio Dujarric,Ocupación,tirador,republica_dominicana
Julio Dujarric,Ciudadanía,República Dominicana,republica_dominicana
Julio Dujarric,Fecha de nacimiento,1977-12-28,republica_dominicana
Joel Mejia,Lugar de nacimiento,Higüey,republica_dominicana
Joel Mejia,Ocupación,atleta,republica_dominicana
Joel Mejia,Ciudadanía,República Dominicana,republica_dominicana
Joel Mejia,Fecha de nacimiento,1990-08-18,republica_dominicana
Francisco Lorenzo,Lugar de nacimiento,San Cristóbal,republica_dominicana
Francisco Lorenzo,Ocupación,boxeador,republica_dominicana
Francisco Lorenzo,Ciudadanía,República Dominicana,republica_dominicana
Francisco Lorenzo,Fecha de nacimiento,1971-10-27,republica_dominicana
Joan Soriano,Ocupación,cantautor,republica_dominicana
Joan Soriano,Ciudadanía,República Dominicana,republica_dominicana
Joan Soriano,Fecha de nacimiento,1972-02-23,republica_dominicana
Amaury Martínez,Lugar de nacimiento,Santo Domingo,republica_dominicana
Amaury Martínez,Ocupación,voleibolista,republica_dominicana
Amaury Martínez,Ciudadanía,República Dominicana,republica_dominicana
Amaury Martínez,Fecha de nacimiento,1973-02-13,republica_dominicana
Ozell Wells,Lugar de nacimiento,Detroit,republica_dominicana
Ozell Wells,Ocupación,empresario,republica_dominicana
Ozell Wells,Ciudadanía,Estados Unidos,republica_dominicana
Ozell Wells,Educado en,Universidad de Míchigan,republica_dominicana
Ozell Wells,Fecha de nacimiento,1977-01-04,republica_dominicana
Ozell Wells,Ocupación,baloncestista,republica_dominicana
Ozell Wells,Ocupación,entrenador de baloncesto,republica_dominicana
Ozell Wells,Ciudadanía,República Dominicana,republica_dominicana
Frank Báez,Lugar de nacimiento,Santo Domingo,republica_dominicana
Frank Báez,Ocupación,escritor,republica_dominicana
Frank Báez,Ciudadanía,República Dominicana,republica_dominicana
Frank Báez,Fecha de nacimiento,1978-01-01,republica_dominicana
Frank Báez,Ocupación,poeta,republica_dominicana
Frank Báez,Ocupación,narrador,republica_dominicana
Universidad de Salamanca,país,España,republica_dominicana
Universidad de Salamanca,instancia de,universidad pública,republica_dominicana
Universidad de Salamanca,instancia de,editor de acceso abierto,republica_dominicana
Universidad de Salamanca,situado en la entidad territorial administrativa,Salamanca,republica_dominicana
Universidad de Salamanca,ubicación de la sede,Salamanca,republica_dominicana
alcalde,instancia de,cargo,republica_dominicana
alcalde,subclase de,autoridad,republica_dominicana
alcalde,subclase de,órgano,republica_dominicana
alcalde,subclase de,jefe del Gobierno,republica_dominicana
alcalde,subclase de,político municipal,republica_dominicana
Premio Nacional de Literatura de la República Dominicana,país,República Dominicana,republica_dominicana
Premio Nacional de Literatura de la República Dominicana,instancia de,distinción,republica_dominicana
Premio Nacional de Literatura de la República Dominicana,subclase de,premio literario,republica_dominicana
productor discográfico,instancia de,profesión musical,republica_dominicana
productor discográfico,subclase de,músico,republica_dominicana
productor discográfico,subclase de,productor,republica_dominicana
nadador,instancia de,ocupación,republica_dominicana
nadador,subclase de,deportista,republica_dominicana
nadador,ámbito de la ocupación,natación,republica_dominicana
tirador,instancia de,profesión,republica_dominicana
tirador,subclase de,deportista,republica_dominicana
tirador,subclase de,tirador,republica_dominicana
tirador,ámbito de la ocupación,tiro deportivo,republica_dominicana
tirador,ámbito de la ocupación,Tiro Práctico,republica_dominicana
Detroit,ubicación de la sede,Detroit,republica_dominicana
Detroit,jefe de gobierno,Mike Duggan,republica_dominicana
Detroit,país,Estados Unidos,republica_dominicana
Detroit,continente,América del Norte,republica_dominicana
Detroit,instancia de,sede de condado,republica_dominicana
Universidad de Míchigan,país,Estados Unidos,republica_dominicana
Universidad de Míchigan,instancia de,institución educativa pública de los Estados Unidos,republica_dominicana
Universidad de Míchigan,instancia de,universidad pública de investigación,republica_dominicana
Universidad de Míchigan,fundador,Gabriel Richard,republica_dominicana
Universidad de Míchigan,situado en la entidad territorial administrativa,Ann Arbor,republica_dominicana
Gabriel García,Ocupación,luchador,republica_dominicana
Gabriel García,Ciudadanía,República Dominicana,republica_dominicana
Gabriel García,Fecha de nacimiento,1990-11-02,republica_dominicana
Ramón García,Ocupación,luchador,republica_dominicana
Ramón García,Ciudadanía,República Dominicana,republica_dominicana
Ramón García,Fecha de nacimiento,1987-11-10,republica_dominicana
Carolina González,Ocupación,luchador,republica_dominicana
Carolina González,Ciudadanía,República Dominicana,republica_dominicana
María González,Ocupación,luchador,republica_dominicana
María González,Ciudadanía,República Dominicana,republica_dominicana
María González,Fecha de nacimiento,1996-01-20,republica_dominicana
José Manuel Muñoz,Ocupación,luchador,republica_dominicana
José Manuel Muñoz,Ciudadanía,República Dominicana,republica_dominicana
Manuel Núñez,Ocupación,luchador,republica_dominicana
Manuel Núñez,Ciudadanía,República Dominicana,republica_dominicana
Luis Benítez,Ocupación,taekwondista,republica_dominicana
Luis Benítez,Ciudadanía,República Dominicana,republica_dominicana
José Ernesto Chapuseaux,Lugar de nacimiento,Santo Domingo,republica_dominicana
José Ernesto Chapuseaux,Ocupación,compositor,republica_dominicana
José Ernesto Chapuseaux,Ciudadanía,República Dominicana,republica_dominicana
José Ernesto Chapuseaux,Fecha de nacimiento,1911-01-01,republica_dominicana
José Ernesto Chapuseaux,Fecha de defunción,1986-01-01,republica_dominicana
José Ernesto Chapuseaux,Ocupación,cantante,republica_dominicana
José Ernesto Chapuseaux,Ocupación,bailarín,republica_dominicana
José Ernesto Chapuseaux,Ocupación,artista discográfico,republica_dominicana
Luis Frías Sandoval,Ciudadanía,República Dominicana,republica_dominicana
Luis Frías Sandoval,Educado en,Universidad Autónoma de Santo Domingo,republica_dominicana
Luis Frías Sandoval,Fecha de nacimiento,1920-01-01,republica_dominicana
Luis Frías Sandoval,Fecha de defunción,2006-03-12,republica_dominicana
Osvaldo Cepeda y Cepeda,Ocupación,militar,republica_dominicana
Osvaldo Cepeda y Cepeda,Ciudadanía,República Dominicana,republica_dominicana
Osvaldo Cepeda y Cepeda,Fecha de nacimiento,1938-11-27,republica_dominicana
Luiyi Lugo,Lugar de nacimiento,Santiago de los Caballeros,republica_dominicana
Luiyi Lugo,Ocupación,futbolista,republica_dominicana
Luiyi Lugo,Ciudadanía,República Dominicana,republica_dominicana
Luiyi Lugo,Fecha de nacimiento,1994-02-21,republica_dominicana
Luis Montero,Lugar de nacimiento,Santo Domingo,republica_dominicana
Luis Montero,Ocupación,baloncestista,republica_dominicana
Luis Montero,Ciudadanía,República Dominicana,republica_dominicana
Luis Montero,Educado en,South Plains College,republica_dominicana
Luis Montero,Fecha de nacimiento,1993-04-06,republica_dominicana
Luis Montero,Educado en,Wilbraham & Monson Academy,republica_dominicana
Deibinson Romero,Lugar de nacimiento,República Dominicana,republica_dominicana
Deibinson Romero,Ocupación,beisbolista,republica_dominicana
Deibinson Romero,Ciudadanía,República Dominicana,republica_dominicana
Deibinson Romero,Fecha de nacimiento,1986-09-24,republica_dominicana
Diógenes Céspedes,Lugar de nacimiento,Santo Domingo,republica_dominicana
Diógenes Céspedes,Ocupación,poeta,republica_dominicana
Diógenes Céspedes,Ciudadanía,República Dominicana,republica_dominicana
Diógenes Céspedes,Fecha de nacimiento,1941-05-28,republica_dominicana
Diógenes Céspedes,Ocupación,periodista,republica_dominicana
Diógenes Céspedes,Ocupación,crítico literario,republica_dominicana
Vinicio Castillo Semán,Lugar de nacimiento,San Francisco de Macorís,republica_dominicana
Vinicio Castillo Semán,Ocupación,abogado,republica_dominicana
Vinicio Castillo Semán,Ciudadanía,República Dominicana,republica_dominicana
Vinicio Castillo Semán,Fecha de nacimiento,1963-11-03,republica_dominicana
Dinardo Rodríguez,Lugar de nacimiento,Monte Cristi,republica_dominicana
Dinardo Rodríguez,Ocupación,futbolista,republica_dominicana
Dinardo Rodríguez,Ciudadanía,República Dominicana,republica_dominicana
Dinardo Rodríguez,Fecha de nacimiento,1968-06-08,republica_dominicana
Mario Nelson Galán Durán,Lugar de nacimiento,La Vega,republica_dominicana
Mario Nelson Galán Durán,Ocupación,político,republica_dominicana
Mario Nelson Galán Durán,Ciudadanía,República Dominicana,republica_dominicana
Mario Nelson Galán Durán,Fecha de nacimiento,1946-09-21,republica_dominicana
Mario Nelson Galán Durán,Fecha de defunción,1973-03-22,republica_dominicana
Gilberto Serulle,Lugar de nacimiento,Provincia de Santiago (República Dominicana),republica_dominicana
Gilberto Serulle,Ciudadanía,República Dominicana,republica_dominicana
Gilberto Serulle,Fecha de nacimiento,1957-10-20,republica_dominicana
Hilda Coriz,Ocupación,artista,republica_dominicana
Hilda Coriz,Ciudadanía,República Dominicana,republica_dominicana
Hilda Coriz,Fecha de nacimiento,1949-01-01,republica_dominicana
Hilda Coriz,Fecha de defunción,2007-01-01,republica_dominicana
Marisela Peralta,Ocupación,atleta,republica_dominicana
Marisela Peralta,Ciudadanía,República Dominicana,republica_dominicana
Marisela Peralta,Fecha de nacimiento,1955-12-21,republica_dominicana
artista,instancia de,ocupación,republica_dominicana
artista,instancia de,profesión artística,republica_dominicana
artista,subclase de,creador,republica_dominicana
artista,santo patrón,Fra Angelico,republica_dominicana
Bélgica Adela Mirabal Reyes,Ocupación,activista,republica_dominicana
Bélgica Adela Mirabal Reyes,Ciudadanía,República Dominicana,republica_dominicana
Bélgica Adela Mirabal Reyes,Fecha de nacimiento,1925-03-01,republica_dominicana
Bélgica Adela Mirabal Reyes,Fecha de defunción,2014-02-01,republica_dominicana
Marianela Pinales,Lugar de nacimiento,Distrito Nacional,republica_dominicana
Marianela Pinales,Ocupación,abogado,republica_dominicana
Marianela Pinales,Ciudadanía,República Dominicana,republica_dominicana
Marianela Pinales,Fecha de nacimiento,1972-01-09,republica_dominicana
Marianela Pinales,Ocupación,político,republica_dominicana
Marianela Pinales,Ocupación,activista,republica_dominicana
Denise Romero,Ocupación,participante en concursos de belleza,republica_dominicana
Denise Romero,Ciudadanía,República Dominicana,republica_dominicana
Rudolf González,Lugar de nacimiento,Hennef,republica_dominicana
Rudolf González,Ocupación,futbolista,republica_dominicana
Rudolf González,Ciudadanía,República Dominicana,republica_dominicana
Rudolf González,Fecha de nacimiento,1998-07-02,republica_dominicana
Edarlyn Reyes,Lugar de nacimiento,Hermanas Mirabal,republica_dominicana
Edarlyn Reyes,Ocupación,futbolista,republica_dominicana
Edarlyn Reyes,Ciudadanía,República Dominicana,republica_dominicana
Edarlyn Reyes,Fecha de nacimiento,1997-09-30,republica_dominicana
Winder Mendoza,Lugar de nacimiento,Parroquia Altagracia,republica_dominicana
Winder Mendoza,Ocupación,futbolista,republica_dominicana
Winder Mendoza,Ciudadanía,Venezuela,republica_dominicana
Winder Mendoza,Fecha de nacimiento,1984-12-09,republica_dominicana
Winder Mendoza,Ciudadanía,República Dominicana,republica_dominicana
Josh García,Lugar de nacimiento,Massachusetts,republica_dominicana
Josh García,Ocupación,futbolista,republica_dominicana
Josh García,Ciudadanía,Estados Unidos,republica_dominicana
Josh García,Educado en,Friends University,republica_dominicana
Josh García,Fecha de nacimiento,1993-07-28,republica_dominicana
Josh García,Ciudadanía,República Dominicana,republica_dominicana
Dorny Romero,Lugar de nacimiento,El Seibo,republica_dominicana
Dorny Romero,Ocupación,futbolista,republica_dominicana
Dorny Romero,Ciudadanía,República Dominicana,republica_dominicana
Dorny Romero,Fecha de nacimiento,1998-01-24,republica_dominicana
José Defran,Lugar de nacimiento,La Vega,republica_dominicana
José Defran,Ocupación,luchador,republica_dominicana
José Defran,Ciudadanía,República Dominicana,republica_dominicana
José Defran,Fecha de nacimiento,1938-01-01,republica_dominicana
Onésimo Rufino,Lugar de nacimiento,Santiago de los Caballeros,republica_dominicana
Onésimo Rufino,Ocupación,luchador,republica_dominicana
Onésimo Rufino,Ciudadanía,República Dominicana,republica_dominicana
Onésimo Rufino,Fecha de nacimiento,1947-01-01,republica_dominicana
Aletxa Mueses,Ocupación,participante en concursos de belleza,republica_dominicana
Aletxa Mueses,Ciudadanía,República Dominicana,republica_dominicana
Sofinel Báez,Ocupación,participante en concursos de belleza,republica_dominicana
Sofinel Báez,Ciudadanía,República Dominicana,republica_dominicana
Manny Correa,Lugar de nacimiento,San Cristóbal,republica_dominicana
Manny Correa,Ocupación,beisbolista,republica_dominicana
Manny Correa,Ciudadanía,República Dominicana,republica_dominicana
Manny Correa,Fecha de nacimiento,1989-01-05,republica_dominicana
Juan Familia Castillo,Lugar de nacimiento,Ámsterdam,republica_dominicana
Juan Familia Castillo,Ocupación,futbolista,republica_dominicana
Juan Familia Castillo,Ciudadanía,República Dominicana,republica_dominicana
Juan Familia Castillo,Fecha de nacimiento,2000-01-13,republica_dominicana
Juan Familia Castillo,Ciudadanía,Reino de los Países Bajos,republica_dominicana
Mary Pérez de Marranzini,Lugar de nacimiento,Santo Domingo,republica_dominicana
Mary Pérez de Marranzini,Ocupación,filántropo,republica_dominicana
Mary Pérez de Marranzini,Ciudadanía,República Dominicana,republica_dominicana
Mary Pérez de Marranzini,Fecha de nacimiento,1926-09-20,republica_dominicana
Mary Pérez de Marranzini,Fecha de defunción,2025-05-08,republica_dominicana
Francia Josefina Miniño,Lugar de nacimiento,Santo Domingo,republica_dominicana
Francia Josefina Miniño,Ocupación,bailarín de ballet,republica_dominicana
Francia Josefina Miniño,Ciudadanía,República Dominicana,republica_dominicana
Francia Josefina Miniño,Fecha de nacimiento,1940-06-04,republica_dominicana
Yvelisse Prats Ramírez,Lugar de nacimiento,Santo Domingo,republica_dominicana
Yvelisse Prats Ramírez,Ocupación,funcionario,republica_dominicana
Yvelisse Prats Ramírez,Ciudadanía,República Dominicana,republica_dominicana
Yvelisse Prats Ramírez,Fecha de nacimiento,1931-07-23,republica_dominicana
Yvelisse Prats Ramírez,Fecha de defunción,2020-10-11,republica_dominicana
Manuela Díez Jiménez,Lugar de nacimiento,El Seibo,republica_dominicana
Manuela Díez Jiménez,Ocupación,activista,republica_dominicana
Manuela Díez Jiménez,Ciudadanía,República Dominicana,republica_dominicana
Manuela Díez Jiménez,Miembro de,La Trinitaria,republica_dominicana
Manuela Díez Jiménez,Fecha de nacimiento,1786-06-26,republica_dominicana
Manuela Díez Jiménez,Fecha de defunción,1858-12-31,republica_dominicana
Aniana Vargas,Ocupación,político,republica_dominicana
Aniana Vargas,Ciudadanía,República Dominicana,republica_dominicana
Aniana Vargas,Fecha de nacimiento,1930-03-13,republica_dominicana
Aniana Vargas,Fecha de defunción,2002-12-16,republica_dominicana
Tanya Valette,Ocupación,director de cine,republica_dominicana
Tanya Valette,Ciudadanía,República Dominicana,republica_dominicana
Tanya Valette,Fecha de nacimiento,1962-01-01,republica_dominicana
activista,instancia de,ocupación,republica_dominicana
activista,instancia de,actitud ética,republica_dominicana
activista,subclase de,persona,republica_dominicana
activista,ámbito de la ocupación,activismo,republica_dominicana
activista,ámbito de la ocupación,incidencia política,republica_dominicana
Distrito Nacional,país,República Dominicana,republica_dominicana
Distrito Nacional,instancia de,división administrativa de primer nivel,republica_dominicana
Distrito Nacional,instancia de,entidad territorial administrativa de la República Dominicana,republica_dominicana
Distrito Nacional,capital,Santo Domingo,republica_dominicana
Distrito Nacional,comparte fronteras con,Provincia Santo Domingo,republica_dominicana
Hennef,país,Alemania,republica_dominicana
Hennef,instancia de,municipio urbano de Alemania,republica_dominicana
Hennef,situado en la entidad territorial administrativa,Rhein-Sieg-Kreis,republica_dominicana
Parroquia Altagracia,país,Venezuela,republica_dominicana
Parroquia Altagracia,instancia de,parroquia civil de Venezuela,republica_dominicana
Parroquia Altagracia,situado en la entidad territorial administrativa,Municipio Libertador de Caracas,republica_dominicana
Parroquia Altagracia,ubicación,Caracas,republica_dominicana
Parroquia Altagracia,diferente de,Parroquia Altagracia,republica_dominicana
Massachusetts,jefe de gobierno,Maura Healey,republica_dominicana
Massachusetts,país,Estados Unidos,republica_dominicana
Massachusetts,continente,América del Norte,republica_dominicana
Massachusetts,instancia de,Estado de los Estados Unidos,republica_dominicana
Massachusetts,capital,Boston,republica_dominicana
Ámsterdam,jefe de gobierno,Femke Halsema,republica_dominicana
Ámsterdam,país,Países Bajos,republica_dominicana
Ámsterdam,continente,Europa,republica_dominicana
Ámsterdam,instancia de,ciudad,republica_dominicana
Ámsterdam,instancia de,ciudad de ciclismo,republica_dominicana
filántropo,instancia de,ocupación,republica_dominicana
filántropo,subclase de,benefactor,republica_dominicana
filántropo,ámbito de la ocupación,filantropía,republica_dominicana
filántropo,categoría principal del tema,Categoría:Filántropos,republica_dominicana
filántropo,descrito en la fuente,Diccionario Enciclopédico Granat,republica_dominicana
bailarín de ballet,instancia de,profesión,republica_dominicana
bailarín de ballet,género,ballet,republica_dominicana
bailarín de ballet,subclase de,bailarín,republica_dominicana
bailarín de ballet,ámbito de la ocupación,ballet,republica_dominicana
bailarín de ballet,categoría principal del tema,Categoría:Bailarines de ballet,republica_dominicana
La Trinitaria,país,República Dominicana,republica_dominicana
La Trinitaria,instancia de,sociedad secreta,republica_dominicana
La Trinitaria,nombrado en referencia a,Santísima Trinidad,republica_dominicana
director de cine,instancia de,profesión,republica_dominicana
director de cine,instancia de,profesión del cine,republica_dominicana
director de cine,subclase de,artista visual,republica_dominicana
director de cine,subclase de,profesional del cine,republica_dominicana
director de cine,subclase de,realizador,republica_dominicana
Audris Joel Pérez,Lugar de nacimiento,Sabana Grande de Palenque,republica_dominicana
Audris Joel Pérez,Ocupación,beisbolista,republica_dominicana
Audris Joel Pérez,Ciudadanía,República Dominicana,republica_dominicana
Audris Joel Pérez,Fecha de nacimiento,1988-12-23,republica_dominicana
Tania Medina,Lugar de nacimiento,La Romana,republica_dominicana
Tania Medina,Ocupación,escritor,republica_dominicana
Tania Medina,Ciudadanía,República Dominicana,republica_dominicana
Tania Medina,Fecha de nacimiento,1982-04-12,republica_dominicana
Tania Medina,Ocupación,cirujano,republica_dominicana
Tania Medina,Ocupación,modelo,republica_dominicana
Tania Medina,Ocupación,participante en concursos de belleza,republica_dominicana
María Alejandra Guzmán,Lugar de nacimiento,Santo Domingo,republica_dominicana
María Alejandra Guzmán,Ocupación,presentador de televisión,republica_dominicana
María Alejandra Guzmán,Ciudadanía,República Dominicana,republica_dominicana
María Alejandra Guzmán,Fecha de nacimiento,1984-10-04,republica_dominicana
María Alejandra Guzmán,Ocupación,personalidad de radio,republica_dominicana
María Alejandra Guzmán,Ocupación,modelo,republica_dominicana
Jonathan Rosario,Lugar de nacimiento,Moca,republica_dominicana
Jonathan Rosario,Ocupación,futbolista,republica_dominicana
Jonathan Rosario,Ciudadanía,República Dominicana,republica_dominicana
Jonathan Rosario,Fecha de nacimiento,1984-05-10,republica_dominicana
Mónica Núñez,Lugar de nacimiento,Santo Domingo,republica_dominicana
Mónica Núñez,Ocupación,boxeador,republica_dominicana
Mónica Núñez,Ciudadanía,República Dominicana,republica_dominicana
Mónica Núñez,Fecha de nacimiento,1984-10-12,republica_dominicana
Iris Santos,Lugar de nacimiento,Santo Domingo,republica_dominicana
Iris Santos,Ocupación,voleibolista,republica_dominicana
Iris Santos,Ciudadanía,República Dominicana,republica_dominicana
Iris Santos,Fecha de nacimiento,1984-01-29,republica_dominicana
Chino Sing,Ocupación,cantante,republica_dominicana
Chino Sing,Ciudadanía,República Dominicana,republica_dominicana
Chino Sing,Fecha de nacimiento,1985-03-19,republica_dominicana
Chino Sing,Ocupación,compositor de canciones,republica_dominicana
Claudio Marrero,Lugar de nacimiento,Santo Domingo,republica_dominicana
Claudio Marrero,Ocupación,boxeador,republica_dominicana
Claudio Marrero,Ciudadanía,República Dominicana,republica_dominicana
Claudio Marrero,Fecha de nacimiento,1989-03-06,republica_dominicana
Rafely Rosario,Ocupación,cantante,republica_dominicana
Rafely Rosario,Ciudadanía,República Dominicana,republica_dominicana
Rafely Rosario,Fecha de nacimiento,1986-09-08,republica_dominicana
Johenny Valdez,Lugar de nacimiento,República Dominicana,republica_dominicana
Johenny Valdez,Ocupación,tenista de mesa,republica_dominicana
Johenny Valdez,Ciudadanía,República Dominicana,republica_dominicana
Johenny Valdez,Fecha de nacimiento,1986-12-12,republica_dominicana
Santo Manzanillo,Lugar de nacimiento,La Victoria,republica_dominicana
Santo Manzanillo,Ocupación,beisbolista,republica_dominicana
Santo Manzanillo,Ciudadanía,República Dominicana,republica_dominicana
Santo Manzanillo,Fecha de nacimiento,1988-12-20,republica_dominicana
Akari Endo,Lugar de nacimiento,República Dominicana,republica_dominicana
Akari Endo,Ocupación,actor,republica_dominicana
Akari Endo,Ciudadanía,República Dominicana,republica_dominicana
Akari Endo,Fecha de nacimiento,1989-11-08,republica_dominicana
Pedro Antonio Núñez,Lugar de nacimiento,Santo Domingo,republica_dominicana
Pedro Antonio Núñez,Ocupación,futbolista,republica_dominicana
Pedro Antonio Núñez,Ciudadanía,República Dominicana,republica_dominicana
Pedro Antonio Núñez,Fecha de nacimiento,1989-09-05,republica_dominicana
Rafael Flores,Lugar de nacimiento,Salcedo,republica_dominicana
Rafael Flores,Ocupación,futbolista,republica_dominicana
Rafael Flores,Ciudadanía,República Dominicana,republica_dominicana
Rafael Flores,Fecha de nacimiento,1991-04-24,republica_dominicana
Gregory Polanco,Lugar de nacimiento,Santo Domingo,republica_dominicana
Gregory Polanco,Ocupación,beisbolista,republica_dominicana
Gregory Polanco,Ciudadanía,República Dominicana,republica_dominicana
Gregory Polanco,Fecha de nacimiento,1991-09-14,republica_dominicana
Cris Urena,Lugar de nacimiento,República Dominicana,republica_dominicana
Cris Urena,Ocupación,modelo,republica_dominicana
Cris Urena,Ciudadanía,República Dominicana,republica_dominicana
Cris Urena,Fecha de nacimiento,1991-09-04,republica_dominicana
Maikel Franco,Lugar de nacimiento,Municipio de Azua,republica_dominicana
Maikel Franco,Ocupación,beisbolista,republica_dominicana
Maikel Franco,Ciudadanía,República Dominicana,republica_dominicana
Maikel Franco,Fecha de nacimiento,1992-08-26,republica_dominicana
Luis Natera,Lugar de nacimiento,San Pedro de Macorís,republica_dominicana
Luis Natera,Ocupación,beisbolista,republica_dominicana
Luis Natera,Ciudadanía,República Dominicana,republica_dominicana
Luis Natera,Fecha de nacimiento,1966-03-22,republica_dominicana
Cecilia García,Lugar de nacimiento,Santo Domingo,republica_dominicana
Cecilia García,Ocupación,actor,republica_dominicana
Cecilia García,Ciudadanía,República Dominicana,republica_dominicana
Cecilia García,Fecha de nacimiento,1951-11-22,republica_dominicana
Cecilia García,Ocupación,cantante,republica_dominicana
Petronila Gau,Ciudadanía,República Dominicana,republica_dominicana
Petronila Gau,Fecha de nacimiento,1801-01-01,republica_dominicana
Petronila Gau,Fecha de defunción,1899-01-01,republica_dominicana
cirujano,instancia de,grado académico,republica_dominicana
cirujano,instancia de,especialidad,republica_dominicana
cirujano,instancia de,cargo,republica_dominicana
cirujano,instancia de,disciplina académica,republica_dominicana
cirujano,instancia de,profesión medicina,republica_dominicana
presentador de televisión,instancia de,cargo,republica_dominicana
presentador de televisión,instancia de,ocupación mediática,republica_dominicana
presentador de televisión,subclase de,actor,republica_dominicana
presentador de televisión,subclase de,celebridad,republica_dominicana
presentador de televisión,subclase de,presentador,republica_dominicana
personalidad de radio,instancia de,profesión,republica_dominicana
personalidad de radio,instancia de,ocupación mediática,republica_dominicana
personalidad de radio,subclase de,locutor,republica_dominicana
personalidad de radio,subclase de,personalidad mediática,republica_dominicana
Jordan Bismarck Pichardo Jimenez,Ocupación,baloncestista,republica_dominicana
Jordan Bismarck Pichardo Jimenez,Ciudadanía,República Dominicana,republica_dominicana
Jordan Bismarck Pichardo Jimenez,Fecha de nacimiento,1998-06-21,republica_dominicana
Leonardo Winterdal,Ocupación,baloncestista,republica_dominicana
Leonardo Winterdal,Ciudadanía,República Dominicana,republica_dominicana
Leonardo Winterdal,Fecha de nacimiento,2000-06-13,republica_dominicana
Leonardo Winterdal,Ciudadanía,Reino de los Países Bajos,republica_dominicana
Juan Guerrero,Ocupación,baloncestista,republica_dominicana
Juan Guerrero,Ciudadanía,República Dominicana,republica_dominicana
Juan Guerrero,Fecha de nacimiento,1993-07-08,republica_dominicana
Yasson Samuel Nunez Batista,Ocupación,baloncestista,republica_dominicana
Yasson Samuel Nunez Batista,Ciudadanía,República Dominicana,republica_dominicana
Yasson Samuel Nunez Batista,Fecha de nacimiento,2000-03-03,republica_dominicana
John Michael Vargas Baez,Ocupación,baloncestista,republica_dominicana
John Michael Vargas Baez,Ciudadanía,República Dominicana,republica_dominicana
John Michael Vargas Baez,Fecha de nacimiento,1999-03-28,republica_dominicana
Samuel Jose Hurtado,Ocupación,baloncestista,republica_dominicana
Samuel Jose Hurtado,Ciudadanía,República Dominicana,republica_dominicana
Samuel Jose Hurtado,Fecha de nacimiento,1998-05-03,republica_dominicana
Ricardo Rothensteiner Martinez,Ocupación,baloncestista,republica_dominicana
Ricardo Rothensteiner Martinez,Ciudadanía,República Dominicana,republica_dominicana
Ricardo Rothensteiner Martinez,Fecha de nacimiento,1999-09-11,republica_dominicana
Alfred Rothensteiner Martinez,Ocupación,baloncestista,republica_dominicana
Alfred Rothensteiner Martinez,Ciudadanía,República Dominicana,republica_dominicana
Alfred Rothensteiner Martinez,Fecha de nacimiento,1998-01-27,republica_dominicana
Anfernee Polanco,Ocupación,baloncestista,republica_dominicana
Anfernee Polanco,Ciudadanía,República Dominicana,republica_dominicana
Anfernee Polanco,Fecha de nacimiento,1998-04-22,republica_dominicana
Ismael Luis Valdez,Ocupación,baloncestista,republica_dominicana
Ismael Luis Valdez,Ciudadanía,Estados Unidos,republica_dominicana
Ismael Luis Valdez,Fecha de nacimiento,1999-02-21,republica_dominicana
Ismael Luis Valdez,Ciudadanía,República Dominicana,republica_dominicana
Ismael Waldron,Ocupación,baloncestista,republica_dominicana
Ismael Waldron,Ciudadanía,Estados Unidos,republica_dominicana
Ismael Waldron,Fecha de nacimiento,1998-10-01,republica_dominicana
Ismael Waldron,Ciudadanía,República Dominicana,republica_dominicana
Erick Franklin Valdez Duran,Ocupación,baloncestista,republica_dominicana
Erick Franklin Valdez Duran,Ciudadanía,República Dominicana,republica_dominicana
Erick Franklin Valdez Duran,Fecha de nacimiento,1999-01-15,republica_dominicana
Luis Manuel Herrera,Ocupación,baloncestista,republica_dominicana
Luis Manuel Herrera,Ciudadanía,República Dominicana,republica_dominicana
Luis Manuel Herrera,Fecha de nacimiento,1999-11-08,republica_dominicana
Lisandro Jose Berroa Paris,Ocupación,baloncestista,republica_dominicana
Lisandro Jose Berroa Paris,Ciudadanía,República Dominicana,republica_dominicana
Lisandro Jose Berroa Paris,Fecha de nacimiento,1999-05-31,republica_dominicana
Angel Manuel Perdomo Valdez,Ocupación,baloncestista,republica_dominicana
Angel Manuel Perdomo Valdez,Ciudadanía,República Dominicana,republica_dominicana
Angel Manuel Perdomo Valdez,Fecha de nacimiento,1999-04-26,republica_dominicana
Adonis De Jesus Nunez Garcia,Ocupación,baloncestista,republica_dominicana
Adonis De Jesus Nunez Garcia,Ciudadanía,República Dominicana,republica_dominicana
Adonis De Jesus Nunez Garcia,Fecha de nacimiento,1996-06-20,republica_dominicana
Rafael Castillo,Ocupación,baloncestista,republica_dominicana
Rafael Castillo,Ciudadanía,República Dominicana,republica_dominicana
Rafael Castillo,Fecha de nacimiento,1998-05-12,republica_dominicana
Gisell Argelis Peguero,Ocupación,baloncestista,republica_dominicana
Gisell Argelis Peguero,Ciudadanía,República Dominicana,republica_dominicana
Gisell Argelis Peguero,Fecha de nacimiento,1992-04-14,republica_dominicana
Maria Marte,Ocupación,baloncestista,republica_dominicana
Maria Marte,Ciudadanía,República Dominicana,republica_dominicana
Maria Marte,Fecha de nacimiento,1990-08-28,republica_dominicana
Yaneiry Holguin Ramirez,Ocupación,baloncestista,republica_dominicana
Yaneiry Holguin Ramirez,Ciudadanía,República Dominicana,republica_dominicana
Yaneiry Holguin Ramirez,Fecha de nacimiento,1996-04-29,republica_dominicana
Margarita Cordero,Lugar de nacimiento,Santo Domingo,republica_dominicana
Margarita Cordero,Ocupación,periodista,republica_dominicana
Margarita Cordero,Ciudadanía,República Dominicana,republica_dominicana
Margarita Cordero,Educado en,Universidad Autónoma de Santo Domingo,republica_dominicana
Margarita Cordero,Premio recibido,Premio Nacional de Periodismo,republica_dominicana
Margarita Cordero,Fecha de nacimiento,1946-06-03,republica_dominicana
Hilda Gautreaux,Lugar de nacimiento,El Seibo,republica_dominicana
Hilda Gautreaux,Ocupación,abogado,republica_dominicana
Hilda Gautreaux,Ciudadanía,República Dominicana,republica_dominicana
Hilda Gautreaux,Educado en,Universidad Autónoma de Santo Domingo,republica_dominicana
Hilda Gautreaux,Fecha de nacimiento,1932-01-01,republica_dominicana
Hilda Gautreaux,Fecha de defunción,1968-01-01,republica_dominicana
Belkiss Adrover Feliz de Cibrán,Ocupación,escultor,republica_dominicana
Belkiss Adrover Feliz de Cibrán,Ciudadanía,República Dominicana,republica_dominicana
Belkiss Adrover Feliz de Cibrán,Fecha de nacimiento,1918-01-01,republica_dominicana
Belkiss Adrover Feliz de Cibrán,Fecha de defunción,1995-01-01,republica_dominicana
Janet Altagracia Camilo Hernández,Lugar de nacimiento,Salcedo,republica_dominicana
Janet Altagracia Camilo Hernández,Ocupación,abogado,republica_dominicana
Janet Altagracia Camilo Hernández,Ciudadanía,República Dominicana,republica_dominicana
Janet Altagracia Camilo Hernández,Educado en,Universidad Autónoma de Santo Domingo,republica_dominicana
Janet Altagracia Camilo Hernández,Fecha de nacimiento,1971-10-29,republica_dominicana
Circe Almánzar Melgen,Ocupación,abogado,republica_dominicana
Circe Almánzar Melgen,Ciudadanía,República Dominicana,republica_dominicana
Germana Quintana,Lugar de nacimiento,Santo Domingo,republica_dominicana
Germana Quintana,Ocupación,artista,republica_dominicana
Germana Quintana,Ciudadanía,República Dominicana,republica_dominicana
Germana Quintana,Fecha de nacimiento,1940-01-01,republica_dominicana
Gloria Roely Reyes Gómez,Ocupación,político,republica_dominicana
Gloria Roely Reyes Gómez,Ciudadanía,República Dominicana,republica_dominicana
Livia Veloz,Ocupación,poeta,republica_dominicana
Livia Veloz,Ciudadanía,República Dominicana,republica_dominicana
Livia Veloz,Fecha de nacimiento,1889-01-01,republica_dominicana
Livia Veloz,Fecha de defunción,1980-01-01,republica_dominicana
Alba María Reyes Vizcaíno,Ocupación,activista,republica_dominicana
Alba María Reyes Vizcaíno,Ciudadanía,República Dominicana,republica_dominicana
Hilda Caridad Cámpora Bello,Lugar de nacimiento,Santo Domingo,republica_dominicana
Hilda Caridad Cámpora Bello,Ocupación,director de orquesta,republica_dominicana
Hilda Caridad Cámpora Bello,Ciudadanía,República Dominicana,republica_dominicana
Hilda Caridad Cámpora Bello,Fecha de nacimiento,1914-01-01,republica_dominicana
Hilda Caridad Cámpora Bello,Fecha de defunción,1998-04-24,republica_dominicana
Hilda Caridad Cámpora Bello,Ocupación,pianista,republica_dominicana
Josefina Padilla,Lugar de nacimiento,Santiago de los Caballeros,republica_dominicana
Josefina Padilla,Ocupación,médico,republica_dominicana
Josefina Padilla,Ciudadanía,República Dominicana,republica_dominicana
Josefina Padilla,Fecha de nacimiento,1924-10-29,republica_dominicana
Josefina Padilla,Fecha de defunción,2022-11-13,republica_dominicana
Ana Valverde,Lugar de nacimiento,Santiago de los Caballeros,republica_dominicana
Ana Valverde,Ocupación,activista,republica_dominicana
Ana Valverde,Ciudadanía,República Dominicana,republica_dominicana
Ana Valverde,Fecha de nacimiento,1798-01-01,republica_dominicana
Ana Valverde,Fecha de defunción,1864-11-20,republica_dominicana
Sergia Galván,Lugar de nacimiento,Hato Mayor,republica_dominicana
Sergia Galván,Ocupación,político,republica_dominicana
Sergia Galván,Ciudadanía,República Dominicana,republica_dominicana
Sergia Galván,Fecha de nacimiento,1955-01-01,republica_dominicana
Sergia Galván,Ocupación,activista por los derechos humanos,republica_dominicana
Maffio,Lugar de nacimiento,Santo Domingo,republica_dominicana
Maffio,Ocupación,músico,republica_dominicana
Maffio,Ciudadanía,República Dominicana,republica_dominicana
Maffio,Fecha de nacimiento,1986-01-24,republica_dominicana
José Armando Castillo,Lugar de nacimiento,Villa González,republica_dominicana
José Armando Castillo,Ocupación,beisbolista,republica_dominicana
José Armando Castillo,Ciudadanía,República Dominicana,republica_dominicana
José Armando Castillo,Fecha de nacimiento,1950-04-02,republica_dominicana
Ana Rosa García,Ocupación,yudoca,republica_dominicana
Ana Rosa García,Ciudadanía,República Dominicana,republica_dominicana
Ana Rosa García,Fecha de nacimiento,1997-12-02,republica_dominicana
Maria Tapia,Ciudadanía,República Dominicana,republica_dominicana
Maria Tapia,Fecha de nacimiento,2010-04-08,republica_dominicana
Teresa Tapia,Ciudadanía,República Dominicana,republica_dominicana
Teresa Tapia,Fecha de nacimiento,2010-04-08,republica_dominicana
Bryan Brack,Lugar de nacimiento,Duarte,republica_dominicana
Bryan Brack,Ocupación,disc-jockey,republica_dominicana
Bryan Brack,Ciudadanía,República Dominicana,republica_dominicana
Bryan Brack,Fecha de nacimiento,1990-01-01,republica_dominicana
Eustacia Cortorreal,Ocupación,politólogo,republica_dominicana
Eustacia Cortorreal,Ciudadanía,Suiza,republica_dominicana
Eustacia Cortorreal,Educado en,Pontificia Universidad Gregoriana,republica_dominicana
Eustacia Cortorreal,Cargo,concejal,republica_dominicana
Eustacia Cortorreal,Fecha de nacimiento,1939-05-10,republica_dominicana
Eustacia Cortorreal,Ciudadanía,República Dominicana,republica_dominicana
Eustacia Cortorreal,Educado en,Universidad de Ginebra,republica_dominicana
Eustacia Cortorreal,Educado en,Universidad Autónoma de Santo Domingo,republica_dominicana
Eustacia Cortorreal,Educado en,Universidad Internacional Libre de Guido Carli,republica_dominicana
Premio Nacional de Periodismo,instancia de,página de desambiguación de Wikimedia,republica_dominicana
escultor,instancia de,profesión artística,republica_dominicana
escultor,subclase de,artesano,republica_dominicana
escultor,subclase de,artista visual,republica_dominicana
escultor,subclase de,artista plástico,republica_dominicana
escultor,ámbito de la ocupación,escultura,republica_dominicana
médico,lista de interés para el proyecto Wikimedia,Wikipedia:Lista de artículos que toda Wikipedia debería tener/Expandida,republica_dominicana
Villa González,país,República Dominicana,republica_dominicana
Villa González,instancia de,municipio de la República Dominicana,republica_dominicana
Villa González,situado en la entidad territorial administrativa,Provincia de Santiago (República Dominicana),republica_dominicana
politólogo,instancia de,profesión,republica_dominicana
politólogo,subclase de,científico social,republica_dominicana
politólogo,ámbito de la ocupación,ciencia política,republica_dominicana
politólogo,ámbito de la ocupación,análisis político,republica_dominicana
concejal,instancia de,cargo público,republica_dominicana
concejal,instancia de,cargo,republica_dominicana
concejal,instancia de,ocupación,republica_dominicana
concejal,instancia de,cargo elegido,republica_dominicana
concejal,subclase de,asesor,republica_dominicana
Ashley Virginia Rojas Pena,Ocupación,baloncestista,republica_dominicana
Ashley Virginia Rojas Pena,Ciudadanía,República Dominicana,republica_dominicana
Ashley Virginia Rojas Pena,Fecha de nacimiento,2001-12-23,republica_dominicana
Nelsy Maria Sentil Almonte,Ocupación,baloncestista,republica_dominicana
Nelsy Maria Sentil Almonte,Ciudadanía,República Dominicana,republica_dominicana
Nelsy Maria Sentil Almonte,Fecha de nacimiento,1999-05-06,republica_dominicana
Linda Yafreisy Brea De Peña,Ocupación,baloncestista,republica_dominicana
Linda Yafreisy Brea De Peña,Ciudadanía,República Dominicana,republica_dominicana
Linda Yafreisy Brea De Peña,Fecha de nacimiento,1999-08-04,republica_dominicana
Lisbeth Alejandra Mendoza Montas,Ocupación,baloncestista,republica_dominicana
Lisbeth Alejandra Mendoza Montas,Ciudadanía,República Dominicana,republica_dominicana
Lisbeth Alejandra Mendoza Montas,Fecha de nacimiento,1999-03-05,republica_dominicana
Chelsy Santana,Ocupación,baloncestista,republica_dominicana
Chelsy Santana,Ciudadanía,República Dominicana,republica_dominicana
Chelsy Santana,Fecha de nacimiento,2002-01-30,republica_dominicana
Chadelyn Espinal,Ocupación,baloncestista,republica_dominicana
Chadelyn Espinal,Ciudadanía,República Dominicana,republica_dominicana
Chadelyn Espinal,Fecha de nacimiento,1999-02-04,republica_dominicana
Angela Maria Asencio,Ocupación,baloncestista,republica_dominicana
Angela Maria Asencio,Ciudadanía,República Dominicana,republica_dominicana
Angela Maria Asencio,Fecha de nacimiento,1999-09-21,republica_dominicana
Yadiri Maria Mota Diaz,Ocupación,baloncestista,republica_dominicana
Yadiri Maria Mota Diaz,Ciudadanía,República Dominicana,republica_dominicana
Yadiri Maria Mota Diaz,Fecha de nacimiento,1996-11-06,republica_dominicana
Lismier Rodriguez Caraballo,Ocupación,baloncestista,republica_dominicana
Lismier Rodriguez Caraballo,Ciudadanía,República Dominicana,republica_dominicana
Lismier Rodriguez Caraballo,Fecha de nacimiento,1996-08-18,republica_dominicana
Willy Ramon Batista,Ocupación,baloncestista,republica_dominicana
Willy Ramon Batista,Ciudadanía,República Dominicana,republica_dominicana
Willy Ramon Batista,Fecha de nacimiento,1997-02-08,republica_dominicana
Victor Manuel Pena Ferriol,Ocupación,baloncestista,republica_dominicana
Victor Manuel Pena Ferriol,Ciudadanía,Estados Unidos,republica_dominicana
Victor Manuel Pena Ferriol,Fecha de nacimiento,1998-02-27,republica_dominicana
Victor Manuel Pena Ferriol,Ciudadanía,República Dominicana,republica_dominicana
Elvin Valera Evangelista,Ocupación,baloncestista,republica_dominicana
Elvin Valera Evangelista,Ciudadanía,República Dominicana,republica_dominicana
Elvin Valera Evangelista,Fecha de nacimiento,1996-12-12,republica_dominicana
Daniel Salvador Vitiello Alba,Ocupación,baloncestista,republica_dominicana
Daniel Salvador Vitiello Alba,Ciudadanía,República Dominicana,republica_dominicana
Daniel Salvador Vitiello Alba,Fecha de nacimiento,1998-09-17,republica_dominicana
Oliver Jose Francisco Garcia,Ocupación,baloncestista,republica_dominicana
Oliver Jose Francisco Garcia,Ciudadanía,República Dominicana,republica_dominicana
Oliver Jose Francisco Garcia,Fecha de nacimiento,1996-03-19,republica_dominicana
Stefani Mateo Mejia,Ocupación,baloncestista,republica_dominicana
Stefani Mateo Mejia,Ciudadanía,República Dominicana,republica_dominicana
Stefani Mateo Mejia,Fecha de nacimiento,1997-09-08,republica_dominicana
Perla Lucia Herrera Carcaño,Ocupación,baloncestista,republica_dominicana
Perla Lucia Herrera Carcaño,Ciudadanía,República Dominicana,republica_dominicana
Perla Lucia Herrera Carcaño,Fecha de nacimiento,1996-12-02,republica_dominicana
Nayely Adelaida Morillo Feliz,Ocupación,baloncestista,republica_dominicana
Nayely Adelaida Morillo Feliz,Ciudadanía,República Dominicana,republica_dominicana
Nayely Adelaida Morillo Feliz,Fecha de nacimiento,1998-11-21,republica_dominicana
Karla Caraballo Senice,Ocupación,baloncestista,republica_dominicana
Karla Caraballo Senice,Ciudadanía,República Dominicana,republica_dominicana
Karla Caraballo Senice,Fecha de nacimiento,1997-10-29,republica_dominicana
Flor Jones,Ocupación,baloncestista,republica_dominicana
Flor Jones,Ciudadanía,República Dominicana,republica_dominicana
Flor Jones,Fecha de nacimiento,1998-05-05,republica_dominicana
Risel Altagracia Rodriguez Disla,Ocupación,baloncestista,republica_dominicana
Risel Altagracia Rodriguez Disla,Ciudadanía,República Dominicana,republica_dominicana
Risel Altagracia Rodriguez Disla,Fecha de nacimiento,1996-12-10,republica_dominicana
Mía Taveras,Lugar de nacimiento,Santiago de los Caballeros,republica_dominicana
Mía Taveras,Ocupación,actor,republica_dominicana
Mía Taveras,Ciudadanía,República Dominicana,republica_dominicana
Mía Taveras,Fecha de nacimiento,1986-07-04,republica_dominicana
Mía Taveras,Ocupación,modelo,republica_dominicana
Mía Taveras,Ocupación,participante en concursos de belleza,republica_dominicana
Mélido Pérez,Lugar de nacimiento,San Cristóbal,republica_dominicana
Mélido Pérez,Ocupación,político,republica_dominicana
Mélido Pérez,Ciudadanía,República Dominicana,republica_dominicana
Mélido Pérez,Fecha de nacimiento,1966-02-15,republica_dominicana
Mélido Pérez,Ocupación,beisbolista,republica_dominicana
Urpirio Onneliber Moreno Calvajal,Lugar de nacimiento,Yaguate,republica_dominicana
Urpirio Onneliber Moreno Calvajal,Ocupación,empresario,republica_dominicana
Urpirio Onneliber Moreno Calvajal,Ciudadanía,República Dominicana,republica_dominicana
Urpirio Onneliber Moreno Calvajal,Educado en,Universidad Autónoma de Santo Domingo,republica_dominicana
Urpirio Onneliber Moreno Calvajal,Cargo,director,republica_dominicana
Urpirio Onneliber Moreno Calvajal,Fecha de nacimiento,1974-01-01,republica_dominicana
Urpirio Onneliber Moreno Calvajal,Ocupación,ingeniero,republica_dominicana
Urpirio Onneliber Moreno Calvajal,Ocupación,político,republica_dominicana
Urpirio Onneliber Moreno Calvajal,Fecha de nacimiento,1974-05-17,republica_dominicana
Urpirio Onneliber Moreno Calvajal,Educado en,Instituto Politécnico Loyola,republica_dominicana
Urpirio Onneliber Moreno Calvajal,Educado en,Universidad Domínico-Americana,republica_dominicana
George Soriano,Ocupación,beisbolista,republica_dominicana
George Soriano,Ciudadanía,República Dominicana,republica_dominicana
George Soriano,Fecha de nacimiento,1999-03-24,republica_dominicana
José Delio Ares García,Lugar de nacimiento,Santo Domingo,republica_dominicana
José Delio Ares García,Ocupación,editor de cine,republica_dominicana
José Delio Ares García,Ciudadanía,República Dominicana,republica_dominicana
José Delio Ares García,Fecha de nacimiento,1980-01-15,republica_dominicana
Enmanuel Valdez,Lugar de nacimiento,San Juan,republica_dominicana
Enmanuel Valdez,Ocupación,beisbolista,republica_dominicana
Enmanuel Valdez,Ciudadanía,República Dominicana,republica_dominicana
Enmanuel Valdez,Fecha de nacimiento,1998-12-28,republica_dominicana
Yasser Michelén,Ocupación,director de cine,republica_dominicana
Yasser Michelén,Ciudadanía,República Dominicana,republica_dominicana
Yasser Michelén,Ocupación,actor de cine,republica_dominicana
Monina Solá,Lugar de nacimiento,Santo Domingo,republica_dominicana
Monina Solá,Ocupación,actor,republica_dominicana
Monina Solá,Ciudadanía,República Dominicana,republica_dominicana
Monina Solá,Fecha de nacimiento,1933-05-23,republica_dominicana
Monina Solá,Fecha de defunción,2023-04-29,republica_dominicana
Monina Solá,Ocupación,actor de teatro,republica_dominicana
Oliver Schmidhauser,Lugar de nacimiento,San Galo,republica_dominicana
Oliver Schmidhauser,Ocupación,futbolista,republica_dominicana
Oliver Schmidhauser,Ciudadanía,Suiza,republica_dominicana
Oliver Schmidhauser,Fecha de nacimiento,2004-06-02,republica_dominicana
Oliver Schmidhauser,Ciudadanía,República Dominicana,republica_dominicana
Cuquito Peña,Lugar de nacimiento,Santiago de los Caballeros,republica_dominicana
Cuquito Peña,Ocupación,pintor,republica_dominicana
Cuquito Peña,Ciudadanía,República Dominicana,republica_dominicana
Cuquito Peña,Fecha de nacimiento,1946-01-01,republica_dominicana
Cuquito Peña,Fecha de defunción,2013-06-18,republica_dominicana
Michael Sambataro,Lugar de nacimiento,Argentina,republica_dominicana
Michael Sambataro,Ocupación,futbolista,republica_dominicana
Michael Sambataro,Ciudadanía,Argentina,republica_dominicana
Michael Sambataro,Fecha de nacimiento,2002-12-04,republica_dominicana
Michael Sambataro,Ciudadanía,República Dominicana,republica_dominicana
Thomas Jungbauer,Lugar de nacimiento,Jarabacoa,republica_dominicana
Thomas Jungbauer,Ocupación,futbolista,republica_dominicana
Thomas Jungbauer,Ciudadanía,Austria,republica_dominicana
Thomas Jungbauer,Fecha de nacimiento,2005-07-30,republica_dominicana
Thomas Jungbauer,Ciudadanía,República Dominicana,republica_dominicana
Enrique Bösl,Lugar de nacimiento,Kösching,republica_dominicana
Enrique Bösl,Ocupación,futbolista,republica_dominicana
Enrique Bösl,Ciudadanía,Alemania,republica_dominicana
Enrique Bösl,Fecha de nacimiento,2004-02-07,republica_dominicana
Enrique Bösl,Ciudadanía,República Dominicana,republica_dominicana
Junior Caminero,Lugar de nacimiento,Santo Domingo,republica_dominicana
Junior Caminero,Ocupación,beisbolista profesional,republica_dominicana
Junior Caminero,Ciudadanía,República Dominicana,republica_dominicana
Junior Caminero,Fecha de nacimiento,2003-07-05,republica_dominicana
Jonatan Clase,Lugar de nacimiento,Santo Domingo,republica_dominicana
Jonatan Clase,Ocupación,beisbolista profesional,republica_dominicana
Jonatan Clase,Ciudadanía,República Dominicana,republica_dominicana
Jonatan Clase,Fecha de nacimiento,2002-05-23,republica_dominicana
Ángel Martínez,Lugar de nacimiento,Santo Domingo,republica_dominicana
Ángel Martínez,Ocupación,beisbolista,republica_dominicana
Ángel Martínez,Ciudadanía,República Dominicana,republica_dominicana
Ángel Martínez,Fecha de nacimiento,2002-01-27,republica_dominicana
Basilio Belliard,Lugar de nacimiento,Moca,republica_dominicana
Basilio Belliard,Ocupación,poeta,republica_dominicana
Basilio Belliard,Ciudadanía,República Dominicana,republica_dominicana
Basilio Belliard,Fecha de nacimiento,1966-05-20,republica_dominicana
Basilio Belliard,Ocupación,crítico literario,republica_dominicana
Basilio Belliard,Ocupación,ensayista,republica_dominicana
Bryan More,Lugar de nacimiento,Ciudad de Panamá,republica_dominicana
Bryan More,Ocupación,futbolista,republica_dominicana
Bryan More,Ciudadanía,República Dominicana,republica_dominicana
Bryan More,Fecha de nacimiento,2003-05-29,republica_dominicana
Bryan More,Ciudadanía,Panamá,republica_dominicana
Julio Pou,Lugar de nacimiento,Santo Domingo,republica_dominicana
Julio Pou,Ocupación,fotógrafo,republica_dominicana
Julio Pou,Ciudadanía,República Dominicana,republica_dominicana
Julio Pou,Fecha de nacimiento,1862-04-12,republica_dominicana
Julio Pou,Fecha de defunción,1940-01-01,republica_dominicana
Julio Pou,Ocupación,pintor,republica_dominicana
José Joaquín Bidó Medina,Lugar de nacimiento,Santa Cruz de Barahona,republica_dominicana
José Joaquín Bidó Medina,Ocupación,abogado,republica_dominicana
José Joaquín Bidó Medina,Ciudadanía,República Dominicana,republica_dominicana
José Joaquín Bidó Medina,Empleador,Universidad Autónoma de Santo Domingo,republica_dominicana
José Joaquín Bidó Medina,Miembro de,Partido de la Liberación Dominicana,republica_dominicana
José Joaquín Bidó Medina,Fecha de nacimiento,1932-11-09,republica_dominicana
José Joaquín Bidó Medina,Fecha de defunción,2023-05-28,republica_dominicana
José Joaquín Bidó Medina,Ocupación,político,republica_dominicana
José Joaquín Bidó Medina,Ocupación,académico,republica_dominicana
director,instancia de,profesión,republica_dominicana
director,instancia de,función,republica_dominicana
director,instancia de,cargo,republica_dominicana
director,instancia de,ocupación,republica_dominicana
editor de cine,instancia de,profesión,republica_dominicana
editor de cine,instancia de,profesión del cine,republica_dominicana
editor de cine,subclase de,cineasta,republica_dominicana
editor de cine,subclase de,realizador,republica_dominicana
editor de cine,subclase de,miembro del equipo de filmación,republica_dominicana
actor de cine,instancia de,profesión del cine,republica_dominicana
actor de cine,subclase de,actor,republica_dominicana
actor de cine,categoría principal del tema,Categoría:Actores de cine,republica_dominicana
actor de cine,diferente de,actor de televisión,republica_dominicana
San Galo,jefe de gobierno,Maria Pappa,republica_dominicana
San Galo,país,Suiza,republica_dominicana
San Galo,instancia de,gemeinde de Suiza,republica_dominicana
San Galo,instancia de,ciudad universitaria,republica_dominicana
San Galo,instancia de,capital cantonal de Suiza,republica_dominicana
Argentina,miembro de,Organización de las Naciones Unidas,republica_dominicana
Argentina,miembro de,Unión de Naciones Suramericanas,republica_dominicana
Argentina,miembro de,Mercosur,republica_dominicana
Argentina,miembro de,UNESCO,republica_dominicana
Austria,forma parte de,Unión Europea,republica_dominicana
Austria,forma parte de,Espacio Económico Europeo,republica_dominicana
Austria,forma parte de,Europa Central,republica_dominicana
Austria,miembro de,Unión Europea,republica_dominicana
Kösching,país,Alemania,republica_dominicana
Kösching,instancia de,markt de Alemania,republica_dominicana
Kösching,instancia de,municipio sin derechos de ciudad en Alemania,republica_dominicana
Kösching,comparte fronteras con,Oberdolling,republica_dominicana
crítico literario,instancia de,profesión,republica_dominicana
crítico literario,subclase de,crítico,republica_dominicana
crítico literario,subclase de,recensor,republica_dominicana
crítico literario,subclase de,especialista en literatura,republica_dominicana
crítico literario,subclase de,periodista cultural,republica_dominicana
Ciudad de Panamá,jefe de gobierno,Mayer Mizrachi,republica_dominicana
Ciudad de Panamá,país,Panamá,republica_dominicana
Ciudad de Panamá,instancia de,ciudad,republica_dominicana
Ciudad de Panamá,instancia de,gran ciudad,republica_dominicana
Ciudad de Panamá,instancia de,área metropolitana,republica_dominicana
Panamá,forma parte de,América Latina,republica_dominicana
Panamá,forma parte de,América Central,republica_dominicana
Panamá,forma parte de,América Central continental,republica_dominicana
Panamá,forma parte de,Anexo:Paraísos fiscales según la Unión Europea,republica_dominicana
fotógrafo,instancia de,ocupación,republica_dominicana
fotógrafo,instancia de,agente,republica_dominicana
fotógrafo,subclase de,artista visual,republica_dominicana
fotógrafo,santo patrón,Verónica,republica_dominicana
Partido de la Liberación Dominicana,país,República Dominicana,republica_dominicana
Partido de la Liberación Dominicana,instancia de,partido político,republica_dominicana
Partido de la Liberación Dominicana,fundador,Abinader,republica_dominicana
Partido de la Liberación Dominicana,ubicación de la sede,Santo Domingo,republica_dominicana
Partido de la Liberación Dominicana,miembro de,Conferencia Permanente de Partidos Políticos de América Latina,republica_dominicana
Rosa Alexandra Ysabel Mejia,Ocupación,baloncestista,republica_dominicana
Rosa Alexandra Ysabel Mejia,Ciudadanía,República Dominicana,republica_dominicana
Rosa Alexandra Ysabel Mejia,Fecha de nacimiento,1994-01-12,republica_dominicana
Wilvis Yomar Cordero Thomas,Ocupación,baloncestista,republica_dominicana
Wilvis Yomar Cordero Thomas,Ciudadanía,República Dominicana,republica_dominicana
Wilvis Yomar Cordero Thomas,Fecha de nacimiento,1992-05-22,republica_dominicana
Luis Arturo Duluc Trinidad,Ocupación,baloncestista,republica_dominicana
Luis Arturo Duluc Trinidad,Ciudadanía,República Dominicana,republica_dominicana
Luis Arturo Duluc Trinidad,Fecha de nacimiento,1992-01-17,republica_dominicana
Jose Acosta Hernandez,Ocupación,baloncestista,republica_dominicana
Jose Acosta Hernandez,Ciudadanía,República Dominicana,republica_dominicana
Jose Acosta Hernandez,Fecha de nacimiento,1992-06-17,republica_dominicana
Anyelo David De la Rosa,Ocupación,baloncestista,republica_dominicana
Anyelo David De la Rosa,Ciudadanía,República Dominicana,republica_dominicana
Anyelo David De la Rosa,Fecha de nacimiento,1992-11-29,republica_dominicana
Bemil Antonio Faulkner Fernandez,Ocupación,baloncestista,republica_dominicana
Bemil Antonio Faulkner Fernandez,Ciudadanía,República Dominicana,republica_dominicana
Bemil Antonio Faulkner Fernandez,Fecha de nacimiento,1992-02-29,republica_dominicana
Deivy Miguel Martinez Rodriguez,Ocupación,baloncestista,republica_dominicana
Deivy Miguel Martinez Rodriguez,Ciudadanía,República Dominicana,republica_dominicana
Deivy Miguel Martinez Rodriguez,Fecha de nacimiento,1992-02-07,republica_dominicana
Regil Antonio Herasme Martinez,Ocupación,baloncestista,republica_dominicana
Regil Antonio Herasme Martinez,Ciudadanía,República Dominicana,republica_dominicana
Regil Antonio Herasme Martinez,Fecha de nacimiento,1992-07-21,republica_dominicana
Ted Jimenez Guillen,Ocupación,baloncestista,republica_dominicana
Ted Jimenez Guillen,Ciudadanía,República Dominicana,republica_dominicana
Ted Jimenez Guillen,Fecha de nacimiento,1992-03-04,republica_dominicana
Santiago Emmanuel Hurtado Parra,Ocupación,baloncestista,republica_dominicana
Santiago Emmanuel Hurtado Parra,Ciudadanía,República Dominicana,republica_dominicana
Santiago Emmanuel Hurtado Parra,Fecha de nacimiento,1992-03-11,republica_dominicana
Eddy Rafael Guisarri Peralta,Ocupación,baloncestista,republica_dominicana
Eddy Rafael Guisarri Peralta,Ciudadanía,República Dominicana,republica_dominicana
Eddy Rafael Guisarri Peralta,Fecha de nacimiento,1992-12-29,republica_dominicana
Sandro Encarnacion Ibert,Ocupación,baloncestista,republica_dominicana
Sandro Encarnacion Ibert,Ciudadanía,República Dominicana,republica_dominicana
Sandro Encarnacion Ibert,Fecha de nacimiento,1986-09-20,republica_dominicana
Evelyn Gómez Domínguez,Ocupación,baloncestista,republica_dominicana
Evelyn Gómez Domínguez,Ciudadanía,República Dominicana,republica_dominicana
Evelyn Gómez Domínguez,Fecha de nacimiento,1987-10-18,republica_dominicana
Angelina Jimenez Perez,Ocupación,baloncestista,republica_dominicana
Angelina Jimenez Perez,Ciudadanía,República Dominicana,republica_dominicana
Angelina Jimenez Perez,Fecha de nacimiento,1982-10-24,republica_dominicana
Luis Manuel Martínez,Ocupación,baloncestista,republica_dominicana
Luis Manuel Martínez,Ciudadanía,Estados Unidos,republica_dominicana
Luis Manuel Martínez,Fecha de nacimiento,1984-06-19,republica_dominicana
Luis Manuel Martínez,Ciudadanía,República Dominicana,republica_dominicana
Francisco Alberto Ozuna Lorenzo,Ocupación,baloncestista,republica_dominicana
Francisco Alberto Ozuna Lorenzo,Ciudadanía,República Dominicana,republica_dominicana
Francisco Alberto Ozuna Lorenzo,Fecha de nacimiento,1979-10-04,republica_dominicana
Nicole Rivera Guerrero,Ocupación,baloncestista,republica_dominicana
Nicole Rivera Guerrero,Ciudadanía,Estados Unidos,republica_dominicana
Nicole Rivera Guerrero,Fecha de nacimiento,1994-11-08,republica_dominicana
Nicole Rivera Guerrero,Ciudadanía,República Dominicana,republica_dominicana
Carlos Ernesto Taveras Camilo,Ocupación,baloncestista,republica_dominicana
Carlos Ernesto Taveras Camilo,Ciudadanía,República Dominicana,republica_dominicana
Carlos Ernesto Taveras Camilo,Fecha de nacimiento,1992-02-27,republica_dominicana
Francisco Leonardo Concepción Mendoza,Ocupación,baloncestista,republica_dominicana
Francisco Leonardo Concepción Mendoza,Ciudadanía,República Dominicana,republica_dominicana
Francisco Leonardo Concepción Mendoza,Fecha de nacimiento,1990-01-24,republica_dominicana
Luis Manuel Guerrero Fernández,Ocupación,baloncestista,republica_dominicana
Luis Manuel Guerrero Fernández,Ciudadanía,República Dominicana,republica_dominicana
Luis Manuel Guerrero Fernández,Fecha de nacimiento,1990-03-17,republica_dominicana
Rosa Smester,Lugar de nacimiento,Santiago de los Caballeros,republica_dominicana
Rosa Smester,Ocupación,escritor,republica_dominicana
Rosa Smester,Ciudadanía,República Dominicana,republica_dominicana
Rosa Smester,Miembro de,Junta Patriótica de Damas,republica_dominicana
Rosa Smester,Fecha de nacimiento,1874-08-30,republica_dominicana
Rosa Smester,Fecha de defunción,1945-02-15,republica_dominicana
Rosa Smester,Ocupación,maestro,republica_dominicana
Rosa Smester,Ocupación,feminista,republica_dominicana
Xavier Carreras,Lugar de nacimiento,Bayaguana,republica_dominicana
Xavier Carreras,Ocupación,baloncestista,republica_dominicana
Xavier Carreras,Ciudadanía,Argentina,republica_dominicana
Xavier Carreras,Fecha de nacimiento,1994-10-09,republica_dominicana
Xavier Carreras,Ciudadanía,República Dominicana,republica_dominicana
Antonio Lockward Artiles,Lugar de nacimiento,Santo Domingo,republica_dominicana
Antonio Lockward Artiles,Ocupación,escritor,republica_dominicana
Antonio Lockward Artiles,Ciudadanía,República Dominicana,republica_dominicana
Antonio Lockward Artiles,Educado en,Universidad Autónoma de Santo Domingo,republica_dominicana
Antonio Lockward Artiles,Fecha de nacimiento,1943-03-25,republica_dominicana
Antonio Lockward Artiles,Fecha de defunción,2021-06-27,republica_dominicana
Ana Mercedes Robles Goris,Lugar de nacimiento,Santiago de los Caballeros,republica_dominicana
Ana Mercedes Robles Goris,Ocupación,científico,republica_dominicana
Ana Mercedes Robles Goris,Ciudadanía,República Dominicana,republica_dominicana
Ana Mercedes Robles Goris,Educado en,Pontificia Universidad Católica Madre y Maestra,republica_dominicana
Ana Mercedes Robles Goris,Fecha de nacimiento,1901-01-01,republica_dominicana
Ana Mercedes Robles Goris,Educado en,Universidad de Puerto Rico,republica_dominicana
José Morillo,Lugar de nacimiento,Santo Domingo,republica_dominicana
José Morillo,Ocupación,pintor,republica_dominicana
José Morillo,Ciudadanía,República Dominicana,republica_dominicana
José Morillo,Fecha de nacimiento,1975-08-16,republica_dominicana
Ramón Torres,Lugar de nacimiento,Salvaleón de Higüey,republica_dominicana
Ramón Torres,Ocupación,cantautor,republica_dominicana
Ramón Torres,Ciudadanía,República Dominicana,republica_dominicana
Ramón Torres,Obra notable,Mi San Juan,republica_dominicana
Ramón Torres,Fecha de nacimiento,1949-07-18,republica_dominicana
Ramón Torres,Obra notable,Mi Bachata Legendaria,republica_dominicana
Ramón Torres,Obra notable,Tilolalá,republica_dominicana
Elena Cordones,Ciudadanía,República Dominicana,republica_dominicana
Benji Núñez,Lugar de nacimiento,San Bartolomé de Tirajana,republica_dominicana
Benji Núñez,Ocupación,futbolista,republica_dominicana
Benji Núñez,Ciudadanía,España,republica_dominicana
Benji Núñez,Fecha de nacimiento,1995-05-15,republica_dominicana
Benji Núñez,Ciudadanía,República Dominicana,republica_dominicana
Lucía León,Lugar de nacimiento,Madrid,republica_dominicana
Lucía León,Ocupación,futbolista,republica_dominicana
Lucía León,Ciudadanía,España,republica_dominicana
Lucía León,Fecha de nacimiento,1997-08-13,republica_dominicana
Lucía León,Ciudadanía,República Dominicana,republica_dominicana
Juan Mayí,Lugar de nacimiento,San Francisco de Macorís,republica_dominicana
Juan Mayí,Ocupación,pintor,republica_dominicana
Juan Mayí,Ciudadanía,República Dominicana,republica_dominicana
Juan Mayí,Fecha de nacimiento,1963-04-23,republica_dominicana
Eric Alexander Batsta Pérez,Lugar de nacimiento,Santo Domingo,republica_dominicana
Eric Alexander Batsta Pérez,Ocupación,arquitecto,republica_dominicana
Eric Alexander Batsta Pérez,Ciudadanía,República Dominicana,republica_dominicana
Eric Alexander Batsta Pérez,Fecha de nacimiento,1994-01-01,republica_dominicana
Amenazzy,Lugar de nacimiento,Santiago de los Caballeros,republica_dominicana
Amenazzy,Ocupación,cantautor,republica_dominicana
Amenazzy,Ciudadanía,República Dominicana,republica_dominicana
Amenazzy,Fecha de nacimiento,1995-08-04,republica_dominicana
Amenazzy,Ocupación,Trapero,republica_dominicana
Milton Peláez,Lugar de nacimiento,Santa Cruz de Barahona,republica_dominicana
Milton Peláez,Ocupación,compositor,republica_dominicana
Milton Peláez,Ciudadanía,República Dominicana,republica_dominicana
Milton Peláez,Fecha de nacimiento,1945-04-15,republica_dominicana
Milton Peláez,Fecha de defunción,2006-07-04,republica_dominicana
Milton Peláez,Ocupación,comediante,republica_dominicana
Milton Peláez,Ocupación,líder de banda,republica_dominicana
Milton Peláez,Ocupación,baterista de rock,republica_dominicana
Miguel Reyes Sánchez,Lugar de nacimiento,Santo Domingo,republica_dominicana
Miguel Reyes Sánchez,Ocupación,diplomático,republica_dominicana
Miguel Reyes Sánchez,Ciudadanía,República Dominicana,republica_dominicana
Miguel Reyes Sánchez,Fecha de nacimiento,1966-01-01,republica_dominicana
Yarissa,Lugar de nacimiento,Santiago de los Caballeros,republica_dominicana
Yarissa,Ocupación,productor de televisión,republica_dominicana
Yarissa,Ciudadanía,República Dominicana,republica_dominicana
Yarissa,Educado en,Pontificia Universidad Católica Madre y Maestra,republica_dominicana
Yarissa,Fecha de nacimiento,1990-04-12,republica_dominicana
Yarissa,Ocupación,influencer,republica_dominicana
Yarissa,Ocupación,youtuber,republica_dominicana
Chimbala,Lugar de nacimiento,Santo Domingo,republica_dominicana
Chimbala,Ocupación,cantante,republica_dominicana
Chimbala,Ciudadanía,República Dominicana,republica_dominicana
Chimbala,Fecha de nacimiento,1991-05-18,republica_dominicana
Chimbala,Ocupación,rapero,republica_dominicana
Lizzy Parra,Lugar de nacimiento,Santo Domingo,republica_dominicana
Lizzy Parra,Ocupación,actor,republica_dominicana
Lizzy Parra,Ciudadanía,República Dominicana,republica_dominicana
Lizzy Parra,Fecha de nacimiento,1995-07-22,republica_dominicana
Lizzy Parra,Ocupación,cantante,republica_dominicana
Lizzy Parra,Ocupación,compositor de canciones,republica_dominicana
Lizzy Parra,Ocupación,rapero,republica_dominicana
Rubinsky RBK,Lugar de nacimiento,Santo Domingo,republica_dominicana
Rubinsky RBK,Ocupación,cantante,republica_dominicana
Rubinsky RBK,Ciudadanía,República Dominicana,republica_dominicana
Rubinsky RBK,Fecha de nacimiento,1990-05-09,republica_dominicana
Rubinsky RBK,Ocupación,compositor de canciones,republica_dominicana
Rubinsky RBK,Ocupación,rapero,republica_dominicana
Sergio Hernández,Ocupación,cantante,republica_dominicana
Sergio Hernández,Ciudadanía,República Dominicana,republica_dominicana
Sergio Hernández,Fecha de nacimiento,2000-01-01,republica_dominicana
Andrés Sandoval,Lugar de nacimiento,Milford,republica_dominicana
Andrés Sandoval,Ocupación,baloncestista,republica_dominicana
Andrés Sandoval,Ciudadanía,Estados Unidos,republica_dominicana
Andrés Sandoval,Educado en,Universidad de Richmond,republica_dominicana
Andrés Sandoval,Fecha de nacimiento,1983-08-23,republica_dominicana
Andrés Sandoval,Ciudadanía,República Dominicana,republica_dominicana
Bayaguana,país,República Dominicana,republica_dominicana
Bayaguana,instancia de,municipio de la República Dominicana,republica_dominicana
Bayaguana,situado en la entidad territorial administrativa,Monte Plata,republica_dominicana
científico,instancia de,profesión,republica_dominicana
científico,instancia de,cargo,republica_dominicana
científico,subclase de,investigador,republica_dominicana
científico,subclase de,erudito,republica_dominicana
científico,ámbito de la ocupación,ciencia,republica_dominicana
Salvaleón de Higüey,país,República Dominicana,republica_dominicana
Salvaleón de Higüey,instancia de,asentamiento,republica_dominicana
Salvaleón de Higüey,situado en la entidad territorial administrativa,Higüey,republica_dominicana
Mi San Juan,instancia de,álbum,republica_dominicana
Mi San Juan,género,bachata,republica_dominicana
Mi San Juan,intérprete,Ramón Torres,republica_dominicana
Mi San Juan,sello discográfico,autoproducido,republica_dominicana
San Bartolomé de Tirajana,jefe de gobierno,Marco Aurelio Pérez Sánchez,republica_dominicana
San Bartolomé de Tirajana,país,España,republica_dominicana
San Bartolomé de Tirajana,continente,Europa,republica_dominicana
San Bartolomé de Tirajana,instancia de,municipio de España,republica_dominicana
San Bartolomé de Tirajana,capital,San Bartolomé de Tirajana,republica_dominicana
Trapero,instancia de,ocupación,republica_dominicana
Trapero,instancia de,profesión musical,republica_dominicana
Trapero,subclase de,cantante,republica_dominicana
Trapero,subclase de,músico,republica_dominicana
Trapero,ámbito de la ocupación,trap,republica_dominicana
Milford,país,Estados Unidos,republica_dominicana
Milford,instancia de,pueblo de Estados Unidos,republica_dominicana
Milford,comparte fronteras con,Bellingham,republica_dominicana
Milford,comparte fronteras con,Hopedale,republica_dominicana
Milford,comparte fronteras con,Holliston,republica_dominicana
Universidad de Richmond,país,Estados Unidos,republica_dominicana
Universidad de Richmond,instancia de,universidad,republica_dominicana
Universidad de Richmond,instancia de,institución educativa privada sin fines de lucro,republica_dominicana
Universidad de Richmond,situado en la entidad territorial administrativa,Virginia,republica_dominicana
Universidad de Richmond,ubicación de la sede,Richmond,republica_dominicana
Jael Uribe,Lugar de nacimiento,Santo Domingo,republica_dominicana
Jael Uribe,Ocupación,escritor,republica_dominicana
Jael Uribe,Ciudadanía,República Dominicana,republica_dominicana
Jael Uribe,Fecha de nacimiento,1975-02-10,republica_dominicana
Jael Uribe,Ocupación,poeta,republica_dominicana
La Romana,categoría principal del tema,Categoría:La Romana,republica_dominicana
La Romana,capital de,La Romana,republica_dominicana
Radamés Martínez,Ocupación,luchador,republica_dominicana
Radamés Martínez,Ciudadanía,República Dominicana,republica_dominicana
Ángelo Mota Brea,Lugar de nacimiento,San Pedro de Macorís,republica_dominicana
Ángelo Mota Brea,Ocupación,luchador,republica_dominicana
Ángelo Mota Brea,Ciudadanía,República Dominicana,republica_dominicana
Ángelo Mota Brea,Fecha de nacimiento,1972-09-14,republica_dominicana
Aneudy Navarro,Ocupación,luchador,republica_dominicana
Aneudy Navarro,Ciudadanía,República Dominicana,republica_dominicana
Yessica Oviedo,Ocupación,luchador,republica_dominicana
Yessica Oviedo,Ciudadanía,República Dominicana,republica_dominicana
Yessica Oviedo,Fecha de nacimiento,1993-01-02,republica_dominicana
Ángel Paulino,Ocupación,luchador,republica_dominicana
Ángel Paulino,Ciudadanía,República Dominicana,republica_dominicana
Reina Paulino,Ocupación,luchador,republica_dominicana
Reina Paulino,Ciudadanía,República Dominicana,republica_dominicana
Luis Miguel Pérez,Ocupación,luchador,republica_dominicana
Luis Miguel Pérez,Ciudadanía,República Dominicana,republica_dominicana
Luis Miguel Pérez,Fecha de nacimiento,1988-11-08,republica_dominicana
Henry Quezada,Ocupación,luchador,republica_dominicana
Henry Quezada,Ciudadanía,República Dominicana,republica_dominicana
Ángel Ramírez,Ocupación,luchador,republica_dominicana
Ángel Ramírez,Ciudadanía,República Dominicana,republica_dominicana
Ángel Ramírez,Fecha de nacimiento,1987-07-28,republica_dominicana
Carix Ramírez,Ocupación,luchador,republica_dominicana
Carix Ramírez,Ciudadanía,República Dominicana,republica_dominicana
Carix Ramírez,Fecha de nacimiento,1990-04-05,republica_dominicana
Richard Ramos,Ocupación,luchador,republica_dominicana
Richard Ramos,Ciudadanía,República Dominicana,republica_dominicana
Richard Ramos,Fecha de nacimiento,1979-02-24,republica_dominicana
Olguín Sabúa,Ocupación,luchador,republica_dominicana
Olguín Sabúa,Ciudadanía,República Dominicana,republica_dominicana
Olguín Sabúa,Fecha de nacimiento,1975-05-23,republica_dominicana
Elsa Sánchez,Ocupación,luchador,republica_dominicana
Elsa Sánchez,Ciudadanía,República Dominicana,republica_dominicana
Elsa Sánchez,Fecha de nacimiento,1986-03-09,republica_dominicana
Jeffry de Jesus Serrata,Ocupación,luchador,republica_dominicana
Jeffry de Jesus Serrata,Ciudadanía,República Dominicana,republica_dominicana
Jeffry de Jesus Serrata,Fecha de nacimiento,1993-03-24,republica_dominicana
Servio Severino,Ocupación,luchador,republica_dominicana
Servio Severino,Ciudadanía,República Dominicana,republica_dominicana
Servio Severino,Fecha de nacimiento,1966-01-02,republica_dominicana
Manuel Simonó,Ocupación,luchador,republica_dominicana
Manuel Simonó,Ciudadanía,República Dominicana,republica_dominicana
Manuel Simonó,Fecha de nacimiento,1979-06-25,republica_dominicana
Damaris Ubieres,Ocupación,luchador,republica_dominicana
Damaris Ubieres,Ciudadanía,República Dominicana,republica_dominicana
Billy Váldez,Ocupación,luchador,republica_dominicana
Billy Váldez,Ciudadanía,República Dominicana,republica_dominicana
Billy Váldez,Fecha de nacimiento,1994-08-25,republica_dominicana
Eligio Vásquez,Ocupación,luchador,republica_dominicana
Eligio Vásquez,Ciudadanía,República Dominicana,republica_dominicana
Ezequiel Díaz,Ocupación,luchador,republica_dominicana
Ezequiel Díaz,Ciudadanía,República Dominicana,republica_dominicana
Ezequiel Díaz,Fecha de nacimiento,1994-03-09,republica_dominicana
Deisy Toussaint,Ocupación,escritor,republica_dominicana
Deisy Toussaint,Ciudadanía,República Dominicana,republica_dominicana
Amín Cruz,Ocupación,periodista,republica_dominicana
Amín Cruz,Ciudadanía,República Dominicana,republica_dominicana
Amín Cruz,Fecha de nacimiento,1954-05-27,republica_dominicana
Juan Carlos Campos Sagaseta,Lugar de nacimiento,Pamplona,republica_dominicana
Juan Carlos Campos Sagaseta,Ocupación,guionista,republica_dominicana
Juan Carlos Campos Sagaseta,Ciudadanía,República Dominicana,republica_dominicana
Juan Carlos Campos Sagaseta,Empleador,El Nacional,republica_dominicana
Juan Carlos Campos Sagaseta,Fecha de nacimiento,1954-04-14,republica_dominicana
Juan Carlos Campos Sagaseta,Fecha de defunción,2024-06-30,republica_dominicana
Juan Carlos Campos Sagaseta,Ocupación,actor,republica_dominicana
Juan Carlos Campos Sagaseta,Ocupación,escritor,republica_dominicana
Juan Carlos Campos Sagaseta,Ocupación,poeta,republica_dominicana
Juan Carlos Campos Sagaseta,Ocupación,dramaturgo,republica_dominicana
Juan Carlos Campos Sagaseta,Ocupación,narrador,republica_dominicana
Juan Carlos Campos Sagaseta,Ocupación,columnista,republica_dominicana
Juan Carlos Campos Sagaseta,Ocupación,periodista,republica_dominicana
Juan Carlos Campos Sagaseta,Ocupación,publicista,republica_dominicana
Juan Carlos Campos Sagaseta,Ocupación,activista social,republica_dominicana
Darlenys de la Cruz Severino,Ocupación,atleta paralímpico,republica_dominicana
Darlenys de la Cruz Severino,Ciudadanía,República Dominicana,republica_dominicana
Darlenys de la Cruz Severino,Fecha de nacimiento,2001-05-02,republica_dominicana
Joan Matias,Lugar de nacimiento,Santiago de los Caballeros,republica_dominicana
Joan Matias,Ciudadanía,República Dominicana,republica_dominicana
Joan Matias,Fecha de nacimiento,1986-12-22,republica_dominicana
Berleni Vianney Lebrón Liriano,Lugar de nacimiento,San Juan,republica_dominicana
Berleni Vianney Lebrón Liriano,Ocupación,conservador de museo,republica_dominicana
Berleni Vianney Lebrón Liriano,Ciudadanía,República Dominicana,republica_dominicana
Berleni Vianney Lebrón Liriano,Educado en,Universidad Autónoma de Santo Domingo,republica_dominicana
Berleni Vianney Lebrón Liriano,Empleador,Universidad Nacional Pedro Henríquez Ureña,republica_dominicana
Berleni Vianney Lebrón Liriano,Obra notable,Q127432096,republica_dominicana
Berleni Vianney Lebrón Liriano,Miembro de,Asociación Internacional de Taxonomía Vegetal,republica_dominicana
Berleni Vianney Lebrón Liriano,Fecha de nacimiento,1998-08-07,republica_dominicana
Berleni Vianney Lebrón Liriano,Ocupación,biólogo,republica_dominicana
Berleni Vianney Lebrón Liriano,Ocupación,investigador,republica_dominicana
Berleni Vianney Lebrón Liriano,Ocupación,botánico,republica_dominicana
Berleni Vianney Lebrón Liriano,Educado en,Colegio de Postgraduados,republica_dominicana
Berleni Vianney Lebrón Liriano,Obra notable,Q128282259,republica_dominicana
Andrés López de Medrano,Lugar de nacimiento,Santiago de los Caballeros,republica_dominicana
Andrés López de Medrano,Ocupación,escritor,republica_dominicana
Andrés López de Medrano,Ciudadanía,República Dominicana,republica_dominicana
Andrés López de Medrano,Educado en,Universidad Autónoma de Santo Domingo,republica_dominicana
Andrés López de Medrano,Fecha de nacimiento,1780-01-01,republica_dominicana
Andrés López de Medrano,Fecha de defunción,1856-01-01,republica_dominicana
Andrés López de Medrano,Ocupación,filósofo,republica_dominicana
Lariza Díaz,Lugar de nacimiento,Hato Mayor,republica_dominicana
Lariza Díaz,Ocupación,baloncestista,republica_dominicana
Lariza Díaz,Ciudadanía,República Dominicana,republica_dominicana
Lariza Díaz,Fecha de nacimiento,1972-01-18,republica_dominicana
Lariza Díaz,Fecha de nacimiento,1972-05-18,republica_dominicana
Andreína Paniagua,Lugar de nacimiento,Santo Domingo,republica_dominicana
Andreína Paniagua,Ocupación,baloncestista,republica_dominicana
Andreína Paniagua,Ciudadanía,República Dominicana,republica_dominicana
Andreína Paniagua,Fecha de nacimiento,1978-09-07,republica_dominicana
Thais Karina Herrera Jimenez,Ocupación,montañismo,republica_dominicana
Thais Karina Herrera Jimenez,Ciudadanía,República Dominicana,republica_dominicana
Thais Karina Herrera Jimenez,Fecha de nacimiento,1977-01-08,republica_dominicana
Thais Karina Herrera Jimenez,Ocupación,empresario,republica_dominicana
Omar de la Cruz (futbolista),Lugar de nacimiento,Ibiza,republica_dominicana
Omar de la Cruz (futbolista),Ocupación,futbolista,republica_dominicana
Omar de la Cruz (futbolista),Ciudadanía,República Dominicana,republica_dominicana
Omar de la Cruz (futbolista),Fecha de nacimiento,2001-08-26,republica_dominicana
Nelson Lemaire,Lugar de nacimiento,Schaerbeek,republica_dominicana
Nelson Lemaire,Ocupación,futbolista,republica_dominicana
Nelson Lemaire,Ciudadanía,Bélgica,republica_dominicana
Nelson Lemaire,Fecha de nacimiento,2001-10-19,republica_dominicana
Nelson Lemaire,Ciudadanía,República Dominicana,republica_dominicana
Nelson Lemaire,Ciudadanía,Mauricio,republica_dominicana
Mustapha Aziz,Lugar de nacimiento,Tarudant,republica_dominicana
Mustapha Aziz,Ocupación,empresario,republica_dominicana
Mustapha Aziz,Ciudadanía,República Dominicana,republica_dominicana
Mustapha Aziz,Fecha de nacimiento,1942-01-03,republica_dominicana
Mustapha Aziz,Ciudadanía,Líbano,republica_dominicana
Mustapha Aziz,Ciudadanía,Arabia Saudí,republica_dominicana
Mustapha Aziz,Ciudadanía,Costa de Marfil,republica_dominicana
Mustapha Aziz,Ciudadanía,Marruecos,republica_dominicana
Anthony Garcia,Ocupación,beisbolista,republica_dominicana
Anthony Garcia,Ciudadanía,República Dominicana,republica_dominicana
Anthony Garcia,Fecha de nacimiento,2000-09-05,republica_dominicana
Cristopher Jiménez Orozco,Ocupación,investigador,republica_dominicana
Cristopher Jiménez Orozco,Ciudadanía,República Dominicana,republica_dominicana
Cristopher Jiménez Orozco,Fecha de nacimiento,2000-01-01,republica_dominicana
Rosy Fernández Gutiérrez,Ocupación,investigador,republica_dominicana
Rosy Fernández Gutiérrez,Ciudadanía,República Dominicana,republica_dominicana
Rumarda Urbáez,Ocupación,investigador,republica_dominicana
Rumarda Urbáez,Ciudadanía,República Dominicana,republica_dominicana
Cristian Javier Pinales,Lugar de nacimiento,La Romana,republica_dominicana
Cristian Javier Pinales,Ocupación,boxeador,republica_dominicana
Cristian Javier Pinales,Ciudadanía,República Dominicana,republica_dominicana
Cristian Javier Pinales,Fecha de nacimiento,2000-11-02,republica_dominicana
Pamplona,jefe de gobierno,Enrique Maya,republica_dominicana
Pamplona,jefe de gobierno,Yolanda Barcina,republica_dominicana
Pamplona,jefe de gobierno,Joseba Asirón,republica_dominicana
Pamplona,jefe de gobierno,Cristina Ibarrola,republica_dominicana
Pamplona,país,España,republica_dominicana
El Nacional,país,República Dominicana,republica_dominicana
El Nacional,instancia de,publicación periódica,republica_dominicana
El Nacional,miembro de,Sociedad Interamericana de Prensa,republica_dominicana
El Nacional,país de origen,República Dominicana,republica_dominicana
atleta paralímpico,instancia de,profesión,republica_dominicana
atleta paralímpico,instancia de,ocupación,republica_dominicana
atleta paralímpico,subclase de,deportista,republica_dominicana
atleta paralímpico,subclase de,competidor,republica_dominicana
atleta paralímpico,ámbito de la ocupación,Deporte paralímpico,republica_dominicana
conservador de museo,instancia de,profesión,republica_dominicana
conservador de museo,instancia de,cargo,republica_dominicana
conservador de museo,instancia de,ocupación,republica_dominicana
conservador de museo,subclase de,museólogo,republica_dominicana
conservador de museo,subclase de,profesional de museos,republica_dominicana
Universidad Nacional Pedro Henríquez Ureña,país,República Dominicana,republica_dominicana
Universidad Nacional Pedro Henríquez Ureña,instancia de,universidad,republica_dominicana
Universidad Nacional Pedro Henríquez Ureña,situado en la entidad territorial administrativa,Santo Domingo,republica_dominicana
Universidad Nacional Pedro Henríquez Ureña,ubicación,Santo Domingo,republica_dominicana
Universidad Nacional Pedro Henríquez Ureña,miembro de,Centro Interuniversitario de Desarrollo,republica_dominicana
montañismo,instancia de,tipo de deporte,republica_dominicana
montañismo,instancia de,afición,republica_dominicana
montañismo,sucedido por,esquí extremo,republica_dominicana
montañismo,sucedido por,salto BASE,republica_dominicana
Ibiza,país,España,republica_dominicana
Ibiza,continente,Europa,republica_dominicana
Ibiza,instancia de,ciudad,republica_dominicana
Ibiza,instancia de,villa,republica_dominicana
Schaerbeek,jefe de gobierno,Cécile Jodogne,republica_dominicana
Schaerbeek,país,Bélgica,republica_dominicana
Schaerbeek,instancia de,municipio de Bélgica,republica_dominicana
Schaerbeek,idioma oficial,francés,republica_dominicana
Schaerbeek,idioma oficial,neerlandés,republica_dominicana
Bélgica,miembro de,Banco Internacional de Reconstrucción y Fomento,republica_dominicana
Bélgica,miembro de,Organización Hidrográfica Internacional,republica_dominicana
Bélgica,miembro de,Banco Africano de Desarrollo,republica_dominicana
Bélgica,miembro de,Unión Internacional de Telecomunicaciones,republica_dominicana
Bélgica,miembro de,Organización para la Cooperación Conjunta en Materia de Armamento,republica_dominicana
Tarudant,país,Marruecos,republica_dominicana
Tarudant,instancia de,ciudad,republica_dominicana
Tarudant,instancia de,municipio de Marruecos,republica_dominicana
Tarudant,situado en la entidad territorial administrativa,Provincia de Tarudant,republica_dominicana
Líbano,país,Líbano,republica_dominicana
Líbano,jefe de gobierno,Nawaf Salam,republica_dominicana
Líbano,continente,Asia,republica_dominicana
Líbano,instancia de,país,republica_dominicana
Líbano,instancia de,estado soberano,republica_dominicana
investigador,instancia de,cargo,republica_dominicana
investigador,instancia de,ocupación,republica_dominicana
investigador,subclase de,escritor de no ficción,republica_dominicana
investigador,subclase de,profesional de la academia,republica_dominicana
investigador,ámbito de la ocupación,investigación,republica_dominicana
Ana González,Ocupación,ciclista,republica_dominicana
Ana González,Ciudadanía,República Dominicana,republica_dominicana
Ana González,Fecha de nacimiento,1986-02-03,republica_dominicana
Anne Guzman,Lugar de nacimiento,República Dominicana,republica_dominicana
Anne Guzman,Ocupación,ciclista,republica_dominicana
Anne Guzman,Ciudadanía,Canadá,republica_dominicana
Anne Guzman,Ocupación,nutricionista,republica_dominicana
Anne Guzman,Ciudadanía,República Dominicana,republica_dominicana
Virginia Echevarria,Ocupación,ciclista,republica_dominicana
Virginia Echevarria,Ciudadanía,República Dominicana,republica_dominicana
Virginia Echevarria,Fecha de nacimiento,1989-01-11,republica_dominicana
Stephany Contreras,Ocupación,ciclista,republica_dominicana
Stephany Contreras,Ciudadanía,República Dominicana,republica_dominicana
Stephany Contreras,Fecha de nacimiento,1993-11-26,republica_dominicana
Gina Figueroa,Ocupación,ciclista,republica_dominicana
Gina Figueroa,Ciudadanía,República Dominicana,republica_dominicana
Karla De Jesus,Ocupación,ciclista,republica_dominicana
Karla De Jesus,Ciudadanía,República Dominicana,republica_dominicana
Karla De Jesus,Fecha de nacimiento,1990-09-13,republica_dominicana
Madelin Canela,Ocupación,ciclista,republica_dominicana
Madelin Canela,Ciudadanía,República Dominicana,republica_dominicana
Madelin Canela,Fecha de nacimiento,1993-03-03,republica_dominicana
Hilda Castillo,Ocupación,ciclista,republica_dominicana
Hilda Castillo,Ciudadanía,República Dominicana,republica_dominicana
Hilda Castillo,Fecha de nacimiento,1973-05-05,republica_dominicana
Yaina Beras,Ocupación,ciclista,republica_dominicana
Yaina Beras,Ciudadanía,República Dominicana,republica_dominicana
Yaina Beras,Fecha de nacimiento,1987-10-18,republica_dominicana
Grace Fabián,Ocupación,ciclista,republica_dominicana
Grace Fabián,Ciudadanía,República Dominicana,republica_dominicana
Grace Fabián,Fecha de nacimiento,1991-11-26,republica_dominicana
Monica Rodriguez,Ocupación,ciclista,republica_dominicana
Monica Rodriguez,Ciudadanía,República Dominicana,republica_dominicana
Monica Rodriguez,Fecha de nacimiento,1976-10-19,republica_dominicana
Dío Astacio,Lugar de nacimiento,Sabana de la Mar,republica_dominicana
Dío Astacio,Ocupación,alcalde,republica_dominicana
Dío Astacio,Ciudadanía,República Dominicana,republica_dominicana
Dío Astacio,Fecha de nacimiento,1970-01-18,republica_dominicana
Dío Astacio,Ocupación,escritor,republica_dominicana
Dío Astacio,Ocupación,abogado,republica_dominicana
Dío Astacio,Ocupación,pastor,republica_dominicana
Luis Alfredo Torres,Lugar de nacimiento,Santa Cruz de Barahona,republica_dominicana
Luis Alfredo Torres,Ocupación,autor,republica_dominicana
Luis Alfredo Torres,Ciudadanía,República Dominicana,republica_dominicana
Luis Alfredo Torres,Fecha de nacimiento,1935-10-18,republica_dominicana
Luis Alfredo Torres,Fecha de defunción,1992-05-01,republica_dominicana
Luis Alfredo Torres,Ocupación,periodista,republica_dominicana
Luis Alfredo Torres,Ocupación,crítico literario,republica_dominicana
Juan Alberto Peña Lebrón,Ocupación,jurista,republica_dominicana
Juan Alberto Peña Lebrón,Ciudadanía,República Dominicana,republica_dominicana
Juan Alberto Peña Lebrón,Cargo,juez,republica_dominicana
Juan Alberto Peña Lebrón,Fecha de nacimiento,1930-06-23,republica_dominicana
Juan Alberto Peña Lebrón,Fecha de defunción,2022-10-03,republica_dominicana
Juan Alberto Peña Lebrón,Ocupación,autor,republica_dominicana
Denyi Reyes,Lugar de nacimiento,San Cristóbal,republica_dominicana
Denyi Reyes,Ocupación,beisbolista,republica_dominicana
Denyi Reyes,Ciudadanía,República Dominicana,republica_dominicana
Denyi Reyes,Fecha de nacimiento,1996-11-02,republica_dominicana
