entidad,relacion,objeto
Ariel Fernández,Lugar de nacimiento,Bahía Blanca
Ariel Fernández,Ocupación,biofísico
Ariel Fernández,Ciudadanía,Argentina
Ariel Fernández,Educado en,Universidad Nacional del Sur
Ariel Fernández,Empleador,Universidad de Chicago
Ariel Fernández,Premio recibido,Fellow of the American Institute for Medical and Biological Engineering
Ariel Fernández,Fecha de nacimiento,1957-04-08
Ariel Fernández,Empleador,Universidad de Miami
Ariel Fernández,Empleador,Universidad Rice
Ariel Fernández,Empleador,Morgridge Institute for Research
Paula Ormaechea,Lugar de nacimiento,Sunchales
Paula Ormaechea,Ocupación,tenista
Paula Ormaechea,Ciudadanía,Argentina
Paula Ormaechea,Fecha de nacimiento,1992-09-28
Mercedes Paz,Lugar de nacimiento,San Miguel de Tucumán
Mercedes Paz,Ocupación,tenista
Mercedes Paz,Ciudadanía,Argentina
Mercedes Paz,Fecha de nacimiento,1966-06-27
Elisa Carrió,Lugar de nacimiento,Resistencia
Elisa Carrió,Ocupación,abogado
Elisa Carrió,Ciudadanía,Argentina
Elisa Carrió,Educado en,Universidad Nacional del Nordeste
Elisa Carrió,Cargo,diputado de Argentina
Elisa Carrió,Fecha de nacimiento,1956-12-26
Elisa Carrió,Ocupación,político
José Evaristo de Uriburu,Lugar de nacimiento,Salta
José Evaristo de Uriburu,Ocupación,abogado
José Evaristo de Uriburu,Ciudadanía,Argentina
José Evaristo de Uriburu,Educado en,Universidad de Buenos Aires
José Evaristo de Uriburu,Cargo,vicepresidente de la Nación Argentina
José Evaristo de Uriburu,Fecha de nacimiento,1831-11-19
José Evaristo de Uriburu,Fecha de defunción,1914-10-23
José Evaristo de Uriburu,Ocupación,político
José Evaristo de Uriburu,Ocupación,diplomático
José Evaristo de Uriburu,Fecha de defunción,1914-10-25
José Evaristo de Uriburu,Educado en,"Universidad Mayor, Real y Pontificia San Francisco Xavier de Chuquisaca"
José Evaristo de Uriburu,Cargo,presidente de la Nación Argentina
José Evaristo de Uriburu,Cargo,diputado de Argentina
José Evaristo de Uriburu,Cargo,senador de Argentina
José Evaristo de Uriburu,Cargo,embajador de Argentina en Chile
Arturo Umberto Illia,Lugar de nacimiento,Pergamino
Arturo Umberto Illia,Ocupación,médico
Arturo Umberto Illia,Ciudadanía,Argentina
Arturo Umberto Illia,Educado en,Universidad de Buenos Aires
Arturo Umberto Illia,Cargo,presidente de la Nación Argentina
Arturo Umberto Illia,Premio recibido,Caballero de Gran Cruz con collar de la Orden al Mérito de la República Italiana
Arturo Umberto Illia,Fecha de nacimiento,1900-08-04
Arturo Umberto Illia,Fecha de defunción,1983-01-18
Arturo Umberto Illia,Ocupación,político
Arturo Umberto Illia,Cargo,diputado de Argentina
Carlos Pellegrini,Lugar de nacimiento,Buenos Aires
Carlos Pellegrini,Ocupación,abogado
Carlos Pellegrini,Ciudadanía,España
Carlos Pellegrini,Educado en,Universidad de Buenos Aires
Carlos Pellegrini,Cargo,vicepresidente de la Nación Argentina
Carlos Pellegrini,Fecha de nacimiento,1846-10-11
Carlos Pellegrini,Fecha de defunción,1906-07-17
Carlos Pellegrini,Ocupación,político
Carlos Pellegrini,Ocupación,traductor
Carlos Pellegrini,Ocupación,periodista
Carlos Pellegrini,Ciudadanía,Argentina
Carlos Pellegrini,Educado en,Colegio Nacional de Buenos Aires
Carlos Pellegrini,Cargo,presidente de la Nación Argentina
Ariel Fernández,Ocupación,matemático
Ariel Fernández,Ciudadanía,Estados Unidos
Ariel Fernández,Educado en,Universidad de Princeton
Ariel Fernández,Premio recibido,Beca Guggenheim
Ariel Fernández,Ocupación,químico
Ariel Fernández,Ocupación,profesor universitario
Ariel Fernández,Educado en,Universidad Yale
Ed Nelson,Lugar de nacimiento,Brockton
Ed Nelson,Ocupación,baloncestista
Ed Nelson,Ciudadanía,Estados Unidos
Ed Nelson,Educado en,Universidad de Connecticut
Ed Nelson,Fecha de nacimiento,1982-03-18
Ed Nelson,Ciudadanía,Argentina
Ed Nelson,Educado en,Instituto de Tecnología de Georgia
Ed Nelson,Educado en,St. Thomas Aquinas High School
Noemí Simonetto,Lugar de nacimiento,Buenos Aires
Noemí Simonetto,Ocupación,velocista
Noemí Simonetto,Ciudadanía,Argentina
Noemí Simonetto,Fecha de nacimiento,1926-02-01
Noemí Simonetto,Fecha de defunción,2011-02-20
Noemí Simonetto,Ocupación,atleta
Raimundo Orsi,Lugar de nacimiento,Avellaneda
Raimundo Orsi,Ocupación,entrenador
Raimundo Orsi,Ciudadanía,Italia
Raimundo Orsi,Fecha de nacimiento,1901-12-02
Raimundo Orsi,Fecha de defunción,1986-04-06
Raimundo Orsi,Ocupación,futbolista
Raimundo Orsi,Ciudadanía,Argentina
Raimundo Orsi,Ciudadanía,Reino de Italia
Paz Lenchantin,Lugar de nacimiento,Mar del Plata
Paz Lenchantin,Ocupación,cantante
Paz Lenchantin,Ciudadanía,Estados Unidos
Paz Lenchantin,Miembro de,Pixies
Paz Lenchantin,Fecha de nacimiento,1973-12-12
Paz Lenchantin,Ocupación,pianista
Paz Lenchantin,Ocupación,bajista
Paz Lenchantin,Ocupación,músico
Paz Lenchantin,Ocupación,guitarrista
Paz Lenchantin,Ocupación,violinista
Paz Lenchantin,Ciudadanía,Argentina
Enrique Cadícamo,Lugar de nacimiento,General Rodríguez
Enrique Cadícamo,Ocupación,escritor
Enrique Cadícamo,Ciudadanía,Argentina
Enrique Cadícamo,Fecha de nacimiento,1900-07-15
Enrique Cadícamo,Fecha de defunción,1999-12-03
Enrique Cadícamo,Ocupación,compositor
Enrique Cadícamo,Ocupación,poeta
Enrique Cadícamo,Ocupación,letrista
Enrique Cadícamo,Ocupación,director de cine
Marcelo Gallardo,Lugar de nacimiento,Merlo
Marcelo Gallardo,Ocupación,entrenador
Marcelo Gallardo,Ciudadanía,Argentina
Marcelo Gallardo,Fecha de nacimiento,1976-01-18
Marcelo Gallardo,Ocupación,futbolista
Violet Jessop,Lugar de nacimiento,Bahía Blanca
Violet Jessop,Ocupación,camarero
Violet Jessop,Ciudadanía,Reino Unido
Violet Jessop,Fecha de nacimiento,1887-10-01
Violet Jessop,Fecha de defunción,1971-05-05
Violet Jessop,Ocupación,enfermero
Violet Jessop,Fecha de nacimiento,1887-10-02
Violet Jessop,Ciudadanía,Argentina
Graciela Fernández Meijide,Lugar de nacimiento,Avellaneda
Graciela Fernández Meijide,Ocupación,político
Graciela Fernández Meijide,Ciudadanía,Argentina
Graciela Fernández Meijide,Educado en,Instituto de Enseñanza Superior en Lenguas Vivas Juan Ramón Fernández
Graciela Fernández Meijide,Miembro de,Comisión Nacional sobre la Desaparición de Personas
Graciela Fernández Meijide,Cargo,diputado de Argentina
Graciela Fernández Meijide,Premio recibido,Doctor honoris causa de la Universidad de Buenos Aires
Graciela Fernández Meijide,Fecha de nacimiento,1931-02-27
Graciela Fernández Meijide,Ocupación,profesor de lengua
Graciela Fernández Meijide,Miembro de,Asamblea Permanente por los Derechos Humanos
Graciela Fernández Meijide,Miembro de,Diálogo Interamericano
Graciela Fernández Meijide,Cargo,senador de Argentina
John Llewellyn Moxey,Lugar de nacimiento,Argentina
John Llewellyn Moxey,Ocupación,realizador de televisión
John Llewellyn Moxey,Ciudadanía,Argentina
John Llewellyn Moxey,Fecha de nacimiento,1925-02-26
John Llewellyn Moxey,Fecha de defunción,2019-04-29
John Llewellyn Moxey,Ocupación,director de cine
John Llewellyn Moxey,Ocupación,realizador
Ceferino Denis,Lugar de nacimiento,Ituzaingó
Ceferino Denis,Ocupación,futbolista
Ceferino Denis,Ciudadanía,Argentina
Ceferino Denis,Fecha de nacimiento,1978-11-09
Fabián Assmann,Lugar de nacimiento,Zárate
Fabián Assmann,Ocupación,futbolista
Fabián Assmann,Ciudadanía,Argentina
Fabián Assmann,Fecha de nacimiento,1986-03-23
Paolo Quinteros,Lugar de nacimiento,Colón
Paolo Quinteros,Ocupación,baloncestista
Paolo Quinteros,Ciudadanía,Italia
Paolo Quinteros,Fecha de nacimiento,1979-01-15
Paolo Quinteros,Ciudadanía,Argentina
Bruno Sanfilippo,Lugar de nacimiento,Buenos Aires
Bruno Sanfilippo,Ocupación,compositor
Bruno Sanfilippo,Ciudadanía,Argentina
Bruno Sanfilippo,Fecha de nacimiento,1965-09-13
Bruno Sanfilippo,Ocupación,pianista
Bruno Sanfilippo,Ocupación,músico
Carlos Pellegrini,Cargo,diputado de Argentina
Carlos Pellegrini,Cargo,senador de Argentina
Bahía Blanca,país,Argentina
Bahía Blanca,instancia de,gran ciudad
Bahía Blanca,instancia de,sede de gobierno
Bahía Blanca,instancia de,localidad
Bahía Blanca,instancia de,ciudad de Argentina
biofísico,instancia de,profesión
biofísico,subclase de,físico
biofísico,subclase de,biólogo
biofísico,ámbito de la ocupación,biofísica
biofísico,categoría principal del tema,Categoría:Biofísicos
Argentina,se encuentra en el huso horario,Hora oficial argentina
Argentina,miembro de,Organización de las Naciones Unidas
Argentina,miembro de,Unión de Naciones Suramericanas
Argentina,miembro de,Mercosur
Argentina,miembro de,UNESCO
Universidad Nacional del Sur,país,Argentina
Universidad Nacional del Sur,instancia de,universidad pública
Universidad Nacional del Sur,situado en la entidad territorial administrativa,Bahía Blanca
Universidad Nacional del Sur,filial,"Secretaría General de Ciencia y Tecnología , Universidad Nacional del Sur"
Universidad Nacional del Sur,forma parte de,Red Sara
Universidad de Chicago,país,Estados Unidos
Universidad de Chicago,instancia de,escuela
Universidad de Chicago,instancia de,universidad privada
Universidad de Chicago,instancia de,universidad de investigación
Universidad de Chicago,instancia de,institución educativa privada sin fines de lucro
Sunchales,país,Argentina
Sunchales,instancia de,municipio
Sunchales,instancia de,ciudad de Argentina
Sunchales,situado en la entidad territorial administrativa,Departamento Castellanos
Sunchales,ciudad hermana,Rivarolo Canavese
tenista,instancia de,profesión
tenista,subclase de,deportista
tenista,subclase de,jugador competitivo
tenista,ámbito de la ocupación,tenis
tenista,ámbito de la ocupación,tenis femenino
San Miguel de Tucumán,categoría para las personas que nacieron aquí,Categoría:Personas de San Miguel de Tucumán
San Miguel de Tucumán,país,Argentina
San Miguel de Tucumán,instancia de,gran ciudad
Resistencia,jefe de gobierno,Roy Nikisch
Resistencia,país,Argentina
Resistencia,instancia de,municipio
Resistencia,instancia de,gran ciudad
Resistencia,instancia de,municipio de Argentina
abogado,instancia de,profesión jurídica
abogado,subclase de,jurista
abogado,santo patrón,Catalina de Alejandría
abogado,santo patrón,Alfonso María de Ligorio
abogado,santo patrón,Raimundo de Peñafort
Universidad Nacional del Nordeste,país,Argentina
Universidad Nacional del Nordeste,instancia de,universidad pública
Universidad Nacional del Nordeste,instancia de,editor de acceso abierto
Universidad Nacional del Nordeste,situado en la entidad territorial administrativa,Corrientes
Universidad Nacional del Nordeste,forma parte de,Red Sara
diputado de Argentina,país,Argentina
diputado de Argentina,instancia de,cargo
diputado de Argentina,instancia de,ocupación
diputado de Argentina,subclase de,diputado
diputado de Argentina,forma parte de,Cámara de Diputados de la Nación Argentina
Salta,país,Argentina
Salta,instancia de,municipio
Salta,instancia de,gran ciudad
Salta,instancia de,ciudad de Argentina
Universidad de Buenos Aires,país,Argentina
Universidad de Buenos Aires,instancia de,universidad pública
Universidad de Buenos Aires,instancia de,editor de acceso abierto
Universidad de Buenos Aires,fundador,Bernardino Rivadavia
Universidad de Buenos Aires,fundador,Martín Rodríguez
vicepresidente de la Nación Argentina,país,Argentina
vicepresidente de la Nación Argentina,instancia de,cargo público
vicepresidente de la Nación Argentina,subclase de,vicepresidente
vicepresidente de la Nación Argentina,forma parte de,Gabinete de Ministros
vicepresidente de la Nación Argentina,categoría principal del tema,Categoría:Vicepresidentes de Argentina
Pergamino,país,Argentina
Pergamino,instancia de,sede de gobierno
Pergamino,instancia de,localidad
Pergamino,instancia de,ciudad de Argentina
Pergamino,situado en la entidad territorial administrativa,Pergamino
médico,lista de interés para el proyecto Wikimedia,Wikipedia:Lista de artículos que toda Wikipedia debería tener/Expandida
médico,instancia de,profesión sanitaria
médico,instancia de,cargo
médico,instancia de,ocupación
presidente de la Nación Argentina,país,Argentina
presidente de la Nación Argentina,instancia de,cargo público
presidente de la Nación Argentina,residencia oficial,Casa Rosada
presidente de la Nación Argentina,subclase de,presidente
presidente de la Nación Argentina,subclase de,presidente de la Republica
Buenos Aires,país,Argentina
Buenos Aires,continente,América
Buenos Aires,instancia de,entidad territorial administrativa
Buenos Aires,instancia de,circunscripción electoral
Buenos Aires,instancia de,capital federal
España,jefe de gobierno,Pedro Sánchez
España,continente,Europa
España,instancia de,país
España,instancia de,Estado nación
España,instancia de,reino
Brockton,país,Estados Unidos
Brockton,instancia de,ciudad de Estados Unidos
Brockton,situado en la entidad territorial administrativa,condado de Plymouth
Brockton,nombrado en referencia a,Isaac Brock
baloncestista,instancia de,profesión
baloncestista,subclase de,deportista
baloncestista,subclase de,jugador competitivo
baloncestista,forma parte de,club de baloncesto
baloncestista,ámbito de la ocupación,baloncesto
Estados Unidos,forma de gobierno,república
Estados Unidos,forma de gobierno,presidencialismo
Estados Unidos,forma de gobierno,república federal
Estados Unidos,nombrado en referencia a,América
Estados Unidos,subdividido en (división administrativa),California
Universidad de Connecticut,país,Estados Unidos
Universidad de Connecticut,instancia de,Universidad de concesión de tierras
Universidad de Connecticut,instancia de,institución educativa pública de los Estados Unidos
velocista,instancia de,profesión
velocista,instancia de,disciplina deportiva
velocista,subclase de,corredor
velocista,ámbito de la ocupación,carrera de velocidad
velocista,deporte,atletismo
Avellaneda,país,Argentina
Avellaneda,instancia de,ciudad
Avellaneda,instancia de,asentamiento
Avellaneda,situado en la entidad territorial administrativa,Partido de Avellaneda
entrenador,instancia de,profesión
entrenador,instancia de,ocupación
entrenador,ámbito de la ocupación,fútbol
entrenador,deporte,fútbol
Italia,miembro de,OTAN
Italia,miembro de,Fondo Monetario Internacional
Italia,miembro de,UNESCO
Italia,miembro de,Organización Mundial de la Salud
Italia,miembro de,Organización Mundial del Comercio
Mar del Plata,país,Argentina
Mar del Plata,instancia de,gran ciudad
Mar del Plata,instancia de,sede de gobierno
Mar del Plata,instancia de,localidad
Mar del Plata,instancia de,ciudad de Argentina
cantante,instancia de,grupo de ocupaciones de la CIUO
cantante,instancia de,ocupación en la música
cantante,subclase de,músico
cantante,ámbito de la ocupación,canto
Pixies,categoría de miembros,Categoría:Miembros de Pixies
Pixies,instancia de,grupo musical
Pixies,género,rock alternativo
Pixies,género,indie rock
Pixies,sello discográfico,4AD
General Rodríguez,país,Argentina
General Rodríguez,instancia de,sede de gobierno
General Rodríguez,instancia de,localidad
General Rodríguez,instancia de,ciudad de Argentina
General Rodríguez,situado en la entidad territorial administrativa,General Rodríguez
escritor,instancia de,profesión
escritor,instancia de,ocupación
escritor,subclase de,autor
escritor,subclase de,artista
Merlo,país,Argentina
Merlo,instancia de,gran ciudad
Merlo,instancia de,sede de gobierno
Merlo,instancia de,localidad
Merlo,instancia de,ciudad de Argentina
futbolista,instancia de,profesión
futbolista,instancia de,ocupación
futbolista,subclase de,jugador competitivo
futbolista,subclase de,Jugador de fútbol
camarero,instancia de,profesión
camarero,instancia de,rol social
camarero,instancia de,grupo de ocupaciones de la CIUO
Reino Unido,miembro de,Organización para la Cooperación y el Desarrollo Económico
Reino Unido,miembro de,Agencia Espacial Europea
Reino Unido,miembro de,Programa de exención de visa
Reino Unido,miembro de,Organización para la Seguridad y la Cooperación en Europa
Reino Unido,miembro de,Observatorio Europeo del Sur
político,instancia de,profesión
político,instancia de,frecuentemente
político,subclase de,profesional
político,ámbito de la ocupación,política
político,categoría principal del tema,Categoría:Políticos
Instituto de Enseñanza Superior en Lenguas Vivas Juan Ramón Fernández,país,Argentina
Instituto de Enseñanza Superior en Lenguas Vivas Juan Ramón Fernández,instancia de,escuela
Instituto de Enseñanza Superior en Lenguas Vivas Juan Ramón Fernández,instancia de,edificio escolar
Instituto de Enseñanza Superior en Lenguas Vivas Juan Ramón Fernández,situado en la entidad territorial administrativa,Buenos Aires
Comisión Nacional sobre la Desaparición de Personas,país,Argentina
Comisión Nacional sobre la Desaparición de Personas,instancia de,comisión para la verdad y la reconciliación
Comisión Nacional sobre la Desaparición de Personas,instancia de,comisión
Comisión Nacional sobre la Desaparición de Personas,campo de trabajo,autor
Comisión Nacional sobre la Desaparición de Personas,fundador,Raúl Alfonsín
realizador de televisión,instancia de,profesión
realizador de televisión,subclase de,realizador
realizador de televisión,forma parte de,equipo de televisión
realizador de televisión,categoría principal del tema,Categoría:Directores de televisión
Ituzaingó,país,Argentina
Ituzaingó,instancia de,gran ciudad
Ituzaingó,instancia de,sede de gobierno
Ituzaingó,instancia de,localidad
Ituzaingó,instancia de,ciudad de Argentina
Zárate,país,Argentina
Zárate,instancia de,ciudad de Argentina
Zárate,situado en la entidad territorial administrativa,Zárate
Zárate,situado cerca del cuerpo de agua,Paraná
Zárate,categoría principal del tema,Categoría:Zárate
Colón,país,Argentina
Colón,instancia de,ciudad
Colón,instancia de,municipio
Colón,fundador,Justo José de Urquiza
Colón,situado en la entidad territorial administrativa,Departamento Colón
compositor,instancia de,ocupación
compositor,instancia de,profesión musical
compositor,subclase de,autor
compositor,subclase de,músico
compositor,santo patrón,Cecilia de Roma
pianista,instancia de,cargo
pianista,instancia de,ocupación
pianista,instancia de,profesión musical
pianista,subclase de,tecladista
Quino,Lugar de nacimiento,Fuengirola
Quino,Ocupación,dibujante
Quino,Ciudadanía,Argentina
Quino,Obra notable,Mafalda
Quino,Premio recibido,Orden al Mérito Artístico y Cultural Pablo Neruda
Quino,Fecha de nacimiento,1932-07-17
Quino,Fecha de defunción,2020-09-30
Quino,Lugar de nacimiento,Guaymallén
Quino,Ocupación,historietista
Quino,Premio recibido,Sproing Award
Quino,Ocupación,caricaturista
Quino,Premio recibido,Oficial de la Orden Nacional de la Legión de Honor
Quino,Premio recibido,oficial de la Orden de las Artes y las Letras
Quino,Premio recibido,caballero de la Orden de Isabel la Católica
Quino,Premio recibido,Romics d'Oro
Quino,Premio recibido,Pluma de Honor
Quino,Obra notable,Mundo Quino
Quino,Ciudadanía,España
Quino,Premio recibido,Premio Haxtur
Quino,Premio recibido,Ciudadano ilustre de la Ciudad de Buenos Aires
Quino,Premio recibido,Premio Iberoamericano de Humor Gráfico Quevedos
Quino,Premio recibido,Ambrogino d'oro
Quino,Premio recibido,Premio Max y Moritz
Quino,Premio recibido,Premio Príncipe Claus
Quino,Premio recibido,Premio Gato Perich
Quino,Premio recibido,Premio Princesa de Asturias de Comunicación y Humanidades
Quino,Premio recibido,Premio Konex
Bartolomé Mitre,Lugar de nacimiento,Buenos Aires
Bartolomé Mitre,Ocupación,militar
Bartolomé Mitre,Ciudadanía,Argentina
Bartolomé Mitre,Miembro de,Academia Nacional de la Historia de la República Argentina
Bartolomé Mitre,Cargo,Gobernador de la Provincia de Buenos Aires
Bartolomé Mitre,Premio recibido,Comendador de la Orden del Sol del Perú
Bartolomé Mitre,Fecha de nacimiento,1821-06-26
Bartolomé Mitre,Fecha de defunción,1906-01-19
Bartolomé Mitre,Ocupación,político
Bartolomé Mitre,Ocupación,historiador
Bartolomé Mitre,Ocupación,traductor
Bartolomé Mitre,Ocupación,periodista
Bartolomé Mitre,Ocupación,lingüista
Bartolomé Mitre,Premio recibido,Gran Oficial de la Orden El Sol del Perú
Bartolomé Mitre,Cargo,presidente de la Nación Argentina
Bartolomé Mitre,Cargo,senador de Argentina
Ariel Ibagaza,Lugar de nacimiento,Buenos Aires
Ariel Ibagaza,Ocupación,futbolista
Ariel Ibagaza,Ciudadanía,España
Ariel Ibagaza,Fecha de nacimiento,1976-10-27
Ariel Ibagaza,Ciudadanía,Argentina
Gustavo Eberlein,Lugar de nacimiento,Spiekershausen
Gustavo Eberlein,Ocupación,ilustrador
Gustavo Eberlein,Ciudadanía,Argentina
Gustavo Eberlein,Educado en,Academia de Bellas Artes de Núremberg
Gustavo Eberlein,Empleador,Academia de las Artes de Berlín
Gustavo Eberlein,Miembro de,Academia de las Artes de Berlín
Gustavo Eberlein,Fecha de nacimiento,1847-07-14
Gustavo Eberlein,Fecha de defunción,1926-02-05
Gustavo Eberlein,Ocupación,pintor
Gustavo Eberlein,Ocupación,escultor
Gustavo Eberlein,Fecha de defunción,1926-03-05
Gustavo Eberlein,Educado en,Academia de las Artes de Berlín
Gustavo Eberlein,Educado en,Kunstgewerbeschule Nürnberg
Héctor Sesi Cúper,Lugar de nacimiento,Chabás
Héctor Sesi Cúper,Ocupación,entrenador
Héctor Sesi Cúper,Ciudadanía,Argentina
Héctor Sesi Cúper,Fecha de nacimiento,1955-11-16
Héctor Sesi Cúper,Ocupación,futbolista
Kily González,Lugar de nacimiento,Rosario
Kily González,Ocupación,entrenador
Kily González,Ciudadanía,Argentina
Kily González,Fecha de nacimiento,1974-08-04
Kily González,Ocupación,futbolista
Leandro Cufré,Lugar de nacimiento,La Plata
Leandro Cufré,Ocupación,entrenador
Leandro Cufré,Ciudadanía,Argentina
Leandro Cufré,Fecha de nacimiento,1978-05-09
Leandro Cufré,Ocupación,futbolista
José González,Lugar de nacimiento,Gotemburgo
José González,Ocupación,cantante
José González,Ciudadanía,Suecia
José González,Educado en,Universidad de Gotemburgo
José González,Premio recibido,Musikexportpriset
José González,Fecha de nacimiento,1978-07-31
José González,Ocupación,cantautor
José González,Ocupación,compositor de canciones
José González,Ocupación,guitarrista
José González,Ciudadanía,Argentina
Horacio Elizondo,Lugar de nacimiento,Quilmes
Horacio Elizondo,Ocupación,árbitro de fútbol
Horacio Elizondo,Ciudadanía,Argentina
Horacio Elizondo,Cargo,árbitro FIFA
Horacio Elizondo,Fecha de nacimiento,1963-11-04
Franco Di Santo,Lugar de nacimiento,Mendoza
Franco Di Santo,Ocupación,futbolista
Franco Di Santo,Ciudadanía,Argentina
Franco Di Santo,Fecha de nacimiento,1989-04-07
Luis Monti,Lugar de nacimiento,Buenos Aires
Luis Monti,Ocupación,entrenador
Luis Monti,Ciudadanía,Argentina
Luis Monti,Fecha de nacimiento,1901-05-15
Luis Monti,Fecha de defunción,1983-09-09
Luis Monti,Ocupación,futbolista
Santiago Solari,Lugar de nacimiento,Rosario
Santiago Solari,Ocupación,entrenador
Santiago Solari,Ciudadanía,Argentina
Santiago Solari,Educado en,Universidad Stockton
Santiago Solari,Fecha de nacimiento,1976-10-07
Santiago Solari,Ocupación,futbolista
Manuel Belgrano,Lugar de nacimiento,Buenos Aires
Manuel Belgrano,Ocupación,abogado
Manuel Belgrano,Ciudadanía,Argentina
Manuel Belgrano,Educado en,Universidad de Salamanca
Manuel Belgrano,Fecha de nacimiento,1770-06-03
Manuel Belgrano,Fecha de defunción,1820-06-20
Manuel Belgrano,Ocupación,militar
Manuel Belgrano,Ocupación,político
Manuel Belgrano,Ocupación,jurista
Manuel Belgrano,Ocupación,economista
Manuel Belgrano,Ocupación,periodista
Manuel Belgrano,Educado en,Universidad de Valladolid
José Néstor Pékerman,Lugar de nacimiento,Villa Domínguez
José Néstor Pékerman,Ocupación,entrenador
José Néstor Pékerman,Ciudadanía,Argentina
José Néstor Pékerman,Premio recibido,Cruz de Plata de la Orden de Boyacá
José Néstor Pékerman,Fecha de nacimiento,1949-09-03
José Néstor Pékerman,Ocupación,futbolista
Sergio Goycochea,Lugar de nacimiento,Buenos Aires
Sergio Goycochea,Ocupación,futbolista
Sergio Goycochea,Ciudadanía,Argentina
Sergio Goycochea,Fecha de nacimiento,1963-10-17
Sergio Goycochea,Ocupación,periodista
Cristian Daniel Ledesma,Lugar de nacimiento,Buenos Aires
Cristian Daniel Ledesma,Ocupación,futbolista
Cristian Daniel Ledesma,Ciudadanía,Italia
Cristian Daniel Ledesma,Fecha de nacimiento,1982-09-24
Cristian Daniel Ledesma,Ciudadanía,Argentina
Diego Buonanotte,Lugar de nacimiento,Teodelina
Diego Buonanotte,Ocupación,futbolista
Diego Buonanotte,Ciudadanía,Argentina
Diego Buonanotte,Fecha de nacimiento,1988-04-19
Pablo Cavallero,Lugar de nacimiento,Lomas de Zamora
Pablo Cavallero,Ocupación,futbolista
Pablo Cavallero,Ciudadanía,Argentina
Pablo Cavallero,Fecha de nacimiento,1974-04-13
Pablo Cavallero,Fecha de nacimiento,1974-04-14
Mariano Pernía,Lugar de nacimiento,Buenos Aires
Mariano Pernía,Ocupación,piloto de carreras
Mariano Pernía,Ciudadanía,España
Mariano Pernía,Fecha de nacimiento,1977-05-04
Mariano Pernía,Ocupación,futbolista
Mariano Pernía,Ciudadanía,Argentina
Fernando Cavenaghi,Lugar de nacimiento,Eduardo O'Brien
Fernando Cavenaghi,Ocupación,futbolista
Fernando Cavenaghi,Ciudadanía,Argentina
Fernando Cavenaghi,Premio recibido,Cypriot First Division top goalscorers
Fernando Cavenaghi,Fecha de nacimiento,1983-09-21
Fuengirola,país,España
Fuengirola,continente,Europa
Fuengirola,instancia de,municipio de España
Fuengirola,capital,Fuengirola
Fuengirola,comparte fronteras con,Benalmádena
dibujante,instancia de,profesión
dibujante,instancia de,ocupación
dibujante,subclase de,artista visual
dibujante,ámbito de la ocupación,dibujo
dibujante,ámbito de la ocupación,creación artística
Mafalda,país,Argentina
Mafalda,instancia de,serie de tiras de prensa
Mafalda,nombrado en referencia a,Mafalda
Orden al Mérito Artístico y Cultural Pablo Neruda,país,Chile
Orden al Mérito Artístico y Cultural Pablo Neruda,instancia de,premio artístico
Orden al Mérito Artístico y Cultural Pablo Neruda,nombrado en referencia a,Pablo Neruda
Orden al Mérito Artístico y Cultural Pablo Neruda,patrocinador,Consejo Nacional de la Cultura y las Artes de Chile
militar,instancia de,profesión
militar,instancia de,ocupación
militar,subclase de,empleado
militar,subclase de,guerrero
militar,opuesto a,civil
Academia Nacional de la Historia de la República Argentina,país,Argentina
Academia Nacional de la Historia de la República Argentina,instancia de,organización
Academia Nacional de la Historia de la República Argentina,situado en la entidad territorial administrativa,Buenos Aires
Academia Nacional de la Historia de la República Argentina,ubicación de la sede,Antiguo Congreso Nacional
Academia Nacional de la Historia de la República Argentina,compuesto por,Antiguo Congreso Nacional
Gobernador de la Provincia de Buenos Aires,país,Argentina
Gobernador de la Provincia de Buenos Aires,instancia de,cargo
Gobernador de la Provincia de Buenos Aires,residencia oficial,Casa de Gobierno de la provincia de Buenos Aires
Gobernador de la Provincia de Buenos Aires,subclase de,gobernador de provincia argentina
Gobernador de la Provincia de Buenos Aires,forma parte de,Gabinete de la Provincia de Buenos Aires
Spiekershausen,país,Alemania
Spiekershausen,instancia de,ortsteil
Spiekershausen,situado en la entidad territorial administrativa,Staufenberg
Spiekershausen,se encuentra en el huso horario,UTC+01:00
Spiekershausen,se encuentra en el huso horario,UTC+02:00
ilustrador,instancia de,profesión
ilustrador,subclase de,dibujante
ilustrador,ámbito de la ocupación,ilustración
ilustrador,categoría principal del tema,Categoría:Ilustradores
ilustrador,descrito en la fuente,Enciclopedia soviética armenia
Academia de Bellas Artes de Núremberg,país,Alemania
Academia de Bellas Artes de Núremberg,instancia de,academia de bellas artes
Academia de Bellas Artes de Núremberg,instancia de,universidad pública
Academia de Bellas Artes de Núremberg,situado en la entidad territorial administrativa,Núremberg
Academia de las Artes de Berlín,gerente/director,Johann Gottfried Schadow
Academia de las Artes de Berlín,gerente/director,Daniel Chodowiecki
Academia de las Artes de Berlín,forma jurídica,Körperschaft des öffentlichen Rechts
Chabás,país,Argentina
Chabás,instancia de,municipio
Chabás,situado en la entidad territorial administrativa,Departamento Caseros
Chabás,se encuentra en el huso horario,UTC−3
Chabás,categoría principal del tema,Categoría:Chabás
Rosario,jefe de gobierno,Pablo Javkin
Rosario,país,Argentina
Rosario,instancia de,gran ciudad
Rosario,instancia de,municipio de Argentina
Rosario,instancia de,ciudad de Argentina
La Plata,país,Argentina
La Plata,instancia de,capital
La Plata,instancia de,ciudad planificada
La Plata,instancia de,gran ciudad
La Plata,instancia de,ciudad de Argentina
Gotemburgo,país,Suecia
Gotemburgo,instancia de,gran ciudad
Gotemburgo,instancia de,asentamiento portuario
Gotemburgo,instancia de,área urbana de Suecia
Gotemburgo,idioma oficial,sueco
Suecia,forma parte de,Unión Europea
Suecia,forma parte de,Escandinavia
Suecia,forma parte de,Europa del Norte
Suecia,forma parte de,países nórdicos
Suecia,se encuentra en el huso horario,UTC+01:00
Universidad de Gotemburgo,categoría para las personas que estudiaron en esta institución,Categoría:Alumnado de la Universidad de Gotemburgo
Universidad de Gotemburgo,categoría para empleados de la organización,Categoría:Profesores de la Universidad de Gotemburgo
árbitro de fútbol,instancia de,profesión
árbitro de fútbol,subclase de,árbitro
árbitro de fútbol,subclase de,oficial del partido
árbitro FIFA,instancia de,cargo
árbitro FIFA,subclase de,árbitro de fútbol
árbitro FIFA,subclase de,árbitro internacional
árbitro FIFA,deporte,fútbol
árbitro FIFA,designado por,FIFA
Mendoza,país,Argentina
Mendoza,instancia de,municipio
Mendoza,instancia de,gran ciudad
Mendoza,instancia de,ciudad de Argentina
Mendoza,fundador,Pedro Castilla
Universidad Stockton,calendario académico,semestre
Universidad Stockton,país,Estados Unidos
Universidad Stockton,instancia de,universidad
Universidad Stockton,instancia de,institución educativa pública de los Estados Unidos
Universidad de Salamanca,país,España
Universidad de Salamanca,instancia de,universidad pública
Universidad de Salamanca,instancia de,editor de acceso abierto
Universidad de Salamanca,situado en la entidad territorial administrativa,Salamanca
Universidad de Salamanca,ubicación de la sede,Salamanca
Villa Domínguez,país,Argentina
Villa Domínguez,instancia de,municipio
Villa Domínguez,situado en la entidad territorial administrativa,Provincia de Entre Ríos
Villa Domínguez,se encuentra en el huso horario,UTC−3
Cruz de Plata de la Orden de Boyacá,país,Colombia
Cruz de Plata de la Orden de Boyacá,instancia de,grado de una orden
Cruz de Plata de la Orden de Boyacá,forma parte de,Orden de Boyacá
periodista,instancia de,profesión
periodista,instancia de,cargo
periodista,instancia de,ocupación
periodista,instancia de,grupo de ocupaciones de la CIUO
periodista,subclase de,autor
Teodelina,país,Argentina
Teodelina,instancia de,municipio
Teodelina,situado en la entidad territorial administrativa,Departamento General López
Teodelina,se encuentra en el huso horario,UTC−3
Lomas de Zamora,país,Argentina
Lomas de Zamora,instancia de,gran ciudad
Lomas de Zamora,instancia de,sede de gobierno
Lomas de Zamora,instancia de,localidad
Lomas de Zamora,instancia de,ciudad de Argentina
piloto de carreras,instancia de,profesión
piloto de carreras,subclase de,operador de vehículo
piloto de carreras,ámbito de la ocupación,deporte de motor
piloto de carreras,ámbito de la ocupación,karting
Eduardo O'Brien,país,Argentina
Eduardo O'Brien,instancia de,asentamiento
Eduardo O'Brien,situado en la entidad territorial administrativa,Partido de Bragado
Eduardo O'Brien,se encuentra en el huso horario,UTC−3
Alfredo Di Stéfano,Lugar de nacimiento,Buenos Aires
Alfredo Di Stéfano,Ocupación,entrenador
Alfredo Di Stéfano,Ciudadanía,España
Alfredo Di Stéfano,Premio recibido,Balón de Oro
Alfredo Di Stéfano,Fecha de nacimiento,1926-07-04
Alfredo Di Stéfano,Fecha de defunción,2014-07-07
Alfredo Di Stéfano,Ocupación,futbolista
Alfredo Di Stéfano,Premio recibido,Trofeo Pichichi
Alfredo Di Stéfano,Premio recibido,Ciudadano ilustre de la Ciudad de Buenos Aires
Alfredo Di Stéfano,Premio recibido,UEFA President's Award
Alfredo Di Stéfano,Premio recibido,Gran Cruz de la Real Orden del Mérito Deportivo
Alfredo Di Stéfano,Ciudadanía,Argentina
Alfredo Di Stéfano,Ciudadanía,Colombia
Luis Solignac,Lugar de nacimiento,Buenos Aires
Luis Solignac,Ocupación,futbolista
Luis Solignac,Ciudadanía,Argentina
Luis Solignac,Fecha de nacimiento,1991-02-16
Paulo Dybala,Lugar de nacimiento,Laguna Larga ( Dybala )
Paulo Dybala,Ocupación,futbolista
Paulo Dybala,Ciudadanía,Italia
Paulo Dybala,Fecha de nacimiento,1993-11-15
Paulo Dybala,Ciudadanía,Argentina
César Aira,Lugar de nacimiento,Coronel Pringles
César Aira,Ocupación,escritor
César Aira,Ciudadanía,Argentina
César Aira,Obra notable,Cómo me hice monja
César Aira,Premio recibido,Beca Guggenheim
César Aira,Fecha de nacimiento,1949-02-23
César Aira,Ocupación,traductor
César Aira,Ocupación,novelista
César Aira,Premio recibido,Premio Formentor de las Letras
César Aira,Premio recibido,Premio Konex
César Aira,Premio recibido,Premio Roger Caillois
César Aira,Premio recibido,Premio Iberoamericano de Narrativa Manuel Rojas
Oscar Trejo,Lugar de nacimiento,Ciudad de Santiago del Estero
Oscar Trejo,Ocupación,futbolista
Oscar Trejo,Ciudadanía,Argentina
Oscar Trejo,Fecha de nacimiento,1988-04-26
Julio Salvador Sagreras,Lugar de nacimiento,Buenos Aires
Julio Salvador Sagreras,Ocupación,compositor
Julio Salvador Sagreras,Ciudadanía,Argentina
Julio Salvador Sagreras,Fecha de nacimiento,1879-11-22
Julio Salvador Sagreras,Fecha de defunción,1942-07-20
Julio Salvador Sagreras,Ocupación,músico
Julio Salvador Sagreras,Ocupación,guitarrista
Julio Salvador Sagreras,Ocupación,profesor universitario
Julio Salvador Sagreras,Ocupación,guitarrista clásico
Luciana Pedraza,Lugar de nacimiento,Salta
Luciana Pedraza,Ocupación,guionista
Luciana Pedraza,Ciudadanía,Argentina
Luciana Pedraza,Educado en,Universidad de Buenos Aires
Luciana Pedraza,Fecha de nacimiento,1972-01-05
Luciana Pedraza,Ocupación,economista
Luciana Pedraza,Ocupación,director de cine
Luciana Pedraza,Ocupación,actor de cine
Gabriel Batistuta,Lugar de nacimiento,Reconquista
Gabriel Batistuta,Ocupación,actor
Gabriel Batistuta,Ciudadanía,Italia
Gabriel Batistuta,Fecha de nacimiento,1969-02-01
Gabriel Batistuta,Ocupación,futbolista
Gabriel Batistuta,Ocupación,periodista
Gabriel Batistuta,Ocupación,polista
Gabriel Batistuta,Ciudadanía,Argentina
Néstor Kirchner,Lugar de nacimiento,Río Gallegos
Néstor Kirchner,Ocupación,abogado
Néstor Kirchner,Ciudadanía,Argentina
Néstor Kirchner,Educado en,Universidad Nacional de La Plata
Néstor Kirchner,Cargo,Secretaría General de Unasur
Néstor Kirchner,Premio recibido,Orden del Libertador
Néstor Kirchner,Fecha de nacimiento,1950-02-25
Néstor Kirchner,Fecha de defunción,2010-10-27
Néstor Kirchner,Ocupación,político
Néstor Kirchner,Premio recibido,honorary doctor of the Fudan University
Néstor Kirchner,Educado en,La Salle Florida
Néstor Kirchner,Cargo,intendente
Néstor Kirchner,Cargo,presidente de la Nación Argentina
Néstor Kirchner,Cargo,diputado de Argentina
Néstor Kirchner,Cargo,Gobernador de la Provincia de Santa Cruz
Ricardo Zunino,Lugar de nacimiento,San Juan
Ricardo Zunino,Ocupación,piloto de automovilismo
Ricardo Zunino,Ciudadanía,Argentina
Ricardo Zunino,Fecha de nacimiento,1949-04-13
Ricardo Zunino,Ocupación,piloto de Fórmula Uno
Roberto Bonomi,Lugar de nacimiento,Buenos Aires
Roberto Bonomi,Ocupación,ingeniero
Roberto Bonomi,Ciudadanía,Argentina
Roberto Bonomi,Fecha de nacimiento,1919-09-30
Roberto Bonomi,Fecha de defunción,1992-01-10
Roberto Bonomi,Ocupación,piloto de automovilismo
Roberto Bonomi,Ocupación,piloto de Fórmula Uno
Ricardo Zunino,Ocupación,ingeniero
Néstor Kirchner,Cargo,Primera dama de la Nación Argentina
José Froilán González,Lugar de nacimiento,Arrecifes
José Froilán González,Ocupación,piloto de automovilismo
José Froilán González,Ciudadanía,Argentina
José Froilán González,Premio recibido,Personalidad Destacada de la Ciudad de Buenos Aires
José Froilán González,Fecha de nacimiento,1922-10-05
José Froilán González,Fecha de defunción,2013-06-15
José Froilán González,Ocupación,piloto de Fórmula Uno
Oscar Larrauri,Lugar de nacimiento,Granadero Baigorria
Oscar Larrauri,Ocupación,ingeniero
Oscar Larrauri,Ciudadanía,Argentina
Oscar Larrauri,Fecha de nacimiento,1954-08-19
Oscar Larrauri,Ocupación,piloto de automovilismo
Oscar Larrauri,Ocupación,piloto de Fórmula Uno
Onofre Marimón,Lugar de nacimiento,Zárate
Onofre Marimón,Ocupación,piloto de motociclismo
Onofre Marimón,Ciudadanía,Argentina
Onofre Marimón,Fecha de nacimiento,1923-12-23
Onofre Marimón,Fecha de defunción,1954-07-31
Onofre Marimón,Ocupación,piloto de automovilismo
Onofre Marimón,Ocupación,piloto de Fórmula Uno
Roberto Mieres,Lugar de nacimiento,Mar del Plata
Roberto Mieres,Ocupación,regatista
Roberto Mieres,Ciudadanía,Argentina
Roberto Mieres,Fecha de nacimiento,1924-12-03
Roberto Mieres,Fecha de defunción,2012-01-26
Roberto Mieres,Ocupación,piloto de automovilismo
Roberto Mieres,Ocupación,piloto de Fórmula Uno
Gastón Mazzacane,Lugar de nacimiento,La Plata
Gastón Mazzacane,Ocupación,piloto de automovilismo
Gastón Mazzacane,Ciudadanía,Argentina
Gastón Mazzacane,Fecha de nacimiento,1975-05-08
Gastón Mazzacane,Ocupación,piloto de Fórmula Uno
Oscar Alfredo Gálvez,Lugar de nacimiento,Buenos Aires
Oscar Alfredo Gálvez,Ocupación,ingeniero
Oscar Alfredo Gálvez,Ciudadanía,Argentina
Oscar Alfredo Gálvez,Fecha de nacimiento,1913-08-17
Oscar Alfredo Gálvez,Fecha de defunción,1989-12-16
Oscar Alfredo Gálvez,Ocupación,piloto de automovilismo
Oscar Alfredo Gálvez,Ocupación,piloto de Fórmula Uno
Nasif Estéfano,Lugar de nacimiento,Concepción
Nasif Estéfano,Ocupación,ingeniero
Nasif Estéfano,Ciudadanía,Argentina
Nasif Estéfano,Fecha de nacimiento,1932-11-18
Nasif Estéfano,Fecha de defunción,1973-10-21
Nasif Estéfano,Ocupación,piloto de automovilismo
Nasif Estéfano,Ocupación,piloto de Fórmula Uno
Carlos Alberto Menditéguy,Lugar de nacimiento,Buenos Aires
Carlos Alberto Menditéguy,Ocupación,ingeniero
Carlos Alberto Menditéguy,Ciudadanía,Argentina
Carlos Alberto Menditéguy,Fecha de nacimiento,1914-08-10
Carlos Alberto Menditéguy,Fecha de defunción,1973-04-27
Carlos Alberto Menditéguy,Ocupación,piloto de automovilismo
Carlos Alberto Menditéguy,Ocupación,piloto de Fórmula Uno
Carlos Alberto Menditéguy,Ocupación,polista
Miguel Ángel Guerra,Lugar de nacimiento,Buenos Aires
Miguel Ángel Guerra,Ocupación,ingeniero
Miguel Ángel Guerra,Ciudadanía,Argentina
Miguel Ángel Guerra,Premio recibido,Personalidad Destacada de la Ciudad de Buenos Aires
Miguel Ángel Guerra,Fecha de nacimiento,1953-08-31
Miguel Ángel Guerra,Ocupación,piloto de carreras
Miguel Ángel Guerra,Ocupación,piloto de Fórmula Uno
Balón de Oro,país,Francia
Balón de Oro,instancia de,premio deportivo
Balón de Oro,subclase de,trofeo
Balón de Oro,subclase de,evento recurrente
Balón de Oro,deporte,fútbol
Laguna Larga ( Dybala ),país,Argentina
Laguna Larga ( Dybala ),instancia de,municipio
Laguna Larga ( Dybala ),instancia de,asentamiento
Laguna Larga ( Dybala ),situado en la entidad territorial administrativa,Provincia de Córdoba
Laguna Larga ( Dybala ),situado en la entidad territorial administrativa,Departamento Río Segundo
Coronel Pringles,país,Argentina
Coronel Pringles,instancia de,asentamiento
Coronel Pringles,situado en la entidad territorial administrativa,Partido de Coronel Pringles
Coronel Pringles,se encuentra en el huso horario,UTC−3
Coronel Pringles,capital de,Partido de Coronel Pringles
Cómo me hice monja,instancia de,obra literaria
Cómo me hice monja,autor,César Aira
Cómo me hice monja,editorial,Beatriz Viterbo Editora
Cómo me hice monja,idioma de la obra o del nombre,español
Cómo me hice monja,país de origen,Argentina
Beca Guggenheim,país,Estados Unidos
Beca Guggenheim,instancia de,beca
Beca Guggenheim,instancia de,evento anual
Beca Guggenheim,campo de trabajo,ciencia
Beca Guggenheim,campo de trabajo,música
Ciudad de Santiago del Estero,país,Argentina
Ciudad de Santiago del Estero,instancia de,municipio
Ciudad de Santiago del Estero,instancia de,gran ciudad
Ciudad de Santiago del Estero,instancia de,ciudad de Argentina
Ciudad de Santiago del Estero,situado en la entidad territorial administrativa,Departamento Capital
guionista,sujeto tiene rol,escritor
guionista,instancia de,profesión del cine
guionista,género,guion
guionista,subclase de,escritor
Reconquista,país,Argentina
Reconquista,instancia de,ciudad
Reconquista,instancia de,municipio
Reconquista,instancia de,Municipio
Reconquista,situado en la entidad territorial administrativa,Provincia de Santa Fe
actor,instancia de,profesión
actor,instancia de,ocupación
actor,instancia de,grupo de ocupaciones de la CIUO
actor,subclase de,artista escénico
Río Gallegos,país,Argentina
Río Gallegos,instancia de,municipio
Río Gallegos,instancia de,ciudad de Argentina
Río Gallegos,situado en la entidad territorial administrativa,Departamento Güer Aike
Río Gallegos,ciudad hermana,Punta Arenas
Universidad Nacional de La Plata,país,Argentina
Universidad Nacional de La Plata,instancia de,universidad pública
Universidad Nacional de La Plata,instancia de,editor de acceso abierto
Universidad Nacional de La Plata,instancia de,editorial académica
Universidad Nacional de La Plata,situado en la entidad territorial administrativa,La Plata
Secretaría General de Unasur,instancia de,cargo
Secretaría General de Unasur,subclase de,secretario general
Secretaría General de Unasur,categoría principal del tema,Categoría:Secretarios generales de Unasur
San Juan,país,Argentina
San Juan,instancia de,gran ciudad
San Juan,instancia de,municipio de Argentina
San Juan,instancia de,ciudad de Argentina
San Juan,situado en la entidad territorial administrativa,Departamento Capital
piloto de automovilismo,instancia de,profesión
piloto de automovilismo,instancia de,ocupación
piloto de automovilismo,elemento operado,automóvil de carreras
piloto de automovilismo,subclase de,piloto de carreras
piloto de automovilismo,ámbito de la ocupación,automovilismo
piloto de Fórmula Uno,instancia de,profesión
piloto de Fórmula Uno,subclase de,piloto de automovilismo
piloto de Fórmula Uno,ámbito de la ocupación,Fórmula 1
piloto de Fórmula Uno,categoría principal del tema,Categoría:Pilotos de Fórmula 1
piloto de Fórmula Uno,plantilla principal del tema,Plantilla:Ficha de piloto de Fórmula 1
ingeniero,instancia de,profesión
ingeniero,instancia de,cargo
ingeniero,elemento operado,producto
ingeniero,subclase de,trabajador
ingeniero,ámbito de la ocupación,ingeniería
Arrecifes,país,Argentina
Arrecifes,instancia de,asentamiento
Arrecifes,situado en la entidad territorial administrativa,Arrecifes
Arrecifes,se encuentra en el huso horario,UTC−3
Arrecifes,evento significativo,título de ciudad
Personalidad Destacada de la Ciudad de Buenos Aires,país,Argentina
Personalidad Destacada de la Ciudad de Buenos Aires,instancia de,distinción
Personalidad Destacada de la Ciudad de Buenos Aires,ubicación,Buenos Aires
Personalidad Destacada de la Ciudad de Buenos Aires,conferido por,Legislatura de la Ciudad Autónoma de Buenos Aires
Granadero Baigorria,país,Argentina
Granadero Baigorria,instancia de,ciudad
Granadero Baigorria,instancia de,municipio
Granadero Baigorria,comparte fronteras con,Rosario
Granadero Baigorria,situado en la entidad territorial administrativa,Departamento Rosario
piloto de motociclismo,instancia de,profesión
piloto de motociclismo,instancia de,deportista
piloto de motociclismo,subclase de,piloto de carreras
regatista,instancia de,profesión
regatista,instancia de,ocupación
regatista,subclase de,marino
regatista,subclase de,deportista
regatista,ámbito de la ocupación,Navegación de recreo o deportiva
Concepción,país,Argentina
Concepción,instancia de,municipio
Concepción,instancia de,ciudad de Argentina
Concepción,situado en la entidad territorial administrativa,Departamento Chicligasta
Concepción,categoría principal del tema,Categoría:Concepción (Tucumán)
Alessandro de Tomaso,Lugar de nacimiento,Buenos Aires
Alessandro de Tomaso,Ocupación,empresario
Alessandro de Tomaso,Ciudadanía,Argentina
Alessandro de Tomaso,Fecha de nacimiento,1928-07-10
Alessandro de Tomaso,Fecha de defunción,2003-05-21
Alessandro de Tomaso,Ocupación,ingeniero
Alessandro de Tomaso,Ocupación,emprendedor
Alessandro de Tomaso,Ocupación,piloto de Fórmula Uno
Pablo Birger,Lugar de nacimiento,Buenos Aires
Pablo Birger,Ocupación,piloto de automovilismo
Pablo Birger,Ciudadanía,Argentina
Pablo Birger,Fecha de nacimiento,1924-01-07
Pablo Birger,Fecha de defunción,1966-03-09
Pablo Birger,Ocupación,piloto de Fórmula Uno
Astor Piazzola,Lugar de nacimiento,Mar del Plata
Astor Piazzola,Ocupación,compositor
Astor Piazzola,Ciudadanía,Argentina
Astor Piazzola,Obra notable,Libertango
Astor Piazzola,Premio recibido,César a la mejor música original
Astor Piazzola,Fecha de nacimiento,1921-03-11
Astor Piazzola,Fecha de defunción,1992-07-04
Astor Piazzola,Ocupación,director de orquesta
Astor Piazzola,Ocupación,compositor de bandas sonoras
Astor Piazzola,Ocupación,bandoneonista
Astor Piazzola,Premio recibido,Salón de Fama del Grammy Latino
Astor Piazzola,Obra notable,María de Buenos Aires
Astor Piazzola,Obra notable,Adiós Nonino
Astor Piazzola,Obra notable,Estaciones porteñas
Astor Piazzola,Obra notable,Five Tango Sensations
Astor Piazzola,Obra notable,Histoire du Tango
Astor Piazzola,Obra notable,Concierto para bandoneón
Astor Piazzola,Obra notable,Le Grand Tango
Astor Piazzola,Obra notable,Suite del Ángel
Astor Piazzola,Obra notable,Fuga y misterio
Astor Piazzola,Obra notable,Suite Troileana
Astor Piazzola,Obra notable,Concierto para guitarra y bandoneón
Alberto Rodriguez Larreta,Lugar de nacimiento,Buenos Aires
Alberto Rodriguez Larreta,Ocupación,ingeniero
Alberto Rodriguez Larreta,Ciudadanía,Argentina
Alberto Rodriguez Larreta,Fecha de nacimiento,1934-01-14
Alberto Rodriguez Larreta,Fecha de defunción,1977-03-11
Alberto Rodriguez Larreta,Ocupación,piloto de carreras
Alberto Rodriguez Larreta,Ocupación,piloto de automovilismo
Alberto Rodriguez Larreta,Ocupación,piloto de Fórmula Uno
Carlos Alberto Reutemann,Lugar de nacimiento,Santa Fe
Carlos Alberto Reutemann,Ocupación,político
Carlos Alberto Reutemann,Ciudadanía,Argentina
Carlos Alberto Reutemann,Cargo,Gobernador de la Provincia de Santa Fe
Carlos Alberto Reutemann,Fecha de nacimiento,1942-04-12
Carlos Alberto Reutemann,Fecha de defunción,2021-07-07
Carlos Alberto Reutemann,Ocupación,productor agrícola
Carlos Alberto Reutemann,Ocupación,piloto de automovilismo
Carlos Alberto Reutemann,Ocupación,piloto de Fórmula Uno
Carlos Alberto Reutemann,Cargo,senador de Argentina
Clemar Bucci,Lugar de nacimiento,Provincia de Santa Fe
Clemar Bucci,Ocupación,ingeniero
Clemar Bucci,Ciudadanía,Argentina
Clemar Bucci,Fecha de nacimiento,1920-01-01
Clemar Bucci,Fecha de defunción,2011-01-12
Clemar Bucci,Ocupación,piloto de automovilismo
Clemar Bucci,Ocupación,piloto de Fórmula Uno
Esteban Tuero,Lugar de nacimiento,Buenos Aires
Esteban Tuero,Ocupación,piloto de automovilismo
Esteban Tuero,Ciudadanía,Argentina
Esteban Tuero,Fecha de nacimiento,1978-04-22
Esteban Tuero,Ocupación,piloto de Fórmula Uno
Norberto Fontana,Lugar de nacimiento,Arrecifes
Norberto Fontana,Ocupación,piloto de automovilismo
Norberto Fontana,Ciudadanía,Argentina
Norberto Fontana,Fecha de nacimiento,1975-01-20
Norberto Fontana,Ocupación,piloto de Fórmula Uno
Jorge Daponte,Lugar de nacimiento,Buenos Aires
Jorge Daponte,Ocupación,ingeniero
Jorge Daponte,Ciudadanía,Argentina
Jorge Daponte,Fecha de nacimiento,1923-06-05
Jorge Daponte,Fecha de defunción,1963-03-09
Jorge Daponte,Ocupación,piloto de automovilismo
Jorge Daponte,Ocupación,piloto de Fórmula Uno
Jesús Iglesias,Lugar de nacimiento,Pergamino
Jesús Iglesias,Ocupación,ingeniero
Jesús Iglesias,Ciudadanía,Argentina
Jesús Iglesias,Fecha de nacimiento,1922-02-22
Jesús Iglesias,Fecha de defunción,2005-07-11
Jesús Iglesias,Ocupación,piloto de automovilismo
Jesús Iglesias,Ocupación,piloto de Fórmula Uno
Oreste Berta,Lugar de nacimiento,Rafaela
Oreste Berta,Ocupación,mecánico automotor
Oreste Berta,Ciudadanía,Argentina
Oreste Berta,Fecha de nacimiento,1938-01-01
Oreste Berta,Ocupación,diseñador de automóviles
Enrique Scalabroni,Lugar de nacimiento,Alta Gracia
Enrique Scalabroni,Ocupación,ingeniero
Enrique Scalabroni,Ciudadanía,Argentina
Enrique Scalabroni,Fecha de nacimiento,1949-10-20
Julio Cortázar,Lugar de nacimiento,Bruselas
Julio Cortázar,Ocupación,escritor
Julio Cortázar,Ciudadanía,Francia
Julio Cortázar,Educado en,Facultad de Filosofía y Letras (UBA)
Julio Cortázar,Obra notable,Rayuela
Julio Cortázar,Premio recibido,Premio Médicis Extranjero
Julio Cortázar,Fecha de nacimiento,1914-08-26
Julio Cortázar,Fecha de defunción,1984-02-12
Julio Cortázar,Premio recibido,doctorado honoris causa por la Universidad de Poitiers
Julio Cortázar,Ciudadanía,Argentina
Alberto Zorrilla,Lugar de nacimiento,Rosario
Alberto Zorrilla,Ocupación,nadador
Alberto Zorrilla,Ciudadanía,Argentina
Alberto Zorrilla,Fecha de nacimiento,1906-04-06
Alberto Zorrilla,Fecha de defunción,1986-04-23
Victoria Maurette,Lugar de nacimiento,Buenos Aires
Victoria Maurette,Ocupación,compositor
Victoria Maurette,Ciudadanía,Argentina
Victoria Maurette,Fecha de nacimiento,1982-07-30
Victoria Maurette,Ocupación,cantante
Victoria Maurette,Ocupación,actor de teatro
Victoria Maurette,Ocupación,modelo
Victoria Maurette,Ocupación,actor de cine
Guillermo Franco Farquarson,Lugar de nacimiento,Corrientes
Guillermo Franco Farquarson,Ocupación,futbolista
Guillermo Franco Farquarson,Ciudadanía,México
Guillermo Franco Farquarson,Fecha de nacimiento,1976-11-03
Guillermo Franco Farquarson,Ciudadanía,Argentina
Carlos Soria,Lugar de nacimiento,General Daniel Cerri
Carlos Soria,Ocupación,abogado
Carlos Soria,Ciudadanía,Argentina
Carlos Soria,Educado en,Universidad de Buenos Aires
Carlos Soria,Cargo,alcalde
Carlos Soria,Fecha de nacimiento,1949-03-01
Carlos Soria,Fecha de defunción,2012-01-01
Carlos Soria,Ocupación,político
Carlos Soria,Cargo,diputado de Argentina
Carlos Soria,Cargo,Gobernador de la Provincia de Río Negro
Julio Le Parc,Lugar de nacimiento,Palmira
Julio Le Parc,Ocupación,pintor
Julio Le Parc,Ciudadanía,Francia
Julio Le Parc,Miembro de,GRAV
Julio Le Parc,Premio recibido,Bienal de Venecia
Julio Le Parc,Fecha de nacimiento,1928-09-23
Julio Le Parc,Ocupación,escultor
Julio Le Parc,Ocupación,artista visual
Julio Le Parc,Premio recibido,Premio Konex
Julio Le Parc,Premio recibido,Caballero de la Orden Nacional de la Legión de Honor
Julio Le Parc,Premio recibido,Premio Konex de Brillante
Julio Le Parc,Premio recibido,Premio Trayectoria del Fondo Nacional de las Artes
Julio Le Parc,Ciudadanía,Argentina
Guillermo Rubén Bongiorno,Lugar de nacimiento,Buenos Aires
Guillermo Rubén Bongiorno,Ocupación,ciclista
Guillermo Rubén Bongiorno,Ciudadanía,Argentina
Guillermo Rubén Bongiorno,Fecha de nacimiento,1978-07-29
Cristino Nicolaides,Lugar de nacimiento,Córdoba
Cristino Nicolaides,Ocupación,militar
Cristino Nicolaides,Ciudadanía,Argentina
Cristino Nicolaides,Cargo,Jefe del Estado Mayor General del Ejército
Cristino Nicolaides,Premio recibido,Gran Oficial de la Orden El Sol del Perú
Cristino Nicolaides,Fecha de nacimiento,1925-01-02
Cristino Nicolaides,Fecha de defunción,2011-01-22
Cristino Nicolaides,Cargo,comandante en jefe del Ejército Argentino
empresario,instancia de,profesión
empresario,instancia de,persona jurídica
empresario,instancia de,ocupación
empresario,instancia de,concepto económico
Libertango,instancia de,obra de composición musical
Libertango,música de,Astor Piazzola
Libertango,género,jazz fusión
Libertango,género,nuevo tango
Libertango,intérprete,Astor Piazzola
César a la mejor música original,ganador,Martin Wheeler
César a la mejor música original,ganador,Clément Ducol
César a la mejor música original,ganador,Amine Bouhafa
César a la mejor música original,ganador,Vincent Blanchard
César a la mejor música original,ganador,Irène Drésel
Santa Fe,jefe de gobierno,José Manuel Corral
Santa Fe,país,Argentina
Santa Fe,instancia de,ciudad de Argentina
Santa Fe,situado en la entidad territorial administrativa,Departamento de La Capital
Santa Fe,ciudad hermana,Cuba
Gobernador de la Provincia de Santa Fe,país,Argentina
Gobernador de la Provincia de Santa Fe,instancia de,cargo
Gobernador de la Provincia de Santa Fe,subclase de,gobernador
Gobernador de la Provincia de Santa Fe,subclase de,gobernador de provincia argentina
Gobernador de la Provincia de Santa Fe,forma parte de,Gabinete de la Provincia de Santa Fe
Provincia de Santa Fe,jefe de gobierno,Maximiliano Pullaro
Provincia de Santa Fe,país,Argentina
Provincia de Santa Fe,instancia de,provincia de Argentina
Provincia de Santa Fe,capital,Santa Fe
Provincia de Santa Fe,comparte fronteras con,Provincia de Buenos Aires
Rafaela,jefe de gobierno,Leonardo Viotti
Rafaela,país,Argentina
Rafaela,instancia de,municipio
Rafaela,instancia de,asentamiento
Rafaela,instancia de,municipio de Argentina
mecánico automotor,instancia de,profesión
mecánico automotor,elemento operado,taller mecánico
mecánico automotor,subclase de,mecánico
mecánico automotor,subclase de,trabajador calificado
diseñador de automóviles,instancia de,profesión
diseñador de automóviles,subclase de,diseñador industrial
diseñador de automóviles,ámbito de la ocupación,diseño de automóviles
diseñador de automóviles,categoría principal del tema,Categoría:Diseñadores de automóviles
diseñador de automóviles,producto,automóvil
Alta Gracia,país,Argentina
Alta Gracia,instancia de,municipio
Alta Gracia,instancia de,ciudad de Argentina
Alta Gracia,situado en la entidad territorial administrativa,Departamento Santa María
Alta Gracia,se encuentra en el huso horario,UTC−3
Bruselas,instancia de,capital federal
Bruselas,instancia de,municipio de Bélgica
Bruselas,instancia de,gran ciudad
Bruselas,idioma oficial,francés
Francia,jefe de gobierno,Sébastien Lecornu
Francia,continente,Europa
Francia,instancia de,país
Francia,instancia de,república
Francia,instancia de,estado soberano
Facultad de Filosofía y Letras (UBA),país,Argentina
Facultad de Filosofía y Letras (UBA),instancia de,facultad universitaria
Facultad de Filosofía y Letras (UBA),instancia de,facultad de filosofía
Facultad de Filosofía y Letras (UBA),situado en la entidad territorial administrativa,Caballito
Facultad de Filosofía y Letras (UBA),filial,"Instituto de Arqueología, Facultad de Filosofía y Letras, Universidad de Buenos Aires"
Rayuela,forma artística,novela
Rayuela,instancia de,obra literaria
Rayuela,autor,Julio Cortázar
Rayuela,editorial,Pantheon Books
Rayuela,editorial,Editorial Sudamericana
nadador,instancia de,ocupación
nadador,subclase de,deportista
nadador,ámbito de la ocupación,natación
Corrientes,país,Argentina
Corrientes,instancia de,municipio
Corrientes,instancia de,ciudad de Argentina
Corrientes,fundador,Juan Torres de Vera y Aragón
Corrientes,situado en la entidad territorial administrativa,Departamento Capital
México,miembro de,Organización de las Naciones Unidas
México,miembro de,Mercosur
México,miembro de,Movimiento Internacional de la Cruz Roja y de la Media Luna Roja
México,miembro de,UNESCO
México,miembro de,Organización Mundial de la Salud
General Daniel Cerri,país,Argentina
General Daniel Cerri,instancia de,asentamiento
General Daniel Cerri,situado en la entidad territorial administrativa,Partido de Bahía Blanca
General Daniel Cerri,se encuentra en el huso horario,UTC−3
General Daniel Cerri,categoría principal del tema,Categoría:General Daniel Cerri
alcalde,instancia de,cargo
alcalde,subclase de,autoridad
alcalde,subclase de,órgano
alcalde,subclase de,jefe del Gobierno
alcalde,subclase de,político municipal
Palmira,país,Argentina
Palmira,instancia de,asentamiento
Palmira,situado en la entidad territorial administrativa,Departamento San Martín
Palmira,se encuentra en el huso horario,UTC−3
pintor,instancia de,ocupación
pintor,instancia de,profesión artística
pintor,subclase de,artista visual
pintor,santo patrón,Lucas el Evangelista
pintor,ámbito de la ocupación,pintura
GRAV,país,Francia
GRAV,instancia de,movimiento artístico
GRAV,instancia de,colectivo de artistas
GRAV,instancia de,grupo de artes escénicas
GRAV,campo de trabajo,arte cinético
Bienal de Venecia,país,Italia
Bienal de Venecia,instancia de,bienal
Bienal de Venecia,instancia de,festival de cine
Bienal de Venecia,instancia de,exposición
ciclista,instancia de,profesión
ciclista,instancia de,deportista
ciclista,subclase de,ciclista
ciclista,ámbito de la ocupación,ciclismo de competición
Córdoba,jefe de gobierno,Daniel Passerini
Córdoba,país,Argentina
Córdoba,instancia de,ciudad de Argentina
Córdoba,situado en la entidad territorial administrativa,Departamento Capital
Córdoba,ciudad hermana,Turín
Jefe del Estado Mayor General del Ejército,país,Argentina
Jefe del Estado Mayor General del Ejército,instancia de,rango militar
Jefe del Estado Mayor General del Ejército,instancia de,título de autoridad
Jefe del Estado Mayor General del Ejército,rama militar,Ejército Argentino
Jefe del Estado Mayor General del Ejército,ubicación,Edificio Libertador
Gran Oficial de la Orden El Sol del Perú,país,Perú
Gran Oficial de la Orden El Sol del Perú,instancia de,grado de una orden
Gran Oficial de la Orden El Sol del Perú,subclase de,gran oficial
Gran Oficial de la Orden El Sol del Perú,forma parte de,Orden El Sol del Perú
Gran Oficial de la Orden El Sol del Perú,categoría para los galardonados con este premio,Categoría:Grandes oficiales de la Orden El Sol del Perú
Luis Santaló,Lugar de nacimiento,Gerona
Luis Santaló,Ocupación,profesor universitario
Luis Santaló,Ciudadanía,España
Luis Santaló,Educado en,Universidad de Hamburgo
Luis Santaló,Empleador,Universidad de Buenos Aires
Luis Santaló,Miembro de,Academia Nacional de Educación
Luis Santaló,Cargo,presidente interino
Luis Santaló,Premio recibido,Orden Civil de Alfonso X el Sabio
Luis Santaló,Fecha de nacimiento,1911-10-09
Luis Santaló,Fecha de defunción,2001-11-22
Luis Santaló,Ocupación,escritor
Luis Santaló,Premio recibido,Premio Princesa de Asturias de Investigación Científica y Técnica
Luis Santaló,Ocupación,matemático
Luis Santaló,Premio recibido,Premio Konex
Luis Santaló,Premio recibido,doctor honoris causa por la Universidad Autónoma de Barcelona
Luis Santaló,Premio recibido,doctor honoris causa por la Universidad de Sevilla
Luis Santaló,Premio recibido,doctor honoris causa por la Universidad Politécnica de Cataluña
Luis Santaló,Premio recibido,Doctor honoris causa de la Universidad de Buenos Aires
Luis Santaló,Premio recibido,Medalla Narcís Monturiol
Luis Santaló,Ciudadanía,Argentina
Luis Santaló,Premio recibido,Creu de Sant Jordi
Luis Santaló,Premio recibido,Beca Guggenheim
Luis Santaló,Educado en,Universidad Central
César Pelli,Lugar de nacimiento,San Miguel de Tucumán
César Pelli,Ocupación,profesor universitario
César Pelli,Ciudadanía,Estados Unidos
César Pelli,Educado en,Universidad de Illinois en Urbana-Champaign
César Pelli,Empleador,Universidad Yale
César Pelli,Obra notable,Torres Petronas
César Pelli,Miembro de,Academia Estadounidense de las Artes y las Letras
César Pelli,Premio recibido,Premio Obras Cemex
César Pelli,Fecha de nacimiento,1926-10-12
César Pelli,Fecha de defunción,2019-07-19
César Pelli,Ocupación,arquitecto
César Pelli,Premio recibido,Premio Konex de Brillante
César Pelli,Ocupación,emprendedor
César Pelli,Premio recibido,doctor honoris causa por la Universidad Yale
César Pelli,Premio recibido,honorary doctor of the University of Miami
César Pelli,Premio recibido,Premio Grandes Inmigrantes
César Pelli,Ciudadanía,Argentina
César Pelli,Premio recibido,Medalla de Oro del AIA
César Pelli,Premio recibido,Architecture Firm Award
César Pelli,Educado en,Instituto Técnico UNT
César Pelli,Educado en,Universidad Nacional de Tucumán
Luis Santaló,Empleador,Universidad Nacional del Litoral
Luis Santaló,Empleador,Universidad Nacional de La Plata
Luis Santaló,Empleador,Ejército del Aire y del Espacio
Luis Santaló,Miembro de,Sección Histórico-Arqueológica del Instituto de Estudios Catalanes
César Pelli,Educado en,University of Illinois College of Fine and Applied Arts
César Pelli,Educado en,University of Illinois School of Architecture
César Pelli,Empleador,Cesar Pelli & Associates
César Pelli,Miembro de,Academia de Arquitectura
Jorge Valdano,Lugar de nacimiento,Las Parejas
Jorge Valdano,Ocupación,entrenador
Jorge Valdano,Ciudadanía,España
Jorge Valdano,Fecha de nacimiento,1955-10-04
Jorge Valdano,Ocupación,futbolista
Jorge Valdano,Ocupación,director deportivo
Jorge Valdano,Ocupación,comentarista
Jorge Valdano,Ciudadanía,Argentina
Reynaldo Bignone,Lugar de nacimiento,Morón
Reynaldo Bignone,Ocupación,político
Reynaldo Bignone,Ciudadanía,Argentina
Reynaldo Bignone,Educado en,Colegio Militar de la Nación
Reynaldo Bignone,Cargo,presidente de la Nación Argentina
Reynaldo Bignone,Fecha de nacimiento,1928-01-21
Reynaldo Bignone,Fecha de defunción,2018-03-07
Reynaldo Bignone,Ocupación,oficial militar
Juan Ignacio Chela,Lugar de nacimiento,Ciudad Evita
Juan Ignacio Chela,Ocupación,tenista
Juan Ignacio Chela,Ciudadanía,Argentina
Juan Ignacio Chela,Fecha de nacimiento,1979-08-30
Estela de Carlotto,Lugar de nacimiento,Buenos Aires
Estela de Carlotto,Ocupación,profesor
Estela de Carlotto,Ciudadanía,Argentina
Estela de Carlotto,Miembro de,Abuelas de Plaza de Mayo
Estela de Carlotto,Cargo,catedrático
Estela de Carlotto,Premio recibido,Premio de Derechos Humanos de las Naciones Unidas
Estela de Carlotto,Fecha de nacimiento,1930-10-22
Estela de Carlotto,Ocupación,político
Estela de Carlotto,Ocupación,activista por los derechos humanos
Estela de Carlotto,Premio recibido,100 Mujeres de la BBC
Estela de Carlotto,Premio recibido,doctor honoris causa por la Universidad Autónoma de Barcelona
Estela de Carlotto,Premio recibido,Doctor honoris causa de la Universidad de Buenos Aires
José Acasuso,Lugar de nacimiento,Posadas
José Acasuso,Ocupación,tenista
José Acasuso,Ciudadanía,Argentina
José Acasuso,Fecha de nacimiento,1982-10-20
Gastón Gaudio,Lugar de nacimiento,Buenos Aires
Gastón Gaudio,Ocupación,tenista
Gastón Gaudio,Ciudadanía,Argentina
Gastón Gaudio,Fecha de nacimiento,1978-12-09
Héctor Méndez,Lugar de nacimiento,Buenos Aires
Héctor Méndez,Ocupación,boxeador
Héctor Méndez,Ciudadanía,Argentina
Héctor Méndez,Fecha de nacimiento,1897-08-01
Héctor Méndez,Fecha de defunción,1977-12-13
Arón Schvartzman,Ocupación,ajedrecista
Arón Schvartzman,Ciudadanía,Argentina
Arón Schvartzman,Fecha de nacimiento,1908-12-02
Arón Schvartzman,Fecha de defunción,2013-01-15
Andrés Arturo Mack,Lugar de nacimiento,Canberra
Andrés Arturo Mack,Ocupación,futbolista
Andrés Arturo Mack,Ciudadanía,Australia
Andrés Arturo Mack,Educado en,Universidad de Cambridge
Andrés Arturo Mack,Fecha de nacimiento,1876-01-01
Andrés Arturo Mack,Fecha de defunción,1936-10-06
Andrés Arturo Mack,Ciudadanía,Argentina
Juan Martín de Pueyrredon,Lugar de nacimiento,Buenos Aires
Juan Martín de Pueyrredon,Ocupación,militar
Juan Martín de Pueyrredon,Ciudadanía,Argentina
Juan Martín de Pueyrredon,Educado en,Colegio Nacional de la Capital Gral. Bernardino Caballero
Juan Martín de Pueyrredon,Cargo,Director supremo de las Provincias Unidas del Río de la Plata
Juan Martín de Pueyrredon,Fecha de nacimiento,1777-12-18
Juan Martín de Pueyrredon,Fecha de defunción,1850-03-13
Juan Martín de Pueyrredon,Ocupación,político
Juan Martín de Pueyrredon,Cargo,embajador de Argentina en España
José Cóceres,Lugar de nacimiento,Provincia de Chaco
José Cóceres,Ocupación,golfista
José Cóceres,Ciudadanía,Argentina
José Cóceres,Fecha de nacimiento,1963-08-14
Luis Santaló,Educado en,Universidad de Princeton
César Pelli,Obra notable,Torre de Cristal
César Pelli,Obra notable,Torre Sevilla
César Pelli,Obra notable,Torre Iberdrola
César Pelli,Obra notable,One Canada Square
César Pelli,Obra notable,Cheung Kong Center
Guillermo Stábile,Lugar de nacimiento,Buenos Aires
Guillermo Stábile,Ocupación,entrenador
Guillermo Stábile,Ciudadanía,Argentina
Guillermo Stábile,Premio recibido,World Cup Golden Boot
Guillermo Stábile,Fecha de nacimiento,1905-01-17
Guillermo Stábile,Fecha de defunción,1966-12-26
Guillermo Stábile,Ocupación,futbolista
Helenio Herrera,Lugar de nacimiento,Buenos Aires
Helenio Herrera,Ocupación,entrenador
Helenio Herrera,Ciudadanía,Francia
Helenio Herrera,Fecha de nacimiento,1910-04-10
Helenio Herrera,Fecha de defunción,1997-11-09
Helenio Herrera,Ocupación,futbolista
Helenio Herrera,Ciudadanía,Argentina
Osvaldo Ardiles,Lugar de nacimiento,Córdoba
Osvaldo Ardiles,Ocupación,entrenador
Osvaldo Ardiles,Ciudadanía,Argentina
Osvaldo Ardiles,Premio recibido,Salón de la Fama del fútbol inglés
Osvaldo Ardiles,Fecha de nacimiento,1952-08-03
Osvaldo Ardiles,Lugar de nacimiento,Bell Ville
Osvaldo Ardiles,Ocupación,futbolista
Guillermo Cañas,Lugar de nacimiento,Tapiales
Guillermo Cañas,Ocupación,tenista
Guillermo Cañas,Ciudadanía,Argentina
Guillermo Cañas,Fecha de nacimiento,1977-11-25
Miguel Najdorf,Lugar de nacimiento,Grodzisk Mazowiecki
Miguel Najdorf,Ocupación,ajedrecista
Miguel Najdorf,Ciudadanía,Polonia
Miguel Najdorf,Fecha de nacimiento,1910-04-15
Miguel Najdorf,Fecha de defunción,1997-07-04
Miguel Najdorf,Ciudadanía,Argentina
Miguel Najdorf,Ciudadanía,Imperio ruso
Rodrigo Palacio,Lugar de nacimiento,Bahía Blanca
Rodrigo Palacio,Ocupación,futbolista
Rodrigo Palacio,Ciudadanía,Argentina
Rodrigo Palacio,Fecha de nacimiento,1982-02-05
Clemente Rodríguez,Lugar de nacimiento,Lomas de Zamora
Clemente Rodríguez,Ocupación,futbolista
Clemente Rodríguez,Ciudadanía,Argentina
Clemente Rodríguez,Fecha de nacimiento,1981-07-31
Gerona,jefe de gobierno,Lluc Salellas i Vilar
Gerona,país,España
Gerona,instancia de,municipio de Cataluña
Gerona,capital,Ciudad de Gerona
Gerona,idioma oficial,catalán
profesor universitario,instancia de,profesión académica
profesor universitario,subclase de,profesor
profesor universitario,subclase de,académico
profesor universitario,ámbito de la ocupación,enseñanza
Universidad de Hamburgo,país,Alemania
Universidad de Hamburgo,instancia de,universidad pública
Universidad de Hamburgo,situado en la entidad territorial administrativa,Hamburgo
Universidad de Illinois en Urbana-Champaign,país,Estados Unidos
Universidad de Illinois en Urbana-Champaign,instancia de,universidad
Universidad de Illinois en Urbana-Champaign,instancia de,Universidad de concesión de tierras
Universidad de Illinois en Urbana-Champaign,instancia de,institución educativa pública de los Estados Unidos
Universidad de Illinois en Urbana-Champaign,instancia de,universidad pública de investigación
Universidad Yale,país,Estados Unidos
Universidad Yale,instancia de,universidad privada
Universidad Yale,instancia de,Colegios coloniales
Universidad Yale,instancia de,empresa productora
Universidad Yale,instancia de,universidad de investigación
Las Parejas,país,Argentina
Las Parejas,continente,América del Sur
Las Parejas,instancia de,ciudad
Las Parejas,instancia de,municipio
Las Parejas,situado en la entidad territorial administrativa,Departamento Belgrano
Morón,país,Argentina
Morón,instancia de,sede de gobierno
Morón,instancia de,localidad
Morón,instancia de,ciudad de Argentina
Morón,situado en la entidad territorial administrativa,Partido de Morón
Colegio Militar de la Nación,país,Argentina
Colegio Militar de la Nación,instancia de,academia militar
Colegio Militar de la Nación,instancia de,complejo de edificios
Colegio Militar de la Nación,instancia de,escuela militar
Colegio Militar de la Nación,situado en la entidad territorial administrativa,El Palomar
Ciudad Evita,país,Argentina
Ciudad Evita,instancia de,ciudad planificada
Ciudad Evita,instancia de,patrimonio
Ciudad Evita,instancia de,localidad
Ciudad Evita,instancia de,ciudad de Argentina
profesor,instancia de,profesión
profesor,instancia de,cargo
profesor,instancia de,ocupación
profesor,subclase de,educador
profesor,subclase de,académico
Abuelas de Plaza de Mayo,país,Argentina
Abuelas de Plaza de Mayo,instancia de,organización sin fines de lucro
Abuelas de Plaza de Mayo,fundador,Alicia Zubasnabar de De la Cuadra
Abuelas de Plaza de Mayo,fundador,Eva Márquez de Castillo Barrios
Abuelas de Plaza de Mayo,fundador,Beatriz H. C. Aicardi de Neuhaus
catedrático,instancia de,título de autoridad
catedrático,instancia de,rango académico
catedrático,instancia de,tratamiento protocolario
catedrático,instancia de,ocupación
catedrático,sucedido por,profesor emérito
Posadas,país,Argentina
Posadas,instancia de,municipio
Posadas,instancia de,ciudad fronteriza
Posadas,instancia de,gran ciudad
Posadas,instancia de,ciudad de Argentina
boxeador,instancia de,profesión
boxeador,subclase de,deportista
boxeador,subclase de,artista marcial
boxeador,ámbito de la ocupación,boxeo
boxeador,ámbito de la ocupación,boxeo aficionado
ajedrecista,instancia de,profesión
ajedrecista,subclase de,deportista
ajedrecista,subclase de,jugador de juego de tablero
Canberra,país,Australia
Canberra,lista de interés para el proyecto Wikimedia,Wikipedia:Lista de artículos que toda Wikipedia debería tener/Expandida
Australia,forma parte de,Mancomunidad de Naciones
Australia,forma parte de,Australasia
Australia,forma parte de,MITKA
Universidad de Cambridge,ubicación,Cambridge
Universidad de Cambridge,filial,Trinity College
Universidad de Cambridge,filial,Cambridge University Press
Universidad de Cambridge,filial,King's College
Colegio Nacional de la Capital Gral. Bernardino Caballero,país,Paraguay
Colegio Nacional de la Capital Gral. Bernardino Caballero,instancia de,institución académica
Colegio Nacional de la Capital Gral. Bernardino Caballero,situado en la entidad territorial administrativa,Asunción
Colegio Nacional de la Capital Gral. Bernardino Caballero,nombrado en referencia a,Bernardino Caballero
Director supremo de las Provincias Unidas del Río de la Plata,instancia de,Gobierno
Director supremo de las Provincias Unidas del Río de la Plata,instancia de,poder ejecutivo
Director supremo de las Provincias Unidas del Río de la Plata,instancia de,cargo
Director supremo de las Provincias Unidas del Río de la Plata,aplica a la jurisdicción,Provincias Unidas del Río de la Plata
Provincia de Chaco,jefe de gobierno,Leandro Zdero
Provincia de Chaco,país,Argentina
Provincia de Chaco,instancia de,provincia de Argentina
Provincia de Chaco,capital,Resistencia
Provincia de Chaco,comparte fronteras con,Provincia de Corrientes
golfista,instancia de,profesión
golfista,instancia de,ocupación
golfista,subclase de,deportista
golfista,subclase de,jugador competitivo
golfista,santo patrón,Andrés el Apóstol
Salón de la Fama del fútbol inglés,país,Reino Unido
Salón de la Fama del fútbol inglés,instancia de,Salón de la Fama del Deporte
Salón de la Fama del fútbol inglés,situado en la entidad territorial administrativa,Mánchester
Salón de la Fama del fútbol inglés,deporte,fútbol
Tapiales,país,Argentina
Tapiales,instancia de,localidad
Tapiales,situado en la entidad territorial administrativa,La Matanza
Tapiales,se encuentra en el huso horario,UTC−3
Grodzisk Mazowiecki,país,Polonia
Grodzisk Mazowiecki,continente,Europa
Grodzisk Mazowiecki,instancia de,ciudad
Grodzisk Mazowiecki,ciudad hermana,Šiauliai
Polonia,miembro de,Consejo de Europa
Polonia,miembro de,Unión Postal Universal
Polonia,miembro de,Organización para la Cooperación y el Desarrollo Económico
Polonia,miembro de,Pacto de Varsovia
Polonia,miembro de,Agencia Espacial Europea
Lomas de Zamora,instancia de,municipio
Lomas de Zamora,instancia de,partido de la provincia de Buenos Aires
Lomas de Zamora,capital,Lomas de Zamora
Lomas de Zamora,situado en la entidad territorial administrativa,Provincia de Buenos Aires
Alfredo Bauer,Lugar de nacimiento,Viena
Alfredo Bauer,Ocupación,médico
Alfredo Bauer,Ciudadanía,Austria
Alfredo Bauer,Premio recibido,Premio Theodor Kramer
Alfredo Bauer,Fecha de nacimiento,1924-11-14
Alfredo Bauer,Fecha de defunción,2016-05-21
Alfredo Bauer,Ocupación,historiador
Alfredo Bauer,Ocupación,dramaturgo
Alfredo Bauer,Ocupación,traductor
Alfredo Bauer,Ocupación,médico-escritor
Alfredo Bauer,Ocupación,ginecólogo
Alfredo Bauer,Ocupación,escritor
Alfredo Bauer,Premio recibido,"Member, Special Class of the Order of Honour"
Alfredo Bauer,Ciudadanía,Argentina
Juan Domingo Perón,Lugar de nacimiento,Lobos
Juan Domingo Perón,Ocupación,político
Juan Domingo Perón,Ciudadanía,Argentina
Juan Domingo Perón,Educado en,Colegio Militar de la Nación
Juan Domingo Perón,Cargo,vicepresidente de la Nación Argentina
Juan Domingo Perón,Premio recibido,Orden del Mérito de la República Federal de Alemania
Juan Domingo Perón,Fecha de nacimiento,1895-10-08
Juan Domingo Perón,Fecha de defunción,1974-07-01
Juan Domingo Perón,Ocupación,oficial militar
Juan Domingo Perón,Premio recibido,Orden de la Cruz del Sur
Juan Domingo Perón,Premio recibido,"Orden al Mérito de Duarte, Sánchez y Mella"
Juan Domingo Perón,Premio recibido,Orden Mexicana del Águila Azteca
Juan Domingo Perón,Premio recibido,Orden al Mérito de Chile
Juan Domingo Perón,Premio recibido,Orden del Cóndor de los Andes
Juan Domingo Perón,Premio recibido,Orden Nacional de Honor y Mérito
Juan Domingo Perón,Premio recibido,Orden de Mayo
Juan Domingo Perón,Premio recibido,Orden del Libertador San Martín
Juan Domingo Perón,Premio recibido,Caballero Gran Cruz de la Orden del León Holandés
Juan Domingo Perón,Premio recibido,Orden del Libertador
Juan Domingo Perón,Premio recibido,Orden de Boyacá
Juan Domingo Perón,Premio recibido,Orden Nacional al Mérito
Juan Domingo Perón,Premio recibido,Orden Nacional del Mérito
Juan Domingo Perón,Premio recibido,Orden de Carlos Manuel de Céspedes
Juan Domingo Perón,Premio recibido,Estrella de la República Socialista de Rumanía
Juan Domingo Perón,Premio recibido,"Gran Cruz, clase especial, del Mérito de La República Federal de Alemania"
Juan Domingo Perón,Premio recibido,Caballero de Gran Cruz con collar de la Orden al Mérito de la República Italiana
Juan Domingo Perón,Premio recibido,Orden de los Omeyas
Juan Domingo Perón,Premio recibido,Collar de la Orden de Isabel la Católica
Juan Domingo Perón,Premio recibido,Gran Cruz del Mérito Naval con distintivo blanco
Juan Domingo Perón,Premio recibido,Gran Cruz del Mérito Aeronáutico con distintivo blanco
Juan Domingo Perón,Cargo,presidente de la Nación Argentina
Victoria Ocampo,Lugar de nacimiento,Buenos Aires
Victoria Ocampo,Ocupación,editor
Victoria Ocampo,Ciudadanía,Argentina
Victoria Ocampo,Educado en,Collège de France
Victoria Ocampo,Empleador,Sur
Victoria Ocampo,Miembro de,Academia Argentina de Letras
Victoria Ocampo,Premio recibido,Comendador de la Orden del Imperio británico
Victoria Ocampo,Fecha de nacimiento,1890-04-07
Victoria Ocampo,Fecha de defunción,1979-01-27
Victoria Ocampo,Ocupación,crítico
Victoria Ocampo,Ocupación,escritor
Victoria Ocampo,Premio recibido,comendador de las Artes y las Letras
Victoria Ocampo,Ocupación,traductor
Victoria Ocampo,Ocupación,figura pública
Victoria Ocampo,Premio recibido,Gran Premio de Honor de la SADE
Victoria Ocampo,Premio recibido,Prix du Rayonnement de la langue et de la littérature françaises
Victoria Ocampo,Educado en,Sorbonne Universidad de París
Santiago Llaver,Lugar de nacimiento,San Martín
Santiago Llaver,Ocupación,político
Santiago Llaver,Ciudadanía,Argentina
Santiago Llaver,Cargo,Gobernador de Mendoza
Santiago Llaver,Fecha de nacimiento,1917-08-12
Santiago Llaver,Fecha de defunción,2002-01-01
Jorge Rafael Videla,Lugar de nacimiento,Mercedes
Jorge Rafael Videla,Ocupación,político
Jorge Rafael Videla,Ciudadanía,Argentina
Jorge Rafael Videla,Educado en,Instituto del Hemisferio Occidental para la Cooperación en Seguridad
Jorge Rafael Videla,Miembro de,Junta Militar
Jorge Rafael Videla,Cargo,comandante en jefe
Jorge Rafael Videla,Premio recibido,Orden de Mayo
Jorge Rafael Videla,Fecha de nacimiento,1925-08-02
Jorge Rafael Videla,Fecha de defunción,2013-05-17
Jorge Rafael Videla,Ocupación,oficial militar
Jorge Rafael Videla,Premio recibido,Orden El Sol del Perú
Jorge Rafael Videla,Premio recibido,Orden del Libertador San Martín
Jorge Rafael Videla,Premio recibido,Collar de la Orden de Isabel la Católica
Jorge Rafael Videla,Premio recibido,Gran Cruz del Mérito Militar con distintivo blanco
Jorge Rafael Videla,Premio recibido,Condecoración Protector de los Pueblos Libres General José Artigas
Jorge Rafael Videla,Educado en,Escuela Superior de Guerra
Jorge Rafael Videla,Educado en,Colegio Militar de la Nación
Jorge Rafael Videla,Cargo,director
Ludolf von Alvensleben,Lugar de nacimiento,Halle
Ludolf von Alvensleben,Ocupación,político
Ludolf von Alvensleben,Ciudadanía,Alemania
Ludolf von Alvensleben,Educado en,Universidad de Halle-Wittenberg
Ludolf von Alvensleben,Miembro de,Schutzstaffel
Ludolf von Alvensleben,Cargo,presidente
Ludolf von Alvensleben,Premio recibido,Medalla de la Anexión de Austria
Ludolf von Alvensleben,Fecha de nacimiento,1901-03-17
Ludolf von Alvensleben,Fecha de defunción,1970-04-01
Ludolf von Alvensleben,Ocupación,agricultor
Ludolf von Alvensleben,Ocupación,agente inmobiliario
Ludolf von Alvensleben,Ocupación,agrónomo
Ludolf von Alvensleben,Ocupación,inspector
Ludolf von Alvensleben,Premio recibido,Cabrio de honor de la vieja guardia
Ludolf von Alvensleben,Premio recibido,Placa Dorada del Partido
Ludolf von Alvensleben,Premio recibido,Julleuchter of the SS
Ludolf von Alvensleben,Premio recibido,Cruz de Danzig
Ludolf von Alvensleben,Ciudadanía,Argentina
Ludolf von Alvensleben,Miembro de,Sturmabteilung
Jorge Rafael Videla,Cargo,segundo comandante
Jorge Rafael Videla,Cargo,presidente de la Nación Argentina
Jorge Rafael Videla,Cargo,Gobernador de la Provincia de Tucumán
Esther Vilar,Lugar de nacimiento,Buenos Aires
Esther Vilar,Ocupación,escritor
Esther Vilar,Ciudadanía,Alemania
Esther Vilar,Educado en,Universidad de Buenos Aires
Esther Vilar,Obra notable,El varón domado
Esther Vilar,Fecha de nacimiento,1935-09-16
Esther Vilar,Ocupación,médico
Esther Vilar,Ocupación,psicólogo
Esther Vilar,Ocupación,sociólogo
Esther Vilar,Ciudadanía,Argentina
Jean Gilbert,Lugar de nacimiento,Hamburgo
Jean Gilbert,Ocupación,compositor
Jean Gilbert,Ciudadanía,Argentina
Jean Gilbert,Obra notable,Die keusche Susanne
Jean Gilbert,Fecha de nacimiento,1879-02-11
Jean Gilbert,Fecha de defunción,1942-12-20
Jean Gilbert,Ocupación,poeta
Jean Gilbert,Ocupación,compositor de bandas sonoras
Jean Gilbert,Ciudadanía,Hamburgo
Jean Gilbert,Ciudadanía,República de Weimar
Sky du Mont,Lugar de nacimiento,Buenos Aires
Sky du Mont,Ocupación,actor
Sky du Mont,Ciudadanía,Alemania
Sky du Mont,Miembro de,Academia Alemana de Cine
Sky du Mont,Premio recibido,Schlitzohr de Oro
Sky du Mont,Fecha de nacimiento,1947-05-20
Sky du Mont,Ocupación,escritor
Sky du Mont,Ocupación,actor de voz
Sky du Mont,Ocupación,actor de televisión
Sky du Mont,Ocupación,actor de cine
Sky du Mont,Premio recibido,Reinhold Maier Medal
Sky du Mont,Ciudadanía,Argentina
Carlos Thompson,Lugar de nacimiento,Buenos Aires
Carlos Thompson,Ocupación,actor
Carlos Thompson,Ciudadanía,Argentina
Carlos Thompson,Fecha de nacimiento,1923-06-07
Carlos Thompson,Fecha de defunción,1990-10-10
Carlos Thompson,Ocupación,escritor
Carlos Thompson,Ocupación,actor de cine
Agustín Radrizzani,Lugar de nacimiento,Avellaneda
Agustín Radrizzani,Ocupación,sacerdote católico
Agustín Radrizzani,Ciudadanía,Argentina
Agustín Radrizzani,Cargo,obispo diocesano
Agustín Radrizzani,Fecha de nacimiento,1944-09-22
Agustín Radrizzani,Fecha de defunción,2020-09-02
Agustín Radrizzani,Ocupación,obispo católico
Agustín Radrizzani,Cargo,Arzobispo de Mercedes - Luján
Victoria Ocampo,Premio recibido,Premio María Moors Cabot
Ludolf von Alvensleben,Cargo,concejal
Ludolf von Alvensleben,Miembro de,Ahnenerbe
Ludolf von Alvensleben,Miembro de,Cascos de Acero
Jorge Rafael Videla,Cargo,Jefe del Estado Mayor General del Ejército
Jorge Rafael Videla,Cargo,Jefe del Estado Mayor Conjunto de las Fuerzas Armadas
Diego Milito,Lugar de nacimiento,Bernal
Diego Milito,Ocupación,futbolista
Diego Milito,Ciudadanía,Argentina
Diego Milito,Fecha de nacimiento,1979-06-12
Ángeles Balbiani,Lugar de nacimiento,Buenos Aires
Ángeles Balbiani,Ocupación,actor
Ángeles Balbiani,Ciudadanía,Argentina
Ángeles Balbiani,Fecha de nacimiento,1981-08-07
Ángeles Balbiani,Ocupación,cantante
Ángeles Balbiani,Ocupación,modelo
Ángeles Balbiani,Fecha de nacimiento,1982-08-07
Pablo Rosenberg,Lugar de nacimiento,Rosario
Pablo Rosenberg,Ocupación,cantante
Pablo Rosenberg,Ciudadanía,Argentina
Pablo Rosenberg,Fecha de nacimiento,1965-04-06
Pablo Rosenberg,Ciudadanía,Israel
Erich Kleiber,Lugar de nacimiento,Viena
Erich Kleiber,Ocupación,compositor
Erich Kleiber,Ciudadanía,Austria
Erich Kleiber,Educado en,Conservatorio de Praga
Erich Kleiber,Fecha de nacimiento,1890-08-05
Erich Kleiber,Fecha de defunción,1956-01-27
Erich Kleiber,Ocupación,director de orquesta
Erich Kleiber,Ocupación,director musical
Erich Kleiber,Ciudadanía,Argentina
Ludolf von Alvensleben,Cargo,miembro del Reichstag de la Alemania nazi
Ludolf von Alvensleben,Cargo,diputado del Parlamento de Prusia
Alexander Weber,Lugar de nacimiento,Bielefeld
Alexander Weber,Ocupación,esgrimista
Alexander Weber,Ciudadanía,Alemania
Alexander Weber,Premio recibido,Silbernes Lorbeerblatt
Alexander Weber,Fecha de nacimiento,1978-01-04
Alexander Weber,Ciudadanía,Argentina
Marie Langer,Lugar de nacimiento,Viena
Marie Langer,Ocupación,psiquiatra
Marie Langer,Ciudadanía,Austria
Marie Langer,Educado en,Universidad de Viena
Marie Langer,Empleador,Universidad Nacional Autónoma de México
Marie Langer,Miembro de,Asociación Psicoanalítica Argentina
Marie Langer,Fecha de nacimiento,1910-08-31
Marie Langer,Fecha de defunción,1987-12-22
Marie Langer,Ocupación,psicoanalista
Marie Langer,Ciudadanía,Argentina
Fernando Troyansky,Lugar de nacimiento,Bahía Blanca
Fernando Troyansky,Ocupación,futbolista
Fernando Troyansky,Ciudadanía,Polonia
Fernando Troyansky,Fecha de nacimiento,1977-11-14
Fernando Troyansky,Fecha de nacimiento,1977-11-24
Fernando Troyansky,Ciudadanía,Argentina
Mauro Zárate,Lugar de nacimiento,Haedo
Mauro Zárate,Ocupación,futbolista
Mauro Zárate,Ciudadanía,Argentina
Mauro Zárate,Fecha de nacimiento,1987-03-13
Aldo Duscher,Lugar de nacimiento,Esquel
Aldo Duscher,Ocupación,futbolista
Aldo Duscher,Ciudadanía,Argentina
Aldo Duscher,Fecha de nacimiento,1979-03-22
Viena,instancia de,capital federal
Viena,instancia de,estado de Austria
Viena,instancia de,ciudad estatutaria de Austria
Viena,instancia de,gemeinde de Austria
Viena,instancia de,distrito de Austria
Austria,forma parte de,Unión Europea
Austria,forma parte de,Espacio Económico Europeo
Austria,forma parte de,Europa Central
Austria,se encuentra en el huso horario,UTC+01:00
Austria,miembro de,Unión Europea
Premio Theodor Kramer,país,Austria
Premio Theodor Kramer,instancia de,premio literario
Premio Theodor Kramer,nombrado en referencia a,Theodor Kramer
Lobos,país,Argentina
Lobos,instancia de,ciudad de Argentina
Lobos,situado en la entidad territorial administrativa,Partido de Lobos
Lobos,categoría principal del tema,Categoría:Lobos (ciudad)
Lobos,capital de,Partido de Lobos
editor,instancia de,profesión
editor,instancia de,cargo
editor,instancia de,ocupación
editor,subclase de,empresario de medios
editor,subclase de,editor
Collège de France,país,Francia
Collège de France,instancia de,biblioteca
Collège de France,instancia de,institución educativa universitaria
Collège de France,instancia de,archivo
Collège de France,campo de trabajo,institución educativa
Sur,país,Argentina
Sur,instancia de,revista literaria
Sur,fundador,Victoria Ocampo
Sur,lugar de publicación,Buenos Aires
Sur,idioma de la obra o del nombre,español
San Martín,país,Argentina
San Martín,instancia de,ciudad de Argentina
San Martín,situado en la entidad territorial administrativa,Departamento San Martín
San Martín,capital de,Departamento San Martín
Gobernador de Mendoza,país,Argentina
Gobernador de Mendoza,instancia de,cargo
Gobernador de Mendoza,subclase de,gobernador
Gobernador de Mendoza,subclase de,gobernador de provincia argentina
Gobernador de Mendoza,forma parte de,Gabinete de la Provincia de Mendoza
Mercedes,categoría de personas relacionadas,Categoría:Personas de Mercedes (Buenos Aires)
Mercedes,jefe de gobierno,Juan Ignacio Ustarroz
Mercedes,país,Argentina
Mercedes,instancia de,ciudad
Mercedes,instancia de,sede de gobierno
Instituto del Hemisferio Occidental para la Cooperación en Seguridad,país,Estados Unidos
Instituto del Hemisferio Occidental para la Cooperación en Seguridad,instancia de,escuela
Instituto del Hemisferio Occidental para la Cooperación en Seguridad,instancia de,escuela militar
Instituto del Hemisferio Occidental para la Cooperación en Seguridad,situado en la entidad territorial administrativa,Columbus
Instituto del Hemisferio Occidental para la Cooperación en Seguridad,operador,Ejército de los Estados Unidos
Junta Militar,país,Argentina
Junta Militar,instancia de,junta militar
Junta Militar,ubicación de la sede,Palacio del Congreso de la Nación Argentina
Junta Militar,categoría principal del tema,Category:Junta Militar
Junta Militar,aplica a la jurisdicción,Argentina
Halle,país,Alemania
Halle,instancia de,ciudad de la Liga Hanseática
Halle,instancia de,ciudad universitaria
Halle,instancia de,Lutherstadt
Alemania,miembro de,Organización para la Cooperación y el Desarrollo Económico
Alemania,miembro de,Organismo Internacional de Energía Atómica
Alemania,miembro de,Agencia Espacial Europea
Alemania,miembro de,Programa de exención de visa
Alemania,miembro de,Organización Internacional del Trabajo
Universidad de Halle-Wittenberg,área de operación,Sajonia-Anhalt
Universidad de Halle-Wittenberg,categoría para las personas que estudiaron en esta institución,Categoría:Alumnado de la Universidad de Halle-Wittenberg
Universidad de Halle-Wittenberg,categoría para empleados de la organización,Categoría:Profesores de la Universidad de Halle-Wittenberg
Schutzstaffel,país,Alemania nazi
Schutzstaffel,país,República de Weimar
Schutzstaffel,instancia de,grupo paramilitar
Schutzstaffel,instancia de,organización militar
Schutzstaffel,instancia de,Staffel
El varón domado,instancia de,obra literaria
El varón domado,autor,Esther Vilar
El varón domado,género,ensayo
El varón domado,idioma de la obra o del nombre,inglés
El varón domado,idioma de la obra o del nombre,portugués
Hamburgo,jefe de gobierno,Peter Tschentscher
Hamburgo,país,Alemania
Hamburgo,continente,Europa
Hamburgo,instancia de,ciudad imperial libre (Sacro Imperio)
Hamburgo,instancia de,ciudad-Estado
Die keusche Susanne,instancia de,obra dramático-musical
Die keusche Susanne,director,Richard Eichberg
Die keusche Susanne,música de,Jean Gilbert
Die keusche Susanne,idioma de la obra o del nombre,alemán
Die keusche Susanne,forma artística,ópera
Academia Alemana de Cine,país,Alemania
Academia Alemana de Cine,instancia de,asociación
Academia Alemana de Cine,instancia de,organización cinematográfica
Academia Alemana de Cine,fundador,Dominik Graf
Academia Alemana de Cine,ubicación de la sede,Berlín
Schlitzohr de Oro,país,Alemania
Schlitzohr de Oro,instancia de,distinción
sacerdote católico,instancia de,vocación católica
sacerdote católico,religión,catolicismo
sacerdote católico,religión,Iglesia católica
sacerdote católico,subclase de,sacerdote
sacerdote católico,subclase de,presbítero
obispo diocesano,instancia de,cargo eclesiástico
obispo diocesano,instancia de,función episcopal
obispo diocesano,subclase de,obispo
obispo diocesano,subclase de,pastor
obispo diocesano,subclase de,ordinario
Bernal,país,Argentina
Bernal,instancia de,ciudad
Bernal,instancia de,gran ciudad
Bernal,situado en la entidad territorial administrativa,Partido de Quilmes
Bernal,se encuentra en el huso horario,UTC−3
Israel,ubicación,Levante Meridional
Israel,forma parte de,Asia
Israel,forma parte de,Medio Oriente
Israel,forma parte de,Asia Occidental
Israel,se encuentra en el huso horario,UTC+02:00
Conservatorio de Praga,país,República Checa
Conservatorio de Praga,instancia de,escuela secundaria
Conservatorio de Praga,instancia de,conservatorio de música
Conservatorio de Praga,instancia de,compañía de teatro
Conservatorio de Praga,campo de trabajo,sistema educativo
Bielefeld,jefe de gobierno,Pit Clausen
Bielefeld,país,Alemania
Bielefeld,instancia de,ciudad de la Liga Hanseática
Bielefeld,instancia de,ciudad universitaria
Bielefeld,instancia de,gran ciudad
esgrimista,instancia de,ocupación
esgrimista,subclase de,deportista
esgrimista,ámbito de la ocupación,esgrima
esgrimista,categoría principal del tema,Categoría:Esgrimidores
psiquiatra,instancia de,profesión
psiquiatra,instancia de,cargo
psiquiatra,subclase de,médico especialista
psiquiatra,subclase de,profesional de la salud mental
psiquiatra,ámbito de la ocupación,psiquiatría
Universidad de Viena,país,Austria
Universidad de Viena,instancia de,universidad
Universidad de Viena,fundador,Rodolfo IV de Austria
Universidad de Viena,situado en la entidad territorial administrativa,Viena
Universidad de Viena,ubicación de la sede,Viena
Universidad Nacional Autónoma de México,país,México
Universidad Nacional Autónoma de México,instancia de,universidad
Universidad Nacional Autónoma de México,instancia de,editor de acceso abierto
Universidad Nacional Autónoma de México,instancia de,universidad pública de investigación
Universidad Nacional Autónoma de México,situado en la entidad territorial administrativa,Ciudad de México
Haedo,país,Argentina
Haedo,instancia de,localidad
Haedo,instancia de,ciudad de Argentina
Haedo,situado en la entidad territorial administrativa,Partido de Morón
Haedo,nombrado en referencia a,Mariano Francisco Haedo
Esquel,país,Argentina
Esquel,instancia de,municipio
Esquel,instancia de,ciudad de Argentina
Esquel,situado en la entidad territorial administrativa,Departamento Futaleufú
Esquel,ciudad hermana,Aberystwyth
Guaymallén,país,Argentina
Guaymallén,instancia de,ciudad
Guaymallén,situado en la entidad territorial administrativa,Departamento Guaymallén
Guaymallén,categoría principal del tema,Categoría:Guaymallén
caricaturista,instancia de,profesión
caricaturista,subclase de,dibujante
caricaturista,subclase de,humorista gráfico
caricaturista,ámbito de la ocupación,caricatura
caricaturista,categoría principal del tema,Categoría:Caricaturistas
Mundo Quino,instancia de,libro
Mundo Quino,idioma de la obra o del nombre,español rioplatense
Premio Haxtur,instancia de,distinción
Fernando Fernán Gómez,Lugar de nacimiento,Lima
Fernando Fernán Gómez,Ocupación,guionista
Fernando Fernán Gómez,Ciudadanía,Argentina
Fernando Fernán Gómez,Obra notable,Mi hija Hildegart
Fernando Fernán Gómez,Miembro de,Real Academia Española
Fernando Fernán Gómez,Premio recibido,Premio Fastenrath
Fernando Fernán Gómez,Fecha de nacimiento,1921-08-28
Fernando Fernán Gómez,Fecha de defunción,2007-11-21
Fernando Fernán Gómez,Ocupación,actor
Fernando Fernán Gómez,Ocupación,escritor
Fernando Fernán Gómez,Ocupación,director de cine
Fernando Fernán Gómez,Ocupación,director de teatro
Fernando Fernán Gómez,Ocupación,actor de cine
Fernando Fernán Gómez,Ocupación,autobiógrafo
Fernando Fernán Gómez,Premio recibido,Oso de Plata
Fernando Fernán Gómez,Premio recibido,Premio Nacional de Teatro
Fernando Fernán Gómez,Premio recibido,Premio Donostia del Festival de San Sebastián
Fernando Fernán Gómez,Premio recibido,Premio Goya a la mejor interpretación masculina de reparto
Fernando Fernán Gómez,Premio recibido,Premio Princesa de Asturias de las Artes
Fernando Fernán Gómez,Premio recibido,Medalla de Oro al Mérito en las Bellas Artes
Fernando Fernán Gómez,Premio recibido,Gran Cruz de la Orden Civil de Alfonso X el Sabio
Fernando Fernán Gómez,Premio recibido,Premios Ciudad de Alcalá
Fernando Fernán Gómez,Premio recibido,Premio TP de Oro al mejor actor
Fernando Fernán Gómez,Premio recibido,Medalla de Oro al Mérito en el Trabajo
Fernando Fernán Gómez,Obra notable,El ascensor de los borrachos
Fernando Fernán Gómez,Ciudadanía,España
Fernando Fernán Gómez,Premio recibido,premio Mariano de Cavia
Fernando Fernán Gómez,Premio recibido,Medalla de Oro
Fernando Fernán Gómez,Premio recibido,Q131171692
Jonathan Santana,Lugar de nacimiento,Buenos Aires
Jonathan Santana,Ocupación,futbolista
Jonathan Santana,Ciudadanía,Argentina
Jonathan Santana,Fecha de nacimiento,1981-10-19
Jonathan Santana,Ciudadanía,Paraguay
Oscar Milani,Lugar de nacimiento,Rosario
Oscar Milani,Ocupación,pianista
Oscar Milani,Ciudadanía,Argentina
Oscar Milani,Empleador,Hochschule für evangelische Kirchenmusik Bayreuth
Oscar Milani,Fecha de nacimiento,1946-11-24
Oscar Milani,Ocupación,profesor universitario
Oscar Milani,Ocupación,maestro
Oscar Milani,Ocupación,clavecinista
Pablo Piatti,Lugar de nacimiento,La Carlota
Pablo Piatti,Ocupación,futbolista
Pablo Piatti,Ciudadanía,Italia
Pablo Piatti,Fecha de nacimiento,1989-03-31
Pablo Piatti,Lugar de nacimiento,Ucacha
Pablo Piatti,Ciudadanía,Argentina
La Mona Jiménez,Lugar de nacimiento,Córdoba
La Mona Jiménez,Ocupación,cantante
La Mona Jiménez,Ciudadanía,Argentina
La Mona Jiménez,Fecha de nacimiento,1951-01-11
La Mona Jiménez,Ocupación,cantautor
José Arce,Lugar de nacimiento,Buenos Aires
José Arce,Ocupación,médico
José Arce,Ciudadanía,Argentina
José Arce,Educado en,Universidad de Buenos Aires
José Arce,Empleador,Universidad de Buenos Aires
José Arce,Miembro de,Asociación Médica Argentina
José Arce,Cargo,embajador
José Arce,Premio recibido,Orden de la Cruz del Sur
José Arce,Fecha de nacimiento,1881-10-15
José Arce,Fecha de defunción,1968-07-27
José Arce,Ocupación,político
José Arce,Ocupación,diplomático
José Arce,Ocupación,profesor universitario
José Arce,Premio recibido,Orden al Mérito de Chile
José Arce,Premio recibido,Orden de la Estrella de Rumanía
José Arce,Premio recibido,Comendador de la Orden de la Corona de Italia
José Arce,Premio recibido,Gran Cruz de la Orden de Isabel la Católica
José Arce,Premio recibido,Gran Cruz de la Orden Civil de Alfonso X el Sabio
José Arce,Premio recibido,Gran Cruz de la Orden Civil de Alfonso XII
José Arce,Premio recibido,doctor honoris causa por la Universidad Complutense de Madrid
José Arce,Cargo,rector
José Arce,Cargo,diputado de Argentina
José María López,Lugar de nacimiento,Río Tercero
José María López,Ocupación,piloto de automovilismo
José María López,Ciudadanía,Argentina
José María López,Fecha de nacimiento,1983-04-26
Sergio Batista,Lugar de nacimiento,Buenos Aires
Sergio Batista,Ocupación,entrenador
Sergio Batista,Ciudadanía,Argentina
Sergio Batista,Fecha de nacimiento,1962-11-09
Sergio Batista,Ocupación,futbolista
Gonzalo Rodríguez,Lugar de nacimiento,Buenos Aires
Gonzalo Rodríguez,Ocupación,futbolista
Gonzalo Rodríguez,Ciudadanía,Argentina
Gonzalo Rodríguez,Fecha de nacimiento,1984-04-10
Ricardo Enrique Bochini,Lugar de nacimiento,Zárate
Ricardo Enrique Bochini,Ocupación,entrenador
Ricardo Enrique Bochini,Ciudadanía,Argentina
Ricardo Enrique Bochini,Fecha de nacimiento,1954-01-25
Ricardo Enrique Bochini,Ocupación,futbolista
Abel Balbo,Lugar de nacimiento,Empalme Villa Constitución
Abel Balbo,Ocupación,cantante
Abel Balbo,Ciudadanía,Argentina
Abel Balbo,Fecha de nacimiento,1966-06-01
Abel Balbo,Ocupación,entrenador
Abel Balbo,Ocupación,futbolista
Abel Laudonio,Lugar de nacimiento,Buenos Aires
Abel Laudonio,Ocupación,actor
Abel Laudonio,Ciudadanía,Argentina
Abel Laudonio,Premio recibido,medalla de bronce olímpica
Abel Laudonio,Fecha de nacimiento,1938-08-30
Abel Laudonio,Fecha de defunción,2014-08-12
Abel Laudonio,Ocupación,boxeador
Abelardo Arias,Lugar de nacimiento,Córdoba
Abelardo Arias,Ocupación,escritor
Abelardo Arias,Ciudadanía,Argentina
Abelardo Arias,Premio recibido,Gran Premio de Honor de la SADE
Abelardo Arias,Fecha de nacimiento,1918-08-10
Abelardo Arias,Fecha de defunción,1991-02-28
Abelardo Castillo,Lugar de nacimiento,Buenos Aires
Abelardo Castillo,Ocupación,escritor
Abelardo Castillo,Ciudadanía,Argentina
Abelardo Castillo,Cargo,jefe de redacción
Abelardo Castillo,Premio recibido,Gran Premio de Honor de la SADE
Abelardo Castillo,Fecha de nacimiento,1935-03-27
Abelardo Castillo,Fecha de defunción,2017-05-02
Abelardo Castillo,Ocupación,poeta
Abelardo Castillo,Ocupación,periodista
Abelardo Castillo,Ocupación,novelista
Abelardo Castillo,Ocupación,escritor de cuentos
Abelardo Castillo,Premio recibido,Premio Konex de Brillante
Abelardo Castillo,Premio recibido,Premio José María Arguedas
Rodrigo,Lugar de nacimiento,Córdoba
Rodrigo,Ocupación,actor
Rodrigo,Ciudadanía,Argentina
Rodrigo,Obra notable,La Mano de Dios
Rodrigo,Fecha de nacimiento,1973-05-24
Rodrigo,Fecha de defunción,2000-06-24
Rodrigo,Ocupación,cantante
Rodrigo,Ocupación,músico
Hugo Wast,Lugar de nacimiento,Córdoba
Hugo Wast,Ocupación,escritor
Hugo Wast,Ciudadanía,Argentina
Hugo Wast,Educado en,Universidad Nacional del Litoral
Hugo Wast,Miembro de,Academia Argentina de Letras
Hugo Wast,Cargo,diputado de Argentina
Hugo Wast,Premio recibido,Gran Cruz de la Orden Civil de Alfonso X el Sabio
Hugo Wast,Fecha de nacimiento,1883-10-22
Hugo Wast,Fecha de defunción,1962-03-28
Hugo Wast,Ocupación,poeta
Hugo Wast,Ocupación,político
Hugo Wast,Ocupación,jurista
Hugo Wast,Ocupación,dramaturgo
Hugo Wast,Ocupación,ensayista
Hugo Wast,Ocupación,prosista
Hugo Wast,Fecha de nacimiento,1883-10-23
Mariano Andújar,Lugar de nacimiento,Buenos Aires
Mariano Andújar,Ocupación,agente deportivo
Mariano Andújar,Ciudadanía,Argentina
Mariano Andújar,Fecha de nacimiento,1983-07-30
Mariano Andújar,Ocupación,futbolista
Juan Carlos Paz,Lugar de nacimiento,Buenos Aires
Juan Carlos Paz,Ocupación,compositor
Juan Carlos Paz,Ciudadanía,Argentina
Juan Carlos Paz,Educado en,Schola Cantorum de París
Juan Carlos Paz,Fecha de nacimiento,1897-08-05
Juan Carlos Paz,Fecha de defunción,1972-08-25
Juan Carlos Paz,Ocupación,compositor de bandas sonoras
Juan Carlos Paz,Fecha de nacimiento,1901-08-05
Juan Carlos Paz,Fecha de defunción,1972-08-26
Guillermo Suárez Mason,Lugar de nacimiento,Buenos Aires
Guillermo Suárez Mason,Ocupación,oficial militar
Guillermo Suárez Mason,Ciudadanía,Argentina
Guillermo Suárez Mason,Educado en,Colegio Militar de la Nación
Guillermo Suárez Mason,Fecha de nacimiento,1924-01-02
Guillermo Suárez Mason,Fecha de defunción,2005-06-21
Hugo Fregonese,Lugar de nacimiento,Mendoza
Hugo Fregonese,Ocupación,guionista
Hugo Fregonese,Ciudadanía,Argentina
Hugo Fregonese,Fecha de nacimiento,1908-04-08
Hugo Fregonese,Fecha de defunción,1987-01-11
Hugo Fregonese,Ocupación,director de cine
Hugo Fregonese,Ocupación,realizador
Hugo Fregonese,Fecha de defunción,1987-01-17
Lima,jefe de gobierno,Rafael López Aliaga
Lima,país,Perú
Lima,continente,América del Sur
Lima,instancia de,ciudad
Lima,instancia de,megaciudad
Mi hija Hildegart,instancia de,película
Mi hija Hildegart,director,Fernando Fernán Gómez
Mi hija Hildegart,guionista,Rafael Azcona
Mi hija Hildegart,música de,Luis Eduardo Aute
Mi hija Hildegart,género,drama
Real Academia Española,país,España
Real Academia Española,instancia de,organización
Real Academia Española,instancia de,academia nacional
Real Academia Española,instancia de,regulador del idioma
Real Academia Española,fundador,Felipe V de España
Paraguay,país,Paraguay
Paraguay,jefe de gobierno,Santiago Peña Palacios
Paraguay,continente,América del Sur
Paraguay,instancia de,país
Paraguay,instancia de,estado soberano
La Carlota,país,Argentina
La Carlota,instancia de,municipio
La Carlota,situado en la entidad territorial administrativa,Departamento Juárez Celman
La Carlota,se encuentra en el huso horario,UTC−3
La Carlota,capital de,Departamento Juárez Celman
Ucacha,país,Argentina
Ucacha,instancia de,municipio
Ucacha,situado en la entidad territorial administrativa,Departamento Juárez Celman
Ucacha,se encuentra en el huso horario,UTC−3
cantautor,lista de interés para el proyecto Wikimedia,Wikipedia:Lista de artículos que toda Wikipedia debería tener/Expandida
cantautor,instancia de,ocupación
cantautor,instancia de,profesión musical
cantautor,subclase de,cantante
Río Tercero,país,Argentina
Río Tercero,instancia de,ciudad
Río Tercero,instancia de,municipio
Río Tercero,situado en la entidad territorial administrativa,Departamento Tercero Arriba
Río Tercero,ciudad hermana,Carmañola
Empalme Villa Constitución,país,Argentina
Empalme Villa Constitución,instancia de,municipio
Empalme Villa Constitución,situado en la entidad territorial administrativa,Departamento Constitución
Empalme Villa Constitución,nombrado en referencia a,Estación Empalme Villa Constitución
Empalme Villa Constitución,se encuentra en el huso horario,UTC−3
medalla de bronce olímpica,subclase de,medalla de bronce
medalla de bronce olímpica,diferente de,medalla de bronce paralímplica
medalla de bronce olímpica,rango inmediatamente inferior,Diploma olímpico
medalla de bronce olímpica,rango inmediatamente superior,medalla de plata olímpica
medalla de bronce olímpica,material empleado,bronce
Gran Premio de Honor de la SADE,país,Argentina
Gran Premio de Honor de la SADE,instancia de,premio literario
jefe de redacción,instancia de,cargo
jefe de redacción,instancia de,título corporativo
jefe de redacción,instancia de,ocupación
jefe de redacción,subclase de,redactor
jefe de redacción,subclase de,editor de periódico
La Mano de Dios,instancia de,canción
La Mano de Dios,instancia de,cántico de fútbol
La Mano de Dios,nombrado en referencia a,La mano de Dios
La Mano de Dios,intérprete,Rodrigo
La Mano de Dios,tema principal de la obra,Diego Maradona
Universidad Nacional del Litoral,idioma usado,español
Universidad Nacional del Litoral,categoría para las personas que estudiaron en esta institución,Categoría:Alumnado de la Universidad Nacional del Litoral
Universidad Nacional del Litoral,país,Argentina
Universidad Nacional del Litoral,instancia de,universidad pública
Academia Argentina de Letras,país,Argentina
Academia Argentina de Letras,instancia de,institución
Academia Argentina de Letras,instancia de,regulador del idioma
Academia Argentina de Letras,situado en la entidad territorial administrativa,Buenos Aires
Academia Argentina de Letras,ubicación de la sede,Buenos Aires
agente deportivo,instancia de,profesión
agente deportivo,subclase de,agente comercial
agente deportivo,categoría principal del tema,Categoría:Agentes deportivos
Schola Cantorum de París,país,Francia
Schola Cantorum de París,instancia de,academia de música
Schola Cantorum de París,situado en la entidad territorial administrativa,V Distrito de París
oficial militar,instancia de,rango militar
oficial militar,instancia de,profesión militar
oficial militar,subclase de,militar
oficial militar,subclase de,oficial
oficial militar,opuesto a,personal militar alistado
Hugo Demarco,Lugar de nacimiento,Buenos Aires
Hugo Demarco,Ocupación,pintor
Hugo Demarco,Ciudadanía,Argentina
Hugo Demarco,Fecha de nacimiento,1932-07-13
Hugo Demarco,Fecha de defunción,1995-11-28
Hugo Demarco,Ocupación,escultor
Hugo Demarco,Ocupación,artista visual
Hugo Demarco,Ocupación,kinetic artist
Humberto Selvetti,Lugar de nacimiento,Colón
Humberto Selvetti,Ocupación,actor
Humberto Selvetti,Ciudadanía,Argentina
Humberto Selvetti,Fecha de nacimiento,1932-03-31
Humberto Selvetti,Fecha de defunción,1992-01-01
Humberto Selvetti,Ocupación,halterófilo
Rafael Spregelburd,Lugar de nacimiento,Buenos Aires
Rafael Spregelburd,Ocupación,escritor
Rafael Spregelburd,Ciudadanía,Argentina
Rafael Spregelburd,Miembro de,Academia Argentina de Letras
Rafael Spregelburd,Premio recibido,Premio de Teatro Iberoamericano Tirso de Molina
Rafael Spregelburd,Fecha de nacimiento,1970-04-03
Rafael Spregelburd,Ocupación,dramaturgo
Rafael Spregelburd,Ocupación,actor de cine
Rafael Spregelburd,Ocupación,profesor de actuación
Alfredo Poviña,Lugar de nacimiento,San Miguel de Tucumán
Alfredo Poviña,Ocupación,jurista
Alfredo Poviña,Ciudadanía,Argentina
Alfredo Poviña,Educado en,Universidad Nacional de Córdoba
Alfredo Poviña,Fecha de nacimiento,1904-03-18
Alfredo Poviña,Fecha de defunción,1986-01-01
Alfredo Poviña,Ocupación,sociólogo
Gerardo Fernández,Lugar de nacimiento,Lobería
Gerardo Fernández,Ocupación,ciclista
Gerardo Fernández,Ciudadanía,Argentina
Gerardo Fernández,Fecha de nacimiento,1977-03-29
Antonio Pacenza,Lugar de nacimiento,Buenos Aires
Antonio Pacenza,Ocupación,boxeador
Antonio Pacenza,Ciudadanía,Argentina
Antonio Pacenza,Fecha de nacimiento,1928-03-18
Antonio Pacenza,Fecha de defunción,1999-02-07
Jorge Ángel Livraga Rizzi,Lugar de nacimiento,Buenos Aires
Jorge Ángel Livraga Rizzi,Ocupación,escritor
Jorge Ángel Livraga Rizzi,Ciudadanía,Argentina
Jorge Ángel Livraga Rizzi,Educado en,Universidad de Buenos Aires
Jorge Ángel Livraga Rizzi,Fecha de nacimiento,1930-09-03
Jorge Ángel Livraga Rizzi,Fecha de defunción,1991-10-07
Jorge Ángel Livraga Rizzi,Ocupación,filósofo
Jorge Ángel Livraga Rizzi,Ocupación,místico
Alfredo de Ángelis,Lugar de nacimiento,Adrogué
Alfredo de Ángelis,Ocupación,compositor
Alfredo de Ángelis,Ciudadanía,Argentina
Alfredo de Ángelis,Fecha de nacimiento,1912-11-02
Alfredo de Ángelis,Fecha de defunción,1992-03-31
Alfredo de Ángelis,Ocupación,pianista
Facundo Cabral,Lugar de nacimiento,La Plata
Facundo Cabral,Ocupación,escritor
Facundo Cabral,Ciudadanía,Argentina
Facundo Cabral,Fecha de nacimiento,1937-05-22
Facundo Cabral,Fecha de defunción,2011-07-09
Facundo Cabral,Ocupación,compositor
Facundo Cabral,Ocupación,poeta
Facundo Cabral,Ocupación,cantante
Facundo Cabral,Ocupación,productor discográfico
Facundo Cabral,Ocupación,cantautor
Facundo Cabral,Ocupación,compositor de canciones
Facundo Cabral,Ocupación,guitarrista
Facundo Cabral,Ocupación,filósofo
Ricardo Gabriel Álvarez,Lugar de nacimiento,Buenos Aires
Ricardo Gabriel Álvarez,Ocupación,futbolista
Ricardo Gabriel Álvarez,Ciudadanía,Argentina
Ricardo Gabriel Álvarez,Fecha de nacimiento,1988-04-12
Guido Pizarro,Lugar de nacimiento,Buenos Aires
Guido Pizarro,Ocupación,futbolista
Guido Pizarro,Ciudadanía,España
Guido Pizarro,Fecha de nacimiento,1990-02-26
Guido Pizarro,Ciudadanía,Italia
Guido Pizarro,Ciudadanía,México
Guido Pizarro,Ciudadanía,Argentina
Luciano Vietto matamoros,Lugar de nacimiento,Córdoba
Luciano Vietto matamoros,Ocupación,futbolista
Luciano Vietto matamoros,Ciudadanía,España
Luciano Vietto matamoros,Fecha de nacimiento,1993-12-05
Luciano Vietto matamoros,Ciudadanía,Argentina
Onofre Lovero,Lugar de nacimiento,Buenos Aires
Onofre Lovero,Ocupación,actor
Onofre Lovero,Ciudadanía,Argentina
Onofre Lovero,Premio recibido,Ciudadano ilustre de la Ciudad de Buenos Aires
Onofre Lovero,Fecha de nacimiento,1925-03-14
Onofre Lovero,Fecha de defunción,2012-12-01
Juan Edmundo Vecchi,Lugar de nacimiento,Viedma
Juan Edmundo Vecchi,Ocupación,presbítero católico de rito latino
Juan Edmundo Vecchi,Ciudadanía,Argentina
Juan Edmundo Vecchi,Cargo,Rector Mayor de la Congregación Salesiana
Juan Edmundo Vecchi,Fecha de nacimiento,1931-06-23
Juan Edmundo Vecchi,Fecha de defunción,2002-01-23
Mario Davidovsky,Lugar de nacimiento,Médanos
Mario Davidovsky,Ocupación,compositor
Mario Davidovsky,Ciudadanía,Argentina
Mario Davidovsky,Empleador,Universidad Harvard
Mario Davidovsky,Miembro de,Academia Estadounidense de las Artes y las Letras
Mario Davidovsky,Premio recibido,Beca Guggenheim
Mario Davidovsky,Fecha de nacimiento,1934-03-04
Mario Davidovsky,Fecha de defunción,2019-08-23
Mario Davidovsky,Ocupación,violinista
Mario Davidovsky,Ocupación,profesor de música
Mario Davidovsky,Premio recibido,Premio Pulitzer de Música
Mario Davidovsky,Premio recibido,Premio de Roma
Mario Davidovsky,Premio recibido,premio de las Artes y las Letras de Música
Mario Davidovsky,Empleador,Universidad de Míchigan
Mario Davidovsky,Empleador,Escuela de Música de Manhattan
Mario Davidovsky,Miembro de,Academia Estadounidense de las Artes y las Ciencias
Rubén Omar Romano,Lugar de nacimiento,Buenos Aires
Rubén Omar Romano,Ocupación,entrenador
Rubén Omar Romano,Ciudadanía,Argentina
Rubén Omar Romano,Fecha de nacimiento,1958-05-18
Rubén Omar Romano,Ocupación,futbolista
Luis D'Elía,Lugar de nacimiento,Morón
Luis D'Elía,Ocupación,político
Luis D'Elía,Ciudadanía,Argentina
Luis D'Elía,Cargo,concejal
Luis D'Elía,Fecha de nacimiento,1957-01-27
Julio Meinvielle,Lugar de nacimiento,Buenos Aires
Julio Meinvielle,Ocupación,escritor
Julio Meinvielle,Ciudadanía,Argentina
Julio Meinvielle,Fecha de nacimiento,1905-08-31
Julio Meinvielle,Fecha de defunción,1973-08-02
Julio Meinvielle,Ocupación,sacerdote católico
Julio Meinvielle,Ocupación,teólogo
Julio Meinvielle,Ocupación,filósofo
León Ferrari,Lugar de nacimiento,Buenos Aires
León Ferrari,Ocupación,actor
León Ferrari,Ciudadanía,Argentina
León Ferrari,Educado en,Universidad de Buenos Aires
León Ferrari,Premio recibido,Beca Guggenheim
León Ferrari,Fecha de nacimiento,1920-09-03
León Ferrari,Fecha de defunción,2013-07-25
León Ferrari,Ocupación,artista
León Ferrari,Ocupación,pintor
León Ferrari,Ocupación,escultor
León Ferrari,Ocupación,dibujante
León Ferrari,Ocupación,artista conceptual
León Ferrari,Premio recibido,Premio Konex de Brillante
Eduardo Mallea,Lugar de nacimiento,Bahía Blanca
Eduardo Mallea,Ocupación,escritor
Eduardo Mallea,Ciudadanía,Argentina
Eduardo Mallea,Miembro de,Academia Argentina de Letras
Eduardo Mallea,Premio recibido,Gran Premio de Honor de la SADE
Eduardo Mallea,Fecha de nacimiento,1903-08-14
Eduardo Mallea,Fecha de defunción,1982-11-12
Eduardo Mallea,Ocupación,diplomático
Eduardo Mallea,Ocupación,novelista
Eduardo Mallea,Ocupación,escritor de cuentos
Hugo Demarco,Ciudadanía,Francia
Colón,instancia de,asentamiento
Colón,situado en la entidad territorial administrativa,Colón
Colón,se encuentra en el huso horario,UTC−3
Colón,capital de,Colón
Premio de Teatro Iberoamericano Tirso de Molina,país,España
Premio de Teatro Iberoamericano Tirso de Molina,instancia de,distinción
jurista,instancia de,grado académico
jurista,instancia de,profesión jurídica
jurista,subclase de,profesional
jurista,ámbito de la ocupación,derecho
jurista,ámbito de la ocupación,ciencia del derecho
Universidad Nacional de Córdoba,país,Argentina
Universidad Nacional de Córdoba,instancia de,universidad pública
Universidad Nacional de Córdoba,instancia de,editor de acceso abierto
Universidad Nacional de Córdoba,fundador,Compañía de Jesús
Universidad Nacional de Córdoba,situado en la entidad territorial administrativa,Córdoba
Lobería,país,Argentina
Lobería,instancia de,asentamiento
Lobería,situado en la entidad territorial administrativa,Partido de Lobería
Lobería,se encuentra en el huso horario,UTC−3
Lobería,capital de,Partido de Lobería
Adrogué,país,Argentina
Adrogué,instancia de,ciudad de Argentina
Adrogué,situado en la entidad territorial administrativa,Partido de Almirante Brown
Adrogué,forma parte de,Provincia de Buenos Aires
Ciudadano ilustre de la Ciudad de Buenos Aires,país,Argentina
Ciudadano ilustre de la Ciudad de Buenos Aires,instancia de,distinción
Ciudadano ilustre de la Ciudad de Buenos Aires,conferido por,Legislatura de la Ciudad Autónoma de Buenos Aires
Ciudadano ilustre de la Ciudad de Buenos Aires,categoría para los galardonados con este premio,Categoría:Ciudadanos Ilustres de la Ciudad Autónoma de Buenos Aires
Viedma,país,Argentina
Viedma,instancia de,municipio
Viedma,instancia de,ciudad de Argentina
Viedma,situado en la entidad territorial administrativa,Departamento Adolfo Alsina
Viedma,ciudad hermana,Cochabamba
presbítero católico de rito latino,instancia de,vocación católica
presbítero católico de rito latino,religión,Iglesia latina
presbítero católico de rito latino,subclase de,sacerdote católico
presbítero católico de rito latino,subclase de,presbítero occidental
presbítero católico de rito latino,subclase de,clérigo católico de rito romano
Rector Mayor de la Congregación Salesiana,instancia de,cargo
Rector Mayor de la Congregación Salesiana,subclase de,superior general
Rector Mayor de la Congregación Salesiana,subclase de,rector
Rector Mayor de la Congregación Salesiana,subclase de,salesiano
Rector Mayor de la Congregación Salesiana,organización dirigida desde este cargo,Salesianos de Don Bosco
Médanos,país,Argentina
Médanos,instancia de,entidad territorial administrativa
Médanos,situado en la entidad territorial administrativa,Partido de Villarino
Médanos,se encuentra en el huso horario,UTC−3
Médanos,capital de,Partido de Villarino
Universidad Harvard,filial,Escuela de Medicina Harvard
Universidad Harvard,filial,Escuela de Derecho Harvard
Universidad Harvard,filial,Escuela de Negocios Harvard
Universidad Harvard,filial,Escuela de Gobierno John F. Kennedy
Academia Estadounidense de las Artes y las Letras,país,Estados Unidos
Academia Estadounidense de las Artes y las Letras,instancia de,academia de ciencias
Academia Estadounidense de las Artes y las Letras,instancia de,distinción
Academia Estadounidense de las Artes y las Letras,situado en la entidad territorial administrativa,Manhattan
Academia Estadounidense de las Artes y las Letras,ubicación de la sede,Washington Heights
concejal,instancia de,cargo público
concejal,instancia de,cargo
concejal,instancia de,ocupación
concejal,instancia de,cargo elegido
concejal,subclase de,asesor
Fernando Birri,Lugar de nacimiento,Santa Fe
Fernando Birri,Ocupación,guionista
Fernando Birri,Ciudadanía,Argentina
Fernando Birri,Educado en,Centro Experimental de Cine
Fernando Birri,Premio recibido,Beca Guggenheim
Fernando Birri,Fecha de nacimiento,1925-03-13
Fernando Birri,Fecha de defunción,2017-12-27
Fernando Birri,Ocupación,poeta
Fernando Birri,Ocupación,pintor
Fernando Birri,Ocupación,escultor
Fernando Birri,Ocupación,director de cine
Fernando Birri,Ocupación,crítico de cine
Fernando Birri,Ocupación,dibujante
Fernando Birri,Premio recibido,Orden del Mérito Cultural
Ángel Di María,Lugar de nacimiento,Rosario
Ángel Di María,Ocupación,futbolista
Ángel Di María,Ciudadanía,Italia
Ángel Di María,Fecha de nacimiento,1988-02-14
Ángel Di María,Ciudadanía,Argentina
Ángel Labruna,Lugar de nacimiento,Buenos Aires
Ángel Labruna,Ocupación,entrenador
Ángel Labruna,Ciudadanía,Argentina
Ángel Labruna,Fecha de nacimiento,1918-09-28
Ángel Labruna,Fecha de defunción,1983-09-19
Ángel Labruna,Ocupación,futbolista
Ángel Labruna,Fecha de defunción,1983-09-20
Ángel Rosenblat,Lugar de nacimiento,Węgrów
Ángel Rosenblat,Ocupación,profesor universitario
Ángel Rosenblat,Ciudadanía,Argentina
Ángel Rosenblat,Educado en,Universidad Humboldt de Berlín
Ángel Rosenblat,Empleador,Universidad Central de Venezuela
Ángel Rosenblat,Miembro de,Asociación Internacional de Hispanistas
Ángel Rosenblat,Fecha de nacimiento,1902-12-09
Ángel Rosenblat,Fecha de defunción,1984-09-11
Ángel Rosenblat,Ocupación,romanista
Ángel Rosenblat,Ocupación,hispanista
Ángel Rosenblat,Ocupación,ensayista
Ángel Rosenblat,Ocupación,filólogo
Ángel Rosenblat,Ocupación,lingüista
Ángel Rosenblat,Ciudadanía,Venezuela
Ángel Rosenblat,Ciudadanía,Imperio ruso
Ángel Rosenblat,Educado en,Universidad de Buenos Aires
Ángel Rosenblat,Empleador,El Nacional
Ángel Rosenblat,Empleador,Centro de Estudios Históricos
Ángel Rosenblat,Empleador,Tierra Firme
Darío García,Ocupación,árbitro de fútbol
Darío García,Ciudadanía,Argentina
Darío García,Fecha de nacimiento,1961-10-29
Ángela Pradelli,Lugar de nacimiento,Buenos Aires
Ángela Pradelli,Ocupación,escritor
Ángela Pradelli,Ciudadanía,Argentina
Ángela Pradelli,Miembro de,Academia Argentina de Letras
Ángela Pradelli,Premio recibido,Premio Clarín de novela
Ángela Pradelli,Fecha de nacimiento,1959-10-26
Ángela Pradelli,Ocupación,profesor
Ramón Heredia,Lugar de nacimiento,Córdoba
Ramón Heredia,Ocupación,entrenador
Ramón Heredia,Ciudadanía,Argentina
Ramón Heredia,Fecha de nacimiento,1951-02-26
Ramón Heredia,Ocupación,futbolista
Domingo Faustino Sarmiento,Lugar de nacimiento,San Juan
Domingo Faustino Sarmiento,Ocupación,escritor
Domingo Faustino Sarmiento,Ciudadanía,Argentina
Domingo Faustino Sarmiento,Obra notable,Facundo o civilización y barbarie en las pampas argentinas
Domingo Faustino Sarmiento,Cargo,presidente de la Nación Argentina
Domingo Faustino Sarmiento,Fecha de nacimiento,1811-02-14
Domingo Faustino Sarmiento,Fecha de defunción,1888-09-11
Domingo Faustino Sarmiento,Ocupación,militar
Domingo Faustino Sarmiento,Ocupación,político
Domingo Faustino Sarmiento,Ocupación,diplomático
Domingo Faustino Sarmiento,Ocupación,historiador
Domingo Faustino Sarmiento,Ocupación,periodista
Domingo Faustino Sarmiento,Obra notable,Recuerdos de provincia
Domingo Faustino Sarmiento,Obra notable,Vida de Dominguito
Domingo Faustino Sarmiento,Obra notable,Campaña en el Ejército Grande
Domingo Faustino Sarmiento,Cargo,senador de Argentina
Domingo Faustino Sarmiento,Cargo,embajador de Argentina en Chile
Domingo Faustino Sarmiento,Cargo,embajador de Argentina en los Estados Unidos
Lucrecia Martel,Lugar de nacimiento,Salta
Lucrecia Martel,Ocupación,guionista
Lucrecia Martel,Ciudadanía,Argentina
Lucrecia Martel,Educado en,Escuela Nacional de Experimentación y Realización Cinematográfica
Lucrecia Martel,Obra notable,La niña santa
Lucrecia Martel,Premio recibido,honorary doctor of the Katholieke Universiteit Leuven
Lucrecia Martel,Fecha de nacimiento,1966-12-14
Lucrecia Martel,Ocupación,director de cine
Lucrecia Martel,Ocupación,productor de cine
Lucrecia Martel,Premio recibido,Doctor honoris causa de la Universidad de Buenos Aires
Lucrecia Martel,Obra notable,La Ciénaga
Dick Edgar Ibarra Grasso,Lugar de nacimiento,Concordia
Dick Edgar Ibarra Grasso,Ocupación,historiador
Dick Edgar Ibarra Grasso,Ciudadanía,Argentina
Dick Edgar Ibarra Grasso,Fecha de nacimiento,1914-01-17
Dick Edgar Ibarra Grasso,Fecha de defunción,2000-07-13
Manuel Gálvez,Lugar de nacimiento,Paraná
Manuel Gálvez,Ocupación,escritor
Manuel Gálvez,Ciudadanía,Argentina
Manuel Gálvez,Educado en,Universidad de Buenos Aires
Manuel Gálvez,Miembro de,Academia Argentina de Letras
Manuel Gálvez,Fecha de nacimiento,1882-07-18
Manuel Gálvez,Fecha de defunción,1962-11-14
Manuel Gálvez,Ocupación,poeta
Manuel Gálvez,Ocupación,historiador
Manuel Gálvez,Educado en,Colegio Nacional de Buenos Aires
Manuel Gálvez,Educado en,Colegio del Salvador
Jessica Coch,Lugar de nacimiento,Puebla de Zaragoza
Jessica Coch,Ocupación,actor
Jessica Coch,Ciudadanía,México
Jessica Coch,Fecha de nacimiento,1979-11-04
Jessica Coch,Ocupación,actor de teatro
Jessica Coch,Ocupación,actor de televisión
Jessica Coch,Ocupación,actor de cine
Jessica Coch,Ciudadanía,Argentina
Lucrecia Martel,Obra notable,Zama
Lucrecia Martel,Obra notable,The Salta Trilogy
Mía Maestro,Lugar de nacimiento,Buenos Aires
Mía Maestro,Ocupación,actor
Mía Maestro,Ciudadanía,Argentina
Mía Maestro,Fecha de nacimiento,1978-06-19
Mía Maestro,Ocupación,cantante
Mía Maestro,Ocupación,compositor de canciones
Mía Maestro,Ocupación,actor de teatro
Mía Maestro,Ocupación,actor de televisión
Mía Maestro,Ocupación,actor de cine
Diego Simeone,Lugar de nacimiento,Buenos Aires
Diego Simeone,Ocupación,entrenador
Diego Simeone,Ciudadanía,Argentina
Diego Simeone,Premio recibido,Personalidad Destacada de la Ciudad de Buenos Aires
Diego Simeone,Fecha de nacimiento,1970-04-28
Diego Simeone,Ocupación,futbolista
Patricia Tarabini,Lugar de nacimiento,La Plata
Patricia Tarabini,Ocupación,tenista
Patricia Tarabini,Ciudadanía,Argentina
Patricia Tarabini,Fecha de nacimiento,1968-08-06
Patricia Tarabini,Ocupación,entrenador de tenis
Jorge Bava,Lugar de nacimiento,Montevideo
Jorge Bava,Ocupación,futbolista
Jorge Bava,Ciudadanía,Uruguay
Jorge Bava,Fecha de nacimiento,1981-08-02
Jorge Bava,Ciudadanía,Argentina
Federico Kirbus,Lugar de nacimiento,Buenos Aires
Federico Kirbus,Ocupación,escritor
Federico Kirbus,Ciudadanía,Argentina
Federico Kirbus,Fecha de nacimiento,1931-10-14
Federico Kirbus,Fecha de defunción,2015-12-12
Federico Kirbus,Lugar de nacimiento,Piñeyro
Federico Kirbus,Ocupación,periodista
Alberto Lanteri,Lugar de nacimiento,La Plata
Alberto Lanteri,Ocupación,esgrimista
Alberto Lanteri,Ciudadanía,Argentina
Alberto Lanteri,Fecha de nacimiento,1938-01-11
Florencia Peña,Lugar de nacimiento,Buenos Aires
Florencia Peña,Ocupación,actor de teatro
Florencia Peña,Ciudadanía,Argentina
Florencia Peña,Fecha de nacimiento,1974-11-07
Florencia Peña,Ocupación,actor de cine
Centro Experimental de Cine,país,Italia
Centro Experimental de Cine,instancia de,escuela de cine
Centro Experimental de Cine,instancia de,filmoteca
Centro Experimental de Cine,instancia de,escuela de arte dramático
Centro Experimental de Cine,fundador,Luigi Freddi
Universidad Humboldt de Berlín,país,Alemania
Universidad Humboldt de Berlín,instancia de,editor de acceso abierto
Universidad Humboldt de Berlín,instancia de,universidad pública de investigación
Universidad Central de Venezuela,país,Venezuela
Universidad Central de Venezuela,instancia de,universidad pública
Universidad Central de Venezuela,instancia de,editor de acceso abierto
Universidad Central de Venezuela,ubicación de la sede,Ciudad Universitaria de Caracas
Universidad Central de Venezuela,ubicación,Caracas
Premio Clarín de novela,país,Argentina
Premio Clarín de novela,instancia de,premio literario
Premio Clarín de novela,subclase de,Premios Clarín
Premio Clarín de novela,forma parte de,Premios Clarín
Premio Clarín de novela,conferido por,Grupo Clarín
Facundo o civilización y barbarie en las pampas argentinas,instancia de,obra literaria
Facundo o civilización y barbarie en las pampas argentinas,autor,Domingo Faustino Sarmiento
Facundo o civilización y barbarie en las pampas argentinas,género,ensayo
Facundo o civilización y barbarie en las pampas argentinas,género,biografía
Facundo o civilización y barbarie en las pampas argentinas,idioma de la obra o del nombre,español
Escuela Nacional de Experimentación y Realización Cinematográfica,país,Argentina
Escuela Nacional de Experimentación y Realización Cinematográfica,instancia de,institución académica
Escuela Nacional de Experimentación y Realización Cinematográfica,situado en la entidad territorial administrativa,Buenos Aires
La niña santa,instancia de,película
La niña santa,director,Lucrecia Martel
La niña santa,guionista,Lucrecia Martel
La niña santa,género,drama
La niña santa,miembro del reparto,Mía Maestro
Concordia,país,Argentina
Concordia,instancia de,ciudad
Concordia,instancia de,municipio
Concordia,instancia de,ciudad fronteriza
Concordia,instancia de,gran ciudad
historiador,categoría que contiene subcategorías epónimas,Categoría:Categorías de historiadores
historiador,instancia de,profesión
historiador,subclase de,académico de humanidades
historiador,ámbito de la ocupación,historiografía
Paraná,país,Argentina
Paraná,instancia de,ciudad
Paraná,instancia de,municipio
Paraná,instancia de,gran ciudad
Paraná,situado en la entidad territorial administrativa,Departamento Paraná
Puebla de Zaragoza,jefe de gobierno,Claudia Rivera Vivanco GM
Puebla de Zaragoza,país,México
Puebla de Zaragoza,instancia de,ciudad
Puebla de Zaragoza,instancia de,gran ciudad
Puebla de Zaragoza,instancia de,localidad de México
actor de teatro,instancia de,oficio del teatro
actor de teatro,subclase de,actor
actor de teatro,ámbito de la ocupación,teatro
actor de teatro,categoría principal del tema,Categoría:Actores de teatro
entrenador de tenis,instancia de,profesión
entrenador de tenis,subclase de,entrenador
entrenador de tenis,ámbito de la ocupación,tenis
entrenador de tenis,deporte,tenis
entrenador de tenis,categoría principal del tema,Categoría:Entrenadores de tenis
Montevideo,país,Uruguay
Montevideo,instancia de,ciudad
Montevideo,instancia de,entidad territorial administrativa
Montevideo,instancia de,capital nacional
Montevideo,idioma oficial,español
Uruguay,forma parte de,América del Sur
Uruguay,forma parte de,América Latina
Uruguay,forma parte de,Cono Sur
Uruguay,forma parte de,Anexo:Paraísos fiscales según la Unión Europea
Uruguay,se encuentra en el huso horario,UTC−3
actor de cine,instancia de,profesión del cine
actor de cine,subclase de,actor
actor de cine,categoría principal del tema,Categoría:Actores de cine
actor de cine,diferente de,actor de televisión
Antonio Hodgers,Lugar de nacimiento,Buenos Aires
Antonio Hodgers,Ocupación,político
Antonio Hodgers,Ciudadanía,Suiza
Antonio Hodgers,Educado en,Graduate Institute of International and Development Studies
Antonio Hodgers,Cargo,miembro del Consejo Nacional de Suiza
Antonio Hodgers,Fecha de nacimiento,1976-02-07
Antonio Hodgers,Ciudadanía,Argentina
Antonio Hodgers,Educado en,Instituto Universitario de Estudios del Desarrollo
Antonio Hodgers,Cargo,Councillor of State
Pablo Andrés Aguilar,Lugar de nacimiento,Buenos Aires
Pablo Andrés Aguilar,Ocupación,guionista
Pablo Andrés Aguilar,Ciudadanía,Argentina
Pablo Andrés Aguilar,Fecha de nacimiento,1973-04-22
Pablo Andrés Aguilar,Ocupación,actor de teatro
Pablo Andrés Aguilar,Ocupación,actor de cine
Hernán Cristante,Lugar de nacimiento,La Plata
Hernán Cristante,Ocupación,entrenador
Hernán Cristante,Ciudadanía,Argentina
Hernán Cristante,Fecha de nacimiento,1969-09-16
Hernán Cristante,Ocupación,futbolista
Paul Bassen-Spiller,Lugar de nacimiento,Kuressaare
Paul Bassen-Spiller,Ocupación,militar
Paul Bassen-Spiller,Ciudadanía,Alemania
Paul Bassen-Spiller,Fecha de nacimiento,1892-07-11
Paul Bassen-Spiller,Fecha de defunción,1962-12-01
Paul Bassen-Spiller,Ocupación,oficial militar
Paul Bassen-Spiller,Ciudadanía,Estonia
Paul Bassen-Spiller,Ciudadanía,Argentina
Paul Bassen-Spiller,Ciudadanía,Imperio ruso
Leopoldo Fortunato Galtieri,Lugar de nacimiento,Caseros
Leopoldo Fortunato Galtieri,Ocupación,político
Leopoldo Fortunato Galtieri,Ciudadanía,Argentina
Leopoldo Fortunato Galtieri,Educado en,Instituto del Hemisferio Occidental para la Cooperación en Seguridad
Leopoldo Fortunato Galtieri,Cargo,comandante
Leopoldo Fortunato Galtieri,Fecha de nacimiento,1926-07-15
Leopoldo Fortunato Galtieri,Fecha de defunción,2003-01-12
Leopoldo Fortunato Galtieri,Ocupación,oficial militar
Leopoldo Fortunato Galtieri,Educado en,Colegio Militar de la Nación
Leopoldo Fortunato Galtieri,Cargo,presidente de la Nación Argentina
Leopoldo Fortunato Galtieri,Cargo,Jefe del Estado Mayor General del Ejército
Eduardo de Gregorio,Lugar de nacimiento,Buenos Aires
Eduardo de Gregorio,Ocupación,guionista
Eduardo de Gregorio,Ciudadanía,Francia
Eduardo de Gregorio,Fecha de nacimiento,1940-09-30
Eduardo de Gregorio,Fecha de defunción,2012-10-13
Eduardo de Gregorio,Ocupación,director de cine
Eduardo de Gregorio,Ocupación,dialoguista
Eduardo de Gregorio,Ciudadanía,Argentina
Martín Gramática,Lugar de nacimiento,Buenos Aires
Martín Gramática,Ocupación,jugador de fútbol americano
Martín Gramática,Ciudadanía,Argentina
Martín Gramática,Educado en,LaBelle High School
Martín Gramática,Fecha de nacimiento,1975-11-27
Nicolás Bruno,Lugar de nacimiento,Buenos Aires
Nicolás Bruno,Ocupación,voleibolista
Nicolás Bruno,Ciudadanía,Argentina
Nicolás Bruno,Fecha de nacimiento,1989-02-24
Nicolás Bruno,Ocupación,jugador de voleibol de playa
Lucas Arnold Ker,Lugar de nacimiento,Buenos Aires
Lucas Arnold Ker,Ocupación,tenista
Lucas Arnold Ker,Ciudadanía,Argentina
Lucas Arnold Ker,Fecha de nacimiento,1974-10-12
Martín Bustos Moyano,Lugar de nacimiento,Córdoba
Martín Bustos Moyano,Ocupación,jugador de rugby
Martín Bustos Moyano,Ciudadanía,Argentina
Martín Bustos Moyano,Fecha de nacimiento,1985-07-12
Mercedes Lambre,Lugar de nacimiento,La Plata
Mercedes Lambre,Ocupación,cantante
Mercedes Lambre,Ciudadanía,Argentina
Mercedes Lambre,Obra notable,Violetta
Mercedes Lambre,Fecha de nacimiento,1992-10-05
Mercedes Lambre,Ocupación,actor
Mercedes Lambre,Ocupación,modelo
Mercedes Lambre,Ocupación,bailarín
Mercedes Lambre,Obra notable,"Heidi, bienvenida a casa"
Jesica Cirio,Lugar de nacimiento,Lanús
Jesica Cirio,Ocupación,modelo
Jesica Cirio,Ciudadanía,Argentina
Jesica Cirio,Fecha de nacimiento,1985-03-21
Jesica Cirio,Ocupación,modelo de ropa interior
Emilia Attias,Lugar de nacimiento,Belgrano
Emilia Attias,Ocupación,actor
Emilia Attias,Ciudadanía,Argentina
Emilia Attias,Fecha de nacimiento,1987-03-20
Emilia Attias,Ocupación,cantante
Emilia Attias,Ocupación,modelo
Pampita,Lugar de nacimiento,General Acha
Pampita,Ocupación,empresario
Pampita,Ciudadanía,Argentina
Pampita,Fecha de nacimiento,1978-01-17
Pampita,Ocupación,modelo
Pampita,Ocupación,actor de televisión
Pampita,Ocupación,actor de cine
Pampita,Ocupación,presentador
Pablo Aimar,Lugar de nacimiento,Río Cuarto
Pablo Aimar,Ocupación,futbolista
Pablo Aimar,Ciudadanía,Argentina
Pablo Aimar,Fecha de nacimiento,1979-11-03
Violeta Urtizberea,Lugar de nacimiento,Buenos Aires
Violeta Urtizberea,Ocupación,actor
Violeta Urtizberea,Ciudadanía,Argentina
Violeta Urtizberea,Fecha de nacimiento,1985-02-19
Emanuel Herrera Gil,Lugar de nacimiento,Rosario
Emanuel Herrera Gil,Ocupación,futbolista
Emanuel Herrera Gil,Ciudadanía,Argentina
Emanuel Herrera Gil,Fecha de nacimiento,1987-04-13
José de San Martín,Lugar de nacimiento,Yapeyú
José de San Martín,Ocupación,militar
José de San Martín,Ciudadanía,Argentina
José de San Martín,Educado en,Seminario de Nobles de Madrid
José de San Martín,Cargo,comandante en Jefe del Ejército de Chile
José de San Martín,Premio recibido,Orden El Sol del Perú
José de San Martín,Fecha de nacimiento,1778-02-25
José de San Martín,Fecha de defunción,1850-08-17
José de San Martín,Ocupación,político
José de San Martín,Ocupación,soldado
José de San Martín,Premio recibido,doctor honoris causa de la Universidad Nacional Mayor de San Marcos
José de San Martín,Cargo,Gobernador de Mendoza
José de San Martín,Cargo,presidente del Perú
Julio Hernán Rossi,Lugar de nacimiento,Mar del Plata
Julio Hernán Rossi,Ocupación,futbolista
Julio Hernán Rossi,Ciudadanía,Italia
Julio Hernán Rossi,Fecha de nacimiento,1977-02-22
Julio Hernán Rossi,Ciudadanía,Argentina
Pablo Bastianini,Lugar de nacimiento,Zárate
Pablo Bastianini,Ocupación,futbolista
Pablo Bastianini,Ciudadanía,Argentina
Pablo Bastianini,Fecha de nacimiento,1982-11-09
Suiza,capital,Berna
Suiza,idioma oficial,francés
Suiza,idioma oficial,alemán
Suiza,idioma oficial,italiano
Suiza,idioma oficial,romanche
Graduate Institute of International and Development Studies,país,Suiza
Graduate Institute of International and Development Studies,instancia de,universidad
Graduate Institute of International and Development Studies,instancia de,editor de acceso abierto
Graduate Institute of International and Development Studies,campo de trabajo,ciencia política
Graduate Institute of International and Development Studies,campo de trabajo,economía internacional
miembro del Consejo Nacional de Suiza,país,Suiza
miembro del Consejo Nacional de Suiza,instancia de,cargo
miembro del Consejo Nacional de Suiza,subclase de,miembro de la Asamblea Federal de Suiza
miembro del Consejo Nacional de Suiza,forma parte de,Consejo Nacional de Suiza
Kuressaare,país,Estonia
Kuressaare,instancia de,ciudad
Kuressaare,idioma oficial,estonio
Kuressaare,santo patrón,Juan el Evangelista
Caseros,país,Argentina
Caseros,instancia de,ciudad de Argentina
Caseros,situado en la entidad territorial administrativa,Partido de Tres de Febrero
Caseros,se encuentra en el huso horario,UTC−3
Caseros,capital de,Partido de Tres de Febrero
comandante,instancia de,rango militar
comandante,instancia de,cargo
comandante,se dice que es lo mismo que,comandante
jugador de fútbol americano,instancia de,profesión
jugador de fútbol americano,subclase de,jugador de fútbol gridiron
jugador de fútbol americano,forma parte de,club de fútbol americano
jugador de fútbol americano,ámbito de la ocupación,fútbol americano
jugador de fútbol americano,deporte,fútbol americano
voleibolista,instancia de,profesión
voleibolista,subclase de,deportista
voleibolista,subclase de,jugador competitivo
voleibolista,ámbito de la ocupación,voleibol
voleibolista,ámbito de la ocupación,voleibol sentado
jugador de voleibol de playa,instancia de,profesión
jugador de voleibol de playa,instancia de,ocupación
jugador de voleibol de playa,subclase de,voleibolista
jugador de voleibol de playa,ámbito de la ocupación,voleibol de playa
jugador de rugby,instancia de,profesión
jugador de rugby,subclase de,rugbista
jugador de rugby,ámbito de la ocupación,rugby a 15
jugador de rugby,ámbito de la ocupación,rugby a 15 femenino
Violetta,instancia de,serie de televisión
Violetta,director,Jorge Nisco
Violetta,género,telenovela
Violetta,género,serie juvenil
Violetta,miembro del reparto,Pablo Espinosa
Lanús,país,Argentina
Lanús,instancia de,gran ciudad
Lanús,instancia de,ciudad de Argentina
Lanús,situado en la entidad territorial administrativa,Partido de Lanús
Lanús,se encuentra en el huso horario,UTC−3
modelo,instancia de,profesión
modelo,subclase de,profesional de la moda
modelo,ámbito de la ocupación,modelaje
modelo,categoría principal del tema,Categoría:Modelos
modelo de ropa interior,instancia de,ocupación
modelo de ropa interior,subclase de,modelo
modelo de ropa interior,vestimenta,ropa interior
Belgrano,país,Argentina
Belgrano,instancia de,asentamiento
Belgrano,instancia de,barrios de la ciudad de Buenos Aires
Belgrano,situado en la entidad territorial administrativa,Comuna 13
Belgrano,nombrado en referencia a,Manuel Belgrano
General Acha,país,Argentina
General Acha,instancia de,municipio
General Acha,situado en la entidad territorial administrativa,Departamento Utracán
General Acha,se encuentra en el huso horario,UTC−3
Río Cuarto,país,Argentina
Río Cuarto,instancia de,municipio
Río Cuarto,instancia de,gran ciudad
Río Cuarto,instancia de,municipio de Argentina
Río Cuarto,instancia de,ciudad de Argentina
Yapeyú,país,Argentina
Yapeyú,continente,América del Sur
Yapeyú,instancia de,municipio
Yapeyú,instancia de,patrimonio
Yapeyú,instancia de,localidad
Seminario de Nobles de Madrid,país,España
Seminario de Nobles de Madrid,instancia de,edificio
Seminario de Nobles de Madrid,instancia de,institución educativa
Seminario de Nobles de Madrid,instancia de,estructura arquitectónica desaparecida
Seminario de Nobles de Madrid,instancia de,seminario
comandante en Jefe del Ejército de Chile,país,Chile
comandante en Jefe del Ejército de Chile,instancia de,cargo
comandante en Jefe del Ejército de Chile,subclase de,comandante en jefe
comandante en Jefe del Ejército de Chile,aplica a la jurisdicción,Chile
comandante en Jefe del Ejército de Chile,organización dirigida desde este cargo,Ejército de Chile
Emanuel Perrone,Lugar de nacimiento,Río Cuarto
Emanuel Perrone,Ocupación,futbolista
Emanuel Perrone,Ciudadanía,Argentina
Emanuel Perrone,Fecha de nacimiento,1983-06-14
Claudio Caniggia,Lugar de nacimiento,Henderson
Claudio Caniggia,Ocupación,futbolista
Claudio Caniggia,Ciudadanía,Argentina
Claudio Caniggia,Fecha de nacimiento,1967-01-09
Luciana Aymar,Lugar de nacimiento,Rosario
Luciana Aymar,Ocupación,modelo
Luciana Aymar,Ciudadanía,Argentina
Luciana Aymar,Fecha de nacimiento,1977-08-10
Luciana Aymar,Ocupación,jugador de hockey
Cristina Rota,Lugar de nacimiento,La Plata
Cristina Rota,Ocupación,guionista
Cristina Rota,Ciudadanía,España
Cristina Rota,Fecha de nacimiento,1945-01-30
Cristina Rota,Ocupación,actor
Cristina Rota,Ocupación,profesor de teatro
Cristina Rota,Ocupación,director de cine
Cristina Rota,Ciudadanía,Argentina
Inés Gorrochategui,Lugar de nacimiento,Córdoba
Inés Gorrochategui,Ocupación,tenista
Inés Gorrochategui,Ciudadanía,Argentina
Inés Gorrochategui,Fecha de nacimiento,1973-06-13
María Emilia Salerni,Lugar de nacimiento,Rafaela
María Emilia Salerni,Ocupación,tenista
María Emilia Salerni,Ciudadanía,Argentina
María Emilia Salerni,Fecha de nacimiento,1983-05-14
Inés Efron,Lugar de nacimiento,Ciudad de México
Inés Efron,Ocupación,actor
Inés Efron,Ciudadanía,México
Inés Efron,Fecha de nacimiento,1985-06-21
Inés Efron,Ocupación,artista escénico
Inés Efron,Ocupación,actor de cine
Inés Efron,Ciudadanía,Argentina
Alejandra Pizarnik,Lugar de nacimiento,Avellaneda
Alejandra Pizarnik,Ocupación,escritor
Alejandra Pizarnik,Ciudadanía,Argentina
Alejandra Pizarnik,Educado en,Sorbonne Universidad de París
Alejandra Pizarnik,Premio recibido,beca Fulbright
Alejandra Pizarnik,Fecha de nacimiento,1936-04-29
Alejandra Pizarnik,Fecha de defunción,1972-09-25
Alejandra Pizarnik,Ocupación,poeta
Alejandra Pizarnik,Ocupación,traductor
Alejandra Pizarnik,Ocupación,crítico literario
Alejandra Pizarnik,Ocupación,lingüista
Alejandra Pizarnik,Ocupación,diarista
Alejandra Pizarnik,Premio recibido,Beca Guggenheim
Alejandra Pizarnik,Educado en,Facultad de Filosofía y Letras (UBA)
Ada Falcón,Lugar de nacimiento,Buenos Aires
Ada Falcón,Ocupación,actor
Ada Falcón,Ciudadanía,Argentina
Ada Falcón,Fecha de nacimiento,1905-08-17
Ada Falcón,Fecha de defunción,2002-01-04
Ada Falcón,Ocupación,cantante
Ada Falcón,Ocupación,actor de cine
Angélica Gorodischer,Lugar de nacimiento,Buenos Aires
Angélica Gorodischer,Ocupación,escritor
Angélica Gorodischer,Ciudadanía,Argentina
Angélica Gorodischer,Educado en,Universidad Nacional del Litoral
Angélica Gorodischer,Premio recibido,Premios Mundial de Fantasía
Angélica Gorodischer,Fecha de nacimiento,1928-07-28
Angélica Gorodischer,Fecha de defunción,2022-02-05
Angélica Gorodischer,Ocupación,escritor de ciencia ficción
Angélica Gorodischer,Premio recibido,Premio Konex
Angélica Gorodischer,Premio recibido,doctor honoris causa
Angélica Gorodischer,Premio recibido,Personalidad Destacada de la Ciudad de Buenos Aires
María Inés Falconi,Lugar de nacimiento,Buenos Aires
María Inés Falconi,Ocupación,escritor
María Inés Falconi,Ciudadanía,Argentina
María Inés Falconi,Fecha de nacimiento,1954-01-21
María Inés Falconi,Ocupación,dramaturgo
María Inés Falconi,Ocupación,escritor de literatura infantil
Ezequiel Juan ivan Ignacio lavezzi tercero,Lugar de nacimiento,Villa Gobernador Gálvez
Ezequiel Juan ivan Ignacio lavezzi tercero,Ocupación,futbolista
Ezequiel Juan ivan Ignacio lavezzi tercero,Ciudadanía,Argentina
Ezequiel Juan ivan Ignacio lavezzi tercero,Fecha de nacimiento,1985-05-03
Andrés Carevic,Lugar de nacimiento,Carreras
Andrés Carevic,Ocupación,entrenador
Andrés Carevic,Ciudadanía,México
Andrés Carevic,Fecha de nacimiento,1978-12-13
Andrés Carevic,Ocupación,futbolista
Andrés Carevic,Ciudadanía,Argentina
Natalia Verbeke,Lugar de nacimiento,Caballito
Natalia Verbeke,Ocupación,actor de teatro
Natalia Verbeke,Ciudadanía,España
Natalia Verbeke,Educado en,Real Escuela Superior de Arte Dramático
Natalia Verbeke,Fecha de nacimiento,1975-02-23
Natalia Verbeke,Ocupación,actor de televisión
Natalia Verbeke,Ocupación,actor de cine
Natalia Verbeke,Ciudadanía,Argentina
Claudia Amura,Lugar de nacimiento,Buenos Aires
Claudia Amura,Ocupación,ajedrecista
Claudia Amura,Ciudadanía,Argentina
Claudia Amura,Fecha de nacimiento,1970-08-26
Javier Pastore,Lugar de nacimiento,Córdoba
Javier Pastore,Ocupación,futbolista
Javier Pastore,Ciudadanía,Argentina
Javier Pastore,Fecha de nacimiento,1989-06-20
Tilda Thamar,Lugar de nacimiento,Urdinarrain
Tilda Thamar,Ocupación,pintor
Tilda Thamar,Ciudadanía,Argentina
Tilda Thamar,Fecha de nacimiento,1921-12-07
Tilda Thamar,Fecha de defunción,1989-04-12
Tilda Thamar,Ocupación,director de cine
Tilda Thamar,Ocupación,actor de cine
Carlos Delfino,Lugar de nacimiento,Santa Fe
Carlos Delfino,Ocupación,baloncestista
Carlos Delfino,Ciudadanía,Italia
Carlos Delfino,Fecha de nacimiento,1982-08-29
Carlos Delfino,Ciudadanía,Argentina
Charles Dillon Perrine,Lugar de nacimiento,Steubenville
Charles Dillon Perrine,Ocupación,astrónomo
Charles Dillon Perrine,Ciudadanía,Estados Unidos
Charles Dillon Perrine,Empleador,Observatorio Astronómico de Córdoba
Charles Dillon Perrine,Premio recibido,Premio Lalande
Charles Dillon Perrine,Fecha de nacimiento,1867-07-28
Charles Dillon Perrine,Fecha de defunción,1951-06-21
Charles Dillon Perrine,Ciudadanía,Argentina
Charles Dillon Perrine,Empleador,Observatorio Lick
Martín Rodríguez,Lugar de nacimiento,Buenos Aires
Martín Rodríguez,Ocupación,militar
Martín Rodríguez,Ciudadanía,Argentina
Martín Rodríguez,Educado en,Colegio Nacional de Buenos Aires
Martín Rodríguez,Cargo,Gobernador de la Provincia de Buenos Aires
Martín Rodríguez,Fecha de nacimiento,1771-07-04
Martín Rodríguez,Fecha de defunción,1845-03-05
Martín Rodríguez,Ocupación,político
Henderson,país,Argentina
Henderson,instancia de,asentamiento
Henderson,situado en la entidad territorial administrativa,Hipólito Yrigoyen
Henderson,ciudad hermana,Henderson
Henderson,se encuentra en el huso horario,UTC−3
jugador de hockey,instancia de,profesión
jugador de hockey,subclase de,deportista
jugador de hockey,subclase de,jugador competitivo
jugador de hockey,forma parte de,equipo de hockey sobre césped
jugador de hockey,ámbito de la ocupación,hockey sobre hierba
Ciudad de México,jefe de gobierno,Clara Brugada
Ciudad de México,país,México
Ciudad de México,continente,América del Norte
Ciudad de México,instancia de,ciudad
Ciudad de México,instancia de,megaciudad
artista escénico,instancia de,profesión
artista escénico,instancia de,ocupación
artista escénico,subclase de,artista
artista escénico,ámbito de la ocupación,artes escénicas
artista escénico,se dice que es lo mismo que,actor
Sorbonne Universidad de París,país,Francia
Sorbonne Universidad de París,instancia de,universidad en Francia
Sorbonne Universidad de París,instancia de,entidad desaparecida
Sorbonne Universidad de París,nombrado en referencia a,París
Sorbonne Universidad de París,nombrado en referencia a,Roberto de Sorbón
beca Fulbright,país,Estados Unidos
beca Fulbright,instancia de,beca
beca Fulbright,instancia de,institución educativa
beca Fulbright,instancia de,programa de gobierno
beca Fulbright,operador,Fulbright-Kommission
Premios Mundial de Fantasía,país,Estados Unidos
Premios Mundial de Fantasía,instancia de,premio literario
Premios Mundial de Fantasía,instancia de,grupo de premios
Premios Mundial de Fantasía,país de origen,Estados Unidos
dramaturgo,instancia de,oficio del teatro
dramaturgo,subclase de,escritor
dramaturgo,categoría principal del tema,Categoría:Dramaturgos
Villa Gobernador Gálvez,país,Argentina
Villa Gobernador Gálvez,instancia de,municipio
Villa Gobernador Gálvez,instancia de,ciudad de Argentina
Villa Gobernador Gálvez,situado en la entidad territorial administrativa,Departamento Rosario
Villa Gobernador Gálvez,nombrado en referencia a,José Gálvez (gobernador de Santa Fe)
Carreras,país,Argentina
Carreras,instancia de,municipio
Carreras,situado en la entidad territorial administrativa,Departamento General López
Carreras,se encuentra en el huso horario,UTC−3
Caballito,país,Argentina
Caballito,instancia de,asentamiento
Caballito,instancia de,barrios de la ciudad de Buenos Aires
Caballito,situado en la entidad territorial administrativa,Comuna 6
Caballito,se encuentra en el huso horario,UTC−3
Real Escuela Superior de Arte Dramático,país,España
Real Escuela Superior de Arte Dramático,instancia de,Escuela Superior de Arte Dramático
Real Escuela Superior de Arte Dramático,ubicación de la sede,Madrid
Urdinarrain,país,Argentina
Urdinarrain,instancia de,municipio
Urdinarrain,situado en la entidad territorial administrativa,Departamento Gualeguaychú
Urdinarrain,se encuentra en el huso horario,UTC−3
Steubenville,jefe de gobierno,Jerry Barilla
Steubenville,país,Estados Unidos
Steubenville,instancia de,sede de condado
Steubenville,instancia de,ciudad de Estados Unidos
Steubenville,situado en la entidad territorial administrativa,Condado de Jefferson
astrónomo,instancia de,profesión
astrónomo,subclase de,científico
astrónomo,ámbito de la ocupación,astronomía
astrónomo,categoría principal del tema,Categoría:Astrónomos
Observatorio Astronómico de Córdoba,país,Argentina
Observatorio Astronómico de Córdoba,instancia de,observatorio astronómico
Observatorio Astronómico de Córdoba,fundador,Domingo Faustino Sarmiento
Observatorio Astronómico de Córdoba,situado en la entidad territorial administrativa,Provincia de Córdoba
Observatorio Astronómico de Córdoba,operador,Universidad Nacional de Córdoba
Premio Lalande,país,Francia
Premio Lalande,instancia de,premio científico
Premio Lalande,campo de trabajo,astronomía
Premio Lalande,nombrado en referencia a,Joseph Lalande
Colegio Nacional de Buenos Aires,país,Argentina
Colegio Nacional de Buenos Aires,instancia de,edificio
Colegio Nacional de Buenos Aires,instancia de,escuela secundaria
Colegio Nacional de Buenos Aires,fundador,Bartolomé Mitre
Colegio Nacional de Buenos Aires,situado en la entidad territorial administrativa,Buenos Aires
ingeniero,categoría relacionada,Categoría:Ingenieros químicos
jugador de voleibol de playa,deporte,voleibol de playa
Juan Román Riquelme,Lugar de nacimiento,Partido de San Fernando
Juan Román Riquelme,Ocupación,dirigente deportivo
Juan Román Riquelme,Ciudadanía,Argentina
Juan Román Riquelme,Cargo,presidente
Juan Román Riquelme,Premio recibido,Futbolista del año en Sudamérica
Juan Román Riquelme,Fecha de nacimiento,1978-06-24
Juan Román Riquelme,Ocupación,futbolista
Juan Román Riquelme,Premio recibido,Futbolista Argentino del Año
Raúl Alfonsín,Lugar de nacimiento,Chascomús
Raúl Alfonsín,Ocupación,abogado
Raúl Alfonsín,Ciudadanía,Argentina
Raúl Alfonsín,Educado en,Universidad de Buenos Aires
Raúl Alfonsín,Cargo,presidente de la Nación Argentina
Raúl Alfonsín,Premio recibido,Premio Václav-Havel de los derechos humanos
Raúl Alfonsín,Fecha de nacimiento,1927-03-12
Raúl Alfonsín,Fecha de defunción,2009-03-31
Raúl Alfonsín,Ocupación,político
Raúl Alfonsín,Premio recibido,Premio Princesa de Asturias de Cooperación Internacional
Raúl Alfonsín,Premio recibido,Caballero Gran Cruz de la Orden al Mérito de la República Italiana
Raúl Alfonsín,Premio recibido,Caballero de Gran Cruz con collar de la Orden al Mérito de la República Italiana
Raúl Alfonsín,Premio recibido,Collar de la Orden de Isabel la Católica
Raúl Alfonsín,Premio recibido,Gran Cruz con Diamantes de la Orden del Sol del Perú
Raúl Alfonsín,Premio recibido,Medalla de Oro de la Comunidad de Madrid
Raúl Alfonsín,Premio recibido,doctor honoris causa por la Universidad de Santiago de Compostela
Raúl Alfonsín,Premio recibido,doctor honoris causa por la Universidad Complutense de Madrid
Raúl Alfonsín,Premio recibido,honorary doctor of the University of Brasília
Raúl Alfonsín,Educado en,Universidad Nacional de La Plata
Raúl Alfonsín,Cargo,diputado de Argentina
Raúl Alfonsín,Cargo,senador de Argentina
Gabriel Milito,Lugar de nacimiento,Bernal
Gabriel Milito,Ocupación,entrenador
Gabriel Milito,Ciudadanía,Argentina
Gabriel Milito,Fecha de nacimiento,1980-09-07
Gabriel Milito,Ocupación,futbolista
Carlos Saavedra Lamas,Lugar de nacimiento,Buenos Aires
Carlos Saavedra Lamas,Ocupación,abogado
Carlos Saavedra Lamas,Ciudadanía,Argentina
Carlos Saavedra Lamas,Educado en,Universidad de Buenos Aires
Carlos Saavedra Lamas,Empleador,Universidad de Buenos Aires
Carlos Saavedra Lamas,Miembro de,Academia Nacional de Ciencias Morales y Políticas
Carlos Saavedra Lamas,Cargo,embajador
Carlos Saavedra Lamas,Premio recibido,Premio Nobel de la Paz
Carlos Saavedra Lamas,Fecha de nacimiento,1878-11-01
Carlos Saavedra Lamas,Fecha de defunción,1959-05-05
Carlos Saavedra Lamas,Ocupación,político
Carlos Saavedra Lamas,Ocupación,jurista
Carlos Saavedra Lamas,Ocupación,diplomático
Carlos Saavedra Lamas,Ocupación,profesor universitario
Carlos Saavedra Lamas,Educado en,Universidad Nacional de La Plata
Carlos Saavedra Lamas,Educado en,Colegio Nacional de Buenos Aires
Carlos Saavedra Lamas,Empleador,Universidad Nacional de La Plata
Carlos Saavedra Lamas,Cargo,diputado de Argentina
Carlos Saavedra Lamas,Cargo,ministro de Justicia y Derechos Humanos de Argentina
Evaristo Carriego,Lugar de nacimiento,Paraná
Evaristo Carriego,Ocupación,escritor
Evaristo Carriego,Ciudadanía,Argentina
Evaristo Carriego,Fecha de nacimiento,1883-05-07
Evaristo Carriego,Fecha de defunción,1912-10-13
Evaristo Carriego,Ocupación,poeta
Evaristo Carriego,Ocupación,periodista
Roberto Arlt,Lugar de nacimiento,Buenos Aires
Roberto Arlt,Ocupación,escritor
Roberto Arlt,Ciudadanía,Argentina
Roberto Arlt,Obra notable,El juguete rabioso
Roberto Arlt,Miembro de,Grupo de Boedo
Roberto Arlt,Fecha de nacimiento,1900-04-26
Roberto Arlt,Fecha de defunción,1942-07-26
Roberto Arlt,Ocupación,inventor
Roberto Arlt,Ocupación,dramaturgo
Roberto Arlt,Ocupación,periodista
Roberto Arlt,Ocupación,novelista
Roberto Arlt,Ocupación,escritor de cuentos
Roberto Arlt,Obra notable,Los siete locos
María Elena Walsh,Lugar de nacimiento,Villa Sarmiento
María Elena Walsh,Ocupación,guionista
María Elena Walsh,Ciudadanía,Argentina
María Elena Walsh,Obra notable,Como la cigarra
María Elena Walsh,Miembro de,Leda y María
María Elena Walsh,Premio recibido,Premio Konex
María Elena Walsh,Fecha de nacimiento,1930-02-01
María Elena Walsh,Fecha de defunción,2011-01-10
María Elena Walsh,Ocupación,escritor
María Elena Walsh,Ocupación,compositor
María Elena Walsh,Ocupación,poeta
María Elena Walsh,Ocupación,cantante
María Elena Walsh,Ocupación,cantautor
María Elena Walsh,Ocupación,compositor de bandas sonoras
María Elena Walsh,Ocupación,periodista
María Elena Walsh,Ocupación,escritor de literatura infantil
María Elena Walsh,Ocupación,novelista
María Elena Walsh,Premio recibido,Medalla de Oro al Mérito en las Bellas Artes
María Elena Walsh,Premio recibido,Ciudadano ilustre de la Ciudad de Buenos Aires
María Elena Walsh,Premio recibido,Gran Premio de Honor de la SADE
María Elena Walsh,Premio recibido,Doctor honorario por la Universidad Nacional de Córdoba (Argentina)
María Elena Walsh,Premio recibido,Premio Argentores
Esteban Echeverría,Lugar de nacimiento,Buenos Aires
Esteban Echeverría,Ocupación,escritor
Esteban Echeverría,Ciudadanía,Argentina
Esteban Echeverría,Educado en,Colegio Nacional de Buenos Aires
Esteban Echeverría,Fecha de nacimiento,1805-09-02
Esteban Echeverría,Fecha de defunción,1851-01-19
Esteban Echeverría,Ocupación,poeta
Leopoldo Lugones,Lugar de nacimiento,Villa de María
Leopoldo Lugones,Ocupación,escritor
Leopoldo Lugones,Ciudadanía,Argentina
Leopoldo Lugones,Obra notable,Las fuerzas extrañas
Leopoldo Lugones,Miembro de,Academia Nacional de la Historia de la República Argentina
Leopoldo Lugones,Premio recibido,Premio Nacional de Literatura
Leopoldo Lugones,Fecha de nacimiento,1874-06-13
Leopoldo Lugones,Fecha de defunción,1938-02-18
Leopoldo Lugones,Ocupación,poeta
Leopoldo Lugones,Ocupación,traductor
Leopoldo Lugones,Ocupación,periodista
Leopoldo Lugones,Ocupación,ensayista
Leopoldo Lugones,Obra notable,La guerra gaucha
Leopoldo Lugones,Obra notable,Cuentos
Bernardino Rivadavia,Lugar de nacimiento,Buenos Aires
Bernardino Rivadavia,Ocupación,político
Bernardino Rivadavia,Ciudadanía,Argentina
Bernardino Rivadavia,Educado en,Colegio Nacional de Buenos Aires
Bernardino Rivadavia,Cargo,presidente de la Nación Argentina
Bernardino Rivadavia,Fecha de nacimiento,1780-05-20
Bernardino Rivadavia,Fecha de defunción,1845-09-02
Bernardino Rivadavia,Ocupación,diplomático
Bernardino Rivadavia,Educado en,Colegio Nacional de Monserrat
Pedro Eugenio Aramburu,Lugar de nacimiento,Río Cuarto
Pedro Eugenio Aramburu,Ocupación,militar
Pedro Eugenio Aramburu,Ciudadanía,Argentina
Pedro Eugenio Aramburu,Educado en,Colegio Militar de la Nación
Pedro Eugenio Aramburu,Cargo,presidente de la Nación Argentina
Pedro Eugenio Aramburu,Fecha de nacimiento,1903-05-21
Pedro Eugenio Aramburu,Fecha de defunción,1970-06-01
Pedro Eugenio Aramburu,Ocupación,dictador
Ramón Antonio Castillo,Lugar de nacimiento,Ancasti
Ramón Antonio Castillo,Ocupación,abogado
Ramón Antonio Castillo,Ciudadanía,Argentina
Ramón Antonio Castillo,Educado en,Universidad de Buenos Aires
Ramón Antonio Castillo,Empleador,Universidad de Buenos Aires
Ramón Antonio Castillo,Cargo,vicepresidente de la Nación Argentina
Ramón Antonio Castillo,Premio recibido,Collar de la Orden de Isabel la Católica
Ramón Antonio Castillo,Fecha de nacimiento,1873-11-20
Ramón Antonio Castillo,Fecha de defunción,1944-10-12
Ramón Antonio Castillo,Ocupación,político
María Estela Martínez de Perón,Lugar de nacimiento,La Rioja
María Estela Martínez de Perón,Ocupación,bailarín
María Estela Martínez de Perón,Ciudadanía,España
María Estela Martínez de Perón,Cargo,vicepresidente de la Nación Argentina
María Estela Martínez de Perón,Premio recibido,Gran Cruz de la Orden de Isabel la Católica
María Estela Martínez de Perón,Fecha de nacimiento,1931-02-04
María Estela Martínez de Perón,Ocupación,político
María Estela Martínez de Perón,Ciudadanía,Argentina
María Estela Martínez de Perón,Premio recibido,Orden de Mayo
María Estela Martínez de Perón,Premio recibido,Orden del Libertador San Martín
María Estela Martínez de Perón,Premio recibido,Estrella de la República Socialista de Rumanía
María Estela Martínez de Perón,Cargo,Primera dama de la Nación Argentina
María Estela Martínez de Perón,Cargo,Presidencia de la Nación
Esteban Cambiasso,Lugar de nacimiento,Buenos Aires
Esteban Cambiasso,Ocupación,futbolista
Esteban Cambiasso,Ciudadanía,Argentina
Esteban Cambiasso,Fecha de nacimiento,1980-08-18
Esteban Cambiasso,Lugar de nacimiento,Partido de San Fernando
Carlos Saavedra Lamas,Cargo,"Ministro de Relaciones Exteriores, Comercio Internacional y Culto"
Wálter Samuel,Lugar de nacimiento,Firmat
Wálter Samuel,Ocupación,futbolista
Wálter Samuel,Ciudadanía,Argentina
Wálter Samuel,Fecha de nacimiento,1978-03-23
Wálter Samuel,Lugar de nacimiento,Laborde
Rómulo Antonio Braschi,Lugar de nacimiento,Buenos Aires
Rómulo Antonio Braschi,Ocupación,sacerdote católico
Rómulo Antonio Braschi,Ciudadanía,Argentina
Rómulo Antonio Braschi,Cargo,obispo
Rómulo Antonio Braschi,Fecha de nacimiento,1941-12-25
Lucas Ocampos,Lugar de nacimiento,Quilmes
Lucas Ocampos,Ocupación,futbolista
Lucas Ocampos,Ciudadanía,Argentina
Lucas Ocampos,Fecha de nacimiento,1994-07-11
Ramón Antonio Castillo,Ocupación,diplomático
Ramón Antonio Castillo,Cargo,presidente de la Nación Argentina
Ramón Antonio Castillo,Cargo,senador de Argentina
Roberto Ayala,Lugar de nacimiento,Paraná
Roberto Ayala,Ocupación,futbolista
Roberto Ayala,Ciudadanía,Argentina
Roberto Ayala,Fecha de nacimiento,1973-04-14
Mauro Camoranesi,Lugar de nacimiento,Tandil
Mauro Camoranesi,Ocupación,entrenador
Mauro Camoranesi,Ciudadanía,Italia
Mauro Camoranesi,Premio recibido,Gold Collar for Sports Merit
Mauro Camoranesi,Fecha de nacimiento,1976-10-04
Mauro Camoranesi,Ocupación,futbolista
Mauro Camoranesi,Premio recibido,Oficial de la Orden al Mérito de la República Italiana
Mauro Camoranesi,Ciudadanía,Argentina
Maxi Rodríguez,Lugar de nacimiento,Central
Maxi Rodríguez,Ocupación,futbolista
Maxi Rodríguez,Ciudadanía,Argentina
Maxi Rodríguez,Fecha de nacimiento,1981-01-02
Partido de San Fernando,país,Argentina
Partido de San Fernando,instancia de,municipio
Partido de San Fernando,instancia de,partido de la provincia de Buenos Aires
Partido de San Fernando,capital,San Fernando
Partido de San Fernando,situado en la entidad territorial administrativa,Provincia de Buenos Aires
dirigente deportivo,instancia de,profesión
dirigente deportivo,instancia de,cargo
dirigente deportivo,instancia de,ocupación
dirigente deportivo,subclase de,funcionario
dirigente deportivo,subclase de,gerente
presidente,instancia de,cargo
presidente,instancia de,título corporativo
presidente,instancia de,ocupación
presidente,subclase de,gerente
presidente,subclase de,líder de una organización
Futbolista del año en Sudamérica,instancia de,distinción
Futbolista del año en Sudamérica,deporte,fútbol
Futbolista del año en Sudamérica,conferido por,El País
Futbolista del año en Sudamérica,conferido por,El Mundo
Chascomús,país,Argentina
Chascomús,instancia de,ciudad de Argentina
Chascomús,situado en la entidad territorial administrativa,Partido de Chascomús
Chascomús,se encuentra en el huso horario,UTC−3
Chascomús,categoría principal del tema,Categoría:Partido de Chascomús
El juguete rabioso,instancia de,obra literaria
El juguete rabioso,autor,Roberto Arlt
El juguete rabioso,género,novela de aprendizaje
El juguete rabioso,género,realismo social
El juguete rabioso,idioma de la obra o del nombre,español
Grupo de Boedo,país,Argentina
Grupo de Boedo,instancia de,organización
Grupo de Boedo,país de origen,Argentina
Villa Sarmiento,país,Argentina
Villa Sarmiento,instancia de,asentamiento
Villa Sarmiento,situado en la entidad territorial administrativa,Partido de Morón
Villa Sarmiento,nombrado en referencia a,Domingo Faustino Sarmiento
Villa Sarmiento,se encuentra en el huso horario,UTC−3
Como la cigarra,instancia de,obra de composición musical
Como la cigarra,música de,María Elena Walsh
Como la cigarra,intérprete,María Elena Walsh
Como la cigarra,intérprete,Mercedes Sosa
Como la cigarra,idioma de la obra o del nombre,español
Leda y María,instancia de,dúo musical
Leda y María,país de origen,Argentina
Leda y María,compuesto por,María Elena Walsh
Leda y María,compuesto por,Leda Valladares
Villa de María,país,Argentina
Villa de María,instancia de,municipio
Villa de María,situado en la entidad territorial administrativa,Departamento Río Seco
Villa de María,se encuentra en el huso horario,UTC−3
Villa de María,categoría principal del tema,Categoría:Villa de María
Las fuerzas extrañas,instancia de,obra literaria
Las fuerzas extrañas,autor,Leopoldo Lugones
Las fuerzas extrañas,género,fantasía
Las fuerzas extrañas,país de origen,Argentina
Las fuerzas extrañas,edición o traducción,Las Fuerzas Extrañas
Ancasti,país,Argentina
Ancasti,instancia de,municipio
Ancasti,instancia de,asentamiento
Ancasti,instancia de,localidad
Ancasti,situado en la entidad territorial administrativa,Departamento Ancasti
La Rioja,país,Argentina
La Rioja,instancia de,gran ciudad
La Rioja,instancia de,ciudad de Argentina
La Rioja,situado en la entidad territorial administrativa,Departamento Capital
La Rioja,nombrado en referencia a,La Rioja
bailarín,instancia de,profesión
bailarín,instancia de,ocupación
bailarín,subclase de,artista escénico
bailarín,santo patrón,Vito de Lucania
Gran Cruz de la Orden de Isabel la Católica,país,España
Gran Cruz de la Orden de Isabel la Católica,instancia de,grado de una orden
Gran Cruz de la Orden de Isabel la Católica,subclase de,Gran Cruz
Gran Cruz de la Orden de Isabel la Católica,forma parte de,Orden de Isabel la Católica
Gran Cruz de la Orden de Isabel la Católica,categoría para los galardonados con este premio,Categoría:Caballeros grandes cruces de la Orden de Isabel la Católica
Firmat,país,Argentina
Firmat,instancia de,municipio
Firmat,situado en la entidad territorial administrativa,Departamento General López
Firmat,se encuentra en el huso horario,UTC−3
Laborde,país,Argentina
Laborde,instancia de,municipio
Laborde,situado en la entidad territorial administrativa,Departamento Unión
Laborde,se encuentra en el huso horario,UTC−3
Laborde,diferente de,Laborde
obispo,instancia de,cargo
obispo,instancia de,cargo eclesiástico
obispo,instancia de,función episcopal
obispo,instancia de,ocupación religiosa cristiana
obispo,religión,cristianismo
Tandil,país,Argentina
Tandil,instancia de,gran ciudad
Tandil,instancia de,sede de gobierno
Tandil,instancia de,localidad
Tandil,instancia de,ciudad de Argentina
Central,país,República Popular China
Central,instancia de,distrito financiero
Central,situado en la entidad territorial administrativa,Central y Oeste
guionista,ámbito de la ocupación,escritura de guiones
guionista,categoría principal del tema,Categoría:Guionistas
historietista,instancia de,profesión
historietista,subclase de,guionista
historietista,subclase de,ilustrador
historietista,subclase de,dibujante
historietista,subclase de,historietista
caballero de la Orden de Isabel la Católica,país,España
caballero de la Orden de Isabel la Católica,instancia de,grado de una orden
caballero de la Orden de Isabel la Católica,subclase de,caballero
caballero de la Orden de Isabel la Católica,subclase de,cruz
caballero de la Orden de Isabel la Católica,forma parte de,Orden de Isabel la Católica
Luis Federico Leloir,Lugar de nacimiento,París
Luis Federico Leloir,Ocupación,físico
Luis Federico Leloir,Ciudadanía,Francia
Luis Federico Leloir,Educado en,"Facultad de Ciencias Médicas, Universidad de Buenos Aires"
Luis Federico Leloir,Empleador,Universidad de Cambridge
Luis Federico Leloir,Miembro de,Royal Society
Luis Federico Leloir,Premio recibido,Orden Nacional de la Legión de Honor
Luis Federico Leloir,Fecha de nacimiento,1906-09-06
Luis Federico Leloir,Fecha de defunción,1987-12-02
Luis Federico Leloir,Ciudadanía,Argentina
Luis Federico Leloir,Empleador,Universidad de Columbia
Luis Federico Leloir,Empleador,Universidad de Buenos Aires
Luis Federico Leloir,Empleador,Universidad de Washington
Luis Federico Leloir,Empleador,Universidad Washington en San Luis
Luis Federico Leloir,Empleador,Instituto Leloir
Luis Federico Leloir,Miembro de,Academia de Ciencias de Francia
Luis Federico Leloir,Miembro de,Academia Nacional de Ciencias de los Estados Unidos
Luis Federico Leloir,Miembro de,TWAS
Luis Federico Leloir,Miembro de,Academia Estadounidense de las Artes y las Ciencias
Luis Federico Leloir,Miembro de,Sociedad Filosófica Estadounidense
Luis Federico Leloir,Miembro de,Academia Pontificia de las Ciencias
Luis Federico Leloir,Miembro de,Academia Argentina de Letras
Luis Federico Leloir,Miembro de,Academia Nacional de Medicina de Argentina
Bernardo Alberto Houssay,Lugar de nacimiento,Buenos Aires
Bernardo Alberto Houssay,Ocupación,químico
Bernardo Alberto Houssay,Ciudadanía,Argentina
Bernardo Alberto Houssay,Educado en,"Facultad de Ciencias Médicas, Universidad de Buenos Aires"
Bernardo Alberto Houssay,Empleador,Universidad de Buenos Aires
Bernardo Alberto Houssay,Miembro de,Royal Society
Bernardo Alberto Houssay,Premio recibido,Medalla Baly
Bernardo Alberto Houssay,Fecha de nacimiento,1887-04-10
Bernardo Alberto Houssay,Fecha de defunción,1971-09-21
Bernardo Alberto Houssay,Ocupación,biólogo
Bernardo Alberto Houssay,Ocupación,entomólogo
Bernardo Alberto Houssay,Ocupación,médico
Bernardo Alberto Houssay,Premio recibido,doctorado honoris causa por la Universidad Nacional Autónoma de México
Bernardo Alberto Houssay,Ocupación,farmacéutico
Bernardo Alberto Houssay,Premio recibido,doctorado honoris causa por la Universidad de Lyon
Bernardo Alberto Houssay,Premio recibido,doctor honoris causa por la Universidad de Alger
Bernardo Alberto Houssay,Educado en,Colegio Nacional de Buenos Aires
Bernardo Alberto Houssay,Miembro de,Real Academia de las Ciencias de Suecia
Bernardo Alberto Houssay,Miembro de,Academia Nacional de Ciencias de los Estados Unidos
Bernardo Alberto Houssay,Miembro de,Academia Alemana de las Ciencias Naturales Leopoldina
Bernardo Alberto Houssay,Miembro de,Academia Pontificia de las Ciencias
Bernardo Alberto Houssay,Miembro de,Academia Argentina de Letras
Bernardo Alberto Houssay,Miembro de,Academia de Ciencias de Turín
Bernardo Alberto Houssay,Miembro de,Académie Nationale de Médecine
Bernardo Alberto Houssay,Miembro de,Academia Estadounidense de las Artes y las Ciencias
Bernardo Alberto Houssay,Miembro de,Accademia Nazionale delle Scienze detta dei XL
Bernardo Alberto Houssay,Miembro de,Academia Nacional de Medicina de Argentina
Bernardo Alberto Houssay,Miembro de,Academia Nacional de Ciencias Morales y Políticas
Luis Federico Leloir,Ocupación,médico
Luis Federico Leloir,Premio recibido,Premio Nobel de Química
Luis Federico Leloir,Ocupación,químico
Luis Federico Leloir,Ocupación,profesor universitario
Luis Federico Leloir,Ocupación,bioquímico
Luis Federico Leloir,Miembro de,Sociedad Española de Bioquímica y Biología Molecular
Luis Federico Leloir,Premio recibido,Premio Louisa Gross Horwitz
Luis Federico Leloir,Premio recibido,Premio Internacional Gairdner de Canadá
Luis Federico Leloir,Premio recibido,TWAS fellow
Luis Federico Leloir,Premio recibido,Miembro extranjero de la Royal Society
Luis Federico Leloir,Premio recibido,doctor honoris causa por la Universidad de Granada
Luis Federico Leloir,Premio recibido,Gran Cruz de la Orden de Bernardo O'Higgins
Luis Federico Leloir,Premio recibido,Premio Konex de Brillante
Luis Federico Leloir,Premio recibido,doctorado honoris causa por la Universidad de Burdeos II
Luis Federico Leloir,Premio recibido,doctor honoris causa de la Universidad de París
Carlos Gardel,Lugar de nacimiento,Toulouse
Carlos Gardel,Ocupación,cantante
Carlos Gardel,Ciudadanía,Uruguay
Carlos Gardel,Miembro de,Gardel-Razzano
Carlos Gardel,Premio recibido,International Latin Music Hall of Fame
Carlos Gardel,Fecha de nacimiento,1890-12-11
Carlos Gardel,Fecha de defunción,1935-06-24
Carlos Gardel,Ocupación,cantautor
Carlos Gardel,Ocupación,actor
Carlos Gardel,Premio recibido,Salón de Fama del Grammy Latino
Carlos Gardel,Ocupación,compositor
Carlos Gardel,Premio recibido,Pabellón de la Fama de los Compositores Latinos
Carlos Gardel,Ciudadanía,Francia
Carlos Gardel,Ciudadanía,Argentina
Luisana Lopilato,Lugar de nacimiento,Buenos Aires
Luisana Lopilato,Ocupación,actor
Luisana Lopilato,Ciudadanía,Canadá
Luisana Lopilato,Miembro de,Erreway
Luisana Lopilato,Fecha de nacimiento,1987-05-18
Luisana Lopilato,Ocupación,cantante
Luisana Lopilato,Ocupación,actor de teatro
Luisana Lopilato,Ocupación,modelo
Luisana Lopilato,Ocupación,actor de cine
Luisana Lopilato,Ciudadanía,Argentina
Libertad Lamarque,Lugar de nacimiento,Rosario
Libertad Lamarque,Ocupación,cantante
Libertad Lamarque,Ciudadanía,México
Libertad Lamarque,Fecha de nacimiento,1908-11-24
Libertad Lamarque,Fecha de defunción,2000-12-12
Libertad Lamarque,Ocupación,actor de televisión
Libertad Lamarque,Ocupación,actor de cine
Libertad Lamarque,Ciudadanía,Argentina
Bernardo Alberto Houssay,Premio recibido,Premio Nobel en Fisiología o Medicina
Bernardo Alberto Houssay,Premio recibido,Beca Guggenheim
Bernardo Alberto Houssay,Premio recibido,Gran Cruz del Mérito con Estrella de la Orden del Mérito de la República Federal de Alemania
Bernardo Alberto Houssay,Premio recibido,Banting Medal
Bernardo Alberto Houssay,Premio recibido,Gran Cruz de la Orden Civil de Alfonso X el Sabio
Bernardo Alberto Houssay,Premio recibido,James Cook Medal
Bernardo Alberto Houssay,Premio recibido,doctor honoris causa por la Universidad de Montpellier
Bernardo Alberto Houssay,Premio recibido,doctorado honoris causa por la Universidad de Estrasburgo
Félix Luna,Lugar de nacimiento,Buenos Aires
Félix Luna,Ocupación,historiador
Félix Luna,Ciudadanía,Argentina
Félix Luna,Educado en,Universidad de Buenos Aires
Félix Luna,Empleador,Universidad de Buenos Aires
Félix Luna,Miembro de,Academia Nacional de la Historia de la República Argentina
Félix Luna,Premio recibido,Orden de Bernardo O'Higgins
Félix Luna,Fecha de nacimiento,1925-09-30
Félix Luna,Fecha de defunción,2009-11-05
Félix Luna,Ocupación,músico
Félix Luna,Ocupación,compositor de canciones
Félix Luna,Ocupación,letrista
Félix Luna,Ocupación,periodista
Félix Luna,Ocupación,artista visual
Félix Luna,Ocupación,escritor
Félix Luna,Premio recibido,Premio Konex
Félix Luna,Ocupación,abogado
Félix Luna,Ocupación,poeta
Félix Luna,Ocupación,político
Félix Luna,Ocupación,jurista
Félix Luna,Premio recibido,Gran Oficial de la Orden El Sol del Perú
Félix Luna,Educado en,Colegio del Salvador
Félix Luna,Premio recibido,Orden de la Cruz del Sur
Félix Luna,Miembro de,Academia Nacional de Ciencias Morales y Políticas
Gisela Dulko,Lugar de nacimiento,Tigre
Gisela Dulko,Ocupación,tenista
Gisela Dulko,Ciudadanía,Argentina
Gisela Dulko,Fecha de nacimiento,1985-01-30
Paola Suárez,Lugar de nacimiento,Pergamino
Paola Suárez,Ocupación,tenista
Paola Suárez,Ciudadanía,Argentina
Paola Suárez,Fecha de nacimiento,1976-06-23
Mercedes Sosa,Lugar de nacimiento,San Miguel de Tucumán
Mercedes Sosa,Ocupación,cantante
Mercedes Sosa,Ciudadanía,Argentina
Mercedes Sosa,Obra notable,Todo cambia
Mercedes Sosa,Cargo,embajador de buena voluntad de Unicef
Mercedes Sosa,Premio recibido,Premio Grammy latino por mejor álbum folclórico
Mercedes Sosa,Fecha de nacimiento,1935-07-09
Mercedes Sosa,Fecha de defunción,2009-10-04
Mercedes Sosa,Ocupación,artista discográfico
Mercedes Sosa,Premio recibido,Orden del Mérito Cultural
Mercedes Sosa,Premio recibido,comendador de las Artes y las Letras
Mercedes Sosa,Premio recibido,Premio Grammy Latino a la Excelencia Musical
Mercedes Sosa,Premio recibido,Premio Konex de Brillante
Teodoro Fuchs,Lugar de nacimiento,Chemnitz
Teodoro Fuchs,Ocupación,director de orquesta
Teodoro Fuchs,Ciudadanía,Argentina
Teodoro Fuchs,Fecha de nacimiento,1908-03-15
Teodoro Fuchs,Fecha de defunción,1969-10-28
Teodoro Fuchs,Ocupación,profesor de música
Kurt Pahlen,Lugar de nacimiento,Viena
Kurt Pahlen,Ocupación,compositor
Kurt Pahlen,Ciudadanía,Suiza
Kurt Pahlen,Premio recibido,Cruz de Comendador de la Orden del Mérito de la República Federal Alemana
Kurt Pahlen,Fecha de nacimiento,1907-05-27
Kurt Pahlen,Fecha de defunción,2003-07-24
Kurt Pahlen,Ocupación,director de orquesta
Kurt Pahlen,Ocupación,musicólogo
Kurt Pahlen,Premio recibido,Medalla de Oro de Honor por Servicios a la República de Austria
Kurt Pahlen,Premio recibido,Condecoración de Oro por Servicios a la Ciudad de Viena
Kurt Pahlen,Premio recibido,Doctor honoris causa de la Universidad de Buenos Aires
Kurt Pahlen,Ciudadanía,Argentina
Claudio Yacob,Lugar de nacimiento,Carcarañá
Claudio Yacob,Ocupación,futbolista
Claudio Yacob,Ciudadanía,Argentina
Claudio Yacob,Fecha de nacimiento,1987-07-18
Gino Peruzzi,Lugar de nacimiento,Córdoba
Gino Peruzzi,Ocupación,futbolista
Gino Peruzzi,Ciudadanía,Italia
Gino Peruzzi,Fecha de nacimiento,1992-06-09
Gino Peruzzi,Ciudadanía,Argentina
Omar Sívori,Lugar de nacimiento,San Nicolás de los Arroyos
Omar Sívori,Ocupación,entrenador
Omar Sívori,Ciudadanía,Argentina
Omar Sívori,Premio recibido,Balón de Oro
Omar Sívori,Fecha de nacimiento,1935-10-02
Omar Sívori,Fecha de defunción,2005-02-17
Omar Sívori,Ocupación,futbolista
Juan Pablo Sorín,Lugar de nacimiento,Buenos Aires
Juan Pablo Sorín,Ocupación,futbolista
Juan Pablo Sorín,Ciudadanía,Argentina
Juan Pablo Sorín,Fecha de nacimiento,1976-05-05
Hernán Maidana,Lugar de nacimiento,General Pinto
Hernán Maidana,Ocupación,Árbitro asistente
Hernán Maidana,Ciudadanía,Argentina
Hernán Maidana,Fecha de nacimiento,1972-02-14
Hernán Maidana,Ocupación,árbitro de fútbol
Lola Ponce,Lugar de nacimiento,Capitán Bermúdez
Lola Ponce,Ocupación,actor
Lola Ponce,Ciudadanía,Argentina
Lola Ponce,Premio recibido,Festival de la Canción de San Remo
Lola Ponce,Fecha de nacimiento,1982-06-25
Lola Ponce,Ocupación,cantante
Erich Eliskases,Lugar de nacimiento,Innsbruck
Erich Eliskases,Ocupación,ajedrecista
Erich Eliskases,Ciudadanía,Austria
Erich Eliskases,Fecha de nacimiento,1913-02-15
Erich Eliskases,Fecha de defunción,1997-02-02
Erich Eliskases,Ciudadanía,Brasil
Erich Eliskases,Ciudadanía,Alemania
Erich Eliskases,Ciudadanía,Argentina
Eliseo Mouriño,Lugar de nacimiento,Buenos Aires
Eliseo Mouriño,Ocupación,futbolista
Eliseo Mouriño,Ciudadanía,Argentina
Eliseo Mouriño,Fecha de nacimiento,1927-06-02
Eliseo Mouriño,Fecha de defunción,1961-04-03
Eliseo Mouriño,Fecha de nacimiento,1927-06-03
Cecilia Roth,Lugar de nacimiento,Buenos Aires
Cecilia Roth,Ocupación,actor
Cecilia Roth,Ciudadanía,España
Cecilia Roth,Premio recibido,Anexo:Premio del Cine Europeo a la mejor actriz europea
Cecilia Roth,Fecha de nacimiento,1956-08-08
Cecilia Roth,Ocupación,actor de cine
Cecilia Roth,Ciudadanía,Argentina
París,jefe de gobierno,Anne Hidalgo
París,país,Francia
París,continente,Europa
París,instancia de,departamento de Francia
París,instancia de,megaciudad
físico,instancia de,profesión
físico,subclase de,científico físico
físico,ámbito de la ocupación,física
físico,categoría principal del tema,Categoría:Físicos
físico,diferente de,médico
"Facultad de Ciencias Médicas, Universidad de Buenos Aires",país,Argentina
"Facultad de Ciencias Médicas, Universidad de Buenos Aires",instancia de,facultad universitaria
"Facultad de Ciencias Médicas, Universidad de Buenos Aires",instancia de,institución educativa
"Facultad de Ciencias Médicas, Universidad de Buenos Aires",situado en la entidad territorial administrativa,Buenos Aires
"Facultad de Ciencias Médicas, Universidad de Buenos Aires",ubicación de la sede,Recoleta
químico,instancia de,profesión
químico,instancia de,término químico
químico,instancia de,grupo de ocupaciones de la CIUO
químico,subclase de,profesionales de las ciencias físicas y de la tierra
químico,subclase de,científico físico
Toulouse,se encuentra en el huso horario,UTC+01:00
Toulouse,se encuentra en el huso horario,UTC+02:00
Toulouse,archivado en,archives municipales de Toulouse
Toulouse,evento significativo,Asedio de Toulouse (1219)
Toulouse,evento significativo,Asedio de Toulouse (1217)
Gardel-Razzano,instancia de,dúo musical
Gardel-Razzano,género,tango
Gardel-Razzano,país de origen,Argentina
Gardel-Razzano,compuesto por,Carlos Gardel
Gardel-Razzano,compuesto por,José Razzano
International Latin Music Hall of Fame,instancia de,distinción
Canadá,miembro de,Organización para la Seguridad y la Cooperación en Europa
Canadá,miembro de,Organización de los Estados Americanos
Canadá,miembro de,Organización Internacional de la Francofonía
Canadá,miembro de,Organización Meteorológica Mundial
Canadá,miembro de,Foro de Cooperación Económica Asia-Pacífico
Erreway,instancia de,grupo musical
Erreway,género,pop latino
Erreway,sello discográfico,Sony Music
Erreway,discografía,discografía de Erreway
Erreway,país de origen,Argentina
Tigre,país,Argentina
Tigre,instancia de,asentamiento
Tigre,situado en la entidad territorial administrativa,Partido de Tigre
Tigre,se encuentra en el huso horario,UTC−3
Tigre,categoría principal del tema,Categoría:Tigre (Buenos Aires)
Todo cambia,instancia de,pista musical con voz
Todo cambia,intérprete,Mercedes Sosa
Todo cambia,distribución,transmisión en continuo de música
Todo cambia,caracterizado por,versión
Todo cambia,caracterizado por,grabación de estudio
embajador de buena voluntad de Unicef,instancia de,profesión
embajador de buena voluntad de Unicef,instancia de,título de autoridad
embajador de buena voluntad de Unicef,instancia de,título honorífico
embajador de buena voluntad de Unicef,instancia de,cargo
embajador de buena voluntad de Unicef,subclase de,Embajador de Buena Voluntad
Chemnitz,país,Alemania
Chemnitz,instancia de,centro regional mayor
Chemnitz,instancia de,gran ciudad
Chemnitz,instancia de,municipio urbano de Alemania
director de orquesta,instancia de,profesión
director de orquesta,instancia de,cargo
director de orquesta,instancia de,profesión musical
director de orquesta,subclase de,músico
director de orquesta,subclase de,artista escénico
Cruz de Comendador de la Orden del Mérito de la República Federal Alemana,país,Alemania
Cruz de Comendador de la Orden del Mérito de la República Federal Alemana,instancia de,grado de una orden
Cruz de Comendador de la Orden del Mérito de la República Federal Alemana,subclase de,comendador
Cruz de Comendador de la Orden del Mérito de la República Federal Alemana,forma parte de,Orden del Mérito de la República Federal de Alemania
Cruz de Comendador de la Orden del Mérito de la República Federal Alemana,categoría para los galardonados con este premio,Categoría:Ganadores de Cruz de Comendador de la Orden del Mérito de la República Federal Alemana
Carcarañá,país,Argentina
Carcarañá,instancia de,municipio
Carcarañá,situado en la entidad territorial administrativa,Departamento San Lorenzo
Carcarañá,se encuentra en el huso horario,UTC−3
San Nicolás de los Arroyos,país,Argentina
San Nicolás de los Arroyos,instancia de,ciudad
San Nicolás de los Arroyos,instancia de,gran ciudad
San Nicolás de los Arroyos,situado en la entidad territorial administrativa,Partido de San Nicolás
San Nicolás de los Arroyos,ciudad hermana,Campomorone
General Pinto,país,Argentina
General Pinto,instancia de,asentamiento
General Pinto,situado en la entidad territorial administrativa,Partido de General Pinto
General Pinto,se encuentra en el huso horario,UTC−3
General Pinto,capital de,Partido de General Pinto
Árbitro asistente,instancia de,profesión
Árbitro asistente,precedido por,regla 5 del fútbol: El árbitro
Árbitro asistente,sucedido por,regla 7 del fútbol: Duración del partido
Árbitro asistente,subclase de,árbitro
Árbitro asistente,subclase de,oficial del partido
Capitán Bermúdez,país,Argentina
Capitán Bermúdez,instancia de,municipio
Capitán Bermúdez,situado en la entidad territorial administrativa,Departamento San Lorenzo
Capitán Bermúdez,se encuentra en el huso horario,UTC−3
Innsbruck,jefe de gobierno,Johannes Anzengruber
Innsbruck,país,Austria
Innsbruck,instancia de,ciudad
Innsbruck,instancia de,ciudad estatutaria de Austria
Innsbruck,instancia de,gemeinde de Austria
Anexo:Premio del Cine Europeo a la mejor actriz europea,instancia de,Premios del Cine Europeo
Anexo:Premio del Cine Europeo a la mejor actriz europea,instancia de,categoría de un premio de cine
Anexo:Premio del Cine Europeo a la mejor actriz europea,instancia de,premio a la mejor actriz protagonista
Anexo:Premio del Cine Europeo a la mejor actriz europea,forma parte de,Premios del Cine Europeo
Anexo:Premio del Cine Europeo a la mejor actriz europea,conferido por,Academia Europea de Cine
Eduardo Camaño,Lugar de nacimiento,Buenos Aires
Eduardo Camaño,Ocupación,abogado
Eduardo Camaño,Ciudadanía,Argentina
Eduardo Camaño,Cargo,presidente de la Nación Argentina
Eduardo Camaño,Fecha de nacimiento,1946-06-17
Eduardo Camaño,Ocupación,político
Eduardo Camaño,Cargo,diputado de Argentina
Justo José de Urquiza,Lugar de nacimiento,Provincia de Entre Ríos
Justo José de Urquiza,Ocupación,militar
Justo José de Urquiza,Ciudadanía,Argentina
Justo José de Urquiza,Educado en,Colegio Nacional de Buenos Aires
Justo José de Urquiza,Cargo,Gobernador de la Provincia de Buenos Aires
Justo José de Urquiza,Fecha de nacimiento,1801-10-18
Justo José de Urquiza,Fecha de defunción,1870-04-11
Justo José de Urquiza,Ocupación,político
Justo José de Urquiza,Cargo,presidente de la Nación Argentina
Diego Pozo,Lugar de nacimiento,Mendoza
Diego Pozo,Ocupación,futbolista
Diego Pozo,Ciudadanía,Argentina
Diego Pozo,Fecha de nacimiento,1978-02-16
Guido Pella,Lugar de nacimiento,Bahía Blanca
Guido Pella,Ocupación,tenista
Guido Pella,Ciudadanía,Argentina
Guido Pella,Fecha de nacimiento,1990-05-17
Juan Pablo Carrizo,Lugar de nacimiento,Santa Fe
Juan Pablo Carrizo,Ocupación,futbolista
Juan Pablo Carrizo,Ciudadanía,Argentina
Juan Pablo Carrizo,Fecha de nacimiento,1984-05-06
Honorio Siccardi,Lugar de nacimiento,Buenos Aires
Honorio Siccardi,Ocupación,compositor
Honorio Siccardi,Ciudadanía,Argentina
Honorio Siccardi,Fecha de nacimiento,1897-09-13
Honorio Siccardi,Fecha de defunción,1963-09-10
Honorio Siccardi,Ocupación,profesor
Honorio Siccardi,Ocupación,musicólogo
Erik Lamela,Lugar de nacimiento,Buenos Aires
Erik Lamela,Ocupación,futbolista
Erik Lamela,Ciudadanía,Argentina
Erik Lamela,Fecha de nacimiento,1992-03-04
Raúl Montenegro,Lugar de nacimiento,Córdoba
Raúl Montenegro,Ocupación,abogado
Raúl Montenegro,Ciudadanía,Argentina
Raúl Montenegro,Empleador,Universidad Nacional de Córdoba
Raúl Montenegro,Premio recibido,Premio Right Livelihood
Raúl Montenegro,Fecha de nacimiento,1949-03-12
Raúl Montenegro,Ocupación,biólogo
Raúl Montenegro,Ocupación,profesor universitario
Raúl Montenegro,Ocupación,ambientalista
Raúl Montenegro,Premio recibido,Nuclear-Free Future Award
Arturo Berutti,Lugar de nacimiento,San Juan
Arturo Berutti,Ocupación,compositor
Arturo Berutti,Ciudadanía,Argentina
Arturo Berutti,Educado en,"Escuela superior de música y teatro ""Felix Mendelssohn"""
Arturo Berutti,Fecha de nacimiento,1858-03-14
Arturo Berutti,Fecha de defunción,1938-01-03
Arturo Berutti,Fecha de nacimiento,1862-03-27
Gabriel Pozzo,Lugar de nacimiento,Argentina
Gabriel Pozzo,Ocupación,piloto de automovilismo
Gabriel Pozzo,Ciudadanía,Argentina
Gabriel Pozzo,Fecha de nacimiento,1979-03-26
Juan José Haedo,Lugar de nacimiento,Chascomús
Juan José Haedo,Ocupación,ciclista
Juan José Haedo,Ciudadanía,Argentina
Juan José Haedo,Fecha de nacimiento,1981-01-26
Sergio Bagú,Lugar de nacimiento,Buenos Aires
Sergio Bagú,Ocupación,historiador
Sergio Bagú,Ciudadanía,Argentina
Sergio Bagú,Empleador,Universidad de Buenos Aires
Sergio Bagú,Fecha de nacimiento,1911-01-10
Sergio Bagú,Fecha de defunción,2002-12-02
Sergio Bagú,Ocupación,sociólogo
Sergio Bagú,Ocupación,filósofo
Argentina Brunetti,Lugar de nacimiento,Buenos Aires
Argentina Brunetti,Ocupación,actor de cine
Argentina Brunetti,Ciudadanía,Argentina
Argentina Brunetti,Fecha de nacimiento,1907-08-31
Argentina Brunetti,Fecha de defunción,2005-12-20
Gabriel Paletta,Lugar de nacimiento,Buenos Aires
Gabriel Paletta,Ocupación,futbolista
Gabriel Paletta,Ciudadanía,Italia
Gabriel Paletta,Fecha de nacimiento,1986-02-15
Gabriel Paletta,Ciudadanía,Argentina
Federico Fazio,Lugar de nacimiento,Buenos Aires
Federico Fazio,Ocupación,futbolista
Federico Fazio,Ciudadanía,Argentina
Federico Fazio,Fecha de nacimiento,1987-03-17
César Delgado,Lugar de nacimiento,Rosario
César Delgado,Ocupación,futbolista
César Delgado,Ciudadanía,Argentina
César Delgado,Fecha de nacimiento,1981-08-18
Alejandro Agustín Lanusse,Lugar de nacimiento,Buenos Aires
Alejandro Agustín Lanusse,Ocupación,político
Alejandro Agustín Lanusse,Ciudadanía,Argentina
Alejandro Agustín Lanusse,Educado en,Colegio Militar de la Nación
Alejandro Agustín Lanusse,Cargo,presidente de la Nación Argentina
Alejandro Agustín Lanusse,Premio recibido,Collar de la Orden de Isabel la Católica
Alejandro Agustín Lanusse,Fecha de nacimiento,1918-08-28
Alejandro Agustín Lanusse,Fecha de defunción,1996-08-26
Alejandro Agustín Lanusse,Ocupación,oficial militar
Alejandro Agustín Lanusse,Ocupación,diplomático
Alejandro Agustín Lanusse,Premio recibido,Gran Cruz con Diamantes de la Orden del Sol del Perú
Alejandro Agustín Lanusse,Cargo,embajador de Argentina ante la Santa Sede
Alejandro Agustín Lanusse,Cargo,Jefe del Estado Mayor General del Ejército
Ada María Elflein,Lugar de nacimiento,Buenos Aires
Ada María Elflein,Ocupación,escritor
Ada María Elflein,Ciudadanía,Argentina
Ada María Elflein,Educado en,Colegio Nacional de Buenos Aires
Ada María Elflein,Fecha de nacimiento,1880-02-22
Ada María Elflein,Fecha de defunción,1919-07-24
Ada María Elflein,Ocupación,poeta
Ada María Elflein,Ocupación,traductor
Ada María Elflein,Ocupación,periodista
Ada María Elflein,Ocupación,lingüista
Diego Placente,Lugar de nacimiento,Buenos Aires
Diego Placente,Ocupación,futbolista
Diego Placente,Ciudadanía,Argentina
Diego Placente,Fecha de nacimiento,1977-04-24
Provincia de Entre Ríos,jefe de gobierno,Rogelio Frigerio
Provincia de Entre Ríos,país,Argentina
Provincia de Entre Ríos,instancia de,provincia de Argentina
Provincia de Entre Ríos,capital,Paraná
Provincia de Entre Ríos,comparte fronteras con,Departamento de Paysandú
Premio Right Livelihood,país,Suecia
Premio Right Livelihood,instancia de,premio político
Premio Right Livelihood,fundador,Jakob von Uexkull
Premio Right Livelihood,categoría principal del tema,Categoría:Premio Right Livelihood
Premio Right Livelihood,conferido por,Right Livelihood Award Foundation
"Escuela superior de música y teatro ""Felix Mendelssohn""",país,Alemania
"Escuela superior de música y teatro ""Felix Mendelssohn""",instancia de,conservatorio de música
"Escuela superior de música y teatro ""Felix Mendelssohn""",instancia de,universidad pública
Benjamín Villafañe,Lugar de nacimiento,San Miguel de Tucumán
Benjamín Villafañe,Ocupación,político
Benjamín Villafañe,Ciudadanía,Argentina
Benjamín Villafañe,Cargo,senador de Argentina
Benjamín Villafañe,Fecha de nacimiento,1814-03-31
Benjamín Villafañe,Fecha de defunción,1893-06-06
Mario Benjamín Menéndez,Lugar de nacimiento,Chañar Ladeado
Mario Benjamín Menéndez,Ocupación,oficial militar
Mario Benjamín Menéndez,Ciudadanía,Argentina
Mario Benjamín Menéndez,Educado en,Colegio Militar de la Nación
Mario Benjamín Menéndez,Cargo,segundo comandante
Mario Benjamín Menéndez,Fecha de nacimiento,1930-04-03
Mario Benjamín Menéndez,Fecha de defunción,2015-09-18
Mario Benjamín Menéndez,Cargo,"Gobernador militar de las Islas Malvinas, Georgias del Sur y Sandwich del Sur"
Mario Benjamín Menéndez,Cargo,jefe de operaciones
Jorge Locomotora Castro,Lugar de nacimiento,Caleta Olivia
Jorge Locomotora Castro,Ocupación,boxeador
Jorge Locomotora Castro,Ciudadanía,Argentina
Jorge Locomotora Castro,Fecha de nacimiento,1967-08-18
Miguel Ángel Virasoro,Lugar de nacimiento,Buenos Aires
Miguel Ángel Virasoro,Ocupación,físico
Miguel Ángel Virasoro,Ciudadanía,Italia
Miguel Ángel Virasoro,Educado en,Universidad de Buenos Aires
Miguel Ángel Virasoro,Empleador,Instituto Weizmann de Ciencias
Miguel Ángel Virasoro,Miembro de,Academia Estadounidense de las Artes y las Ciencias
Miguel Ángel Virasoro,Premio recibido,Beca Guggenheim
Miguel Ángel Virasoro,Fecha de nacimiento,1940-05-09
Miguel Ángel Virasoro,Fecha de defunción,2021-07-23
Miguel Ángel Virasoro,Ocupación,profesor universitario
Miguel Ángel Virasoro,Ocupación,físico teórico
Miguel Ángel Virasoro,Premio recibido,Premio Enrico Fermi
Miguel Ángel Virasoro,Premio recibido,Premio Dirac de ICTP
Miguel Ángel Virasoro,Ciudadanía,Argentina
Miguel Ángel Virasoro,Educado en,Colegio Nacional de Buenos Aires
Miguel Ángel Virasoro,Empleador,Escuela Normal Superior de París
Miguel Ángel Virasoro,Empleador,Universidad de California en Berkeley
Miguel Ángel Virasoro,Empleador,Universidad de Buenos Aires
Miguel Ángel Virasoro,Empleador,Universidad de Roma La Sapienza
Miguel Ángel Virasoro,Empleador,Universidad de Turín
Miguel Ángel Virasoro,Empleador,Universidad de Wisconsin-Madison
Miguel Ángel Virasoro,Empleador,Centro Internacional de Física Teórica
Miguel Ángel Virasoro,Empleador,Universidad Nacional de General Sarmiento
Guillermo Vilas,Lugar de nacimiento,Mar del Plata
Guillermo Vilas,Ocupación,poeta
Guillermo Vilas,Ciudadanía,Argentina
Guillermo Vilas,Premio recibido,Salón Internacional de la Fama del tenis
Guillermo Vilas,Fecha de nacimiento,1952-08-17
Guillermo Vilas,Ocupación,tenista
Guillermo Klein,Lugar de nacimiento,Buenos Aires
Guillermo Klein,Ocupación,compositor
Guillermo Klein,Ciudadanía,Argentina
Guillermo Klein,Educado en,Berklee College of Music
Guillermo Klein,Fecha de nacimiento,1969-01-01
Guillermo Klein,Ocupación,cantante
Guillermo Klein,Ocupación,pianista
Guillermo Klein,Ocupación,guitarrista de jazz
Guillermo Klein,Ocupación,músico de jazz
Nicolás Burdisso,Lugar de nacimiento,Altos de Chipión
Nicolás Burdisso,Ocupación,futbolista
Nicolás Burdisso,Ciudadanía,Argentina
Nicolás Burdisso,Fecha de nacimiento,1981-04-12
Adolfo Pérez Esquivel,Lugar de nacimiento,Buenos Aires
Adolfo Pérez Esquivel,Ocupación,escritor
Adolfo Pérez Esquivel,Ciudadanía,Argentina
Adolfo Pérez Esquivel,Educado en,Universidad Nacional de La Plata
Adolfo Pérez Esquivel,Empleador,Universidad de Buenos Aires
Adolfo Pérez Esquivel,Miembro de,Comisión Provincial por la Memoria
Adolfo Pérez Esquivel,Premio recibido,Premio Nobel de la Paz
Adolfo Pérez Esquivel,Fecha de nacimiento,1931-11-26
Adolfo Pérez Esquivel,Ocupación,arquitecto
Adolfo Pérez Esquivel,Ocupación,pintor
Adolfo Pérez Esquivel,Ocupación,escultor
Adolfo Pérez Esquivel,Ocupación,profesor universitario
Adolfo Pérez Esquivel,Premio recibido,Premio Pacem in Terris
Adolfo Pérez Esquivel,Premio recibido,Medalla de Honor del Parlamento de Cataluña
Adolfo Pérez Esquivel,Premio recibido,doctor honoris causa de la Universidad Nacional Mayor de San Marcos
Fernando Paternoster,Lugar de nacimiento,Pehuajó
Fernando Paternoster,Ocupación,entrenador
Fernando Paternoster,Ciudadanía,Argentina
Fernando Paternoster,Fecha de nacimiento,1903-05-24
Fernando Paternoster,Fecha de defunción,1967-06-06
Fernando Paternoster,Ocupación,futbolista
Jonás Gutiérrez,Lugar de nacimiento,Buenos Aires
Jonás Gutiérrez,Ocupación,futbolista
Jonás Gutiérrez,Ciudadanía,Argentina
Jonás Gutiérrez,Fecha de nacimiento,1983-07-05
Martín Palermo,Lugar de nacimiento,La Plata
Martín Palermo,Ocupación,entrenador
Martín Palermo,Ciudadanía,Argentina
Martín Palermo,Cargo,embajador de buena voluntad de Unicef
Martín Palermo,Fecha de nacimiento,1973-11-07
Martín Palermo,Ocupación,futbolista
Mariano Etkin,Lugar de nacimiento,Buenos Aires
Mariano Etkin,Ocupación,compositor
Mariano Etkin,Ciudadanía,Argentina
Mariano Etkin,Educado en,Universidad de Utrecht
Mariano Etkin,Empleador,Universidad Nacional de La Plata
Mariano Etkin,Fecha de nacimiento,1943-11-05
Mariano Etkin,Fecha de defunción,2016-05-25
Mariano Etkin,Educado en,Escuela Juilliard
Manu Ginóbili,Lugar de nacimiento,Bahía Blanca
Manu Ginóbili,Ocupación,baloncestista
Manu Ginóbili,Ciudadanía,Italia
Manu Ginóbili,Cargo,embajador de buena voluntad de Unicef
Manu Ginóbili,Premio recibido,Premio Konex de Brillante
Manu Ginóbili,Fecha de nacimiento,1977-07-28
Manu Ginóbili,Ciudadanía,Argentina
Tamara Bunke,Lugar de nacimiento,Buenos Aires
Tamara Bunke,Ocupación,militar
Tamara Bunke,Ciudadanía,Argentina
Tamara Bunke,Educado en,Universidad Humboldt de Berlín
Tamara Bunke,Empleador,Guerrilla de Ñancahuazú
Tamara Bunke,Fecha de nacimiento,1937-11-19
Tamara Bunke,Fecha de defunción,1967-08-11
Tamara Bunke,Ocupación,guerrillero
Tamara Bunke,Ocupación,traductor
Tamara Bunke,Ocupación,periodista
Tamara Bunke,Ocupación,revolucionario
Tamara Bunke,Ocupación,espía
Tamara Bunke,Fecha de defunción,1967-08-31
Tamara Bunke,Ciudadanía,República Democrática Alemana
Grete Stern,Lugar de nacimiento,Elberfeld
Grete Stern,Ocupación,fotógrafo
Grete Stern,Ciudadanía,Argentina
Grete Stern,Educado en,Bauhaus
Grete Stern,Fecha de nacimiento,1904-05-09
Grete Stern,Fecha de defunción,1999-12-24
Grete Stern,Ocupación,artista
Grete Stern,Ocupación,pintor
Grete Stern,Ocupación,diseñador
Grete Stern,Educado en,Academia Estatal de Bellas Artes de Stuttgart
Ricardo Odnoposoff,Lugar de nacimiento,Buenos Aires
Ricardo Odnoposoff,Ocupación,músico
Ricardo Odnoposoff,Ciudadanía,Austria
Ricardo Odnoposoff,Empleador,Universidad de Música y Arte Dramático de Viena
Ricardo Odnoposoff,Miembro de,Orquesta Filarmónica de Viena
Ricardo Odnoposoff,Cargo,Concertmaster of the Vienna Philharmonic Orchestra
Ricardo Odnoposoff,Premio recibido,Orden al mérito de Baden-Wurtemberg
Ricardo Odnoposoff,Fecha de nacimiento,1914-02-24
Ricardo Odnoposoff,Fecha de defunción,2004-10-26
Ricardo Odnoposoff,Ocupación,concertino
Ricardo Odnoposoff,Ocupación,violinista
Ricardo Odnoposoff,Ocupación,profesor universitario
Ricardo Odnoposoff,Ocupación,profesor de música
Ricardo Odnoposoff,Ciudadanía,Argentina
Fabricio Coloccini,Lugar de nacimiento,Alta Gracia
Fabricio Coloccini,Ocupación,futbolista
Fabricio Coloccini,Ciudadanía,Argentina
Fabricio Coloccini,Fecha de nacimiento,1982-01-22
Tamara Bunke,Educado en,Universidad de La Habana
Margarita Wallmann,Lugar de nacimiento,Berlín
Margarita Wallmann,Ocupación,bailarín de ballet
Margarita Wallmann,Ciudadanía,Austria
Margarita Wallmann,Fecha de nacimiento,1904-06-22
Margarita Wallmann,Fecha de defunción,1992-05-02
Margarita Wallmann,Ocupación,coreógrafo
Margarita Wallmann,Ocupación,escenógrafo
Margarita Wallmann,Ocupación,realizador
Margarita Wallmann,Ciudadanía,Alemania
Margarita Wallmann,Ciudadanía,Argentina
Luis Vernet,Lugar de nacimiento,Hamburgo
Luis Vernet,Ocupación,político
Luis Vernet,Ciudadanía,Argentina
Luis Vernet,Fecha de nacimiento,1791-03-06
Luis Vernet,Fecha de defunción,1871-01-17
Luis Vernet,Ocupación,comerciante
Sergio Romero,Lugar de nacimiento,Bernardo de Irigoyen
Sergio Romero,Ocupación,futbolista
Sergio Romero,Ciudadanía,Argentina
Sergio Romero,Fecha de nacimiento,1987-02-22
Grete Stern,Ciudadanía,Alemania
senador de Argentina,país,Argentina
senador de Argentina,instancia de,cargo
senador de Argentina,subclase de,senador
senador de Argentina,forma parte de,Senado de Argentina
senador de Argentina,categoría principal del tema,Categoría:Senadores nacionales de Argentina
Chañar Ladeado,país,Argentina
Chañar Ladeado,instancia de,municipio
Chañar Ladeado,situado en la entidad territorial administrativa,Departamento Caseros
Chañar Ladeado,se encuentra en el huso horario,UTC−3
Chañar Ladeado,categoría principal del tema,Categoría:Chañar Ladeado
segundo comandante,instancia de,posición militar
segundo comandante,subclase de,oficial militar
segundo comandante,faceta de,ejecutivo
Caleta Olivia,país,Argentina
Caleta Olivia,instancia de,ciudad
Caleta Olivia,instancia de,municipio
Caleta Olivia,situado en la entidad territorial administrativa,Departamento Deseado
Caleta Olivia,se encuentra en el huso horario,UTC−3
Instituto Weizmann de Ciencias,gerente/director,Daniel Zajfman
Instituto Weizmann de Ciencias,gerente/director,Israel Dostrovsky
Instituto Weizmann de Ciencias,gerente/director,Alon Chen
poeta,instancia de,profesión
poeta,subclase de,escritor
poeta,ámbito de la ocupación,poesía
poeta,categoría principal del tema,Categoría:Poetas
Salón Internacional de la Fama del tenis,categoría para los galardonados con este premio,Categoría:Miembros del Salón de la Fama del tenis
Salón Internacional de la Fama del tenis,acreditación,Alianza Americana de Museos
Salón Internacional de la Fama del tenis,categoría de miembros,Categoría:Miembros del Salón de la Fama del tenis
Salón Internacional de la Fama del tenis,país,Estados Unidos
Salón Internacional de la Fama del tenis,instancia de,organización sin fines de lucro
Berklee College of Music,país,Estados Unidos
Berklee College of Music,instancia de,universidad privada
Berklee College of Music,instancia de,academia de música
Berklee College of Music,instancia de,institución educativa privada sin fines de lucro
Berklee College of Music,fundador,Lawrence Berk
Altos de Chipión,país,Argentina
Altos de Chipión,instancia de,municipio
Altos de Chipión,instancia de,localidad
Altos de Chipión,situado en la entidad territorial administrativa,Departamento San Justo
Altos de Chipión,santo patrón,Eduardo el Confesor
Pehuajó,país,Argentina
Pehuajó,instancia de,ciudad de Argentina
Pehuajó,situado en la entidad territorial administrativa,Partido de Pehuajó
Pehuajó,capital de,Partido de Pehuajó
Universidad de Utrecht,país,Países Bajos
Universidad de Utrecht,instancia de,universidad pública de investigación
Universidad de Utrecht,fundador,Erasmo de Róterdam
Universidad de Utrecht,situado en la entidad territorial administrativa,Utrecht
Universidad de Utrecht,ubicación de la sede,Utrecht
Premio Konex de Brillante,país,Argentina
Premio Konex de Brillante,instancia de,distinción
Premio Konex de Brillante,forma parte de,Premio Konex
Premio Konex de Brillante,categoría principal del tema,Categoría:Premio Konex de Brillante
Premio Konex de Brillante,lista del elemento,Anexo:Galardonados con el Konex de Brillante
Guerrilla de Ñancahuazú,país,Bolivia
Guerrilla de Ñancahuazú,instancia de,movimiento guerrillero
Guerrilla de Ñancahuazú,ubicación,Bolivia
Guerrilla de Ñancahuazú,forma parte de,Guerra Fría
Guerrilla de Ñancahuazú,presidente,Che Guevara
Elberfeld,país,Alemania
Elberfeld,instancia de,barrio
Elberfeld,situado en la entidad territorial administrativa,Elberfeld
Elberfeld,situado cerca del cuerpo de agua,Wupper
Elberfeld,se encuentra en el huso horario,UTC+01:00
fotógrafo,instancia de,ocupación
fotógrafo,instancia de,agente
fotógrafo,subclase de,artista visual
fotógrafo,santo patrón,Verónica
Bauhaus,país,Alemania
Bauhaus,instancia de,estilo arquitectónico
Bauhaus,instancia de,institución
Bauhaus,instancia de,movimiento artístico
Bauhaus,instancia de,institución educativa de artes
músico,instancia de,ocupación
músico,instancia de,profesión musical
músico,ocupación,pintor
músico,subclase de,artista
músico,ámbito de la ocupación,música
Universidad de Música y Arte Dramático de Viena,país,Austria
Universidad de Música y Arte Dramático de Viena,instancia de,conservatorio de música
Universidad de Música y Arte Dramático de Viena,instancia de,universidad pública
Universidad de Música y Arte Dramático de Viena,instancia de,escuela de arte dramático
Universidad de Música y Arte Dramático de Viena,fundador,Gesellschaft der Musikfreunde
Orquesta Filarmónica de Viena,país,Austria
Orquesta Filarmónica de Viena,instancia de,organización sin fines de lucro
Orquesta Filarmónica de Viena,instancia de,orquesta sinfónica
Orquesta Filarmónica de Viena,fundador,Carl Otto Nicolai
Orquesta Filarmónica de Viena,género,música clásica
Berlín,jefe de gobierno,Kai Peter Wegner
Berlín,país,Alemania
Berlín,continente,Europa
Berlín,instancia de,ciudad-Estado
Berlín,instancia de,metrópoli
bailarín de ballet,instancia de,profesión
bailarín de ballet,género,ballet
bailarín de ballet,subclase de,bailarín
bailarín de ballet,ámbito de la ocupación,ballet
bailarín de ballet,categoría principal del tema,Categoría:Bailarines de ballet
Bernardo de Irigoyen,país,Argentina
Bernardo de Irigoyen,instancia de,municipio
Bernardo de Irigoyen,situado en la entidad territorial administrativa,Departamento General Manuel Belgrano
Bernardo de Irigoyen,se encuentra en el huso horario,UTC−3
Bernardo de Irigoyen,capital de,Departamento General Manuel Belgrano
Roberto Sariguella,Lugar de nacimiento,San Miguel de Tucumán
Roberto Sariguella,Ocupación,futbolista
Roberto Sariguella,Ciudadanía,Argentina
Roberto Sariguella,Fecha de nacimiento,1991-01-07
Instituto Weizmann de Ciencias,país,Israel
Instituto Weizmann de Ciencias,instancia de,campus
Instituto Weizmann de Ciencias,instancia de,universidad pública
Instituto Weizmann de Ciencias,instancia de,instituto
Instituto Weizmann de Ciencias,fundador,Jaim Weizmann
químico,lista de interés para el proyecto Wikimedia,Wikipedia:Lista de artículos que toda Wikipedia debería tener/Expandida
químico,elemento ejemplo,Marie Curie
químico,categoría que contiene subcategorías epónimas,Categoría:Categorías de químicos
químico,categoría relacionada,Categoría:Ingenieros químicos
Colegio del Salvador,país,Argentina
Colegio del Salvador,instancia de,escuela
Colegio del Salvador,fundador,Compañía de Jesús
Colegio del Salvador,situado en la entidad territorial administrativa,Balvanera
Colegio del Salvador,religión,catolicismo
Festival de la Canción de San Remo,instancia de,programa de televisión
Festival de la Canción de San Remo,instancia de,festival de música
Festival de la Canción de San Remo,instancia de,concurso anual de música
Festival de la Canción de San Remo,fundador,Angelo Nizza
Eva Perón,Lugar de nacimiento,Junín
Eva Perón,Ocupación,actor de teatro
Eva Perón,Ciudadanía,Argentina
Eva Perón,Miembro de,Orden de Isabel la Católica
Eva Perón,Cargo,presidente
Eva Perón,Premio recibido,Orden de los Omeyas
Eva Perón,Fecha de nacimiento,1919-05-07
Eva Perón,Fecha de defunción,1952-07-26
Eva Perón,Ocupación,actor de cine
Eva Perón,Ocupación,sindicalista
Eva Perón,Ocupación,sufragista
Eva Perón,Ocupación,activista por los derechos de las mujeres
Eva Perón,Ocupación,político
Eva Perón,Premio recibido,Gran Cruz de la Orden de Isabel la Católica
Eva Perón,Premio recibido,Gran Cruz de la Orden de Orange-Nassau
Eva Perón,Premio recibido,Gran Cruz de la Orden del Cóndor de los Andes
Eva Perón,Premio recibido,Grand Cross of the National Order of Honor and Merit
Eva Perón,Cargo,Líder Espiritual de la Nación Argentina
Eva Perón,Cargo,Primera dama de la Nación Argentina
Adrian Schinoff,Lugar de nacimiento,Rosario
Adrian Schinoff,Ocupación,músico
Adrian Schinoff,Ciudadanía,Argentina
Adrian Schinoff,Fecha de nacimiento,1972-01-07
Adrian Schinoff,Ocupación,compositor de canciones
Benito Villafañe,Lugar de nacimiento,La Rioja
Benito Villafañe,Ocupación,militar
Benito Villafañe,Ciudadanía,Argentina
Benito Villafañe,Fecha de nacimiento,1790-07-09
Benito Villafañe,Fecha de defunción,1831-05-01
Manuel José Gómez Rufino,Lugar de nacimiento,San Juan
Manuel José Gómez Rufino,Ocupación,político
Manuel José Gómez Rufino,Ciudadanía,Argentina
Manuel José Gómez Rufino,Cargo,Gobernador de la Provincia de San Juan
Manuel José Gómez Rufino,Fecha de nacimiento,1820-01-01
Manuel José Gómez Rufino,Fecha de defunción,1882-01-01
Reinaldo Gorno,Lugar de nacimiento,Yapeyú
Reinaldo Gorno,Ocupación,fondista
Reinaldo Gorno,Ciudadanía,Argentina
Reinaldo Gorno,Fecha de nacimiento,1918-06-18
Reinaldo Gorno,Fecha de defunción,1994-04-10
Reinaldo Gorno,Ocupación,maratonista
Carlos María Franzini,Lugar de nacimiento,Buenos Aires
Carlos María Franzini,Ocupación,sacerdote católico
Carlos María Franzini,Ciudadanía,Argentina
Carlos María Franzini,Cargo,obispo diocesano
Carlos María Franzini,Fecha de nacimiento,1951-09-06
Carlos María Franzini,Fecha de defunción,2017-12-08
Carlos María Franzini,Ocupación,obispo católico
Carlos María Franzini,Ocupación,profesor de religión
Carlos María Franzini,Cargo,arzobispo católico
Lucas Wilchez,Lugar de nacimiento,La Plata
Lucas Wilchez,Ocupación,futbolista
Lucas Wilchez,Ciudadanía,Argentina
Lucas Wilchez,Fecha de nacimiento,1981-08-31
Lucas Wilchez,Fecha de nacimiento,1983-08-31
Franco Zuculini,Lugar de nacimiento,La Rioja
Franco Zuculini,Ocupación,futbolista
Franco Zuculini,Ciudadanía,Italia
Franco Zuculini,Fecha de nacimiento,1990-09-05
Franco Zuculini,Ciudadanía,Argentina
Bérénice Bejo,Lugar de nacimiento,Buenos Aires
Bérénice Bejo,Ocupación,actor
Bérénice Bejo,Ciudadanía,Francia
Bérénice Bejo,Premio recibido,César a la mejor actriz
Bérénice Bejo,Fecha de nacimiento,1976-07-07
Bérénice Bejo,Ocupación,actor de cine
Bérénice Bejo,Premio recibido,Étoiles d'Or
Bérénice Bejo,Premio recibido,Anexo:Premio Lumière a la mejor actriz
Bérénice Bejo,Premio recibido,Premio del Festival de Cannes a la mejor actriz
Bérénice Bejo,Premio recibido,Premio Romy Schneider
Bérénice Bejo,Ciudadanía,Argentina
Emiliano Sala,Lugar de nacimiento,Cululú
Emiliano Sala,Ocupación,futbolista
Emiliano Sala,Ciudadanía,Italia
Emiliano Sala,Fecha de nacimiento,1990-10-31
Emiliano Sala,Fecha de defunción,2019-01-21
Emiliano Sala,Ciudadanía,Argentina
Marcelo Bielsa,Lugar de nacimiento,Rosario
Marcelo Bielsa,Ocupación,entrenador
Marcelo Bielsa,Ciudadanía,Argentina
Marcelo Bielsa,Fecha de nacimiento,1955-07-21
Marcelo Bielsa,Ocupación,futbolista
Pedro Ochoa,Lugar de nacimiento,Avellaneda
Pedro Ochoa,Ocupación,futbolista
Pedro Ochoa,Ciudadanía,Argentina
Pedro Ochoa,Fecha de nacimiento,1900-02-22
Pedro Ochoa,Fecha de defunción,1947-09-05
Pedro Ochoa,Fecha de nacimiento,1908-02-22
Mariano Acha,Lugar de nacimiento,Buenos Aires
Mariano Acha,Ocupación,militar
Mariano Acha,Ciudadanía,Argentina
Mariano Acha,Fecha de nacimiento,1799-11-11
Mariano Acha,Fecha de defunción,1841-09-16
Saturnino Laspiur,Lugar de nacimiento,San Juan
Saturnino Laspiur,Ocupación,juez
Saturnino Laspiur,Ciudadanía,Argentina
Saturnino Laspiur,Educado en,Universidad Nacional de Córdoba
Saturnino Laspiur,Cargo,diputado de Argentina
Saturnino Laspiur,Fecha de nacimiento,1829-10-01
Saturnino Laspiur,Fecha de defunción,1885-01-01
Saturnino Laspiur,Ocupación,abogado
Saturnino Laspiur,Ocupación,político
Saturnino Laspiur,Cargo,senador de Argentina
Leonardo Mayer,Lugar de nacimiento,Corrientes
Leonardo Mayer,Ocupación,tenista
Leonardo Mayer,Ciudadanía,Argentina
Leonardo Mayer,Fecha de nacimiento,1987-05-15
Alejandro Lanari,Lugar de nacimiento,Buenos Aires
Alejandro Lanari,Ocupación,futbolista
Alejandro Lanari,Ciudadanía,Argentina
Alejandro Lanari,Fecha de nacimiento,1960-05-02
Fernando Gamboa,Lugar de nacimiento,Marcos Juárez
Fernando Gamboa,Ocupación,entrenador
Fernando Gamboa,Ciudadanía,Argentina
Fernando Gamboa,Fecha de nacimiento,1970-10-28
Fernando Gamboa,Ocupación,futbolista
Carla Rebecchi,Lugar de nacimiento,Buenos Aires
Carla Rebecchi,Ocupación,jugador de hockey
Carla Rebecchi,Ciudadanía,Argentina
Carla Rebecchi,Educado en,La Salle Florida
Carla Rebecchi,Fecha de nacimiento,1984-09-07
Florencia Mutio,Lugar de nacimiento,Paraná
Florencia Mutio,Ocupación,jugador de hockey
Florencia Mutio,Ciudadanía,Argentina
Florencia Mutio,Fecha de nacimiento,1984-11-20
Cristina Fernández de Kirchner,Lugar de nacimiento,Tolosa
Cristina Fernández de Kirchner,Ocupación,abogado
Cristina Fernández de Kirchner,Ciudadanía,Argentina
Cristina Fernández de Kirchner,Educado en,Universidad Nacional de La Plata
Cristina Fernández de Kirchner,Empleador,Presidencia de la Nación
Cristina Fernández de Kirchner,Cargo,vicepresidente de la Nación Argentina
Cristina Fernández de Kirchner,Premio recibido,Orden de la Cruz del Sur
Cristina Fernández de Kirchner,Fecha de nacimiento,1953-02-19
Cristina Fernández de Kirchner,Premio recibido,Orden Mexicana del Águila Azteca
Cristina Fernández de Kirchner,Premio recibido,Orden de Mayo
Cristina Fernández de Kirchner,Premio recibido,Orden de Isabel la Católica
Cristina Fernández de Kirchner,Premio recibido,Orden El Sol del Perú
Cristina Fernández de Kirchner,Premio recibido,Orden del Libertador San Martín
Cristina Fernández de Kirchner,Premio recibido,Orden del Libertador
Cristina Fernández de Kirchner,Premio recibido,Collar de la Orden de Isabel la Católica
Cristina Fernández de Kirchner,Premio recibido,Llave de Oro de Madrid
Cristina Fernández de Kirchner,Premio recibido,honorary doctor of the University of International Business and Economics
Cristina Fernández de Kirchner,Cargo,presidente de la Nación Argentina
Cristina Fernández de Kirchner,Cargo,diputado de Argentina
Cristina Fernández de Kirchner,Cargo,senador de Argentina
Cristina Fernández de Kirchner,Cargo,Primera dama de la Nación Argentina
Eva Perón,Premio recibido,Orden de la Cruz del Sur
Eva Perón,Premio recibido,"Orden al Mérito de Duarte, Sánchez y Mella"
Eva Perón,Premio recibido,Orden Mexicana del Águila Azteca
Eva Perón,Premio recibido,Orden del Cóndor de los Andes
Eva Perón,Premio recibido,Orden Nacional de Honor y Mérito
Eva Perón,Premio recibido,Orden El Sol del Perú
Eva Perón,Premio recibido,Orden del Libertador San Martín
Eva Perón,Premio recibido,Orden de Boyacá
Eva Perón,Premio recibido,Orden Nacional del Mérito
Eva Perón,Premio recibido,Orden Nacional al Mérito
Junín,diferente de,Junín
Junín,país,Argentina
Junín,instancia de,ciudad
Junín,situado en la entidad territorial administrativa,Junín
Orden de Isabel la Católica,país,España
Orden de Isabel la Católica,instancia de,orden
Orden de Isabel la Católica,instancia de,condecoración civil
Orden de Isabel la Católica,fundador,Fernando VII de España
Orden de Isabel la Católica,compuesto por,Gran Cruz de la Orden de Isabel la Católica
compositor de canciones,instancia de,profesión musical
compositor de canciones,subclase de,compositor
compositor de canciones,subclase de,autor
compositor de canciones,ámbito de la ocupación,composición de canciones
compositor de canciones,se dice que es lo mismo que,letrista
Gobernador de la Provincia de San Juan,país,Argentina
Gobernador de la Provincia de San Juan,instancia de,cargo público
Gobernador de la Provincia de San Juan,instancia de,oficina del gobernador
Gobernador de la Provincia de San Juan,subclase de,gobernador de provincia argentina
Gobernador de la Provincia de San Juan,forma parte de,Gabinete de la Provincia de San Juan
fondista,instancia de,profesión
fondista,subclase de,corredor
fondista,ámbito de la ocupación,carrera de larga distancia
fondista,categoría principal del tema,Categoría:Corredores de larga distancia
fondista,diferente de,esquiador de fondo
César a la mejor actriz,país,Francia
César a la mejor actriz,instancia de,Premios César
César a la mejor actriz,instancia de,categoría de un premio de cine
César a la mejor actriz,instancia de,premio a la mejor actriz protagonista
César a la mejor actriz,forma parte de,Premios César
Cululú,país,Argentina
Cululú,instancia de,municipio
Cululú,situado en la entidad territorial administrativa,Departamento Las Colonias
Cululú,se encuentra en el huso horario,UTC−3
juez,instancia de,embede
juez,instancia de,profesión jurídica
juez,instancia de,grupo de ocupaciones de la CIUO
juez,subclase de,jurista
Marcos Juárez,país,Argentina
Marcos Juárez,instancia de,ciudad
Marcos Juárez,instancia de,municipio
Marcos Juárez,situado en la entidad territorial administrativa,Departamento Marcos Juárez
Marcos Juárez,ciudad hermana,Genola
La Salle Florida,país,Argentina
La Salle Florida,instancia de,escuela privada
La Salle Florida,situado en la entidad territorial administrativa,Florida Oeste
La Salle Florida,nombrado en referencia a,Juan Bautista de La Salle
Tolosa,país,Argentina
Tolosa,instancia de,villa
Tolosa,situado en la entidad territorial administrativa,Partido de La Plata
Presidencia de la Nación,país,Argentina
Presidencia de la Nación,instancia de,organismo público
Presidencia de la Nación,compuesto por,Secretaría Legal y Técnica de la Presidencia de la Nación Argentina
Presidencia de la Nación,cargo ocupado por el jefe de gobierno,presidente de la Nación Argentina
director de cine,instancia de,profesión
director de cine,instancia de,profesión del cine
director de cine,subclase de,artista visual
director de cine,subclase de,profesional del cine
director de cine,subclase de,realizador
Imperio ruso,causa de destrucción,Revolución de Octubre
Imperio ruso,causa de destrucción,Revolución de Febrero
Imperio ruso,causa de destrucción,Abolición de la monarquía
Imperio ruso,evento significativo,Primera Guerra Mundial
Imperio ruso,evento significativo,Revolución de Febrero
dirigente deportivo,ámbito de la ocupación,gestión deportiva
dirigente deportivo,categoría principal del tema,Categoría:Dirigentes deportivos
dirigente deportivo,diferente de,director deportivo
dirigente deportivo,diferente de,director atlético
Estrella de la República Socialista de Rumanía,país,República Socialista de Rumania
Estrella de la República Socialista de Rumanía,instancia de,orden
futbolista,vestimenta,Equipamiento de los futbolistas
oficial de la Orden de las Artes y las Letras,país,Francia
oficial de la Orden de las Artes y las Letras,instancia de,grado de una orden
oficial de la Orden de las Artes y las Letras,subclase de,oficial
oficial de la Orden de las Artes y las Letras,forma parte de,Orden de las Artes y las Letras
oficial de la Orden de las Artes y las Letras,categoría principal del tema,Categoría:Oficiales de la Orden de las Artes y las Letras
Academia de las Artes de Berlín,país,Alemania
Academia de las Artes de Berlín,instancia de,museo
Academia de las Artes de Berlín,instancia de,academia
Academia de las Artes de Berlín,instancia de,institución cultural
Academia de las Artes de Berlín,instancia de,recinto artístico
Mauro Richeze,Lugar de nacimiento,Buenos Aires
Mauro Richeze,Ocupación,ciclista
Mauro Richeze,Ciudadanía,Argentina
Mauro Richeze,Fecha de nacimiento,1985-12-07
Mauro Richeze,Ocupación,ciclista de pista
Mariano Torres,Lugar de nacimiento,Buenos Aires
Mariano Torres,Ocupación,futbolista
Mariano Torres,Ciudadanía,Argentina
Mariano Torres,Fecha de nacimiento,1987-05-19
Terig Tucci,Lugar de nacimiento,Buenos Aires
Terig Tucci,Ocupación,actor
Terig Tucci,Ciudadanía,Argentina
Terig Tucci,Fecha de nacimiento,1897-06-23
Terig Tucci,Fecha de defunción,1973-02-28
Terig Tucci,Ocupación,compositor
Terig Tucci,Ocupación,director de orquesta
Terig Tucci,Ocupación,pianista
Terig Tucci,Ocupación,violinista
Terig Tucci,Ocupación,compositor de bandas sonoras
José Félix Uriburu,Lugar de nacimiento,Salta
José Félix Uriburu,Ocupación,militar
José Félix Uriburu,Ciudadanía,Argentina
José Félix Uriburu,Cargo,presidente de la Nación Argentina
José Félix Uriburu,Fecha de nacimiento,1868-07-20
José Félix Uriburu,Fecha de defunción,1932-04-29
José Félix Uriburu,Ocupación,político
Marcelo Torcuato de Alvear,Lugar de nacimiento,Buenos Aires
Marcelo Torcuato de Alvear,Ocupación,abogado
Marcelo Torcuato de Alvear,Ciudadanía,Argentina
Marcelo Torcuato de Alvear,Educado en,Universidad de Buenos Aires
Marcelo Torcuato de Alvear,Cargo,presidente de la Nación Argentina
Marcelo Torcuato de Alvear,Premio recibido,Caballero del collar de la Orden de Carlos III
Marcelo Torcuato de Alvear,Fecha de nacimiento,1868-10-04
Marcelo Torcuato de Alvear,Fecha de defunción,1942-03-23
Marcelo Torcuato de Alvear,Ocupación,político
Marcelo Torcuato de Alvear,Ocupación,tirador
Marcelo Torcuato de Alvear,Educado en,Colegio Nacional de Buenos Aires
Marcelo Torcuato de Alvear,Cargo,diputado de Argentina
Fabricio Oberto,Lugar de nacimiento,Las Varillas
Fabricio Oberto,Ocupación,baloncestista
Fabricio Oberto,Ciudadanía,Italia
Fabricio Oberto,Premio recibido,Salón de la Fama FIBA
Fabricio Oberto,Fecha de nacimiento,1975-03-21
Fabricio Oberto,Ciudadanía,Argentina
Adolfo Alfredo Bollini,Lugar de nacimiento,Buenos Aires
Adolfo Alfredo Bollini,Ocupación,diplomático
Adolfo Alfredo Bollini,Ciudadanía,Argentina
Adolfo Alfredo Bollini,Fecha de nacimiento,1905-05-11
Adolfo Alfredo Bollini,Fecha de defunción,http://www.wikidata.org/.well-known/genid/b38d6eadcb95986f76d3e09a0c30a884
Adolfo Armando Uriona,Lugar de nacimiento,Mar del Plata
Adolfo Armando Uriona,Ocupación,sacerdote católico
Adolfo Armando Uriona,Ciudadanía,Argentina
Adolfo Armando Uriona,Cargo,obispo diocesano
Adolfo Armando Uriona,Fecha de nacimiento,1955-05-27
Adolfo Armando Uriona,Ocupación,obispo católico
Adolfo Bullrich,Lugar de nacimiento,Buenos Aires
Adolfo Bullrich,Ocupación,político
Adolfo Bullrich,Ciudadanía,Argentina
Adolfo Bullrich,Cargo,intendente de la Ciudad de Buenos Aires
Adolfo Bullrich,Fecha de nacimiento,1833-12-30
Adolfo Bullrich,Fecha de defunción,1904-03-08
Adolfo Bullrich,Ocupación,emprendedor
Adolfo Cambiaso,Lugar de nacimiento,Partido de Cañuelas
Adolfo Cambiaso,Ocupación,polista
Adolfo Cambiaso,Ciudadanía,Argentina
Adolfo Cambiaso,Fecha de nacimiento,1975-04-15
Adolfo Döring,Lugar de nacimiento,Gotinga
Adolfo Döring,Ocupación,zoólogo
Adolfo Döring,Ciudadanía,Argentina
Adolfo Döring,Educado en,Universidad Nacional de Córdoba
Adolfo Döring,Empleador,Universidad Nacional de Córdoba
Adolfo Döring,Fecha de nacimiento,1848-01-22
Adolfo Döring,Fecha de defunción,1925-02-19
Adolfo Döring,Ocupación,geólogo
Adolfo Döring,Ocupación,químico
Adolfo Döring,Ocupación,profesor universitario
Adolfo Döring,Ocupación,malacólogo
Adolfo Domingo Torres,Ocupación,político
Adolfo Domingo Torres,Ciudadanía,Argentina
Adolfo Domingo Torres,Fecha de nacimiento,1940-01-01
Adolfo Domingo Torres,Fecha de defunción,2010-10-14
Adolfo Gass,Lugar de nacimiento,Carlos Casares
Adolfo Gass,Ocupación,médico
Adolfo Gass,Ciudadanía,Argentina
Adolfo Gass,Educado en,Universidad de Buenos Aires
Adolfo Gass,Cargo,senador de Argentina
Adolfo Gass,Fecha de nacimiento,1914-05-25
Adolfo Gass,Fecha de defunción,2010-01-03
Adolfo Gass,Ocupación,político
Adolfo Pedernera,Lugar de nacimiento,Avellaneda
Adolfo Pedernera,Ocupación,entrenador
Adolfo Pedernera,Ciudadanía,Argentina
Adolfo Pedernera,Fecha de nacimiento,1918-11-15
Adolfo Pedernera,Fecha de defunción,1995-05-12
Adolfo Pedernera,Ocupación,futbolista
Adolfo Saldías,Lugar de nacimiento,Buenos Aires
Adolfo Saldías,Ocupación,abogado
Adolfo Saldías,Ciudadanía,Argentina
Adolfo Saldías,Miembro de,Academia Nacional de la Historia de la República Argentina
Adolfo Saldías,Cargo,Vicegobernador de la provincia de Buenos Aires
Adolfo Saldías,Fecha de nacimiento,1849-12-06
Adolfo Saldías,Fecha de defunción,1914-10-17
Adolfo Saldías,Ocupación,militar
Adolfo Saldías,Ocupación,político
Adolfo Saldías,Ocupación,diplomático
Adolfo Saldías,Ocupación,historiador
Adolfo Scilingo,Lugar de nacimiento,Bahía Blanca
Adolfo Scilingo,Ocupación,militar
Adolfo Scilingo,Ciudadanía,Argentina
Adolfo Scilingo,Educado en,Escuela Naval Militar
Adolfo Scilingo,Fecha de nacimiento,1946-07-28
Adolfo Zumelzú,Lugar de nacimiento,Buenos Aires
Adolfo Zumelzú,Ocupación,futbolista
Adolfo Zumelzú,Ciudadanía,Argentina
Adolfo Zumelzú,Fecha de nacimiento,1902-01-05
Adolfo Zumelzú,Fecha de defunción,1973-03-29
Pedro Pablo Ramírez,Lugar de nacimiento,La Paz
Pedro Pablo Ramírez,Ocupación,militar
Pedro Pablo Ramírez,Ciudadanía,Argentina
Pedro Pablo Ramírez,Educado en,Colegio Militar de la Nación
Pedro Pablo Ramírez,Cargo,presidente de la Nación Argentina
Pedro Pablo Ramírez,Premio recibido,Orden del Libertador San Martín
Pedro Pablo Ramírez,Fecha de nacimiento,1884-01-30
Pedro Pablo Ramírez,Fecha de defunción,1962-05-12
Pedro Pablo Ramírez,Ocupación,político
Pedro Pablo Ramírez,Fecha de defunción,1962-06-11
Juan Carlos Onganía,Lugar de nacimiento,Marcos Paz
Juan Carlos Onganía,Ocupación,político
Juan Carlos Onganía,Ciudadanía,Argentina
Juan Carlos Onganía,Educado en,Colegio Militar de la Nación
Juan Carlos Onganía,Cargo,presidente de la Nación Argentina
Juan Carlos Onganía,Premio recibido,Orden del Libertador San Martín
Juan Carlos Onganía,Fecha de nacimiento,1914-03-17
Juan Carlos Onganía,Fecha de defunción,1995-06-08
Juan Carlos Onganía,Ocupación,oficial militar
Juan Carlos Onganía,Cargo,Jefe del Estado Mayor General del Ejército
Carlos Alberto Lacoste,Lugar de nacimiento,Buenos Aires
Carlos Alberto Lacoste,Ocupación,militar
Carlos Alberto Lacoste,Ciudadanía,Argentina
Carlos Alberto Lacoste,Educado en,Colegio Nacional de Buenos Aires
Carlos Alberto Lacoste,Cargo,presidente de la Nación Argentina
Carlos Alberto Lacoste,Fecha de nacimiento,1929-02-02
Carlos Alberto Lacoste,Fecha de defunción,2004-06-24
Carlos Alberto Lacoste,Ocupación,político
Carlos Alberto Lacoste,Educado en,Escuela Naval Militar
ciclista de pista,instancia de,profesión
ciclista de pista,subclase de,ciclista
ciclista de pista,ámbito de la ocupación,ciclismo en pista
ciclista de pista,categoría principal del tema,Categoría:Ciclistas de pista
Las Varillas,país,Argentina
Las Varillas,instancia de,ciudad
Las Varillas,instancia de,municipio
Las Varillas,situado en la entidad territorial administrativa,Departamento San Justo
Las Varillas,se encuentra en el huso horario,UTC−3
Salón de la Fama FIBA,país,Suiza
Salón de la Fama FIBA,instancia de,Salón de la Fama del Deporte
Salón de la Fama FIBA,situado en la entidad territorial administrativa,Mies
Salón de la Fama FIBA,ubicación,Mies
Salón de la Fama FIBA,subclase de,distinción
diplomático,instancia de,profesión
diplomático,instancia de,título corporativo
diplomático,subclase de,estadista
diplomático,subclase de,alto cargo
diplomático,ámbito de la ocupación,diplomacia
intendente de la Ciudad de Buenos Aires,país,Argentina
intendente de la Ciudad de Buenos Aires,instancia de,cargo
intendente de la Ciudad de Buenos Aires,subclase de,alcalde
intendente de la Ciudad de Buenos Aires,categoría principal del tema,Categoría:Intendentes de la ciudad de Buenos Aires
intendente de la Ciudad de Buenos Aires,aplica a la jurisdicción,Buenos Aires
Partido de Cañuelas,país,Argentina
Partido de Cañuelas,instancia de,municipio
Partido de Cañuelas,instancia de,partido de la provincia de Buenos Aires
Partido de Cañuelas,capital,Cañuelas
Partido de Cañuelas,situado en la entidad territorial administrativa,Provincia de Buenos Aires
polista,instancia de,profesión
polista,subclase de,deportista
polista,subclase de,jugador competitivo
polista,ámbito de la ocupación,polo
polista,categoría principal del tema,Categoría:Jinetes de polo
Gotinga,jefe de gobierno,Artur Levi
Gotinga,jefe de gobierno,Walter Leßner
Gotinga,jefe de gobierno,Gottfried Jungmichel
Gotinga,jefe de gobierno,Wolfgang Meyer
Gotinga,jefe de gobierno,Joachim Kummer
zoólogo,instancia de,profesión
zoólogo,instancia de,cargo
zoólogo,subclase de,biólogo
zoólogo,ámbito de la ocupación,zoología
zoólogo,se dice que es lo mismo que,Biólogo de vida silvestre
Carlos Casares,país,Argentina
Carlos Casares,instancia de,asentamiento
Carlos Casares,situado en la entidad territorial administrativa,Carlos Casares
Carlos Casares,se encuentra en el huso horario,UTC−3
Vicegobernador de la provincia de Buenos Aires,país,Argentina
Vicegobernador de la provincia de Buenos Aires,instancia de,cargo
Vicegobernador de la provincia de Buenos Aires,subclase de,vicegobernador de provincia argentina
Vicegobernador de la provincia de Buenos Aires,forma parte de,Gabinete de la Provincia de Buenos Aires
Vicegobernador de la provincia de Buenos Aires,categoría principal del tema,Categoría:Vicegobernadores de la Provincia de Buenos Aires
Escuela Naval Militar,país,Argentina
Escuela Naval Militar,instancia de,academia militar
Escuela Naval Militar,situado en la entidad territorial administrativa,Partido de Ensenada
La Paz,país,Argentina
La Paz,instancia de,municipio
La Paz,instancia de,ciudad de Argentina
La Paz,situado en la entidad territorial administrativa,Departamento La Paz
La Paz,se encuentra en el huso horario,UTC−3
Marcos Paz,país,Argentina
Marcos Paz,instancia de,asentamiento
Marcos Paz,situado en la entidad territorial administrativa,Marcos Paz
Marcos Paz,se encuentra en el huso horario,UTC−3
Carlos Rodrigues Gesualdi,Lugar de nacimiento,Buenos Aires
Carlos Rodrigues Gesualdi,Ocupación,escritor
Carlos Rodrigues Gesualdi,Ciudadanía,Argentina
Carlos Rodrigues Gesualdi,Fecha de nacimiento,1963-09-01
Ernesto Garzón Valdés,Lugar de nacimiento,Córdoba
Ernesto Garzón Valdés,Ocupación,diplomático
Ernesto Garzón Valdés,Ciudadanía,Argentina
Ernesto Garzón Valdés,Empleador,Universidad de Mainz
Ernesto Garzón Valdés,Miembro de,Finnish Academy of Science and Letters
Ernesto Garzón Valdés,Premio recibido,Medalla Goethe
Ernesto Garzón Valdés,Fecha de nacimiento,1927-02-17
Ernesto Garzón Valdés,Fecha de defunción,2023-11-20
Ernesto Garzón Valdés,Ocupación,profesor universitario
Ernesto Garzón Valdés,Ocupación,filósofo
Ernesto Garzón Valdés,Premio recibido,Orden de Bernardo O'Higgins
Ernesto Garzón Valdés,Premio recibido,Cruz de Comendador de la Orden del Mérito de la República Federal Alemana
Ernesto Garzón Valdés,Premio recibido,doctor honoris causa por la Universidad de Alicante
Ernesto Garzón Valdés,Premio recibido,doctor honoris causa por la Universidad Pompeu Fabra
Ernesto Garzón Valdés,Empleador,Universidad Nacional de La Plata
Ernesto Garzón Valdés,Empleador,Universidad Nacional de Córdoba
Ernesto Garzón Valdés,Premio recibido,doctor honoris causa por la Universidad de Valencia
Ernesto Garzón Valdés,Premio recibido,doctor honoris causa of the University of Helsinki
Ernesto Garzón Valdés,Premio recibido,Doctor honoris causa de la Universidad de Buenos Aires
Ernesto Garzón Valdés,Premio recibido,Doctor honorario por la Universidad Nacional de Córdoba (Argentina)
Universidad de Mainz,país,Alemania
Universidad de Mainz,instancia de,Registrador de Internet Local
Universidad de Mainz,instancia de,universidad pública
Universidad de Mainz,instancia de,editor de acceso abierto
Litto Nebbia,Lugar de nacimiento,Rosario
Litto Nebbia,Ocupación,productor discográfico
Litto Nebbia,Ciudadanía,Argentina
Litto Nebbia,Premio recibido,Ciudadano ilustre de la Ciudad de Buenos Aires
Litto Nebbia,Fecha de nacimiento,1948-07-21
Litto Nebbia,Ocupación,compositor de canciones
Litto Nebbia,Ocupación,artista discográfico
Hugo Porta,Lugar de nacimiento,Buenos Aires
Hugo Porta,Ocupación,arquitecto
Hugo Porta,Ciudadanía,Argentina
Hugo Porta,Educado en,Universidad de Buenos Aires
Hugo Porta,Cargo,embajador
Hugo Porta,Premio recibido,Salón de la Fama del IRB
Hugo Porta,Fecha de nacimiento,1951-09-11
Hugo Porta,Ocupación,político
Hugo Porta,Ocupación,diplomático
Hugo Porta,Ocupación,jugador de rugby
Hugo Porta,Premio recibido,Orden al Mérito Deportivo
Alberto Morán,Lugar de nacimiento,provincia de Alessandria
Alberto Morán,Ocupación,cantante
Alberto Morán,Ciudadanía,Argentina
Alberto Morán,Fecha de nacimiento,1922-03-15
Alberto Morán,Fecha de defunción,1997-08-16
Cecilia Méndez,Lugar de nacimiento,Buenos Aires
Cecilia Méndez,Ocupación,supermodelo
Cecilia Méndez,Ciudadanía,Argentina
Cecilia Méndez,Fecha de nacimiento,1986-12-28
Blas Parera,Lugar de nacimiento,Murcia
Blas Parera,Ocupación,compositor
Blas Parera,Ciudadanía,España
Blas Parera,Obra notable,Himno Nacional Argentino
Blas Parera,Fecha de nacimiento,1776-02-03
Blas Parera,Fecha de defunción,1840-01-07
Blas Parera,Ocupación,organista
Blas Parera,Ciudadanía,Argentina
Alberto Rendo,Lugar de nacimiento,Buenos Aires
Alberto Rendo,Ocupación,futbolista
Alberto Rendo,Ciudadanía,Argentina
Alberto Rendo,Fecha de nacimiento,1940-01-03
Marwell Periotti,Lugar de nacimiento,Santa Fe
Marwell Periotti,Ocupación,futbolista
Marwell Periotti,Ciudadanía,Argentina
Marwell Periotti,Fecha de nacimiento,1939-05-25
Marwell Periotti,Fecha de defunción,2004-10-27
Hugo Curioni,Lugar de nacimiento,Bell Ville
Hugo Curioni,Ocupación,futbolista
Hugo Curioni,Ciudadanía,Argentina
Hugo Curioni,Fecha de nacimiento,1946-10-11
Darío Franco,Lugar de nacimiento,Cruz Alta
Darío Franco,Ocupación,entrenador
Darío Franco,Ciudadanía,Argentina
Darío Franco,Fecha de nacimiento,1969-01-17
Darío Franco,Ocupación,futbolista
Pedro Reginaldo Lira,Lugar de nacimiento,Salta
Pedro Reginaldo Lira,Ocupación,sacerdote católico
Pedro Reginaldo Lira,Ciudadanía,Argentina
Pedro Reginaldo Lira,Cargo,obispo auxiliar
Pedro Reginaldo Lira,Fecha de nacimiento,1915-09-07
Pedro Reginaldo Lira,Fecha de defunción,2012-12-11
Pedro Reginaldo Lira,Ocupación,obispo católico
Pedro Reginaldo Lira,Ocupación,profesor universitario
Pedro Reginaldo Lira,Cargo,obispo titular
Pedro Reginaldo Lira,Cargo,obispo diocesano
Miguel Brascó,Ocupación,escritor
Miguel Brascó,Ciudadanía,Argentina
Miguel Brascó,Educado en,Universidad Nacional del Litoral
Miguel Brascó,Fecha de nacimiento,1926-09-14
Miguel Brascó,Fecha de defunción,2014-05-10
Miguel Brascó,Ocupación,abogado
Miguel Brascó,Ocupación,poeta
Miguel Brascó,Ocupación,traductor
Miguel Brascó,Ocupación,periodista
Miguel Brascó,Ocupación,lingüista
Miguel Brascó,Ocupación,gastrónomo
Emiliano Romero,Lugar de nacimiento,Sarandí
Emiliano Romero,Ocupación,futbolista
Emiliano Romero,Ciudadanía,Argentina
Emiliano Romero,Fecha de nacimiento,1985-11-09
Francisco Lamolina,Lugar de nacimiento,Buenos Aires
Francisco Lamolina,Ocupación,árbitro de fútbol
Francisco Lamolina,Ciudadanía,Argentina
Francisco Lamolina,Fecha de nacimiento,1950-10-25
Diego Abal,Lugar de nacimiento,Buenos Aires
Diego Abal,Ocupación,árbitro de fútbol
Diego Abal,Ciudadanía,Argentina
Diego Abal,Cargo,árbitro FIFA
Diego Abal,Fecha de nacimiento,1971-12-28
Javier Castrilli,Lugar de nacimiento,Buenos Aires
Javier Castrilli,Ocupación,árbitro de fútbol
Javier Castrilli,Ciudadanía,Argentina
Javier Castrilli,Premio recibido,Personalidad Destacada de la Ciudad de Buenos Aires
Javier Castrilli,Fecha de nacimiento,1957-05-22
Domingo Cavallo,Lugar de nacimiento,San Francisco
Domingo Cavallo,Ocupación,político
Domingo Cavallo,Ciudadanía,Argentina
Domingo Cavallo,Educado en,Universidad Harvard
Domingo Cavallo,Empleador,Universidad Harvard
Domingo Cavallo,Miembro de,G30
Domingo Cavallo,Cargo,Anexo:Cancilleres de Argentina
Domingo Cavallo,Premio recibido,Gran Cruz de la Orden El Sol del Perú
Domingo Cavallo,Fecha de nacimiento,1946-07-21
Domingo Cavallo,Ocupación,economista
Domingo Cavallo,Ocupación,diplomático
Domingo Cavallo,Ocupación,profesor universitario
Domingo Cavallo,Premio recibido,doctor honoris causa de la Universidad de París-I
Domingo Cavallo,Educado en,Universidad Nacional de Córdoba
Domingo Cavallo,Cargo,diputado de Argentina
Domingo Cavallo,Cargo,Ministro de Economía
China Suárez,Lugar de nacimiento,Buenos Aires
China Suárez,Ocupación,actor
China Suárez,Ciudadanía,Argentina
China Suárez,Premio recibido,Premios Sur
China Suárez,Fecha de nacimiento,1992-03-09
China Suárez,Ocupación,cantante
China Suárez,Ocupación,diseñador de moda
China Suárez,Ocupación,modelo
China Suárez,Premio recibido,Kids Choice Awards Argentina
Oscar Alemán,Lugar de nacimiento,Resistencia
Oscar Alemán,Ocupación,compositor
Oscar Alemán,Ciudadanía,Argentina
Oscar Alemán,Fecha de nacimiento,1909-02-20
Oscar Alemán,Fecha de defunción,1980-10-14
Oscar Alemán,Ocupación,cantante
Oscar Alemán,Ocupación,guitarrista
Oscar Alemán,Ocupación,guitarrista de jazz
Oscar Alemán,Ocupación,músico de jazz
Facundo Arana,Lugar de nacimiento,Buenos Aires
Facundo Arana,Ocupación,actor
Facundo Arana,Ciudadanía,Argentina
Facundo Arana,Premio recibido,Premio Florencio
Facundo Arana,Fecha de nacimiento,1972-03-31
Facundo Arana,Ocupación,compositor
Facundo Arana,Ocupación,actor de televisión
Facundo Arana,Premio recibido,Anexo:Premio Martín Fierro al mejor actor de comedia
Leónidas Lamborghini,Lugar de nacimiento,Buenos Aires
Leónidas Lamborghini,Ocupación,escritor
Leónidas Lamborghini,Ciudadanía,Argentina
Leónidas Lamborghini,Fecha de nacimiento,1927-01-10
Leónidas Lamborghini,Fecha de defunción,2009-11-13
Leónidas Lamborghini,Ocupación,poeta
Litto Nebbia,Ocupación,cantante
productor discográfico,instancia de,profesión musical
productor discográfico,subclase de,músico
productor discográfico,subclase de,productor
arquitecto,instancia de,profesión
arquitecto,instancia de,título corporativo
arquitecto,instancia de,ocupación
arquitecto,instancia de,grupo de ocupaciones de la CIUO
embajador,instancia de,rango diplomático
embajador,instancia de,título de autoridad
embajador,instancia de,cargo
embajador,texto regulador principal,Convención de Viena sobre Relaciones Diplomáticas
embajador,subclase de,jefe de misión
provincia de Alessandria,subdividido en (división administrativa),Carezzano
provincia de Alessandria,subdividido en (división administrativa),Carpeneto
provincia de Alessandria,subdividido en (división administrativa),Carrega Ligure
provincia de Alessandria,subdividido en (división administrativa),Carrosio
provincia de Alessandria,subdividido en (división administrativa),Cartosio
supermodelo,instancia de,profesión
supermodelo,subclase de,modelo
supermodelo,categoría principal del tema,Categoría:Supermodelo
supermodelo,diferente de,Supermodel
Murcia,jefe de gobierno,José Ballesta
Murcia,país,España
Murcia,continente,Europa
Murcia,instancia de,municipio de España
Murcia,comparte fronteras con,Cartagena
Himno Nacional Argentino,país,Argentina
Himno Nacional Argentino,instancia de,himno nacional
Himno Nacional Argentino,música de,Blas Parera
Himno Nacional Argentino,idioma de la obra o del nombre,español
Himno Nacional Argentino,letra de,Vicente López y Planes
Bell Ville,país,Argentina
Bell Ville,instancia de,ciudad
Bell Ville,instancia de,municipio
Bell Ville,situado en la entidad territorial administrativa,Departamento Unión
Bell Ville,ciudad hermana,Bricherasio
Cruz Alta,país,Brasil
Cruz Alta,instancia de,municipio de Brasil
Cruz Alta,instancia de,localidad
Cruz Alta,comparte fronteras con,Santa Bárbara do Sul
obispo auxiliar,instancia de,función episcopal
obispo auxiliar,instancia de,vocación católica
obispo auxiliar,religión,catolicismo
obispo auxiliar,subclase de,obispo
obispo auxiliar,subclase de,obispo católico
Sarandí,país,Argentina
Sarandí,instancia de,ciudad de Argentina
Sarandí,situado en la entidad territorial administrativa,Partido de Avellaneda
San Francisco,categoría de personas relacionadas,Categoría:Personas de San Francisco (Córdoba)
San Francisco,diferente de,San Francisco
San Francisco,país,Argentina
Premios Sur,país,Argentina
Premios Sur,instancia de,premio cinematográfico
Premios Sur,instancia de,premio científico
Premios Sur,instancia de,grupo de premios
Premios Sur,categoría principal del tema,Categoría:Premios Sur
Premio Florencio,país,Uruguay
Premio Florencio,instancia de,premio de teatro
Premio Florencio,nombrado en referencia a,Florencio Sánchez
Elsa Kelly,Lugar de nacimiento,Buenos Aires
Elsa Kelly,Ocupación,diplomático
Elsa Kelly,Ciudadanía,Argentina
Elsa Kelly,Educado en,Universidad de Buenos Aires
Elsa Kelly,Empleador,Universidad de Buenos Aires
Elsa Kelly,Cargo,embajador
Elsa Kelly,Premio recibido,Premio Konex
Elsa Kelly,Fecha de nacimiento,1939-02-28
Elsa Kelly,Ocupación,profesor universitario
Elsa Kelly,Ocupación,juez
Elsa Kelly,Premio recibido,Personalidad Destacada de la Ciudad de Buenos Aires
Elsa Kelly,Ocupación,abogado
Elsa Piaggio,Lugar de nacimiento,Buenos Aires
Elsa Piaggio,Ocupación,pianista
Elsa Piaggio,Ciudadanía,Argentina
Elsa Piaggio,Fecha de nacimiento,1906-08-14
Elsa Piaggio,Fecha de defunción,1991-01-11
Elsa Piaggio,Ocupación,profesor de música
Luis Bacalov,Lugar de nacimiento,Buenos Aires
Luis Bacalov,Ocupación,director de orquesta
Luis Bacalov,Ciudadanía,Argentina
Luis Bacalov,Premio recibido,Premios Óscar de 1994
Luis Bacalov,Fecha de nacimiento,1933-08-30
Luis Bacalov,Fecha de defunción,2017-11-15
Luis Bacalov,Ocupación,pianista
Luis Bacalov,Ocupación,compositor de bandas sonoras
Luis Bacalov,Ocupación,compositor
Luis Bacalov,Premio recibido,Óscar a la mejor partitura dramática original
Luis Bacalov,Ciudadanía,Reino de Italia
Pablo Vitti,Lugar de nacimiento,Rosario
Pablo Vitti,Ocupación,futbolista
Pablo Vitti,Ciudadanía,Argentina
Pablo Vitti,Fecha de nacimiento,1985-07-09
Elmer Osmar Ramón Miani,Ocupación,sacerdote católico
Elmer Osmar Ramón Miani,Ciudadanía,Argentina
Elmer Osmar Ramón Miani,Cargo,obispo auxiliar
Elmer Osmar Ramón Miani,Fecha de nacimiento,1933-04-22
Elmer Osmar Ramón Miani,Fecha de defunción,2014-05-25
Elmer Osmar Ramón Miani,Ocupación,obispo católico
Elmer Osmar Ramón Miani,Cargo,obispo titular
Elmer Osmar Ramón Miani,Cargo,obispo diocesano
Pablo Batalla,Lugar de nacimiento,Córdoba
Pablo Batalla,Ocupación,futbolista
Pablo Batalla,Ciudadanía,Argentina
Pablo Batalla,Fecha de nacimiento,1984-01-16
Sebastián Porto,Lugar de nacimiento,Rafaela
Sebastián Porto,Ocupación,piloto de carreras
Sebastián Porto,Ciudadanía,Argentina
Sebastián Porto,Fecha de nacimiento,1978-09-12
Sebastián Porto,Ocupación,piloto de motociclismo
Sebastián Porto,Ocupación,piloto de automovilismo
Elsa Justel,Lugar de nacimiento,Mar del Plata
Elsa Justel,Ocupación,compositor
Elsa Justel,Ciudadanía,Francia
Elsa Justel,Fecha de nacimiento,1944-02-19
Elsa Justel,Ciudadanía,Argentina
Luis Bacalov,Ciudadanía,Italia
Luis Bacalov,Ciudadanía,Bulgaria
Ricardo Escuela,Ocupación,ciclista
Ricardo Escuela,Ciudadanía,Argentina
Ricardo Escuela,Fecha de nacimiento,1983-05-23
Gerardo Barbero,Lugar de nacimiento,Lanús
Gerardo Barbero,Ocupación,ajedrecista
Gerardo Barbero,Ciudadanía,Argentina
Gerardo Barbero,Fecha de nacimiento,1961-08-21
Gerardo Barbero,Fecha de defunción,2001-03-04
Hugo Nicolás Barbaro,Lugar de nacimiento,Vicente López
Hugo Nicolás Barbaro,Ocupación,sacerdote católico
Hugo Nicolás Barbaro,Ciudadanía,Argentina
Hugo Nicolás Barbaro,Miembro de,Opus Dei
Hugo Nicolás Barbaro,Cargo,obispo de San Roque de Presidencia Roque Sáenz Peña
Hugo Nicolás Barbaro,Fecha de nacimiento,1950-12-12
Hugo Nicolás Barbaro,Ocupación,obispo católico
Hugo Nicolás Barbaro,Miembro de,Sociedad Sacerdotal de la Santa Cruz
Guillermo Calvo,Lugar de nacimiento,Buenos Aires
Guillermo Calvo,Ocupación,economista
Guillermo Calvo,Ciudadanía,Argentina
Guillermo Calvo,Educado en,Universidad Yale
Guillermo Calvo,Empleador,Universidad de Columbia
Guillermo Calvo,Miembro de,Academia Estadounidense de las Artes y las Ciencias
Guillermo Calvo,Premio recibido,Beca Guggenheim
Guillermo Calvo,Fecha de nacimiento,1941-01-01
Guillermo Calvo,Ocupación,profesor universitario
Guillermo Calvo,Premio recibido,Premio de Economía Rey de España
Guillermo Calvo,Premio recibido,Miembro de la Academia Estadounidense de las Artes y las Ciencias
Guillermo Calvo,Premio recibido,Miembro de la Econometric Society
Guillermo Calvo,Empleador,Universidad de Pensilvania
Guillermo Calvo,Empleador,Universidad de Maryland
Guillermo Calvo,Miembro de,Econometric Society
Mariano Pagés,Lugar de nacimiento,San Juan
Mariano Pagés,Ocupación,escultor
Mariano Pagés,Ciudadanía,Argentina
Mariano Pagés,Educado en,Universidad Nacional de Cuyo
Mariano Pagés,Fecha de nacimiento,1922-01-06
Mariano Pagés,Fecha de defunción,2009-12-18
Eleuterio F. Tiscornia,Lugar de nacimiento,Gualeguaychú
Eleuterio F. Tiscornia,Ocupación,escritor
Eleuterio F. Tiscornia,Ciudadanía,Argentina
Eleuterio F. Tiscornia,Miembro de,Academia Argentina de Letras
Eleuterio F. Tiscornia,Fecha de nacimiento,1879-01-01
Eleuterio F. Tiscornia,Fecha de defunción,1945-07-01
Eleuterio F. Tiscornia,Ocupación,profesor universitario
Eleuterio F. Tiscornia,Ocupación,romanista
Eleuterio F. Tiscornia,Ocupación,crítico literario
José María Ruda,Lugar de nacimiento,Buenos Aires
José María Ruda,Ocupación,juez
José María Ruda,Ciudadanía,Argentina
José María Ruda,Educado en,Universidad de Buenos Aires
José María Ruda,Empleador,Organización de las Naciones Unidas
José María Ruda,Cargo,embajador
José María Ruda,Premio recibido,Gran Cruz de la Orden de Isabel la Católica
José María Ruda,Fecha de nacimiento,1924-01-01
José María Ruda,Fecha de defunción,1994-07-07
José María Ruda,Ocupación,abogado
José María Ruda,Ocupación,jurista
José María Ruda,Ocupación,diplomático
José María Ruda,Premio recibido,doctorado honoris causa por la universidad de Beijing
José María Ruda,Cargo,presidente de la Corte Internacional de Justicia
José María Ruda,Cargo,Juez de la Corte Internacional de Justicia
Nicolino Locche,Lugar de nacimiento,Tunuyán
Nicolino Locche,Ocupación,boxeador
Nicolino Locche,Ciudadanía,Argentina
Nicolino Locche,Fecha de nacimiento,1939-09-02
Nicolino Locche,Fecha de defunción,2005-09-07
Roberto Beracochea,Lugar de nacimiento,Gualeguay
Roberto Beracochea,Ocupación,escritor
Roberto Beracochea,Ciudadanía,Argentina
Roberto Beracochea,Fecha de nacimiento,1909-12-09
Roberto Beracochea,Fecha de defunción,1988-12-11
Eliseo Verón,Lugar de nacimiento,Buenos Aires
Eliseo Verón,Ocupación,profesor universitario
Eliseo Verón,Ciudadanía,Argentina
Eliseo Verón,Educado en,Facultad de Filosofía y Letras (UBA)
Eliseo Verón,Empleador,Universidad de Buenos Aires
Eliseo Verón,Premio recibido,Beca Guggenheim
Eliseo Verón,Fecha de nacimiento,1935-06-12
Eliseo Verón,Fecha de defunción,2014-04-15
Eliseo Verón,Ocupación,sociólogo
Eliseo Verón,Ocupación,antropólogo
Eliseo Verón,Ocupación,filósofo
Eliseo Verón,Ocupación,semiótico
Eliseo Verón,Empleador,Universidad Nacional del Sur
Osvaldo Zubeldía,Lugar de nacimiento,Junín
Osvaldo Zubeldía,Ocupación,entrenador
Osvaldo Zubeldía,Ciudadanía,Argentina
Osvaldo Zubeldía,Fecha de nacimiento,1927-06-24
Osvaldo Zubeldía,Fecha de defunción,1982-01-17
Osvaldo Zubeldía,Ocupación,futbolista
Julio César Falcioni,Lugar de nacimiento,Buenos Aires
Julio César Falcioni,Ocupación,entrenador
Julio César Falcioni,Ciudadanía,Argentina
Julio César Falcioni,Fecha de nacimiento,1956-07-20
Julio César Falcioni,Ocupación,futbolista
pianista,ámbito de la ocupación,interpretación de piano
Premios Óscar de 1994,instancia de,ceremonia de los Óscar
Premios Óscar de 1994,director,Jeff Margolis
Premios Óscar de 1994,precedido por,Premios Óscar de 1993
Premios Óscar de 1994,sucedido por,Premios Óscar de 1995
Premios Óscar de 1994,productor,Gilbert Cates
Vicente López,evento significativo,título de ciudad
Opus Dei,instancia de,prelatura personal
Opus Dei,fundador,Josemaría Escrivá de Balaguer
Opus Dei,religión,Iglesia católica
Opus Dei,ubicación de la sede,Villa Tevere
Opus Dei,filial,Pontificia Universidad de la Santa Cruz
obispo de San Roque de Presidencia Roque Sáenz Peña,país,Argentina
obispo de San Roque de Presidencia Roque Sáenz Peña,instancia de,función episcopal
obispo de San Roque de Presidencia Roque Sáenz Peña,subclase de,obispo católico
obispo de San Roque de Presidencia Roque Sáenz Peña,subclase de,obispo diocesano
obispo de San Roque de Presidencia Roque Sáenz Peña,subclase de,ordinario
economista,instancia de,profesión
economista,instancia de,grupo de ocupaciones de la CIUO
economista,subclase de,científico social
economista,subclase de,profesionales sociales y religiosos
economista,ámbito de la ocupación,economía
Universidad de Columbia,país,Estados Unidos
Universidad de Columbia,instancia de,universidad privada
Universidad de Columbia,instancia de,Colegios coloniales
Universidad de Columbia,instancia de,universidad de investigación
Universidad de Columbia,instancia de,institución educativa privada sin fines de lucro
escultor,instancia de,profesión artística
escultor,subclase de,artesano
escultor,subclase de,artista visual
escultor,subclase de,artista plástico
escultor,ámbito de la ocupación,escultura
Universidad Nacional de Cuyo,país,Argentina
Universidad Nacional de Cuyo,instancia de,universidad pública
Universidad Nacional de Cuyo,instancia de,editor de acceso abierto
Universidad Nacional de Cuyo,situado en la entidad territorial administrativa,Mendoza
Universidad Nacional de Cuyo,ubicación de la sede,Mendoza
Gualeguaychú,país,Argentina
Gualeguaychú,instancia de,ciudad
Gualeguaychú,instancia de,municipio
Gualeguaychú,instancia de,ciudad fronteriza
Gualeguaychú,instancia de,gran ciudad
Organización de las Naciones Unidas,objetivo del proyecto o de la acción,paz
Organización de las Naciones Unidas,objetivo del proyecto o de la acción,donación
Organización de las Naciones Unidas,secretario general,António Guterres
Organización de las Naciones Unidas,categoría para empleados de la organización,Categoría:Directivos de la Organización de las Naciones Unidas
Tunuyán,país,Argentina
Tunuyán,instancia de,ciudad
Tunuyán,instancia de,entidad territorial administrativa
Tunuyán,situado en la entidad territorial administrativa,Departamento Tunuyán
Tunuyán,capital de,Departamento Tunuyán
Gualeguay,país,Argentina
Gualeguay,instancia de,municipio
Gualeguay,instancia de,ciudad de Argentina
Gualeguay,situado en la entidad territorial administrativa,Departamento Gualeguay
Gualeguay,se encuentra en el huso horario,UTC−3
Lucas González,Lugar de nacimiento,Mendoza
Lucas González,Ocupación,abogado
Lucas González,Ciudadanía,Argentina
Lucas González,Educado en,Universidad de Chile
Lucas González,Cargo,diputado de Argentina
Lucas González,Fecha de nacimiento,1819-04-01
Lucas González,Fecha de defunción,1908-05-09
Lucas González,Ocupación,político
Lucas González,Ocupación,economista
Lucas González,Cargo,senador de Argentina
Nazario Benavídez,Lugar de nacimiento,San Juan
Nazario Benavídez,Ocupación,militar
Nazario Benavídez,Ciudadanía,Argentina
Nazario Benavídez,Cargo,Gobernador de la Provincia de San Juan
Nazario Benavídez,Fecha de nacimiento,1802-07-27
Nazario Benavídez,Fecha de defunción,1858-10-23
Dolores Fonzi,Lugar de nacimiento,Buenos Aires
Dolores Fonzi,Ocupación,actor
Dolores Fonzi,Ciudadanía,Argentina
Dolores Fonzi,Premio recibido,Premio Gaudi a La Mejor Actriz Secundaria
Dolores Fonzi,Fecha de nacimiento,1978-07-19
Dolores Fonzi,Ocupación,director de cine
Dolores Fonzi,Ocupación,modelo
Mario Véner,Lugar de nacimiento,Tandil
Mario Véner,Ocupación,entrenador
Mario Véner,Ciudadanía,Chile
Mario Véner,Fecha de nacimiento,1964-05-27
Mario Véner,Ocupación,futbolista
Mario Véner,Ciudadanía,Argentina
Rodrigo Roncero,Lugar de nacimiento,Buenos Aires
Rodrigo Roncero,Ocupación,médico
Rodrigo Roncero,Ciudadanía,Argentina
Rodrigo Roncero,Fecha de nacimiento,1977-02-16
Rodrigo Roncero,Ocupación,jugador de rugby
Luis Ibáñez,Lugar de nacimiento,Buenos Aires
Luis Ibáñez,Ocupación,futbolista
Luis Ibáñez,Ciudadanía,Argentina
Luis Ibáñez,Fecha de nacimiento,1988-07-15
Tito Capobianco,Lugar de nacimiento,La Plata
Tito Capobianco,Ocupación,director de teatro
Tito Capobianco,Ciudadanía,Estados Unidos
Tito Capobianco,Premio recibido,Premio Konex
Tito Capobianco,Fecha de nacimiento,1931-08-28
Tito Capobianco,Fecha de defunción,2018-09-08
Tito Capobianco,Ocupación,realizador
Tito Capobianco,Ciudadanía,Argentina
Francisco Gabriel Guerrero,Lugar de nacimiento,Buenos Aires
Francisco Gabriel Guerrero,Ocupación,futbolista
Francisco Gabriel Guerrero,Ciudadanía,Argentina
Francisco Gabriel Guerrero,Fecha de nacimiento,1977-08-23
Abel Alves,Lugar de nacimiento,Olavarría
Abel Alves,Ocupación,entrenador
Abel Alves,Ciudadanía,Argentina
Abel Alves,Fecha de nacimiento,1958-02-19
Abel Alves,Ocupación,futbolista
Mariana Fabbiani,Lugar de nacimiento,Buenos Aires
Mariana Fabbiani,Ocupación,actor
Mariana Fabbiani,Ciudadanía,Argentina
Mariana Fabbiani,Premio recibido,Premio Martín Fierro
Mariana Fabbiani,Fecha de nacimiento,1975-01-08
Mariana Fabbiani,Ocupación,cantante
