entidad,relacion,objeto
John Leguizamo,Lugar de nacimiento,Bogotá
John Leguizamo,Ocupación,guionista
John Leguizamo,Ciudadanía,Estados Unidos
John Leguizamo,Educado en,LIU Post
John Leguizamo,Obra notable,Encanto
John Leguizamo,Premio recibido,Premios Primetime Emmy
John Leguizamo,Fecha de nacimiento,1960-07-22
John Leguizamo,Ocupación,actor
John Leguizamo,Ocupación,dramaturgo
John Leguizamo,Ocupación,comediante
John Leguizamo,Ocupación,presentador de televisión
John Leguizamo,Ocupación,pintor
John Leguizamo,Ocupación,actor de teatro
John Leguizamo,Ocupación,actor de voz
John Leguizamo,Ocupación,director de cine
John Leguizamo,Ocupación,productor de cine
John Leguizamo,Ocupación,actor de televisión
John Leguizamo,Ocupación,actor de cine
John Leguizamo,Premio recibido,Hull-Warriner Award
John Leguizamo,Premio recibido,Theatre World Special Award
John Leguizamo,Premio recibido,Lucille Lortel Award for Outstanding Lead Actor
John Leguizamo,Ciudadanía,Colombia
John Leguizamo,Obra notable,Ice Age
John Leguizamo,Educado en,New York University Tisch School of the Arts
John Leguizamo,Educado en,Instituto de Teatro y Cine Lee Strasberg
John Leguizamo,Educado en,Universidad de Long Island
John Leguizamo,Educado en,HB Studio
John Leguizamo,Educado en,Murry Bergtraum High School
Carlos Lehder,Lugar de nacimiento,Armenia
Carlos Lehder,Ocupación,criminal
Carlos Lehder,Ciudadanía,Alemania
Carlos Lehder,Miembro de,Cartel de Medellín
Carlos Lehder,Fecha de nacimiento,1949-09-07
Carlos Lehder,Ocupación,narcotraficante
Carlos Lehder,Ciudadanía,Colombia
Johan Vonlanthen,Lugar de nacimiento,Santa Marta
Johan Vonlanthen,Ocupación,futbolista
Johan Vonlanthen,Ciudadanía,Suiza
Johan Vonlanthen,Fecha de nacimiento,1986-02-01
Johan Vonlanthen,Ciudadanía,Colombia
Hernán Darío Gómez,Lugar de nacimiento,Medellín
Hernán Darío Gómez,Ocupación,entrenador
Hernán Darío Gómez,Ciudadanía,Colombia
Hernán Darío Gómez,Fecha de nacimiento,1956-02-03
Hernán Darío Gómez,Ocupación,futbolista
Mario Alberto Yepes Díaz,Lugar de nacimiento,Cali
Mario Alberto Yepes Díaz,Ocupación,futbolista
Mario Alberto Yepes Díaz,Ciudadanía,Colombia
Mario Alberto Yepes Díaz,Fecha de nacimiento,1976-01-13
Elda Neyis Mosquera,Ocupación,criminal
Elda Neyis Mosquera,Ciudadanía,Colombia
Elda Neyis Mosquera,Fecha de nacimiento,1963-08-15
Ernesto McCausland,Lugar de nacimiento,Barranquilla
Ernesto McCausland,Ocupación,escritor
Ernesto McCausland,Ciudadanía,Colombia
Ernesto McCausland,Premio recibido,Premio Nacional de Periodismo Simón Bolívar
Ernesto McCausland,Fecha de nacimiento,1961-01-04
Ernesto McCausland,Fecha de defunción,2012-11-21
Ernesto McCausland,Ocupación,periodista
Ernesto McCausland,Ocupación,director de cine
Jaider Romero,Lugar de nacimiento,Valledupar
Jaider Romero,Ocupación,futbolista
Jaider Romero,Ciudadanía,Colombia
Jaider Romero,Fecha de nacimiento,1982-05-22
Juan Guillermo Domínguez,Lugar de nacimiento,Bogotá
Juan Guillermo Domínguez,Ocupación,futbolista
Juan Guillermo Domínguez,Ciudadanía,Colombia
Juan Guillermo Domínguez,Fecha de nacimiento,1986-12-17
Edixon Perea,Lugar de nacimiento,Cali
Edixon Perea,Ocupación,futbolista
Edixon Perea,Ciudadanía,Colombia
Edixon Perea,Fecha de nacimiento,1984-04-20
Taliana Vargas,Lugar de nacimiento,Santa Marta
Taliana Vargas,Ocupación,actor
Taliana Vargas,Ciudadanía,Colombia
Taliana Vargas,Fecha de nacimiento,1987-12-20
Taliana Vargas,Ocupación,modelo
Taliana Vargas,Ocupación,participante en concursos de belleza
Stefanía Fernández,Lugar de nacimiento,Mérida
Stefanía Fernández,Ocupación,periodista
Stefanía Fernández,Ciudadanía,Venezuela
Stefanía Fernández,Premio recibido,Miss Universo 2009
Stefanía Fernández,Fecha de nacimiento,1990-09-04
Stefanía Fernández,Ocupación,modelo
Stefanía Fernández,Ocupación,participante en concursos de belleza
Stefanía Fernández,Premio recibido,Miss Venezuela 2008
Stefanía Fernández,Ciudadanía,Colombia
Piedad Bonnett Vélez,Lugar de nacimiento,Amalfi
Piedad Bonnett Vélez,Ocupación,escritor
Piedad Bonnett Vélez,Ciudadanía,Colombia
Piedad Bonnett Vélez,Educado en,Universidad de los Andes
Piedad Bonnett Vélez,Obra notable,libro
Piedad Bonnett Vélez,Premio recibido,Premio Reina Sofía de Poesía Iberoamericana
Piedad Bonnett Vélez,Fecha de nacimiento,1951-01-01
Piedad Bonnett Vélez,Ocupación,poeta
Piedad Bonnett Vélez,Ocupación,dramaturgo
Piedad Bonnett Vélez,Ocupación,crítico literario
Piedad Bonnett Vélez,Premio recibido,Premio José Lezama Lima
Cristina Umaña,Lugar de nacimiento,Ibagué
Cristina Umaña,Ocupación,actor
Cristina Umaña,Ciudadanía,Colombia
Cristina Umaña,Fecha de nacimiento,1974-12-24
Óscar Córdoba,Lugar de nacimiento,Cali
Óscar Córdoba,Ocupación,futbolista
Óscar Córdoba,Ciudadanía,Colombia
Óscar Córdoba,Fecha de nacimiento,1970-02-03
Óscar Córdoba,Fecha de nacimiento,1970-03-02
Óscar Muñoz Oviedo,Lugar de nacimiento,Valledupar
Óscar Muñoz Oviedo,Ocupación,taekwondista
Óscar Muñoz Oviedo,Ciudadanía,Colombia
Óscar Muñoz Oviedo,Fecha de nacimiento,1992-05-09
Óscar Muñoz Oviedo,Fecha de nacimiento,1993-05-09
Óscar Ruiz,Lugar de nacimiento,Villavicencio
Óscar Ruiz,Ocupación,abogado
Óscar Ruiz,Ciudadanía,Colombia
Óscar Ruiz,Educado en,Universidad Autónoma de Colombia
Óscar Ruiz,Miembro de,Departamento del Meta
Óscar Ruiz,Cargo,árbitro FIFA
Óscar Ruiz,Fecha de nacimiento,1969-11-01
Óscar Ruiz,Ocupación,árbitro de fútbol
Óscar Sevilla,Lugar de nacimiento,Albacete
Óscar Sevilla,Ocupación,ciclista
Óscar Sevilla,Ciudadanía,España
Óscar Sevilla,Fecha de nacimiento,1976-09-29
Óscar Sevilla,Ciudadanía,Colombia
Oscar Urbina Ortega,Lugar de nacimiento,Arboledas
Oscar Urbina Ortega,Ocupación,sacerdote católico
Oscar Urbina Ortega,Ciudadanía,Colombia
Oscar Urbina Ortega,Educado en,Seminario Mayor de Bogotá
Oscar Urbina Ortega,Cargo,obispo auxiliar
Oscar Urbina Ortega,Fecha de nacimiento,1947-04-13
Oscar Urbina Ortega,Ocupación,obispo católico
Oscar Urbina Ortega,Cargo,obispo titular
Oscar Urbina Ortega,Cargo,arzobispo católico
Oscar Urbina Ortega,Cargo,obispo de Cúcuta
Oscar Álvarez,Lugar de nacimiento,Antioquia
Oscar Álvarez,Ocupación,ciclista
Oscar Álvarez,Ciudadanía,Colombia
Oscar Álvarez,Fecha de nacimiento,1977-12-09
Bogotá,jefe de gobierno,Carlos Fernando Galán
Bogotá,país,Colombia
Bogotá,instancia de,distrito capital
Bogotá,instancia de,asentamiento
Bogotá,instancia de,municipio bajo jurisdicción central
guionista,sujeto tiene rol,escritor
guionista,instancia de,profesión del cine
guionista,género,guion
guionista,subclase de,escritor
Estados Unidos,forma de gobierno,república
Estados Unidos,forma de gobierno,presidencialismo
Estados Unidos,forma de gobierno,república federal
Estados Unidos,nombrado en referencia a,América
Estados Unidos,subdividido en (división administrativa),California
Encanto,actor de voz,John Leguizamo
Encanto,actor de voz,Wilmer Valderrama
Encanto,actor de voz,Adassa
Encanto,actor de voz,Angie Cepeda
Encanto,actor de voz,María Cecilia Botero
Armenia,país,Colombia
Armenia,instancia de,gran ciudad
Armenia,instancia de,municipio de Colombia
Armenia,instancia de,ciudad de Colombia
criminal,instancia de,clase social
criminal,instancia de,ocupación
criminal,subclase de,malhechor
criminal,subclase de,persona vinculada al derecho
criminal,ámbito de la ocupación,crimen
Alemania,miembro de,Organización para la Cooperación y el Desarrollo Económico
Alemania,miembro de,Organismo Internacional de Energía Atómica
Alemania,miembro de,Agencia Espacial Europea
Alemania,miembro de,Programa de exención de visa
Alemania,miembro de,Organización Internacional del Trabajo
Cartel de Medellín,país,Colombia
Cartel de Medellín,instancia de,cartel
Cartel de Medellín,campo de trabajo,terrorismo
Cartel de Medellín,campo de trabajo,narcotráfico
Cartel de Medellín,fundador,Pablo Escobar
Santa Marta,país,Colombia
Santa Marta,instancia de,gran ciudad
Santa Marta,instancia de,distrito de Colombia
Santa Marta,instancia de,ciudad de Colombia
Santa Marta,fundador,Rodrigo de Bastidas
futbolista,instancia de,profesión
futbolista,instancia de,ocupación
futbolista,subclase de,jugador competitivo
futbolista,subclase de,Jugador de fútbol
Suiza,capital,Berna
Suiza,idioma oficial,francés
Suiza,idioma oficial,alemán
Suiza,idioma oficial,italiano
Suiza,idioma oficial,romanche
Colombia,jefe de gobierno,Gustavo Petro
Colombia,continente,América del Sur
Colombia,instancia de,país
Colombia,instancia de,república
Colombia,instancia de,Estado laico
Medellín,jefe de gobierno,Federico Gutiérrez
Medellín,país,Colombia
Medellín,instancia de,ciudad
Medellín,instancia de,gran ciudad
Medellín,instancia de,municipio de Colombia
entrenador,instancia de,profesión
entrenador,instancia de,ocupación
entrenador,ámbito de la ocupación,fútbol
entrenador,deporte,fútbol
Cali,país,Colombia
Cali,instancia de,ciudad
Cali,instancia de,gran ciudad
Cali,instancia de,municipio de Colombia
Cali,fundador,Sebastián de Belalcázar
Barranquilla,jefe de gobierno,Jaime Pumarejo
Barranquilla,país,Colombia
Barranquilla,continente,América del Sur
Barranquilla,instancia de,gran ciudad
Barranquilla,instancia de,municipio de Colombia
escritor,instancia de,profesión
escritor,instancia de,ocupación
escritor,subclase de,autor
escritor,subclase de,artista
Premio Nacional de Periodismo Simón Bolívar,país,Colombia
Premio Nacional de Periodismo Simón Bolívar,instancia de,distinción
Premio Nacional de Periodismo Simón Bolívar,instancia de,premio de periodismo
Premio Nacional de Periodismo Simón Bolívar,nombrado en referencia a,Jesús María Pellín
Valledupar,país,Colombia
Valledupar,instancia de,ciudad
Valledupar,instancia de,gran ciudad
Valledupar,instancia de,municipio de Colombia
Valledupar,himno,Himno de Valledupar
actor,instancia de,profesión
actor,instancia de,ocupación
actor,instancia de,grupo de ocupaciones de la CIUO
actor,subclase de,artista escénico
modelo,instancia de,profesión
modelo,subclase de,profesional de la moda
modelo,ámbito de la ocupación,modelaje
modelo,categoría principal del tema,Categoría:Modelos
Mérida,país,Venezuela
Mérida,instancia de,ciudad
Mérida,instancia de,gran ciudad
Mérida,idioma oficial,español venezolano
Mérida,himno,Mérida State Anthem
periodista,instancia de,profesión
periodista,instancia de,cargo
periodista,instancia de,ocupación
periodista,instancia de,grupo de ocupaciones de la CIUO
periodista,subclase de,autor
Venezuela,instancia de,país
Venezuela,instancia de,estado soberano
Venezuela,jefe de Estado,Nicolás Maduro
Venezuela,jefe de Estado,Juan Guaidó
Venezuela,capital,Caracas
Miss Universo 2009,instancia de,edición de concurso de belleza
Miss Universo 2009,precedido por,Miss Universo 2008
Miss Universo 2009,sucedido por,Miss Universo 2010
Miss Universo 2009,serie,Miss Universo
Miss Universo 2009,ubicación,Nasáu
Amalfi,país,Colombia
Amalfi,instancia de,municipio de Colombia
Amalfi,situado en la entidad territorial administrativa,Nordeste antioqueño
Amalfi,categoría principal del tema,Categoría:Amalfi (Antioquia)
Universidad de los Andes,país,Colombia
Universidad de los Andes,instancia de,universidad
Universidad de los Andes,instancia de,universidad privada
Universidad de los Andes,instancia de,editor de acceso abierto
Universidad de los Andes,fundador,Mario Laserna Pinzón
libro,instancia de,tipo de publicación
libro,instancia de,tipo de medios de comunicación
libro,subclase de,documento
libro,subclase de,medio de comunicación
libro,subclase de,publicación
Ibagué,país,Colombia
Ibagué,instancia de,ciudad
Ibagué,instancia de,gran ciudad
Ibagué,instancia de,municipio de Colombia
Ibagué,situado en la entidad territorial administrativa,Tolima
taekwondista,instancia de,profesión
taekwondista,instancia de,ocupación
taekwondista,subclase de,deportista
taekwondista,ámbito de la ocupación,taekwondo
taekwondista,ámbito de la ocupación,taekwondo adaptado
Villavicencio,país,Colombia
Villavicencio,instancia de,gran ciudad
Villavicencio,instancia de,municipio de Colombia
Villavicencio,instancia de,ciudad de Colombia
Villavicencio,comparte fronteras con,Cundinamarca
abogado,instancia de,profesión jurídica
abogado,subclase de,jurista
abogado,santo patrón,Catalina de Alejandría
abogado,santo patrón,Alfonso María de Ligorio
abogado,santo patrón,Raimundo de Peñafort
Universidad Autónoma de Colombia,país,Colombia
Universidad Autónoma de Colombia,instancia de,universidad
Universidad Autónoma de Colombia,instancia de,editor de acceso abierto
Universidad Autónoma de Colombia,situado en la entidad territorial administrativa,Bogotá
Universidad Autónoma de Colombia,miembro de,Asociación Colombiana de Universidades
Departamento del Meta,país,Colombia
Departamento del Meta,instancia de,departamento de Colombia
Departamento del Meta,capital,Villavicencio
Departamento del Meta,comparte fronteras con,Casanare
Departamento del Meta,comparte fronteras con,Caquetá
Albacete,país,España
Albacete,continente,Europa
Albacete,instancia de,municipio de España
Albacete,capital,Ciudad de Albacete
Albacete,comparte fronteras con,Valdeganga
ciclista,instancia de,profesión
ciclista,instancia de,deportista
ciclista,subclase de,ciclista
ciclista,ámbito de la ocupación,ciclismo de competición
España,jefe de gobierno,Pedro Sánchez
España,continente,Europa
España,instancia de,país
España,instancia de,Estado nación
España,instancia de,reino
Arboledas,país,Colombia
Arboledas,instancia de,municipio de Colombia
Arboledas,situado en la entidad territorial administrativa,Norte de Santander
sacerdote católico,instancia de,vocación católica
sacerdote católico,religión,catolicismo
sacerdote católico,religión,Iglesia católica
sacerdote católico,subclase de,sacerdote
sacerdote católico,subclase de,presbítero
Seminario Mayor de Bogotá,país,Colombia
Seminario Mayor de Bogotá,instancia de,institución académica
Seminario Mayor de Bogotá,instancia de,seminario católico
Seminario Mayor de Bogotá,situado en la entidad territorial administrativa,Bogotá
obispo auxiliar,instancia de,función episcopal
obispo auxiliar,instancia de,vocación católica
obispo auxiliar,religión,catolicismo
obispo auxiliar,subclase de,obispo
obispo auxiliar,subclase de,obispo católico
Antioquia,país,Colombia
Antioquia,instancia de,departamento de Colombia
Antioquia,capital,Medellín
Antioquia,idioma oficial,español
Antioquia,comparte fronteras con,Risaralda
Felipe González,Lugar de nacimiento,Sevilla
Felipe González,Ocupación,escritor
Felipe González,Ciudadanía,España
Felipe González,Educado en,Universidad de Lovaina
Felipe González,Miembro de,Fundación Alternativas
Felipe González,Cargo,Presidente del Gobierno de España
Felipe González,Premio recibido,Orden del Mérito de la República de Austria
Felipe González,Fecha de nacimiento,1942-03-05
Felipe González,Ocupación,empresario
Felipe González,Ocupación,político
Felipe González,Ocupación,jurista
Felipe González,Ocupación,profesor universitario
Felipe González,Ocupación,abogado laboralista
Felipe González,Premio recibido,Premio Carlomagno
Felipe González,Premio recibido,Orden de Cristo
Felipe González,Cargo,diputado de España
Felipe González,Cargo,secretario general del Partido Socialista Obrero Español
Íngrid Betancourt,Lugar de nacimiento,Bogotá
Íngrid Betancourt,Ocupación,político
Íngrid Betancourt,Ciudadanía,Francia
Íngrid Betancourt,Educado en,Instituto de Estudios Políticos de París
Íngrid Betancourt,Cargo,miembro de la Cámara de Representantes de Colombia
Íngrid Betancourt,Premio recibido,Premios TVyNovelas (México)
Íngrid Betancourt,Fecha de nacimiento,1961-12-25
Íngrid Betancourt,Premio recibido,Petra-Kelly-Preis
Íngrid Betancourt,Premio recibido,Medalla Geuzen
Íngrid Betancourt,Premio recibido,Premio Princesa de Asturias de la Concordia
Íngrid Betancourt,Premio recibido,Caballero de la Orden Nacional de la Legión de Honor
Íngrid Betancourt,Premio recibido,Ciudadano Honorario de París
Íngrid Betancourt,Premio recibido,100 Mujeres de la BBC
Íngrid Betancourt,Premio recibido,doctor honoris causa por la Universidad de Montreal
Íngrid Betancourt,Premio recibido,Premios M100 Media
Íngrid Betancourt,Ciudadanía,Colombia
Íngrid Betancourt,Ciudadanía,Seychelles
Íngrid Betancourt,Educado en,Harris Manchester College
Íngrid Betancourt,Educado en,Liceo Francés de Bogotá
Íngrid Betancourt,Cargo,senador de Colombia
John Parra,Lugar de nacimiento,Bogotá
John Parra,Ocupación,ciclista
John Parra,Ciudadanía,Colombia
John Parra,Fecha de nacimiento,1974-11-09
Felipe González,Miembro de,Juventudes Socialistas de España
Felipe González,Premio recibido,Orden de Isabel la Católica
Felipe González,Premio recibido,Orden del Direkgunabhorn
Felipe González,Premio recibido,Orden del Halcón
Felipe González,Premio recibido,Orden El Sol del Perú
Felipe González,Premio recibido,Orden del Quetzal
Felipe González,Premio recibido,Orden Nacional José Martí
Felipe González,Premio recibido,Premio Point Alpha
Felipe González,Premio recibido,Hijo Predilecto de Andalucía
Felipe González,Premio recibido,Collar de la Orden de Isabel la Católica
Felipe González,Educado en,Universidad de Sevilla
Felipe González,Premio recibido,Gran Cruz de la Orden El Sol del Perú
Felipe González,Premio recibido,Gran Cruz del Mérito Militar con distintivo blanco
Felipe González,Premio recibido,Medalla de Oro de Madrid
Felipe González,Ciudadanía,Colombia
Felipe González,Educado en,Instituto San Isidoro
Felipe González,Ciudadanía,República Dominicana
Felipe González,Premio recibido,Gran Cruz de la Orden del Quetzal
Felipe González,Premio recibido,Gran Cruz de la Orden Militar de Cristo
Felipe González,Premio recibido,doctor honoris causa por la Universidad de Toulouse II
Felipe González,Premio recibido,The City of Athens Democracy Award
Alfredo Di Stéfano,Lugar de nacimiento,Buenos Aires
Alfredo Di Stéfano,Ocupación,entrenador
Alfredo Di Stéfano,Ciudadanía,Colombia
Alfredo Di Stéfano,Premio recibido,Gran Cruz de la Real Orden del Mérito Deportivo
Alfredo Di Stéfano,Fecha de nacimiento,1926-07-04
Alfredo Di Stéfano,Fecha de defunción,2014-07-07
Alfredo Di Stéfano,Ocupación,futbolista
Leiton Jiménez,Lugar de nacimiento,Chocó
Leiton Jiménez,Ocupación,futbolista
Leiton Jiménez,Ciudadanía,Colombia
Leiton Jiménez,Fecha de nacimiento,1989-04-26
Lupe Fuentes,Lugar de nacimiento,Santa Cruz de Tenerife
Lupe Fuentes,Ocupación,actor
Lupe Fuentes,Ciudadanía,España
Lupe Fuentes,Miembro de,The Ex-Girlfriends
Lupe Fuentes,Premio recibido,Fans of Adult Media and Entertainment Awards
Lupe Fuentes,Fecha de nacimiento,1987-01-27
Lupe Fuentes,Ocupación,disc-jockey
Lupe Fuentes,Ocupación,productor discográfico
Lupe Fuentes,Ocupación,actor pornográfico
Lupe Fuentes,Ocupación,modelo
Lupe Fuentes,Ciudadanía,Colombia
Edgar Rentería,Lugar de nacimiento,Barranquilla
Edgar Rentería,Ocupación,beisbolista
Edgar Rentería,Ciudadanía,Colombia
Edgar Rentería,Premio recibido,Guante de Oro
Edgar Rentería,Fecha de nacimiento,1975-08-07
Ricardo Londoño,Lugar de nacimiento,Medellín
Ricardo Londoño,Ocupación,ingeniero
Ricardo Londoño,Ciudadanía,Colombia
Ricardo Londoño,Fecha de nacimiento,1949-08-08
Ricardo Londoño,Fecha de defunción,2009-07-18
Ricardo Londoño,Ocupación,piloto de carreras
Ricardo Londoño,Ocupación,piloto de automovilismo
Ricardo Londoño,Ocupación,narcotraficante
Ricardo Londoño,Ocupación,piloto de Fórmula Uno
Juan Pablo Montoya,Lugar de nacimiento,Bogotá
Juan Pablo Montoya,Ocupación,piloto de automovilismo
Juan Pablo Montoya,Ciudadanía,Colombia
Juan Pablo Montoya,Premio recibido,NASCAR Rookie of the Year
Juan Pablo Montoya,Fecha de nacimiento,1975-09-20
Juan Pablo Montoya,Ocupación,piloto de Fórmula Uno
Juan Pablo Montoya,Premio recibido,Indianapolis 500 Rookie of the Year
Julián Rodas,Lugar de nacimiento,Pereira
Julián Rodas,Ocupación,ciclista
Julián Rodas,Ciudadanía,Colombia
Julián Rodas,Fecha de nacimiento,1982-01-02
José de Jesús Pimiento Rodriguez,Lugar de nacimiento,Zapatoca
José de Jesús Pimiento Rodriguez,Ocupación,sacerdote católico
José de Jesús Pimiento Rodriguez,Ciudadanía,Colombia
José de Jesús Pimiento Rodriguez,Educado en,Seminario Mayor de Bogotá
José de Jesús Pimiento Rodriguez,Cargo,cardenal
José de Jesús Pimiento Rodriguez,Premio recibido,Caballero Gran Cruz de la Orden del Santo Sepulcro
José de Jesús Pimiento Rodriguez,Fecha de nacimiento,1919-02-18
José de Jesús Pimiento Rodriguez,Fecha de defunción,2019-09-03
José de Jesús Pimiento Rodriguez,Ocupación,obispo católico
José de Jesús Pimiento Rodriguez,Cargo,obispo auxiliar
José de Jesús Pimiento Rodriguez,Cargo,obispo titular
José de Jesús Pimiento Rodriguez,Cargo,obispo diocesano
José de Jesús Pimiento Rodriguez,Cargo,arzobispo católico
Sara Tunes,Lugar de nacimiento,Medellín
Sara Tunes,Ocupación,compositor
Sara Tunes,Ciudadanía,Colombia
Sara Tunes,Fecha de nacimiento,1994-10-05
Sara Tunes,Ocupación,cantante
Luis Gabriel Romero Franco,Lugar de nacimiento,Bogotá
Luis Gabriel Romero Franco,Ocupación,sacerdote católico
Luis Gabriel Romero Franco,Ciudadanía,Colombia
Luis Gabriel Romero Franco,Cargo,obispo auxiliar
Luis Gabriel Romero Franco,Fecha de nacimiento,1935-03-01
Luis Gabriel Romero Franco,Ocupación,obispo católico
Luis Gabriel Romero Franco,Cargo,obispo titular
Luis Gabriel Romero Franco,Cargo,obispo diocesano
Álvaro Uribe Vélez,Lugar de nacimiento,Medellín
Álvaro Uribe Vélez,Ocupación,escritor
Álvaro Uribe Vélez,Ciudadanía,Colombia
Álvaro Uribe Vélez,Educado en,Universidad Harvard
Álvaro Uribe Vélez,Empleador,Universidad de Georgetown
Álvaro Uribe Vélez,Cargo,Presidente de Colombia
Álvaro Uribe Vélez,Premio recibido,Medalla Presidencial de la Libertad
Álvaro Uribe Vélez,Fecha de nacimiento,1952-07-04
Álvaro Uribe Vélez,Ocupación,abogado
Álvaro Uribe Vélez,Ocupación,político
Álvaro Uribe Vélez,Premio recibido,Premio Xavier Villaurrutia
Álvaro Uribe Vélez,Premio recibido,Collar de la Orden de Isabel la Católica
Álvaro Uribe Vélez,Premio recibido,Golden Plate Award
Álvaro Uribe Vélez,Premio recibido,doctorado honoris causa por la universidad de Beijing
Álvaro Uribe Vélez,Premio recibido,Medalla de la República Oriental del Uruguay
Álvaro Uribe Vélez,Educado en,Escuela de Derecho Harvard
Álvaro Uribe Vélez,Educado en,Universidad de Antioquia
Álvaro Uribe Vélez,Educado en,St Antony's College
Álvaro Uribe Vélez,Cargo,senador de Colombia
Alfredo Di Stéfano,Ciudadanía,España
Alfredo Di Stéfano,Premio recibido,Trofeo Pichichi
Alfredo Di Stéfano,Premio recibido,Ciudadano ilustre de la Ciudad de Buenos Aires
Alfredo Di Stéfano,Premio recibido,UEFA President's Award
Alfredo Di Stéfano,Ciudadanía,Argentina
Alfredo Di Stéfano,Premio recibido,Balón de Oro
Álvaro Uribe Vélez,Educado en,Harvard Extension School
Pablo Escobar,Lugar de nacimiento,Rionegro
Pablo Escobar,Ocupación,político
Pablo Escobar,Ciudadanía,Colombia
Pablo Escobar,Miembro de,Cartel de Medellín
Pablo Escobar,Cargo,director
Pablo Escobar,Fecha de nacimiento,1949-12-01
Pablo Escobar,Fecha de defunción,1993-12-02
Pablo Escobar,Ocupación,libertador de la patria
Pablo Escobar,Cargo,miembro de la Cámara de Representantes de Colombia
Carlos Valderrama,Lugar de nacimiento,Santa Marta
Carlos Valderrama,Ocupación,futbolista
Carlos Valderrama,Ciudadanía,Colombia
Carlos Valderrama,Fecha de nacimiento,1961-09-02
Jhon Córdoba,Lugar de nacimiento,Istmina
Jhon Córdoba,Ocupación,futbolista
Jhon Córdoba,Ciudadanía,Colombia
Jhon Córdoba,Fecha de nacimiento,1993-05-11
Andrés Escobar,Lugar de nacimiento,Rasht and Khomam
Andrés Escobar,Ocupación,futbolista
Andrés Escobar,Ciudadanía,Colombia
Andrés Escobar,Fecha de nacimiento,1967-03-13
Andrés Escobar,Fecha de defunción,1994-07-02
Elkin Soto,Lugar de nacimiento,Manizales
Elkin Soto,Ocupación,futbolista
Elkin Soto,Ciudadanía,Colombia
Elkin Soto,Fecha de nacimiento,1980-08-04
Gustavo Gómez Córdoba,Lugar de nacimiento,Medellín
Gustavo Gómez Córdoba,Ocupación,periodista
Gustavo Gómez Córdoba,Ciudadanía,Colombia
Gustavo Gómez Córdoba,Educado en,Pontificia Universidad Javeriana
Gustavo Gómez Córdoba,Empleador,Caracol Radio
Gustavo Gómez Córdoba,Premio recibido,Premio Nacional de Periodismo Simón Bolívar
Gustavo Gómez Córdoba,Fecha de nacimiento,1967-01-01
Sevilla,jefe de gobierno,Juan Espadas Cejas
Sevilla,país,España
Sevilla,continente,Europa
Sevilla,instancia de,municipio de España
Sevilla,capital,Ciudad de Sevilla
Universidad de Lovaina,instancia de,universidad
Universidad de Lovaina,faceta de,Universidad Católica de Lovaina
Universidad de Lovaina,faceta de,Studium Generale Lovaniense
Universidad de Lovaina,faceta de,KU Leuven
Fundación Alternativas,país,España
Fundación Alternativas,instancia de,organización
Fundación Alternativas,instancia de,think tank
Fundación Alternativas,situado en la entidad territorial administrativa,Madrid
Fundación Alternativas,ubicación de la sede,calle de Don Ramón de la Cruz
político,instancia de,profesión
político,instancia de,frecuentemente
político,subclase de,profesional
político,ámbito de la ocupación,política
político,categoría principal del tema,Categoría:Políticos
Francia,jefe de gobierno,Sébastien Lecornu
Francia,continente,Europa
Francia,instancia de,país
Francia,instancia de,república
Francia,instancia de,estado soberano
Instituto de Estudios Políticos de París,país,Francia
Instituto de Estudios Políticos de París,instancia de,organización
Instituto de Estudios Políticos de París,instancia de,Gran Escuela
Instituto de Estudios Políticos de París,instancia de,universidad pública
Instituto de Estudios Políticos de París,instancia de,grand établissement
miembro de la Cámara de Representantes de Colombia,país,Colombia
miembro de la Cámara de Representantes de Colombia,instancia de,cargo
miembro de la Cámara de Representantes de Colombia,subclase de,diputado
miembro de la Cámara de Representantes de Colombia,forma parte de,Cámara de Representantes de Colombia
miembro de la Cámara de Representantes de Colombia,categoría principal del tema,Categoría:Miembros de la Cámara de Representantes de Colombia
Buenos Aires,país,Argentina
Buenos Aires,continente,América
Buenos Aires,instancia de,entidad territorial administrativa
Buenos Aires,instancia de,circunscripción electoral
Buenos Aires,instancia de,capital federal
Gran Cruz de la Real Orden del Mérito Deportivo,país,España
Gran Cruz de la Real Orden del Mérito Deportivo,instancia de,grado de una orden
Gran Cruz de la Real Orden del Mérito Deportivo,subclase de,Gran Cruz de la Orden Nacional de la Legión de Honor
Gran Cruz de la Real Orden del Mérito Deportivo,forma parte de,Real Orden del Mérito Deportivo
Gran Cruz de la Real Orden del Mérito Deportivo,conferido por,Consejo de Ministros de España
Chocó,país,Colombia
Chocó,instancia de,departamento de Colombia
Chocó,comparte fronteras con,Valle del Cauca
Santa Cruz de Tenerife,jefe de gobierno,Patricia Hernández Gutiérrez
Santa Cruz de Tenerife,país,España
Santa Cruz de Tenerife,continente,Europa
Santa Cruz de Tenerife,instancia de,municipio de España
Santa Cruz de Tenerife,capital,Santa Cruz de Tenerife
Fans of Adult Media and Entertainment Awards,país,Estados Unidos
Fans of Adult Media and Entertainment Awards,ubicación de la sede,Los Ángeles
Fans of Adult Media and Entertainment Awards,ubicación,Los Ángeles
beisbolista,instancia de,profesión
beisbolista,subclase de,deportista
beisbolista,subclase de,jugador competitivo
beisbolista,ámbito de la ocupación,béisbol
beisbolista,ámbito de la ocupación,béisbol femenino
Guante de Oro,país,Canadá
Guante de Oro,país,Estados Unidos
Guante de Oro,instancia de,premio deportivo
Guante de Oro,nombrado en referencia a,guante
Guante de Oro,nombrado en referencia a,Rawlings
ingeniero,categoría relacionada,Categoría:Ingenieros químicos
ingeniero,instancia de,profesión
ingeniero,instancia de,cargo
ingeniero,elemento operado,producto
piloto de automovilismo,instancia de,profesión
piloto de automovilismo,instancia de,ocupación
piloto de automovilismo,elemento operado,automóvil de carreras
piloto de automovilismo,subclase de,piloto de carreras
piloto de automovilismo,ámbito de la ocupación,automovilismo
Pereira,país,Colombia
Pereira,instancia de,ciudad
Pereira,instancia de,gran ciudad
Pereira,situado en la entidad territorial administrativa,Risaralda
Pereira,bandera,bandera de Pereira
Zapatoca,país,Colombia
Zapatoca,instancia de,municipio de Colombia
Zapatoca,situado en la entidad territorial administrativa,Santander
cardenal,instancia de,título
cardenal,instancia de,cargo
cardenal,instancia de,vocación católica
cardenal,título nobiliario,titulus
cardenal,religión,catolicismo
compositor,instancia de,ocupación
compositor,instancia de,profesión musical
compositor,subclase de,autor
compositor,subclase de,músico
compositor,santo patrón,Cecilia de Roma
cantante,instancia de,grupo de ocupaciones de la CIUO
cantante,instancia de,ocupación en la música
cantante,subclase de,músico
cantante,ámbito de la ocupación,canto
Universidad Harvard,filial,Escuela de Medicina Harvard
Universidad Harvard,filial,Escuela de Derecho Harvard
Universidad Harvard,filial,Escuela de Negocios Harvard
Universidad Harvard,filial,Escuela de Gobierno John F. Kennedy
Universidad de Georgetown,ubicación,Georgetown
Universidad de Georgetown,se encuentra en el huso horario,Horario del este de Norteamérica
Universidad de Georgetown,industria,educación superior
Universidad de Georgetown,color,azul
Rionegro,país,Colombia
Rionegro,instancia de,municipio de Colombia
Rionegro,situado en la entidad territorial administrativa,Oriente antioqueño
Rionegro,categoría principal del tema,Categoría:Rionegro (Antioquia)
Rionegro,categoría para las personas que nacieron aquí,Categoría:Nacidos en Rionegro (Antioquia)
director,instancia de,profesión
director,instancia de,función
director,instancia de,cargo
director,instancia de,ocupación
Istmina,país,Colombia
Istmina,instancia de,municipio de Colombia
Istmina,situado en la entidad territorial administrativa,Chocó
Istmina,situado cerca del cuerpo de agua,Río San Juan
Istmina,categoría principal del tema,Categoría:Istmina
Manizales,país,Colombia
Manizales,instancia de,ciudad de Colombia
Manizales,situado en la entidad territorial administrativa,Centrosur
Manizales,ciudad hermana,Rosario
Manizales,ciudad hermana,Benidorm
Pontificia Universidad Javeriana,país,Colombia
Pontificia Universidad Javeriana,instancia de,universidad católica
Pontificia Universidad Javeriana,instancia de,universidad pontificia
Pontificia Universidad Javeriana,instancia de,editor de acceso abierto
Pontificia Universidad Javeriana,instancia de,universidad jesuita
Caracol Radio,país,Colombia
Caracol Radio,instancia de,emisora de radio
Caracol Radio,propiedad de,Grupo Prisa
Caracol Radio,diferente de,Caracol Televisión
Sofía Vergara,Lugar de nacimiento,Barranquilla
Sofía Vergara,Ocupación,productor de cine
Sofía Vergara,Ciudadanía,Colombia
Sofía Vergara,Educado en,Marymount International School Barranquilla
Sofía Vergara,Empleador,American Broadcasting Company
Sofía Vergara,Premio recibido,Premio del Sindicato de Actores al mejor reparto de televisión - Comedia
Sofía Vergara,Fecha de nacimiento,1972-07-10
Sofía Vergara,Ocupación,modelo
Sofía Vergara,Ocupación,actor de televisión
Sofía Vergara,Ocupación,actor de cine
Sofía Vergara,Ocupación,actor
Sofía Vergara,Premio recibido,NAACP Image Award for Outstanding Supporting Actress in a Comedy Series
Sofía Vergara,Ocupación,productor de televisión
Sofía Vergara,Ocupación,presentador de televisión
Sofía Vergara,Ocupación,actor de voz
Sofía Vergara,Premio recibido,Estrella del Paseo de la Fama de Hollywood
Sofía Vergara,Empleador,PepsiCo
Sofía Vergara,Empleador,Univision
Sofía Vergara,Empleador,Comcast
Sofía Vergara,Empleador,CoverGirl
Sofía Vergara,Ciudadanía,Estados Unidos
Sofía Vergara,Educado en,Universidad Nacional de Colombia
Freddy Rincón,Lugar de nacimiento,Buenaventura
Freddy Rincón,Ocupación,entrenador
Freddy Rincón,Ciudadanía,Colombia
Freddy Rincón,Fecha de nacimiento,1966-08-14
Freddy Rincón,Fecha de defunción,2022-04-13
Freddy Rincón,Ocupación,futbolista
Zulay Henao,Lugar de nacimiento,Medellín
Zulay Henao,Ocupación,actor
Zulay Henao,Ciudadanía,Estados Unidos
Zulay Henao,Fecha de nacimiento,1979-05-29
Zulay Henao,Ocupación,actor de televisión
Zulay Henao,Ocupación,actor de cine
Zulay Henao,Ciudadanía,Colombia
Catalina Sandino,Lugar de nacimiento,Bogotá
Catalina Sandino,Ocupación,actor
Catalina Sandino,Ciudadanía,Colombia
Catalina Sandino,Educado en,Pontificia Universidad Javeriana
Catalina Sandino,Premio recibido,Anexo:Oso de Plata a la mejor interpretación femenina
Catalina Sandino,Fecha de nacimiento,1981-04-19
Catalina Sandino,Ocupación,pintor
Catalina Sandino,Ocupación,actor de cine
Catalina Sandino,Premio recibido,Anexo:Independent Spirit Award a la mejor actriz protagonista
Catalina Sandino,Educado en,Instituto de Teatro y Cine Lee Strasberg
Iván Ramiro Córdoba,Lugar de nacimiento,Medellín
Iván Ramiro Córdoba,Ocupación,futbolista
Iván Ramiro Córdoba,Ciudadanía,Colombia
Iván Ramiro Córdoba,Fecha de nacimiento,1976-08-11
Danna García,Lugar de nacimiento,Medellín
Danna García,Ocupación,músico
Danna García,Ciudadanía,Colombia
Danna García,Fecha de nacimiento,1978-02-04
Danna García,Ocupación,actor de teatro
Danna García,Ocupación,actor de cine
Sofía Vergara,Empleador,Kmart
Sofía Vergara,Empleador,State Farm Insurance
Sofía Vergara,Empleador,Rooms To Go
Mariana Duque Mariño,Lugar de nacimiento,Bogotá
Mariana Duque Mariño,Ocupación,tenista
Mariana Duque Mariño,Ciudadanía,Colombia
Mariana Duque Mariño,Fecha de nacimiento,1989-08-12
Fabiola Zuluaga,Lugar de nacimiento,Cúcuta
Fabiola Zuluaga,Ocupación,periodista
Fabiola Zuluaga,Ciudadanía,Colombia
Fabiola Zuluaga,Fecha de nacimiento,1979-01-07
Fabiola Zuluaga,Ocupación,tenista
René Higuita,Lugar de nacimiento,Medellín
René Higuita,Ocupación,futbolista
René Higuita,Ciudadanía,Colombia
René Higuita,Fecha de nacimiento,1966-08-27
Manuel Acisclo Córdoba,Lugar de nacimiento,Istmina
Manuel Acisclo Córdoba,Ocupación,futbolista
Manuel Acisclo Córdoba,Ciudadanía,Colombia
Manuel Acisclo Córdoba,Fecha de nacimiento,1960-02-10
Hugo Rodallega,Lugar de nacimiento,Candelaria
Hugo Rodallega,Ocupación,futbolista
Hugo Rodallega,Ciudadanía,Colombia
Hugo Rodallega,Fecha de nacimiento,1985-07-25
Arley Dinas,Lugar de nacimiento,Caloto
Arley Dinas,Ocupación,futbolista
Arley Dinas,Ciudadanía,Colombia
Arley Dinas,Fecha de nacimiento,1974-05-16
Silvestre Dangond,Lugar de nacimiento,Urumita
Silvestre Dangond,Ocupación,cantante
Silvestre Dangond,Ciudadanía,Colombia
Silvestre Dangond,Premio recibido,Premio Grammy Latino por mejor álbum de cumbia/vallenato
Silvestre Dangond,Fecha de nacimiento,1980-05-12
Silvestre Dangond,Ocupación,artista discográfico
Pedro Rubiano Sáenz,Lugar de nacimiento,Cartago
Pedro Rubiano Sáenz,Ocupación,sacerdote católico
Pedro Rubiano Sáenz,Ciudadanía,Colombia
Pedro Rubiano Sáenz,Cargo,cardenal
Pedro Rubiano Sáenz,Fecha de nacimiento,1932-09-13
Pedro Rubiano Sáenz,Fecha de defunción,2024-04-15
Pedro Rubiano Sáenz,Ocupación,obispo católico
Pedro Rubiano Sáenz,Cargo,arzobispo católico
Pedro Rubiano Sáenz,Cargo,obispo de Cúcuta
Pedro Rubiano Sáenz,Cargo,Arzobispo de Bogotá
Pedro Rubiano Sáenz,Cargo,arzobispo coadjutor
Harold Reina,Lugar de nacimiento,Yumbo
Harold Reina,Ocupación,futbolista
Harold Reina,Ciudadanía,Colombia
Harold Reina,Fecha de nacimiento,1990-07-18
Álex Aguinaga,Lugar de nacimiento,Ibarra
Álex Aguinaga,Ocupación,futbolista
Álex Aguinaga,Ciudadanía,Ecuador
Álex Aguinaga,Fecha de nacimiento,1968-07-09
Álex Aguinaga,Fecha de nacimiento,1969-06-07
Álex Aguinaga,Ciudadanía,Colombia
Álvaro José Domínguez,Lugar de nacimiento,El Cerrito
Álvaro José Domínguez,Ocupación,futbolista
Álvaro José Domínguez,Ciudadanía,Colombia
Álvaro José Domínguez,Fecha de nacimiento,1981-06-10
Álvaro Escobar-Molina,Lugar de nacimiento,Colombia
Álvaro Escobar-Molina,Ocupación,escritor
Álvaro Escobar-Molina,Ciudadanía,Colombia
Álvaro Escobar-Molina,Fecha de nacimiento,1943-01-01
Álvaro Gómez,Ocupación,nadador
Álvaro Gómez,Ciudadanía,Colombia
Álvaro Gómez,Fecha de nacimiento,1937-01-01
Álvaro Mejía,Lugar de nacimiento,Santa Rosa de Cabal
Álvaro Mejía,Ocupación,médico
Álvaro Mejía,Ciudadanía,Colombia
Álvaro Mejía,Fecha de nacimiento,1967-01-19
Álvaro Mejía,Ocupación,ciclista
productor de cine,instancia de,profesión del cine
productor de cine,subclase de,productor
productor de cine,ámbito de la ocupación,producción cinematográfica
American Broadcasting Company,país,Estados Unidos
American Broadcasting Company,instancia de,cadena de radio
American Broadcasting Company,instancia de,cadena de televisión
American Broadcasting Company,instancia de,emisora de televisión
American Broadcasting Company,instancia de,productora de cine
Buenaventura,país,Colombia
Buenaventura,instancia de,municipio de Colombia
Buenaventura,instancia de,distrito de Colombia
Buenaventura,fundador,Juan Ladrillero
Buenaventura,situado en la entidad territorial administrativa,Valle del Cauca
actor de televisión,instancia de,profesión
actor de televisión,subclase de,actor
actor de televisión,ámbito de la ocupación,actuación para la televisión
actor de televisión,categoría principal del tema,Categoría:Actores de televisión
Anexo:Oso de Plata a la mejor interpretación femenina,país,Alemania
Anexo:Oso de Plata a la mejor interpretación femenina,instancia de,categoría de un premio
Anexo:Oso de Plata a la mejor interpretación femenina,instancia de,premio a la mejor actriz protagonista
Anexo:Oso de Plata a la mejor interpretación femenina,forma parte de,Oso de Plata
Anexo:Oso de Plata a la mejor interpretación femenina,opuesto a,Anexo:Oso de Plata a la mejor interpretación masculina
músico,instancia de,ocupación
músico,instancia de,profesión musical
músico,ocupación,pintor
músico,subclase de,artista
músico,ámbito de la ocupación,música
actor de teatro,instancia de,oficio del teatro
actor de teatro,subclase de,actor
actor de teatro,ámbito de la ocupación,teatro
actor de teatro,categoría principal del tema,Categoría:Actores de teatro
tenista,instancia de,profesión
tenista,subclase de,deportista
tenista,subclase de,jugador competitivo
tenista,ámbito de la ocupación,tenis
tenista,ámbito de la ocupación,tenis femenino
Cúcuta,categoría de personas relacionadas,Categoría:Personas de Cúcuta
Cúcuta,geografía,geografía de Cúcuta
Cúcuta,lista de interés para el proyecto Wikimedia,Wikiproyecto:Zika Corpus
Candelaria,país,Colombia
Candelaria,instancia de,municipio de Colombia
Candelaria,situado en la entidad territorial administrativa,Valle del Cauca
Caloto,país,Colombia
Caloto,instancia de,municipio de Colombia
Caloto,situado en la entidad territorial administrativa,Cauca
Caloto,categoría principal del tema,Categoría:Caloto
Caloto,categoría para las personas que nacieron aquí,Categoría:Nacidos en Caloto
Urumita,país,Colombia
Urumita,instancia de,municipio de Colombia
Urumita,situado en la entidad territorial administrativa,La Guajira
Urumita,categoría principal del tema,Categoría:Urumita
Urumita,categoría para las personas que nacieron aquí,Categoría:Nacidos en Urumita
Premio Grammy Latino por mejor álbum de cumbia/vallenato,país,Estados Unidos
Premio Grammy Latino por mejor álbum de cumbia/vallenato,instancia de,Premios Grammy Latinos
Premio Grammy Latino por mejor álbum de cumbia/vallenato,instancia de,categoría de un premio
Premio Grammy Latino por mejor álbum de cumbia/vallenato,subclase de,premio al mejor álbum (por género)
Premio Grammy Latino por mejor álbum de cumbia/vallenato,forma parte de,Premios Grammy Latinos
Cartago,país,Colombia
Cartago,instancia de,municipio de Colombia
Cartago,situado en la entidad territorial administrativa,Valle del Cauca
Cartago,situado cerca del cuerpo de agua,Cauca
Yumbo,país,Colombia
Yumbo,instancia de,municipio de Colombia
Yumbo,situado en la entidad territorial administrativa,Valle del Cauca
Yumbo,situado cerca del cuerpo de agua,Cauca
Yumbo,categoría principal del tema,Categoría:Yumbo
Ibarra,país,Ecuador
Ibarra,instancia de,ciudad
Ibarra,situado en la entidad territorial administrativa,Cantón Ibarra
Ibarra,bandera,Bandera de Ibarra
Ibarra,ciudad hermana,Calama
Ecuador,país,Ecuador
Ecuador,jefe de gobierno,Daniel Noboa
Ecuador,continente,América del Sur
Ecuador,instancia de,país
Ecuador,instancia de,estado soberano
El Cerrito,país,Colombia
El Cerrito,instancia de,municipio de Colombia
El Cerrito,situado en la entidad territorial administrativa,Valle del Cauca
El Cerrito,categoría principal del tema,Categoría:El Cerrito
nadador,instancia de,ocupación
nadador,subclase de,deportista
nadador,ámbito de la ocupación,natación
Santa Rosa de Cabal,país,Colombia
Santa Rosa de Cabal,instancia de,municipio de Colombia
Santa Rosa de Cabal,situado en la entidad territorial administrativa,Risaralda
Santa Rosa de Cabal,categoría principal del tema,Categoría:Santa Rosa de Cabal
Santa Rosa de Cabal,categoría para las personas que nacieron aquí,Categoría:Nacidos en Santa Rosa de Cabal
médico,lista de interés para el proyecto Wikimedia,Wikipedia:Lista de artículos que toda Wikipedia debería tener/Expandida
médico,instancia de,profesión sanitaria
médico,instancia de,cargo
médico,instancia de,ocupación
Gabriel García Márquez,Lugar de nacimiento,Aracataca
Gabriel García Márquez,Ocupación,guionista
Gabriel García Márquez,Ciudadanía,Colombia
Gabriel García Márquez,Educado en,Universidad Nacional de Colombia
Gabriel García Márquez,Obra notable,El amor en los tiempos del cólera
Gabriel García Márquez,Miembro de,Academia de las Artes de la RDA
Gabriel García Márquez,Premio recibido,Premio Nobel de Literatura
Gabriel García Márquez,Fecha de nacimiento,1927-03-06
Gabriel García Márquez,Fecha de defunción,2014-04-17
Gabriel García Márquez,Ocupación,escritor
Gabriel García Márquez,Ocupación,dramaturgo
Gabriel García Márquez,Ocupación,poeta abogado
Gabriel García Márquez,Ocupación,periodista
Gabriel García Márquez,Ocupación,editor
Gabriel García Márquez,Ocupación,director de cine
Gabriel García Márquez,Ocupación,periodista de opinión
Gabriel García Márquez,Ocupación,novelista
Gabriel García Márquez,Ocupación,actor de televisión
Gabriel García Márquez,Ocupación,prosista
Gabriel García Márquez,Ocupación,escritor de cuentos
Gabriel García Márquez,Ocupación,autobiógrafo
Gabriel García Márquez,Ocupación,guionista de cine
Gabriel García Márquez,Ocupación,guionista de televisión
Gabriel García Márquez,Premio recibido,Orden Mexicana del Águila Azteca
Gabriel García Márquez,Premio recibido,Premio Internacional Neustadt de Literatura
Gabriel García Márquez,Premio recibido,Premio Rómulo Gallegos
Gabriel García Márquez,Premio recibido,Orden de Honor
Gabriel García Márquez,Premio recibido,Common Wealth Award of Distinguished Service
Gabriel García Márquez,Premio recibido,Premio Nacional de Periodismo Simón Bolívar
Gabriel García Márquez,Obra notable,Cien años de soledad
Gabriel García Márquez,Premio recibido,Orden al Mérito Docente y Cultural Gabriela Mistral
Gabriel García Márquez,Premio recibido,Comandante de la Orden Nacional de la Legión de Honor
Gabriel García Márquez,Premio recibido,Gran Oficial de la Orden Nacional de la Legión de Honor
Gabriel García Márquez,Obra notable,Relato de un náufrago
Gabriel García Márquez,Obra notable,Crónica de una muerte anunciada
Fernando Botero,Lugar de nacimiento,Medellín
Fernando Botero,Ocupación,pintor
Fernando Botero,Ciudadanía,Colombia
Fernando Botero,Educado en,Universidad Nacional de Colombia
Fernando Botero,Obra notable,El Gato de Raval
Fernando Botero,Miembro de,Academia Bávara de Bellas Artes
Fernando Botero,Premio recibido,Gran Cruz de la Orden de Isabel la Católica
Fernando Botero,Fecha de nacimiento,1932-04-19
Fernando Botero,Fecha de defunción,2023-09-15
Fernando Botero,Ocupación,escultor
Fernando Botero,Ocupación,dibujante arquitectónico
Fernando Botero,Ocupación,dibujante
Fernando Botero,Ocupación,ilustrador
Fernando Botero,Premio recibido,Cruz de Plata de la Orden de Boyacá
Fernando Botero,Premio recibido,honorary doctor of the University of Miami
Fernando Botero,Ciudadanía,Francia
Fernando Botero,Educado en,Real Academia de Bellas Artes de San Fernando
Soraya,Lugar de nacimiento,Point Pleasant
Soraya,Ocupación,cantante
Soraya,Ciudadanía,Estados Unidos
Soraya,Educado en,Point Pleasant Borough High School
Soraya,Premio recibido,Premio Grammy latino por mejor álbum cantautor
Soraya,Fecha de nacimiento,1969-03-11
Soraya,Fecha de defunción,2006-05-10
Soraya,Ocupación,cantautor
Soraya,Ocupación,músico
Soraya,Ocupación,compositor de canciones
Soraya,Ocupación,guitarrista
Soraya,Premio recibido,Premio Billboard Espiritu de la Esperanza
Jeison Murillo,Lugar de nacimiento,Barranquilla
Jeison Murillo,Ocupación,futbolista
Jeison Murillo,Ciudadanía,Colombia
Jeison Murillo,Fecha de nacimiento,1992-05-27
Clara Rojas,Lugar de nacimiento,Bogotá
Clara Rojas,Ocupación,abogado
Clara Rojas,Ciudadanía,Colombia
Clara Rojas,Educado en,Universidad del Rosario
Clara Rojas,Fecha de nacimiento,1963-12-20
Clara Rojas,Ocupación,político
Carmen Villalobos,Lugar de nacimiento,Barranquilla
Carmen Villalobos,Ocupación,actor
Carmen Villalobos,Ciudadanía,Colombia
Carmen Villalobos,Fecha de nacimiento,1983-07-13
Anabel Torres,Lugar de nacimiento,Bogotá
Anabel Torres,Ocupación,escritor
Anabel Torres,Ciudadanía,Colombia
Anabel Torres,Educado en,Universidad de Antioquia
Anabel Torres,Fecha de nacimiento,1948-12-28
Anabel Torres,Ocupación,poeta
Anabel Torres,Ocupación,bibliotecario
Anabel Torres,Ocupación,traductor
Anabel Torres,Ocupación,lingüista
Omaira Sánchez,Lugar de nacimiento,Armero
Omaira Sánchez,Ocupación,estudiante
Omaira Sánchez,Ciudadanía,Colombia
Omaira Sánchez,Fecha de nacimiento,1972-08-28
Omaira Sánchez,Fecha de defunción,1985-11-16
Andrés Mosquera,Lugar de nacimiento,Cali
Andrés Mosquera,Ocupación,futbolista
Andrés Mosquera,Ciudadanía,Colombia
Andrés Mosquera,Fecha de nacimiento,1978-07-09
Laura Restrepo,Lugar de nacimiento,Colombia
Laura Restrepo,Ocupación,escritor
Laura Restrepo,Ciudadanía,Colombia
Laura Restrepo,Educado en,Universidad de los Andes
Laura Restrepo,Obra notable,Delirio
Laura Restrepo,Premio recibido,Premio Alfaguara de Novela
Laura Restrepo,Fecha de nacimiento,1950-01-01
Laura Restrepo,Ocupación,poeta
Laura Restrepo,Ocupación,periodista
Laura Restrepo,Ocupación,novelista
Laura Restrepo,Premio recibido,Beca Guggenheim
Laura Restrepo,Premio recibido,Premio Sor Juana Inés de la Cruz
Laura Restrepo,Premio recibido,Premio San Clemente Rosalía-Abanca de novela española
Laura Restrepo,Obra notable,La novia oscura
Laura Restrepo,Obra notable,Leopardo al sol
Ximena Restrepo,Lugar de nacimiento,Medellín
Ximena Restrepo,Ocupación,velocista
Ximena Restrepo,Ciudadanía,Chile
Ximena Restrepo,Fecha de nacimiento,1969-03-10
Ximena Restrepo,Ciudadanía,Colombia
Jery Sandoval,Lugar de nacimiento,Barranquilla
Jery Sandoval,Ocupación,actor
Jery Sandoval,Ciudadanía,Colombia
Jery Sandoval,Fecha de nacimiento,1986-12-18
Jery Sandoval,Ocupación,cantante
Jery Sandoval,Ocupación,modelo
Fernando Botero,Obra notable,La corrida
Gabriel García Márquez,Obra notable,El otoño del patriarca
Gabriel García Márquez,Obra notable,El coronel no tiene quien le escriba
Fernando Botero,Obra notable,Muerte de Luis Chalmeta
Caterine Ibargüen,Lugar de nacimiento,Apartadó
Caterine Ibargüen,Ocupación,atleta
Caterine Ibargüen,Ciudadanía,Colombia
Caterine Ibargüen,Fecha de nacimiento,1984-02-12
Enrique Santos Montejo,Lugar de nacimiento,Bogotá
Enrique Santos Montejo,Ocupación,político
Enrique Santos Montejo,Ciudadanía,Colombia
Enrique Santos Montejo,Empleador,El Tiempo
Enrique Santos Montejo,Cargo,embajador de Colombia en Chile
Enrique Santos Montejo,Premio recibido,Premio María Moors Cabot
Enrique Santos Montejo,Fecha de nacimiento,1886-07-15
Enrique Santos Montejo,Fecha de defunción,1971-09-28
Enrique Santos Montejo,Ocupación,periodista
Álvaro Mutis,Lugar de nacimiento,Bogotá
Álvaro Mutis,Ocupación,escritor
Álvaro Mutis,Ciudadanía,Colombia
Álvaro Mutis,Obra notable,La nieve del almirante
Álvaro Mutis,Premio recibido,Premio Miguel de Cervantes
Álvaro Mutis,Fecha de nacimiento,1923-08-25
Álvaro Mutis,Fecha de defunción,2013-09-22
Álvaro Mutis,Ocupación,poeta
Álvaro Mutis,Ocupación,novelista
Álvaro Mutis,Premio recibido,Orden Nacional de la Legión de Honor
Álvaro Mutis,Premio recibido,Premio Internacional Neustadt de Literatura
Álvaro Mutis,Premio recibido,Premio Xavier Villaurrutia
Álvaro Mutis,Premio recibido,Premio Princesa de Asturias de las Letras
Álvaro Mutis,Premio recibido,Premio Médicis Extranjero
Álvaro Mutis,Premio recibido,International Nonino Prize
Álvaro Mutis,Premio recibido,Premio Reina Sofía de Poesía Iberoamericana
Álvaro Mutis,Premio recibido,caballero de las Artes y las Letras
Álvaro Mutis,Premio recibido,Gran Cruz de la Orden Civil de Alfonso X el Sabio
Álvaro Mutis,Premio recibido,doctor honoris causa por la Universidad de Toulouse II
Álvaro Mutis,Premio recibido,Premio Rosalía de Castro
Álvaro Mutis,Obra notable,Empresas y tribulaciones de Maqroll el Gaviero
Álvaro Pachón,Lugar de nacimiento,Bogotá
Álvaro Pachón,Ocupación,ciclista
Álvaro Pachón,Ciudadanía,Colombia
Álvaro Pachón,Fecha de nacimiento,1945-11-30
Álvaro Sierra,Lugar de nacimiento,Sogamoso
Álvaro Sierra,Ocupación,ciclista
Álvaro Sierra,Ciudadanía,Colombia
Álvaro Sierra,Fecha de nacimiento,1967-04-04
Ángela Becerra,Lugar de nacimiento,Cali
Ángela Becerra,Ocupación,escritor
Ángela Becerra,Ciudadanía,España
Ángela Becerra,Premio recibido,Premio Azorín
Ángela Becerra,Fecha de nacimiento,1957-07-17
Ángela Becerra,Ocupación,poeta
Ángela Becerra,Ocupación,novelista
Ángela Becerra,Premio recibido,Premio Planeta-Casa de América
Ángela Becerra,Premio recibido,Premios Internacionales del libro latino
Ángela Becerra,Ciudadanía,Colombia
Soraya,Ciudadanía,Colombia
Élder Herrera,Lugar de nacimiento,Cali
Élder Herrera,Ocupación,ciclista
Élder Herrera,Ciudadanía,Colombia
Élder Herrera,Fecha de nacimiento,1968-12-28
Consuelo González de Perdomo,Lugar de nacimiento,Pitalito
Consuelo González de Perdomo,Ocupación,político
Consuelo González de Perdomo,Ciudadanía,Colombia
Consuelo González de Perdomo,Fecha de nacimiento,1950-07-20
Aracataca,país,Colombia
Aracataca,instancia de,municipio de Colombia
Aracataca,situado en la entidad territorial administrativa,Magdalena
Aracataca,se encuentra en el huso horario,UTC-05:00
Aracataca,categoría principal del tema,Categoría:Aracataca
Universidad Nacional de Colombia,país,Colombia
Universidad Nacional de Colombia,instancia de,universidad pública
Universidad Nacional de Colombia,instancia de,editor de acceso abierto
Universidad Nacional de Colombia,situado en la entidad territorial administrativa,Bogotá
Universidad Nacional de Colombia,organización matriz,Universidad Nacional de Colombia
El amor en los tiempos del cólera,instancia de,obra literaria
El amor en los tiempos del cólera,autor,Gabriel García Márquez
El amor en los tiempos del cólera,editorial,Penguin Random House
El amor en los tiempos del cólera,idioma de la obra o del nombre,español
El amor en los tiempos del cólera,país de origen,Colombia
pintor,instancia de,ocupación
pintor,instancia de,profesión artística
pintor,subclase de,artista visual
pintor,santo patrón,Lucas el Evangelista
pintor,ámbito de la ocupación,pintura
El Gato de Raval,país,España
El Gato de Raval,instancia de,estatua
El Gato de Raval,instancia de,escultura
El Gato de Raval,situado en la entidad territorial administrativa,Barcelona
El Gato de Raval,situado en la entidad territorial administrativa,El Raval
Point Pleasant,país,Estados Unidos
Point Pleasant,instancia de,municipio de Nueva Jersey
Point Pleasant,comparte fronteras con,Point Pleasant Beach
Point Pleasant,comparte fronteras con,Mantoloking
Premio Grammy latino por mejor álbum cantautor,país,Estados Unidos
Premio Grammy latino por mejor álbum cantautor,instancia de,categoría de un premio
Premio Grammy latino por mejor álbum cantautor,forma parte de,Premios Grammy Latinos
Universidad del Rosario,idioma usado,español
Universidad del Rosario,categoría para las personas que estudiaron en esta institución,Categoría:Alumnado de la Universidad del Rosario
Universidad del Rosario,categoría para empleados de la organización,Categoría:Profesores de la Universidad del Rosario
Universidad del Rosario,financiador,Open Society Foundations
Universidad de Antioquia,país,Colombia
Universidad de Antioquia,instancia de,universidad pública
Universidad de Antioquia,instancia de,universidad de investigación
Universidad de Antioquia,instancia de,editor de acceso abierto
Universidad de Antioquia,situado en la entidad territorial administrativa,Medellín
Armero,país,Colombia
Armero,instancia de,municipio de Colombia
Armero,situado en la entidad territorial administrativa,Tolima
Armero,categoría principal del tema,Categoría:Armero
Armero,categoría para las personas que nacieron aquí,Categoría:Nacidos en Armero
estudiante,instancia de,grupo social
estudiante,instancia de,ocupación
estudiante,instancia de,grupo de humanos
estudiante,subclase de,estudiante
estudiante,ámbito de la ocupación,actividad extracurricular
Delirio,instancia de,obra literaria
Delirio,autor,Laura Restrepo
Delirio,idioma de la obra o del nombre,español
Delirio,país de origen,Colombia
Delirio,forma artística,novela
velocista,instancia de,profesión
velocista,instancia de,disciplina deportiva
velocista,subclase de,corredor
velocista,ámbito de la ocupación,carrera de velocidad
velocista,deporte,atletismo
Chile,forma parte de,América del Sur
Chile,forma parte de,Cono Sur
Chile,se encuentra en el huso horario,UTC-05:00
Chile,se encuentra en el huso horario,UTC−3
Chile,miembro de,Organización de las Naciones Unidas
Apartadó,país,Colombia
Apartadó,instancia de,municipio de Colombia
Apartadó,comparte fronteras con,Turbo
Apartadó,comparte fronteras con,Carepa
Apartadó,comparte fronteras con,Valencia
atleta,instancia de,ocupación
atleta,subclase de,deportista
atleta,ámbito de la ocupación,atletismo
atleta,ámbito de la ocupación,Máster
atleta,ámbito de la ocupación,atletismo de pista y campo
El Tiempo,país,Colombia
El Tiempo,instancia de,diario
El Tiempo,fundador,Alfonso Villegas Restrepo
El Tiempo,editorial,Grupo Planeta
El Tiempo,ubicación de la sede,Bogotá
embajador de Colombia en Chile,país,Chile
embajador de Colombia en Chile,instancia de,cargo
embajador de Colombia en Chile,operador,Colombia
embajador de Colombia en Chile,subclase de,embajador de Colombia
embajador de Colombia en Chile,subclase de,embajador en Chile
La nieve del almirante,instancia de,obra literaria
La nieve del almirante,autor,Álvaro Mutis
La nieve del almirante,idioma de la obra o del nombre,español
La nieve del almirante,forma artística,novela
Premio Miguel de Cervantes,país,España
Premio Miguel de Cervantes,instancia de,premio literario
Premio Miguel de Cervantes,nombrado en referencia a,Miguel de Cervantes
Premio Miguel de Cervantes,categoría principal del tema,Categoría:Premio Cervantes
Premio Miguel de Cervantes,conferido por,Ministerio de Cultura de España
Sogamoso,país,Colombia
Sogamoso,continente,América del Sur
Sogamoso,instancia de,municipio de Colombia
Sogamoso,himno,Símbolos de Chiquinquirá
Sogamoso,situado en la entidad territorial administrativa,Boyacá
Premio Azorín,país,España
Premio Azorín,instancia de,premio literario
Premio Azorín,editorial,Editorial Planeta
Premio Azorín,nombrado en referencia a,Azorín
Premio Azorín,idioma de la obra o del nombre,español
Pitalito,país,Colombia
Pitalito,instancia de,municipio de Colombia
Pitalito,situado en la entidad territorial administrativa,Huila
Pitalito,se encuentra en el huso horario,UTC-05:00
Pitalito,categoría principal del tema,Categoría:Pitalito
Juan Manuel Santos,Lugar de nacimiento,Bogotá
Juan Manuel Santos,Ocupación,periodista
Juan Manuel Santos,Ciudadanía,Colombia
Juan Manuel Santos,Educado en,Universidad Estatal de Kansas
Juan Manuel Santos,Miembro de,The Elders
Juan Manuel Santos,Cargo,Presidente de Colombia
Juan Manuel Santos,Premio recibido,Gran Collar de la Orden de la Libertad
Juan Manuel Santos,Fecha de nacimiento,1951-08-10
Juan Manuel Santos,Ocupación,abogado
Juan Manuel Santos,Premio recibido,doctor honoris causa de la Universidad de París-I
Juan Manuel Santos,Ocupación,político
Juan Manuel Santos,Ocupación,economista
Juan Manuel Santos,Educado en,Universidad Tufts
Juan Manuel Santos,Educado en,Escuela de Gobierno John F. Kennedy
Juan Manuel Santos,Educado en,Universidad de Kansas
Juan Manuel Santos,Educado en,Escuela de Economía y Ciencia Política de Londres
Juan Manuel Santos,Educado en,Escuela de Derecho y Diplomacia Fletcher
Juan Manuel Santos,Educado en,Gimnasio Campestre
Juan Manuel Santos,Cargo,Ministro de Defensa de Colombia
Juan Manuel Santos,Cargo,Ministro de Hacienda y Crédito Público de Colombia
Shakira,Lugar de nacimiento,Barranquilla
Shakira,Ocupación,actor
Shakira,Ciudadanía,España
Shakira,Empleador,Universal Music Group
Shakira,Miembro de,White House Initiative on Educational Excellence for Hispanics
Shakira,Cargo,embajador de buena voluntad de Unicef
Shakira,Premio recibido,premio Grammy al mejor álbum de rock latino/alternativo
Shakira,Fecha de nacimiento,1977-02-02
Shakira,Ocupación,compositor
Shakira,Ocupación,cantante
Shakira,Ocupación,guitarrista
Shakira,Ocupación,actor de voz
Shakira,Ocupación,coreógrafo
Shakira,Ocupación,filántropo
Shakira,Ocupación,productor
Shakira,Premio recibido,Premio Grammy Latino al álbum del año
Shakira,Empleador,Epic Records
Shakira,Empleador,PepsiCo
Shakira,Empleador,Roc Nation
Shakira,Empleador,Freixenet
Shakira,Empleador,Live Nation
Shakira,Empleador,Sony Music
Shakira,Premio recibido,Premio Grammy latino por mejor album vocal pop contemporáneo
Shakira,Premio recibido,Anexo:Premio Grammy latino al mejor álbum de pop vocal femenino
Shakira,Premio recibido,Premio Grammy Latino a la canción del año
Shakira,Premio recibido,Persona del Año de La Academia Latina de la Grabación
Shakira,Premio recibido,Premios Oye!
Shakira,Premio recibido,caballero de las Artes y las Letras
Shakira,Premio recibido,Premio Grammy Latino a la mejor fusión/interpretación urbana
Shakira,Premio recibido,Estrella del Paseo de la Fama de Hollywood
Shakira,Premio recibido,Premio Grammy Latino por mejor canción pop
Shakira,Premio recibido,Crystal Award
Shakira,Premio recibido,Premio Billboard Espiritu de la Esperanza
Shakira,Ciudadanía,Colombia
Shakira,Premio recibido,MTV Video Music Awards
Shakira,Premio recibido,Amadeus Austrian Music Awards
Shakira,Premio recibido,Anexo:Ganadores del MTV Michael Jackson Video Vanguard Award
Shakira,Premio recibido,Los Premios MTV Latinoamérica
Shakira,Premio recibido,Free Your Mind
Shakira,Premio recibido,premio Grammy al mejor videoclip
Shakira,Premio recibido,Premios Billboard de la Música Latina
Shakira,Premio recibido,Premio Grammy Latino a la grabación del año
Shakira,Premio recibido,premio Grammy al mejor álbum de pop latino
Juanes,Lugar de nacimiento,Carolina del Príncipe
Juanes,Ocupación,guitarrista
Juanes,Ciudadanía,Colombia
Juanes,Educado en,Universidad Pontificia Bolivariana
Juanes,Premio recibido,premio Grammy al mejor álbum de pop latino
Juanes,Fecha de nacimiento,1972-08-09
Juanes,Ocupación,arreglista musical
Juanes,Ocupación,compositor
Juanes,Premio recibido,premio Grammy al mejor álbum de rock latino/alternativo
Juanes,Ocupación,cantante
Juanes,Premio recibido,premio
Juanes,Premio recibido,Premio Grammy Latino al álbum del año
Juanes,Premio recibido,Premio Grammy Latino al mejor artista nuevo
Juanes,Premio recibido,Premio Grammy latino por mejor álbum pop/rock
Juanes,Premio recibido,Latin Grammy Award for Best Rock Solo Vocal Album
Juanes,Premio recibido,Premio Grammy Latino por Mejor Canción de Rock
Juanes,Premio recibido,Premio Grammy Latino a la canción del año
Juanes,Premio recibido,Persona del Año de La Academia Latina de la Grabación
Juanes,Premio recibido,caballero de las Artes y las Letras
Juanes,Premio recibido,Pabellón de la Fama de los Compositores Latinos
Juanes,Premio recibido,Premio Billboard Espiritu de la Esperanza
Hilario Cuenú,Lugar de nacimiento,Tuluá
Hilario Cuenú,Ocupación,futbolista
Hilario Cuenú,Ciudadanía,Colombia
Hilario Cuenú,Fecha de nacimiento,1975-08-31
Carlos Rodas,Lugar de nacimiento,Tuluá
Carlos Rodas,Ocupación,futbolista
Carlos Rodas,Ciudadanía,Colombia
Carlos Rodas,Fecha de nacimiento,1975-02-04
Catherine Siachoque,Lugar de nacimiento,Bogotá
Catherine Siachoque,Ocupación,actor
Catherine Siachoque,Ciudadanía,Colombia
Catherine Siachoque,Fecha de nacimiento,1972-01-21
Catherine Siachoque,Ocupación,modelo
Felipa Palacios,Lugar de nacimiento,Bojayá
Felipa Palacios,Ocupación,atleta
Felipa Palacios,Ciudadanía,Colombia
Felipa Palacios,Fecha de nacimiento,1975-12-01
Diego Gómez,Lugar de nacimiento,Cali
Diego Gómez,Ocupación,futbolista
Diego Gómez,Ciudadanía,Colombia
Diego Gómez,Fecha de nacimiento,1972-03-29
Néstor Salazar,Lugar de nacimiento,Palmira
Néstor Salazar,Ocupación,futbolista
Néstor Salazar,Ciudadanía,Colombia
Néstor Salazar,Fecha de nacimiento,1973-12-19
Juan Manuel Santos,Premio recibido,Premio Nobel de la Paz
Juan Manuel Santos,Premio recibido,beca Fulbright
Juan Manuel Santos,Premio recibido,Sagrada Orden Militar Constantiniana de San Jorge
Juan Manuel Santos,Premio recibido,Orden de San Carlos
Juan Manuel Santos,Premio recibido,Orden de Boyacá
Juan Manuel Santos,Premio recibido,Orden Nacional José Matías Delgado
Juan Manuel Santos,Premio recibido,Collar de la Orden de Isabel la Católica
Juan Manuel Santos,Premio recibido,gran collar de la orden del Infante Don Enrique
Juan Manuel Santos,Premio recibido,Global Citizen Awards
Juan Manuel Santos,Premio recibido,Kew International Medal
Alberto Lleras Camargo,Lugar de nacimiento,Bogotá
Alberto Lleras Camargo,Ocupación,político
Alberto Lleras Camargo,Ciudadanía,Colombia
Alberto Lleras Camargo,Educado en,Universidad del Rosario
Alberto Lleras Camargo,Miembro de,Academia Estadounidense de las Artes y las Ciencias
Alberto Lleras Camargo,Cargo,Presidente de Colombia
Alberto Lleras Camargo,Premio recibido,Premio María Moors Cabot
Alberto Lleras Camargo,Fecha de nacimiento,1906-07-03
Alberto Lleras Camargo,Fecha de defunción,1990-01-04
Alberto Lleras Camargo,Ocupación,diplomático
Alberto Lleras Camargo,Ocupación,periodista
Alberto Lleras Camargo,Premio recibido,Premio Nacional de Periodismo Simón Bolívar
Alberto Lleras Camargo,Educado en,Universidad Externado de Colombia
Alberto Lleras Camargo,Miembro de,Academia Colombiana de Historia
Alberto Lleras Camargo,Cargo,secretario general de la Organización de los Estados Americanos
Alberto Lleras Camargo,Cargo,Canciller de Colombia
Alberto Lleras Camargo,Cargo,embajador de Colombia en los Estados Unidos
Rubén Salazar Gómez,Lugar de nacimiento,Bogotá
Rubén Salazar Gómez,Ocupación,obispo católico
Rubén Salazar Gómez,Ciudadanía,Colombia
Rubén Salazar Gómez,Educado en,Pontificia Universidad Gregoriana
Rubén Salazar Gómez,Cargo,cardenal presbítero
Rubén Salazar Gómez,Premio recibido,Caballero Gran Cruz de la Orden del Santo Sepulcro
Rubén Salazar Gómez,Fecha de nacimiento,1942-09-22
Rubén Salazar Gómez,Ocupación,presbítero católico de rito latino
Rubén Salazar Gómez,Educado en,Pontificio Instituto Bíblico
Rubén Salazar Gómez,Cargo,obispo de Cúcuta
Rubén Salazar Gómez,Cargo,Arzobispo de Bogotá
Rubén Salazar Gómez,Cargo,arzobispo de Barranquilla
Fulgencio Berdugo,Lugar de nacimiento,Barranquilla
Fulgencio Berdugo,Ocupación,futbolista
Fulgencio Berdugo,Ciudadanía,Colombia
Fulgencio Berdugo,Fecha de nacimiento,1918-06-14
Fulgencio Berdugo,Fecha de defunción,2003-02-03
Rosibel García Mena,Lugar de nacimiento,Jamundí
Rosibel García Mena,Ocupación,atleta
Rosibel García Mena,Ciudadanía,Colombia
Rosibel García Mena,Fecha de nacimiento,1981-02-13
Edmar Castañeda,Lugar de nacimiento,Bogotá
Edmar Castañeda,Ocupación,compositor
Edmar Castañeda,Ciudadanía,Colombia
Edmar Castañeda,Fecha de nacimiento,1978-03-31
Edmar Castañeda,Ocupación,músico
Edmar Castañeda,Ocupación,arpista
Edmar Castañeda,Ocupación,string player
Jacquin Strouss Lucena,Lugar de nacimiento,Medellín
Jacquin Strouss Lucena,Ocupación,político
Jacquin Strouss Lucena,Ciudadanía,Colombia
Jacquin Strouss Lucena,Educado en,Universidad de Columbia
Jacquin Strouss Lucena,Empleador,Pontificia Universidad Javeriana
Jacquin Strouss Lucena,Cargo,Primera dama de Colombia
Jacquin Strouss Lucena,Fecha de nacimiento,1953-02-22
Jacquin Strouss Lucena,Ocupación,economista
Jacquin Strouss Lucena,Educado en,Universidad de los Andes
Jacquin Strouss Lucena,Educado en,Colegio Nueva Granada
Jaime Bermúdez Merizalde,Lugar de nacimiento,Bogotá
Jaime Bermúdez Merizalde,Ocupación,abogado
Jaime Bermúdez Merizalde,Ciudadanía,Colombia
Jaime Bermúdez Merizalde,Educado en,Universidad de los Andes
Jaime Bermúdez Merizalde,Cargo,Canciller de Colombia
Jaime Bermúdez Merizalde,Premio recibido,Gran Cruz de la Orden El Sol del Perú
Jaime Bermúdez Merizalde,Fecha de nacimiento,1966-01-01
Jaime Bermúdez Merizalde,Ocupación,político
Jaime Bermúdez Merizalde,Ocupación,diplomático
Jaime Bermúdez Merizalde,Educado en,St Antony's College
Jaime Bermúdez Merizalde,Cargo,embajador de Colombia
Bruce Graham,Lugar de nacimiento,La Cumbre
Bruce Graham,Ocupación,arquitecto
Bruce Graham,Ciudadanía,Estados Unidos
Bruce Graham,Educado en,Universidad Case de la Reserva Occidental
Bruce Graham,Empleador,Universidad Harvard
Bruce Graham,Fecha de nacimiento,1925-12-01
Bruce Graham,Fecha de defunción,2010-03-06
Bruce Graham,Ciudadanía,Colombia
Bruce Graham,Educado en,Universidad de Dayton
Bruce Graham,Educado en,University of Pennsylvania School of Design
Diego Salazar Quintero,Lugar de nacimiento,Tuluá
Diego Salazar Quintero,Ocupación,halterófilo
Diego Salazar Quintero,Ciudadanía,Colombia
Diego Salazar Quintero,Fecha de nacimiento,1980-10-03
John Jairo Culma,Lugar de nacimiento,Cali
John Jairo Culma,Ocupación,futbolista
John Jairo Culma,Ciudadanía,Colombia
John Jairo Culma,Fecha de nacimiento,1981-03-17
Juanes,Premio recibido,Premio Grammy Latino a la grabación del año
Universidad Estatal de Kansas,país,Estados Unidos
Universidad Estatal de Kansas,instancia de,Universidad de concesión de tierras
Universidad Estatal de Kansas,instancia de,universidad pública
Universidad Estatal de Kansas,instancia de,institución educativa pública de los Estados Unidos
Universidad Estatal de Kansas,situado en la entidad territorial administrativa,Manhattan
The Elders,país,Reino Unido
The Elders,instancia de,organización
The Elders,instancia de,organización no gubernamental
The Elders,fundador,Nelson Mandela
The Elders,fundador,Desmond Tutu
Universal Music Group,país,Estados Unidos
Universal Music Group,país,Países Bajos
Universal Music Group,instancia de,empresa de capital abierto
Universal Music Group,instancia de,major
Universal Music Group,instancia de,compañía discográfica
Carolina del Príncipe,país,Colombia
Carolina del Príncipe,instancia de,municipio de Colombia
Carolina del Príncipe,situado en la entidad territorial administrativa,Antioquia
Carolina del Príncipe,situado en la entidad territorial administrativa,Norte antioqueño
Carolina del Príncipe,categoría principal del tema,Categoría:Carolina del Príncipe
guitarrista,instancia de,ocupación
guitarrista,instancia de,profesión musical
guitarrista,subclase de,intérprete de instrumento de cuerda pulsada
guitarrista,ámbito de la ocupación,guitarra
Universidad Pontificia Bolivariana,país,Colombia
Universidad Pontificia Bolivariana,instancia de,universidad
Universidad Pontificia Bolivariana,instancia de,universidad pontificia
Universidad Pontificia Bolivariana,instancia de,editor de acceso abierto
Universidad Pontificia Bolivariana,situado en la entidad territorial administrativa,Medellín
premio Grammy al mejor álbum de pop latino,país,Estados Unidos
premio Grammy al mejor álbum de pop latino,instancia de,categoría de un premio
premio Grammy al mejor álbum de pop latino,propiedad de,Alejandro Sanz
premio Grammy al mejor álbum de pop latino,subclase de,premio al mejor álbum
premio Grammy al mejor álbum de pop latino,forma parte de,Premios Grammy
Tuluá,categoría de personas relacionadas,Categoría:Personas de Tuluá
Tuluá,país,Colombia
Tuluá,instancia de,municipio de Colombia
Tuluá,situado en la entidad territorial administrativa,Valle del Cauca
Bojayá,país,Colombia
Bojayá,instancia de,municipio de Colombia
Bojayá,situado en la entidad territorial administrativa,Chocó
Palmira,categoría principal del tema,Categoría:Palmira (Colombia)
Palmira,descrito en la fuente,Gran enciclopedia Yuzhakov
Palmira,descrito en la fuente,Gran Enciclopedia Soviética (1926—1947)
Palmira,categoría para las personas que nacieron aquí,Categoría:Nacidos en Palmira (Colombia)
Academia Estadounidense de las Artes y las Ciencias,país,Estados Unidos
Academia Estadounidense de las Artes y las Ciencias,instancia de,organización sin fines de lucro
Academia Estadounidense de las Artes y las Ciencias,instancia de,sociedad erudita
Academia Estadounidense de las Artes y las Ciencias,instancia de,editorial académica
Academia Estadounidense de las Artes y las Ciencias,campo de trabajo,política pública
obispo católico,instancia de,función episcopal
obispo católico,instancia de,vocación católica
obispo católico,religión,Iglesia católica
obispo católico,subclase de,obispo
obispo católico,subclase de,sacerdote
Pontificia Universidad Gregoriana,país,Italia
Pontificia Universidad Gregoriana,instancia de,universidad pontificia
Pontificia Universidad Gregoriana,instancia de,universidad jesuita
Pontificia Universidad Gregoriana,fundador,Ignacio de Loyola
Pontificia Universidad Gregoriana,situado en la entidad territorial administrativa,Roma
cardenal presbítero,instancia de,cargo
cardenal presbítero,instancia de,orden episcopal
cardenal presbítero,instancia de,función episcopal
cardenal presbítero,nombrado en referencia a,presbítero
cardenal presbítero,nombrado en referencia a,Presbitero
Jamundí,país,Colombia
Jamundí,instancia de,municipio de Colombia
Jamundí,situado en la entidad territorial administrativa,Valle del Cauca
Jamundí,situado cerca del cuerpo de agua,Cauca
Jamundí,categoría principal del tema,Categoría:Jamundí
Universidad de Columbia,país,Estados Unidos
Universidad de Columbia,instancia de,universidad privada
Universidad de Columbia,instancia de,Colegios coloniales
Universidad de Columbia,instancia de,universidad de investigación
Universidad de Columbia,instancia de,institución educativa privada sin fines de lucro
Canciller de Colombia,país,Colombia
Canciller de Colombia,instancia de,cargo
Canciller de Colombia,subclase de,ministro de Relaciones Exteriores
Canciller de Colombia,forma parte de,Gabinete de Colombia
Canciller de Colombia,categoría principal del tema,Categoría:Ministros de Relaciones Exteriores de Colombia
La Cumbre,país,Colombia
La Cumbre,instancia de,municipio de Colombia
La Cumbre,situado en la entidad territorial administrativa,Valle del Cauca
La Cumbre,categoría principal del tema,Categoría:La Cumbre (Valle del Cauca)
arquitecto,instancia de,profesión
arquitecto,instancia de,título corporativo
arquitecto,instancia de,ocupación
arquitecto,instancia de,grupo de ocupaciones de la CIUO
Universidad Case de la Reserva Occidental,idioma usado,inglés
Universidad Case de la Reserva Occidental,categoría para las personas que estudiaron en esta institución,Categoría:Alumnado de la Universidad Case de Western Reserve
Universidad Case de la Reserva Occidental,categoría para empleados de la organización,Categoría:Profesores de la Universidad Case de Western Reserve
halterófilo,instancia de,ocupación
halterófilo,subclase de,atleta de fuerza
halterófilo,ámbito de la ocupación,halterofilia
halterófilo,categoría principal del tema,Categoría:Halterófilos
Helena Araújo,Lugar de nacimiento,Bogotá
Helena Araújo,Ocupación,escritor
Helena Araújo,Ciudadanía,Suiza
Helena Araújo,Educado en,Universidad Nacional de Colombia
Helena Araújo,Empleador,Université populaire de Lausanne
Helena Araújo,Fecha de nacimiento,1934-01-20
Helena Araújo,Fecha de defunción,2015-02-02
Helena Araújo,Ocupación,profesor universitario
Helena Araújo,Ocupación,hispanista
Helena Araújo,Ocupación,crítico literario
Helena Araújo,Ocupación,novelista
Helena Araújo,Ocupación,ensayista
Helena Araújo,Ciudadanía,Colombia
Rodrigo Lara Bonilla,Lugar de nacimiento,Neiva
Rodrigo Lara Bonilla,Ocupación,abogado
Rodrigo Lara Bonilla,Ciudadanía,Colombia
Rodrigo Lara Bonilla,Educado en,Universidad Externado de Colombia
Rodrigo Lara Bonilla,Cargo,senador de Colombia
Rodrigo Lara Bonilla,Fecha de nacimiento,1946-08-11
Rodrigo Lara Bonilla,Fecha de defunción,1984-04-30
Rodrigo Lara Bonilla,Ocupación,político
Rodrigo Lara Bonilla,Cargo,Ministro de Justicia y del Derecho de Colombia
Rodrigo Lara Bonilla,Cargo,alcalde de Neiva
Carlos Alberto Sánchez,Lugar de nacimiento,Quibdó
Carlos Alberto Sánchez,Ocupación,futbolista
Carlos Alberto Sánchez,Ciudadanía,Francia
Carlos Alberto Sánchez,Fecha de nacimiento,1986-02-06
Carlos Alberto Sánchez,Ciudadanía,Colombia
Daniel Jositsch,Lugar de nacimiento,Zúrich
Daniel Jositsch,Ocupación,abogado
Daniel Jositsch,Ciudadanía,Suiza
Daniel Jositsch,Educado en,Universidad de San Galo
Daniel Jositsch,Empleador,Universidad de Zúrich
Daniel Jositsch,Cargo,miembro del Consejo Nacional de Suiza
Daniel Jositsch,Fecha de nacimiento,1965-03-25
Daniel Jositsch,Ocupación,político
Daniel Jositsch,Ocupación,profesor universitario
Daniel Jositsch,Ciudadanía,Colombia
Daniel Jositsch,Cargo,miembro del Consejo de los Estados
Roberto Guerrero,Lugar de nacimiento,Medellín
Roberto Guerrero,Ocupación,piloto de automovilismo
Roberto Guerrero,Ciudadanía,Colombia
Roberto Guerrero,Fecha de nacimiento,1958-11-16
Roberto Guerrero,Ocupación,piloto de Fórmula Uno
Alejandra Azcárate,Lugar de nacimiento,Bogotá
Alejandra Azcárate,Ocupación,actor
Alejandra Azcárate,Ciudadanía,Colombia
Alejandra Azcárate,Fecha de nacimiento,1978-03-03
Alejandra Azcárate,Ocupación,comediante
Jorge Aurelio Noguera Cotes,Lugar de nacimiento,Santa Marta
Jorge Aurelio Noguera Cotes,Ocupación,abogado
Jorge Aurelio Noguera Cotes,Ciudadanía,Colombia
Jorge Aurelio Noguera Cotes,Educado en,Pontificia Universidad Javeriana
Jorge Aurelio Noguera Cotes,Fecha de nacimiento,1963-09-25
Jorge Aurelio Noguera Cotes,Ocupación,político
Jorge Aurelio Noguera Cotes,Ocupación,jurista
Jorge Aurelio Noguera Cotes,Educado en,Universidad Externado de Colombia
Jorge Eliécer Gaitán,Lugar de nacimiento,Bogotá
Jorge Eliécer Gaitán,Ocupación,abogado
Jorge Eliécer Gaitán,Ciudadanía,Colombia
Jorge Eliécer Gaitán,Educado en,Universidad Nacional de Colombia
Jorge Eliécer Gaitán,Cargo,alcalde de Bogotá
Jorge Eliécer Gaitán,Fecha de nacimiento,1903-01-23
Jorge Eliécer Gaitán,Fecha de defunción,1948-04-09
Jorge Eliécer Gaitán,Ocupación,político
Jorge Eliécer Gaitán,Ocupación,jurista
Jorge Eliécer Gaitán,Ocupación,profesor universitario
Jorge Eliécer Gaitán,Cargo,Ministro de Educación de Colombia
Radamel Falcao García,Lugar de nacimiento,Santa Marta
Radamel Falcao García,Ocupación,futbolista
Radamel Falcao García,Ciudadanía,Venezuela
Radamel Falcao García,Fecha de nacimiento,1986-02-10
Radamel Falcao García,Ciudadanía,Colombia
César Ham,Ocupación,político
César Ham,Ciudadanía,Colombia
César Ham,Cargo,diputado del Congreso Nacional de Honduras
César Ham,Fecha de nacimiento,1973-07-23
César Ham,Ciudadanía,Honduras
Carlos Valdés,Lugar de nacimiento,Cali
Carlos Valdés,Ocupación,futbolista
Carlos Valdés,Ciudadanía,Colombia
Carlos Valdés,Fecha de nacimiento,1985-05-22
Carlos Bacca,Lugar de nacimiento,Barranquilla
Carlos Bacca,Ocupación,futbolista
Carlos Bacca,Ciudadanía,Colombia
Carlos Bacca,Fecha de nacimiento,1986-09-08
Cristhian Bonilla,Lugar de nacimiento,Supía
Cristhian Bonilla,Ocupación,futbolista
Cristhian Bonilla,Ciudadanía,Colombia
Cristhian Bonilla,Fecha de nacimiento,1993-06-02
Gerardo Reichel-Dolmatoff,Lugar de nacimiento,Salzburgo
Gerardo Reichel-Dolmatoff,Ocupación,antropólogo
Gerardo Reichel-Dolmatoff,Ciudadanía,Austria
Gerardo Reichel-Dolmatoff,Educado en,Sorbonne Universidad de París
Gerardo Reichel-Dolmatoff,Miembro de,Academia Nacional de Ciencias de los Estados Unidos
Gerardo Reichel-Dolmatoff,Premio recibido,Beca Guggenheim
Gerardo Reichel-Dolmatoff,Fecha de nacimiento,1913-03-15
Gerardo Reichel-Dolmatoff,Fecha de defunción,1994-05-16
Gerardo Reichel-Dolmatoff,Premio recibido,TWAS fellow
Gerardo Reichel-Dolmatoff,Premio recibido,Huxley Memorial Medal
Gerardo Reichel-Dolmatoff,Ciudadanía,Colombia
Gerardo Reichel-Dolmatoff,Ciudadanía,Cisleitania
Gerardo Reichel-Dolmatoff,Educado en,Escuela del Louvre
Gerardo Reichel-Dolmatoff,Miembro de,TWAS
Gerardo Reichel-Dolmatoff,Miembro de,Academia Estadounidense de las Artes y las Ciencias
Ever Palacios,Lugar de nacimiento,Cali
Ever Palacios,Ocupación,futbolista
Ever Palacios,Ciudadanía,Colombia
Ever Palacios,Fecha de nacimiento,1969-01-18
Hamilton Ricard,Lugar de nacimiento,Quibdó
Hamilton Ricard,Ocupación,futbolista
Hamilton Ricard,Ciudadanía,Colombia
Hamilton Ricard,Fecha de nacimiento,1974-01-12
Danilson Córdoba,Lugar de nacimiento,Quibdó
Danilson Córdoba,Ocupación,futbolista
Danilson Córdoba,Ciudadanía,Colombia
Danilson Córdoba,Fecha de nacimiento,1986-09-06
Hernán Gaviria,Lugar de nacimiento,Carepa
Hernán Gaviria,Ocupación,futbolista
Hernán Gaviria,Ciudadanía,Colombia
Hernán Gaviria,Fecha de nacimiento,1969-11-27
Hernán Gaviria,Fecha de defunción,2002-10-24
Edwin García,Lugar de nacimiento,Pereira
Edwin García,Ocupación,futbolista
Edwin García,Ciudadanía,Colombia
Edwin García,Fecha de nacimiento,1982-07-10
Leopoldo Rother,Lugar de nacimiento,Breslavia
Leopoldo Rother,Ocupación,arquitecto
Leopoldo Rother,Ciudadanía,Alemania
Leopoldo Rother,Fecha de nacimiento,1894-08-27
Leopoldo Rother,Fecha de defunción,1978-07-03
Leopoldo Rother,Ciudadanía,Colombia
Helena Araújo,Educado en,Universidad de Maryland
Helena Araújo,Educado en,Universidad de Ginebra
Helena Araújo,Educado en,Universidad de Lausana
Neiva,país,Colombia
Neiva,instancia de,gran ciudad
Neiva,instancia de,municipio de Colombia
Neiva,instancia de,ciudad de Colombia
Neiva,situado en la entidad territorial administrativa,Huila
Universidad Externado de Colombia,país,Colombia
Universidad Externado de Colombia,instancia de,universidad
Universidad Externado de Colombia,instancia de,editor de acceso abierto
Universidad Externado de Colombia,fundador,Nicolás Pinzón Warlosten
Universidad Externado de Colombia,situado en la entidad territorial administrativa,Bogotá
senador de Colombia,país,Colombia
senador de Colombia,instancia de,cargo
senador de Colombia,subclase de,senador
senador de Colombia,forma parte de,Senado de Colombia
senador de Colombia,categoría principal del tema,Categoría:Senadores de Colombia
Zúrich,jefe de gobierno,Corine Mauch
Zúrich,país,Suiza
Zúrich,continente,Europa
Zúrich,instancia de,gemeinde de Suiza
Zúrich,instancia de,ciudad universitaria
Universidad de San Galo,país,Suiza
Universidad de San Galo,instancia de,universidad pública
Universidad de San Galo,instancia de,universidad de investigación
Universidad de San Galo,situado en la entidad territorial administrativa,San Galo
Universidad de Zúrich,país,Suiza
Universidad de Zúrich,instancia de,universidad
Universidad de Zúrich,ubicación de la sede,Zúrich
piloto de Fórmula Uno,instancia de,profesión
piloto de Fórmula Uno,subclase de,piloto de automovilismo
piloto de Fórmula Uno,ámbito de la ocupación,Fórmula 1
piloto de Fórmula Uno,categoría principal del tema,Categoría:Pilotos de Fórmula 1
piloto de Fórmula Uno,plantilla principal del tema,Plantilla:Ficha de piloto de Fórmula 1
comediante,instancia de,profesión
comediante,instancia de,ocupación
comediante,subclase de,actor
comediante,subclase de,artista
alcalde de Bogotá,país,Colombia
alcalde de Bogotá,instancia de,cargo público
alcalde de Bogotá,subclase de,alcalde
alcalde de Bogotá,categoría principal del tema,Categoría:Alcaldes de Bogotá
alcalde de Bogotá,aplica a la jurisdicción,Bogotá
diputado del Congreso Nacional de Honduras,país,Honduras
diputado del Congreso Nacional de Honduras,instancia de,cargo
diputado del Congreso Nacional de Honduras,subclase de,parlamentario
diputado del Congreso Nacional de Honduras,forma parte de,Congreso Nacional de Honduras
diputado del Congreso Nacional de Honduras,categoría principal del tema,Categoría:Diputados de Honduras
Honduras,país,Honduras
Honduras,jefe de gobierno,Xiomara Castro
Honduras,continente,América del Norte
Honduras,instancia de,país
Honduras,instancia de,estado soberano
Supía,país,Colombia
Supía,instancia de,municipio de Colombia
Supía,situado en la entidad territorial administrativa,Alto Occidente Caldense
Salzburgo,jefe de gobierno,Bernhard Auinger
Salzburgo,país,Austria
Salzburgo,instancia de,ciudad estatutaria de Austria
Salzburgo,instancia de,gemeinde de Austria
Salzburgo,instancia de,distrito de Austria
antropólogo,instancia de,profesión
antropólogo,subclase de,científico social
antropólogo,ámbito de la ocupación,antropología
antropólogo,categoría principal del tema,Categoría:Antropólogos
Austria,forma parte de,Unión Europea
Austria,forma parte de,Espacio Económico Europeo
Austria,forma parte de,Europa Central
Austria,se encuentra en el huso horario,UTC+01:00
Austria,miembro de,Unión Europea
Sorbonne Universidad de París,país,Francia
Sorbonne Universidad de París,instancia de,universidad en Francia
Sorbonne Universidad de París,instancia de,entidad desaparecida
Sorbonne Universidad de París,nombrado en referencia a,París
Sorbonne Universidad de París,nombrado en referencia a,Roberto de Sorbón
Academia Nacional de Ciencias de los Estados Unidos,categoría de miembros,Categoría:Miembros de la Academia Nacional de Ciencias de Estados Unidos
Academia Nacional de Ciencias de los Estados Unidos,financiador,Open Society Foundations
Academia Nacional de Ciencias de los Estados Unidos,país,Estados Unidos
Academia Nacional de Ciencias de los Estados Unidos,instancia de,academia de ciencias
Carepa,país,Colombia
Carepa,instancia de,municipio de Colombia
Carepa,comparte fronteras con,Turbo
Carepa,comparte fronteras con,Apartadó
Carepa,comparte fronteras con,Chigorodó
Breslavia,jefe de gobierno,Jacek Sutryk
Breslavia,país,Polonia
Breslavia,instancia de,ciudad con derechos de distrito
Breslavia,comparte fronteras con,Siechnice
Eduardo Santos,Lugar de nacimiento,Bogotá
Eduardo Santos,Ocupación,abogado
Eduardo Santos,Ciudadanía,Colombia
Eduardo Santos,Educado en,Universidad del Rosario
Eduardo Santos,Miembro de,Academia Colombiana de Historia
Eduardo Santos,Cargo,Canciller de Colombia
Eduardo Santos,Premio recibido,Premio María Moors Cabot
Eduardo Santos,Fecha de nacimiento,1888-08-28
Eduardo Santos,Fecha de defunción,1974-03-24
Eduardo Santos,Ocupación,político
Eduardo Santos,Ocupación,diplomático
Eduardo Santos,Ocupación,periodista
Eduardo Santos,Fecha de defunción,1974-03-27
Jacobo Arenas,Lugar de nacimiento,Bucaramanga
Jacobo Arenas,Ocupación,político
Jacobo Arenas,Ciudadanía,Colombia
Jacobo Arenas,Miembro de,Fuerzas Armadas Revolucionarias de Colombia
Jacobo Arenas,Fecha de nacimiento,1924-01-23
Jacobo Arenas,Fecha de defunción,1990-08-10
Amparo Ángel,Lugar de nacimiento,Popayán
Amparo Ángel,Ocupación,compositor
Amparo Ángel,Ciudadanía,Colombia
Amparo Ángel,Fecha de nacimiento,2000-01-01
Amparo Ángel,Ocupación,pianista
Manuel María Paz,Lugar de nacimiento,Almaguer
Manuel María Paz,Ocupación,geógrafo
Manuel María Paz,Ciudadanía,Colombia
Manuel María Paz,Fecha de nacimiento,1820-07-06
Manuel María Paz,Fecha de defunción,1902-09-16
Manuel María Paz,Ocupación,pintor
Manuel María Paz,Ocupación,dibujante
Abraham Gonzalez,Lugar de nacimiento,Villavicencio
Abraham Gonzalez,Ocupación,árbitro de fútbol
Abraham Gonzalez,Ciudadanía,Colombia
Abraham Gonzalez,Fecha de nacimiento,1970-12-07
Francisco de Paula Santander,Lugar de nacimiento,Villa del Rosario
Francisco de Paula Santander,Ocupación,militar
Francisco de Paula Santander,Ciudadanía,Colombia
Francisco de Paula Santander,Educado en,Colegio Mayor de San Bartolomé
Francisco de Paula Santander,Cargo,Presidente de Colombia
Francisco de Paula Santander,Fecha de nacimiento,1792-04-02
Francisco de Paula Santander,Fecha de defunción,1840-03-06
Francisco de Paula Santander,Ocupación,político
Francisco de Paula Santander,Educado en,Universidad Santo Tomás
Karina Arroyave,Lugar de nacimiento,Colombia
Karina Arroyave,Ocupación,actor
Karina Arroyave,Ciudadanía,Estados Unidos
Karina Arroyave,Fecha de nacimiento,1969-07-16
Karina Arroyave,Ocupación,actor de cine
Karina Arroyave,Ciudadanía,Colombia
Santiago Botero,Lugar de nacimiento,Medellín
Santiago Botero,Ocupación,ciclista
Santiago Botero,Ciudadanía,Colombia
Santiago Botero,Educado en,Universidad EAFIT
Santiago Botero,Fecha de nacimiento,1972-10-27
Gustavo Rojas Pinilla,Lugar de nacimiento,Tunja
Gustavo Rojas Pinilla,Ocupación,ingeniero
Gustavo Rojas Pinilla,Ciudadanía,Colombia
Gustavo Rojas Pinilla,Educado en,Trine University
Gustavo Rojas Pinilla,Cargo,Presidente de Colombia
Gustavo Rojas Pinilla,Premio recibido,"Gran Cruz, clase especial, del Mérito de La República Federal de Alemania"
Gustavo Rojas Pinilla,Fecha de nacimiento,1900-03-12
Gustavo Rojas Pinilla,Fecha de defunción,1975-01-17
Gustavo Rojas Pinilla,Ocupación,político
Gustavo Rojas Pinilla,Ocupación,ingeniero civil
Gustavo Rojas Pinilla,Cargo,General Commander of the Military Forces
Camilo Zúñiga,Lugar de nacimiento,Chigorodó
Camilo Zúñiga,Ocupación,futbolista
Camilo Zúñiga,Ciudadanía,Colombia
Camilo Zúñiga,Fecha de nacimiento,1985-12-14
Piedad Córdoba,Lugar de nacimiento,Medellín
Piedad Córdoba,Ocupación,abogado
Piedad Córdoba,Ciudadanía,Colombia
Piedad Córdoba,Educado en,Pontificia Universidad Javeriana
Piedad Córdoba,Cargo,senador de Colombia
Piedad Córdoba,Fecha de nacimiento,1955-01-25
Piedad Córdoba,Fecha de defunción,2024-01-20
Piedad Córdoba,Ocupación,político
Piedad Córdoba,Ocupación,activista
Piedad Córdoba,Educado en,Universidad Pontificia Bolivariana
Juan Pablo Suárez,Lugar de nacimiento,Medellín
Juan Pablo Suárez,Ocupación,ciclista
Juan Pablo Suárez,Ciudadanía,Colombia
Juan Pablo Suárez,Fecha de nacimiento,1985-05-30
Juan Pablo Suárez,Ocupación,ciclista de pista
Juan Pablo Suárez,Ocupación,road cyclist
Carlos Huertas,Lugar de nacimiento,Bogotá
Carlos Huertas,Ocupación,piloto de automovilismo
Carlos Huertas,Ciudadanía,Colombia
Carlos Huertas,Fecha de nacimiento,1991-06-22
Pedro Alonso López,Lugar de nacimiento,Venadillo
Pedro Alonso López,Ocupación,asesino en serie
Pedro Alonso López,Ciudadanía,Colombia
Pedro Alonso López,Fecha de nacimiento,1948-10-14
Augusto Barrera,Lugar de nacimiento,Quito
Augusto Barrera,Ocupación,médico
Augusto Barrera,Ciudadanía,Ecuador
Augusto Barrera,Educado en,Universidad Central del Ecuador
Augusto Barrera,Cargo,Alcalde Metropolitano de Quito
Augusto Barrera,Fecha de nacimiento,1961-12-11
Augusto Barrera,Ocupación,político
Augusto Barrera,Ocupación,profesor universitario
Augusto Barrera,Ocupación,sociólogo
Augusto Barrera,Ciudadanía,Colombia
Augusto Barrera,Cargo,UCLG Co-President
Catalina Denis,Lugar de nacimiento,Colombia
Catalina Denis,Ocupación,actor
Catalina Denis,Ciudadanía,Francia
Catalina Denis,Fecha de nacimiento,1995-08-07
Catalina Denis,Ocupación,modelo
Catalina Denis,Ciudadanía,Colombia
Angelino Garzón,Lugar de nacimiento,Buga
Angelino Garzón,Ocupación,político
Angelino Garzón,Ciudadanía,Colombia
Angelino Garzón,Educado en,Universidad Jorge Tadeo Lozano
Angelino Garzón,Cargo,Vicepresidente de Colombia
Angelino Garzón,Fecha de nacimiento,1956-10-29
Angelino Garzón,Ocupación,diplomático
Angelino Garzón,Ocupación,sindicalista
Angelino Garzón,Cargo,embajador de Colombia
Gustavo Yacamán,Lugar de nacimiento,Cali
Gustavo Yacamán,Ocupación,piloto de automovilismo
Gustavo Yacamán,Ciudadanía,Colombia
Gustavo Yacamán,Educado en,Colegio Bolívar
Gustavo Yacamán,Fecha de nacimiento,1991-02-25
Laureano Gómez,Lugar de nacimiento,Bogotá
Laureano Gómez,Ocupación,ingeniero
Laureano Gómez,Ciudadanía,Colombia
Laureano Gómez,Educado en,Universidad Nacional de Colombia
Laureano Gómez,Cargo,Presidente de Colombia
Laureano Gómez,Premio recibido,Gran Cruz de la Orden de Isabel la Católica
Laureano Gómez,Fecha de nacimiento,1889-02-20
Laureano Gómez,Fecha de defunción,1965-07-13
Laureano Gómez,Ocupación,político
Laureano Gómez,Ocupación,diplomático
Laureano Gómez,Ocupación,periodista
Laureano Gómez,Ocupación,ingeniero civil
Laureano Gómez,Educado en,Colegio Mayor de San Bartolomé
Laureano Gómez,Cargo,Canciller de Colombia
Mimi Morales,Lugar de nacimiento,Cartagena de Indias
Mimi Morales,Ocupación,actor de cine
Mimi Morales,Ciudadanía,Colombia
Mimi Morales,Fecha de nacimiento,1976-04-07
Mimi Morales,Fecha de nacimiento,1976-04-11
Eduardo Santos,Educado en,Universidad Nacional de Colombia
Eduardo Santos,Cargo,Presidente de Colombia
Academia Colombiana de Historia,país,Colombia
Academia Colombiana de Historia,instancia de,sociedad erudita
Academia Colombiana de Historia,instancia de,editorial
Academia Colombiana de Historia,campo de trabajo,historia
Academia Colombiana de Historia,fundador,José Joaquín Casas Castañeda
Bucaramanga,país,Colombia
Bucaramanga,instancia de,gran ciudad
Bucaramanga,instancia de,municipio de Colombia
Bucaramanga,instancia de,ciudad de Colombia
Bucaramanga,comparte fronteras con,Rionegro
Fuerzas Armadas Revolucionarias de Colombia,país,Colombia
Fuerzas Armadas Revolucionarias de Colombia,instancia de,organización terrorista
Fuerzas Armadas Revolucionarias de Colombia,instancia de,movimiento guerrillero
Fuerzas Armadas Revolucionarias de Colombia,forma parte de,Conflicto Armado Interno de Colombia
Fuerzas Armadas Revolucionarias de Colombia,presidente,Rodrigo Londoño
Popayán,país,Colombia
Popayán,instancia de,gran ciudad
Popayán,instancia de,municipio de Colombia
Popayán,instancia de,ciudad de Colombia
Popayán,fundador,Sebastián de Belalcázar
pianista,instancia de,cargo
pianista,instancia de,ocupación
pianista,instancia de,profesión musical
pianista,subclase de,tecladista
pianista,ámbito de la ocupación,interpretación de piano
Almaguer,país,Colombia
Almaguer,instancia de,municipio de Colombia
Almaguer,situado en la entidad territorial administrativa,Cauca
geógrafo,instancia de,profesión
geógrafo,subclase de,científico de la Tierra
geógrafo,ámbito de la ocupación,geografía
geógrafo,categoría principal del tema,Categoría:Geógrafos
árbitro de fútbol,instancia de,profesión
árbitro de fútbol,subclase de,árbitro
árbitro de fútbol,subclase de,oficial del partido
Villa del Rosario,país,Colombia
Villa del Rosario,instancia de,ciudad fronteriza
Villa del Rosario,instancia de,municipio de Colombia
Villa del Rosario,situado en la entidad territorial administrativa,Norte de Santander
militar,instancia de,profesión
militar,instancia de,ocupación
militar,subclase de,empleado
militar,subclase de,guerrero
militar,opuesto a,civil
Colegio Mayor de San Bartolomé,país,Colombia
Colegio Mayor de San Bartolomé,instancia de,escuela pública
Colegio Mayor de San Bartolomé,instancia de,bien cultural
Colegio Mayor de San Bartolomé,instancia de,colegio jesuita
Colegio Mayor de San Bartolomé,fundador,Bartolomé Lobo Guerrero
Presidente de Colombia,país,Colombia
Presidente de Colombia,instancia de,presidente
Presidente de Colombia,instancia de,jefe de Estado
Presidente de Colombia,residencia oficial,Bogotá
Presidente de Colombia,residencia oficial,Casa de Nariño
actor de cine,instancia de,profesión del cine
actor de cine,subclase de,actor
actor de cine,categoría principal del tema,Categoría:Actores de cine
actor de cine,diferente de,actor de televisión
Universidad EAFIT,país,Colombia
Universidad EAFIT,instancia de,universidad privada
Universidad EAFIT,instancia de,editor de acceso abierto
Universidad EAFIT,situado en la entidad territorial administrativa,Medellín
Universidad EAFIT,miembro de,Biblioteca Digital Mundial
Tunja,país,Colombia
Tunja,continente,América del Sur
Tunja,instancia de,gran ciudad
Tunja,instancia de,municipio de Colombia
Tunja,instancia de,ciudad de Colombia
Trine University,país,Estados Unidos
Trine University,instancia de,universidad
Trine University,instancia de,institución educativa privada sin fines de lucro
Trine University,situado en la entidad territorial administrativa,Indiana
Trine University,ubicación de la sede,Angola
Chigorodó,país,Colombia
Chigorodó,instancia de,municipio de Colombia
Chigorodó,situado en la entidad territorial administrativa,Urabá
Chigorodó,idioma de la obra o del nombre,Lenguas chocó
Chigorodó,categoría principal del tema,Categoría:Chigorodó
ciclista de pista,instancia de,profesión
ciclista de pista,subclase de,ciclista
ciclista de pista,ámbito de la ocupación,ciclismo en pista
ciclista de pista,categoría principal del tema,Categoría:Ciclistas de pista
Venadillo,país,Colombia
Venadillo,instancia de,municipio de Colombia
Venadillo,situado en la entidad territorial administrativa,Tolima
asesino en serie,instancia de,ocupación
asesino en serie,subclase de,asesino
asesino en serie,ámbito de la ocupación,asesinato en serie
asesino en serie,categoría principal del tema,Categoría:Asesinos en serie
Universidad Central del Ecuador,país,Ecuador
Universidad Central del Ecuador,instancia de,universidad
Universidad Central del Ecuador,instancia de,editor de acceso abierto
Universidad Central del Ecuador,fundador,Felipe IV de España
Alcalde Metropolitano de Quito,país,Ecuador
Alcalde Metropolitano de Quito,instancia de,cargo
Alcalde Metropolitano de Quito,subclase de,alcalde
Alcalde Metropolitano de Quito,aplica a la jurisdicción,Distrito Metropolitano de Quito
Alcalde Metropolitano de Quito,titular del cargo,Pabel Muñoz
Buga,país,Colombia
Buga,país,Provincias Unidas de la Nueva Granada
Buga,instancia de,característica geográfica
Buga,instancia de,municipio de Colombia
Buga,situado en la entidad territorial administrativa,Valle del Cauca
Universidad Jorge Tadeo Lozano,país,Colombia
Universidad Jorge Tadeo Lozano,instancia de,universidad
Universidad Jorge Tadeo Lozano,instancia de,editor de acceso abierto
Universidad Jorge Tadeo Lozano,situado en la entidad territorial administrativa,Bogotá
Universidad Jorge Tadeo Lozano,nombrado en referencia a,Jorge Tadeo Lozano
Vicepresidente de Colombia,país,Colombia
Vicepresidente de Colombia,instancia de,cargo
Vicepresidente de Colombia,subclase de,vicepresidente
Vicepresidente de Colombia,forma parte de,Gabinete de Colombia
Vicepresidente de Colombia,aplica a la jurisdicción,Colombia
Colegio Bolívar,país,Colombia
Colegio Bolívar,instancia de,escuela
Colegio Bolívar,situado en la entidad territorial administrativa,Cali
Cartagena de Indias,país,Colombia
Cartagena de Indias,instancia de,gran ciudad
Cartagena de Indias,instancia de,municipio de Colombia
Cartagena de Indias,instancia de,ciudad de Colombia
Cartagena de Indias,comparte fronteras con,Clemencia
Wilson Zambrano,Lugar de nacimiento,Socorro
Wilson Zambrano,Ocupación,ciclista
Wilson Zambrano,Ciudadanía,Colombia
Wilson Zambrano,Fecha de nacimiento,1980-11-20
Jorge García Isaza,Lugar de nacimiento,Manizales
Jorge García Isaza,Ocupación,sacerdote católico
Jorge García Isaza,Ciudadanía,Colombia
Jorge García Isaza,Cargo,obispo titular
Jorge García Isaza,Fecha de nacimiento,1928-07-02
Jorge García Isaza,Fecha de defunción,2016-08-16
Jorge García Isaza,Ocupación,obispo católico
Jorge García Isaza,Cargo,vicario apostólico
Rosa Amelia Plumelle-Uribe,Lugar de nacimiento,Montelíbano
Rosa Amelia Plumelle-Uribe,Ocupación,abogado
Rosa Amelia Plumelle-Uribe,Ciudadanía,Francia
Rosa Amelia Plumelle-Uribe,Fecha de nacimiento,1951-12-24
Rosa Amelia Plumelle-Uribe,Ocupación,escritor de no ficción
Rosa Amelia Plumelle-Uribe,Ciudadanía,Colombia
Carlos Mario Hoyos,Lugar de nacimiento,Medellín
Carlos Mario Hoyos,Ocupación,futbolista
Carlos Mario Hoyos,Ciudadanía,Colombia
Carlos Mario Hoyos,Fecha de nacimiento,1962-02-28
Javier Calle,Lugar de nacimiento,Medellín
Javier Calle,Ocupación,futbolista
Javier Calle,Ciudadanía,Colombia
Javier Calle,Fecha de nacimiento,1991-04-29
Jeffry Romero,Lugar de nacimiento,Sogamoso
Jeffry Romero,Ocupación,ciclista
Jeffry Romero,Ciudadanía,Colombia
Jeffry Romero,Fecha de nacimiento,1989-10-04
Juan Agudelo,Lugar de nacimiento,Manizales
Juan Agudelo,Ocupación,futbolista
Juan Agudelo,Ciudadanía,Estados Unidos
Juan Agudelo,Educado en,Saint Benedict's Preparatory School
Juan Agudelo,Fecha de nacimiento,1992-11-23
Juan Agudelo,Ciudadanía,Colombia
Jesús Díaz,Ocupación,árbitro de fútbol
Jesús Díaz,Ciudadanía,Colombia
Jesús Díaz,Fecha de nacimiento,1954-10-16
Jesús Díaz,Ocupación,futbolista
Juan Diego González,Lugar de nacimiento,Medellín
Juan Diego González,Ocupación,futbolista
Juan Diego González,Ciudadanía,Colombia
Juan Diego González,Fecha de nacimiento,1980-09-22
Juan Diego González,Fecha de defunción,2020-02-27
Hector Echeverri,Lugar de nacimiento,Colombia
Hector Echeverri,Ocupación,futbolista
Hector Echeverri,Ciudadanía,Colombia
Hector Echeverri,Fecha de nacimiento,1938-04-10
Hector Echeverri,Fecha de defunción,1988-01-01
Rafael Montiel,Lugar de nacimiento,El Bagre
Rafael Montiel,Ocupación,ciclista
Rafael Montiel,Ciudadanía,Colombia
Rafael Montiel,Fecha de nacimiento,1981-06-28
Reinaldo Llanta,Lugar de nacimiento,Cali
Reinaldo Llanta,Ocupación,entrenador
Reinaldo Llanta,Ciudadanía,Colombia
Reinaldo Llanta,Educado en,Universidad del Valle
Reinaldo Llanta,Fecha de nacimiento,1957-04-16
Reinaldo Llanta,Ocupación,futbolista
Reinaldo Llanta,Ciudadanía,Honduras
Armando Carrillo,Lugar de nacimiento,Valledupar
Armando Carrillo,Ocupación,futbolista
Armando Carrillo,Ciudadanía,Colombia
Armando Carrillo,Fecha de nacimiento,1985-11-03
Aníbal Muñoz Duque,Lugar de nacimiento,Santa Rosa de Osos
Aníbal Muñoz Duque,Ocupación,sacerdote católico
Aníbal Muñoz Duque,Ciudadanía,Colombia
Aníbal Muñoz Duque,Cargo,cardenal
Aníbal Muñoz Duque,Fecha de nacimiento,1908-10-03
Aníbal Muñoz Duque,Fecha de defunción,1987-01-15
Aníbal Muñoz Duque,Ocupación,obispo católico
Aníbal Muñoz Duque,Ocupación,teólogo
Aníbal Muñoz Duque,Cargo,obispo diocesano
Aníbal Muñoz Duque,Cargo,administrador apostólico
Aníbal Muñoz Duque,Cargo,arzobispo titular
Aníbal Muñoz Duque,Cargo,Arzobispo de Bogotá
Aníbal Muñoz Duque,Cargo,obispo de Socorro y San Gil
Aníbal Muñoz Duque,Cargo,arzobispo de Nueva Pamplona
Sergio Fajardo,Lugar de nacimiento,Medellín
Sergio Fajardo,Ocupación,político
Sergio Fajardo,Ciudadanía,Colombia
Sergio Fajardo,Educado en,Universidad de Wisconsin-Madison
Sergio Fajardo,Cargo,Gobernador de Antioquia
Sergio Fajardo,Fecha de nacimiento,1956-06-19
Sergio Fajardo,Ocupación,matemático
Sergio Fajardo,Ocupación,profesor universitario
Sergio Fajardo,Ocupación,periodista
Sergio Fajardo,Ocupación,ambientalista
Sergio Fajardo,Educado en,Universidad de Antioquia
Sergio Fajardo,Educado en,Universidad de los Andes
Sergio Fajardo,Educado en,Universidad Nacional de Córdoba
Sergio Fajardo,Cargo,alcalde de Medellín
Phil Jackson Ibargüen,Lugar de nacimiento,Acandí
Phil Jackson Ibargüen,Ocupación,futbolista
Phil Jackson Ibargüen,Ciudadanía,Colombia
Phil Jackson Ibargüen,Fecha de nacimiento,1985-02-02
Gabriel Betancourt Mejía,Lugar de nacimiento,Medellín
Gabriel Betancourt Mejía,Ocupación,abogado
Gabriel Betancourt Mejía,Ciudadanía,Colombia
Gabriel Betancourt Mejía,Educado en,Universidad de Siracusa
Gabriel Betancourt Mejía,Miembro de,Academia Nacional de Educación
Gabriel Betancourt Mejía,Cargo,Ministro de Educación de Colombia
Gabriel Betancourt Mejía,Premio recibido,Gran Cruz de la Orden Civil de Alfonso X el Sabio
Gabriel Betancourt Mejía,Fecha de nacimiento,1918-04-27
Gabriel Betancourt Mejía,Fecha de defunción,2002-03-23
Gabriel Betancourt Mejía,Ocupación,político
Gabriel Betancourt Mejía,Ocupación,economista
Gabriel Betancourt Mejía,Ocupación,diplomático
Gabriel Betancourt Mejía,Educado en,Universidad de Antioquia
Gabriel Betancourt Mejía,Educado en,Pontificia Universidad Javeriana
Gabriel Betancourt Mejía,Educado en,Colegio Mayor de San Bartolomé
Gabriel Betancourt Mejía,Cargo,embajador de Colombia
José María Vargas Vila,Lugar de nacimiento,Bogotá
José María Vargas Vila,Ocupación,escritor
José María Vargas Vila,Ciudadanía,Colombia
José María Vargas Vila,Obra notable,Anexo:Bibliografía de José María Vargas Vila
José María Vargas Vila,Fecha de nacimiento,1860-07-23
José María Vargas Vila,Fecha de defunción,1933-05-23
José María Vargas Vila,Ocupación,diplomático
Julián Atehortúa,Lugar de nacimiento,Salgar
Julián Atehortúa,Ocupación,ciclista
Julián Atehortúa,Ciudadanía,Colombia
Julián Atehortúa,Fecha de nacimiento,1983-06-19
Jaime de la Pava,Lugar de nacimiento,Barranquilla
Jaime de la Pava,Ocupación,entrenador
Jaime de la Pava,Ciudadanía,Colombia
Jaime de la Pava,Fecha de nacimiento,1967-04-14
Jaime de la Pava,Ocupación,futbolista
Socorro,país,Colombia
Socorro,instancia de,ciudad
Socorro,instancia de,municipio de Colombia
Socorro,situado en la entidad territorial administrativa,Santander
Socorro,categoría principal del tema,Categoría:El Socorro (Santander)
obispo titular,instancia de,cargo
obispo titular,instancia de,cargo eclesiástico
obispo titular,instancia de,función episcopal
obispo titular,instancia de,vocación católica
obispo titular,subclase de,obispo católico
Montelíbano,país,Colombia
Montelíbano,instancia de,municipio de Colombia
Montelíbano,situado en la entidad territorial administrativa,Córdoba
escritor de no ficción,instancia de,profesión
escritor de no ficción,género,libro de no ficción
escritor de no ficción,subclase de,escritor
escritor de no ficción,ámbito de la ocupación,literatura de no ficción
escritor de no ficción,compuesto por,escritor de ciencia
El Bagre,país,Colombia
El Bagre,instancia de,municipio de Colombia
El Bagre,situado en la entidad territorial administrativa,Antioquia
El Bagre,situado cerca del cuerpo de agua,Río Nechí
El Bagre,categoría principal del tema,Categoría:El Bagre
Universidad del Valle,categoría para las personas que estudiaron en esta institución,Categoría:Alumnado de la Universidad del Valle
Universidad del Valle,categoría para empleados de la organización,Categoría:Profesores de la Universidad del Valle
Universidad del Valle,país,Colombia
Universidad del Valle,instancia de,universidad
Santa Rosa de Osos,país,Colombia
Santa Rosa de Osos,instancia de,municipio de Colombia
Santa Rosa de Osos,situado en la entidad territorial administrativa,Antioquia
Santa Rosa de Osos,situado en la entidad territorial administrativa,Norte antioqueño
Santa Rosa de Osos,categoría principal del tema,Categoría:Santa Rosa de Osos
Gobernador de Antioquia,país,Colombia
Gobernador de Antioquia,instancia de,cargo público
Gobernador de Antioquia,subclase de,gobernador
Gobernador de Antioquia,forma parte de,despacho del gobernador de Antioquia
Gobernador de Antioquia,aplica a la jurisdicción,Antioquia
Acandí,país,Colombia
Acandí,instancia de,ciudad fronteriza
Acandí,instancia de,municipio de Colombia
Acandí,situado en la entidad territorial administrativa,Chocó
Acandí,categoría principal del tema,Categoría:Acandí
Universidad de Siracusa,filial,Maxwell School of Citizenship and Public Affairs
Academia Nacional de Educación,país,Argentina
Academia Nacional de Educación,instancia de,sociedad erudita
Academia Nacional de Educación,industria,educación superior
Anexo:Bibliografía de José María Vargas Vila,instancia de,bibliografía
Anexo:Bibliografía de José María Vargas Vila,instancia de,artículo de lista de Wikimedia
Anexo:Bibliografía de José María Vargas Vila,lista de,obra escrita
Anexo:Bibliografía de José María Vargas Vila,faceta de,José María Vargas Vila
Salgar,país,Colombia
Salgar,instancia de,municipio de Colombia
Salgar,idioma oficial,español
Salgar,situado en la entidad territorial administrativa,Antioquia
Salgar,se encuentra en el huso horario,UTC-05:00
Adrián Ramos,Lugar de nacimiento,Santander de Quilichao
Adrián Ramos,Ocupación,futbolista
Adrián Ramos,Ciudadanía,Colombia
Adrián Ramos,Fecha de nacimiento,1986-01-22
Ricardo Antonio Tobón Restrepo,Lugar de nacimiento,Ituango
Ricardo Antonio Tobón Restrepo,Ocupación,sacerdote católico
Ricardo Antonio Tobón Restrepo,Ciudadanía,Colombia
Ricardo Antonio Tobón Restrepo,Cargo,obispo diocesano
Ricardo Antonio Tobón Restrepo,Fecha de nacimiento,1951-05-08
Ricardo Antonio Tobón Restrepo,Ocupación,obispo católico
Ricardo Antonio Tobón Restrepo,Cargo,Arzobispo de Medellín
Pablo Armero,Lugar de nacimiento,Tumaco
Pablo Armero,Ocupación,futbolista
Pablo Armero,Ciudadanía,Colombia
Pablo Armero,Fecha de nacimiento,1986-11-02
Julio César Turbay,Lugar de nacimiento,Bogotá
Julio César Turbay,Ocupación,abogado
Julio César Turbay,Ciudadanía,Colombia
Julio César Turbay,Educado en,Universidad del Cauca
Julio César Turbay,Cargo,Presidente de Colombia
Julio César Turbay,Premio recibido,Caballero de Gran Cruz con collar de la Orden al Mérito de la República Italiana
Julio César Turbay,Fecha de nacimiento,1916-06-18
Julio César Turbay,Fecha de defunción,2005-09-13
Julio César Turbay,Ocupación,político
Julio César Turbay,Ocupación,economista
Julio César Turbay,Ocupación,diplomático
Julio César Turbay,Premio recibido,Collar de la Orden de Isabel la Católica
Julio César Turbay,Cargo,embajador de Colombia en los Estados Unidos
Julio César Turbay,Cargo,presidente del Senado de Colombia
Julio César Turbay,Cargo,embajador de Colombia en Italia
Andrew Loog Oldham,Lugar de nacimiento,Londres
Andrew Loog Oldham,Ocupación,compositor
Andrew Loog Oldham,Ciudadanía,Reino Unido
Andrew Loog Oldham,Educado en,Wellingborough School
Andrew Loog Oldham,Obra notable,The Rolling Stones
Andrew Loog Oldham,Premio recibido,Salón de la Fama del Rock
Andrew Loog Oldham,Fecha de nacimiento,1944-01-29
Andrew Loog Oldham,Ocupación,emprendedor
Andrew Loog Oldham,Ocupación,productor discográfico
Andrew Loog Oldham,Ocupación,compositor de canciones
Andrew Loog Oldham,Ocupación,mánager
Andrew Loog Oldham,Ocupación,agente de talentos
Andrew Loog Oldham,Ciudadanía,Colombia
Andrew Loog Oldham,Educado en,Cokethorpe School
Alejandro Falla,Lugar de nacimiento,Cali
Alejandro Falla,Ocupación,tenista
Alejandro Falla,Ciudadanía,Colombia
Alejandro Falla,Fecha de nacimiento,1983-11-14
Santiago Giraldo,Lugar de nacimiento,Pereira
Santiago Giraldo,Ocupación,tenista
Santiago Giraldo,Ciudadanía,Colombia
Santiago Giraldo,Fecha de nacimiento,1987-11-27
Faustino Asprilla,Lugar de nacimiento,Tuluá
Faustino Asprilla,Ocupación,futbolista
Faustino Asprilla,Ciudadanía,Colombia
Faustino Asprilla,Fecha de nacimiento,1969-11-10
José Barros,Lugar de nacimiento,El Banco
José Barros,Ocupación,compositor
José Barros,Ciudadanía,Colombia
José Barros,Fecha de nacimiento,1915-03-21
José Barros,Fecha de defunción,2007-05-12
José Barros,Ocupación,cantante
Guillermo Abadía Morales,Lugar de nacimiento,Bogotá
Guillermo Abadía Morales,Ocupación,profesor universitario
Guillermo Abadía Morales,Ciudadanía,Colombia
Guillermo Abadía Morales,Educado en,Universidad Nacional de Colombia
Guillermo Abadía Morales,Empleador,"Universidad Nacional de Colombia, Sede Bogotá"
Guillermo Abadía Morales,Fecha de nacimiento,1912-05-08
Guillermo Abadía Morales,Fecha de defunción,2010-01-21
Guillermo Abadía Morales,Ocupación,antropólogo
Guillermo Abadía Morales,Ocupación,lingüista
Guillermo Abadía Morales,Ocupación,musicólogo
Guillermo Abadía Morales,Ocupación,etnomusicólogo
Rigoberto Urán,Lugar de nacimiento,Urrao
Rigoberto Urán,Ocupación,ciclista
Rigoberto Urán,Ciudadanía,Colombia
Rigoberto Urán,Fecha de nacimiento,1987-01-26
Aldo Bobadilla,Lugar de nacimiento,Pedro Juan Caballero
Aldo Bobadilla,Ocupación,futbolista
Aldo Bobadilla,Ciudadanía,Paraguay
Aldo Bobadilla,Fecha de nacimiento,1976-04-20
Aldo Bobadilla,Ciudadanía,Colombia
Christian Benítez,Lugar de nacimiento,Quito
Christian Benítez,Ocupación,futbolista
Christian Benítez,Ciudadanía,Ecuador
Christian Benítez,Fecha de nacimiento,1986-05-01
Christian Benítez,Fecha de defunción,2013-07-29
Christian Benítez,Ciudadanía,Colombia
Lucho Bermúdez,Lugar de nacimiento,El Carmen de Bolívar
Lucho Bermúdez,Ocupación,compositor
Lucho Bermúdez,Ciudadanía,Colombia
Lucho Bermúdez,Fecha de nacimiento,1912-01-25
Lucho Bermúdez,Fecha de defunción,1994-04-23
Adolfo Mejía,Lugar de nacimiento,Sucre
Adolfo Mejía,Ocupación,compositor
Adolfo Mejía,Ciudadanía,Colombia
Adolfo Mejía,Fecha de nacimiento,1905-02-05
Adolfo Mejía,Fecha de defunción,1973-07-06
Adolfo Mejía,Fecha de defunción,1973-07-07
Adolfo Valencia,Lugar de nacimiento,Buenaventura
Adolfo Valencia,Ocupación,futbolista
Adolfo Valencia,Ciudadanía,Colombia
Adolfo Valencia,Fecha de nacimiento,1968-02-06
Ernesto Samper,Lugar de nacimiento,Bogotá
Ernesto Samper,Ocupación,abogado
Ernesto Samper,Ciudadanía,Colombia
Ernesto Samper,Educado en,Pontificia Universidad Javeriana
Ernesto Samper,Cargo,Presidente de Colombia
Ernesto Samper,Fecha de nacimiento,1950-08-03
Ernesto Samper,Ocupación,político
Ernesto Samper,Ocupación,economista
Ernesto Samper,Ocupación,diplomático
Ernesto Samper,Cargo,secretario general del Movimiento de Países No Alineados
Ernesto Samper,Cargo,embajador de Colombia
James Rodríguez,Lugar de nacimiento,Cúcuta
James Rodríguez,Ocupación,futbolista
James Rodríguez,Ciudadanía,España
James Rodríguez,Premio recibido,Premio Puskás
James Rodríguez,Fecha de nacimiento,1991-07-12
James Rodríguez,Premio recibido,Portuguese Golden Ball
James Rodríguez,Premio recibido,LPFP Awards
James Rodríguez,Premio recibido,World Cup Golden Boot
James Rodríguez,Ciudadanía,Colombia
Nelson Rivas,Lugar de nacimiento,Pradera
Nelson Rivas,Ocupación,futbolista
Nelson Rivas,Ciudadanía,Colombia
Nelson Rivas,Fecha de nacimiento,1983-03-25
Teófilo Gutiérrez,Lugar de nacimiento,Barranquilla
Teófilo Gutiérrez,Ocupación,escritor
Teófilo Gutiérrez,Ciudadanía,Colombia
Teófilo Gutiérrez,Premio recibido,Futbolista del año en Sudamérica
Teófilo Gutiérrez,Fecha de nacimiento,1985-05-17
Teófilo Gutiérrez,Ocupación,futbolista
Teófilo Gutiérrez,Premio recibido,Premio Copé
Santander de Quilichao,país,Colombia
Santander de Quilichao,instancia de,municipio de Colombia
Santander de Quilichao,situado en la entidad territorial administrativa,Cauca
Santander de Quilichao,situado cerca del cuerpo de agua,Cauca
Ituango,país,Colombia
Ituango,instancia de,municipio de Colombia
Ituango,situado en la entidad territorial administrativa,Norte antioqueño
Ituango,idioma de la obra o del nombre,Lenguas chocó
Ituango,categoría principal del tema,Categoría:Ituango
obispo diocesano,instancia de,cargo eclesiástico
obispo diocesano,instancia de,función episcopal
obispo diocesano,subclase de,obispo
obispo diocesano,subclase de,pastor
obispo diocesano,subclase de,ordinario
Tumaco,categoría principal del tema,Categoría:Tumaco
Tumaco,capital de,Provincia de Tumaco-Barbacoas
Tumaco,categoría para las personas que nacieron aquí,Categoría:Nacidos en Tumaco
Tumaco,categoría de personas relacionadas,Categoría:Personas de Tumaco
Tumaco,país,Colombia
Universidad del Cauca,país,Colombia
Universidad del Cauca,instancia de,universidad pública
Universidad del Cauca,instancia de,editor de acceso abierto
Universidad del Cauca,fundador,Francisco de Paula Santander
Universidad del Cauca,situado en la entidad territorial administrativa,Popayán
Londres,jefe de gobierno,Sadiq Khan
Londres,país,Reino Unido
Londres,continente,Europa
Londres,instancia de,ciudad
Londres,instancia de,megaciudad
Reino Unido,miembro de,Organización para la Cooperación y el Desarrollo Económico
Reino Unido,miembro de,Agencia Espacial Europea
Reino Unido,miembro de,Programa de exención de visa
Reino Unido,miembro de,Organización para la Seguridad y la Cooperación en Europa
Reino Unido,miembro de,Observatorio Europeo del Sur
The Rolling Stones,compuesto por,Ron Wood
The Rolling Stones,compuesto por,Charlie Watts
The Rolling Stones,compuesto por,Bill Wyman
The Rolling Stones,compuesto por,Mick Taylor
The Rolling Stones,compuesto por,Ian Stewart
El Banco,país,Colombia
El Banco,instancia de,municipio de Colombia
El Banco,situado en la entidad territorial administrativa,Magdalena
El Banco,situado cerca del cuerpo de agua,Río Magdalena
El Banco,se encuentra en el huso horario,UTC-05:00
profesor universitario,instancia de,profesión académica
profesor universitario,subclase de,profesor
profesor universitario,subclase de,académico
profesor universitario,ámbito de la ocupación,enseñanza
"Universidad Nacional de Colombia, Sede Bogotá",país,Colombia
"Universidad Nacional de Colombia, Sede Bogotá",instancia de,campus
"Universidad Nacional de Colombia, Sede Bogotá",instancia de,organización educativa
"Universidad Nacional de Colombia, Sede Bogotá",situado en la entidad territorial administrativa,Teusaquillo
"Universidad Nacional de Colombia, Sede Bogotá",estatus patrimonial,lista indicativa del Patrimonio de la Humanidad
Urrao,país,Colombia
Urrao,instancia de,municipio de Colombia
Urrao,situado en la entidad territorial administrativa,Antioquia
Urrao,situado en la entidad territorial administrativa,Suroeste antioqueño
Urrao,categoría principal del tema,Categoría:Urrao
Pedro Juan Caballero,país,Paraguay
Pedro Juan Caballero,instancia de,ciudad
Pedro Juan Caballero,instancia de,ciudad fronteriza
Pedro Juan Caballero,instancia de,municipio de Paraguay
Pedro Juan Caballero,instancia de,gran ciudad
Paraguay,país,Paraguay
Paraguay,historia,historia de Paraguay
Paraguay,cultura,cultura del Paraguay
Paraguay,geografía,geografía de Paraguay
Paraguay,teléfono de emergencia,911
El Carmen de Bolívar,país,Colombia
El Carmen de Bolívar,instancia de,municipio de Colombia
El Carmen de Bolívar,situado en la entidad territorial administrativa,Bolívar
Sucre,cargo ocupado por el jefe de gobierno,Gobernador de Sucre
Sucre,categoría para las personas que nacieron aquí,Categoría:Nacidos en Sucre (Colombia)
Sucre,categoría para las personas que fallecieron aquí,Categoría:Fallecidos en Sucre (Colombia)
Sucre,categoría de personas relacionadas,Categoría:Personas de Sucre (Colombia)
Sucre,diferente de,Sucre
Premio Puskás,instancia de,categoría de un premio
Premio Puskás,nombrado en referencia a,Ferenc Puskás
Premio Puskás,deporte,fútbol
Premio Puskás,conferido por,FIFA
Pradera,país,Colombia
Pradera,instancia de,municipio de Colombia
Pradera,situado en la entidad territorial administrativa,Valle del Cauca
Futbolista del año en Sudamérica,instancia de,distinción
Futbolista del año en Sudamérica,deporte,fútbol
Futbolista del año en Sudamérica,conferido por,El País
Futbolista del año en Sudamérica,conferido por,El Mundo
Kilian Virviescas,Lugar de nacimiento,Bogotá
Kilian Virviescas,Ocupación,futbolista
Kilian Virviescas,Ciudadanía,Colombia
Kilian Virviescas,Fecha de nacimiento,1980-08-02
Manuel Mejía Vallejo,Lugar de nacimiento,Jericó
Manuel Mejía Vallejo,Ocupación,escritor
Manuel Mejía Vallejo,Ciudadanía,Colombia
Manuel Mejía Vallejo,Premio recibido,Premio Nadal
Manuel Mejía Vallejo,Fecha de nacimiento,1923-04-23
Manuel Mejía Vallejo,Fecha de defunción,1998-07-23
Manuel Mejía Vallejo,Ocupación,poeta
Manuel Mejía Vallejo,Ocupación,periodista
Manuel Mejía Vallejo,Ocupación,novelista
Manuel Mejía Vallejo,Premio recibido,Premio Rómulo Gallegos
Andrés Orozco-Estrada,Lugar de nacimiento,Medellín
Andrés Orozco-Estrada,Ocupación,director de orquesta
Andrés Orozco-Estrada,Ciudadanía,Colombia
Andrés Orozco-Estrada,Educado en,Universidad de Música y Arte Dramático de Viena
Andrés Orozco-Estrada,Premio recibido,Prendedor de Honor por Servir a La Provincia de Austria Baja
Andrés Orozco-Estrada,Fecha de nacimiento,1977-12-14
Andrés Orozco-Estrada,Ocupación,músico
Andrés Orozco-Estrada,Ocupación,violinista
Andrés Orozco-Estrada,Educado en,Pontificia Universidad Javeriana
Pedro Zape,Lugar de nacimiento,Q1256377
Pedro Zape,Ocupación,entrenador
Pedro Zape,Ciudadanía,Colombia
Pedro Zape,Fecha de nacimiento,1949-06-03
Pedro Zape,Ocupación,futbolista
Guillermo Velásquez Ramírez,Lugar de nacimiento,Pereira
Guillermo Velásquez Ramírez,Ocupación,árbitro de fútbol
Guillermo Velásquez Ramírez,Ciudadanía,Colombia
Guillermo Velásquez Ramírez,Fecha de nacimiento,1934-01-04
Guillermo Velásquez Ramírez,Fecha de defunción,2017-06-26
Ernesto Frieri,Lugar de nacimiento,Arjona
Ernesto Frieri,Ocupación,beisbolista
Ernesto Frieri,Ciudadanía,Colombia
Ernesto Frieri,Fecha de nacimiento,1985-07-19
Martín von Hildebrand,Lugar de nacimiento,Nueva York
Martín von Hildebrand,Ocupación,escritor
Martín von Hildebrand,Ciudadanía,Estados Unidos
Martín von Hildebrand,Educado en,Sorbonne Universidad de París
Martín von Hildebrand,Fecha de nacimiento,1943-01-26
Martín von Hildebrand,Ocupación,etnólogo
Martín von Hildebrand,Ocupación,antropólogo
Martín von Hildebrand,Ciudadanía,Colombia
Martín von Hildebrand,Educado en,University College Dublin
José Querubín Moreno,Lugar de nacimiento,Ventachurrusca
José Querubín Moreno,Ocupación,atleta
José Querubín Moreno,Ciudadanía,Colombia
José Querubín Moreno,Fecha de nacimiento,1959-12-29
Mauricio Ardila,Lugar de nacimiento,Medellín
Mauricio Ardila,Ocupación,ciclista
Mauricio Ardila,Ciudadanía,Colombia
Mauricio Ardila,Fecha de nacimiento,1979-05-12
Mauricio Ardila,Lugar de nacimiento,Yarumal
Elkin Murillo,Lugar de nacimiento,Medellín
Elkin Murillo,Ocupación,futbolista
Elkin Murillo,Ciudadanía,Colombia
Elkin Murillo,Fecha de nacimiento,1977-09-20
Óscar Tulio Lizcano,Lugar de nacimiento,Cartago
Óscar Tulio Lizcano,Ocupación,político
Óscar Tulio Lizcano,Ciudadanía,Colombia
Óscar Tulio Lizcano,Cargo,miembro de la Cámara de Representantes de Colombia
Óscar Tulio Lizcano,Fecha de nacimiento,1947-01-01
Óscar Tulio Lizcano,Ocupación,economista
María Ángela Holguín,Lugar de nacimiento,Bogotá
María Ángela Holguín,Ocupación,diplomático
María Ángela Holguín,Ciudadanía,Colombia
María Ángela Holguín,Educado en,Universidad de París X Nanterre
María Ángela Holguín,Cargo,Canciller de Colombia
María Ángela Holguín,Premio recibido,Gran Cruz de la Orden de Isabel la Católica
María Ángela Holguín,Fecha de nacimiento,1963-11-13
María Ángela Holguín,Premio recibido,Gran Cruz de la Orden El Sol del Perú
María Ángela Holguín,Premio recibido,Knight Grand Cordon with Collar of the Order of Palestine
María Ángela Holguín,Educado en,Universidad de los Andes
María Ángela Holguín,Cargo,embajador de Colombia en Venezuela
Juan Pablo Villegas,Lugar de nacimiento,Pácora
Juan Pablo Villegas,Ocupación,ciclista
Juan Pablo Villegas,Ciudadanía,Colombia
Juan Pablo Villegas,Fecha de nacimiento,1987-10-15
Marco Yonier Pérez Murillo,Lugar de nacimiento,Quibdó
Marco Yonier Pérez Murillo,Ocupación,futbolista
Marco Yonier Pérez Murillo,Ciudadanía,Colombia
Marco Yonier Pérez Murillo,Fecha de nacimiento,1990-09-18
Emma Claudia Castellanos,Lugar de nacimiento,Bogotá
Emma Claudia Castellanos,Ocupación,abogado
Emma Claudia Castellanos,Ciudadanía,Colombia
Emma Claudia Castellanos,Educado en,Universidad La Gran Colombia
Emma Claudia Castellanos,Cargo,senador de Colombia
Emma Claudia Castellanos,Fecha de nacimiento,1960-05-04
Emma Claudia Castellanos,Ocupación,político
Emma Claudia Castellanos,Ocupación,pastor
Emma Claudia Castellanos,Ocupación,diplomático
Emma Claudia Castellanos,Educado en,Universidad Sergio Arboleda
Emma Claudia Castellanos,Cargo,embajador de Colombia en Brasil
Cayetano Sarmiento,Lugar de nacimiento,Arcabuco
Cayetano Sarmiento,Ocupación,ciclista
Cayetano Sarmiento,Ciudadanía,Colombia
Cayetano Sarmiento,Fecha de nacimiento,1987-03-28
Ángel Oswaldo Fernández,Lugar de nacimiento,Machala
Ángel Oswaldo Fernández,Ocupación,futbolista
Ángel Oswaldo Fernández,Ciudadanía,Ecuador
Ángel Oswaldo Fernández,Fecha de nacimiento,1971-08-02
Ángel Oswaldo Fernández,Ciudadanía,Colombia
Camilo Daza,Lugar de nacimiento,Pamplona
Camilo Daza,Ocupación,piloto de aviación
Camilo Daza,Ciudadanía,Colombia
Camilo Daza,Fecha de nacimiento,1898-06-25
Camilo Daza,Fecha de defunción,1975-03-18
Manolo Cardona,Lugar de nacimiento,Popayán
Manolo Cardona,Ocupación,actor
Manolo Cardona,Ciudadanía,Estados Unidos
Manolo Cardona,Fecha de nacimiento,1977-04-25
Manolo Cardona,Ocupación,realizador
Manolo Cardona,Ocupación,actor de televisión
Manolo Cardona,Ciudadanía,Colombia
Francisco Zuluaga,Lugar de nacimiento,Medellín
Francisco Zuluaga,Ocupación,entrenador
Francisco Zuluaga,Ciudadanía,Colombia
Francisco Zuluaga,Fecha de nacimiento,1929-02-04
Francisco Zuluaga,Fecha de defunción,1993-11-08
Francisco Zuluaga,Ocupación,futbolista
Jericó,país,Colombia
Jericó,instancia de,municipio de Colombia
Jericó,situado en la entidad territorial administrativa,Antioquia
Jericó,categoría principal del tema,Categoría:Jericó (Antioquia)
Jericó,categoría para las personas que nacieron aquí,Categoría:Nacidos en Jericó (Antioquia)
Premio Nadal,país,España
Premio Nadal,instancia de,premio literario
Premio Nadal,situado en la entidad territorial administrativa,Barcelona
Premio Nadal,nombrado en referencia a,Eugenio Nadal Gaya
Premio Nadal,categoría principal del tema,Categoría:Premio Nadal
director de orquesta,instancia de,profesión
director de orquesta,instancia de,cargo
director de orquesta,instancia de,profesión musical
director de orquesta,subclase de,músico
director de orquesta,subclase de,artista escénico
Universidad de Música y Arte Dramático de Viena,país,Austria
Universidad de Música y Arte Dramático de Viena,instancia de,conservatorio de música
Universidad de Música y Arte Dramático de Viena,instancia de,universidad pública
Universidad de Música y Arte Dramático de Viena,instancia de,escuela de arte dramático
Universidad de Música y Arte Dramático de Viena,fundador,Gesellschaft der Musikfreunde
Prendedor de Honor por Servir a La Provincia de Austria Baja,país,Austria
Prendedor de Honor por Servir a La Provincia de Austria Baja,instancia de,orden
Prendedor de Honor por Servir a La Provincia de Austria Baja,conferido por,Baja Austria
Arjona,país,Colombia
Arjona,instancia de,municipio de Colombia
Arjona,situado en la entidad territorial administrativa,Bolívar
Nueva York,jefe de gobierno,Eric Adams
Nueva York,país,Estados Unidos
Nueva York,continente,América del Norte
Nueva York,instancia de,ciudad
Nueva York,instancia de,megaciudad
Ventachurrusca,país,Colombia
Ventachurrusca,instancia de,municipio de Colombia
Ventachurrusca,fundador,Manuel Antonio Flórez Maldonado
Ventachurrusca,situado en la entidad territorial administrativa,Boyacá
Ventachurrusca,situado en la entidad territorial administrativa,Provincia del Centro
Yarumal,país,Colombia
Yarumal,instancia de,municipio de Colombia
Yarumal,situado en la entidad territorial administrativa,Antioquia
Yarumal,categoría principal del tema,Categoría:Yarumal
Yarumal,categoría para las personas que nacieron aquí,Categoría:Nacidos en Yarumal
diplomático,instancia de,profesión
diplomático,instancia de,título corporativo
diplomático,subclase de,estadista
diplomático,subclase de,alto cargo
diplomático,ámbito de la ocupación,diplomacia
Universidad de París X Nanterre,confiere,doctor honoris causa por la Universidad de París X Nanterre
Universidad de París X Nanterre,país,Francia
Universidad de París X Nanterre,instancia de,universidad en Francia
Universidad de París X Nanterre,ubicación de la sede,Nanterre
Pácora,país,Colombia
Pácora,instancia de,municipio de Colombia
Pácora,situado en la entidad territorial administrativa,Norte Caldense
Pácora,categoría principal del tema,Categoría:Pácora
Pácora,categoría para las personas que nacieron aquí,Categoría:Nacidos en Pácora
Universidad La Gran Colombia,país,Colombia
Universidad La Gran Colombia,instancia de,universidad
Universidad La Gran Colombia,situado en la entidad territorial administrativa,Bogotá
Universidad La Gran Colombia,miembro de,Asociación Colombiana de Universidades
Universidad La Gran Colombia,miembro de,ORCID
Arcabuco,país,Colombia
Arcabuco,instancia de,municipio de Colombia
Arcabuco,situado en la entidad territorial administrativa,Boyacá
Arcabuco,situado en la entidad territorial administrativa,Provincia de Ricaurte
Arcabuco,idioma de la obra o del nombre,lenguas arahuacas
Machala,país,Ecuador
Machala,instancia de,ciudad
Machala,situado en la entidad territorial administrativa,Cantón Machala
Machala,bandera,Bandera de Machala
Machala,ciudad hermana,Santa Tecla
Pamplona,país,Colombia
Pamplona,instancia de,municipio de Colombia
Pamplona,situado en la entidad territorial administrativa,Norte de Santander
Pamplona,ciudad hermana,Pamplona
Pamplona,ciudad hermana,Tunja
piloto de aviación,instancia de,profesión
piloto de aviación,elemento operado,aeronave
piloto de aviación,subclase de,miembro de tripulación
piloto de aviación,subclase de,operador de vehículo
piloto de aviación,ámbito de la ocupación,aviación
realizador,instancia de,profesión
realizador,subclase de,artista
realizador,subclase de,gerente
realizador,subclase de,creador
realizador,ámbito de la ocupación,montaje
Oswaldo Guayasamín,Lugar de nacimiento,Quito
Oswaldo Guayasamín,Ocupación,pintor
Oswaldo Guayasamín,Ciudadanía,Ecuador
Oswaldo Guayasamín,Obra notable,La huelga
Oswaldo Guayasamín,Premio recibido,Premio Eugenio Espejo
Oswaldo Guayasamín,Fecha de nacimiento,1919-07-06
Oswaldo Guayasamín,Fecha de defunción,1999-03-10
Oswaldo Guayasamín,Ocupación,escultor
Oswaldo Guayasamín,Ocupación,artista visual
Oswaldo Guayasamín,Ocupación,dibujante
Oswaldo Guayasamín,Fecha de nacimiento,1999-01-01
Oswaldo Guayasamín,Ciudadanía,Colombia
Enrique Grau,Lugar de nacimiento,España
Enrique Grau,Ocupación,pintor
Enrique Grau,Ciudadanía,Colombia
Enrique Grau,Educado en,Universidad Nacional de Colombia
Enrique Grau,Fecha de nacimiento,1920-12-18
Enrique Grau,Fecha de defunción,2004-04-01
Enrique Grau,Ocupación,escultor
Mariano Ospina Pérez,Lugar de nacimiento,Medellín
Mariano Ospina Pérez,Ocupación,político
Mariano Ospina Pérez,Ciudadanía,Colombia
Mariano Ospina Pérez,Educado en,Universidad de Antioquia
Mariano Ospina Pérez,Cargo,Presidente de Colombia
Mariano Ospina Pérez,Premio recibido,Gran Cruz de la Orden de Isabel la Católica
Mariano Ospina Pérez,Fecha de nacimiento,1891-11-24
Mariano Ospina Pérez,Fecha de defunción,1976-04-14
Mariano Ospina Pérez,Ocupación,ingeniero civil
Mariano Ospina Pérez,Ocupación,ingeniero de minas
Mariano Ospina Pérez,Educado en,Universidad Estatal de Luisiana
Mariano Ospina Pérez,Educado en,Universidad Nacional de Colombia sede Medellín
Mesías Maiguashca,Lugar de nacimiento,Quito
Mesías Maiguashca,Ocupación,compositor
Mesías Maiguashca,Ciudadanía,Alemania
Mesías Maiguashca,Educado en,Hochschule für Musik und Tanz Köln
Mesías Maiguashca,Empleador,Hochschule für Musik Freiburg
Mesías Maiguashca,Fecha de nacimiento,1938-12-24
Mesías Maiguashca,Ocupación,profesor universitario
Mesías Maiguashca,Ciudadanía,Ecuador
Mesías Maiguashca,Ciudadanía,Colombia
Zacarías Reyán,Lugar de nacimiento,Chiquinquirá
Zacarías Reyán,Ocupación,escritor
Zacarías Reyán,Ciudadanía,Colombia
Zacarías Reyán,Fecha de nacimiento,1948-05-10
Zacarías Reyán,Ocupación,poeta
Juan Urango,Lugar de nacimiento,Montería
Juan Urango,Ocupación,boxeador
Juan Urango,Ciudadanía,Colombia
Juan Urango,Fecha de nacimiento,1980-09-04
Bernardo Redín,Lugar de nacimiento,Cali
Bernardo Redín,Ocupación,entrenador
Bernardo Redín,Ciudadanía,Colombia
Bernardo Redín,Fecha de nacimiento,1963-02-26
Bernardo Redín,Ocupación,futbolista
Edgar Negret,Lugar de nacimiento,Popayán
Edgar Negret,Ocupación,escultor
Edgar Negret,Ciudadanía,Colombia
Edgar Negret,Premio recibido,Beca Guggenheim
Edgar Negret,Fecha de nacimiento,1920-10-11
Edgar Negret,Fecha de defunción,2012-10-11
Hernán Alvarado Solano,Lugar de nacimiento,Bogotá
Hernán Alvarado Solano,Ocupación,sacerdote católico
Hernán Alvarado Solano,Ciudadanía,Colombia
Hernán Alvarado Solano,Educado en,Seminario Mayor de Bogotá
Hernán Alvarado Solano,Cargo,obispo titular
Hernán Alvarado Solano,Fecha de nacimiento,1946-01-26
Hernán Alvarado Solano,Fecha de defunción,2011-01-31
Hernán Alvarado Solano,Ocupación,obispo católico
Hernán Alvarado Solano,Cargo,vicario apostólico
Duván Zapatillas,Lugar de nacimiento,Cali
Duván Zapatillas,Ocupación,futbolista
Duván Zapatillas,Ciudadanía,Colombia
Duván Zapatillas,Fecha de nacimiento,1991-04-01
Ximena Duque,Lugar de nacimiento,Cali
Ximena Duque,Ocupación,modelo
Ximena Duque,Ciudadanía,Colombia
Ximena Duque,Fecha de nacimiento,1985-01-30
Ximena Duque,Ocupación,actor de televisión
Gilberto Aristizábal,Lugar de nacimiento,Manizales
Gilberto Aristizábal,Ocupación,árbitro de fútbol
Gilberto Aristizábal,Ciudadanía,Colombia
Gilberto Aristizábal,Fecha de nacimiento,1940-09-08
Gilberto Aristizábal,Fecha de defunción,2016-06-02
Gilberto Aristizábal,Ocupación,futbolista
Oliverio Rincón,Lugar de nacimiento,Duitama
Oliverio Rincón,Ocupación,ciclista
Oliverio Rincón,Ciudadanía,Colombia
Oliverio Rincón,Fecha de nacimiento,1968-04-24
Víctor Marulanda,Lugar de nacimiento,Medellín
Víctor Marulanda,Ocupación,futbolista
Víctor Marulanda,Ciudadanía,Colombia
Víctor Marulanda,Educado en,Universidad Autónoma Latinoamericana
Víctor Marulanda,Fecha de nacimiento,1971-02-03
Víctor Marulanda,Fecha de nacimiento,1971-02-05
Natalia Navarro Galvis,Lugar de nacimiento,Barranquilla
Natalia Navarro Galvis,Ocupación,modelo
Natalia Navarro Galvis,Ciudadanía,Colombia
Natalia Navarro Galvis,Fecha de nacimiento,1987-08-12
Natalia Navarro Galvis,Ocupación,participante en concursos de belleza
Miguel Ángel Rodríguez Forero,Lugar de nacimiento,Bogotá
Miguel Ángel Rodríguez Forero,Ocupación,jugador de squash
Miguel Ángel Rodríguez Forero,Ciudadanía,Colombia
Miguel Ángel Rodríguez Forero,Fecha de nacimiento,1985-12-20
Fernando Gaitán Salom,Lugar de nacimiento,Bogotá
Fernando Gaitán Salom,Ocupación,guionista
Fernando Gaitán Salom,Ciudadanía,Colombia
Fernando Gaitán Salom,Obra notable,"Yo soy Betty, la fea"
Fernando Gaitán Salom,Premio recibido,Anexo:TVyNovelas (Colombia) al mejor libretista de telenovela o serie
Fernando Gaitán Salom,Fecha de nacimiento,1960-11-09
Fernando Gaitán Salom,Fecha de defunción,2019-01-29
Fernando Gaitán Salom,Ocupación,productor de televisión
Fernando Gaitán Salom,Premio recibido,Anexo:Premio India Catalina al mejor libreto
Fernando Gaitán Salom,Obra notable,"Café, con aroma de mujer"
Fernando Gaitán Salom,Obra notable,Hasta que la plata nos separe
Róbinson Zapata,Lugar de nacimiento,Florida
Róbinson Zapata,Ocupación,futbolista
Róbinson Zapata,Ciudadanía,Colombia
Róbinson Zapata,Fecha de nacimiento,1978-09-30
Valdemar Franklin Quintero,Lugar de nacimiento,Bucaramanga
Valdemar Franklin Quintero,Ocupación,militar
Valdemar Franklin Quintero,Ciudadanía,Colombia
Valdemar Franklin Quintero,Educado en,Universidad La Gran Colombia
Valdemar Franklin Quintero,Fecha de nacimiento,1941-01-26
Valdemar Franklin Quintero,Fecha de defunción,1989-08-01
Valdemar Franklin Quintero,Ocupación,agente de policía
Bernardo Tovar,Lugar de nacimiento,Popayán
Bernardo Tovar,Ocupación,tirador
Bernardo Tovar,Ciudadanía,Colombia
Bernardo Tovar,Fecha de nacimiento,1951-01-05
La huelga,instancia de,pintura
La huelga,creador,Oswaldo Guayasamín
La huelga,país de origen,Ecuador
Premio Eugenio Espejo,país,Ecuador
Premio Eugenio Espejo,instancia de,premio de cultura
Premio Eugenio Espejo,nombrado en referencia a,Eugenio Espejo
Premio Eugenio Espejo,conferido por,Presidente del Ecuador
Premio Eugenio Espejo,categoría para los galardonados con este premio,Categoría:Ganadores del Premio Eugenio Espejo
Alemania,relación diplomática,Estonia
Alemania,relación diplomática,Letonia
Alemania,relación diplomática,Ucrania
Alemania,relación diplomática,República Checa
Alemania,relación diplomática,Eslovaquia
Hochschule für Musik und Tanz Köln,país,Alemania
Hochschule für Musik und Tanz Köln,instancia de,conservatorio de música
Hochschule für Musik und Tanz Köln,instancia de,universidad pública
Hochschule für Musik und Tanz Köln,instancia de,escuela de música
Hochschule für Musik und Tanz Köln,instancia de,academia de música
Chiquinquirá,país,Colombia
Chiquinquirá,instancia de,municipio de Colombia
Chiquinquirá,situado en la entidad territorial administrativa,Provincia de Occidente
Chiquinquirá,ciudad hermana,Mérida
poeta,instancia de,profesión
poeta,subclase de,escritor
poeta,ámbito de la ocupación,poesía
poeta,categoría principal del tema,Categoría:Poetas
Montería,país,Colombia
Montería,instancia de,gran ciudad
Montería,instancia de,municipio de Colombia
Montería,instancia de,ciudad de Colombia
Montería,comparte fronteras con,Planeta Rica
boxeador,instancia de,profesión
boxeador,subclase de,deportista
boxeador,subclase de,artista marcial
boxeador,ámbito de la ocupación,boxeo
boxeador,ámbito de la ocupación,boxeo aficionado
escultor,instancia de,profesión artística
escultor,subclase de,artesano
escultor,subclase de,artista visual
escultor,subclase de,artista plástico
escultor,ámbito de la ocupación,escultura
Beca Guggenheim,país,Estados Unidos
Beca Guggenheim,instancia de,beca
Beca Guggenheim,instancia de,evento anual
Beca Guggenheim,campo de trabajo,ciencia
Beca Guggenheim,campo de trabajo,música
Duitama,capital de,Provincia de Tundama
Duitama,categoría para las personas que nacieron aquí,Categoría:Nacidos en Duitama
Duitama,país,Colombia
Duitama,instancia de,municipio de Colombia
Duitama,situado en la entidad territorial administrativa,Boyacá
Universidad Autónoma Latinoamericana,país,Colombia
Universidad Autónoma Latinoamericana,instancia de,universidad
Universidad Autónoma Latinoamericana,situado en la entidad territorial administrativa,Medellín
Universidad Autónoma Latinoamericana,miembro de,AmeliCA
Universidad Autónoma Latinoamericana,idioma usado,español
participante en concursos de belleza,instancia de,ocupación
participante en concursos de belleza,subclase de,animador
participante en concursos de belleza,subclase de,modelo
participante en concursos de belleza,subclase de,concursante
participante en concursos de belleza,ámbito de la ocupación,concurso de belleza
jugador de squash,instancia de,ocupación
jugador de squash,subclase de,deportista
jugador de squash,subclase de,jugador competitivo
jugador de squash,ámbito de la ocupación,squash
jugador de squash,deporte,squash
guionista,ámbito de la ocupación,escritura de guiones
guionista,categoría principal del tema,Categoría:Guionistas
"Yo soy Betty, la fea",instancia de,serie de televisión
"Yo soy Betty, la fea",género,telenovela
"Yo soy Betty, la fea",sucedido por,Ecomoda
"Yo soy Betty, la fea",miembro del reparto,Ana María Orozco
"Yo soy Betty, la fea",miembro del reparto,Jorge Enrique Abello
Anexo:TVyNovelas (Colombia) al mejor libretista de telenovela o serie,país,Colombia
Anexo:TVyNovelas (Colombia) al mejor libretista de telenovela o serie,instancia de,categoría de un premio
Anexo:TVyNovelas (Colombia) al mejor libretista de telenovela o serie,lista de,ganador del premio
Anexo:TVyNovelas (Colombia) al mejor libretista de telenovela o serie,forma parte de,Premios TVyNovelas (Colombia)
Florida,país,Colombia
Florida,instancia de,municipio de Colombia
Florida,situado en la entidad territorial administrativa,Valle del Cauca
Florida,diferente de,Florida
tirador,instancia de,profesión
tirador,subclase de,deportista
tirador,subclase de,tirador
tirador,ámbito de la ocupación,tiro deportivo
tirador,ámbito de la ocupación,Tiro Práctico
Juventudes Socialistas de España,país,España
Juventudes Socialistas de España,instancia de,organización política juvenil
Juventudes Socialistas de España,fundador,Tomás Meabe
Juventudes Socialistas de España,ubicación de la sede,Madrid
Juventudes Socialistas de España,color,rojo
Balón de Oro,país,Francia
Balón de Oro,instancia de,premio deportivo
Balón de Oro,subclase de,trofeo
Balón de Oro,subclase de,evento recurrente
Balón de Oro,deporte,fútbol
ingeniero,subclase de,trabajador
ingeniero,ámbito de la ocupación,ingeniería
Miguel Antonio Caro Tobar,Lugar de nacimiento,Bogotá
Miguel Antonio Caro Tobar,Ocupación,escritor
Miguel Antonio Caro Tobar,Ciudadanía,Colombia
Miguel Antonio Caro Tobar,Miembro de,Academia Colombiana de la Lengua
Miguel Antonio Caro Tobar,Cargo,Presidente de Colombia
Miguel Antonio Caro Tobar,Fecha de nacimiento,1842-11-11
Miguel Antonio Caro Tobar,Fecha de defunción,1909-08-05
Miguel Antonio Caro Tobar,Ocupación,abogado
Miguel Antonio Caro Tobar,Ocupación,poeta
Miguel Antonio Caro Tobar,Ocupación,político
Miguel Antonio Caro Tobar,Ocupación,agricultor
Miguel Antonio Caro Tobar,Ocupación,traductor
Miguel Antonio Caro Tobar,Ocupación,periodista
Rafael Reyes Prieto,Lugar de nacimiento,Santa Rosa de Viterbo
Rafael Reyes Prieto,Ocupación,empresario
Rafael Reyes Prieto,Ciudadanía,Colombia
Rafael Reyes Prieto,Obra notable,"Por Colombia, por Ibero-América"
Rafael Reyes Prieto,Cargo,presidente
Rafael Reyes Prieto,Fecha de nacimiento,1849-12-05
Rafael Reyes Prieto,Fecha de defunción,1921-02-18
Rafael Reyes Prieto,Ocupación,militar
Rafael Reyes Prieto,Ocupación,político
Rafael Reyes Prieto,Ocupación,diplomático
Rafael Reyes Prieto,Ocupación,autor
Rafael Reyes Prieto,Ocupación,explorador
Rafael Reyes Prieto,Cargo,embajador de Colombia
José María Campo Serrano,Lugar de nacimiento,Santa Marta
José María Campo Serrano,Ocupación,abogado
José María Campo Serrano,Ciudadanía,Colombia
José María Campo Serrano,Cargo,miembro de la Cámara de Representantes de Colombia
José María Campo Serrano,Fecha de nacimiento,1832-09-08
José María Campo Serrano,Fecha de defunción,1915-02-24
José María Campo Serrano,Ocupación,político
Frank Osorio,Lugar de nacimiento,El Carmen de Viboral
Frank Osorio,Ocupación,ciclista
Frank Osorio,Ciudadanía,Colombia
Frank Osorio,Fecha de nacimiento,1988-08-28
Jorge Enrique Abello,Lugar de nacimiento,Bogotá
Jorge Enrique Abello,Ocupación,actor
Jorge Enrique Abello,Ciudadanía,Colombia
Jorge Enrique Abello,Educado en,Pontificia Universidad Javeriana
Jorge Enrique Abello,Fecha de nacimiento,1968-02-28
Jorge Enrique Abello,Ocupación,director de cine
Jorge Enrique Abello,Ocupación,actor de televisión
Gildardo Biderman Gómez,Lugar de nacimiento,Segovia
Gildardo Biderman Gómez,Ocupación,futbolista
Gildardo Biderman Gómez,Ciudadanía,Colombia
Gildardo Biderman Gómez,Fecha de nacimiento,1963-10-13
Gabriel Ochoa,Lugar de nacimiento,Sopetrán
Gabriel Ochoa,Ocupación,médico
Gabriel Ochoa,Ciudadanía,Colombia
Gabriel Ochoa,Educado en,Pontificia Universidad Javeriana
Gabriel Ochoa,Fecha de nacimiento,1929-11-20
Gabriel Ochoa,Fecha de defunción,2020-08-08
Gabriel Ochoa,Ocupación,entrenador
Gabriel Ochoa,Ocupación,futbolista
Alejandra Sandoval,Lugar de nacimiento,Cali
Alejandra Sandoval,Ocupación,actor
Alejandra Sandoval,Ciudadanía,Colombia
Alejandra Sandoval,Fecha de nacimiento,1980-08-23
Alejandra Sandoval,Ocupación,modelo artístico
Víctor Salazar,Lugar de nacimiento,Quibdó
Víctor Salazar,Ocupación,futbolista
Víctor Salazar,Ciudadanía,Colombia
Víctor Salazar,Fecha de nacimiento,1991-02-14
Carlos Betancur,Lugar de nacimiento,Ciudad Bolívar
Carlos Betancur,Ocupación,ciclista
Carlos Betancur,Ciudadanía,Colombia
Carlos Betancur,Fecha de nacimiento,1989-10-13
Juan Sebastián Cabal,Lugar de nacimiento,Cali
Juan Sebastián Cabal,Ocupación,tenista
Juan Sebastián Cabal,Ciudadanía,Colombia
Juan Sebastián Cabal,Fecha de nacimiento,1986-04-25
José Fernando Santa,Lugar de nacimiento,Medellín
José Fernando Santa,Ocupación,entrenador
José Fernando Santa,Ciudadanía,Colombia
José Fernando Santa,Fecha de nacimiento,1970-09-12
José Fernando Santa,Ocupación,futbolista
Francisco Javier Vergara y Velasco,Lugar de nacimiento,Popayán
Francisco Javier Vergara y Velasco,Ocupación,historiador
Francisco Javier Vergara y Velasco,Ciudadanía,Colombia
Francisco Javier Vergara y Velasco,Fecha de nacimiento,1860-06-15
Francisco Javier Vergara y Velasco,Fecha de defunción,1914-01-21
Francisco Javier Vergara y Velasco,Ocupación,geógrafo
Héctor Quiñones,Lugar de nacimiento,Cali
Héctor Quiñones,Ocupación,futbolista
Héctor Quiñones,Ciudadanía,Colombia
Héctor Quiñones,Fecha de nacimiento,1992-03-17
Vladdo,Lugar de nacimiento,Bogotá
Vladdo,Ocupación,dibujante
Vladdo,Ciudadanía,Colombia
Vladdo,Fecha de nacimiento,1963-01-01
Vladdo,Ocupación,periodista
Vladdo,Ocupación,caricaturista
Vladdo,Fecha de nacimiento,1963-12-22
Edison Toloza,Lugar de nacimiento,Santa Bárbara
Edison Toloza,Ocupación,futbolista
Edison Toloza,Ciudadanía,Colombia
Edison Toloza,Fecha de nacimiento,1984-06-15
Carlos Maussa,Lugar de nacimiento,Montería
Carlos Maussa,Ocupación,boxeador
Carlos Maussa,Ciudadanía,Colombia
Carlos Maussa,Fecha de nacimiento,1971-09-24
Miguel Varoni,Lugar de nacimiento,Bogotá
Miguel Varoni,Ocupación,actor
Miguel Varoni,Ciudadanía,Colombia
Miguel Varoni,Fecha de nacimiento,1964-12-11
Miguel Varoni,Ocupación,realizador de televisión
Luis Gabriel Rey,Lugar de nacimiento,Bucaramanga
Luis Gabriel Rey,Ocupación,futbolista
Luis Gabriel Rey,Ciudadanía,Colombia
Luis Gabriel Rey,Fecha de nacimiento,1980-02-20
Andrés Felipe Ortiz,Lugar de nacimiento,Medellín
Andrés Felipe Ortiz,Ocupación,futbolista
Andrés Felipe Ortiz,Ciudadanía,Colombia
Andrés Felipe Ortiz,Fecha de nacimiento,1987-03-20
Academia Colombiana de la Lengua,país,Colombia
Academia Colombiana de la Lengua,instancia de,organización
Academia Colombiana de la Lengua,categoría principal del tema,Categoría:Academia Colombiana de la Lengua
Academia Colombiana de la Lengua,categoría de miembros,Categoría:Miembros de la Academia Colombiana de la Lengua
Santa Rosa de Viterbo,país,Colombia
Santa Rosa de Viterbo,instancia de,municipio de Colombia
Santa Rosa de Viterbo,situado en la entidad territorial administrativa,Boyacá
Santa Rosa de Viterbo,situado en la entidad territorial administrativa,Provincia de Tundama
Santa Rosa de Viterbo,idioma de la obra o del nombre,lenguas indoeuropeas
empresario,instancia de,profesión
empresario,instancia de,persona jurídica
empresario,instancia de,ocupación
empresario,instancia de,concepto económico
"Por Colombia, por Ibero-América",instancia de,obra escrita
"Por Colombia, por Ibero-América",autor,Rafael Reyes Prieto
presidente,instancia de,cargo público
presidente,instancia de,cargo
presidente,precedido por,presidente electo
presidente,subclase de,jefe de Estado
presidente,subclase de,político
El Carmen de Viboral,país,Colombia
El Carmen de Viboral,instancia de,municipio de Colombia
El Carmen de Viboral,situado en la entidad territorial administrativa,Oriente antioqueño
El Carmen de Viboral,bandera,Símbolos de El Carmen de Viboral
El Carmen de Viboral,categoría principal del tema,Categoría:El Carmen de Viboral
Segovia,país,Colombia
Segovia,instancia de,municipio de Colombia
Segovia,situado en la entidad territorial administrativa,Antioquia
Segovia,situado en la entidad territorial administrativa,Nordeste antioqueño
Sopetrán,país,Colombia
Sopetrán,instancia de,municipio de Colombia
Sopetrán,situado en la entidad territorial administrativa,Antioquia
Sopetrán,situado en la entidad territorial administrativa,Occidente antioqueño
Sopetrán,idioma de la obra o del nombre,lenguas indoeuropeas
médico,instancia de,profesión medicina
médico,instancia de,grupo de ocupaciones de la CIUO
modelo artístico,instancia de,profesión
modelo artístico,subclase de,modelo
modelo artístico,categoría principal del tema,Categoría:Modelos de artistas
modelo artístico,descrito en la fuente,Encyclopædia Britannica (11ª edición)
Ciudad Bolívar,país,Colombia
Ciudad Bolívar,instancia de,municipio de Colombia
Ciudad Bolívar,situado en la entidad territorial administrativa,Antioquia
Ciudad Bolívar,situado en la entidad territorial administrativa,Suroeste antioqueño
Ciudad Bolívar,nombrado en referencia a,Simón Bolívar
historiador,categoría que contiene subcategorías epónimas,Categoría:Categorías de historiadores
historiador,instancia de,profesión
historiador,subclase de,académico de humanidades
historiador,ámbito de la ocupación,historiografía
dibujante,instancia de,profesión
dibujante,instancia de,ocupación
dibujante,subclase de,artista gráfico
dibujante,subclase de,dibujante
dibujante,ámbito de la ocupación,dibujo humorístico
Santa Bárbara,país,Colombia
Santa Bárbara,instancia de,municipio de Colombia
Santa Bárbara,situado en la entidad territorial administrativa,Nariño
realizador de televisión,instancia de,profesión
realizador de televisión,subclase de,realizador
realizador de televisión,forma parte de,equipo de televisión
realizador de televisión,categoría principal del tema,Categoría:Directores de televisión
José Castelblanco,Lugar de nacimiento,Úmbita
José Castelblanco,Ocupación,ciclista
José Castelblanco,Ciudadanía,Colombia
José Castelblanco,Fecha de nacimiento,1969-12-15
Darwin Atapuma,Lugar de nacimiento,Túquerres
Darwin Atapuma,Ocupación,ciclista
Darwin Atapuma,Ciudadanía,Colombia
Darwin Atapuma,Fecha de nacimiento,1988-01-15
Andrés Orozco,Lugar de nacimiento,San Andrés
Andrés Orozco,Ocupación,futbolista
Andrés Orozco,Ciudadanía,Colombia
Andrés Orozco,Fecha de nacimiento,1979-03-18
Flavio Caballero,Lugar de nacimiento,Cartagena de Indias
Flavio Caballero,Ocupación,actor
Flavio Caballero,Ciudadanía,Colombia
Flavio Caballero,Fecha de nacimiento,1958-10-06
Flavio Caballero,Ocupación,actor de televisión
Flavio Caballero,Ocupación,actor de cine
Israel Ochoa,Lugar de nacimiento,Paipa
Israel Ochoa,Ocupación,ciclista
Israel Ochoa,Ciudadanía,Colombia
Israel Ochoa,Fecha de nacimiento,1964-08-26
Samuel Cabrera,Lugar de nacimiento,Pasuncha
Samuel Cabrera,Ocupación,ciclista
Samuel Cabrera,Ciudadanía,Colombia
Samuel Cabrera,Fecha de nacimiento,1960-08-15
Samuel Cabrera,Fecha de defunción,2022-03-21
Winner Anacona,Lugar de nacimiento,Tunja
Winner Anacona,Ocupación,ciclista
Winner Anacona,Ciudadanía,Colombia
Winner Anacona,Fecha de nacimiento,1988-08-11
Edwin Valencia,Lugar de nacimiento,Florida
Edwin Valencia,Ocupación,futbolista
Edwin Valencia,Ciudadanía,Colombia
Edwin Valencia,Fecha de nacimiento,1985-03-29
Juan Esteban Arango,Lugar de nacimiento,Medellín
Juan Esteban Arango,Ocupación,ciclista
Juan Esteban Arango,Ciudadanía,Colombia
Juan Esteban Arango,Fecha de nacimiento,1986-10-09
Juan Esteban Arango,Ocupación,ciclista de pista
Luis Fernando Herrera,Lugar de nacimiento,Medellín
Luis Fernando Herrera,Ocupación,futbolista
Luis Fernando Herrera,Ciudadanía,Colombia
Luis Fernando Herrera,Fecha de nacimiento,1962-06-12
Edwin Congo,Lugar de nacimiento,Bogotá
Edwin Congo,Ocupación,futbolista
Edwin Congo,Ciudadanía,España
Edwin Congo,Fecha de nacimiento,1976-10-07
Edwin Congo,Ciudadanía,Colombia
Fanny Lu,Lugar de nacimiento,Cali
Fanny Lu,Ocupación,actor
Fanny Lu,Ciudadanía,Colombia
Fanny Lu,Educado en,Universidad de los Andes
Fanny Lu,Fecha de nacimiento,1973-02-08
Fanny Lu,Ocupación,cantante
Fanny Lu,Ocupación,modelo
Gabriel Turbay,Lugar de nacimiento,Bucaramanga
Gabriel Turbay,Ocupación,médico
Gabriel Turbay,Ciudadanía,Colombia
Gabriel Turbay,Educado en,Universidad Nacional de Colombia
Gabriel Turbay,Cargo,embajador de Colombia en los Estados Unidos
Gabriel Turbay,Fecha de nacimiento,1901-01-10
Gabriel Turbay,Fecha de defunción,1947-11-17
Gabriel Turbay,Ocupación,político
Gabriel Turbay,Ocupación,diplomático
Hernando Tovar,Lugar de nacimiento,Girardot
Hernando Tovar,Ocupación,futbolista
Hernando Tovar,Ciudadanía,Colombia
Hernando Tovar,Educado en,Colegio Mayor de San Bartolomé
Hernando Tovar,Fecha de nacimiento,1937-09-17
Hernando Tovar,Fecha de nacimiento,1938-06-07
Francisco Maturana,Lugar de nacimiento,Quibdó
Francisco Maturana,Ocupación,entrenador
Francisco Maturana,Ciudadanía,Colombia
Francisco Maturana,Educado en,Universidad de Antioquia
Francisco Maturana,Fecha de nacimiento,1949-02-15
Francisco Maturana,Ocupación,futbolista
José Eustasio Rivera,Lugar de nacimiento,Rivera
José Eustasio Rivera,Ocupación,escritor
José Eustasio Rivera,Ciudadanía,Colombia
José Eustasio Rivera,Educado en,Universidad Nacional de Colombia
José Eustasio Rivera,Empleador,Ministerio de Relaciones Exteriores de Colombia
José Eustasio Rivera,Obra notable,La vorágine
José Eustasio Rivera,Cargo,funcionario
José Eustasio Rivera,Fecha de nacimiento,1888-02-19
José Eustasio Rivera,Fecha de defunción,1928-12-01
José Eustasio Rivera,Ocupación,abogado
José Eustasio Rivera,Ocupación,diplomático
José Eustasio Rivera,Cargo,miembro de la Cámara de Representantes de Colombia
Fonseca,Lugar de nacimiento,Bogotá
Fonseca,Ocupación,cantante
Fonseca,Ciudadanía,Colombia
Fonseca,Educado en,Berklee College of Music
Fonseca,Premio recibido,Premio Grammy Latino por mejor álbum de cumbia/vallenato
Fonseca,Fecha de nacimiento,1979-05-29
Fonseca,Ocupación,compositor de canciones
Fonseca,Premio recibido,Premio Grammy latino por mejor álbum vocal pop tradicional
Fonseca,Premio recibido,Premio Grammy latino por mejor canción tropical
Fonseca,Educado en,Pontificia Universidad Javeriana
Fonseca,Educado en,Gimnasio Campestre
Fonseca,Educado en,Los Nogales
Carlos Valencia,Lugar de nacimiento,Cerrito
Carlos Valencia,Ocupación,futbolista
Carlos Valencia,Ciudadanía,Colombia
Carlos Valencia,Fecha de nacimiento,1953-12-30
Carlos Valencia,Fecha de defunción,2017-04-23
Coraima Torres,Lugar de nacimiento,Valencia
Coraima Torres,Ocupación,actor
Coraima Torres,Ciudadanía,Venezuela
Coraima Torres,Fecha de nacimiento,1973-06-06
Coraima Torres,Ocupación,modelo
Coraima Torres,Ciudadanía,Colombia
Úmbita,país,Colombia
Úmbita,instancia de,municipio de Colombia
Úmbita,situado en la entidad territorial administrativa,Boyacá
Úmbita,situado en la entidad territorial administrativa,Provincia de Márquez
Úmbita,idioma de la obra o del nombre,lenguas chibchas
Túquerres,país,Colombia
Túquerres,instancia de,municipio de Colombia
Túquerres,situado en la entidad territorial administrativa,Nariño
Túquerres,categoría principal del tema,Categoría:Túquerres
Túquerres,categoría para las personas que nacieron aquí,Categoría:Nacidos en Túquerres
San Andrés,capital de,"Archipiélago de San Andrés, Providencia y Santa Catalina"
San Andrés,diferente de,San Andrés
San Andrés,país,Colombia
Paipa,país,Colombia
Paipa,continente,América del Sur
Paipa,instancia de,municipio de Colombia
Paipa,situado en la entidad territorial administrativa,Boyacá
Paipa,situado en la entidad territorial administrativa,Provincia de Tundama
Pasuncha,país,Colombia
Pasuncha,instancia de,corregimiento de Colombia
Pasuncha,instancia de,centro poblado
embajador de Colombia en los Estados Unidos,país,Estados Unidos
embajador de Colombia en los Estados Unidos,instancia de,cargo
embajador de Colombia en los Estados Unidos,operador,Colombia
embajador de Colombia en los Estados Unidos,residencia oficial,Casa de Thomas T. Gaff
embajador de Colombia en los Estados Unidos,subclase de,embajador en Estados Unidos
Girardot,país,Colombia
Girardot,instancia de,municipio de Colombia
Girardot,comparte fronteras con,Coello
Girardot,situado en la entidad territorial administrativa,Cundinamarca
Colegio Mayor de San Bartolomé,país,España
Colegio Mayor de San Bartolomé,instancia de,colegio mayor
Colegio Mayor de San Bartolomé,fundador,Diego de Anaya Maldonado
Colegio Mayor de San Bartolomé,situado en la entidad territorial administrativa,Salamanca
Colegio Mayor de San Bartolomé,categoría principal del tema,Categoría:Colegio Mayor de San Bartolomé
Rivera,país,Colombia
Rivera,instancia de,municipio de Colombia
Rivera,situado en la entidad territorial administrativa,Huila
Ministerio de Relaciones Exteriores de Colombia,país,Colombia
Ministerio de Relaciones Exteriores de Colombia,instancia de,ministerio de relaciones exteriores
Ministerio de Relaciones Exteriores de Colombia,ubicación de la sede,Palacio de San Carlos
Ministerio de Relaciones Exteriores de Colombia,categoría principal del tema,Categoría:Ministerio de Relaciones Exteriores de Colombia
Ministerio de Relaciones Exteriores de Colombia,aplica a la jurisdicción,Colombia
Berklee College of Music,país,Estados Unidos
Berklee College of Music,instancia de,universidad privada
Berklee College of Music,instancia de,academia de música
Berklee College of Music,instancia de,institución educativa privada sin fines de lucro
Berklee College of Music,fundador,Lawrence Berk
Cerrito,país,Colombia
Cerrito,país,República de la Nueva Granada
Cerrito,instancia de,municipio de Colombia
Cerrito,situado en la entidad territorial administrativa,Santander
Valencia,país,Venezuela
Valencia,instancia de,ciudad
Valencia,idioma oficial,español
Misael Pastrana Borrero,Lugar de nacimiento,Neiva
Misael Pastrana Borrero,Ocupación,diplomático
Misael Pastrana Borrero,Ciudadanía,Colombia
Misael Pastrana Borrero,Educado en,Colegio Mayor de San Bartolomé
Misael Pastrana Borrero,Cargo,embajador de Colombia
Misael Pastrana Borrero,Premio recibido,Gran Cruz de la Orden de Isabel la Católica
Misael Pastrana Borrero,Fecha de nacimiento,1923-11-14
Misael Pastrana Borrero,Fecha de defunción,1997-08-21
Misael Pastrana Borrero,Ocupación,profesor universitario
Misael Pastrana Borrero,Ocupación,abogado
Misael Pastrana Borrero,Educado en,Pontificia Universidad Javeriana
Misael Pastrana Borrero,Cargo,Ministro de Hacienda y Crédito Público de Colombia
Misael Pastrana Borrero,Premio recibido,Gran Cruz de la Orden de San Carlos
Misael Pastrana Borrero,Ocupación,político
Juan Pablo Forero,Lugar de nacimiento,Tabio
Juan Pablo Forero,Ocupación,ciclista
Juan Pablo Forero,Ciudadanía,Colombia
Juan Pablo Forero,Fecha de nacimiento,1983-08-03
Juan Pablo Forero,Ocupación,ciclista de pista
Pontus Carlsson,Lugar de nacimiento,Cali
Pontus Carlsson,Ocupación,ajedrecista
Pontus Carlsson,Ciudadanía,Suecia
Pontus Carlsson,Fecha de nacimiento,1982-12-18
Pontus Carlsson,Ciudadanía,Colombia
Víctor Manuel Mora,Lugar de nacimiento,Bogotá
Víctor Manuel Mora,Ocupación,atleta
Víctor Manuel Mora,Ciudadanía,Colombia
Víctor Manuel Mora,Fecha de nacimiento,1944-11-24
Miguel Ángel Rubiano,Lugar de nacimiento,Bogotá
Miguel Ángel Rubiano,Ocupación,ciclista
Miguel Ángel Rubiano,Ciudadanía,Colombia
Miguel Ángel Rubiano,Fecha de nacimiento,1984-10-03
Sergio Henao,Lugar de nacimiento,Rionegro
Sergio Henao,Ocupación,ciclista
Sergio Henao,Ciudadanía,Colombia
Sergio Henao,Fecha de nacimiento,1987-12-10
Miguel Calero Rodríguez,Lugar de nacimiento,Ginebra
Miguel Calero Rodríguez,Ocupación,futbolista
Miguel Calero Rodríguez,Ciudadanía,Colombia
Miguel Calero Rodríguez,Fecha de nacimiento,1971-04-14
Miguel Calero Rodríguez,Fecha de defunción,2012-12-04
Rodrigo García Barcha,Lugar de nacimiento,Bogotá
Rodrigo García Barcha,Ocupación,guionista
Rodrigo García Barcha,Ciudadanía,Colombia
Rodrigo García Barcha,Educado en,Universidad Harvard
Rodrigo García Barcha,Premio recibido,Premios WGA
Rodrigo García Barcha,Fecha de nacimiento,1959-08-24
Rodrigo García Barcha,Ocupación,director de fotografía
Rodrigo García Barcha,Ocupación,autor
Rodrigo García Barcha,Ocupación,camarógrafo
Rodrigo García Barcha,Ocupación,realizador de televisión
Rodrigo García Barcha,Ocupación,director de cine
Rodrigo García Barcha,Ocupación,director de teatro
Rodrigo García Barcha,Ocupación,realizador
Rodrigo García Barcha,Educado en,Conservatorio de AFI
Arturo Salazar Mejía,Ocupación,sacerdote católico
Arturo Salazar Mejía,Ciudadanía,Colombia
Arturo Salazar Mejía,Cargo,obispo titular
Arturo Salazar Mejía,Fecha de nacimiento,1921-04-11
Arturo Salazar Mejía,Fecha de defunción,2009-11-01
Arturo Salazar Mejía,Ocupación,fraile
Arturo Salazar Mejía,Ocupación,obispo católico
Arturo Salazar Mejía,Ocupación,teólogo
Arturo Salazar Mejía,Cargo,vicario apostólico
Arturo Salazar Mejía,Cargo,Obispo de Pasto
Arturo de Jesús Correa Toro,Lugar de nacimiento,Ituango
Arturo de Jesús Correa Toro,Ocupación,sacerdote católico
Arturo de Jesús Correa Toro,Ciudadanía,Colombia
Arturo de Jesús Correa Toro,Cargo,obispo diocesano
Arturo de Jesús Correa Toro,Fecha de nacimiento,1941-04-26
Arturo de Jesús Correa Toro,Fecha de defunción,2021-05-26
Arturo de Jesús Correa Toro,Ocupación,obispo católico
Gregorio Ladino,Lugar de nacimiento,San Mateo
Gregorio Ladino,Ocupación,ciclista
Gregorio Ladino,Ciudadanía,México
Gregorio Ladino,Fecha de nacimiento,1973-01-18
Gregorio Ladino,Ciudadanía,Colombia
Walter Pedraza,Lugar de nacimiento,Bogotá
Walter Pedraza,Ocupación,ciclista
Walter Pedraza,Ciudadanía,Colombia
Walter Pedraza,Fecha de nacimiento,1981-11-27
Leonel Álvarez,Lugar de nacimiento,Remedios
Leonel Álvarez,Ocupación,entrenador
Leonel Álvarez,Ciudadanía,Colombia
Leonel Álvarez,Fecha de nacimiento,1965-07-29
Leonel Álvarez,Ocupación,futbolista
Alejandro Berrio,Lugar de nacimiento,Cartagena de Indias
Alejandro Berrio,Ocupación,boxeador
Alejandro Berrio,Ciudadanía,Colombia
Alejandro Berrio,Fecha de nacimiento,1976-08-07
Juan Pablo Pino,Lugar de nacimiento,Cartagena de Indias
Juan Pablo Pino,Ocupación,futbolista
Juan Pablo Pino,Ciudadanía,Colombia
Juan Pablo Pino,Fecha de nacimiento,1987-03-30
Dúvier Riascos,Lugar de nacimiento,Buenaventura
Dúvier Riascos,Ocupación,futbolista
Dúvier Riascos,Ciudadanía,Colombia
Dúvier Riascos,Fecha de nacimiento,1986-06-26
Luis Fernando Suárez,Lugar de nacimiento,Medellín
Luis Fernando Suárez,Ocupación,entrenador
Luis Fernando Suárez,Ciudadanía,Colombia
Luis Fernando Suárez,Educado en,Universidad Autónoma Latinoamericana
Luis Fernando Suárez,Fecha de nacimiento,1959-12-23
Luis Fernando Suárez,Ocupación,futbolista
Francisco Antonio Zea,Lugar de nacimiento,Medellín
Francisco Antonio Zea,Ocupación,político
Francisco Antonio Zea,Ciudadanía,Venezuela
Francisco Antonio Zea,Educado en,Colegio Mayor de San Bartolomé
Francisco Antonio Zea,Cargo,Vicepresidente de Colombia
Francisco Antonio Zea,Fecha de nacimiento,1766-11-23
Francisco Antonio Zea,Fecha de defunción,1822-11-28
Francisco Antonio Zea,Ocupación,diplomático
Francisco Antonio Zea,Ocupación,periodista
Francisco Antonio Zea,Ocupación,botánico
Francisco Antonio Zea,Ciudadanía,Colombia
Francisco Antonio Zea,Cargo,ambassador of Colombia to the United Kingdom
Alfonso López Pumarejo,Lugar de nacimiento,hora
Alfonso López Pumarejo,Ocupación,político
Alfonso López Pumarejo,Ciudadanía,Colombia
Alfonso López Pumarejo,Educado en,Escuela de Economía y Ciencia Política de Londres
Alfonso López Pumarejo,Cargo,Presidente de Colombia
Alfonso López Pumarejo,Fecha de nacimiento,1886-01-31
Alfonso López Pumarejo,Fecha de defunción,1959-11-20
Alfonso López Pumarejo,Ocupación,economista
Alfonso López Pumarejo,Ocupación,diplomático
Alfonso López Pumarejo,Ocupación,periodista
Alfonso López Pumarejo,Ocupación,Conserje de palacio
Alfonso López Pumarejo,Cargo,ambassador of Colombia to the United Kingdom
Giovanni Báez,Lugar de nacimiento,Nobsa
Giovanni Báez,Ocupación,ciclista
Giovanni Báez,Ciudadanía,Colombia
Giovanni Báez,Fecha de nacimiento,1981-04-09
Misael Pastrana Borrero,Cargo,Presidente de Colombia
embajador de Colombia,país,Colombia
embajador de Colombia,instancia de,clase de embajadores de un país
embajador de Colombia,subclase de,embajador de un país
embajador de Colombia,opuesto a,embajador en Colombia
embajador de Colombia,categoría principal del tema,Categoría:Embajadores de Colombia
Tabio,país,Colombia
Tabio,instancia de,municipio de Colombia
Tabio,situado en la entidad territorial administrativa,Cundinamarca
Tabio,idioma de la obra o del nombre,lenguas chibchas
ajedrecista,instancia de,profesión
ajedrecista,subclase de,deportista
ajedrecista,subclase de,jugador de juego de tablero
Suecia,forma parte de,Unión Europea
Suecia,forma parte de,Escandinavia
Suecia,forma parte de,Europa del Norte
Suecia,forma parte de,países nórdicos
Suecia,se encuentra en el huso horario,UTC+01:00
Ginebra,país,Colombia
Ginebra,instancia de,municipio de Colombia
Ginebra,situado en la entidad territorial administrativa,Valle del Cauca
Premios WGA,conferido por,Sindicato de Guionistas del Oeste de los Estados Unidos
Premios WGA,país,Estados Unidos
Premios WGA,instancia de,premio de cultura
San Mateo,país,Colombia
San Mateo,instancia de,municipio de Colombia
San Mateo,fundador,Antonio Caballero y Góngora
San Mateo,situado en la entidad territorial administrativa,Boyacá
San Mateo,situado en la entidad territorial administrativa,Provincia del Norte
México,miembro de,Organización de las Naciones Unidas
México,miembro de,Mercosur
México,miembro de,Movimiento Internacional de la Cruz Roja y de la Media Luna Roja
México,miembro de,UNESCO
México,miembro de,Organización Mundial de la Salud
Remedios,país,Colombia
Remedios,instancia de,municipio de Colombia
Remedios,situado en la entidad territorial administrativa,Antioquia
Remedios,categoría principal del tema,Categoría:Remedios (Antioquia)
hora,instancia de,unidad de tiempo
hora,instancia de,unidades que no forman parte del SI pero se mencionan y aceptan
hora,instancia de,unidad derivada en UCUM
hora,instancia de,unidad no SI aceptada por el SI
hora,cantidad física medida,duración
Escuela de Economía y Ciencia Política de Londres,filial,TRIUM Global Executive MBA
Escuela de Economía y Ciencia Política de Londres,filial,Systemic Risk Centre
Escuela de Economía y Ciencia Política de Londres,forma parte de,Universidad de Londres
Nobsa,país,Colombia
Nobsa,instancia de,municipio de Colombia
Nobsa,situado en la entidad territorial administrativa,Boyacá
Nobsa,situado en la entidad territorial administrativa,Provincia de Sugamuxi
Nobsa,idioma de la obra o del nombre,lenguas chibchas
Néider Morantes,Lugar de nacimiento,Medellín
Néider Morantes,Ocupación,futbolista
Néider Morantes,Ciudadanía,Colombia
Néider Morantes,Fecha de nacimiento,1975-08-03
Wilber Varela,Lugar de nacimiento,Roldanillo
Wilber Varela,Ocupación,narcotraficante
Wilber Varela,Ciudadanía,Colombia
Wilber Varela,Fecha de nacimiento,1957-11-06
Wilber Varela,Fecha de defunción,2008-01-30
Antonio Bayter Abud,Lugar de nacimiento,El Banco
Antonio Bayter Abud,Ocupación,sacerdote católico
Antonio Bayter Abud,Ciudadanía,Colombia
Antonio Bayter Abud,Cargo,obispo titular
Antonio Bayter Abud,Fecha de nacimiento,1933-10-08
Antonio Bayter Abud,Fecha de defunción,2020-08-21
Antonio Bayter Abud,Ocupación,obispo católico
Antonio Bayter Abud,Cargo,vicario apostólico
Carlos Camacho,Lugar de nacimiento,Colombia
Carlos Camacho,Ocupación,actor
Carlos Camacho,Ciudadanía,Colombia
Carlos Camacho,Educado en,Pontificia Universidad Javeriana
Carlos Camacho,Fecha de nacimiento,1971-06-09
Carlos Camacho,Ocupación,actor de televisión
Camilo Fernando Castrellón Pizano,Lugar de nacimiento,Bogotá
Camilo Fernando Castrellón Pizano,Ocupación,sacerdote católico
Camilo Fernando Castrellón Pizano,Ciudadanía,Colombia
Camilo Fernando Castrellón Pizano,Cargo,obispo diocesano
Camilo Fernando Castrellón Pizano,Fecha de nacimiento,1942-09-22
Camilo Fernando Castrellón Pizano,Ocupación,obispo católico
Antonio Cervantes,Lugar de nacimiento,San Basilio de Palenque
Antonio Cervantes,Ocupación,boxeador
Antonio Cervantes,Ciudadanía,Colombia
Antonio Cervantes,Fecha de nacimiento,1945-12-23
Edgar Aristizábal Quintero,Lugar de nacimiento,Cartago
Edgar Aristizábal Quintero,Ocupación,sacerdote católico
Edgar Aristizábal Quintero,Ciudadanía,Colombia
Edgar Aristizábal Quintero,Cargo,obispo auxiliar
Edgar Aristizábal Quintero,Fecha de nacimiento,1965-12-02
Edgar Aristizábal Quintero,Ocupación,obispo católico
Edgar Aristizábal Quintero,Cargo,obispo titular
Edgar Aristizábal Quintero,Cargo,obispo diocesano
Antonio María Valencia,Lugar de nacimiento,Cali
Antonio María Valencia,Ocupación,compositor
Antonio María Valencia,Ciudadanía,Colombia
Antonio María Valencia,Educado en,Schola Cantorum de París
Antonio María Valencia,Obra notable,Preludio
Antonio María Valencia,Fecha de nacimiento,1902-11-10
Antonio María Valencia,Fecha de defunción,1952-07-22
Antonio María Valencia,Ocupación,pianista
Niver Arboleda,Lugar de nacimiento,Q1256377
Niver Arboleda,Ocupación,futbolista
Niver Arboleda,Ciudadanía,Colombia
Niver Arboleda,Fecha de nacimiento,1967-12-08
Niver Arboleda,Fecha de defunción,2011-10-05
Rolando Serrano,Lugar de nacimiento,Pamplona
Rolando Serrano,Ocupación,entrenador
Rolando Serrano,Ciudadanía,Colombia
Rolando Serrano,Fecha de nacimiento,1938-11-13
Rolando Serrano,Fecha de defunción,2022-06-13
Rolando Serrano,Ocupación,futbolista
Gustavo Adolfo Bolívar,Lugar de nacimiento,Apartadó
Gustavo Adolfo Bolívar,Ocupación,futbolista
Gustavo Adolfo Bolívar,Ciudadanía,Colombia
Gustavo Adolfo Bolívar,Fecha de nacimiento,1985-04-16
Julio Enrique Prado Bolaños,Lugar de nacimiento,Cumbal
Julio Enrique Prado Bolaños,Ocupación,sacerdote católico
Julio Enrique Prado Bolaños,Ciudadanía,Colombia
Julio Enrique Prado Bolaños,Educado en,Pontificia Universidad Javeriana
Julio Enrique Prado Bolaños,Cargo,obispo auxiliar
Julio Enrique Prado Bolaños,Fecha de nacimiento,1943-11-21
Julio Enrique Prado Bolaños,Ocupación,obispo católico
Julio Enrique Prado Bolaños,Educado en,Universidad Santo Tomás
Julio Enrique Prado Bolaños,Cargo,obispo titular
Julio Enrique Prado Bolaños,Cargo,administrador apostólico
Julio Enrique Prado Bolaños,Cargo,Obispo de Pasto
Fabio Hernán Rodríguez,Lugar de nacimiento,Cogua
Fabio Hernán Rodríguez,Ocupación,ciclista
Fabio Hernán Rodríguez,Ciudadanía,Colombia
Fabio Hernán Rodríguez,Fecha de nacimiento,1966-09-21
Antonio Ungar,Lugar de nacimiento,Bogotá
Antonio Ungar,Ocupación,escritor
Antonio Ungar,Ciudadanía,Colombia
Antonio Ungar,Educado en,Universidad Nacional de Colombia
Antonio Ungar,Fecha de nacimiento,1974-01-01
Antonio Ungar,Ocupación,novelista
Antonio Alvarez Lleras,Lugar de nacimiento,Bogotá
Antonio Alvarez Lleras,Ocupación,escritor
Antonio Alvarez Lleras,Ciudadanía,Colombia
Antonio Alvarez Lleras,Fecha de nacimiento,1892-01-01
Antonio Alvarez Lleras,Fecha de defunción,1956-01-01
Antonio Alvarez Lleras,Ocupación,dramaturgo
Marcos Coll,Lugar de nacimiento,Barranquilla
Marcos Coll,Ocupación,entrenador
Marcos Coll,Ciudadanía,Colombia
Marcos Coll,Fecha de nacimiento,1935-05-23
Marcos Coll,Fecha de defunción,2017-06-05
Marcos Coll,Ocupación,futbolista
Marcos Coll,Fecha de nacimiento,1935-08-23
Jaime Osorio,Lugar de nacimiento,Viterbo
Jaime Osorio,Ocupación,guionista
Jaime Osorio,Ciudadanía,Colombia
Jaime Osorio,Educado en,Universidad Autónoma de Colombia
Jaime Osorio,Fecha de nacimiento,1947-03-07
Jaime Osorio,Fecha de defunción,2006-09-03
Jaime Osorio,Ocupación,actor
Jaime Osorio,Ocupación,director de cine
Jaime Osorio,Ocupación,productor de cine
Alberto Camargo,Lugar de nacimiento,Duitama
Alberto Camargo,Ocupación,ciclista
Alberto Camargo,Ciudadanía,Colombia
Alberto Camargo,Fecha de nacimiento,1965-02-03
Oswaldo Henríquez,Lugar de nacimiento,Santa Marta
Oswaldo Henríquez,Ocupación,futbolista
Oswaldo Henríquez,Ciudadanía,Colombia
Oswaldo Henríquez,Fecha de nacimiento,1989-03-10
Jámison Olave,Lugar de nacimiento,Medellín
Jámison Olave,Ocupación,futbolista
Jámison Olave,Ciudadanía,Colombia
Jámison Olave,Premio recibido,Defensor del año de la Major League Soccer
Jámison Olave,Fecha de nacimiento,1981-04-21
Roldanillo,país,Colombia
Roldanillo,instancia de,municipio de Colombia
Roldanillo,situado en la entidad territorial administrativa,Valle del Cauca
Roldanillo,situado cerca del cuerpo de agua,Cauca
narcotraficante,instancia de,ocupación
narcotraficante,subclase de,contrabandista
narcotraficante,ámbito de la ocupación,narcotráfico
narcotraficante,categoría principal del tema,Categoría:Narcotraficantes
narcotraficante,diferente de,dealer
San Basilio de Palenque,país,Colombia
San Basilio de Palenque,instancia de,centro poblado
San Basilio de Palenque,fundador,Domingo Bioho
San Basilio de Palenque,situado en la entidad territorial administrativa,Bolívar
San Basilio de Palenque,estatus patrimonial,Patrimonio de la Humanidad
Schola Cantorum de París,país,Francia
Schola Cantorum de París,instancia de,academia de música
Schola Cantorum de París,situado en la entidad territorial administrativa,V Distrito de París
Preludio,instancia de,composición para piano
Preludio,música de,Antonio María Valencia
Cumbal,país,Colombia
Cumbal,instancia de,municipio de Colombia
Cumbal,situado en la entidad territorial administrativa,Nariño
Cumbal,situado cerca del cuerpo de agua,Río Guáitara
Cumbal,diferente de,nevado del cumbal
Cogua,país,Colombia
Cogua,instancia de,municipio de Colombia
Cogua,situado en la entidad territorial administrativa,Cundinamarca
Cogua,idioma de la obra o del nombre,lenguas chibchas
Viterbo,país,Colombia
Viterbo,instancia de,municipio de Colombia
Viterbo,situado en la entidad territorial administrativa,Bajo Occidente
Defensor del año de la Major League Soccer,país,Estados Unidos
Defensor del año de la Major League Soccer,instancia de,distinción
Defensor del año de la Major League Soccer,deporte,fútbol
Defensor del año de la Major League Soccer,organizador,Major League Soccer
Defensor del año de la Major League Soccer,conferido por,Major League Soccer
Palmira,país,Colombia
Palmira,instancia de,municipio de Colombia
Palmira,situado en la entidad territorial administrativa,Valle del Cauca
Duitama,situado en la entidad territorial administrativa,Provincia de Tundama
Duitama,idioma de la obra o del nombre,lenguas chibchas
Jhon García,Lugar de nacimiento,Buga
Jhon García,Ocupación,ciclista
Jhon García,Ciudadanía,Colombia
Jhon García,Fecha de nacimiento,1974-05-25
Diego Osorio,Lugar de nacimiento,Medellín
Diego Osorio,Ocupación,futbolista
Diego Osorio,Ciudadanía,Colombia
Diego Osorio,Fecha de nacimiento,1970-07-21
Diego Osorio,Ocupación,narcotraficante
Wilson Pérez,Lugar de nacimiento,Barranquilla
Wilson Pérez,Ocupación,futbolista
Wilson Pérez,Ciudadanía,Colombia
Wilson Pérez,Fecha de nacimiento,1967-08-09
Rafael Uribe Uribe,Lugar de nacimiento,Valparaíso
Rafael Uribe Uribe,Ocupación,abogado
Rafael Uribe Uribe,Ciudadanía,Colombia
Rafael Uribe Uribe,Educado en,Universidad de Antioquia
Rafael Uribe Uribe,Cargo,embajador de Colombia
Rafael Uribe Uribe,Fecha de nacimiento,1859-04-12
Rafael Uribe Uribe,Fecha de defunción,1914-10-15
Rafael Uribe Uribe,Ocupación,militar
Rafael Uribe Uribe,Ocupación,político
Rafael Uribe Uribe,Ocupación,diplomático
Rafael Uribe Uribe,Ocupación,periodista
Rafael Uribe Uribe,Educado en,Universidad del Rosario
Edison Mafla,Lugar de nacimiento,Florida
Edison Mafla,Ocupación,futbolista
Edison Mafla,Ciudadanía,Colombia
Edison Mafla,Fecha de nacimiento,1971-08-14
Edison Mafla,Fecha de nacimiento,1974-08-14
Harrison Otálvaro,Lugar de nacimiento,Cali
Harrison Otálvaro,Ocupación,futbolista
Harrison Otálvaro,Ciudadanía,Colombia
Harrison Otálvaro,Fecha de nacimiento,1986-02-28
Gustavo Martínez Frías,Lugar de nacimiento,Bucaramanga
Gustavo Martínez Frías,Ocupación,sacerdote católico
Gustavo Martínez Frías,Ciudadanía,Colombia
Gustavo Martínez Frías,Cargo,obispo diocesano
Gustavo Martínez Frías,Fecha de nacimiento,1935-05-30
Gustavo Martínez Frías,Fecha de defunción,2009-08-29
Gustavo Martínez Frías,Ocupación,obispo católico
Gustavo Martínez Frías,Ocupación,teólogo
Gustavo Martínez Frías,Ocupación,profesor universitario
Gustavo Martínez Frías,Cargo,arzobispo de Nueva Pamplona
Ener Julio,Lugar de nacimiento,Cartagena de Indias
Ener Julio,Ocupación,boxeador
Ener Julio,Ciudadanía,Colombia
Ener Julio,Premio recibido,WBO World Junior Welterweight Champion
Ener Julio,Fecha de nacimiento,1973-10-14
Paola Ampudia,Lugar de nacimiento,Cali
Paola Ampudia,Ocupación,voleibolista
Paola Ampudia,Ciudadanía,Colombia
Paola Ampudia,Educado en,Universidad de Misuri
Paola Ampudia,Fecha de nacimiento,1988-08-05
Belarmino Correa Yepes,Lugar de nacimiento,Briceño
Belarmino Correa Yepes,Ocupación,sacerdote católico
Belarmino Correa Yepes,Ciudadanía,Colombia
Belarmino Correa Yepes,Cargo,obispo titular
Belarmino Correa Yepes,Fecha de nacimiento,1930-07-14
Belarmino Correa Yepes,Fecha de defunción,2020-03-20
Belarmino Correa Yepes,Ocupación,obispo católico
Belarmino Correa Yepes,Cargo,obispo diocesano
Belarmino Correa Yepes,Cargo,vicario apostólico
Margarita Rosa de Francisco,Lugar de nacimiento,Cali
Margarita Rosa de Francisco,Ocupación,actor
Margarita Rosa de Francisco,Ciudadanía,Colombia
Margarita Rosa de Francisco,Fecha de nacimiento,1965-08-08
Margarita Rosa de Francisco,Ocupación,cantante
Margarita Rosa de Francisco,Ocupación,participante en concursos de belleza
Bernardo Romero Lozano,Lugar de nacimiento,Buga
Bernardo Romero Lozano,Ocupación,actor
Bernardo Romero Lozano,Ciudadanía,Colombia
Bernardo Romero Lozano,Fecha de nacimiento,1909-01-01
Bernardo Romero Lozano,Fecha de defunción,1971-09-21
Bernardo Romero Lozano,Ocupación,productor de televisión
Bernardo Romero Lozano,Ocupación,director de cine
Kike Santander,Lugar de nacimiento,Cali
Kike Santander,Ocupación,compositor
Kike Santander,Ciudadanía,Colombia
Kike Santander,Educado en,Universidad del Valle
Kike Santander,Premio recibido,Premio Grammy latino por mejor canción tropical
Kike Santander,Fecha de nacimiento,1960-05-11
Kike Santander,Ocupación,médico
Kike Santander,Ocupación,productor discográfico
Kike Santander,Ocupación,músico
Kike Santander,Ocupación,compositor de canciones
Kike Santander,Premio recibido,Premio Grammy latino por productor del año
José Torres Cadena,Lugar de nacimiento,Cartago
José Torres Cadena,Ocupación,árbitro de fútbol
José Torres Cadena,Ciudadanía,Colombia
José Torres Cadena,Fecha de nacimiento,1952-07-15
Catalina Castaño,Lugar de nacimiento,Pereira
Catalina Castaño,Ocupación,tenista
Catalina Castaño,Ciudadanía,Colombia
Catalina Castaño,Fecha de nacimiento,1979-07-07
Bill Lynn,Lugar de nacimiento,Bogotá
Bill Lynn,Ocupación,baterista
Bill Lynn,Ciudadanía,Colombia
Bill Lynn,Fecha de nacimiento,1933-03-17
Bill Lynn,Fecha de defunción,2006-01-05
Andrés Rentería,Lugar de nacimiento,Medellín
Andrés Rentería,Ocupación,futbolista
Andrés Rentería,Ciudadanía,Colombia
Andrés Rentería,Fecha de nacimiento,1993-03-06
Gabriel París,Lugar de nacimiento,Ibagué
Gabriel París,Ocupación,político
Gabriel París,Ciudadanía,Colombia
Gabriel París,Educado en,Colegio de Comando y Estado Mayor General del Ejército de los Estados Unidos
Gabriel París,Cargo,Presidente de Colombia
Gabriel París,Fecha de nacimiento,1910-03-08
Gabriel París,Fecha de defunción,2008-03-21
Blas Emilio Atehortúa,Ocupación,compositor
Blas Emilio Atehortúa,Ciudadanía,Colombia
Blas Emilio Atehortúa,Premio recibido,Beca Guggenheim
Blas Emilio Atehortúa,Fecha de nacimiento,1943-10-22
Blas Emilio Atehortúa,Fecha de defunción,2020-01-05
Blas Emilio Atehortúa,Ocupación,director de orquesta
Blas Emilio Atehortúa,Ocupación,pianista
Valparaíso,país,Colombia
Valparaíso,instancia de,municipio de Colombia
Valparaíso,situado en la entidad territorial administrativa,Antioquia
Valparaíso,situado en la entidad territorial administrativa,Suroeste antioqueño
voleibolista,instancia de,profesión
voleibolista,subclase de,deportista
voleibolista,subclase de,jugador competitivo
voleibolista,ámbito de la ocupación,voleibol
voleibolista,ámbito de la ocupación,voleibol sentado
Universidad de Misuri,idioma usado,inglés
Universidad de Misuri,categoría para las personas que estudiaron en esta institución,Categoría:Alumnado de la Universidad de Misuri
Briceño,país,Colombia
Briceño,instancia de,municipio de Colombia
Briceño,situado en la entidad territorial administrativa,Antioquia
Briceño,situado en la entidad territorial administrativa,Norte antioqueño
Briceño,diferente de,Briceño
Premio Grammy latino por mejor canción tropical,país,Estados Unidos
Premio Grammy latino por mejor canción tropical,instancia de,Premios Grammy Latinos
Premio Grammy latino por mejor canción tropical,instancia de,categoría de un premio
Premio Grammy latino por mejor canción tropical,forma parte de,Premios Grammy Latinos
baterista,instancia de,ocupación
baterista,instancia de,profesión musical
baterista,subclase de,percusionista
baterista,se dice que es lo mismo que,tambor
Colegio de Comando y Estado Mayor General del Ejército de los Estados Unidos,país,Estados Unidos
Colegio de Comando y Estado Mayor General del Ejército de los Estados Unidos,instancia de,escuela de guerra
Colegio de Comando y Estado Mayor General del Ejército de los Estados Unidos,situado en la entidad territorial administrativa,condado de Leavenworth
Colegio de Comando y Estado Mayor General del Ejército de los Estados Unidos,ubicación de la sede,Fort Leavenworth
Colegio de Comando y Estado Mayor General del Ejército de los Estados Unidos,ubicación,Fort Leavenworth
Helmut Bellingrodt,Lugar de nacimiento,Barranquilla
Helmut Bellingrodt,Ocupación,tirador
Helmut Bellingrodt,Ciudadanía,Colombia
Helmut Bellingrodt,Fecha de nacimiento,1949-07-10
Cien años de soledad,instancia de,obra literaria
Cien años de soledad,autor,Gabriel García Márquez
Cien años de soledad,editorial,Editorial Sudamericana
Cien años de soledad,movimiento,realismo mágico
Cien años de soledad,género,realismo mágico
Gustavo Rojas,Lugar de nacimiento,Bogotá
Gustavo Rojas,Ocupación,futbolista
Gustavo Rojas,Ciudadanía,Colombia
Gustavo Rojas,Fecha de nacimiento,1988-02-06
Nueva York,ciudad hermana,Seúl
Nueva York,ciudad hermana,Shanghái
Nueva York,ciudad hermana,Tel Aviv
Nueva York,ciudad hermana,Johannesburgo
Nueva York,ciudad hermana,Santo Domingo
Universidad de París X Nanterre,ubicación,Nanterre
Universidad de París X Nanterre,ubicación,Saint-Cloud
Juan Gabriel Vásquez,Lugar de nacimiento,Bogotá
Juan Gabriel Vásquez,Ocupación,traductor
Juan Gabriel Vásquez,Ciudadanía,España
Juan Gabriel Vásquez,Educado en,Sorbonne Universidad de París
Juan Gabriel Vásquez,Obra notable,El ruido de las cosas al caer
Juan Gabriel Vásquez,Premio recibido,Premio Roger Caillois
Juan Gabriel Vásquez,Fecha de nacimiento,1973-01-01
Juan Gabriel Vásquez,Ocupación,periodista
Juan Gabriel Vásquez,Ocupación,novelista
Juan Gabriel Vásquez,Ocupación,escritor de cuentos
Juan Gabriel Vásquez,Ocupación,escritor
Juan Gabriel Vásquez,Premio recibido,Premio Nacional de Periodismo Simón Bolívar
Juan Gabriel Vásquez,Ciudadanía,Colombia
Juan Gabriel Vásquez,Premio recibido,Premio Alfaguara de Novela
Juan Gabriel Vásquez,Premio recibido,Premio Literario Internacional IMPAC de Dublín
Juan Gabriel Vásquez,Educado en,Universidad del Rosario
Juan Gabriel Vásquez,Educado en,Anglo Colombian School
Juan Gabriel Vásquez,Premio recibido,caballero de las Artes y las Letras
Juan Gabriel Vásquez,Premio recibido,Premio Bienal de Novela Mario Vargas Llosa
Juan Gabriel Vásquez,Premio recibido,Oficial de la Orden de Isabel la Católica
Juan Gabriel Vásquez,Premio recibido,Premio Real Academia Española
Juan Gabriel Vásquez,Premio recibido,Premio San Clemente Rosalía-Abanca de novela española
Crisanto Luque Sánchez,Lugar de nacimiento,Tunja
Crisanto Luque Sánchez,Ocupación,sacerdote católico
Crisanto Luque Sánchez,Ciudadanía,Colombia
Crisanto Luque Sánchez,Educado en,Seminario Mayor de Bogotá
Crisanto Luque Sánchez,Cargo,obispo auxiliar
Crisanto Luque Sánchez,Premio recibido,Gran Cruz de la Orden Civil de Alfonso X el Sabio
Crisanto Luque Sánchez,Fecha de nacimiento,1889-02-01
Crisanto Luque Sánchez,Fecha de defunción,1959-05-07
Crisanto Luque Sánchez,Ocupación,obispo católico
Crisanto Luque Sánchez,Ocupación,teólogo
Crisanto Luque Sánchez,Premio recibido,Gran Cruz de la Orden de San Raimundo de Peñafort
Crisanto Luque Sánchez,Cargo,obispo titular
Crisanto Luque Sánchez,Cargo,obispo diocesano
Crisanto Luque Sánchez,Cargo,cardenal presbítero
Crisanto Luque Sánchez,Cargo,Arzobispo de Bogotá
Juan Carlos Henao,Lugar de nacimiento,Medellín
Juan Carlos Henao,Ocupación,futbolista
Juan Carlos Henao,Ciudadanía,Colombia
Juan Carlos Henao,Fecha de nacimiento,1971-12-30
Pompín Iglesias,Lugar de nacimiento,Bogotá
Pompín Iglesias,Ocupación,actor
Pompín Iglesias,Ciudadanía,México
Pompín Iglesias,Fecha de nacimiento,1926-12-09
Pompín Iglesias,Fecha de defunción,2007-03-03
Pompín Iglesias,Ocupación,actor de televisión
Pompín Iglesias,Ocupación,actor de cine
Pompín Iglesias,Ciudadanía,Colombia
Iván Ríos,Lugar de nacimiento,Putumayo
Iván Ríos,Ocupación,político
Iván Ríos,Ciudadanía,Colombia
Iván Ríos,Fecha de nacimiento,1961-12-19
Iván Ríos,Fecha de defunción,2008-03-03
Carlos Vives,Lugar de nacimiento,Santa Marta
Carlos Vives,Ocupación,actor
Carlos Vives,Ciudadanía,Colombia
Carlos Vives,Premio recibido,Premio Grammy Latino a la grabación del año
Carlos Vives,Fecha de nacimiento,1961-08-07
Carlos Vives,Ocupación,compositor
Carlos Vives,Ocupación,cantante
Carlos Vives,Ocupación,compositor de canciones
Carlos Vives,Premio recibido,premio Grammy al mejor álbum latino tropical
Carlos Vives,Premio recibido,Premio Grammy Latino por mejor álbum de cumbia/vallenato
Carlos Vives,Premio recibido,Premio Grammy latino por mejor video musical versión larga
Carlos Vives,Premio recibido,Premio Grammy latino por mejor canción tropical
Carlos Vives,Premio recibido,Premio Grammy Latino a la canción del año
Carlos Vives,Premio recibido,Persona del Año de La Academia Latina de la Grabación
Carlos Vives,Premio recibido,Anexo:Premio Grammy latino al mejor álbum tropical contemporáneo
Carlos Vives,Premio recibido,Premio Billboard Salón de la Fama
Carlos Vives,Premio recibido,Pabellón de la Fama de los Compositores Latinos
Carlos Vives,Premio recibido,Premio Lo Nuestro a la Excelencia
Carlos Vives,Premio recibido,Premio Grammy Latino al Mejor Canción de Pop/Rock
Carlos Vives,Premio recibido,Premio Billboard Espiritu de la Esperanza
J Balvin,Lugar de nacimiento,Medellín
J Balvin,Ocupación,cantante
J Balvin,Ciudadanía,Colombia
J Balvin,Premio recibido,Premio Grammy Latino al mejor álbum de música urbana
J Balvin,Fecha de nacimiento,1985-05-07
J Balvin,Ocupación,productor discográfico
J Balvin,Ocupación,compositor de canciones
J Balvin,Ocupación,rapero
J Balvin,Ocupación,coleccionista
J Balvin,Premio recibido,Premio Grammy Latino a la mejor canción urbana
Freddy Montero,Lugar de nacimiento,Campo de la Cruz
Freddy Montero,Ocupación,futbolista
Freddy Montero,Ciudadanía,Colombia
Freddy Montero,Educado en,Dana Hills High School
Freddy Montero,Fecha de nacimiento,1987-07-26
Nemesio Camacho Macías,Lugar de nacimiento,Subachoque
Nemesio Camacho Macías,Ocupación,abogado
Nemesio Camacho Macías,Ciudadanía,Colombia
Nemesio Camacho Macías,Educado en,Universidad Nacional de Colombia
Nemesio Camacho Macías,Obra notable,Ferrocarril del Pacífico
Nemesio Camacho Macías,Cargo,embajador
Nemesio Camacho Macías,Fecha de nacimiento,1869-11-01
Nemesio Camacho Macías,Fecha de defunción,1929-05-07
Nemesio Camacho Macías,Ocupación,empresario
Nemesio Camacho Macías,Ocupación,político
Nemesio Camacho Macías,Educado en,Colegio Mayor de San Bartolomé
Nemesio Camacho Macías,Educado en,Universidad Externado de Colombia
Nemesio Camacho Macías,Cargo,ministro de Obras Públicas
Nemesio Camacho Macías,Cargo,senador de Colombia
Eliseo Payán,Lugar de nacimiento,Cali
Eliseo Payán,Ocupación,abogado
Eliseo Payán,Ciudadanía,Colombia
Eliseo Payán,Educado en,Universidad del Cauca
Eliseo Payán,Cargo,Presidente de Colombia
Eliseo Payán,Fecha de nacimiento,1825-08-01
Eliseo Payán,Fecha de defunción,1895-06-30
Eliseo Payán,Ocupación,político
Eliseo Payán,Ocupación,periodista
Eliseo Payán,Cargo,Vicepresidente de Colombia
Eliseo Payán,Cargo,Presidente interino de Colombia
David González,Lugar de nacimiento,Medellín
David González,Ocupación,entrenador
David González,Ciudadanía,Colombia
David González,Fecha de nacimiento,1982-07-20
J Balvin,Premio recibido,Premio Billboard Espiritu de la Esperanza
Erwin Carrillo,Lugar de nacimiento,Santa Marta
Erwin Carrillo,Ocupación,futbolista
Erwin Carrillo,Ciudadanía,Colombia
Erwin Carrillo,Fecha de nacimiento,1983-03-25
Erwin Carrillo,Fecha de nacimiento,1983-06-25
Luis Alberto Moreno,Lugar de nacimiento,Filadelfia
Luis Alberto Moreno,Ocupación,diplomático
Luis Alberto Moreno,Ciudadanía,Estados Unidos
Luis Alberto Moreno,Educado en,Universidad Atlántica de Florida
Luis Alberto Moreno,Cargo,embajador de Colombia en los Estados Unidos
Luis Alberto Moreno,Premio recibido,Gran Cruz de la Orden de Isabel la Católica
Luis Alberto Moreno,Fecha de nacimiento,1953-05-03
Luis Alberto Moreno,Ocupación,periodista
Luis Alberto Moreno,Ciudadanía,Colombia
Luis Alberto Moreno,Educado en,Gimnasio Campestre
Luis Alberto Moreno,Educado en,Thunderbird School of Global Management
Luis Alberto Moreno,Cargo,presidente del Banco Interamericano de Desarrollo
Luis Alberto Moreno,Cargo,member of the International Olympic Committee
Víctor Hugo Montaño,Lugar de nacimiento,Cali
Víctor Hugo Montaño,Ocupación,futbolista
Víctor Hugo Montaño,Ciudadanía,Francia
Víctor Hugo Montaño,Fecha de nacimiento,1984-05-01
Víctor Hugo Montaño,Ciudadanía,Colombia
David González,Ocupación,futbolista
Guillermo Owen,Lugar de nacimiento,Bogotá
Guillermo Owen,Ocupación,matemático
Guillermo Owen,Ciudadanía,Colombia
Guillermo Owen,Educado en,Universidad de Princeton
Guillermo Owen,Empleador,Universidad de Fordham
Guillermo Owen,Premio recibido,doctorado honoris causa por la Universidad de Caen
Guillermo Owen,Fecha de nacimiento,1938-01-01
Guillermo Owen,Educado en,Universidad de Fordham
Guillermo Owen,Empleador,Universidad Rice
Guillermo Owen,Empleador,Naval Postgraduate School
Alexis Mendoza,Lugar de nacimiento,Barranquilla
Alexis Mendoza,Ocupación,futbolista
Alexis Mendoza,Ciudadanía,Colombia
Alexis Mendoza,Fecha de nacimiento,1961-11-08
Wason Rentería,Lugar de nacimiento,Quibdó
Wason Rentería,Ocupación,futbolista
Wason Rentería,Ciudadanía,Colombia
Wason Rentería,Fecha de nacimiento,1985-07-04
Estanislao Zuleta,Lugar de nacimiento,Municipio de Medellín
Estanislao Zuleta,Ocupación,economista
Estanislao Zuleta,Ciudadanía,Colombia
Estanislao Zuleta,Empleador,Universidad de Antioquia
Estanislao Zuleta,Fecha de nacimiento,1935-02-03
Estanislao Zuleta,Fecha de defunción,1990-02-17
Estanislao Zuleta,Ocupación,filósofo
Estanislao Zuleta,Empleador,Universidad del Valle
Estanislao Zuleta,Empleador,University of La Salle Utopia
Gabriel Chaves,Lugar de nacimiento,Bogotá
Gabriel Chaves,Ocupación,ingeniero
Gabriel Chaves,Ciudadanía,Estados Unidos
Gabriel Chaves,Fecha de nacimiento,1993-07-07
Gabriel Chaves,Ocupación,piloto de automovilismo
Gabriel Chaves,Ciudadanía,Colombia
Jaime Castrillón,Lugar de nacimiento,Puerto Nare
Jaime Castrillón,Ocupación,futbolista
Jaime Castrillón,Ciudadanía,Colombia
Jaime Castrillón,Fecha de nacimiento,1983-04-05
Jaime Castrillón,Fecha de nacimiento,1989-04-05
traductor,instancia de,profesión
traductor,subclase de,escritor
traductor,subclase de,mediador lingüístico
traductor,ámbito de la ocupación,traducción
El ruido de las cosas al caer,instancia de,obra literaria
El ruido de las cosas al caer,autor,Juan Gabriel Vásquez
El ruido de las cosas al caer,género,thriller político
El ruido de las cosas al caer,idioma de la obra o del nombre,español
El ruido de las cosas al caer,país de origen,Colombia
Putumayo,país,Colombia
Putumayo,instancia de,departamento de Colombia
Putumayo,capital,Mocoa
Putumayo,comparte fronteras con,Caquetá
Putumayo,comparte fronteras con,Amazonas
Premio Grammy Latino a la grabación del año,país,Estados Unidos
Premio Grammy Latino a la grabación del año,instancia de,categoría de un premio
Premio Grammy Latino a la grabación del año,subclase de,premio de música
Premio Grammy Latino a la grabación del año,forma parte de,Premios Grammy Latinos
Premio Grammy Latino al mejor álbum de música urbana,país,Estados Unidos
Premio Grammy Latino al mejor álbum de música urbana,instancia de,categoría de un premio
Premio Grammy Latino al mejor álbum de música urbana,subclase de,premio al mejor álbum (por género)
Premio Grammy Latino al mejor álbum de música urbana,forma parte de,Premios Grammy Latinos
Campo de la Cruz,país,Colombia
Campo de la Cruz,instancia de,municipio de Colombia
Campo de la Cruz,situado en la entidad territorial administrativa,Atlántico
Subachoque,país,Colombia
Subachoque,instancia de,municipio de Colombia
Subachoque,situado en la entidad territorial administrativa,Provincia de Sabana Occidente
Subachoque,idioma de la obra o del nombre,lenguas chibchas
Ferrocarril del Pacífico,instancia de,informe
Ferrocarril del Pacífico,autor,Nemesio Camacho Macías
Ferrocarril del Pacífico,género,informe
Ferrocarril del Pacífico,colección,Biblioteca Nacional de Colombia
Ferrocarril del Pacífico,idioma de la obra o del nombre,español
Filadelfia,jefe de gobierno,Cherelle Parker
Filadelfia,país,Estados Unidos
Filadelfia,instancia de,sede de condado
Filadelfia,instancia de,ciudad-condado
Filadelfia,instancia de,municipio autónomo de Pensilvania
Universidad Atlántica de Florida,país,Estados Unidos
Universidad Atlántica de Florida,instancia de,universidad
Universidad Atlántica de Florida,instancia de,institución educativa pública de los Estados Unidos
Universidad Atlántica de Florida,situado en la entidad territorial administrativa,Boca Raton
Universidad Atlántica de Florida,ubicación de la sede,Boca Raton
matemático,lista de interés para el proyecto Wikimedia,Wikipedia:Lista de artículos que toda Wikipedia debería tener/Expandida
matemático,mantenido por el wikiproyecto,Wikiproyecto:Matemáticas
matemático,categoría que contiene subcategorías epónimas,Categoría:Categorías de matemáticos
matemático,instancia de,profesión
matemático,instancia de,ocupación
Universidad de Princeton,país,Estados Unidos
Universidad de Princeton,instancia de,universidad privada
Universidad de Princeton,instancia de,Colegios coloniales
Universidad de Princeton,instancia de,universidad de investigación
Universidad de Princeton,instancia de,institución educativa privada sin fines de lucro
Universidad de Fordham,país,Estados Unidos
Universidad de Fordham,instancia de,universidad privada
Universidad de Fordham,instancia de,institución educativa privada sin fines de lucro
Universidad de Fordham,fundador,John Hughes
Universidad de Fordham,situado en la entidad territorial administrativa,Manhattan
Municipio de Medellín,país,México
Municipio de Medellín,instancia de,municipio de México
Municipio de Medellín,capital,Medellín
Municipio de Medellín,situado en la entidad territorial administrativa,Estado de Veracruz
Municipio de Medellín,se encuentra en el huso horario,UTC−6
economista,instancia de,profesión
economista,instancia de,grupo de ocupaciones de la CIUO
economista,subclase de,científico social
economista,subclase de,profesionales sociales y religiosos
economista,ámbito de la ocupación,economía
Puerto Nare,país,Colombia
Puerto Nare,instancia de,municipio de Colombia
Puerto Nare,situado en la entidad territorial administrativa,Antioquia
Puerto Nare,situado en la entidad territorial administrativa,Magdalena Medio antioqueño
Antonio Mora Vélez,Lugar de nacimiento,Barranquilla
Antonio Mora Vélez,Ocupación,escritor
Antonio Mora Vélez,Ciudadanía,Colombia
Antonio Mora Vélez,Fecha de nacimiento,1942-07-14
Antonio Mora Vélez,Fecha de defunción,2024-05-19
Antonio Mora Vélez,Ocupación,periodista
Antonio Mora Vélez,Ocupación,escritor de ciencia ficción
Antonio Panesso Robledo,Ocupación,periodista
Antonio Panesso Robledo,Ciudadanía,Colombia
Antonio Panesso Robledo,Educado en,Universidad de Antioquia
Antonio Panesso Robledo,Premio recibido,Premio Nacional de Periodismo Simón Bolívar
Antonio Panesso Robledo,Fecha de nacimiento,1918-01-01
Antonio Panesso Robledo,Fecha de defunción,2012-05-19
Antonio París Ricaurte,Lugar de nacimiento,Bogotá
Antonio París Ricaurte,Ocupación,militar
Antonio París Ricaurte,Ciudadanía,Colombia
Antonio París Ricaurte,Fecha de nacimiento,1793-03-03
Antonio París Ricaurte,Fecha de defunción,1846-07-19
Antonio París Ricaurte,Ocupación,político
Antonio Ramírez González,Lugar de nacimiento,Yolombó
Antonio Ramírez González,Ocupación,médico
Antonio Ramírez González,Ciudadanía,Colombia
Antonio Ramírez González,Educado en,Universidad de Antioquia
Antonio Ramírez González,Empleador,Universidad de Antioquia
Antonio Ramírez González,Cargo,director
Antonio Ramírez González,Fecha de nacimiento,1921-06-13
Antonio Ramírez González,Fecha de defunción,2003-01-04
Antonio Ramírez González,Ocupación,cirujano
Antonio Ramírez González,Educado en,Universidad de Louisville
Antonio Ramírez González,Educado en,Hospital de Shotley Bridge
Antonio Ramírez González,Empleador,Hospital Universitario San Vicente de Paúl
Antonio Sanint,Lugar de nacimiento,Bogotá
Antonio Sanint,Ocupación,actor
Antonio Sanint,Ciudadanía,Colombia
Antonio Sanint,Fecha de nacimiento,1969-08-17
Antonio Sánchez de Orellana,Ciudadanía,Colombia
Antonio Vélez Montoya,Lugar de nacimiento,Medellín
Antonio Vélez Montoya,Ocupación,escritor
Antonio Vélez Montoya,Ciudadanía,Colombia
Antonio Vélez Montoya,Educado en,Universidad de Illinois
Antonio Vélez Montoya,Fecha de nacimiento,1933-01-01
Antonio Vélez Montoya,Educado en,Universidad Pontificia Bolivariana
Antonio Zuluaga,Lugar de nacimiento,Montería
Antonio Zuluaga,Ocupación,escultor
Antonio Zuluaga,Ciudadanía,Colombia
Antonio Zuluaga,Fecha de nacimiento,1931-03-21
Antonio Zuluaga,Fecha de defunción,2012-11-02
Anuar Hurtado,Lugar de nacimiento,Florida
Anuar Hurtado,Ocupación,futbolista
Anuar Hurtado,Ciudadanía,Colombia
Anuar Hurtado,Fecha de nacimiento,1989-08-28
Aníbal Mosquera,Lugar de nacimiento,Medellín
Aníbal Mosquera,Ocupación,futbolista
Aníbal Mosquera,Ciudadanía,Colombia
Aníbal Mosquera,Fecha de nacimiento,1981-07-10
Apolinar Díaz Callejas,Ocupación,abogado
Apolinar Díaz Callejas,Ciudadanía,Colombia
Apolinar Díaz Callejas,Fecha de nacimiento,1921-06-22
Apolinar Díaz Callejas,Fecha de defunción,2010-08-10
Apolinar Díaz Callejas,Ocupación,político
Apolinar Díaz Callejas,Fecha de defunción,2010-08-12
Apolinar Salcedo Caicedo,Lugar de nacimiento,El Cerrito
Apolinar Salcedo Caicedo,Ocupación,abogado
Apolinar Salcedo Caicedo,Ciudadanía,Colombia
Apolinar Salcedo Caicedo,Educado en,Universidad del Valle
Apolinar Salcedo Caicedo,Fecha de nacimiento,1955-02-22
Apolinar Salcedo Caicedo,Educado en,Universidad Libre
Araceli Morales López,Lugar de nacimiento,Cartagena de Indias
Araceli Morales López,Ocupación,funcionario
Araceli Morales López,Ciudadanía,Colombia
Araceli Morales López,Cargo,Ministro de Cultura de Colombia
Araceli Morales López,Premio recibido,Gran Cruz de la Orden del Mérito Civil
Araceli Morales López,Fecha de nacimiento,1953-01-01
Argelino Durán Quintero,Lugar de nacimiento,Ocaña
Argelino Durán Quintero,Ocupación,político
Argelino Durán Quintero,Ciudadanía,Colombia
Argelino Durán Quintero,Educado en,Universidad Nacional de Colombia
Argelino Durán Quintero,Cargo,senador de Colombia
Argelino Durán Quintero,Fecha de nacimiento,1914-11-02
Argelino Durán Quintero,Fecha de defunción,1992-03-14
Argemiro Vacca,Lugar de nacimiento,Cartagena de Indias
Argemiro Vacca,Ocupación,futbolista
Argemiro Vacca,Ciudadanía,Colombia
Argemiro Vacca,Fecha de nacimiento,1989-02-25
Ariel Sevillano,Lugar de nacimiento,Barbacoas
Ariel Sevillano,Ocupación,futbolista
Ariel Sevillano,Ciudadanía,Colombia
Ariel Sevillano,Fecha de nacimiento,1985-04-17
Arleth Casado de López,Lugar de nacimiento,San Andrés de Sotavento
Arleth Casado de López,Ocupación,político
Arleth Casado de López,Ciudadanía,Colombia
Arleth Casado de López,Educado en,Universidad Externado de Colombia
Arleth Casado de López,Cargo,senador de Colombia
Arleth Casado de López,Fecha de nacimiento,1971-04-17
Arlinton Murillo,Lugar de nacimiento,Quibdó
Arlinton Murillo,Ocupación,futbolista
Arlinton Murillo,Ciudadanía,Colombia
Arlinton Murillo,Fecha de nacimiento,1988-02-27
Armando Maldonado,Lugar de nacimiento,El Copey
Armando Maldonado,Ocupación,futbolista
Armando Maldonado,Ciudadanía,Colombia
Armando Maldonado,Fecha de nacimiento,1986-02-06
Armando Nieves,Lugar de nacimiento,Barranquilla
Armando Nieves,Ocupación,futbolista
Armando Nieves,Ciudadanía,Colombia
Armando Nieves,Fecha de nacimiento,1989-11-14
Yolombó,país,Colombia
Yolombó,instancia de,municipio de Colombia
Yolombó,situado en la entidad territorial administrativa,Antioquia
Yolombó,situado en la entidad territorial administrativa,Nordeste antioqueño
Yolombó,idioma de la obra o del nombre,lenguas nigerocongolesas
Universidad de Illinois,país,Estados Unidos
Universidad de Illinois,instancia de,escuela
Universidad de Illinois,instancia de,sistema de universidad estatal
Universidad de Illinois,situado en la entidad territorial administrativa,Urbana
Universidad de Illinois,ubicación de la sede,Urbana
funcionario,instancia de,profesión
funcionario,instancia de,alto cargo
funcionario,instancia de,cargo
funcionario,subclase de,persona jurídica
funcionario,subclase de,burócrata
Ministro de Cultura de Colombia,país,Colombia
Ministro de Cultura de Colombia,instancia de,cargo
Ministro de Cultura de Colombia,subclase de,ministro de Cultura
Ministro de Cultura de Colombia,forma parte de,Gabinete de Colombia
Ministro de Cultura de Colombia,aplica a la jurisdicción,Colombia
Gran Cruz de la Orden del Mérito Civil,país,España
Gran Cruz de la Orden del Mérito Civil,instancia de,grado de una orden
Gran Cruz de la Orden del Mérito Civil,subclase de,Gran Cruz
Gran Cruz de la Orden del Mérito Civil,forma parte de,Orden del Mérito Civil
Gran Cruz de la Orden del Mérito Civil,categoría principal del tema,Categoría:Grandes cruces de la Orden del Mérito Civil
Ocaña,país,Colombia
Ocaña,continente,América del Sur
Ocaña,instancia de,municipio de Colombia
Ocaña,situado en la entidad territorial administrativa,Norte de Santander
Ocaña,situado cerca del cuerpo de agua,Río Catatumbo
Barbacoas,país,Colombia
Barbacoas,instancia de,municipio de Colombia
Barbacoas,situado en la entidad territorial administrativa,Nariño
Barbacoas,situado cerca del cuerpo de agua,río Telembí
Barbacoas,categoría principal del tema,Categoría:Barbacoas (Nariño)
San Andrés de Sotavento,país,Colombia
San Andrés de Sotavento,instancia de,municipio de Colombia
San Andrés de Sotavento,comparte fronteras con,Sampués
San Andrés de Sotavento,situado en la entidad territorial administrativa,Córdoba
El Copey,país,Colombia
El Copey,instancia de,municipio de Colombia
El Copey,situado en la entidad territorial administrativa,Cesar
Yonnhy Pérez,Lugar de nacimiento,Cartagena de Indias
Yonnhy Pérez,Ocupación,boxeador
Yonnhy Pérez,Ciudadanía,Colombia
Yonnhy Pérez,Fecha de nacimiento,1979-01-18
Zuleima Araméndiz,Lugar de nacimiento,Valledupar
Zuleima Araméndiz,Ocupación,atleta
Zuleima Araméndiz,Ciudadanía,Colombia
Zuleima Araméndiz,Fecha de nacimiento,1975-09-23
Álvaro Cepeda Samudio,Lugar de nacimiento,Barranquilla
Álvaro Cepeda Samudio,Ocupación,escritor
Álvaro Cepeda Samudio,Ciudadanía,Colombia
Álvaro Cepeda Samudio,Fecha de nacimiento,1923-03-30
Álvaro Cepeda Samudio,Fecha de defunción,1972-10-12
Álvaro Cepeda Samudio,Ocupación,periodista
Álvaro Cepeda Samudio,Ocupación,director de cine
Álvaro Cepeda Samudio,Ocupación,productor de cine
Álvaro Cepeda Samudio,Ocupación,novelista
Álvaro Cepeda Samudio,Ocupación,editor de cine
Álvaro Cepeda Samudio,Ocupación,actor de cine
Álvaro Cepeda Samudio,Ocupación,guionista de cine
Álvaro Cepeda Samudio,Fecha de nacimiento,1926-01-01
Álvaro Gómez Hurtado,Lugar de nacimiento,Bogotá
Álvaro Gómez Hurtado,Ocupación,político
Álvaro Gómez Hurtado,Ciudadanía,Colombia
Álvaro Gómez Hurtado,Educado en,Pontificia Universidad Javeriana
Álvaro Gómez Hurtado,Cargo,miembro de la Cámara de Representantes de Colombia
Álvaro Gómez Hurtado,Premio recibido,Premio Nacional de Periodismo Simón Bolívar
Álvaro Gómez Hurtado,Fecha de nacimiento,1919-05-08
Álvaro Gómez Hurtado,Fecha de defunción,1995-11-02
Álvaro Gómez Hurtado,Ocupación,diplomático
Álvaro Gómez Hurtado,Ocupación,periodista
Álvaro Gómez Hurtado,Educado en,Colegio Mayor de San Bartolomé
Álvaro Gómez Hurtado,Cargo,embajador de Colombia en Francia
Álvaro Gómez Hurtado,Cargo,embajador de Colombia en los Estados Unidos
Álvaro Gómez Hurtado,Cargo,embajador de Colombia en Italia
Álvaro Teherán,Lugar de nacimiento,María La Baja
Álvaro Teherán,Ocupación,baloncestista
Álvaro Teherán,Ciudadanía,Colombia
Álvaro Teherán,Educado en,universidad de Houston
Álvaro Teherán,Fecha de nacimiento,1966-01-06
Álvaro Teherán,Fecha de defunción,2020-05-04
Álvaro Teherán,Educado en,Universidad Cristiana de Houston
Álvaro Valbuena,Lugar de nacimiento,Bucaramanga
Álvaro Valbuena,Ocupación,pintor
Álvaro Valbuena,Ciudadanía,Colombia
Álvaro Valbuena,Fecha de nacimiento,1941-01-03
Óscar Muñoz,Lugar de nacimiento,Popayán
Óscar Muñoz,Ocupación,artista visual
Óscar Muñoz,Ciudadanía,Colombia
Óscar Muñoz,Premio recibido,Premio internacional de la Fundación Hasselblad
Óscar Muñoz,Fecha de nacimiento,1951-01-01
Joaquín Acosta,Lugar de nacimiento,Guaduas
Joaquín Acosta,Ocupación,científico
Joaquín Acosta,Ciudadanía,Colombia
Joaquín Acosta,Educado en,Universidad del Rosario
Joaquín Acosta,Fecha de nacimiento,1800-12-29
Joaquín Acosta,Fecha de defunción,1852-02-21
Joaquín Acosta,Ocupación,historiador
Joaquín Acosta,Ocupación,geólogo
Joaquín Acosta,Ocupación,geógrafo
Joaquín Acosta,Ocupación,explorador
Achito Vivas,Lugar de nacimiento,Buenaventura
Achito Vivas,Ocupación,futbolista
Achito Vivas,Ciudadanía,Colombia
Achito Vivas,Fecha de nacimiento,1934-03-01
Karen Martínez,Lugar de nacimiento,Cartagena de Indias
Karen Martínez,Ocupación,actor
Karen Martínez,Ciudadanía,Colombia
Karen Martínez,Fecha de nacimiento,1979-08-14
Karen Martínez,Ocupación,modelo
Alex Fernández,Lugar de nacimiento,Medellín
Alex Fernández,Ocupación,futbolista
Alex Fernández,Ciudadanía,Colombia
Alex Fernández,Fecha de nacimiento,1970-01-22
Alex Valderrama,Lugar de nacimiento,Santa Marta
Alex Valderrama,Ocupación,futbolista
Alex Valderrama,Ciudadanía,Colombia
Alex Valderrama,Fecha de nacimiento,1960-10-01
Alfonso Novoa,Ocupación,entrenador
Alfonso Novoa,Ciudadanía,Colombia
Juan Andrés Bolaños,Lugar de nacimiento,Villavicencio
Juan Andrés Bolaños,Ocupación,futbolista
Juan Andrés Bolaños,Ciudadanía,Colombia
Juan Andrés Bolaños,Fecha de nacimiento,1991-07-22
Andi Baiz,Lugar de nacimiento,Cali
Andi Baiz,Ocupación,guionista
Andi Baiz,Ciudadanía,Colombia
Andi Baiz,Educado en,New York University Tisch School of the Arts
Andi Baiz,Fecha de nacimiento,1975-01-01
Andi Baiz,Ocupación,director de cine
Andi Baiz,Educado en,Colegio Bolívar
Andrés Cadavid,Lugar de nacimiento,Medellín
Andrés Cadavid,Ocupación,futbolista
Andrés Cadavid,Ciudadanía,Colombia
Andrés Cadavid,Educado en,Universidad de Antioquia
Andrés Cadavid,Fecha de nacimiento,1985-12-28
Ángela María Espinosa,Lugar de nacimiento,Cali
Ángela María Espinosa,Ocupación,esgrimista
Ángela María Espinosa,Ciudadanía,Colombia
Ángela María Espinosa,Fecha de nacimiento,1974-01-04
Antonio Rada,Lugar de nacimiento,Sabanalarga
Antonio Rada,Ocupación,futbolista
Antonio Rada,Ciudadanía,Colombia
Antonio Rada,Fecha de nacimiento,1937-06-13
Antonio Rada,Fecha de defunción,2014-06-01
Antonio Julio de la Hoz,Lugar de nacimiento,Barranquilla
Antonio Julio de la Hoz,Ocupación,futbolista
Antonio Julio de la Hoz,Ciudadanía,Colombia
Antonio Julio de la Hoz,Fecha de nacimiento,1920-01-01
Antonio Julio de la Hoz,Fecha de defunción,2010-06-16
Aníbal Alzate,Lugar de nacimiento,Medellín
Aníbal Alzate,Ocupación,futbolista
Aníbal Alzate,Ciudadanía,Colombia
Aníbal Alzate,Fecha de nacimiento,1933-01-31
Aníbal Alzate,Fecha de defunción,2016-03-31
María La Baja,país,Colombia
María La Baja,instancia de,municipio de Colombia
María La Baja,situado en la entidad territorial administrativa,Bolívar
María La Baja,categoría para las personas que nacieron aquí,Categoría:Nacidos en María La Baja
baloncestista,instancia de,profesión
baloncestista,subclase de,deportista
baloncestista,subclase de,jugador competitivo
baloncestista,forma parte de,club de baloncesto
baloncestista,ámbito de la ocupación,baloncesto
universidad de Houston,país,Estados Unidos
universidad de Houston,instancia de,universidad
universidad de Houston,instancia de,institución educativa pública de los Estados Unidos
universidad de Houston,calendario académico,semestre
universidad de Houston,situado en la entidad territorial administrativa,Houston
artista visual,instancia de,profesión artística
artista visual,instancia de,grupo de ocupaciones de la CIUO
artista visual,ámbito de la ocupación,artes visuales
artista visual,ámbito de la ocupación,técnica de artes visuales
Premio internacional de la Fundación Hasselblad,país,Suecia
Premio internacional de la Fundación Hasselblad,nombrado en referencia a,Victor Hasselblad
Guaduas,país,Colombia
Guaduas,instancia de,municipio de Colombia
Guaduas,lugar de sepultura,iglesia de San Agustín (Bogotá)
Guaduas,situado en la entidad territorial administrativa,Provincia del Bajo Magdalena
Guaduas,ciudad hermana,Cádiz
científico,instancia de,profesión
científico,instancia de,cargo
científico,subclase de,investigador
científico,subclase de,erudito
científico,ámbito de la ocupación,ciencia
New York University Tisch School of the Arts,país,Estados Unidos
New York University Tisch School of the Arts,instancia de,organización
New York University Tisch School of the Arts,instancia de,facultad universitaria
New York University Tisch School of the Arts,instancia de,escuela de cine
New York University Tisch School of the Arts,instancia de,escuela de artes escénicas
esgrimista,instancia de,ocupación
esgrimista,subclase de,deportista
esgrimista,ámbito de la ocupación,esgrima
esgrimista,categoría principal del tema,Categoría:Esgrimidores
Sabanalarga,país,Colombia
Sabanalarga,instancia de,municipio de Colombia
Sabanalarga,situado en la entidad territorial administrativa,Antioquia
Sabanalarga,idioma de la obra o del nombre,lenguas indoeuropeas
Sabanalarga,idioma de la obra o del nombre,lenguas arahuacas
Arley Betancourth,Lugar de nacimiento,Cali
Arley Betancourth,Ocupación,futbolista
Arley Betancourth,Ciudadanía,Colombia
Arley Betancourth,Fecha de nacimiento,1975-03-04
Augusto Vargas Cortés,Lugar de nacimiento,Cali
Augusto Vargas Cortés,Ocupación,futbolista
Augusto Vargas Cortés,Ciudadanía,Colombia
Augusto Vargas Cortés,Fecha de nacimiento,1962-03-26
Aurora Cossio,Lugar de nacimiento,Barranquilla
Aurora Cossio,Ocupación,actor
Aurora Cossio,Ciudadanía,Italia
Aurora Cossio,Fecha de nacimiento,1981-05-22
Aurora Cossio,Ciudadanía,Colombia
Beatriz Luz Lattanzi,Lugar de nacimiento,Medellín
Beatriz Luz Lattanzi,Ocupación,actor
Beatriz Luz Lattanzi,Ciudadanía,Colombia
Beatriz Luz Lattanzi,Fecha de nacimiento,1982-05-24
Bonner Mosquera,Lugar de nacimiento,Condoto
Bonner Mosquera,Ocupación,entrenador
Bonner Mosquera,Ciudadanía,Colombia
Bonner Mosquera,Fecha de nacimiento,1970-12-02
Bonner Mosquera,Ocupación,futbolista
Breyner Bonilla,Lugar de nacimiento,Cúcuta
Breyner Bonilla,Ocupación,futbolista
Breyner Bonilla,Ciudadanía,Colombia
Breyner Bonilla,Fecha de nacimiento,1986-07-21
Byron Tenorio,Lugar de nacimiento,Esmeraldas
Byron Tenorio,Ocupación,futbolista
Byron Tenorio,Ciudadanía,Ecuador
Byron Tenorio,Fecha de nacimiento,1966-06-14
Byron Tenorio,Ciudadanía,Colombia
Camilo Becerra,Lugar de nacimiento,Cali
Camilo Becerra,Ocupación,nadador
Camilo Becerra,Ciudadanía,Colombia
Camilo Becerra,Educado en,Universidad Metodista del Sur
Camilo Becerra,Fecha de nacimiento,1980-10-10
Candelo Cabezas,Ocupación,percusionista
Candelo Cabezas,Ciudadanía,Colombia
Candelo Cabezas,Fecha de nacimiento,1965-01-01
Candelo Cabezas,Fecha de defunción,1997-10-17
Luis Fernando Mosquera,Lugar de nacimiento,Buenaventura
Luis Fernando Mosquera,Ocupación,futbolista
Luis Fernando Mosquera,Ciudadanía,Colombia
Luis Fernando Mosquera,Fecha de nacimiento,1986-08-17
Carlos Alberto Barreto,Ocupación,futbolista
Carlos Alberto Barreto,Ciudadanía,Colombia
Carlos Fernando Asprilla,Lugar de nacimiento,Valle del Cauca
Carlos Fernando Asprilla,Ocupación,futbolista
Carlos Fernando Asprilla,Ciudadanía,Colombia
Carlos Fernando Asprilla,Fecha de nacimiento,1970-10-19
Carlos Enrique Carrasquilla,Ocupación,esgrimista
Carlos Enrique Carrasquilla,Ciudadanía,Colombia
Carlos Enrique Carrasquilla,Fecha de nacimiento,1970-08-28
Carlos Gutiérrez,Lugar de nacimiento,Dabeiba
Carlos Gutiérrez,Ocupación,futbolista
Carlos Gutiérrez,Ciudadanía,Colombia
Carlos Gutiérrez,Fecha de nacimiento,1972-07-11
Carlos Gaviria,Lugar de nacimiento,Bogotá
Carlos Gaviria,Ocupación,guionista
Carlos Gaviria,Ciudadanía,Colombia
Carlos Gaviria,Educado en,Universidad de Nueva York
Carlos Gaviria,Fecha de nacimiento,1956-02-09
Carlos Gaviria,Ocupación,director de cine
Carlos José Robayo Escobar,Ciudadanía,Colombia
Carlos Pizarro Leongómez,Lugar de nacimiento,Cartagena de Indias
Carlos Pizarro Leongómez,Ocupación,político
Carlos Pizarro Leongómez,Ciudadanía,Colombia
Carlos Pizarro Leongómez,Educado en,Universidad Nacional de Colombia
Carlos Pizarro Leongómez,Fecha de nacimiento,1952-06-06
Carlos Pizarro Leongómez,Fecha de defunción,1990-04-26
Carlos Pizarro Leongómez,Ocupación,guerrillero
Carlos Pizarro Leongómez,Educado en,Pontificia Universidad Javeriana
Carlos Rentería,Lugar de nacimiento,Quibdó
Carlos Rentería,Ocupación,futbolista
Carlos Rentería,Ciudadanía,Colombia
Carlos Rentería,Fecha de nacimiento,1986-03-04
Carolina Márquez,Lugar de nacimiento,Bogotá
Carolina Márquez,Ocupación,disc-jockey
Carolina Márquez,Ciudadanía,Italia
Carolina Márquez,Fecha de nacimiento,1975-09-22
Carolina Márquez,Ocupación,cantante
Carolina Márquez,Ocupación,cantautor
Carolina Márquez,Ciudadanía,Colombia
Fulgencio Zúñiga,Lugar de nacimiento,Padilla
Fulgencio Zúñiga,Ocupación,boxeador
Fulgencio Zúñiga,Ciudadanía,Colombia
Fulgencio Zúñiga,Fecha de nacimiento,1977-07-23
Italia,miembro de,OTAN
Italia,miembro de,Fondo Monetario Internacional
Italia,miembro de,UNESCO
Italia,miembro de,Organización Mundial de la Salud
Italia,miembro de,Organización Mundial del Comercio
Condoto,país,Colombia
Condoto,instancia de,municipio de Colombia
Condoto,situado en la entidad territorial administrativa,Chocó
Condoto,se encuentra en el huso horario,UTC-05:00
Condoto,categoría principal del tema,Categoría:Condoto
Esmeraldas,país,Ecuador
Esmeraldas,instancia de,ciudad
Esmeraldas,fundador,Bartolomé Ruiz
Esmeraldas,situado en la entidad territorial administrativa,Esmeraldas
Esmeraldas,bandera,Bandera de Esmeraldas
Universidad Metodista del Sur,país,Estados Unidos
Universidad Metodista del Sur,instancia de,universidad privada
Universidad Metodista del Sur,instancia de,institución educativa privada sin fines de lucro
Universidad Metodista del Sur,situado en la entidad territorial administrativa,Dallas
Universidad Metodista del Sur,religión,Iglesia Metodista Unida
percusionista,instancia de,ocupación
percusionista,instancia de,profesión musical
percusionista,subclase de,instrumentalista
Valle del Cauca,país,Colombia
Valle del Cauca,instancia de,departamento de Colombia
Valle del Cauca,capital,Cali
Valle del Cauca,comparte fronteras con,Risaralda
Dabeiba,país,Colombia
Dabeiba,instancia de,municipio de Colombia
Dabeiba,situado en la entidad territorial administrativa,Antioquia
Dabeiba,situado en la entidad territorial administrativa,Occidente antioqueño
Dabeiba,idioma de la obra o del nombre,Lenguas chocó
Universidad de Nueva York,país,Estados Unidos
Universidad de Nueva York,instancia de,escuela
Universidad de Nueva York,instancia de,lugar de trabajo
Universidad de Nueva York,instancia de,universidad privada
Universidad de Nueva York,instancia de,universidad de investigación
disc-jockey,instancia de,ocupación
disc-jockey,instancia de,profesión musical
disc-jockey,subclase de,músico
disc-jockey,ámbito de la ocupación,música
Padilla,país,Colombia
Padilla,instancia de,municipio de Colombia
Padilla,situado en la entidad territorial administrativa,Cauca
Daniel Bluman,Lugar de nacimiento,Medellín
Daniel Bluman,Ocupación,jinete hípico
Daniel Bluman,Ciudadanía,Colombia
Daniel Bluman,Educado en,Universidad Atlántica de Florida
Daniel Bluman,Fecha de nacimiento,1990-03-15
Daniel Bluman,Educado en,Cypress Bay High School
Daniel Caro Borda,Lugar de nacimiento,Bogotá
Daniel Caro Borda,Ocupación,sacerdote católico
Daniel Caro Borda,Ciudadanía,Colombia
Daniel Caro Borda,Cargo,obispo auxiliar
Daniel Caro Borda,Fecha de nacimiento,1939-12-22
Daniel Caro Borda,Ocupación,obispo católico
Daniel Caro Borda,Cargo,obispo titular
Daniel Caro Borda,Cargo,obispo diocesano
Daniel Jaramillo,Lugar de nacimiento,Jardín
Daniel Jaramillo,Ocupación,ciclista
Daniel Jaramillo,Ciudadanía,Colombia
Daniel Jaramillo,Fecha de nacimiento,1991-01-15
Daniel Rincón,Lugar de nacimiento,Duitama
Daniel Rincón,Ocupación,ciclista
Daniel Rincón,Ciudadanía,Colombia
Daniel Rincón,Fecha de nacimiento,1975-12-04
Daniel Zamudio,Lugar de nacimiento,Bogotá
Daniel Zamudio,Ocupación,compositor
Daniel Zamudio,Ciudadanía,Colombia
Daniel Zamudio,Fecha de nacimiento,1885-08-28
Daniel Zamudio,Fecha de defunción,1952-07-03
Darío de Jesús Monsalve Mejía,Lugar de nacimiento,Valparaíso
Darío de Jesús Monsalve Mejía,Ocupación,sacerdote católico
Darío de Jesús Monsalve Mejía,Ciudadanía,Colombia
Darío de Jesús Monsalve Mejía,Educado en,Pontificia Universidad Javeriana
Darío de Jesús Monsalve Mejía,Cargo,obispo auxiliar
Darío de Jesús Monsalve Mejía,Fecha de nacimiento,1948-03-15
Darío de Jesús Monsalve Mejía,Ocupación,obispo católico
Darío de Jesús Monsalve Mejía,Educado en,Universidad Pontificia Bolivariana
Darío de Jesús Monsalve Mejía,Cargo,obispo titular
Darío de Jesús Monsalve Mejía,Cargo,arzobispo católico
Darío de Jesús Monsalve Mejía,Cargo,arzobispo coadjutor
Darío de Jesús Monsalve Mejía,Cargo,Obispo de Málaga-Soatá
Froilán Casas Ortíz,Lugar de nacimiento,Chiquinquirá
Froilán Casas Ortíz,Ocupación,sacerdote católico
Froilán Casas Ortíz,Ciudadanía,Colombia
Froilán Casas Ortíz,Educado en,Pontificia Universidad Gregoriana
Froilán Casas Ortíz,Cargo,obispo diocesano
Froilán Casas Ortíz,Fecha de nacimiento,1948-05-21
Froilán Casas Ortíz,Ocupación,obispo católico
Froilán Casas Ortíz,Educado en,Pontificia Universidad Javeriana
Froilán Casas Ortíz,Educado en,Universidad Santo Tomás
José Ignacio de Márquez,Lugar de nacimiento,Ramiriquí
José Ignacio de Márquez,Ocupación,abogado
José Ignacio de Márquez,Ciudadanía,Colombia
José Ignacio de Márquez,Educado en,Universidad de Puerto Rico - Recinto Universitario de Mayagüez
José Ignacio de Márquez,Fecha de nacimiento,1793-09-09
José Ignacio de Márquez,Fecha de defunción,1880-03-21
José Ignacio de Márquez,Ocupación,político
Diana Isabel Pineda Zuleta,Lugar de nacimiento,Medellín
Diana Isabel Pineda Zuleta,Ocupación,nadador
Diana Isabel Pineda Zuleta,Ciudadanía,Colombia
Diana Isabel Pineda Zuleta,Fecha de nacimiento,1984-09-06
Diana Isabel Pineda Zuleta,Ocupación,saltador
Diego Tamayo,Lugar de nacimiento,Manizales
Diego Tamayo,Ocupación,ciclista
Diego Tamayo,Ciudadanía,Colombia
Diego Tamayo,Fecha de nacimiento,1983-09-19
Omar Delgado Gómez,Lugar de nacimiento,Medellín
Omar Delgado Gómez,Ocupación,árbitro de fútbol
Omar Delgado Gómez,Ciudadanía,Colombia
Omar Delgado Gómez,Fecha de nacimiento,1941-01-21
Omar Delgado Gómez,Fecha de defunción,1991-01-01
Jairo Jaramillo Monsalve,Lugar de nacimiento,Rionegro
Jairo Jaramillo Monsalve,Ocupación,sacerdote católico
Jairo Jaramillo Monsalve,Ciudadanía,Colombia
Jairo Jaramillo Monsalve,Educado en,Pontificia Universidad Javeriana
Jairo Jaramillo Monsalve,Cargo,obispo diocesano
Jairo Jaramillo Monsalve,Fecha de nacimiento,1940-12-02
Jairo Jaramillo Monsalve,Ocupación,obispo católico
Jairo Jaramillo Monsalve,Cargo,arzobispo de Barranquilla
Juan Francisco Sarasti Jaramillo,Lugar de nacimiento,Cali
Juan Francisco Sarasti Jaramillo,Ocupación,sacerdote católico
Juan Francisco Sarasti Jaramillo,Ciudadanía,Colombia
Juan Francisco Sarasti Jaramillo,Educado en,Pontificia Universidad Javeriana
Juan Francisco Sarasti Jaramillo,Cargo,obispo auxiliar
Juan Francisco Sarasti Jaramillo,Fecha de nacimiento,1938-07-30
Juan Francisco Sarasti Jaramillo,Fecha de defunción,2021-02-25
Juan Francisco Sarasti Jaramillo,Ocupación,obispo católico
Juan Francisco Sarasti Jaramillo,Cargo,obispo diocesano
Juan Francisco Sarasti Jaramillo,Cargo,arzobispo católico
Juan Francisco Sarasti Jaramillo,Cargo,obispo titular de Egara
Rufino José Cuervo Urisarri,Lugar de nacimiento,Bogotá
Rufino José Cuervo Urisarri,Ocupación,romanista
Rufino José Cuervo Urisarri,Ciudadanía,Colombia
Rufino José Cuervo Urisarri,Educado en,Colegio Mayor de San Bartolomé
Rufino José Cuervo Urisarri,Obra notable,Diccionario de construcción y régimen de la lengua castellana
Rufino José Cuervo Urisarri,Miembro de,Academia Mexicana de la Lengua
Rufino José Cuervo Urisarri,Fecha de nacimiento,1844-09-19
Rufino José Cuervo Urisarri,Fecha de defunción,1911-07-17
Rufino José Cuervo Urisarri,Ocupación,lingüista
Iván Parra,Lugar de nacimiento,Sogamoso
Iván Parra,Ocupación,ciclista
Iván Parra,Ciudadanía,Colombia
Iván Parra,Fecha de nacimiento,1975-10-14
Sergio Vélez,Ocupación,poeta
Sergio Vélez,Ciudadanía,Colombia
Sergio Vélez,Educado en,Universidad de Antioquia
Sergio Vélez,Fecha de nacimiento,1983-09-15
Sergio Vélez,Ocupación,periodista
Francisco Escobar,Lugar de nacimiento,Cali
Francisco Escobar,Ocupación,modelo
Francisco Escobar,Ciudadanía,Colombia
Francisco Escobar,Fecha de nacimiento,1991-06-21
Jorge Cao,Lugar de nacimiento,Caibarién
Jorge Cao,Ocupación,actor
Jorge Cao,Ciudadanía,Cuba
Jorge Cao,Fecha de nacimiento,1944-01-02
Jorge Cao,Ocupación,actor de cine
Jorge Cao,Ciudadanía,Colombia
Mónica Uribe,Lugar de nacimiento,Medellín
Mónica Uribe,Ocupación,actor
Mónica Uribe,Ciudadanía,Colombia
Mónica Uribe,Educado en,Universidad Pontificia Bolivariana
Mónica Uribe,Fecha de nacimiento,1986-01-01
Mónica Uribe,Ocupación,cantante
Mónica Uribe,Ocupación,modelo
Adriana Campos,Lugar de nacimiento,Chaparral
Adriana Campos,Ocupación,actor
Adriana Campos,Ciudadanía,Colombia
Adriana Campos,Fecha de nacimiento,1979-02-27
Adriana Campos,Fecha de defunción,2015-11-03
Adriana Campos,Ocupación,actor de teatro
Adriana Campos,Ocupación,actor de cine
jinete hípico,instancia de,profesión
jinete hípico,instancia de,ocupación
jinete hípico,subclase de,deportista
jinete hípico,subclase de,jinete
jinete hípico,ámbito de la ocupación,deporte ecuestre
Jardín,país,Colombia
Jardín,instancia de,municipio de Colombia
Jardín,situado en la entidad territorial administrativa,Antioquia
Ramiriquí,país,Colombia
Ramiriquí,instancia de,municipio de Colombia
Ramiriquí,situado en la entidad territorial administrativa,Provincia de Márquez
Ramiriquí,idioma de la obra o del nombre,lenguas chibchas
Ramiriquí,categoría principal del tema,Categoría:Ramiriquí
Universidad de Puerto Rico - Recinto Universitario de Mayagüez,país,Estados Unidos
Universidad de Puerto Rico - Recinto Universitario de Mayagüez,instancia de,universidad
Universidad de Puerto Rico - Recinto Universitario de Mayagüez,instancia de,Universidad de concesión de tierras
Universidad de Puerto Rico - Recinto Universitario de Mayagüez,situado en la entidad territorial administrativa,Puerto Rico
saltador,instancia de,profesión
saltador,subclase de,deportista
saltador,ámbito de la ocupación,salto
saltador,categoría principal del tema,Categoría:Saltadores
romanista,instancia de,profesión
romanista,subclase de,filólogo moderno
romanista,ámbito de la ocupación,filología románica
romanista,ámbito de la ocupación,lingüística romance
Diccionario de construcción y régimen de la lengua castellana,instancia de,obra literaria
Diccionario de construcción y régimen de la lengua castellana,idioma de la obra o del nombre,español
Caibarién,país,Cuba
Caibarién,instancia de,ciudad
Caibarién,instancia de,municipio de Cuba
Caibarién,situado en la entidad territorial administrativa,Provincia de Villa Clara
Caibarién,se encuentra en el huso horario,Horario del este de Norteamérica
Cuba,miembro de,Organización Mundial de la Salud
Cuba,miembro de,Organización Mundial del Comercio
Cuba,miembro de,Interpol
Cuba,miembro de,Alianza Bolivariana para América
Cuba,miembro de,Unión Postal Universal
Chaparral,país,Colombia
Chaparral,instancia de,municipio de Colombia
Chaparral,situado en la entidad territorial administrativa,Tolima
Chaparral,categoría para las personas que nacieron aquí,Categoría:Nacidos en Chaparral (Colombia)
Camilo Suárez,Ocupación,ciclista
Camilo Suárez,Ciudadanía,Uruguay
Camilo Suárez,Fecha de nacimiento,1988-09-18
Camilo Suárez,Ciudadanía,Colombia
Hernando Casanova,Lugar de nacimiento,Neiva
Hernando Casanova,Ocupación,compositor
Hernando Casanova,Ciudadanía,Colombia
Hernando Casanova,Fecha de nacimiento,1945-04-21
Hernando Casanova,Fecha de defunción,2002-10-24
Hernando Casanova,Ocupación,realizador de televisión
Hernando Casanova,Ocupación,actor de televisión
Hernando Durán Dussán,Lugar de nacimiento,Bogotá
Hernando Durán Dussán,Ocupación,político
Hernando Durán Dussán,Ciudadanía,Colombia
Hernando Durán Dussán,Educado en,Universidad Nacional de Colombia
Hernando Durán Dussán,Cargo,Ministro de Educación de Colombia
Hernando Durán Dussán,Fecha de nacimiento,1920-06-17
Hernando Durán Dussán,Fecha de defunción,1998-09-04
Hernando Durán Dussán,Cargo,Ministro de Hacienda y Crédito Público de Colombia
Hernando Osorio,Ocupación,pintor
Hernando Osorio,Ciudadanía,Colombia
Hernando Osorio,Educado en,Universidad Nacional de Colombia
Hernando Osorio,Fecha de nacimiento,1953-01-01
Hernando Molina Araújo,Lugar de nacimiento,Valledupar
Hernando Molina Araújo,Ocupación,político
Hernando Molina Araújo,Ciudadanía,Colombia
Hernando Molina Araújo,Cargo,Gobernador de Cesar
Hernando Molina Araújo,Fecha de nacimiento,1961-08-28
Hernando Pizarro Leongómez,Ciudadanía,Colombia
Hernando Pizarro Leongómez,Fecha de nacimiento,1959-01-01
Hernando Pizarro Leongómez,Fecha de defunción,1995-03-26
Hernando Urriago Benítez,Lugar de nacimiento,Cali
Hernando Urriago Benítez,Ocupación,escritor
Hernando Urriago Benítez,Ciudadanía,Colombia
Hernando Urriago Benítez,Educado en,Universidad del Valle
Hernando Urriago Benítez,Fecha de nacimiento,1974-01-01
Hernán Barreneche,Lugar de nacimiento,Pereira
Hernán Barreneche,Ocupación,atleta
Hernán Barreneche,Ciudadanía,Colombia
Hernán Barreneche,Fecha de nacimiento,1939-07-25
Hernán Medina Calderón,Lugar de nacimiento,Yarumal
Hernán Medina Calderón,Ocupación,ciclista
Hernán Medina Calderón,Ciudadanía,Colombia
Hernán Medina Calderón,Fecha de nacimiento,1937-08-19
Hernán Patiño,Lugar de nacimiento,Caicedonia
Hernán Patiño,Ocupación,ciclista
Hernán Patiño,Ciudadanía,Colombia
Hernán Patiño,Fecha de nacimiento,1966-09-13
Hernán Patiño,Fecha de defunción,1995-02-21
Hernán Orjuela,Lugar de nacimiento,Bogotá
Hernán Orjuela,Ocupación,presentador de televisión
Hernán Orjuela,Ciudadanía,Colombia
Hernán Orjuela,Educado en,Pontificia Universidad Javeriana
Hernán Orjuela,Fecha de nacimiento,1957-11-21
Campo Elías Romero Fuenmayor,Ocupación,escritor
Campo Elías Romero Fuenmayor,Ciudadanía,Colombia
Campo Elías Romero Fuenmayor,Educado en,Universidad Pontificia Bolivariana
Campo Elías Romero Fuenmayor,Fecha de nacimiento,1944-01-24
Campo Elías Romero Fuenmayor,Fecha de defunción,2001-03-22
Campo Elías Romero Fuenmayor,Ocupación,periodista
Campo Elías Santacruz,Lugar de nacimiento,Medellín
Campo Elías Santacruz,Ocupación,futbolista
Campo Elías Santacruz,Ciudadanía,Colombia
Campo Elías Santacruz,Fecha de nacimiento,1985-01-06
Campo Elías Terán,Lugar de nacimiento,San Antero
Campo Elías Terán,Ocupación,político
Campo Elías Terán,Ciudadanía,Colombia
Campo Elías Terán,Educado en,Universidad de Antioquia
Campo Elías Terán,Fecha de nacimiento,1949-06-14
Campo Elías Terán,Fecha de defunción,2013-04-22
Campo Elías Terán,Ocupación,periodista
Caracciolo Parra León,Lugar de nacimiento,Pamplona
Caracciolo Parra León,Ocupación,escritor
Caracciolo Parra León,Ciudadanía,Colombia
Caracciolo Parra León,Educado en,Universidad Central de Venezuela
Caracciolo Parra León,Empleador,Universidad Central de Venezuela
Caracciolo Parra León,Miembro de,Academia Venezolana de la Lengua
Caracciolo Parra León,Fecha de nacimiento,1901-01-01
Caracciolo Parra León,Fecha de defunción,1939-01-01
Caracciolo Parra León,Ocupación,abogado
Caracciolo Parra León,Ocupación,historiador
Caracciolo Parra León,Fecha de nacimiento,1901-08-06
Caracciolo Parra León,Fecha de defunción,1939-02-09
Carlos Alberto Castro,Lugar de nacimiento,Turbo
Carlos Alberto Castro,Ocupación,futbolista
Carlos Alberto Castro,Ciudadanía,Colombia
Carlos Alberto Castro,Fecha de nacimiento,1970-08-17
Carlos Alberto Mariño Sabogal,Ocupación,militar
Carlos Alberto Mariño Sabogal,Ciudadanía,Colombia
Carlos Alberto Mariño Sabogal,Educado en,Colegio Mayor de San Bartolomé
Carlos Alberto Mariño Sabogal,Fecha de nacimiento,1918-08-20
Carlos Albornoz Guerrero,Lugar de nacimiento,Bogotá
Carlos Albornoz Guerrero,Ocupación,político
Carlos Albornoz Guerrero,Ciudadanía,Colombia
Carlos Albornoz Guerrero,Fecha de nacimiento,1955-07-23
Carlos Alfredo Suárez,Ocupación,vendedor
Carlos Alfredo Suárez,Ciudadanía,Colombia
Carlos Alfredo Suárez,Fecha de nacimiento,2000-01-01
Carlos Altafulla,Ocupación,cantautor
Carlos Altafulla,Ciudadanía,Colombia
Carlos Altafulla,Educado en,Pontificia Universidad Javeriana
Carlos Altafulla,Fecha de nacimiento,1975-06-10
Uruguay,forma parte de,América del Sur
Uruguay,forma parte de,América Latina
Uruguay,forma parte de,Cono Sur
Uruguay,forma parte de,Anexo:Paraísos fiscales según la Unión Europea
Uruguay,se encuentra en el huso horario,UTC−3
Ministro de Educación de Colombia,país,Colombia
Ministro de Educación de Colombia,instancia de,cargo
Ministro de Educación de Colombia,subclase de,ministro de Educación
Ministro de Educación de Colombia,forma parte de,Gabinete de Colombia
Ministro de Educación de Colombia,categoría principal del tema,Categoría:Ministros de Educación de Colombia
Gobernador de Cesar,país,Colombia
Gobernador de Cesar,instancia de,cargo público
Gobernador de Cesar,subclase de,gobernador
Gobernador de Cesar,forma parte de,despacho del gobernador del Cesar
Gobernador de Cesar,aplica a la jurisdicción,Cesar
Caicedonia,país,Colombia
Caicedonia,instancia de,municipio de Colombia
Caicedonia,situado en la entidad territorial administrativa,Valle del Cauca
presentador de televisión,instancia de,cargo
presentador de televisión,instancia de,ocupación mediática
presentador de televisión,subclase de,actor
presentador de televisión,subclase de,celebridad
presentador de televisión,subclase de,presentador
San Antero,país,Colombia
San Antero,instancia de,municipio de Colombia
San Antero,situado en la entidad territorial administrativa,Córdoba
San Antero,situado cerca del cuerpo de agua,Mar Caribe
Universidad Central de Venezuela,país,Venezuela
Universidad Central de Venezuela,instancia de,universidad pública
Universidad Central de Venezuela,instancia de,editor de acceso abierto
Universidad Central de Venezuela,ubicación de la sede,Ciudad Universitaria de Caracas
Universidad Central de Venezuela,ubicación,Caracas
Turbo,país,Colombia
Turbo,instancia de,distrito de Colombia
Turbo,situado en la entidad territorial administrativa,Antioquia
Turbo,categoría principal del tema,Categoría:Turbo (Antioquia)
Turbo,categoría para las personas que nacieron aquí,Categoría:Nacidos en Turbo
vendedor,instancia de,profesión
vendedor,instancia de,cargo
vendedor,subclase de,Trabajador de servicios y ventas
vendedor,ámbito de la ocupación,venta
cantautor,lista de interés para el proyecto Wikimedia,Wikipedia:Lista de artículos que toda Wikipedia debería tener/Expandida
cantautor,instancia de,ocupación
cantautor,instancia de,profesión musical
cantautor,subclase de,cantante
Carlos Sánchez,Lugar de nacimiento,Fredonia
Carlos Sánchez,Ocupación,actor
Carlos Sánchez,Ciudadanía,Colombia
Carlos Sánchez,Fecha de nacimiento,1935-01-01
Carlos Sánchez,Fecha de defunción,2018-12-29
Carlos Sánchez,Ocupación,agricultor
Carlos Sánchez,Ocupación,actor de televisión
Carlos Toledo Plata,Lugar de nacimiento,Zapatoca
Carlos Toledo Plata,Ocupación,médico
Carlos Toledo Plata,Ciudadanía,Colombia
Carlos Toledo Plata,Educado en,Universidad Nacional de Colombia
Carlos Toledo Plata,Cargo,miembro de la Cámara de Representantes de Colombia
Carlos Toledo Plata,Fecha de nacimiento,1932-12-13
Carlos Toledo Plata,Fecha de defunción,1984-08-10
Carlos Toledo Plata,Ocupación,político
Carlos Urrutia,Ocupación,diplomático
Carlos Urrutia,Ciudadanía,Colombia
Carmelina Soto Valencia,Lugar de nacimiento,Armenia
Carmelina Soto Valencia,Ocupación,escritor
Carmelina Soto Valencia,Ciudadanía,Colombia
Carmelina Soto Valencia,Fecha de nacimiento,1916-10-31
Carmelina Soto Valencia,Fecha de defunción,1994-03-18
Carmelina Soto Valencia,Ocupación,poeta
Carmen Marina Torres,Lugar de nacimiento,El Charco
Carmen Marina Torres,Ocupación,actor
Carmen Marina Torres,Ciudadanía,Colombia
Carmen Marina Torres,Fecha de nacimiento,1956-08-10
Carmen Marina Torres,Fecha de defunción,2015-10-05
Carmen Marina Torres,Fecha de nacimiento,1956-10-08
Carmen Marina Torres,Fecha de defunción,2015-10-06
Carmen Rodallega,Lugar de nacimiento,Cali
Carmen Rodallega,Ocupación,futbolista
Carmen Rodallega,Ciudadanía,Colombia
Carmen Rodallega,Fecha de nacimiento,1983-07-15
Carolina Castillo,Lugar de nacimiento,Cali
Carolina Castillo,Ocupación,luchador
Carolina Castillo,Ciudadanía,Colombia
Carolina Castillo,Fecha de nacimiento,1980-11-04
Carolina Correa Londoño,Lugar de nacimiento,Támesis
Carolina Correa Londoño,Ocupación,político
Carolina Correa Londoño,Ciudadanía,Colombia
Carolina Correa Londoño,Fecha de nacimiento,1905-01-25
Carolina Correa Londoño,Fecha de defunción,1986-07-15
Carolina Correa Londoño,Ocupación,suffragette
Carolina Colorado,Lugar de nacimiento,Caldas
Carolina Colorado,Ocupación,nadador
Carolina Colorado,Ciudadanía,Colombia
Carolina Colorado,Fecha de nacimiento,1987-09-07
Carolina Isakson de Barco,Lugar de nacimiento,York
Carolina Isakson de Barco,Ocupación,político
Carolina Isakson de Barco,Ciudadanía,Colombia
Carolina Isakson de Barco,Educado en,Universidad Stanford
Carolina Isakson de Barco,Cargo,Primera dama de Colombia
Carolina Isakson de Barco,Premio recibido,Gran Cruz de la Orden de Isabel la Católica
Carolina Isakson de Barco,Fecha de nacimiento,1930-01-06
Carolina Isakson de Barco,Fecha de defunción,2012-01-24
Carolina Guerra,Lugar de nacimiento,Bogotá
Carolina Guerra,Ocupación,actor
Carolina Guerra,Ciudadanía,Colombia
Carolina Guerra,Fecha de nacimiento,1986-07-30
Carolina Guerra,Ocupación,modelo
Carolina Guerra,Ocupación,participante en concursos de belleza
Catalina Usme,Lugar de nacimiento,Antioquia
Catalina Usme,Ocupación,futbolista
Catalina Usme,Ciudadanía,Colombia
Catalina Usme,Fecha de nacimiento,1989-12-25
Cecilia Orozco Tascón,Lugar de nacimiento,Bogotá
Cecilia Orozco Tascón,Ocupación,escritor
Cecilia Orozco Tascón,Ciudadanía,Colombia
Cecilia Orozco Tascón,Educado en,Pontificia Universidad Javeriana
Cecilia Orozco Tascón,Fecha de nacimiento,1966-01-01
Cecilia Orozco Tascón,Ocupación,periodista
María Carmenza Morales Rendón,Lugar de nacimiento,Itagüí
María Carmenza Morales Rendón,Ocupación,triatleta
María Carmenza Morales Rendón,Ciudadanía,Colombia
María Carmenza Morales Rendón,Fecha de nacimiento,1966-07-21
César Augusto Arias,Lugar de nacimiento,Barrancabermeja
César Augusto Arias,Ocupación,futbolista
César Augusto Arias,Ciudadanía,Colombia
César Augusto Arias,Fecha de nacimiento,1988-04-02
Chanoir,Lugar de nacimiento,Bogotá
Chanoir,Ocupación,pintor
Chanoir,Ciudadanía,Francia
Chanoir,Fecha de nacimiento,1976-01-01
Chanoir,Ciudadanía,Colombia
Charles Monsalvo,Lugar de nacimiento,Santa Marta
Charles Monsalvo,Ocupación,futbolista
Charles Monsalvo,Ciudadanía,Colombia
Charles Monsalvo,Fecha de nacimiento,1990-05-26
Charles Quinto,Lugar de nacimiento,Bogotá
Charles Quinto,Ocupación,futbolista
Charles Quinto,Ciudadanía,Colombia
Charles Quinto,Fecha de nacimiento,1990-02-12
Charles Quinto,Fecha de nacimiento,1990-12-02
Ciro Arturo Pupo Castro,Lugar de nacimiento,Valledupar
Ciro Arturo Pupo Castro,Ocupación,abogado
Ciro Arturo Pupo Castro,Ciudadanía,Colombia
Ciro Arturo Pupo Castro,Educado en,Universidad Santo Tomás
Ciro Arturo Pupo Castro,Fecha de nacimiento,1961-04-11
Ciro Arturo Pupo Castro,Ocupación,político
Clara Juliana Guerrero,Lugar de nacimiento,Armenia
Clara Juliana Guerrero,Ocupación,jugador de bolos
Clara Juliana Guerrero,Ciudadanía,Colombia
Clara Juliana Guerrero,Fecha de nacimiento,1982-04-22
Fredonia,país,Colombia
Fredonia,instancia de,municipio de Colombia
Fredonia,situado en la entidad territorial administrativa,Antioquia
Fredonia,situado en la entidad territorial administrativa,Suroeste antioqueño
El Charco,país,Colombia
El Charco,instancia de,municipio de Colombia
El Charco,situado en la entidad territorial administrativa,Nariño
El Charco,situado cerca del cuerpo de agua,Océano Pacífico
luchador,instancia de,ocupación
luchador,subclase de,luchador
luchador,ámbito de la ocupación,lucha
luchador,ámbito de la ocupación,lucha amateur
luchador,deporte,lucha amateur
Támesis,país,Colombia
Támesis,instancia de,municipio de Colombia
Támesis,situado en la entidad territorial administrativa,Antioquia
Támesis,situado en la entidad territorial administrativa,Suroeste antioqueño
Támesis,idioma de la obra o del nombre,lenguas indoeuropeas
Caldas,país,Colombia
Caldas,instancia de,municipio de Colombia
Caldas,situado en la entidad territorial administrativa,Antioquia
Caldas,situado en la entidad territorial administrativa,Valle de Aburrá
Caldas,situado cerca del cuerpo de agua,Río Medellín
York,país,Estados Unidos
York,instancia de,sede de condado
York,instancia de,ciudad de Pensilvania
Primera dama de Colombia,país,Colombia
Primera dama de Colombia,instancia de,cargo
Primera dama de Colombia,residencia oficial,Casa de Nariño
Primera dama de Colombia,subclase de,primera dama
Primera dama de Colombia,categoría principal del tema,Categoría:Primeras damas de Colombia
Itagüí,jefe de gobierno,Diego León Torres Sánchez
Itagüí,país,Colombia
Itagüí,instancia de,municipio de Colombia
Itagüí,situado en la entidad territorial administrativa,Antioquia
Itagüí,ciudad hermana,Saltillo
triatleta,instancia de,profesión
triatleta,instancia de,ocupación
triatleta,subclase de,deportista
triatleta,ámbito de la ocupación,triatlón
triatleta,deporte,triatlón
Barrancabermeja,país,Colombia
Barrancabermeja,instancia de,municipio de Colombia
Barrancabermeja,situado en la entidad territorial administrativa,Provincia de Mares
Barrancabermeja,situado cerca del cuerpo de agua,Río Magdalena
Barrancabermeja,categoría principal del tema,Categoría:Barrancabermeja
Universidad Santo Tomás,país,Colombia
Universidad Santo Tomás,instancia de,universidad católica
Universidad Santo Tomás,instancia de,universidad privada
Universidad Santo Tomás,instancia de,editor de acceso abierto
Universidad Santo Tomás,fundador,Orden de Predicadores
jugador de bolos,instancia de,profesión
jugador de bolos,subclase de,deportista
jugador de bolos,ámbito de la ocupación,bowling
jugador de bolos,ámbito de la ocupación,bolos
jugador de bolos,categoría principal del tema,Categoría:Jugadores de bolos
Luis Zuleta,Lugar de nacimiento,Santa Marta
Luis Zuleta,Ocupación,futbolista
Luis Zuleta,Ciudadanía,Colombia
Luis Zuleta,Fecha de nacimiento,1974-08-07
Manuel Ruiz Montealegre,Lugar de nacimiento,Cali
Manuel Ruiz Montealegre,Ocupación,realizador
Manuel Ruiz Montealegre,Ciudadanía,Colombia
Manuel Ruiz Montealegre,Fecha de nacimiento,1975-01-01
María Teresa Barreto,Lugar de nacimiento,Medellín
María Teresa Barreto,Ocupación,actor
María Teresa Barreto,Ciudadanía,Colombia
María Teresa Barreto,Fecha de nacimiento,1988-03-18
Maricella González,Lugar de nacimiento,Pereira
Maricella González,Ocupación,actor
Maricella González,Ciudadanía,Colombia
Maricella González,Fecha de nacimiento,1968-12-08
Maricella González,Ocupación,actor de televisión
Martín Cárdenas Ochoa,Lugar de nacimiento,Medellín
Martín Cárdenas Ochoa,Ocupación,piloto de motociclismo
Martín Cárdenas Ochoa,Ciudadanía,Colombia
Martín Cárdenas Ochoa,Fecha de nacimiento,1982-01-28
Martín Zapata,Lugar de nacimiento,Santander de Quilichao
Martín Zapata,Ocupación,futbolista
Martín Zapata,Ciudadanía,Colombia
Martín Zapata,Fecha de nacimiento,1970-10-28
Martín Zapata,Fecha de defunción,2006-04-22
Fernando González,Lugar de nacimiento,Medellín
Fernando González,Ocupación,juez
Fernando González,Ciudadanía,Colombia
Fernando González,Educado en,Universidad de Antioquia
Fernando González,Fecha de nacimiento,1895-04-24
Fernando González,Fecha de defunción,1964-02-16
Fernando González,Ocupación,escritor
Fernando González,Ocupación,filósofo
Fernando González,Fecha de nacimiento,1931-01-01
Fernando González,Fecha de defunción,1976-01-01
Mateo Arias Diaz,Lugar de nacimiento,Nueva York
Mateo Arias Diaz,Ocupación,actor
Mateo Arias Diaz,Ciudadanía,Estados Unidos
Mateo Arias Diaz,Fecha de nacimiento,1995-10-31
Mateo Arias Diaz,Ocupación,cantante
Mateo Arias Diaz,Ocupación,compositor de canciones
Mateo Arias Diaz,Ocupación,rapero
Mateo Arias Diaz,Ciudadanía,Colombia
Mateo Arias Diaz,Ciudadanía,Panamá
Mauricio Rivas,Lugar de nacimiento,Cali
Mauricio Rivas,Ocupación,esgrimista
Mauricio Rivas,Ciudadanía,Colombia
Mauricio Rivas,Fecha de nacimiento,1964-06-01
Mayer Andrés Candelo García,Lugar de nacimiento,Cali
Mayer Andrés Candelo García,Ocupación,futbolista
Mayer Andrés Candelo García,Ciudadanía,Colombia
Mayer Andrés Candelo García,Fecha de nacimiento,1977-02-20
Erika Abril,Lugar de nacimiento,San José de Pare
Erika Abril,Ocupación,fondista
Erika Abril,Ciudadanía,Colombia
Erika Abril,Fecha de nacimiento,1978-03-29
Miguel Lora,Lugar de nacimiento,Montería
Miguel Lora,Ocupación,boxeador
Miguel Lora,Ciudadanía,Colombia
Miguel Lora,Fecha de nacimiento,1961-04-12
Miguel Montaño,Lugar de nacimiento,Palmira
Miguel Montaño,Ocupación,futbolista
Miguel Montaño,Ciudadanía,Colombia
Miguel Montaño,Fecha de nacimiento,1991-06-25
Natalia Ramírez,Lugar de nacimiento,Bogotá
Natalia Ramírez,Ocupación,actor
Natalia Ramírez,Ciudadanía,Colombia
Natalia Ramírez,Fecha de nacimiento,1966-08-03
Oscar Arango,Ocupación,esgrimista
Oscar Arango,Ciudadanía,Colombia
Oscar Arango,Fecha de nacimiento,1965-08-30
Oswaldo Salgado,Ocupación,futbolista
Oswaldo Salgado,Ciudadanía,Colombia
Oswaldo Salgado,Fecha de nacimiento,1994-03-07
Olga Elena Mattei,Lugar de nacimiento,Arecibo
Olga Elena Mattei,Ocupación,escritor
Olga Elena Mattei,Ciudadanía,Colombia
Olga Elena Mattei,Educado en,Universidad Pontificia Bolivariana
Olga Elena Mattei,Fecha de nacimiento,1933-01-01
Olga Elena Mattei,Ocupación,poeta
Mario Llanos,Lugar de nacimiento,Roldanillo
Mario Llanos,Ocupación,futbolista
Mario Llanos,Ciudadanía,Colombia
Mario Llanos,Fecha de nacimiento,1989-04-05
Pedro Camilo Franco,Lugar de nacimiento,Bogotá
Pedro Camilo Franco,Ocupación,futbolista
Pedro Camilo Franco,Ciudadanía,Colombia
Pedro Camilo Franco,Fecha de nacimiento,1991-04-23
Pedro Portocarrero,Lugar de nacimiento,Dagua
Pedro Portocarrero,Ocupación,futbolista
Pedro Portocarrero,Ciudadanía,Colombia
Pedro Portocarrero,Fecha de nacimiento,1977-05-13
piloto de motociclismo,instancia de,profesión
piloto de motociclismo,instancia de,deportista
piloto de motociclismo,subclase de,piloto de carreras
juez,instancia de,embede
juez,instancia de,profesión jurídica
juez,instancia de,grupo de ocupaciones de la CIUO
juez,subclase de,jurista
San José de Pare,país,Colombia
San José de Pare,instancia de,municipio de Colombia
San José de Pare,situado en la entidad territorial administrativa,Boyacá
San José de Pare,situado en la entidad territorial administrativa,Provincia de Ricaurte
San José de Pare,idioma de la obra o del nombre,lenguas indoeuropeas
fondista,instancia de,profesión
fondista,subclase de,corredor
fondista,ámbito de la ocupación,carrera de larga distancia
fondista,categoría principal del tema,Categoría:Corredores de larga distancia
fondista,diferente de,esquiador de fondo
Arecibo,país,Estados Unidos
Arecibo,instancia de,municipio de Puerto Rico
Arecibo,capital,Arecibo
Arecibo,comparte fronteras con,Utuado
Dagua,país,Colombia
Dagua,instancia de,municipio de Colombia
Dagua,situado en la entidad territorial administrativa,Valle del Cauca
Dagua,diferente de,Río Dagua
Jorge Tadeo Lozano,Lugar de nacimiento,Bogotá
Jorge Tadeo Lozano,Ocupación,político
Jorge Tadeo Lozano,Ciudadanía,Colombia
Jorge Tadeo Lozano,Educado en,Universidad del Rosario
Jorge Tadeo Lozano,Fecha de nacimiento,1771-01-30
Jorge Tadeo Lozano,Fecha de defunción,1816-01-01
Jorge Tadeo Lozano,Ocupación,químico
Jorge Tadeo Lozano,Ocupación,periodista
Jorge Tadeo Lozano,Ocupación,botánico
Catalina Acosta,Lugar de nacimiento,Bogotá
Catalina Acosta,Ocupación,modelo
Catalina Acosta,Ciudadanía,Colombia
Catalina Acosta,Fecha de nacimiento,1978-02-05
Vicky Dávila,Lugar de nacimiento,Buga
Vicky Dávila,Ocupación,escritor
Vicky Dávila,Ciudadanía,Colombia
Vicky Dávila,Educado en,Universidad Autónoma de Occidente
Vicky Dávila,Premio recibido,Premio Nacional de Periodismo Simón Bolívar
Vicky Dávila,Fecha de nacimiento,1973-05-30
Vicky Dávila,Ocupación,político
Vicky Dávila,Ocupación,presentador de noticias
Vicky Dávila,Ocupación,periodista
Vicky Dávila,Ocupación,personalidad de radio
Daniella Álvarez,Lugar de nacimiento,Barranquilla
Daniella Álvarez,Ocupación,modelo
Daniella Álvarez,Ciudadanía,Colombia
Daniella Álvarez,Fecha de nacimiento,1988-05-24
Daniella Álvarez,Ocupación,participante en concursos de belleza
David Montoya,Lugar de nacimiento,Medellín
David Montoya,Ocupación,futbolista
David Montoya,Ciudadanía,Colombia
David Montoya,Fecha de nacimiento,1978-02-14
Hamilton Ortega,Lugar de nacimiento,Sincelejo
Hamilton Ortega,Ocupación,futbolista
Hamilton Ortega,Ciudadanía,Colombia
Hamilton Ortega,Fecha de nacimiento,1989-05-15
Édgar Ramos,Lugar de nacimiento,Bogotá
Édgar Ramos,Ocupación,futbolista
Édgar Ramos,Ciudadanía,Colombia
Édgar Ramos,Fecha de nacimiento,1979-09-27
Eduardo Borrero,Lugar de nacimiento,Barranquilla
Eduardo Borrero,Ocupación,entrenador
Eduardo Borrero,Ciudadanía,Venezuela
Eduardo Borrero,Fecha de nacimiento,1964-01-05
Eduardo Borrero,Ciudadanía,Colombia
Eduardo Vilarete,Lugar de nacimiento,Santa Marta
Eduardo Vilarete,Ocupación,futbolista
Eduardo Vilarete,Ciudadanía,Colombia
Eduardo Vilarete,Fecha de nacimiento,1953-06-20
Ernesto Guerra,Lugar de nacimiento,Quito
Ernesto Guerra,Ocupación,entrenador
Ernesto Guerra,Ciudadanía,Ecuador
Ernesto Guerra,Fecha de nacimiento,1934-02-23
