entidad,relacion,objeto
Manuel María de Peralta y Alfaro,Lugar de nacimiento,Cartago
Manuel María de Peralta y Alfaro,Ocupación,político
Manuel María de Peralta y Alfaro,Ciudadanía,Costa Rica
Manuel María de Peralta y Alfaro,Miembro de,Instituto de Derecho Internacional
Manuel María de Peralta y Alfaro,Cargo,Enviado Extraordinario y Ministro Plenipotenciario de El Salvador en los Estados Unidos de América
Manuel María de Peralta y Alfaro,Fecha de nacimiento,1847-07-04
Manuel María de Peralta y Alfaro,Fecha de defunción,1930-08-01
Manuel María de Peralta y Alfaro,Ocupación,embajador
Manuel María de Peralta y Alfaro,Ocupación,diplomático
Anthony Velásquez,Lugar de nacimiento,Cantón de San José
Anthony Velásquez,Ocupación,futbolista
Anthony Velásquez,Ciudadanía,Costa Rica
Anthony Velásquez,Fecha de nacimiento,1990-10-23
Rudy Dawson,Lugar de nacimiento,Limón
Rudy Dawson,Ocupación,futbolista
Rudy Dawson,Ciudadanía,Costa Rica
Rudy Dawson,Fecha de nacimiento,1988-05-08
Turichiquí,Ocupación,político
Turichiquí,Ciudadanía,Costa Rica
Turichiquí,Empleador,Fernando Correque
Turichiquí,Fecha de nacimiento,1501-01-01
Turichiquí,Ciudadanía,Ujarrás
Antonio Álvarez Desanti,Lugar de nacimiento,San José
Antonio Álvarez Desanti,Ocupación,abogado
Antonio Álvarez Desanti,Ciudadanía,Costa Rica
Antonio Álvarez Desanti,Educado en,Escuela de Derecho Harvard
Antonio Álvarez Desanti,Cargo,President of the Legislative Assembly of Costa Rica
Antonio Álvarez Desanti,Fecha de nacimiento,1958-07-01
Antonio Álvarez Desanti,Ocupación,político
Antonio Álvarez Desanti,Educado en,Universidad de Costa Rica
Argenis Fernández,Lugar de nacimiento,Corredor
Argenis Fernández,Ocupación,entrenador
Argenis Fernández,Ciudadanía,Costa Rica
Argenis Fernández,Fecha de nacimiento,1987-04-03
Argenis Fernández,Ocupación,futbolista
Tatiana Echeverri Fernández,Lugar de nacimiento,San José
Tatiana Echeverri Fernández,Ocupación,pintor
Tatiana Echeverri Fernández,Ciudadanía,Costa Rica
Tatiana Echeverri Fernández,Fecha de nacimiento,1974-01-01
Tatiana Echeverri Fernández,Ocupación,escultor
Tatiana Echeverri Fernández,Ocupación,artista de performance
Tatiana Echeverri Fernández,Ocupación,artista de instalaciones
Walter Ferguson,Ocupación,músico
Walter Ferguson,Ciudadanía,Costa Rica
Walter Ferguson,Fecha de nacimiento,1919-05-07
Walter Ferguson,Fecha de defunción,2023-02-26
Walter Ferguson,Ocupación,calypsonian
Lorena Clare Facio,Lugar de nacimiento,San José
Lorena Clare Facio,Ocupación,político
Lorena Clare Facio,Ciudadanía,Costa Rica
Lorena Clare Facio,Cargo,primera dama o primer caballero de Costa Rica
Lorena Clare Facio,Premio recibido,Orden de Isabel la Católica
Lorena Clare Facio,Fecha de nacimiento,1943-06-30
Manuel Mora Fernández,Lugar de nacimiento,San José
Manuel Mora Fernández,Ocupación,juez
Manuel Mora Fernández,Ciudadanía,Costa Rica
Manuel Mora Fernández,Fecha de nacimiento,1800-01-01
Manuel Mora Fernández,Fecha de defunción,1899-01-01
Manuel Mora Fernández,Ocupación,político
Rogelio Sotela,Lugar de nacimiento,San José
Rogelio Sotela,Ocupación,escritor
Rogelio Sotela,Ciudadanía,Costa Rica
Rogelio Sotela,Fecha de nacimiento,1894-05-15
Rogelio Sotela,Fecha de defunción,1943-07-13
Rogelio Sotela,Ocupación,abogado
Dora Emilia Mora de Retana,Lugar de nacimiento,Provincia de Guanacaste
Dora Emilia Mora de Retana,Ocupación,botánico
Dora Emilia Mora de Retana,Ciudadanía,Costa Rica
Dora Emilia Mora de Retana,Educado en,Universidad de Costa Rica
Dora Emilia Mora de Retana,Empleador,Universidad de Costa Rica
Dora Emilia Mora de Retana,Fecha de nacimiento,1939-08-24
Dora Emilia Mora de Retana,Fecha de defunción,2001-07-12
Enrique Guier Sáenz,Lugar de nacimiento,Cartago
Enrique Guier Sáenz,Ocupación,juez
Enrique Guier Sáenz,Ciudadanía,Costa Rica
Enrique Guier Sáenz,Fecha de nacimiento,1899-10-22
Enrique Guier Sáenz,Fecha de defunción,1970-11-23
Enrique Guier Sáenz,Ocupación,abogado
Rodrigo Madrigal Nieto,Lugar de nacimiento,San José
Rodrigo Madrigal Nieto,Ocupación,abogado
Rodrigo Madrigal Nieto,Ciudadanía,Costa Rica
Rodrigo Madrigal Nieto,Educado en,Universidad de Costa Rica
Rodrigo Madrigal Nieto,Premio recibido,Gran Cruz de la Orden de Isabel la Católica
Rodrigo Madrigal Nieto,Fecha de nacimiento,1924-01-01
Rodrigo Madrigal Nieto,Fecha de defunción,2006-01-01
Rodrigo Madrigal Nieto,Ocupación,político
Rodrigo Madrigal Nieto,Ocupación,periodista
Rodrigo Madrigal Nieto,Premio recibido,Gran Cruz de la Orden El Sol del Perú
Carlos Cortés,Lugar de nacimiento,San José
Carlos Cortés,Ocupación,escritor
Carlos Cortés,Ciudadanía,Costa Rica
Carlos Cortés,Educado en,French Press Institute
Carlos Cortés,Empleador,La Nación
Carlos Cortés,Premio recibido,Premio Centroamericano de Literatura Rogelio Sinán
Carlos Cortés,Fecha de nacimiento,1962-01-01
Carlos Cortés,Ocupación,periodista
Carlos Cortés,Ocupación,novelista
Carlos Luis Fallas,Lugar de nacimiento,Alajuela
Carlos Luis Fallas,Ocupación,escritor
Carlos Luis Fallas,Ciudadanía,Costa Rica
Carlos Luis Fallas,Fecha de nacimiento,1909-01-21
Carlos Luis Fallas,Fecha de defunción,1966-05-07
Carlos Luis Fallas,Ocupación,político
Carmen Lyra,Lugar de nacimiento,San José
Carmen Lyra,Ocupación,escritor
Carmen Lyra,Ciudadanía,Costa Rica
Carmen Lyra,Educado en,Sorbonne Universidad de París
Carmen Lyra,Premio recibido,La Galería de las Mujeres de Costa Rica
Carmen Lyra,Fecha de nacimiento,1887-01-15
Carmen Lyra,Fecha de defunción,1949-05-13
Carmen Lyra,Ocupación,político
Carmen Lyra,Ocupación,pedagogo
Carmen Lyra,Ocupación,escritor de literatura infantil
Carmen Lyra,Ocupación,libretista
Carmen Lyra,Fecha de defunción,1949-05-14
Denis Hamlett,Lugar de nacimiento,Limón
Denis Hamlett,Ocupación,entrenador
Denis Hamlett,Ciudadanía,Costa Rica
Denis Hamlett,Educado en,Universidad George Mason
Denis Hamlett,Fecha de nacimiento,1969-01-09
Denis Hamlett,Ocupación,futbolista
Denis Hamlett,Ocupación,dirigente deportivo
Denis Hamlett,Educado en,Albert Einstein High School
Esteban Ramírez,Lugar de nacimiento,San José
Esteban Ramírez,Ocupación,guionista
Esteban Ramírez,Ciudadanía,Costa Rica
Esteban Ramírez,Fecha de nacimiento,1973-10-03
Esteban Ramírez,Ocupación,productor de televisión
Esteban Ramírez,Ocupación,director de cine
Esteban Ramírez,Ocupación,productor de cine
Esteban Ramírez,Fecha de nacimiento,1973-10-15
Fabián Dobles,Lugar de nacimiento,San Antonio
Fabián Dobles,Ocupación,escritor
Fabián Dobles,Ciudadanía,Costa Rica
Fabián Dobles,Fecha de nacimiento,1918-01-17
Fabián Dobles,Fecha de defunción,1997-03-22
Fabián Dobles,Ocupación,poeta
Fabián Dobles,Ocupación,periodista
Cartago,país,Costa Rica
Cartago,instancia de,ciudad
Cartago,situado en la entidad territorial administrativa,Provincia de Cartago
Cartago,subdividido en (división administrativa),Occidental
Cartago,subdividido en (división administrativa),Oriental
político,instancia de,profesión
político,instancia de,frecuentemente
político,subclase de,profesional
político,ámbito de la ocupación,política
político,categoría principal del tema,Categoría:Políticos
Costa Rica,santo patrón,Virgen de los Ángeles
Costa Rica,se encuentra en el huso horario,UTC−6
Costa Rica,miembro de,Organización de las Naciones Unidas
Costa Rica,miembro de,UNESCO
Instituto de Derecho Internacional,país,Bélgica
Instituto de Derecho Internacional,instancia de,organización no gubernamental
Instituto de Derecho Internacional,instancia de,organización sin fines de lucro
Instituto de Derecho Internacional,instancia de,sociedad erudita
Instituto de Derecho Internacional,instancia de,academia nacional
Enviado Extraordinario y Ministro Plenipotenciario de El Salvador en los Estados Unidos de América,país,Estados Unidos
Enviado Extraordinario y Ministro Plenipotenciario de El Salvador en los Estados Unidos de América,instancia de,rango diplomático
Enviado Extraordinario y Ministro Plenipotenciario de El Salvador en los Estados Unidos de América,subclase de,ministro plenipotenciario
Enviado Extraordinario y Ministro Plenipotenciario de El Salvador en los Estados Unidos de América,subclase de,enviado extraordinario
Enviado Extraordinario y Ministro Plenipotenciario de El Salvador en los Estados Unidos de América,organización dirigida desde este cargo,Legación de El Salvador en los Estados Unidos de América
Cantón de San José,cargo ocupado por el jefe de gobierno,Alcalde de San José
Cantón de San José,país,Costa Rica
Cantón de San José,instancia de,cantón de Costa Rica
Cantón de San José,capital,San José
futbolista,instancia de,profesión
futbolista,instancia de,ocupación
futbolista,subclase de,jugador competitivo
futbolista,subclase de,Jugador de fútbol
Limón,país,Costa Rica
Limón,instancia de,ciudad
Limón,instancia de,distrito de Costa Rica
Limón,situado en la entidad territorial administrativa,Cantón de Limón
Limón,ciudad hermana,Galați
Fernando Correque,sexo o género,masculino
Fernando Correque,país de nacionalidad,Costa Rica
Fernando Correque,instancia de,ser humano
Fernando Correque,ocupación,político
Fernando Correque,nombre de pila,Fernando
Ujarrás,país,Costa Rica
Ujarrás,instancia de,Reservas indígenas de Costa Rica
San José,jefe de gobierno,Diego Miranda Méndez
San José,país,Costa Rica
San José,instancia de,ciudad
San José,instancia de,entidad territorial administrativa
San José,instancia de,gran ciudad
abogado,instancia de,profesión jurídica
abogado,subclase de,jurista
abogado,santo patrón,Catalina de Alejandría
abogado,santo patrón,Alfonso María de Ligorio
abogado,santo patrón,Raimundo de Peñafort
Escuela de Derecho Harvard,país,Estados Unidos
Escuela de Derecho Harvard,instancia de,facultad de derecho
Escuela de Derecho Harvard,instancia de,editorial
Escuela de Derecho Harvard,instancia de,escuela de postgrado
Escuela de Derecho Harvard,situado en la entidad territorial administrativa,Cambridge
Corredor,país,Costa Rica
Corredor,instancia de,distrito de Costa Rica
Corredor,situado en la entidad territorial administrativa,Provincia de Puntarenas
Corredor,situado en la entidad territorial administrativa,Cantón de Corredores
Corredor,se encuentra en el huso horario,UTC−6
entrenador,instancia de,profesión
entrenador,instancia de,ocupación
entrenador,ámbito de la ocupación,fútbol
entrenador,deporte,fútbol
pintor,instancia de,ocupación
pintor,instancia de,profesión artística
pintor,subclase de,artista visual
pintor,santo patrón,Lucas el Evangelista
pintor,ámbito de la ocupación,pintura
escultor,instancia de,profesión artística
escultor,subclase de,artesano
escultor,subclase de,artista visual
escultor,subclase de,artista plástico
escultor,ámbito de la ocupación,escultura
músico,instancia de,ocupación
músico,instancia de,profesión musical
músico,ocupación,pintor
músico,subclase de,artista
músico,ámbito de la ocupación,música
calypsonian,instancia de,instrumentalista
calypsonian,instancia de,ocupación
calypsonian,subclase de,cantante
calypsonian,ámbito de la ocupación,Calipso
primera dama o primer caballero de Costa Rica,país,Costa Rica
primera dama o primer caballero de Costa Rica,instancia de,cargo
primera dama o primer caballero de Costa Rica,categoría principal del tema,Categoría:Primeras damas de Costa Rica
primera dama o primer caballero de Costa Rica,aplica a la jurisdicción,Costa Rica
Orden de Isabel la Católica,país,España
Orden de Isabel la Católica,instancia de,orden
Orden de Isabel la Católica,instancia de,condecoración civil
Orden de Isabel la Católica,fundador,Fernando VII de España
Orden de Isabel la Católica,compuesto por,Gran Cruz de la Orden de Isabel la Católica
juez,instancia de,embede
juez,instancia de,profesión jurídica
juez,instancia de,grupo de ocupaciones de la CIUO
juez,subclase de,jurista
escritor,instancia de,profesión
escritor,instancia de,ocupación
escritor,subclase de,autor
escritor,subclase de,artista
Provincia de Guanacaste,país,Costa Rica
Provincia de Guanacaste,instancia de,provincia de Costa Rica
Provincia de Guanacaste,capital,Liberia
Provincia de Guanacaste,comparte fronteras con,Provincia de Puntarenas
Provincia de Guanacaste,comparte fronteras con,Provincia de Alajuela
botánico,instancia de,profesión
botánico,subclase de,biólogo
botánico,ámbito de la ocupación,botánica
botánico,categoría principal del tema,Categoría:Botánicos
botánico,plantilla principal del tema,Plantilla:Botánico
Universidad de Costa Rica,país,Costa Rica
Universidad de Costa Rica,instancia de,universidad
Universidad de Costa Rica,instancia de,editor de acceso abierto
Universidad de Costa Rica,situado en la entidad territorial administrativa,Cantón de Montes de Oca
Universidad de Costa Rica,filial,"Vicerrectoría de Investigación, Universidad de Costa Rica"
Gran Cruz de la Orden de Isabel la Católica,país,España
Gran Cruz de la Orden de Isabel la Católica,instancia de,grado de una orden
Gran Cruz de la Orden de Isabel la Católica,subclase de,Gran Cruz
Gran Cruz de la Orden de Isabel la Católica,forma parte de,Orden de Isabel la Católica
Gran Cruz de la Orden de Isabel la Católica,categoría para los galardonados con este premio,Categoría:Caballeros grandes cruces de la Orden de Isabel la Católica
La Nación,país,Costa Rica
La Nación,instancia de,diario
La Nación,fundador,Ricardo Castro Béeche
La Nación,ubicación de la sede,San José
La Nación,premio recibido,Premio María Moors Cabot
Alajuela,país,Costa Rica
Alajuela,instancia de,ciudad
Alajuela,instancia de,distrito de Costa Rica
Alajuela,situado en la entidad territorial administrativa,Cantón de Alajuela
Alajuela,ciudad hermana,Hangzhou
Sorbonne Universidad de París,país,Francia
Sorbonne Universidad de París,instancia de,universidad en Francia
Sorbonne Universidad de París,instancia de,entidad desaparecida
Sorbonne Universidad de París,nombrado en referencia a,París
Sorbonne Universidad de París,nombrado en referencia a,Roberto de Sorbón
La Galería de las Mujeres de Costa Rica,país,Costa Rica
La Galería de las Mujeres de Costa Rica,instancia de,salón de la fama
La Galería de las Mujeres de Costa Rica,conferido por,Instituto Nacional de la Mujer
La Galería de las Mujeres de Costa Rica,ganador,Mercedes Chacón Porras
La Galería de las Mujeres de Costa Rica,ganador,Felícitas Chaverri Matamoros
Universidad George Mason,país,Estados Unidos
Universidad George Mason,instancia de,universidad
Universidad George Mason,instancia de,institución educativa pública de los Estados Unidos
Universidad George Mason,situado en la entidad territorial administrativa,Virginia
Universidad George Mason,situado en la entidad territorial administrativa,condado de Fairfax
guionista,instancia de,profesión del cine
guionista,género,guion
guionista,subclase de,escritor
guionista,ámbito de la ocupación,escritura de guiones
guionista,categoría principal del tema,Categoría:Guionistas
productor de televisión,instancia de,profesión
productor de televisión,instancia de,cargo
productor de televisión,subclase de,profesional de medios
productor de televisión,subclase de,productor
productor de televisión,forma parte de,equipo de televisión
San Antonio,país,Costa Rica
San Antonio,instancia de,distrito de Costa Rica
San Antonio,situado en la entidad territorial administrativa,Provincia de Heredia
San Antonio,situado en la entidad territorial administrativa,Cantón de Belén
San Antonio,se encuentra en el huso horario,UTC−6
Margarita Penón Góngora,Lugar de nacimiento,San José
Margarita Penón Góngora,Ocupación,político
Margarita Penón Góngora,Ciudadanía,Costa Rica
Margarita Penón Góngora,Educado en,Vassar College
Margarita Penón Góngora,Cargo,primera dama o primer caballero de Costa Rica
Margarita Penón Góngora,Premio recibido,Gran Cruz de la Orden de Isabel la Católica
Margarita Penón Góngora,Fecha de nacimiento,1948-10-11
Román Arrieta Villalobos,Lugar de nacimiento,San Antonio
Román Arrieta Villalobos,Ocupación,arzobispo
Román Arrieta Villalobos,Ciudadanía,Costa Rica
Román Arrieta Villalobos,Cargo,obispo diocesano
Román Arrieta Villalobos,Fecha de nacimiento,1924-11-13
Román Arrieta Villalobos,Fecha de defunción,2004-03-07
Román Arrieta Villalobos,Ocupación,sacerdote católico
Román Arrieta Villalobos,Ocupación,obispo católico
Román Arrieta Villalobos,Cargo,Arzobispo de San José de Costa Rica
Bernie Wright McClean,Lugar de nacimiento,Costa Rica
Bernie Wright McClean,Ocupación,entrenador
Bernie Wright McClean,Ciudadanía,Costa Rica
Bernie Wright McClean,Fecha de nacimiento,1979-06-08
Bernie Wright McClean,Ocupación,futbolista
Jorge Rossi Chavarría,Lugar de nacimiento,Provincia de Cartago
Jorge Rossi Chavarría,Ocupación,político
Jorge Rossi Chavarría,Ciudadanía,Costa Rica
Jorge Rossi Chavarría,Educado en,Universidad de Costa Rica
Jorge Rossi Chavarría,Empleador,Universidad de Costa Rica
Jorge Rossi Chavarría,Miembro de,Opus Dei
Jorge Rossi Chavarría,Fecha de nacimiento,1922-01-25
Jorge Rossi Chavarría,Fecha de defunción,2006-01-03
Abel Guier,Lugar de nacimiento,San José
Abel Guier,Ocupación,guitarrista bajo
Abel Guier,Ciudadanía,Costa Rica
Abel Guier,Fecha de nacimiento,1972-05-19
Agapito Jiménez Zamora,Lugar de nacimiento,Cartago
Agapito Jiménez Zamora,Ocupación,político
Agapito Jiménez Zamora,Ciudadanía,Costa Rica
Agapito Jiménez Zamora,Fecha de nacimiento,1817-05-24
Agapito Jiménez Zamora,Fecha de defunción,1879-09-17
Alberto Cañas Escalante,Lugar de nacimiento,San José
Alberto Cañas Escalante,Ocupación,escritor
Alberto Cañas Escalante,Ciudadanía,Costa Rica
Alberto Cañas Escalante,Educado en,Universidad de Costa Rica
Alberto Cañas Escalante,Empleador,Universidad de Costa Rica
Alberto Cañas Escalante,Miembro de,Academia Norteamericana de la Lengua Española
Alberto Cañas Escalante,Premio recibido,Gran Cruz de la Orden Civil de Alfonso X el Sabio
Alberto Cañas Escalante,Fecha de nacimiento,1920-03-16
Alberto Cañas Escalante,Fecha de defunción,2014-06-14
Alberto Cañas Escalante,Ocupación,abogado
Alberto Cañas Escalante,Ocupación,político
Alberto Cañas Escalante,Ocupación,diplomático
Alberto Cañas Escalante,Ocupación,periodista
Alberto Salom Echeverría,Lugar de nacimiento,San José
Alberto Salom Echeverría,Ocupación,político
Alberto Salom Echeverría,Ciudadanía,Costa Rica
Alberto Salom Echeverría,Educado en,Universidad de Costa Rica
Alberto Salom Echeverría,Cargo,Member of the Legislative Assembly of Costa Rica
Alberto Salom Echeverría,Fecha de nacimiento,1952-06-10
Alejandro Alvarado García,Lugar de nacimiento,León
Alejandro Alvarado García,Ocupación,juez
Alejandro Alvarado García,Ciudadanía,Costa Rica
Alejandro Alvarado García,Educado en,Universidad de San Carlos de Guatemala
Alejandro Alvarado García,Fecha de nacimiento,1839-01-09
Alejandro Alvarado García,Fecha de defunción,1922-09-11
Alejandro Alvarado García,Ocupación,político
Alejandro Jenkins,Lugar de nacimiento,San José
Alejandro Jenkins,Ocupación,físico
Alejandro Jenkins,Ciudadanía,Costa Rica
Alejandro Jenkins,Educado en,Universidad Harvard
Alejandro Jenkins,Empleador,Instituto Tecnológico de Massachusetts
Alejandro Jenkins,Fecha de nacimiento,1979-10-17
Alejandro Jenkins,Educado en,Instituto de Tecnología de California
Alejandro Jenkins,Educado en,Universidad de Costa Rica
Alejandro Jenkins,Empleador,Instituto de Tecnología de California
Alejandro Jenkins,Empleador,Universidad Estatal de Florida
Alejandro Jenkins,Empleador,Universidad de Costa Rica
Alejandro Jenkins,Empleador,Universidad de Gdansk
Alejandro Sequeira,Lugar de nacimiento,Costa Rica
Alejandro Sequeira,Ocupación,futbolista
Alejandro Sequeira,Ciudadanía,Costa Rica
Alejandro Sequeira,Fecha de nacimiento,1975-04-27
Alex Brenes,Lugar de nacimiento,San José
Alex Brenes,Ocupación,jugador de póquer
Alex Brenes,Ciudadanía,Costa Rica
Alex Brenes,Fecha de nacimiento,1964-01-17
Alex Sánchez Cruz,Lugar de nacimiento,Naranjo
Alex Sánchez Cruz,Ocupación,futbolista
Alex Sánchez Cruz,Ciudadanía,Costa Rica
Alex Sánchez Cruz,Fecha de nacimiento,1930-07-20
Alexander Madrigal,Lugar de nacimiento,Costa Rica
Alexander Madrigal,Ocupación,entrenador
Alexander Madrigal,Ciudadanía,México
Alexander Madrigal,Fecha de nacimiento,1972-05-06
Alexander Madrigal,Ocupación,futbolista
Alexander Madrigal,Ciudadanía,Costa Rica
Alfio Piva Mesén,Lugar de nacimiento,Cantón de Goicoechea
Alfio Piva Mesén,Ocupación,político
Alfio Piva Mesén,Ciudadanía,Costa Rica
Alfio Piva Mesén,Educado en,Universidad de Milán
Alfio Piva Mesén,Miembro de,Real Academia Nacional de Farmacia
Alfio Piva Mesén,Cargo,Vicepresidente de Costa Rica
Alfio Piva Mesén,Premio recibido,Orden de los Cinco Volcanes
Alfio Piva Mesén,Fecha de nacimiento,1940-01-07
Alfio Piva Mesén,Ocupación,ambientalista
Alfio Piva Mesén,Educado en,Universidad de Parma
Alfonso Chase,Lugar de nacimiento,Cartago
Alfonso Chase,Ocupación,escritor
Alfonso Chase,Ciudadanía,Costa Rica
Alfonso Chase,Fecha de nacimiento,1944-10-19
Alfonso Chase,Ocupación,crítico literario
Alfredo Piedra Mora,Lugar de nacimiento,San José
Alfredo Piedra Mora,Ocupación,entrenador
Alfredo Piedra Mora,Ciudadanía,Costa Rica
Alfredo Piedra Mora,Fecha de nacimiento,1915-08-15
Alfredo Piedra Mora,Fecha de defunción,2003-12-18
Alfredo Piedra Mora,Ocupación,futbolista
Allan Oviedo,Lugar de nacimiento,Alajuela
Allan Oviedo,Ocupación,entrenador
Allan Oviedo,Ciudadanía,Costa Rica
Allan Oviedo,Fecha de nacimiento,1970-11-08
Allan Oviedo,Ocupación,futbolista
Allan Segura,Lugar de nacimiento,Curridabat
Allan Segura,Ocupación,atleta
Allan Segura,Ciudadanía,Costa Rica
Allan Segura,Fecha de nacimiento,1980-12-23
Alonso Fernández Alvarez,Lugar de nacimiento,San José
Alonso Fernández Alvarez,Ocupación,modelo
Alonso Fernández Alvarez,Ciudadanía,Costa Rica
Alonso Fernández Alvarez,Fecha de nacimiento,1982-03-16
Alonso Fernández Alvarez,Ocupación,participante en concursos de belleza
Vassar College,país,Estados Unidos
Vassar College,instancia de,Universidad de Artes Liberales en los Estados Unidos
Vassar College,instancia de,institución educativa privada sin fines de lucro
Vassar College,situado en la entidad territorial administrativa,Poughkeepsie
Vassar College,nombrado en referencia a,Matthew Vassar
arzobispo,instancia de,cargo
arzobispo,instancia de,cargo eclesiástico
arzobispo,instancia de,función episcopal
arzobispo,instancia de,ocupación religiosa cristiana
obispo diocesano,instancia de,cargo eclesiástico
obispo diocesano,instancia de,función episcopal
obispo diocesano,subclase de,obispo
obispo diocesano,subclase de,pastor
obispo diocesano,subclase de,ordinario
Provincia de Cartago,país,Costa Rica
Provincia de Cartago,instancia de,provincia de Costa Rica
Provincia de Cartago,capital,Cartago
Provincia de Cartago,comparte fronteras con,Provincia de Limón
Provincia de Cartago,comparte fronteras con,Provincia de San José
guitarrista bajo,instancia de,ocupación
guitarrista bajo,instancia de,profesión musical
guitarrista bajo,subclase de,bajista
guitarrista bajo,subclase de,guitarrista
León,país,Nicaragua
León,instancia de,municipio de Nicaragua
León,instancia de,gran ciudad
León,situado en la entidad territorial administrativa,Departamento de León
León,nombrado en referencia a,Ruínas de León Viejo
Universidad de San Carlos de Guatemala,país,Guatemala
Universidad de San Carlos de Guatemala,instancia de,universidad pública
Universidad de San Carlos de Guatemala,instancia de,editor de acceso abierto
Universidad de San Carlos de Guatemala,himno,Gaudeamus igitur
Universidad de San Carlos de Guatemala,fundador,Carlos II de España
físico,instancia de,profesión
físico,subclase de,científico físico
físico,ámbito de la ocupación,física
físico,categoría principal del tema,Categoría:Físicos
físico,diferente de,médico
Universidad Harvard,filial,Escuela de Medicina Harvard
Universidad Harvard,filial,Escuela de Derecho Harvard
Universidad Harvard,filial,Escuela de Negocios Harvard
Universidad Harvard,filial,Escuela de Gobierno John F. Kennedy
Instituto Tecnológico de Massachusetts,país,Estados Unidos
Instituto Tecnológico de Massachusetts,instancia de,universidad
Instituto Tecnológico de Massachusetts,instancia de,universidad técnica
Instituto Tecnológico de Massachusetts,instancia de,instituto tecnológico
jugador de póquer,instancia de,profesión
jugador de póquer,subclase de,jugador competitivo
jugador de póquer,ámbito de la ocupación,póquer
jugador de póquer,categoría principal del tema,Categoría:Jugadores de póquer
Naranjo,país,Costa Rica
Naranjo,instancia de,distrito de Costa Rica
Naranjo,situado en la entidad territorial administrativa,Cantón de Naranjo
Naranjo,se encuentra en el huso horario,UTC−6
Naranjo,capital de,Cantón de Naranjo
México,miembro de,Organización de las Naciones Unidas
México,miembro de,Mercosur
México,miembro de,Movimiento Internacional de la Cruz Roja y de la Media Luna Roja
México,miembro de,UNESCO
México,miembro de,Organización Mundial de la Salud
Cantón de Goicoechea,país,Costa Rica
Cantón de Goicoechea,instancia de,cantón de Costa Rica
Cantón de Goicoechea,capital,Guadalupe
Cantón de Goicoechea,comparte fronteras con,Cantón de Tibás
Cantón de Goicoechea,comparte fronteras con,Cantón de Vázquez de Coronado
Real Academia Nacional de Farmacia,país,España
Real Academia Nacional de Farmacia,instancia de,academia de ciencias
Real Academia Nacional de Farmacia,instancia de,academia nacional
Real Academia Nacional de Farmacia,fundador,Felipe V de España
Real Academia Nacional de Farmacia,situado en la entidad territorial administrativa,Madrid
crítico literario,instancia de,profesión
crítico literario,subclase de,crítico
crítico literario,subclase de,recensor
crítico literario,subclase de,especialista en literatura
crítico literario,subclase de,periodista cultural
Curridabat,país,Costa Rica
Curridabat,instancia de,distrito de Costa Rica
Curridabat,situado en la entidad territorial administrativa,Cantón de Curridabat
Curridabat,se encuentra en el huso horario,UTC−6
Curridabat,capital de,Cantón de Curridabat
atleta,instancia de,ocupación
atleta,subclase de,deportista
atleta,ámbito de la ocupación,atletismo
atleta,ámbito de la ocupación,Máster
atleta,ámbito de la ocupación,atletismo de pista y campo
modelo,instancia de,profesión
modelo,subclase de,profesional de la moda
modelo,ámbito de la ocupación,modelaje
modelo,categoría principal del tema,Categoría:Modelos
participante en concursos de belleza,instancia de,ocupación
participante en concursos de belleza,subclase de,animador
participante en concursos de belleza,subclase de,modelo
participante en concursos de belleza,subclase de,concursante
participante en concursos de belleza,ámbito de la ocupación,concurso de belleza
Amalia Matamoros,Lugar de nacimiento,Cantón de Grecia
Amalia Matamoros,Ocupación,modelo
Amalia Matamoros,Ciudadanía,Costa Rica
Amalia Matamoros,Fecha de nacimiento,1989-06-17
Amalia Matamoros,Ocupación,participante en concursos de belleza
Andes Meza,Ocupación,poeta
Andes Meza,Ciudadanía,Costa Rica
Andes Meza,Fecha de nacimiento,1894-01-01
Andes Meza,Fecha de defunción,1933-01-01
Andrey Aguilar,Ocupación,nadador
Andrey Aguilar,Ciudadanía,Costa Rica
Andrey Aguilar,Fecha de nacimiento,1960-11-18
Andrey Campos,Lugar de nacimiento,Costa Rica
Andrey Campos,Ocupación,entrenador
Andrey Campos,Ciudadanía,Costa Rica
Andrey Campos,Fecha de nacimiento,1978-12-07
Andrey Campos,Ocupación,futbolista
Andrés Venegas,Lugar de nacimiento,Puntarenas
Andrés Venegas,Ocupación,abogado
Andrés Venegas,Ciudadanía,Costa Rica
Andrés Venegas,Educado en,Universidad de San Carlos de Guatemala
Andrés Venegas,Fecha de nacimiento,1848-12-30
Andrés Venegas,Fecha de defunción,1939-11-09
Andrés Venegas,Ocupación,político
Antonio del Carmen Monestel Zamora,Lugar de nacimiento,San José
Antonio del Carmen Monestel Zamora,Ocupación,sacerdote católico
Antonio del Carmen Monestel Zamora,Ciudadanía,Costa Rica
Antonio del Carmen Monestel Zamora,Cargo,obispo titular
Antonio del Carmen Monestel Zamora,Fecha de nacimiento,1868-01-01
Antonio del Carmen Monestel Zamora,Fecha de defunción,1937-01-01
Antonio del Carmen Monestel Zamora,Ocupación,obispo católico
Antonio del Carmen Monestel Zamora,Cargo,obispo diocesano
Apolinar de Jesús Soto Quesada,Lugar de nacimiento,Alajuela
Apolinar de Jesús Soto Quesada,Ocupación,político
Apolinar de Jesús Soto Quesada,Ciudadanía,Costa Rica
Apolinar de Jesús Soto Quesada,Fecha de nacimiento,1827-07-23
Apolinar de Jesús Soto Quesada,Fecha de defunción,1911-07-13
Aquileo Echeverría,Lugar de nacimiento,San José
Aquileo Echeverría,Ocupación,escritor
Aquileo Echeverría,Ciudadanía,Costa Rica
Aquileo Echeverría,Fecha de nacimiento,1866-03-22
Aquileo Echeverría,Fecha de defunción,1909-03-11
Aquileo Echeverría,Ocupación,político
Aquileo Echeverría,Ocupación,diplomático
Aquileo Echeverría,Ocupación,periodista
Aquileo Echeverría,Fecha de nacimiento,1866-05-22
Ariel Santana,Lugar de nacimiento,Heredia
Ariel Santana,Ocupación,entrenador
Ariel Santana,Ciudadanía,Costa Rica
Ariel Santana,Fecha de nacimiento,1988-01-21
Ariel Santana,Ocupación,futbolista
Asdrúbal Paniagua,Lugar de nacimiento,Cantón de San Rafael
Asdrúbal Paniagua,Ocupación,entrenador
Asdrúbal Paniagua,Ciudadanía,Costa Rica
Asdrúbal Paniagua,Fecha de nacimiento,1951-07-29
Asdrúbal Paniagua,Ocupación,futbolista
Bali Rodríguez,Lugar de nacimiento,San José
Bali Rodríguez,Ocupación,modelo
Bali Rodríguez,Ciudadanía,Costa Rica
Bali Rodríguez,Fecha de nacimiento,1984-08-08
Bali Rodríguez,Ocupación,actor de cine
Bartosz Brenes,Lugar de nacimiento,San José
Bartosz Brenes,Ocupación,disc-jockey
Bartosz Brenes,Ciudadanía,Costa Rica
Bartosz Brenes,Fecha de nacimiento,1989-07-25
Bartosz Brenes,Ocupación,compositor de canciones
Beltrán Cortés Carvajal,Lugar de nacimiento,Cantón de Santa Bárbara
Beltrán Cortés Carvajal,Ocupación,agricultor
Beltrán Cortés Carvajal,Ciudadanía,Costa Rica
Beltrán Cortés Carvajal,Fecha de nacimiento,1908-11-21
Beltrán Cortés Carvajal,Fecha de defunción,1984-06-11
Beltrán Cortés Carvajal,Ocupación,criminal
Benito Serrano Jiménez,Lugar de nacimiento,San José
Benito Serrano Jiménez,Ocupación,juez
Benito Serrano Jiménez,Ciudadanía,Costa Rica
Benito Serrano Jiménez,Fecha de nacimiento,1850-03-19
Benito Serrano Jiménez,Fecha de defunción,1945-12-23
Benito Serrano Jiménez,Ocupación,político
Benjamín Mayorga,Lugar de nacimiento,Limón
Benjamín Mayorga,Ocupación,entrenador
Benjamín Mayorga,Ciudadanía,Costa Rica
Benjamín Mayorga,Fecha de nacimiento,1966-10-15
Benjamín Mayorga,Ocupación,futbolista
Carmen Naranjo,Lugar de nacimiento,Provincia de Cartago
Carmen Naranjo,Ocupación,escritor
Carmen Naranjo,Ciudadanía,Costa Rica
Carmen Naranjo,Educado en,Universidad de Iowa
Carmen Naranjo,Premio recibido,Premio Editorial Costa Rica
Carmen Naranjo,Fecha de nacimiento,1928-01-30
Carmen Naranjo,Fecha de defunción,2012-01-04
Carmen Naranjo,Ocupación,político
Carmen Naranjo,Ocupación,diplomático
Carmen Naranjo,Premio recibido,Premios Nacionales Aquileo J. Echeverría
Carmen Naranjo,Premio recibido,Premio Nacional de Cultura Magón
Carmen Naranjo,Premio recibido,Orden al Mérito Docente y Cultural Gabriela Mistral
Carmen Naranjo,Premio recibido,Gran Cruz de la Orden Civil de Alfonso X el Sabio
Carmen Naranjo,Premio recibido,La Galería de las Mujeres de Costa Rica
Carmen Naranjo,Educado en,Universidad Nacional Autónoma de México
Carmen Naranjo,Educado en,Universidad de Costa Rica
Bernard Mullins Campbell,Lugar de nacimiento,Cartago
Bernard Mullins Campbell,Ocupación,futbolista
Bernard Mullins Campbell,Ciudadanía,Costa Rica
Bernard Mullins Campbell,Fecha de nacimiento,1973-12-05
Bernardo Rodríguez y Alfaro,Lugar de nacimiento,Heredia
Bernardo Rodríguez y Alfaro,Ocupación,político
Bernardo Rodríguez y Alfaro,Ciudadanía,Costa Rica
Bernardo Rodríguez y Alfaro,Fecha de nacimiento,1781-08-20
Bernardo Rodríguez y Alfaro,Fecha de defunción,1899-01-01
Bernardo de la Guardia,Lugar de nacimiento,San José
Bernardo de la Guardia,Ocupación,esgrimista
Bernardo de la Guardia,Ciudadanía,Costa Rica
Bernardo de la Guardia,Fecha de nacimiento,1900-04-14
Bernardo de la Guardia,Fecha de defunción,1970-02-01
Berny Peña,Lugar de nacimiento,Puerto Carrillo
Berny Peña,Ocupación,futbolista
Berny Peña,Ciudadanía,Costa Rica
Berny Peña,Fecha de nacimiento,1980-10-19
Cantón de Grecia,país,Costa Rica
Cantón de Grecia,instancia de,cantón de Costa Rica
Cantón de Grecia,capital,Grecia
Cantón de Grecia,comparte fronteras con,Cantón de Poás
Cantón de Grecia,comparte fronteras con,Cantón de Alajuela
poeta,instancia de,profesión
poeta,subclase de,escritor
poeta,ámbito de la ocupación,poesía
poeta,categoría principal del tema,Categoría:Poetas
nadador,instancia de,ocupación
nadador,subclase de,deportista
nadador,ámbito de la ocupación,natación
Puntarenas,país,Costa Rica
Puntarenas,instancia de,ciudad
Puntarenas,situado en la entidad territorial administrativa,Provincia de Puntarenas
Puntarenas,ciudad hermana,Kesennuma
Puntarenas,situado cerca del cuerpo de agua,Golfo de Nicoya
sacerdote católico,instancia de,vocación católica
sacerdote católico,religión,catolicismo
sacerdote católico,religión,Iglesia católica
sacerdote católico,subclase de,sacerdote
sacerdote católico,subclase de,presbítero
obispo titular,instancia de,cargo
obispo titular,instancia de,cargo eclesiástico
obispo titular,instancia de,función episcopal
obispo titular,instancia de,vocación católica
obispo titular,subclase de,obispo católico
Heredia,país,Costa Rica
Heredia,instancia de,ciudad
Heredia,instancia de,distrito de Costa Rica
Heredia,idioma oficial,español
Heredia,situado en la entidad territorial administrativa,Cantón de Heredia
Cantón de San Rafael,país,Costa Rica
Cantón de San Rafael,instancia de,cantón de Costa Rica
Cantón de San Rafael,capital,San Rafael
Cantón de San Rafael,comparte fronteras con,Cantón de San Isidro
Cantón de San Rafael,comparte fronteras con,Cantón de Heredia
actor de cine,instancia de,profesión del cine
actor de cine,subclase de,actor
actor de cine,categoría principal del tema,Categoría:Actores de cine
actor de cine,diferente de,actor de televisión
disc-jockey,instancia de,ocupación
disc-jockey,instancia de,profesión musical
disc-jockey,subclase de,músico
disc-jockey,ámbito de la ocupación,música
compositor de canciones,instancia de,profesión musical
compositor de canciones,subclase de,compositor
compositor de canciones,subclase de,autor
compositor de canciones,ámbito de la ocupación,composición de canciones
compositor de canciones,se dice que es lo mismo que,letrista
Cantón de Santa Bárbara,país,Costa Rica
Cantón de Santa Bárbara,instancia de,cantón de Costa Rica
Cantón de Santa Bárbara,capital,Santa Bárbara
Cantón de Santa Bárbara,comparte fronteras con,Cantón de Heredia
Cantón de Santa Bárbara,comparte fronteras con,Cantón de Flores
agricultor,instancia de,ocupación
agricultor,subclase de,trabajador agrícola
agricultor,subclase de,cultivadores de cultivos extensivos y hortalizas
Universidad de Iowa,país,Estados Unidos
Universidad de Iowa,instancia de,universidad
Universidad de Iowa,instancia de,institución educativa pública de los Estados Unidos
Universidad de Iowa,instancia de,universidad pública de investigación
Universidad de Iowa,ubicación de la sede,Iowa City
Premio Editorial Costa Rica,país,Costa Rica
Premio Editorial Costa Rica,instancia de,premio literario
esgrimista,instancia de,ocupación
esgrimista,subclase de,deportista
esgrimista,ámbito de la ocupación,esgrima
esgrimista,categoría principal del tema,Categoría:Esgrimidores
Puerto Carrillo,país,Costa Rica
Puerto Carrillo,instancia de,distrito de Costa Rica
Puerto Carrillo,situado en la entidad territorial administrativa,Cantón de Hojancha
Puerto Carrillo,se encuentra en el huso horario,UTC−6
Steven Bryce,Lugar de nacimiento,San José
Steven Bryce,Ocupación,futbolista
Steven Bryce,Ciudadanía,Costa Rica
Steven Bryce,Fecha de nacimiento,1977-08-16
Daniel Vallejos,Lugar de nacimiento,Costa Rica
Daniel Vallejos,Ocupación,entrenador
Daniel Vallejos,Ciudadanía,Costa Rica
Daniel Vallejos,Fecha de nacimiento,1981-05-27
Daniel Vallejos,Ocupación,futbolista
Rodrigo Cordero,Lugar de nacimiento,Cantón de Moravia
Rodrigo Cordero,Ocupación,entrenador
Rodrigo Cordero,Ciudadanía,Costa Rica
Rodrigo Cordero,Fecha de nacimiento,1973-12-04
Rodrigo Cordero,Ocupación,futbolista
José Luis López Ramírez,Lugar de nacimiento,San José
José Luis López Ramírez,Ocupación,futbolista
José Luis López Ramírez,Ciudadanía,Costa Rica
José Luis López Ramírez,Fecha de nacimiento,1981-03-31
Freddy Fernández,Lugar de nacimiento,San Isidro de El General
Freddy Fernández,Ocupación,entrenador
Freddy Fernández,Ciudadanía,Costa Rica
Freddy Fernández,Fecha de nacimiento,1974-02-25
Freddy Fernández,Ocupación,futbolista
Roy Myrie,Lugar de nacimiento,Limón
Roy Myrie,Ocupación,futbolista
Roy Myrie,Ciudadanía,Costa Rica
Roy Myrie,Fecha de nacimiento,1982-08-21
Max Stern,Ocupación,médico
Max Stern,Ciudadanía,Estados Unidos
Max Stern,Fecha de nacimiento,2000-01-01
Max Stern,Ocupación,autor
Max Stern,Ocupación,jugador de póquer
Max Stern,Ciudadanía,Costa Rica
Gonzalo Segares,Lugar de nacimiento,San José
Gonzalo Segares,Ocupación,entrenador
Gonzalo Segares,Ciudadanía,Costa Rica
Gonzalo Segares,Fecha de nacimiento,1982-10-13
Gonzalo Segares,Ocupación,futbolista
Robert Louis Dressler,Lugar de nacimiento,condado de Taney
Robert Louis Dressler,Ocupación,botánico
Robert Louis Dressler,Ciudadanía,Estados Unidos
Robert Louis Dressler,Educado en,Universidad del Sur de California
Robert Louis Dressler,Fecha de nacimiento,1927-06-02
Robert Louis Dressler,Fecha de defunción,2019-10-15
Robert Louis Dressler,Ciudadanía,Costa Rica
Robert Louis Dressler,Educado en,Universidad Harvard
Darío Delgado,Lugar de nacimiento,San José
Darío Delgado,Ocupación,futbolista
Darío Delgado,Ciudadanía,Costa Rica
Darío Delgado,Fecha de nacimiento,1985-12-14
Mauricio Montero Chinchilla,Lugar de nacimiento,Grecia
Mauricio Montero Chinchilla,Ocupación,entrenador
Mauricio Montero Chinchilla,Ciudadanía,Costa Rica
Mauricio Montero Chinchilla,Fecha de nacimiento,1963-10-19
Mauricio Montero Chinchilla,Ocupación,futbolista
Roy Myers,Lugar de nacimiento,Cantón de Siquirres
Roy Myers,Ocupación,entrenador
Roy Myers,Ciudadanía,Costa Rica
Roy Myers,Fecha de nacimiento,1969-04-13
Roy Myers,Ocupación,futbolista
Randall Brenes,Lugar de nacimiento,Cartago
Randall Brenes,Ocupación,futbolista
Randall Brenes,Ciudadanía,Costa Rica
Randall Brenes,Fecha de nacimiento,1983-08-13
Dave Myrie,Lugar de nacimiento,Limón
Dave Myrie,Ocupación,futbolista
Dave Myrie,Ciudadanía,Costa Rica
Dave Myrie,Fecha de nacimiento,1988-06-01
Austin Berry,Lugar de nacimiento,Limón
Austin Berry,Ocupación,entrenador
Austin Berry,Ciudadanía,Costa Rica
Austin Berry,Fecha de nacimiento,1971-04-05
Austin Berry,Ocupación,futbolista
Vicente Sáenz Rojas,Lugar de nacimiento,San José
Vicente Sáenz Rojas,Ocupación,escritor
Vicente Sáenz Rojas,Ciudadanía,Costa Rica
Vicente Sáenz Rojas,Fecha de nacimiento,1896-09-30
Vicente Sáenz Rojas,Fecha de defunción,1963-03-28
Vicente Sáenz Rojas,Ocupación,periodista
Josué Martínez,Lugar de nacimiento,San José
Josué Martínez,Ocupación,futbolista
Josué Martínez,Ciudadanía,Costa Rica
Josué Martínez,Fecha de nacimiento,1990-03-25
Víctor Sanabria Martínez,Lugar de nacimiento,Cartago
Víctor Sanabria Martínez,Ocupación,sacerdote católico
Víctor Sanabria Martínez,Ciudadanía,Costa Rica
Víctor Sanabria Martínez,Educado en,Pontificio Instituto Bíblico
Víctor Sanabria Martínez,Cargo,obispo diocesano
Víctor Sanabria Martínez,Fecha de nacimiento,1898-01-17
Víctor Sanabria Martínez,Fecha de defunción,1952-06-08
Víctor Sanabria Martínez,Ocupación,obispo católico
Víctor Sanabria Martínez,Cargo,Arzobispo de San José de Costa Rica
Walter Meneses,Lugar de nacimiento,México
Walter Meneses,Ocupación,futbolista
Walter Meneses,Ciudadanía,Costa Rica
Walter Meneses,Fecha de nacimiento,2000-01-01
Erik Lonis,Lugar de nacimiento,Turrialba
Erik Lonis,Ocupación,futbolista
Erik Lonis,Ciudadanía,Costa Rica
Erik Lonis,Fecha de nacimiento,1965-09-09
Cantón de Moravia,país,Costa Rica
Cantón de Moravia,instancia de,cantón de Costa Rica
Cantón de Moravia,capital,San Vicente
Cantón de Moravia,comparte fronteras con,Cantón de Tibás
Cantón de Moravia,comparte fronteras con,Cantón de Vázquez de Coronado
San Isidro de El General,país,Costa Rica
San Isidro de El General,instancia de,asentamiento
San Isidro de El General,instancia de,distrito de Costa Rica
San Isidro de El General,situado en la entidad territorial administrativa,Cantón de Pérez Zeledón
San Isidro de El General,se encuentra en el huso horario,UTC−6
médico,lista de interés para el proyecto Wikimedia,Wikipedia:Lista de artículos que toda Wikipedia debería tener/Expandida
médico,instancia de,profesión sanitaria
médico,instancia de,cargo
médico,instancia de,ocupación
Estados Unidos,forma de gobierno,república
Estados Unidos,forma de gobierno,presidencialismo
Estados Unidos,forma de gobierno,república federal
Estados Unidos,nombrado en referencia a,América
Estados Unidos,subdividido en (división administrativa),California
autor,instancia de,ocupación
autor,subclase de,creador
autor,ámbito de la ocupación,escritura narrativa
autor,ámbito de la ocupación,creación
condado de Taney,país,Estados Unidos
condado de Taney,instancia de,Condado de Misuri
condado de Taney,capital,Forsyth
condado de Taney,comparte fronteras con,condado de Boone
condado de Taney,comparte fronteras con,condado de Marion
Universidad del Sur de California,país,Estados Unidos
Universidad del Sur de California,instancia de,universidad privada
Universidad del Sur de California,instancia de,universidad de investigación
Universidad del Sur de California,instancia de,institución educativa privada sin fines de lucro
Universidad del Sur de California,instancia de,editor de acceso abierto
Grecia,país,Costa Rica
Grecia,instancia de,distrito de Costa Rica
Grecia,situado en la entidad territorial administrativa,Cantón de Grecia
Grecia,se encuentra en el huso horario,UTC−6
Grecia,capital de,Cantón de Grecia
Cantón de Siquirres,país,Costa Rica
Cantón de Siquirres,instancia de,cantón de Costa Rica
Cantón de Siquirres,capital,Siquirres
Cantón de Siquirres,comparte fronteras con,Cantón de Guácimo
Cantón de Siquirres,comparte fronteras con,Cantón de Pococí
Pontificio Instituto Bíblico,país,Italia
Pontificio Instituto Bíblico,instancia de,Instituto pontificio
Pontificio Instituto Bíblico,fundador,Pío X
Pontificio Instituto Bíblico,situado en la entidad territorial administrativa,Roma
Pontificio Instituto Bíblico,ubicación de la sede,Roma
Turrialba,país,Costa Rica
Turrialba,instancia de,distrito de Costa Rica
Turrialba,situado en la entidad territorial administrativa,Cantón de Turrialba
Turrialba,se encuentra en el huso horario,UTC−6
Turrialba,capital de,Cantón de Turrialba
Felicia Montealegre,Lugar de nacimiento,San José
Felicia Montealegre,Ocupación,actor
Felicia Montealegre,Ciudadanía,Costa Rica
Felicia Montealegre,Fecha de nacimiento,1922-02-06
Felicia Montealegre,Fecha de defunción,1978-06-16
Felicia Montealegre,Ocupación,actor de teatro
Felicia Montealegre,Ocupación,actor de televisión
Felicio Brown Forbes,Lugar de nacimiento,Berlín
Felicio Brown Forbes,Ocupación,entrenador
Felicio Brown Forbes,Ciudadanía,Alemania
Felicio Brown Forbes,Fecha de nacimiento,1991-08-28
Felicio Brown Forbes,Ocupación,futbolista
Felicio Brown Forbes,Ciudadanía,Costa Rica
Fernando Centeno Güell,Lugar de nacimiento,San José
Fernando Centeno Güell,Ocupación,escritor
Fernando Centeno Güell,Ciudadanía,Costa Rica
Fernando Centeno Güell,Educado en,Universidad Complutense de Madrid
Fernando Centeno Güell,Fecha de nacimiento,1907-12-02
Fernando Centeno Güell,Fecha de defunción,1993-09-15
Alejandro Alpízar,Lugar de nacimiento,San José
Alejandro Alpízar,Ocupación,futbolista
Alejandro Alpízar,Ciudadanía,Costa Rica
Alejandro Alpízar,Fecha de nacimiento,1979-06-14
Armando Alonso,Lugar de nacimiento,San José
Armando Alonso,Ocupación,entrenador
Armando Alonso,Ciudadanía,Costa Rica
Armando Alonso,Fecha de nacimiento,1984-03-21
Armando Alonso,Ocupación,futbolista
Karina Bolaños,Lugar de nacimiento,Heredia
Karina Bolaños,Ocupación,político
Karina Bolaños,Ciudadanía,Costa Rica
Karina Bolaños,Fecha de nacimiento,1973-01-01
Joaquín de Oreamuno y Muñoz de la Trinidad,Lugar de nacimiento,Cartago
Joaquín de Oreamuno y Muñoz de la Trinidad,Ocupación,abogado
Joaquín de Oreamuno y Muñoz de la Trinidad,Ciudadanía,Costa Rica
Joaquín de Oreamuno y Muñoz de la Trinidad,Fecha de nacimiento,1755-07-14
Joaquín de Oreamuno y Muñoz de la Trinidad,Fecha de defunción,1827-11-13
Joaquín de Oreamuno y Muñoz de la Trinidad,Ocupación,político
Marco Ureña,Lugar de nacimiento,Palmichal
Marco Ureña,Ocupación,futbolista
Marco Ureña,Ciudadanía,Costa Rica
Marco Ureña,Fecha de nacimiento,1990-03-05
Jonathan McDonald,Lugar de nacimiento,San José
Jonathan McDonald,Ocupación,futbolista
Jonathan McDonald,Ciudadanía,Costa Rica
Jonathan McDonald,Fecha de nacimiento,1987-10-28
Manuel Fernández Chacón,Lugar de nacimiento,San José
Manuel Fernández Chacón,Ocupación,político
Manuel Fernández Chacón,Ciudadanía,Costa Rica
Manuel Fernández Chacón,Fecha de nacimiento,1786-03-26
Manuel Fernández Chacón,Fecha de defunción,1841-07-31
Gregory Brenes,Lugar de nacimiento,Capellades
Gregory Brenes,Ocupación,ciclista
Gregory Brenes,Ciudadanía,Costa Rica
Gregory Brenes,Fecha de nacimiento,1988-04-21
Guillermo Loría Garita,Ocupación,sacerdote católico
Guillermo Loría Garita,Ciudadanía,Costa Rica
Guillermo Loría Garita,Cargo,obispo diocesano
Guillermo Loría Garita,Fecha de nacimiento,1937-11-19
Guillermo Loría Garita,Ocupación,obispo católico
Heiner Oviedo,Lugar de nacimiento,San José
Heiner Oviedo,Ocupación,taekwondista
Heiner Oviedo,Ciudadanía,Costa Rica
Heiner Oviedo,Fecha de nacimiento,1988-12-28
Salvador Lara Zamora,Lugar de nacimiento,Rivas
Salvador Lara Zamora,Ocupación,político
Salvador Lara Zamora,Ciudadanía,Costa Rica
Salvador Lara Zamora,Fecha de nacimiento,1837-12-15
Salvador Lara Zamora,Fecha de defunción,1912-01-07
Henry Raabe,Lugar de nacimiento,Cartago
Henry Raabe,Ocupación,ciclista
Henry Raabe,Ciudadanía,Costa Rica
Henry Raabe,Fecha de nacimiento,1983-03-14
Hernán Cabalceta,Lugar de nacimiento,San José
Hernán Cabalceta,Ocupación,futbolista
Hernán Cabalceta,Ciudadanía,Costa Rica
Hernán Cabalceta,Fecha de nacimiento,1921-01-01
Hernán Agustín Carazo Bermúdez,Lugar de nacimiento,San José
Hernán Agustín Carazo Bermúdez,Ocupación,biatleta
Hernán Agustín Carazo Bermúdez,Ciudadanía,Costa Rica
Hernán Agustín Carazo Bermúdez,Fecha de nacimiento,2000-01-01
Andy Furtado,Lugar de nacimiento,Limón
Andy Furtado,Ocupación,entrenador
Andy Furtado,Ciudadanía,Costa Rica
Andy Furtado,Fecha de nacimiento,1980-01-03
Andy Furtado,Ocupación,futbolista
Andy Furtado,Fecha de nacimiento,1980-10-30
Humberto Brenes,Lugar de nacimiento,Costa Rica
Humberto Brenes,Ocupación,jugador de póquer
Humberto Brenes,Ciudadanía,Costa Rica
Humberto Brenes,Educado en,Universidad de Costa Rica
Humberto Brenes,Fecha de nacimiento,1951-05-08
Geovanny Jara,Lugar de nacimiento,Puntarenas
Geovanny Jara,Ocupación,entrenador
Geovanny Jara,Ciudadanía,Costa Rica
Geovanny Jara,Fecha de nacimiento,1967-07-20
Geovanny Jara,Ocupación,futbolista
Geovanny Jara,Fecha de nacimiento,1969-07-20
actor,instancia de,profesión
actor,instancia de,ocupación
actor,instancia de,grupo de ocupaciones de la CIUO
actor,subclase de,artista escénico
Berlín,jefe de gobierno,Kai Peter Wegner
Berlín,país,Alemania
Berlín,continente,Europa
Berlín,instancia de,ciudad-Estado
Berlín,instancia de,metrópoli
Alemania,miembro de,Organización para la Cooperación y el Desarrollo Económico
Alemania,miembro de,Organismo Internacional de Energía Atómica
Alemania,miembro de,Agencia Espacial Europea
Alemania,miembro de,Programa de exención de visa
Alemania,miembro de,Organización Internacional del Trabajo
Universidad Complutense de Madrid,país,España
Universidad Complutense de Madrid,instancia de,universidad pública
Universidad Complutense de Madrid,situado en la entidad territorial administrativa,Madrid
Universidad Complutense de Madrid,ubicación de la sede,Rectorado de la UCM
Universidad Complutense de Madrid,filial,Centro Universitario Villanueva
Palmichal,país,Costa Rica
Palmichal,instancia de,distrito de Costa Rica
Palmichal,situado en la entidad territorial administrativa,Cantón de Acosta
Palmichal,se encuentra en el huso horario,UTC−6
Capellades,país,Costa Rica
Capellades,instancia de,asentamiento
Capellades,instancia de,distrito de Costa Rica
Capellades,situado en la entidad territorial administrativa,Provincia de Cartago
Capellades,situado en la entidad territorial administrativa,Cantón de Alvarado
ciclista,instancia de,profesión
ciclista,instancia de,deportista
ciclista,subclase de,ciclista
ciclista,ámbito de la ocupación,ciclismo de competición
obispo católico,instancia de,función episcopal
obispo católico,instancia de,vocación católica
obispo católico,religión,Iglesia católica
obispo católico,subclase de,obispo
obispo católico,subclase de,sacerdote
taekwondista,instancia de,profesión
taekwondista,instancia de,ocupación
taekwondista,subclase de,deportista
taekwondista,ámbito de la ocupación,taekwondo
taekwondista,ámbito de la ocupación,taekwondo adaptado
Rivas,país,Nicaragua
Rivas,instancia de,ciudad
Rivas,instancia de,municipio de Nicaragua
Rivas,situado en la entidad territorial administrativa,Departamento de Rivas
Rivas,ciudad hermana,Offenbach del Meno
biatleta,instancia de,profesión
biatleta,subclase de,esquiador de fondo
biatleta,subclase de,tirador
biatleta,ámbito de la ocupación,biatlón
Ascensión Esquivel Ibarra,Lugar de nacimiento,Rivas
Ascensión Esquivel Ibarra,Ocupación,juez
Ascensión Esquivel Ibarra,Ciudadanía,Costa Rica
Ascensión Esquivel Ibarra,Miembro de,francmasonería
Ascensión Esquivel Ibarra,Cargo,Presidente de Costa Rica
Ascensión Esquivel Ibarra,Fecha de nacimiento,1844-05-10
Ascensión Esquivel Ibarra,Fecha de defunción,1923-04-15
Ascensión Esquivel Ibarra,Ocupación,abogado
Ascensión Esquivel Ibarra,Ocupación,político
Wardy Alfaro,Lugar de nacimiento,Alajuela
Wardy Alfaro,Ocupación,futbolista
Wardy Alfaro,Ciudadanía,Costa Rica
Wardy Alfaro,Fecha de nacimiento,1977-12-31
Juan Galindo,Lugar de nacimiento,Dublín
Juan Galindo,Ocupación,oficial militar
Juan Galindo,Ciudadanía,Costa Rica
Juan Galindo,Miembro de,American Antiquarian Society
Juan Galindo,Fecha de nacimiento,1802-01-01
Juan Galindo,Fecha de defunción,1839-01-01
Juan Galindo,Ocupación,arqueólogo
Juan Galindo,Ocupación,antropólogo
Juan Galindo,Ocupación,explorador
Michael Umaña,Lugar de nacimiento,Santa Ana
Michael Umaña,Ocupación,futbolista
Michael Umaña,Ciudadanía,Costa Rica
Michael Umaña,Fecha de nacimiento,1982-07-16
Mauricio Solís,Lugar de nacimiento,Heredia
Mauricio Solís,Ocupación,entrenador
Mauricio Solís,Ciudadanía,Costa Rica
Mauricio Solís,Fecha de nacimiento,1972-12-13
Mauricio Solís,Ocupación,futbolista
Danny Fonseca,Lugar de nacimiento,Cartago
Danny Fonseca,Ocupación,entrenador
Danny Fonseca,Ciudadanía,Costa Rica
Danny Fonseca,Fecha de nacimiento,1979-11-07
Danny Fonseca,Ocupación,futbolista
Cleto González Víquez,Lugar de nacimiento,Heredia
Cleto González Víquez,Ocupación,abogado
Cleto González Víquez,Ciudadanía,Costa Rica
Cleto González Víquez,Cargo,Presidente de Costa Rica
Cleto González Víquez,Fecha de nacimiento,1858-10-13
Cleto González Víquez,Fecha de defunción,1937-09-23
Cleto González Víquez,Ocupación,político
Rodrigo Badilla,Lugar de nacimiento,San José
Rodrigo Badilla,Ocupación,árbitro de fútbol
Rodrigo Badilla,Ciudadanía,Costa Rica
Rodrigo Badilla,Fecha de nacimiento,1957-06-22
Próspero Fernández Oreamuno,Lugar de nacimiento,San José
Próspero Fernández Oreamuno,Ocupación,político
Próspero Fernández Oreamuno,Ciudadanía,Costa Rica
Próspero Fernández Oreamuno,Educado en,Universidad de San Carlos de Guatemala
Próspero Fernández Oreamuno,Miembro de,francmasonería
Próspero Fernández Oreamuno,Cargo,Presidente de Costa Rica
Próspero Fernández Oreamuno,Fecha de nacimiento,1834-07-18
Próspero Fernández Oreamuno,Fecha de defunción,1885-03-12
Saturnino Lizano Gutiérrez,Lugar de nacimiento,Provincia de Puntarenas
Saturnino Lizano Gutiérrez,Ocupación,político
Saturnino Lizano Gutiérrez,Ciudadanía,Costa Rica
Saturnino Lizano Gutiérrez,Cargo,Presidente de Costa Rica
Saturnino Lizano Gutiérrez,Fecha de nacimiento,1826-11-29
Saturnino Lizano Gutiérrez,Fecha de defunción,1905-04-19
Shirley Cruz Traña,Lugar de nacimiento,San José
Shirley Cruz Traña,Ocupación,futbolista
Shirley Cruz Traña,Ciudadanía,Costa Rica
Shirley Cruz Traña,Fecha de nacimiento,1985-08-28
Willy Eras,Lugar de nacimiento,San José
Willy Eras,Ocupación,entrenador
Willy Eras,Ciudadanía,Costa Rica
Willy Eras,Fecha de nacimiento,1980-09-10
Willy Eras,Ocupación,futbolista
Berny Ulloa Morera,Lugar de nacimiento,San José
Berny Ulloa Morera,Ocupación,entrenador
Berny Ulloa Morera,Ciudadanía,Costa Rica
Berny Ulloa Morera,Fecha de nacimiento,1950-08-05
Berny Ulloa Morera,Ocupación,árbitro de fútbol
Berny Ulloa Morera,Ocupación,futbolista
Hernán Medford,Lugar de nacimiento,San José
Hernán Medford,Ocupación,entrenador
Hernán Medford,Ciudadanía,Costa Rica
Hernán Medford,Fecha de nacimiento,1968-05-23
Hernán Medford,Ocupación,futbolista
Bernal Flores,Lugar de nacimiento,San José
Bernal Flores,Ocupación,compositor
Bernal Flores,Ciudadanía,Costa Rica
Bernal Flores,Fecha de nacimiento,1937-07-28
Bernd H. Niehaus Quesada,Lugar de nacimiento,San José
Bernd H. Niehaus Quesada,Ocupación,político
Bernd H. Niehaus Quesada,Ciudadanía,Costa Rica
Bernd H. Niehaus Quesada,Miembro de,Corps Irminsul
Bernd H. Niehaus Quesada,Cargo,embajador
Bernd H. Niehaus Quesada,Premio recibido,Gran Cruz de la Orden de Isabel la Católica
Bernd H. Niehaus Quesada,Fecha de nacimiento,1941-04-11
Bernd H. Niehaus Quesada,Ocupación,diplomático
Luis Alberto Monge Álvarez,Lugar de nacimiento,Cantón de Palmares
Luis Alberto Monge Álvarez,Ocupación,político
Luis Alberto Monge Álvarez,Ciudadanía,Costa Rica
Luis Alberto Monge Álvarez,Educado en,Universidad de Costa Rica
Luis Alberto Monge Álvarez,Cargo,embajador
Luis Alberto Monge Álvarez,Premio recibido,Caballero de Gran Cruz con collar de la Orden al Mérito de la República Italiana
Luis Alberto Monge Álvarez,Fecha de nacimiento,1925-12-29
Luis Alberto Monge Álvarez,Fecha de defunción,2016-11-29
Luis Alberto Monge Álvarez,Ocupación,diplomático
Luis Alberto Monge Álvarez,Premio recibido,Collar de la Orden de Isabel la Católica
Luis Alberto Monge Álvarez,Cargo,Presidente de Costa Rica
Francisco Aguilar Barquero,Lugar de nacimiento,Cartago
Francisco Aguilar Barquero,Ocupación,abogado
Francisco Aguilar Barquero,Ciudadanía,Costa Rica
Francisco Aguilar Barquero,Cargo,Presidente de Costa Rica
Francisco Aguilar Barquero,Fecha de nacimiento,1857-05-21
Francisco Aguilar Barquero,Fecha de defunción,1924-10-11
Francisco Aguilar Barquero,Ocupación,político
José Joaquín Rodríguez Zeledón,Lugar de nacimiento,San José
José Joaquín Rodríguez Zeledón,Ocupación,juez
José Joaquín Rodríguez Zeledón,Ciudadanía,Costa Rica
José Joaquín Rodríguez Zeledón,Educado en,Universidad de San Carlos de Guatemala
José Joaquín Rodríguez Zeledón,Cargo,Presidente de Costa Rica
José Joaquín Rodríguez Zeledón,Fecha de nacimiento,1837-01-06
José Joaquín Rodríguez Zeledón,Fecha de defunción,1917-11-30
José Joaquín Rodríguez Zeledón,Ocupación,abogado
José Joaquín Rodríguez Zeledón,Ocupación,político
Juan Bautista Quirós Segura,Lugar de nacimiento,Cantón de Tibás
Juan Bautista Quirós Segura,Ocupación,político
Juan Bautista Quirós Segura,Ciudadanía,Costa Rica
Juan Bautista Quirós Segura,Cargo,Presidente de Costa Rica
Juan Bautista Quirós Segura,Fecha de nacimiento,1853-01-18
Juan Bautista Quirós Segura,Fecha de defunción,1934-11-07
francmasonería,instancia de,grupo social
francmasonería,instancia de,hermandad
francmasonería,nombrado en referencia a,libertad
francmasonería,nombrado en referencia a,mampostería
Presidente de Costa Rica,país,Costa Rica
Presidente de Costa Rica,instancia de,cargo público
Presidente de Costa Rica,subclase de,presidente de la Republica
Presidente de Costa Rica,subclase de,jefe del Gobierno
Presidente de Costa Rica,forma parte de,Consejo de Gobierno de Costa Rica
Dublín,jefe de gobierno,Paul McAuliffe
Dublín,país,Irlanda
Dublín,continente,Europa
Dublín,instancia de,gran ciudad
Dublín,instancia de,asentamiento portuario
oficial militar,instancia de,rango militar
oficial militar,instancia de,profesión militar
oficial militar,subclase de,militar
oficial militar,subclase de,oficial
oficial militar,opuesto a,personal militar alistado
Santa Ana,país,Costa Rica
Santa Ana,instancia de,ciudad
Santa Ana,instancia de,distrito de Costa Rica
Santa Ana,situado en la entidad territorial administrativa,Cantón de Santa Ana
Santa Ana,se encuentra en el huso horario,UTC−6
árbitro de fútbol,instancia de,profesión
árbitro de fútbol,subclase de,árbitro
árbitro de fútbol,subclase de,oficial del partido
Provincia de Puntarenas,país,Costa Rica
Provincia de Puntarenas,instancia de,provincia de Costa Rica
Provincia de Puntarenas,capital,Puntarenas
Provincia de Puntarenas,comparte fronteras con,Provincia de Alajuela
Provincia de Puntarenas,comparte fronteras con,Provincia de Limón
San José,país,Estados Unidos
San José,instancia de,sede de condado
San José,instancia de,ciudad chárter
compositor,instancia de,ocupación
compositor,instancia de,profesión musical
compositor,subclase de,autor
compositor,subclase de,músico
compositor,santo patrón,Cecilia de Roma
embajador,instancia de,rango diplomático
embajador,instancia de,título de autoridad
embajador,instancia de,cargo
embajador,texto regulador principal,Convención de Viena sobre Relaciones Diplomáticas
embajador,subclase de,jefe de misión
Cantón de Palmares,país,Costa Rica
Cantón de Palmares,instancia de,cantón de Costa Rica
Cantón de Palmares,capital,Palmares
Cantón de Palmares,comparte fronteras con,Cantón de San Ramón
Cantón de Palmares,comparte fronteras con,Cantón de Atenas
Cantón de Tibás,país,Costa Rica
Cantón de Tibás,instancia de,cantón de Costa Rica
Cantón de Tibás,capital,San Juan
Cantón de Tibás,comparte fronteras con,Cantón de Goicoechea
Cantón de Tibás,situado en la entidad territorial administrativa,Provincia de San José
Félix Montoya,Lugar de nacimiento,Cantón de Bagaces
Félix Montoya,Ocupación,entrenador
Félix Montoya,Ciudadanía,Costa Rica
Félix Montoya,Fecha de nacimiento,1980-03-28
Félix Montoya,Ocupación,futbolista
José Castulo Zeledón,Lugar de nacimiento,Provincia de San José
José Castulo Zeledón,Ocupación,ornitólogo
José Castulo Zeledón,Ciudadanía,Costa Rica
José Castulo Zeledón,Fecha de nacimiento,1846-03-24
José Castulo Zeledón,Fecha de defunción,1923-07-16
Giancarlo González,Lugar de nacimiento,Desamparados
Giancarlo González,Ocupación,futbolista
Giancarlo González,Ciudadanía,Costa Rica
Giancarlo González,Fecha de nacimiento,1988-02-08
Greivin Porras,Ocupación,árbitro de fútbol
Greivin Porras,Ciudadanía,Costa Rica
Greivin Porras,Fecha de nacimiento,1963-07-18
Hernán Bolaños,Lugar de nacimiento,Granada
Hernán Bolaños,Ocupación,diplomático
Hernán Bolaños,Ciudadanía,Costa Rica
Hernán Bolaños,Fecha de nacimiento,1912-03-20
Hernán Bolaños,Fecha de defunción,1992-05-09
Hernán Bolaños,Ocupación,entrenador
Hernán Bolaños,Ocupación,futbolista
Hernán Bolaños,Fecha de defunción,1992-05-10
Jeffrey Solis,Ocupación,árbitro de fútbol
Jeffrey Solis,Ciudadanía,Costa Rica
Jeffrey Solis,Fecha de nacimiento,1974-05-23
Joaquín García Monge,Lugar de nacimiento,Cantón de Desamparados
Joaquín García Monge,Ocupación,escritor
Joaquín García Monge,Ciudadanía,Costa Rica
Joaquín García Monge,Educado en,Universidad de Chile
Joaquín García Monge,Fecha de nacimiento,1881-01-20
Joaquín García Monge,Fecha de defunción,1958-10-31
Joaquín García Monge,Ocupación,político
Jorge Debravo,Lugar de nacimiento,Turrialba
Jorge Debravo,Ocupación,escritor
Jorge Debravo,Ciudadanía,Costa Rica
Jorge Debravo,Fecha de nacimiento,1938-01-31
Jorge Debravo,Fecha de defunción,1967-08-04
Jorge Debravo,Ocupación,poeta
José Merino del Río,Lugar de nacimiento,Burgos
José Merino del Río,Ocupación,político
José Merino del Río,Ciudadanía,Costa Rica
José Merino del Río,Fecha de nacimiento,1949-09-12
José Merino del Río,Fecha de defunción,2012-10-08
José Merino del Río,Ocupación,autor
José Merino del Río,Ocupación,politólogo
José Merino del Río,Ocupación,periodista
José Merino del Río,Ocupación,sociólogo
Clodomiro Picado Twight,Lugar de nacimiento,San Marcos
Clodomiro Picado Twight,Ocupación,biólogo
Clodomiro Picado Twight,Ciudadanía,Costa Rica
Clodomiro Picado Twight,Educado en,Sorbonne Universidad de París
Clodomiro Picado Twight,Fecha de nacimiento,1887-04-17
Clodomiro Picado Twight,Fecha de defunción,1944-05-16
Kurt Morsink,Lugar de nacimiento,Orlando
Kurt Morsink,Ocupación,futbolista
Kurt Morsink,Ciudadanía,Estados Unidos
Kurt Morsink,Educado en,Universidad James Madison
Kurt Morsink,Fecha de nacimiento,1984-06-27
Kurt Morsink,Ciudadanía,Costa Rica
Martín Valverde,Lugar de nacimiento,San José
Martín Valverde,Ocupación,compositor
Martín Valverde,Ciudadanía,Costa Rica
Martín Valverde,Fecha de nacimiento,1963-01-19
Martín Valverde,Ocupación,cantante
Max Sánchez,Lugar de nacimiento,Provincia de San José
Max Sánchez,Ocupación,entrenador
Max Sánchez,Ciudadanía,Costa Rica
Max Sánchez,Fecha de nacimiento,1973-01-02
Max Sánchez,Ocupación,futbolista
Johnny Araya Monge,Lugar de nacimiento,Cantón de Palmares
Johnny Araya Monge,Ocupación,político
Johnny Araya Monge,Ciudadanía,Costa Rica
Johnny Araya Monge,Educado en,Universidad de Costa Rica
Johnny Araya Monge,Cargo,Alcalde de San José
Johnny Araya Monge,Fecha de nacimiento,1957-04-29
Johnny Araya Monge,Cargo,2010-2013 UCLG Co-President
Paolo Montoya,Lugar de nacimiento,San José
Paolo Montoya,Ocupación,ciclista
Paolo Montoya,Ciudadanía,Costa Rica
Paolo Montoya,Fecha de nacimiento,1985-06-15
Debi Nova,Lugar de nacimiento,San José
Debi Nova,Ocupación,cantante
Debi Nova,Ciudadanía,Costa Rica
Debi Nova,Educado en,Los Angeles College of Music
Debi Nova,Fecha de nacimiento,1980-08-06
Joaquín Mora Fernández,Lugar de nacimiento,San José
Joaquín Mora Fernández,Ocupación,juez
Joaquín Mora Fernández,Ciudadanía,Costa Rica
Joaquín Mora Fernández,Fecha de nacimiento,1786-01-16
Joaquín Mora Fernández,Fecha de defunción,1862-10-26
Joaquín Mora Fernández,Ocupación,político
Joaquín Gutiérrez Mangel,Lugar de nacimiento,Provincia de Limón
Joaquín Gutiérrez Mangel,Ocupación,escritor
Joaquín Gutiérrez Mangel,Ciudadanía,Costa Rica
Joaquín Gutiérrez Mangel,Empleador,Universidad de Costa Rica
Joaquín Gutiérrez Mangel,Fecha de nacimiento,1918-03-30
Joaquín Gutiérrez Mangel,Fecha de defunción,2000-10-16
Joaquín Gutiérrez Mangel,Ocupación,poeta
Joaquín Gutiérrez Mangel,Ocupación,político
Joaquín Gutiérrez Mangel,Ocupación,periodista
Joaquín Gutiérrez Mangel,Ocupación,ajedrecista
Adrián De Lemos,Lugar de nacimiento,San José
Adrián De Lemos,Ocupación,entrenador
Adrián De Lemos,Ciudadanía,Costa Rica
Adrián De Lemos,Fecha de nacimiento,1982-10-13
Adrián De Lemos,Ocupación,futbolista
Alejandro González Rojas,Lugar de nacimiento,Atenas
Alejandro González Rojas,Ocupación,entrenador
Alejandro González Rojas,Ciudadanía,Costa Rica
Alejandro González Rojas,Fecha de nacimiento,1955-03-03
Alejandro González Rojas,Ocupación,futbolista
Cantón de Bagaces,país,Costa Rica
Cantón de Bagaces,instancia de,cantón de Costa Rica
Cantón de Bagaces,capital,Bagaces
Cantón de Bagaces,comparte fronteras con,Cantón de Liberia
Cantón de Bagaces,comparte fronteras con,Cantón de Upala
Provincia de San José,país,Costa Rica
Provincia de San José,instancia de,circunscripción electoral
Provincia de San José,instancia de,provincia de Costa Rica
Provincia de San José,capital,San José
Provincia de San José,comparte fronteras con,Provincia de Puntarenas
ornitólogo,instancia de,profesión
ornitólogo,instancia de,ocupación
ornitólogo,subclase de,zoólogo de vertebrados
ornitólogo,ámbito de la ocupación,ornitología
ornitólogo,categoría principal del tema,Categoría:Ornitólogos
Desamparados,país,Costa Rica
Desamparados,instancia de,ciudad
Desamparados,instancia de,distrito de Costa Rica
Desamparados,situado en la entidad territorial administrativa,Cantón de Desamparados
Desamparados,se encuentra en el huso horario,UTC−6
Granada,país,Nicaragua
Granada,instancia de,municipio de Nicaragua
Granada,instancia de,gran ciudad
Granada,situado en la entidad territorial administrativa,Departamento de Granada
Granada,ciudad hermana,Fráncfort del Meno
diplomático,instancia de,profesión
diplomático,instancia de,título corporativo
diplomático,subclase de,estadista
diplomático,subclase de,alto cargo
Cantón de Desamparados,cargo ocupado por el jefe de gobierno,Alcalde de Desamparados
Cantón de Desamparados,país,Costa Rica
Cantón de Desamparados,instancia de,cantón de Costa Rica
Cantón de Desamparados,capital,Desamparados
Cantón de Desamparados,comparte fronteras con,Cantón de León Cortés Castro
Universidad de Chile,categoría para las personas que estudiaron en esta institución,Categoría:Alumnado de la Universidad de Chile
Universidad de Chile,categoría para empleados de la organización,Categoría:Profesores de la Universidad de Chile
Universidad de Chile,confiere,magíster en ciencias con mención en computación
Universidad de Chile,país,Chile
Burgos,jefe de gobierno,Juan Carlos Aparicio
Burgos,jefe de gobierno,Ángel Olivares
Burgos,jefe de gobierno,Javier Lacalle
Burgos,jefe de gobierno,José Muñoz Ávila
Burgos,jefe de gobierno,Valentín Niño Aragón
San Marcos,país,Nicaragua
San Marcos,instancia de,municipio de Nicaragua
San Marcos,situado en la entidad territorial administrativa,Departamento de Carazo
San Marcos,ciudad hermana,Jena
San Marcos,se encuentra en el huso horario,UTC−6
biólogo,instancia de,profesión
biólogo,subclase de,científico
biólogo,ámbito de la ocupación,biología
biólogo,categoría principal del tema,Categoría:Biólogos
biólogo,parcialmente coincidente con,naturalista
Orlando,jefe de gobierno,Buddy Dyer
Orlando,país,Estados Unidos
Orlando,instancia de,ciudad de Estados Unidos
Orlando,instancia de,gran ciudad
Orlando,comparte fronteras con,Winter Park
Universidad James Madison,país,Estados Unidos
Universidad James Madison,instancia de,universidad pública
Universidad James Madison,instancia de,institución educativa pública de los Estados Unidos
Universidad James Madison,situado en la entidad territorial administrativa,Harrisonburg
Universidad James Madison,nombrado en referencia a,James Madison
cantante,instancia de,grupo de ocupaciones de la CIUO
cantante,instancia de,ocupación en la música
cantante,subclase de,músico
cantante,ámbito de la ocupación,canto
Alcalde de San José,país,España
Alcalde de San José,instancia de,cargo público
Alcalde de San José,subclase de,alcalde
Alcalde de San José,forma parte de,Ayuntamiento de San José
Alcalde de San José,aplica a la jurisdicción,San José
Los Angeles College of Music,país,Estados Unidos
Los Angeles College of Music,instancia de,conservatorio de música
Los Angeles College of Music,instancia de,academia de música
Los Angeles College of Music,situado en la entidad territorial administrativa,Pasadena
Provincia de Limón,país,Costa Rica
Provincia de Limón,instancia de,provincia de Costa Rica
Provincia de Limón,capital,Limón
Provincia de Limón,comparte fronteras con,Provincia de Bocas del Toro
Provincia de Limón,comparte fronteras con,Provincia de Puntarenas
Atenas,país,Costa Rica
Atenas,instancia de,distrito de Costa Rica
Atenas,situado en la entidad territorial administrativa,Cantón de Atenas
Atenas,se encuentra en el huso horario,UTC−6
Atenas,situado en la entidad geográfica,Valle Central
Alexander Castro,Lugar de nacimiento,Golfito
Alexander Castro,Ocupación,entrenador
Alexander Castro,Ciudadanía,Costa Rica
Alexander Castro,Fecha de nacimiento,1979-02-14
Alexander Castro,Ocupación,futbolista
Allen Guevara,Lugar de nacimiento,Liberia
Allen Guevara,Ocupación,entrenador
Allen Guevara,Ciudadanía,Costa Rica
Allen Guevara,Fecha de nacimiento,1989-04-16
Allen Guevara,Ocupación,futbolista
Andrés Núñez,Lugar de nacimiento,San José
Andrés Núñez,Ocupación,entrenador
Andrés Núñez,Ciudadanía,Costa Rica
Andrés Núñez,Fecha de nacimiento,1976-07-27
Andrés Núñez,Ocupación,futbolista
Ariel Soto,Lugar de nacimiento,Provincia de San José
Ariel Soto,Ocupación,futbolista
Ariel Soto,Ciudadanía,Costa Rica
Ariel Soto,Fecha de nacimiento,1992-05-14
Bismark Acosta,Lugar de nacimiento,Limón
Bismark Acosta,Ocupación,entrenador
Bismark Acosta,Ciudadanía,Costa Rica
Bismark Acosta,Fecha de nacimiento,1986-12-19
Bismark Acosta,Ocupación,futbolista
Bryan Vega,Lugar de nacimiento,Uruca
Bryan Vega,Ocupación,futbolista
Bryan Vega,Ciudadanía,Costa Rica
Bryan Vega,Fecha de nacimiento,1991-05-27
Carin McDonald,Lugar de nacimiento,Limón
Carin McDonald,Ocupación,actor
Carin McDonald,Ciudadanía,Costa Rica
Carin McDonald,Fecha de nacimiento,1958-01-01
Carin McDonald,Ocupación,actor de cine
Cecilia Gayle,Lugar de nacimiento,Costa Rica
Cecilia Gayle,Ocupación,cantante
Cecilia Gayle,Ciudadanía,Costa Rica
Cecilia Gayle,Fecha de nacimiento,1963-01-01
Cristian Badilla,Lugar de nacimiento,San José
Cristian Badilla,Ocupación,futbolista
Cristian Badilla,Ciudadanía,Costa Rica
Cristian Badilla,Fecha de nacimiento,1978-07-11
Christian Montero,Lugar de nacimiento,Alajuela
Christian Montero,Ocupación,entrenador
Christian Montero,Ciudadanía,Costa Rica
Christian Montero,Fecha de nacimiento,1982-06-24
Christian Montero,Ocupación,futbolista
Cristian Oviedo,Lugar de nacimiento,Alajuela
Cristian Oviedo,Ocupación,entrenador
Cristian Oviedo,Ciudadanía,Costa Rica
Cristian Oviedo,Fecha de nacimiento,1978-08-25
Cristian Oviedo,Ocupación,futbolista
César Elizondo,Lugar de nacimiento,San José
César Elizondo,Ocupación,futbolista
César Elizondo,Ciudadanía,Costa Rica
César Elizondo,Fecha de nacimiento,1988-02-10
Daniel Knowlen,Ciudadanía,Costa Rica
Daniel Knowlen,Fecha de nacimiento,1963-01-25
Danny Carvajal,Lugar de nacimiento,San Ramón
Danny Carvajal,Ocupación,futbolista
Danny Carvajal,Ciudadanía,Costa Rica
Danny Carvajal,Fecha de nacimiento,1989-01-08
Dexter Lewis,Lugar de nacimiento,Cahuita
Dexter Lewis,Ocupación,entrenador
Dexter Lewis,Ciudadanía,Costa Rica
Dexter Lewis,Fecha de nacimiento,1981-02-02
Dexter Lewis,Ocupación,futbolista
Diego Calvo,Lugar de nacimiento,Provincia de Alajuela
Diego Calvo,Ocupación,futbolista
Diego Calvo,Ciudadanía,Costa Rica
Diego Calvo,Fecha de nacimiento,1991-03-15
Diego Calvo,Fecha de nacimiento,1991-03-25
Diego Solis,Ocupación,jugador de fútbol sala
Diego Solis,Ciudadanía,Costa Rica
Diego Solis,Fecha de nacimiento,1962-05-15
Diego Solis,Ocupación,entrenador de fútbol sala
Eduardo Valverde,Lugar de nacimiento,Turrialba
Eduardo Valverde,Ocupación,futbolista
Eduardo Valverde,Ciudadanía,Costa Rica
Eduardo Valverde,Fecha de nacimiento,1982-04-10
Esteban Sirias,Lugar de nacimiento,Provincia de Alajuela
Esteban Sirias,Ocupación,entrenador
Esteban Sirias,Ciudadanía,Costa Rica
Esteban Sirias,Fecha de nacimiento,1980-10-03
Esteban Sirias,Ocupación,futbolista
Golfito,país,Costa Rica
Golfito,instancia de,distrito de Costa Rica
Golfito,situado en la entidad territorial administrativa,Cantón de Golfito
Golfito,se encuentra en el huso horario,UTC−6
Golfito,capital de,Cantón de Golfito
Liberia,país,Costa Rica
Liberia,instancia de,distrito de Costa Rica
Liberia,comparte fronteras con,Filadelfia
Liberia,comparte fronteras con,Curubandé
Liberia,comparte fronteras con,Bagaces
Uruca,país,Costa Rica
Uruca,instancia de,distrito de Costa Rica
Uruca,situado en la entidad territorial administrativa,Cantón de San José
Uruca,se encuentra en el huso horario,UTC−6
Uruca,diferente de,Uruca
San Ramón,país,Costa Rica
San Ramón,instancia de,distrito de Costa Rica
San Ramón,situado en la entidad territorial administrativa,Cantón de San Ramón
San Ramón,se encuentra en el huso horario,UTC−6
San Ramón,capital de,Cantón de San Ramón
Cahuita,país,Costa Rica
Cahuita,instancia de,distrito de Costa Rica
Cahuita,situado en la entidad territorial administrativa,Cantón de Talamanca
Cahuita,se encuentra en el huso horario,UTC−6
Provincia de Alajuela,país,Costa Rica
Provincia de Alajuela,instancia de,provincia de Costa Rica
Provincia de Alajuela,capital,Alajuela
Provincia de Alajuela,comparte fronteras con,Provincia de Puntarenas
Provincia de Alajuela,comparte fronteras con,Provincia de Heredia
jugador de fútbol sala,instancia de,ocupación
jugador de fútbol sala,subclase de,jugador competitivo
jugador de fútbol sala,ámbito de la ocupación,fútbol sala
jugador de fútbol sala,ámbito de la ocupación,fútbol sala masculino
jugador de fútbol sala,deporte,fútbol sala
entrenador de fútbol sala,instancia de,profesión
entrenador de fútbol sala,subclase de,entrenador
entrenador de fútbol sala,ámbito de la ocupación,fútbol sala
entrenador de fútbol sala,deporte,fútbol sala
entrenador de fútbol sala,categoría principal del tema,Categoría:Entrenadores de fútbol sala
Pacífica Fernández Oreamuno,Lugar de nacimiento,San José
Pacífica Fernández Oreamuno,Ocupación,político
Pacífica Fernández Oreamuno,Ciudadanía,Costa Rica
Pacífica Fernández Oreamuno,Cargo,primera dama o primer caballero de Costa Rica
Pacífica Fernández Oreamuno,Fecha de nacimiento,1828-08-23
Pacífica Fernández Oreamuno,Fecha de defunción,1885-03-31
Pacífica Fernández Oreamuno,Ocupación,enfermero
Francisco Alpizar,Ocupación,jugador de fútbol sala
Francisco Alpizar,Ciudadanía,Costa Rica
Francisco Alpizar,Fecha de nacimiento,1959-01-12
Gerald Drummond,Lugar de nacimiento,Limón
Gerald Drummond,Ocupación,entrenador
Gerald Drummond,Ciudadanía,Costa Rica
Gerald Drummond,Fecha de nacimiento,1976-08-09
Gerald Drummond,Lugar de nacimiento,Provincia de Limón
Gerald Drummond,Ocupación,futbolista
Gerald Drummond,Fecha de nacimiento,1976-09-08
Gidget Sandoval,Ocupación,modelo
Gidget Sandoval,Ciudadanía,Costa Rica
Gidget Sandoval,Fecha de nacimiento,1966-01-01
Gidget Sandoval,Ocupación,participante en concursos de belleza
Gilbert Alpizar,Ocupación,jugador de fútbol sala
Gilbert Alpizar,Ciudadanía,Costa Rica
Gilbert Alpizar,Fecha de nacimiento,1971-01-07
Géiner Segura,Lugar de nacimiento,Cantón de Golfito
Géiner Segura,Ocupación,entrenador
Géiner Segura,Ciudadanía,Costa Rica
Géiner Segura,Fecha de nacimiento,1974-10-14
Géiner Segura,Ocupación,futbolista
Hansell Arauz,Lugar de nacimiento,Puntarenas
Hansell Arauz,Ocupación,futbolista
Hansell Arauz,Ciudadanía,Costa Rica
Hansell Arauz,Fecha de nacimiento,1989-08-09
Héctor Marchena,Lugar de nacimiento,Puntarenas
Héctor Marchena,Ocupación,entrenador
Héctor Marchena,Ciudadanía,Costa Rica
Héctor Marchena,Fecha de nacimiento,1965-01-04
Héctor Marchena,Ocupación,futbolista
Jairo Arrieta,Lugar de nacimiento,Nicoya
Jairo Arrieta,Ocupación,futbolista
Jairo Arrieta,Ciudadanía,Costa Rica
Jairo Arrieta,Fecha de nacimiento,1983-08-25
Jean Carlos Solórzano,Lugar de nacimiento,Nicoya
Jean Carlos Solórzano,Ocupación,futbolista
Jean Carlos Solórzano,Ciudadanía,Costa Rica
Jean Carlos Solórzano,Fecha de nacimiento,1988-01-08
Johnny Acosta,Lugar de nacimiento,Quesada
Johnny Acosta,Ocupación,futbolista
Johnny Acosta,Ciudadanía,Costa Rica
Johnny Acosta,Fecha de nacimiento,1983-07-21
Johanna Solano,Lugar de nacimiento,San José
Johanna Solano,Ocupación,modelo
Johanna Solano,Ciudadanía,Costa Rica
Johanna Solano,Fecha de nacimiento,1990-10-09
Johanna Solano,Ocupación,participante en concursos de belleza
Jorge Gatgens,Lugar de nacimiento,Provincia de San José
Jorge Gatgens,Ocupación,entrenador
Jorge Gatgens,Ciudadanía,Costa Rica
Jorge Gatgens,Fecha de nacimiento,1988-07-23
Jorge Gatgens,Ocupación,futbolista
Jorge Ulate,Lugar de nacimiento,Heredia
Jorge Ulate,Ocupación,entrenador
Jorge Ulate,Ciudadanía,Costa Rica
Jorge Ulate,Fecha de nacimiento,1956-04-14
Jorge Ulate,Ocupación,futbolista
Joshua Díaz,Lugar de nacimiento,San José
Joshua Díaz,Ocupación,futbolista
Joshua Díaz,Ciudadanía,Costa Rica
Joshua Díaz,Fecha de nacimiento,1991-02-14
José Carlos Chaves,Lugar de nacimiento,Atenas
José Carlos Chaves,Ocupación,entrenador
José Carlos Chaves,Ciudadanía,Costa Rica
José Carlos Chaves,Fecha de nacimiento,1958-09-03
José Carlos Chaves,Ocupación,futbolista
José Carvajal,Ocupación,jugador de fútbol sala
José Carvajal,Ciudadanía,Costa Rica
José Carvajal,Fecha de nacimiento,1968-03-31
José Garro,Lugar de nacimiento,Heredia
José Garro,Ocupación,futbolista
José Garro,Ciudadanía,Costa Rica
José Garro,Fecha de nacimiento,1986-06-07
José Jaikel,Lugar de nacimiento,Alajuela
José Jaikel,Ocupación,entrenador
José Jaikel,Ciudadanía,Costa Rica
José Jaikel,Fecha de nacimiento,1966-04-03
José Jaikel,Ocupación,futbolista
Juan Bustos Golobio,Lugar de nacimiento,Cantón de Nicoya
Juan Bustos Golobio,Ocupación,futbolista
Juan Bustos Golobio,Ciudadanía,Costa Rica
Juan Bustos Golobio,Fecha de nacimiento,1992-07-09
Cantón de Golfito,país,Costa Rica
Cantón de Golfito,instancia de,cantón de Costa Rica
Cantón de Golfito,capital,Golfito
Cantón de Golfito,comparte fronteras con,Cantón de Osa
Cantón de Golfito,comparte fronteras con,Cantón de Corredores
Nicoya,país,Costa Rica
Nicoya,instancia de,distrito de Costa Rica
Nicoya,situado en la entidad territorial administrativa,Cantón de Nicoya
Nicoya,se encuentra en el huso horario,UTC−6
Nicoya,capital de,Cantón de Nicoya
Cantón de Nicoya,país,Costa Rica
Cantón de Nicoya,instancia de,cantón de Costa Rica
Cantón de Nicoya,capital,Nicoya
Cantón de Nicoya,comparte fronteras con,Cantón de Bagaces
Cantón de Nicoya,comparte fronteras con,Cantón de Cañas
César Lizano,Lugar de nacimiento,San José
César Lizano,Ocupación,atleta
César Lizano,Ciudadanía,Costa Rica
César Lizano,Fecha de nacimiento,1982-03-07
César Lizano,Ocupación,maratonista
César Valverde Vega,Lugar de nacimiento,San José
César Valverde Vega,Ocupación,escritor
César Valverde Vega,Ciudadanía,Costa Rica
César Valverde Vega,Educado en,Universidad Complutense de Madrid
César Valverde Vega,Fecha de nacimiento,1928-03-08
César Valverde Vega,Fecha de defunción,1998-12-03
César Valverde Vega,Ocupación,abogado
César Valverde Vega,Ocupación,diplomático
César Valverde Vega,Ocupación,pintor
Daniel Cambronero,Lugar de nacimiento,San José
Daniel Cambronero,Ocupación,entrenador
Daniel Cambronero,Ciudadanía,Costa Rica
Daniel Cambronero,Fecha de nacimiento,1986-01-08
Daniel Cambronero,Ocupación,futbolista
Daniel Colindres,Lugar de nacimiento,Alajuela
Daniel Colindres,Ocupación,futbolista
Daniel Colindres,Ciudadanía,Costa Rica
Daniel Colindres,Fecha de nacimiento,1985-01-10
Daniel Jiménez,Lugar de nacimiento,Costa Rica
Daniel Jiménez,Ocupación,entrenador
Daniel Jiménez,Ciudadanía,Costa Rica
Daniel Jiménez,Fecha de nacimiento,1983-12-03
Daniel Jiménez,Ocupación,futbolista
Danilo Montero,Lugar de nacimiento,San José
Danilo Montero,Ocupación,cantante
Danilo Montero,Ciudadanía,Costa Rica
Danilo Montero,Fecha de nacimiento,1962-11-01
David Diach,Lugar de nacimiento,San José
David Diach,Ocupación,entrenador
David Diach,Ciudadanía,Costa Rica
David Diach,Fecha de nacimiento,1974-06-07
David Diach,Ocupación,futbolista
Derrick Johnson,Lugar de nacimiento,Limón
Derrick Johnson,Ocupación,entrenador
Derrick Johnson,Ciudadanía,Costa Rica
Derrick Johnson,Fecha de nacimiento,1989-07-28
Derrick Johnson,Ocupación,futbolista
Domingo González Pérez,Lugar de nacimiento,Heredia
Domingo González Pérez,Ocupación,político
Domingo González Pérez,Ciudadanía,Costa Rica
Domingo González Pérez,Fecha de nacimiento,1842-08-03
Domingo González Pérez,Fecha de defunción,1927-02-27
Edder Nelson,Lugar de nacimiento,Limón
Edder Nelson,Ocupación,entrenador
Edder Nelson,Ciudadanía,Costa Rica
Edder Nelson,Fecha de nacimiento,1986-06-26
Edder Nelson,Ocupación,futbolista
Eduardo Doryan Garrón,Lugar de nacimiento,San José
Eduardo Doryan Garrón,Ocupación,político
Eduardo Doryan Garrón,Ciudadanía,Costa Rica
Eduardo Doryan Garrón,Educado en,Universidad Harvard
Eduardo Doryan Garrón,Empleador,Universidad de Costa Rica
Eduardo Doryan Garrón,Fecha de nacimiento,1951-10-30
Eduardo Doryan Garrón,Ocupación,economista
Eduardo Doryan Garrón,Educado en,Escuela de Gobierno John F. Kennedy
Eduardo Doryan Garrón,Educado en,Universidad de Costa Rica
Eduardo Doryan Garrón,Educado en,Universidad de Strathclyde
Edwin Cubero,Lugar de nacimiento,Cantón de Belén
Edwin Cubero,Ocupación,entrenador
Edwin Cubero,Ciudadanía,Costa Rica
Edwin Cubero,Fecha de nacimiento,1924-02-11
Edwin Cubero,Fecha de defunción,2000-03-08
Edwin Cubero,Ocupación,futbolista
Eladio Rosabal Cordero,Lugar de nacimiento,Heredia
Eladio Rosabal Cordero,Ocupación,entrenador
Eladio Rosabal Cordero,Ciudadanía,Costa Rica
Eladio Rosabal Cordero,Fecha de nacimiento,1894-09-15
Eladio Rosabal Cordero,Fecha de defunción,1965-04-26
Eladio Rosabal Cordero,Ocupación,futbolista
Emilia Castro de Barish,Ocupación,diplomático
Emilia Castro de Barish,Ciudadanía,Costa Rica
Emilia Castro de Barish,Educado en,Universidad de California en Los Ángeles
Emilia Castro de Barish,Fecha de nacimiento,1916-04-27
Emilia Castro de Barish,Fecha de defunción,2014-08-17
Emilia Solórzano Alfaro,Lugar de nacimiento,Alajuela
Emilia Solórzano Alfaro,Ocupación,primera dama
Emilia Solórzano Alfaro,Ciudadanía,Costa Rica
Emilia Solórzano Alfaro,Cargo,primera dama o primer caballero de Costa Rica
Emilia Solórzano Alfaro,Fecha de nacimiento,1835-12-08
Emilia Solórzano Alfaro,Fecha de defunción,1914-07-18
Enar Bolaños,Lugar de nacimiento,San José
Enar Bolaños,Ocupación,entrenador
Enar Bolaños,Ciudadanía,Costa Rica
Enar Bolaños,Fecha de nacimiento,1983-07-18
Enar Bolaños,Ocupación,futbolista
Enrique Díaz,Lugar de nacimiento,Limón
Enrique Díaz,Ocupación,entrenador
Enrique Díaz,Ciudadanía,Costa Rica
Enrique Díaz,Fecha de nacimiento,1959-02-23
Enrique Díaz,Ocupación,futbolista
Enrique Rivers,Lugar de nacimiento,Limón
Enrique Rivers,Ocupación,entrenador
Enrique Rivers,Ciudadanía,Costa Rica
Enrique Rivers,Fecha de nacimiento,1961-01-04
Enrique Rivers,Ocupación,futbolista
Epsy Campbell Barr,Lugar de nacimiento,San José
Epsy Campbell Barr,Ocupación,político
Epsy Campbell Barr,Ciudadanía,Costa Rica
Epsy Campbell Barr,Educado en,Universidad de Costa Rica
Epsy Campbell Barr,Cargo,Cancilleres de Costa Rica
Epsy Campbell Barr,Fecha de nacimiento,1963-07-04
Epsy Campbell Barr,Ocupación,economista
Epsy Campbell Barr,Cargo,Vicepresidente de Costa Rica
Epsy Campbell Barr,Cargo,Member of the Legislative Assembly of Costa Rica
maratonista,instancia de,profesión
maratonista,subclase de,fondista
maratonista,ámbito de la ocupación,maratón
maratonista,categoría principal del tema,Categoría:Maratonistas
Cantón de Belén,país,Costa Rica
Cantón de Belén,instancia de,cantón de Costa Rica
Cantón de Belén,capital,San Antonio
Cantón de Belén,comparte fronteras con,Cantón de Heredia
Cantón de Belén,comparte fronteras con,Cantón de Flores
Universidad de California en Los Ángeles,país,Estados Unidos
Universidad de California en Los Ángeles,instancia de,universidad
Universidad de California en Los Ángeles,instancia de,organización
Universidad de California en Los Ángeles,instancia de,campus
Universidad de California en Los Ángeles,instancia de,institución educativa pública de los Estados Unidos
primera dama,instancia de,título honorífico
primera dama,instancia de,cargo
primera dama,subclase de,mujer
primera dama,subclase de,consorte
Cancilleres de Costa Rica,país,Costa Rica
Cancilleres de Costa Rica,instancia de,cargo
Cancilleres de Costa Rica,subclase de,ministro de Relaciones Exteriores
Cancilleres de Costa Rica,forma parte de,Consejo de Gobierno de Costa Rica
Cancilleres de Costa Rica,aplica a la jurisdicción,Costa Rica
La Nación,idioma de la obra o del nombre,español
La Nación,miembro de,Sociedad Interamericana de Prensa
La Nación,formato de periódico,tabloide
diplomático,ámbito de la ocupación,diplomacia
Óscar Duarte,Lugar de nacimiento,Catarina
Óscar Duarte,Ocupación,futbolista
Óscar Duarte,Ciudadanía,Costa Rica
Óscar Duarte,Fecha de nacimiento,1989-06-03
David Guzmán,Lugar de nacimiento,San José
David Guzmán,Ocupación,futbolista
David Guzmán,Ciudadanía,Costa Rica
David Guzmán,Fecha de nacimiento,1990-02-18
Paulo Vargas,Ocupación,ciclista
Paulo Vargas,Ciudadanía,Costa Rica
Paulo Vargas,Fecha de nacimiento,1979-11-08
Jorge Alejandro Castro,Lugar de nacimiento,San José
Jorge Alejandro Castro,Ocupación,entrenador
Jorge Alejandro Castro,Ciudadanía,Costa Rica
Jorge Alejandro Castro,Fecha de nacimiento,1990-09-11
Jorge Alejandro Castro,Ocupación,futbolista
Jorge Alejandro Castro,Fecha de nacimiento,2000-12-23
José Salvatierra,Lugar de nacimiento,Cantón de Escazú
José Salvatierra,Ocupación,futbolista
José Salvatierra,Ciudadanía,Costa Rica
José Salvatierra,Fecha de nacimiento,1989-10-10
Pedro Leal,Lugar de nacimiento,Puntarenas
Pedro Leal,Ocupación,entrenador
Pedro Leal,Ciudadanía,Costa Rica
Pedro Leal,Fecha de nacimiento,1989-01-31
Pedro Leal,Ocupación,futbolista
Pedro José de Alvarado y Baeza,Lugar de nacimiento,Cartago
Pedro José de Alvarado y Baeza,Ocupación,político
Pedro José de Alvarado y Baeza,Ciudadanía,Costa Rica
Pedro José de Alvarado y Baeza,Fecha de nacimiento,1767-06-25
Pedro José de Alvarado y Baeza,Fecha de defunción,1839-07-08
Pedro José de Alvarado y Baeza,Ocupación,sacerdote católico
Diego Estrada,Lugar de nacimiento,Alajuela
Diego Estrada,Ocupación,futbolista
Diego Estrada,Ciudadanía,Costa Rica
Diego Estrada,Fecha de nacimiento,1989-05-25
Olman Vargas,Lugar de nacimiento,San José
Olman Vargas,Ocupación,futbolista
Olman Vargas,Ciudadanía,Costa Rica
Olman Vargas,Fecha de nacimiento,1985-04-15
Luis Liberman Ginsburg,Lugar de nacimiento,San José
Luis Liberman Ginsburg,Ocupación,político
Luis Liberman Ginsburg,Ciudadanía,Costa Rica
Luis Liberman Ginsburg,Educado en,Universidad de Costa Rica
Luis Liberman Ginsburg,Cargo,Vicepresidente de Costa Rica
Luis Liberman Ginsburg,Fecha de nacimiento,1946-08-01
Luis Liberman Ginsburg,Ocupación,economista
William Sunsing,Lugar de nacimiento,Heredia
William Sunsing,Ocupación,entrenador
William Sunsing,Ciudadanía,Costa Rica
William Sunsing,Fecha de nacimiento,1977-05-12
William Sunsing,Ocupación,futbolista
Osman Murillo Segura,Lugar de nacimiento,San José
Osman Murillo Segura,Ocupación,yudoca
Osman Murillo Segura,Ciudadanía,Costa Rica
Osman Murillo Segura,Fecha de nacimiento,1985-09-18
Rafael Barroeta y Castilla,Lugar de nacimiento,San Miguel
Rafael Barroeta y Castilla,Ocupación,abogado
Rafael Barroeta y Castilla,Ciudadanía,El Salvador
Rafael Barroeta y Castilla,Fecha de nacimiento,1766-10-05
Rafael Barroeta y Castilla,Fecha de defunción,1826-08-13
Rafael Barroeta y Castilla,Ocupación,político
Rafael Barroeta y Castilla,Ciudadanía,Costa Rica
Rodolfo Muñoz,Ocupación,futbolista
Rodolfo Muñoz,Ciudadanía,Costa Rica
Rodolfo Muñoz,Fecha de nacimiento,2000-01-01
Celso Borges,Lugar de nacimiento,San José
Celso Borges,Ocupación,futbolista
Celso Borges,Ciudadanía,Costa Rica
Celso Borges,Fecha de nacimiento,1988-05-27
Salvador González Ramírez,Ocupación,político
Salvador González Ramírez,Ciudadanía,Costa Rica
Salvador González Ramírez,Fecha de nacimiento,1832-01-01
Salvador González Ramírez,Fecha de defunción,1882-01-01
Santiago Bonilla,Lugar de nacimiento,Heredia
Santiago Bonilla,Ocupación,futbolista
Santiago Bonilla,Ciudadanía,Costa Rica
Santiago Bonilla,Fecha de nacimiento,1910-03-01
Santiago Bonilla,Fecha de defunción,1993-01-01
Alejandro Morera Soto,Lugar de nacimiento,Alajuela
Alejandro Morera Soto,Ocupación,político
Alejandro Morera Soto,Ciudadanía,Costa Rica
Alejandro Morera Soto,Fecha de nacimiento,1909-07-14
Alejandro Morera Soto,Fecha de defunción,1995-03-26
Alejandro Morera Soto,Ocupación,entrenador
Alejandro Morera Soto,Ocupación,futbolista
Andy Herron,Lugar de nacimiento,Limón
Andy Herron,Ocupación,futbolista
Andy Herron,Ciudadanía,Costa Rica
Andy Herron,Fecha de nacimiento,1978-02-03
Andy Herron,Fecha de nacimiento,1978-03-02
Karina Fernández,Ocupación,triatleta
Karina Fernández,Ciudadanía,Costa Rica
Karina Fernández,Fecha de nacimiento,1978-06-22
Catarina,país,Nicaragua
Catarina,instancia de,municipio de Nicaragua
Catarina,situado en la entidad territorial administrativa,Departamento de Masaya
Catarina,ciudad hermana,Fraga
Catarina,se encuentra en el huso horario,UTC−6
Cantón de Escazú,país,Costa Rica
Cantón de Escazú,instancia de,cantón de Costa Rica
Cantón de Escazú,capital,Escazú
Cantón de Escazú,comparte fronteras con,Cantón de Santa Ana
Cantón de Escazú,comparte fronteras con,Cantón de Mora
Vicepresidente de Costa Rica,país,Costa Rica
Vicepresidente de Costa Rica,instancia de,cargo público
Vicepresidente de Costa Rica,subclase de,vicepresidente
Vicepresidente de Costa Rica,forma parte de,Consejo de Gobierno de Costa Rica
Vicepresidente de Costa Rica,categoría principal del tema,Categoría:Vicepresidentes de Costa Rica
yudoca,instancia de,profesión
yudoca,instancia de,ocupación
yudoca,subclase de,deportista
yudoca,subclase de,artista marcial
San Miguel,país,El Salvador
San Miguel,instancia de,gran ciudad
San Miguel,instancia de,distrito de El Salvador
San Miguel,situado en la entidad territorial administrativa,San Miguel Centro
San Miguel,ciudad hermana,condado de Arlington
El Salvador,país,El Salvador
El Salvador,jefe de gobierno,Nayib Bukele
El Salvador,continente,América del Norte
El Salvador,instancia de,país
El Salvador,instancia de,estado soberano
triatleta,instancia de,profesión
triatleta,instancia de,ocupación
triatleta,subclase de,deportista
triatleta,ámbito de la ocupación,triatlón
triatleta,deporte,triatlón
Anibal Saldaña Santamaría,Lugar de nacimiento,Puerto Armuelles
Anibal Saldaña Santamaría,Ocupación,sacerdote católico
Anibal Saldaña Santamaría,Ciudadanía,Costa Rica
Anibal Saldaña Santamaría,Cargo,obispo prelado
Anibal Saldaña Santamaría,Fecha de nacimiento,1958-01-25
Anibal Saldaña Santamaría,Ocupación,obispo católico
Aniceto Esquivel Sáenz,Lugar de nacimiento,Cartago
Aniceto Esquivel Sáenz,Ocupación,abogado
Aniceto Esquivel Sáenz,Ciudadanía,Costa Rica
Aniceto Esquivel Sáenz,Educado en,Universidad de San Carlos de Guatemala
Aniceto Esquivel Sáenz,Fecha de nacimiento,1824-04-18
Aniceto Esquivel Sáenz,Fecha de defunción,1898-10-22
Aniceto Esquivel Sáenz,Ocupación,político
José María Castro Madriz,Lugar de nacimiento,San José
José María Castro Madriz,Ocupación,juez
José María Castro Madriz,Ciudadanía,Costa Rica
José María Castro Madriz,Cargo,Presidente de Costa Rica
José María Castro Madriz,Fecha de nacimiento,1818-09-01
José María Castro Madriz,Fecha de defunción,1892-04-04
José María Castro Madriz,Ocupación,abogado
José María Castro Madriz,Ocupación,político
José María Castro Madriz,Ocupación,diplomático
Miguel Ángel Rodríguez Echeverría,Lugar de nacimiento,San José
Miguel Ángel Rodríguez Echeverría,Ocupación,abogado
Miguel Ángel Rodríguez Echeverría,Ciudadanía,Costa Rica
Miguel Ángel Rodríguez Echeverría,Educado en,Universidad de California en Berkeley
Miguel Ángel Rodríguez Echeverría,Empleador,Universidad de Costa Rica
Miguel Ángel Rodríguez Echeverría,Cargo,secretario general de la Organización de los Estados Americanos
Miguel Ángel Rodríguez Echeverría,Premio recibido,Orden del Jade Brillante
Miguel Ángel Rodríguez Echeverría,Fecha de nacimiento,1940-01-09
Miguel Ángel Rodríguez Echeverría,Ocupación,político
Miguel Ángel Rodríguez Echeverría,Ocupación,economista
Miguel Ángel Rodríguez Echeverría,Premio recibido,Collar de la Orden de Isabel la Católica
Miguel Ángel Rodríguez Echeverría,Premio recibido,Gran Cruz con Diamantes de la Orden del Sol del Perú
Miguel Ángel Rodríguez Echeverría,Premio recibido,Medalla de Oro de Galicia
Miguel Ángel Rodríguez Echeverría,Premio recibido,Medalla de la República Oriental del Uruguay
Miguel Ángel Rodríguez Echeverría,Educado en,Universidad de Costa Rica
Miguel Ángel Rodríguez Echeverría,Cargo,Presidente de Costa Rica
Daniel Oduber Quirós,Lugar de nacimiento,San José
Daniel Oduber Quirós,Ocupación,escritor
Daniel Oduber Quirós,Ciudadanía,Costa Rica
Daniel Oduber Quirós,Educado en,Universidad McGill
Daniel Oduber Quirós,Cargo,embajador
Daniel Oduber Quirós,Premio recibido,"Gran Cruz, clase especial, del Mérito de La República Federal de Alemania"
Daniel Oduber Quirós,Fecha de nacimiento,1921-08-25
Daniel Oduber Quirós,Fecha de defunción,1991-10-13
Daniel Oduber Quirós,Ocupación,abogado
Daniel Oduber Quirós,Ocupación,político
Daniel Oduber Quirós,Ocupación,diplomático
Daniel Oduber Quirós,Premio recibido,Gran Cruz de la Orden de Isabel la Católica
Daniel Oduber Quirós,Premio recibido,Collar de la Orden de Isabel la Católica
Daniel Oduber Quirós,Premio recibido,Gran Cruz de la Orden Nacional de la Cruz del Sur
Daniel Oduber Quirós,Premio recibido,Orden de los Cinco Volcanes
Daniel Oduber Quirós,Educado en,Sorbonne Universidad de París
Cristian Gamboa,Lugar de nacimiento,Liberia
Cristian Gamboa,Ocupación,futbolista
Cristian Gamboa,Ciudadanía,Costa Rica
Cristian Gamboa,Fecha de nacimiento,1989-10-24
Manuel Antonio Bonilla Nava,Ocupación,político
Manuel Antonio Bonilla Nava,Ciudadanía,Costa Rica
Manuel Antonio Bonilla Nava,Fecha de nacimiento,1806-10-15
Manuel Antonio Bonilla Nava,Fecha de defunción,1880-12-23
Alfredo González Flores,Lugar de nacimiento,Heredia
Alfredo González Flores,Ocupación,abogado
Alfredo González Flores,Ciudadanía,Costa Rica
Alfredo González Flores,Cargo,Presidente de Costa Rica
Alfredo González Flores,Fecha de nacimiento,1877-06-15
Alfredo González Flores,Fecha de defunción,1962-12-28
Alfredo González Flores,Ocupación,político
Neighel Drummond,Lugar de nacimiento,San José
Neighel Drummond,Ocupación,entrenador
Neighel Drummond,Ciudadanía,Costa Rica
Neighel Drummond,Fecha de nacimiento,1982-02-02
Neighel Drummond,Ocupación,futbolista
Francisco Calderón Guardia,Lugar de nacimiento,San José
Francisco Calderón Guardia,Ocupación,político
Francisco Calderón Guardia,Ciudadanía,Costa Rica
Francisco Calderón Guardia,Fecha de nacimiento,1906-06-13
Francisco Calderón Guardia,Fecha de defunción,1977-07-17
Allan Alemán,Lugar de nacimiento,San José
Allan Alemán,Ocupación,entrenador
Allan Alemán,Ciudadanía,Costa Rica
Allan Alemán,Fecha de nacimiento,1983-07-29
Allan Alemán,Ocupación,futbolista
Reynaldo Parks,Lugar de nacimiento,Limón
Reynaldo Parks,Ocupación,entrenador
Reynaldo Parks,Ciudadanía,Costa Rica
Reynaldo Parks,Fecha de nacimiento,1974-12-04
Reynaldo Parks,Ocupación,futbolista
Jafet Soto Molina,Lugar de nacimiento,San José
Jafet Soto Molina,Ocupación,entrenador
Jafet Soto Molina,Ciudadanía,Costa Rica
Jafet Soto Molina,Fecha de nacimiento,1976-04-01
Jafet Soto Molina,Ocupación,futbolista
Franco Pupulin,Lugar de nacimiento,Italia
Franco Pupulin,Ocupación,botánico
Franco Pupulin,Ciudadanía,Italia
Franco Pupulin,Fecha de nacimiento,1960-01-01
Franco Pupulin,Ciudadanía,Costa Rica
Edgar Silva,Lugar de nacimiento,Costa Rica
Edgar Silva,Ocupación,periodista
Edgar Silva,Ciudadanía,Costa Rica
Edgar Silva,Educado en,Universidad de Costa Rica
Edgar Silva,Fecha de nacimiento,1967-10-01
Antonio Pinto Soares,Lugar de nacimiento,Oporto
Antonio Pinto Soares,Ocupación,político
Antonio Pinto Soares,Ciudadanía,Costa Rica
Antonio Pinto Soares,Fecha de nacimiento,1780-01-01
Antonio Pinto Soares,Fecha de defunción,1865-04-06
Antonio Rivera Cabezas,Lugar de nacimiento,Ciudad de Guatemala
Antonio Rivera Cabezas,Ocupación,político
Antonio Rivera Cabezas,Ciudadanía,Costa Rica
Antonio Rivera Cabezas,Cargo,presidente de la República Federal de Centro América
Antonio Rivera Cabezas,Fecha de nacimiento,1785-02-12
Antonio Rivera Cabezas,Fecha de defunción,1851-05-08
Antonio Rivera Cabezas,Cargo,jefe supremo del Estado de Guatemala
Antonio Troyo Calderón,Lugar de nacimiento,Cartago
Antonio Troyo Calderón,Ocupación,sacerdote católico
Antonio Troyo Calderón,Ciudadanía,Costa Rica
Antonio Troyo Calderón,Cargo,obispo auxiliar
Antonio Troyo Calderón,Fecha de nacimiento,1923-10-18
Antonio Troyo Calderón,Fecha de defunción,2015-12-01
Antonio Troyo Calderón,Ocupación,obispo católico
Antonio Troyo Calderón,Ocupación,teólogo
Antonio Troyo Calderón,Cargo,obispo titular
Lester Morgan,Lugar de nacimiento,Cantón de Santa Cruz
Lester Morgan,Ocupación,entrenador
Lester Morgan,Ciudadanía,Costa Rica
Lester Morgan,Fecha de nacimiento,1976-05-02
Lester Morgan,Fecha de defunción,2002-11-01
Lester Morgan,Ocupación,futbolista
Daniel Oduber Quirós,Educado en,Universidad de Costa Rica
Daniel Oduber Quirós,Cargo,Presidente de Costa Rica
Rafael Francisco Osejo,Lugar de nacimiento,León
Rafael Francisco Osejo,Ocupación,político
Rafael Francisco Osejo,Ciudadanía,Costa Rica
Rafael Francisco Osejo,Fecha de nacimiento,1790-01-01
Rafael Francisco Osejo,Fecha de defunción,1848-01-01
Rafael Francisco Osejo,Ocupación,profesor universitario
Puerto Armuelles,país,Panamá
Puerto Armuelles,instancia de,ciudad
Puerto Armuelles,instancia de,asentamiento
Puerto Armuelles,instancia de,Comunidad de Panamá
Puerto Armuelles,situado en la entidad territorial administrativa,Provincia de Chiriquí
obispo prelado,instancia de,cargo
obispo prelado,subclase de,obispo católico
obispo prelado,subclase de,prelado
Universidad de California en Berkeley,filial,Computer Systems Research Group
Universidad de California en Berkeley,filial,Escuela de Negocios Haas
Universidad McGill,país,Canadá
Universidad McGill,instancia de,editor de acceso abierto
Universidad McGill,instancia de,universidad pública de investigación
Universidad McGill,fundador,James McGill
Italia,miembro de,OTAN
Italia,miembro de,Fondo Monetario Internacional
Italia,miembro de,UNESCO
Italia,miembro de,Organización Mundial de la Salud
Italia,miembro de,Organización Mundial del Comercio
periodista,instancia de,profesión
periodista,instancia de,cargo
periodista,instancia de,ocupación
periodista,instancia de,grupo de ocupaciones de la CIUO
periodista,subclase de,autor
Oporto,jefe de gobierno,Rui Moreira
Oporto,país,Portugal
Oporto,instancia de,municipio de Portugal
Oporto,capital,Porto
Oporto,comparte fronteras con,Vila Nova de Gaia
Ciudad de Guatemala,jefe de gobierno,Ricardo Quiñónez Lemus
Ciudad de Guatemala,país,Guatemala
Ciudad de Guatemala,continente,América del Norte
Ciudad de Guatemala,instancia de,ciudad
Ciudad de Guatemala,instancia de,asentamiento
presidente de la República Federal de Centro América,país,República Federal de Centroamérica
presidente de la República Federal de Centro América,instancia de,cargo público
presidente de la República Federal de Centro América,instancia de,cargo
presidente de la República Federal de Centro América,instancia de,cargo elegido
presidente de la República Federal de Centro América,subclase de,jefe de Estado
obispo auxiliar,instancia de,función episcopal
obispo auxiliar,instancia de,vocación católica
obispo auxiliar,religión,catolicismo
obispo auxiliar,subclase de,obispo
obispo auxiliar,subclase de,obispo católico
Cantón de Santa Cruz,país,Costa Rica
Cantón de Santa Cruz,instancia de,cantón de Costa Rica
Cantón de Santa Cruz,capital,Santa Cruz
Cantón de Santa Cruz,comparte fronteras con,Cantón de Bagaces
Cantón de Santa Cruz,comparte fronteras con,Cantón de Carrillo
Óscar Rafael de Jesús Arias Sánchez,Lugar de nacimiento,San José
Óscar Rafael de Jesús Arias Sánchez,Ocupación,político
Óscar Rafael de Jesús Arias Sánchez,Ciudadanía,Costa Rica
Óscar Rafael de Jesús Arias Sánchez,Educado en,Universidad de Boston
Óscar Rafael de Jesús Arias Sánchez,Empleador,Universidad Harvard
Óscar Rafael de Jesús Arias Sánchez,Cargo,Presidente del Consejo de Seguridad de Naciones Unidas
Óscar Rafael de Jesús Arias Sánchez,Premio recibido,Premio Nobel de la Paz
Óscar Rafael de Jesús Arias Sánchez,Fecha de nacimiento,1941-09-13
Óscar Rafael de Jesús Arias Sánchez,Lugar de nacimiento,Heredia
Óscar Rafael de Jesús Arias Sánchez,Premio recibido,Orden Nacional Juan Mora Fernández
Óscar Rafael de Jesús Arias Sánchez,Premio recibido,Premio Princesa de Asturias de Cooperación Internacional
Óscar Rafael de Jesús Arias Sánchez,Premio recibido,Medalla de la Libertad de Filadelfia
Óscar Rafael de Jesús Arias Sánchez,Premio recibido,Collar de la Orden de Isabel la Católica
Óscar Rafael de Jesús Arias Sánchez,Premio recibido,Gran Cruz de la Orden El Sol del Perú
Óscar Rafael de Jesús Arias Sánchez,Premio recibido,doctor honoris causa por la Universidad de Harvard
Óscar Rafael de Jesús Arias Sánchez,Premio recibido,doctor honoris causa por la Universidad de Princeton
Óscar Rafael de Jesús Arias Sánchez,Premio recibido,Medalla Audubon
Óscar Rafael de Jesús Arias Sánchez,Premio recibido,doctor honoris causa por la Universidad de Salamanca
Óscar Rafael de Jesús Arias Sánchez,Premio recibido,doctor honoris causa por la Universidad de Extremadura
Óscar Rafael de Jesús Arias Sánchez,Premio recibido,honorary doctor of the University of Miami
Óscar Rafael de Jesús Arias Sánchez,Educado en,Escuela de Economía y Ciencia Política de Londres
Óscar Rafael de Jesús Arias Sánchez,Educado en,Universidad de Essex
Óscar Rafael de Jesús Arias Sánchez,Educado en,Universidad de Costa Rica
Óscar Rafael de Jesús Arias Sánchez,Cargo,Presidente de Costa Rica
Laura Chinchilla Miranda,Lugar de nacimiento,San José
Laura Chinchilla Miranda,Ocupación,abogado
Laura Chinchilla Miranda,Ciudadanía,Costa Rica
Laura Chinchilla Miranda,Educado en,Edmund A. Walsh School of Foreign Service
Laura Chinchilla Miranda,Empleador,Universidad de Georgetown
Laura Chinchilla Miranda,Cargo,Vicepresidente de Costa Rica
Laura Chinchilla Miranda,Premio recibido,Collar de la Orden Mexicana del Águila Azteca
Laura Chinchilla Miranda,Fecha de nacimiento,1959-03-28
Laura Chinchilla Miranda,Ocupación,político
Laura Chinchilla Miranda,Premio recibido,Doctor honoris causa por la Universidad de Georgetown
Laura Chinchilla Miranda,Cargo,Presidente de Costa Rica
Laura Chinchilla Miranda,Cargo,member of the International Olympic Committee
Laura Chinchilla Miranda,Educado en,Universidad de Costa Rica
Bruno Stagno Ugarte,Lugar de nacimiento,París
Bruno Stagno Ugarte,Ocupación,político
Bruno Stagno Ugarte,Ciudadanía,Costa Rica
Bruno Stagno Ugarte,Educado en,Universidad de Princeton
Bruno Stagno Ugarte,Cargo,embajador
Bruno Stagno Ugarte,Fecha de nacimiento,1970-04-08
Bruno Stagno Ugarte,Ocupación,diplomático
Bruno Stagno Ugarte,Ocupación,profesor universitario
Bruno Stagno Ugarte,Educado en,Edmund A. Walsh School of Foreign Service
Bruno Stagno Ugarte,Educado en,Sorbonne Universidad de París
Bruno Stagno Ugarte,Cargo,Cancilleres de Costa Rica
Julio Acosta García,Lugar de nacimiento,San Ramón
Julio Acosta García,Ocupación,político
Julio Acosta García,Ciudadanía,Costa Rica
Julio Acosta García,Cargo,Presidente de Costa Rica
Julio Acosta García,Fecha de nacimiento,1872-05-23
Julio Acosta García,Fecha de defunción,1954-07-06
Ricardo Jiménez Oreamuno,Lugar de nacimiento,Cartago
Ricardo Jiménez Oreamuno,Ocupación,juez
Ricardo Jiménez Oreamuno,Ciudadanía,Costa Rica
Ricardo Jiménez Oreamuno,Cargo,Presidente de Costa Rica
Ricardo Jiménez Oreamuno,Fecha de nacimiento,1859-02-06
Ricardo Jiménez Oreamuno,Fecha de defunción,1945-01-04
Ricardo Jiménez Oreamuno,Ocupación,abogado
Ricardo Jiménez Oreamuno,Ocupación,político
Juan Santamaría,Lugar de nacimiento,Alajuela
Juan Santamaría,Ocupación,militar
Juan Santamaría,Ciudadanía,Costa Rica
Juan Santamaría,Fecha de nacimiento,1831-08-29
Juan Santamaría,Fecha de defunción,1856-04-11
Fernando Patterson,Lugar de nacimiento,Costa Rica
Fernando Patterson,Ocupación,entrenador
Fernando Patterson,Ciudadanía,Costa Rica
Fernando Patterson,Fecha de nacimiento,1970-02-11
Fernando Patterson,Ocupación,futbolista
Fernando Patterson,Fecha de nacimiento,1970-03-15
Juan José Rodríguez Morales,Lugar de nacimiento,Costa Rica
Juan José Rodríguez Morales,Ocupación,entrenador
Juan José Rodríguez Morales,Ciudadanía,Costa Rica
Juan José Rodríguez Morales,Fecha de nacimiento,1967-06-23
Juan José Rodríguez Morales,Ocupación,futbolista
Ottón Solís Fallas,Lugar de nacimiento,Provincia de San José
Ottón Solís Fallas,Ocupación,político
Ottón Solís Fallas,Ciudadanía,Costa Rica
Ottón Solís Fallas,Educado en,Universidad de Mánchester
Ottón Solís Fallas,Empleador,Universidad de la Florida
Ottón Solís Fallas,Fecha de nacimiento,1954-05-31
Ottón Solís Fallas,Educado en,Universidad de Costa Rica
Ever Alfaro,Lugar de nacimiento,Grecia
Ever Alfaro,Ocupación,entrenador
Ever Alfaro,Ciudadanía,Costa Rica
Ever Alfaro,Fecha de nacimiento,1982-10-01
Ever Alfaro,Ocupación,futbolista
Rafael Moya Murillo,Lugar de nacimiento,Costa Rica
Rafael Moya Murillo,Ocupación,empresario
Rafael Moya Murillo,Ciudadanía,Costa Rica
Rafael Moya Murillo,Fecha de nacimiento,1799-10-24
Rafael Moya Murillo,Fecha de defunción,1894-11-15
Rafael Moya Murillo,Ocupación,político
Erick Scott,Lugar de nacimiento,Limón
Erick Scott,Ocupación,futbolista
Erick Scott,Ciudadanía,Costa Rica
Erick Scott,Fecha de nacimiento,1981-05-29
Mauricio Wright,Lugar de nacimiento,Salitrillos
Mauricio Wright,Ocupación,entrenador
Mauricio Wright,Ciudadanía,Costa Rica
Mauricio Wright,Fecha de nacimiento,1970-12-20
Carlos Hernández Valverde,Lugar de nacimiento,San José
Carlos Hernández Valverde,Ocupación,futbolista
Carlos Hernández Valverde,Ciudadanía,Costa Rica
Carlos Hernández Valverde,Fecha de nacimiento,1982-04-09
Randall Azofeifa,Lugar de nacimiento,Anselmo Llorente
Randall Azofeifa,Ocupación,futbolista
Randall Azofeifa,Ciudadanía,Costa Rica
Randall Azofeifa,Fecha de nacimiento,1984-12-30
Douglas Sequeira,Lugar de nacimiento,San José
Douglas Sequeira,Ocupación,futbolista
Douglas Sequeira,Ciudadanía,Costa Rica
Douglas Sequeira,Fecha de nacimiento,1977-08-23
José Francisco Porras,Lugar de nacimiento,Alajuela
José Francisco Porras,Ocupación,futbolista
José Francisco Porras,Ciudadanía,Costa Rica
José Francisco Porras,Fecha de nacimiento,1970-11-08
Arturo Kinch,Lugar de nacimiento,San José
Arturo Kinch,Ocupación,futbolista
Arturo Kinch,Ciudadanía,Estados Unidos
Arturo Kinch,Educado en,Colorado Christian University
Arturo Kinch,Fecha de nacimiento,1956-04-15
Arturo Kinch,Ocupación,esquiador alpino
Arturo Kinch,Ocupación,esquiador de fondo
Arturo Kinch,Ciudadanía,Costa Rica
José Joaquín Trejos Fernández,Lugar de nacimiento,San José
José Joaquín Trejos Fernández,Ocupación,político
José Joaquín Trejos Fernández,Ciudadanía,Costa Rica
José Joaquín Trejos Fernández,Educado en,Universidad de Costa Rica
José Joaquín Trejos Fernández,Cargo,Presidente de Costa Rica
José Joaquín Trejos Fernández,Fecha de nacimiento,1916-04-18
José Joaquín Trejos Fernández,Fecha de defunción,2010-02-10
Universidad de Boston,país,Estados Unidos
Universidad de Boston,instancia de,universidad
Universidad de Boston,instancia de,institución educativa privada sin fines de lucro
Universidad de Boston,instancia de,editor de acceso abierto
Universidad de Boston,situado en la entidad territorial administrativa,Boston
Edmund A. Walsh School of Foreign Service,organización matriz,Universidad de Georgetown
Edmund A. Walsh School of Foreign Service,afiliación,Association of Professional Schools of International Affairs
Universidad de Georgetown,ubicación,Georgetown
Universidad de Georgetown,se encuentra en el huso horario,Horario del este de Norteamérica
Universidad de Georgetown,industria,educación superior
Universidad de Georgetown,color,azul
París,jefe de gobierno,Anne Hidalgo
París,país,Francia
París,continente,Europa
París,instancia de,departamento de Francia
París,instancia de,megaciudad
Universidad de Princeton,país,Estados Unidos
Universidad de Princeton,instancia de,universidad privada
Universidad de Princeton,instancia de,Colegios coloniales
Universidad de Princeton,instancia de,universidad de investigación
Universidad de Princeton,instancia de,institución educativa privada sin fines de lucro
militar,instancia de,profesión
militar,instancia de,ocupación
militar,subclase de,empleado
militar,subclase de,guerrero
militar,opuesto a,civil
Universidad de Mánchester,país,Reino Unido
Universidad de Mánchester,instancia de,universidad
Universidad de Mánchester,instancia de,organización educativa
Universidad de Mánchester,instancia de,editor de acceso abierto
Universidad de Mánchester,ubicación de la sede,Mánchester
Universidad de la Florida,país,Estados Unidos
Universidad de la Florida,instancia de,Universidad de concesión de tierras
Universidad de la Florida,instancia de,universidad pública
Universidad de la Florida,instancia de,institución educativa pública de los Estados Unidos
Universidad de la Florida,instancia de,editor de acceso abierto
empresario,instancia de,profesión
empresario,instancia de,persona jurídica
empresario,instancia de,ocupación
empresario,instancia de,concepto económico
Salitrillos,país,Costa Rica
Salitrillos,instancia de,distrito de Costa Rica
Salitrillos,situado en la entidad territorial administrativa,Provincia de San José
Salitrillos,situado en la entidad territorial administrativa,Cantón de Aserrí
Salitrillos,se encuentra en el huso horario,UTC−6
Anselmo Llorente,país,Costa Rica
Anselmo Llorente,instancia de,distrito de Costa Rica
Anselmo Llorente,situado en la entidad territorial administrativa,Cantón de Tibás
Anselmo Llorente,se encuentra en el huso horario,UTC−6
Juan Rafael Mora Porras,Lugar de nacimiento,San José
Juan Rafael Mora Porras,Ocupación,presidente
Juan Rafael Mora Porras,Ciudadanía,Costa Rica
Juan Rafael Mora Porras,Cargo,Presidente de Costa Rica
Juan Rafael Mora Porras,Fecha de nacimiento,1814-02-08
Juan Rafael Mora Porras,Fecha de defunción,1860-09-30
Juan Rafael Mora Porras,Ocupación,Capitán General
José Rafael Gallegos Alvarado,Lugar de nacimiento,Cartago
José Rafael Gallegos Alvarado,Ocupación,juez
José Rafael Gallegos Alvarado,Ciudadanía,Costa Rica
José Rafael Gallegos Alvarado,Cargo,Presidente de Costa Rica
José Rafael Gallegos Alvarado,Fecha de nacimiento,1784-10-31
José Rafael Gallegos Alvarado,Fecha de defunción,1850-08-14
José Rafael Gallegos Alvarado,Ocupación,político
Rafael Ángel Calderón Guardia,Lugar de nacimiento,San José
Rafael Ángel Calderón Guardia,Ocupación,político
Rafael Ángel Calderón Guardia,Ciudadanía,Costa Rica
Rafael Ángel Calderón Guardia,Educado en,Universidad Católica de Lovaina
Rafael Ángel Calderón Guardia,Cargo,Presidente de Costa Rica
Rafael Ángel Calderón Guardia,Premio recibido,Collar de la Orden de Isabel la Católica
Rafael Ángel Calderón Guardia,Fecha de nacimiento,1900-03-10
Rafael Ángel Calderón Guardia,Fecha de defunción,1970-06-09
Rafael Ángel Calderón Guardia,Ocupación,diplomático
Francisco José Orlich Bolmarcich,Lugar de nacimiento,San Ramón
Francisco José Orlich Bolmarcich,Ocupación,político
Francisco José Orlich Bolmarcich,Ciudadanía,Costa Rica
Francisco José Orlich Bolmarcich,Cargo,Presidente de Costa Rica
Francisco José Orlich Bolmarcich,Premio recibido,Gran Cruz de la Orden de Isabel la Católica
Francisco José Orlich Bolmarcich,Fecha de nacimiento,1907-03-10
Francisco José Orlich Bolmarcich,Fecha de defunción,1969-10-29
Teodoro Picado Michalski,Lugar de nacimiento,San José
Teodoro Picado Michalski,Ocupación,escritor
Teodoro Picado Michalski,Ciudadanía,Costa Rica
Teodoro Picado Michalski,Cargo,Presidente de Costa Rica
Teodoro Picado Michalski,Fecha de nacimiento,1900-01-10
Teodoro Picado Michalski,Fecha de defunción,1960-06-01
Teodoro Picado Michalski,Ocupación,abogado
Teodoro Picado Michalski,Ocupación,político
Teodoro Picado Michalski,Ocupación,periodista
Rafael Ángel Calderón,Lugar de nacimiento,Diriamba
Rafael Ángel Calderón,Ocupación,abogado
Rafael Ángel Calderón,Ciudadanía,Costa Rica
Rafael Ángel Calderón,Educado en,Universidad de Costa Rica
Rafael Ángel Calderón,Cargo,Presidente de Costa Rica
Rafael Ángel Calderón,Premio recibido,Gran Cruz de la Orden de Isabel la Católica
Rafael Ángel Calderón,Fecha de nacimiento,1949-03-14
Rafael Ángel Calderón,Ocupación,político
Rafael Ángel Calderón,Premio recibido,doctor honoris causa por la Universidad Complutense de Madrid
Rafael Ángel Calderón,Premio recibido,Medalla de la República Oriental del Uruguay
Federico Alberto Tinoco Granados,Lugar de nacimiento,San José
Federico Alberto Tinoco Granados,Ocupación,político
Federico Alberto Tinoco Granados,Ciudadanía,Costa Rica
Federico Alberto Tinoco Granados,Cargo,Presidente de Costa Rica
Federico Alberto Tinoco Granados,Fecha de nacimiento,1868-11-21
Federico Alberto Tinoco Granados,Fecha de defunción,1931-09-07
Juan Mora Fernández,Lugar de nacimiento,San José
Juan Mora Fernández,Ocupación,juez
Juan Mora Fernández,Ciudadanía,Costa Rica
Juan Mora Fernández,Cargo,Presidente de Costa Rica
Juan Mora Fernández,Fecha de nacimiento,1784-06-12
Juan Mora Fernández,Fecha de defunción,1854-12-16
Juan Mora Fernández,Ocupación,abogado
Juan Mora Fernández,Ocupación,político
Jesús Jiménez Zamora,Lugar de nacimiento,Cartago
Jesús Jiménez Zamora,Ocupación,político
Jesús Jiménez Zamora,Ciudadanía,Costa Rica
Jesús Jiménez Zamora,Educado en,Universidad de San Carlos de Guatemala
Jesús Jiménez Zamora,Cargo,Presidente de Costa Rica
Jesús Jiménez Zamora,Fecha de nacimiento,1823-06-18
Jesús Jiménez Zamora,Fecha de defunción,1897-02-12
Braulio Carrillo Colina,Lugar de nacimiento,Cartago
Braulio Carrillo Colina,Ocupación,juez
Braulio Carrillo Colina,Ciudadanía,Costa Rica
Braulio Carrillo Colina,Educado en,Universidad Nacional Autónoma de Nicaragua
Braulio Carrillo Colina,Cargo,Presidente de Costa Rica
Braulio Carrillo Colina,Fecha de nacimiento,1800-03-20
Braulio Carrillo Colina,Fecha de defunción,1845-05-15
Braulio Carrillo Colina,Ocupación,abogado
Braulio Carrillo Colina,Ocupación,político
Vicente Herrera Zeledón,Lugar de nacimiento,San José
Vicente Herrera Zeledón,Ocupación,juez
Vicente Herrera Zeledón,Ciudadanía,Costa Rica
Vicente Herrera Zeledón,Cargo,Presidente de Costa Rica
Vicente Herrera Zeledón,Fecha de nacimiento,1821-01-20
Vicente Herrera Zeledón,Fecha de defunción,1888-11-10
Vicente Herrera Zeledón,Ocupación,abogado
Vicente Herrera Zeledón,Ocupación,político
Rafael Iglesias Castro,Lugar de nacimiento,San José
Rafael Iglesias Castro,Ocupación,político
Rafael Iglesias Castro,Ciudadanía,Costa Rica
Rafael Iglesias Castro,Educado en,Colegio San Luis Gonzaga
Rafael Iglesias Castro,Cargo,embajador
Rafael Iglesias Castro,Premio recibido,Cruces del Mérito Militar
Rafael Iglesias Castro,Fecha de nacimiento,1861-04-16
Rafael Iglesias Castro,Fecha de defunción,1924-04-10
Rafael Iglesias Castro,Ocupación,emprendedor
Rafael Iglesias Castro,Ocupación,diplomático
Rafael Iglesias Castro,Ocupación,comerciante
Rafael Iglesias Castro,Premio recibido,Benemérito de la Patria
Rafael Iglesias Castro,Premio recibido,Comandante de la Orden Nacional de la Legión de Honor
Rafael Iglesias Castro,Premio recibido,Knight Commander of the Order of the Holy Sepulchre
Rafael Iglesias Castro,Cargo,Presidente de Costa Rica
León Cortés Castro,Lugar de nacimiento,Alajuela
León Cortés Castro,Ocupación,abogado
León Cortés Castro,Ciudadanía,Costa Rica
León Cortés Castro,Cargo,Presidente de Costa Rica
León Cortés Castro,Fecha de nacimiento,1882-12-08
León Cortés Castro,Fecha de defunción,1946-03-03
León Cortés Castro,Ocupación,político
Lorna Chávez,Ocupación,modelo
Lorna Chávez,Ciudadanía,Costa Rica
Lorna Chávez,Fecha de nacimiento,1959-01-01
Lorna Chávez,Ocupación,participante en concursos de belleza
Júnior Díaz,Lugar de nacimiento,Heredia
Júnior Díaz,Ocupación,futbolista
Júnior Díaz,Ciudadanía,Costa Rica
Júnior Díaz,Fecha de nacimiento,1983-09-12
Dennis Marshall,Lugar de nacimiento,Limón
Dennis Marshall,Ocupación,futbolista
Dennis Marshall,Ciudadanía,Costa Rica
Dennis Marshall,Fecha de nacimiento,1985-08-09
Dennis Marshall,Fecha de defunción,2011-06-23
Santos León Herrera,Lugar de nacimiento,San José
Santos León Herrera,Ocupación,político
Santos León Herrera,Ciudadanía,Costa Rica
Santos León Herrera,Fecha de nacimiento,1874-05-21
Santos León Herrera,Fecha de defunción,1950-05-08
Roberto Gayón,Lugar de nacimiento,Costa Rica
Roberto Gayón,Ocupación,futbolista
Roberto Gayón,Ciudadanía,Costa Rica
Roberto Gayón,Fecha de nacimiento,1905-01-01
Roberto Gayón,Fecha de defunción,http://www.wikidata.org/.well-known/genid/4238403f3bad70fdc3d1f14fd962730c
Óscar Rojas Ruiz,Lugar de nacimiento,San José
Óscar Rojas Ruiz,Ocupación,futbolista
Óscar Rojas Ruiz,Ciudadanía,Costa Rica
Óscar Rojas Ruiz,Fecha de nacimiento,1979-04-27
Hermidio Barrantes,Lugar de nacimiento,Puntarenas
Hermidio Barrantes,Ocupación,entrenador
Hermidio Barrantes,Ciudadanía,Costa Rica
Hermidio Barrantes,Fecha de nacimiento,1964-09-02
Hermidio Barrantes,Ocupación,futbolista
presidente,instancia de,cargo público
presidente,instancia de,cargo
presidente,precedido por,presidente electo
presidente,subclase de,jefe de Estado
presidente,subclase de,político
Universidad Católica de Lovaina,país,Bélgica
Universidad Católica de Lovaina,idioma usado,francés
Universidad Católica de Lovaina,categoría para las personas que estudiaron en esta institución,Categoría:Alumnado de la Universidad Católica de Lovaina
Universidad Católica de Lovaina,instancia de,organización
Diriamba,país,Nicaragua
Diriamba,instancia de,municipio de Nicaragua
Diriamba,situado en la entidad territorial administrativa,Departamento de Carazo
Diriamba,se encuentra en el huso horario,UTC−6
Diriamba,diferente de,Diriamba
Universidad Nacional Autónoma de Nicaragua,país,Nicaragua
Universidad Nacional Autónoma de Nicaragua,instancia de,universidad
Universidad Nacional Autónoma de Nicaragua,instancia de,editor de acceso abierto
Universidad Nacional Autónoma de Nicaragua,situado en la entidad territorial administrativa,Departamento de Managua
Universidad Nacional Autónoma de Nicaragua,miembro de,Consejo Superior Universitario Centroamericano
Colegio San Luis Gonzaga,país,Costa Rica
Colegio San Luis Gonzaga,instancia de,escuela secundaria
Colegio San Luis Gonzaga,instancia de,escuela pública
Colegio San Luis Gonzaga,situado en la entidad territorial administrativa,Cartago
Gerardo Gómez Ramírez,Lugar de nacimiento,Cantón de Cañas
Gerardo Gómez Ramírez,Ocupación,escritor
Gerardo Gómez Ramírez,Ciudadanía,Costa Rica
Gerardo Gómez Ramírez,Fecha de nacimiento,1901-06-04
Gerardo Gómez Ramírez,Fecha de defunción,1983-11-05
Gerardo Gómez Ramírez,Ocupación,político
Donny Grant,Lugar de nacimiento,Limón
Donny Grant,Ocupación,futbolista
Donny Grant,Ciudadanía,Costa Rica
Donny Grant,Fecha de nacimiento,1976-04-12
Gabriel Badilla,Lugar de nacimiento,Cantón de Tibás
Gabriel Badilla,Ocupación,futbolista
Gabriel Badilla,Ciudadanía,Costa Rica
Gabriel Badilla,Fecha de nacimiento,1984-06-30
Gabriel Badilla,Fecha de defunción,2016-11-20
Harold Wallace,Lugar de nacimiento,Heredia
Harold Wallace,Ocupación,futbolista
Harold Wallace,Ciudadanía,Costa Rica
Harold Wallace,Fecha de nacimiento,1975-09-07
Michael Rodríguez,Lugar de nacimiento,Provincia de Alajuela
Michael Rodríguez,Ocupación,entrenador
Michael Rodríguez,Ciudadanía,Costa Rica
Michael Rodríguez,Fecha de nacimiento,1981-12-30
Michael Rodríguez,Ocupación,futbolista
Kurt Bernard,Lugar de nacimiento,Limón
Kurt Bernard,Ocupación,entrenador
Kurt Bernard,Ciudadanía,Costa Rica
Kurt Bernard,Fecha de nacimiento,1977-12-08
Kurt Bernard,Ocupación,futbolista
Whayne Wilson,Lugar de nacimiento,San José
Whayne Wilson,Ocupación,futbolista
Whayne Wilson,Ciudadanía,Costa Rica
Whayne Wilson,Fecha de nacimiento,1975-09-07
Whayne Wilson,Fecha de defunción,2005-05-18
Tobías Zúñiga Castro,Lugar de nacimiento,San José
Tobías Zúñiga Castro,Ocupación,político
Tobías Zúñiga Castro,Ciudadanía,Costa Rica
Tobías Zúñiga Castro,Fecha de nacimiento,1854-02-10
Tobías Zúñiga Castro,Fecha de defunción,1918-06-24
Tobías Zúñiga Castro,Ocupación,diplomático
José Miguel Cubero,Lugar de nacimiento,Sarchí Norte
José Miguel Cubero,Ocupación,futbolista
José Miguel Cubero,Ciudadanía,Costa Rica
José Miguel Cubero,Fecha de nacimiento,1987-02-14
Tulio Quiñones,Lugar de nacimiento,Costa Rica
Tulio Quiñones,Ocupación,futbolista
Tulio Quiñones,Ciudadanía,Costa Rica
Tulio Quiñones,Fecha de defunción,1983-01-01
Víctor Cordero,Lugar de nacimiento,San José
Víctor Cordero,Ocupación,futbolista
Víctor Cordero,Ciudadanía,Costa Rica
Víctor Cordero,Fecha de nacimiento,1973-11-09
Keylor Navas,Lugar de nacimiento,Cartago
Keylor Navas,Ocupación,futbolista
Keylor Navas,Ciudadanía,España
Keylor Navas,Fecha de nacimiento,1986-12-15
Keylor Navas,Ciudadanía,Costa Rica
Evaristo Coronado,Lugar de nacimiento,Palmar
Evaristo Coronado,Ocupación,entrenador
Evaristo Coronado,Ciudadanía,Costa Rica
Evaristo Coronado,Educado en,Universidad de Costa Rica
Evaristo Coronado,Fecha de nacimiento,1960-09-13
Evaristo Coronado,Ocupación,futbolista
Ricardo González Fonseca,Lugar de nacimiento,San José
Ricardo González Fonseca,Ocupación,entrenador
Ricardo González Fonseca,Ciudadanía,Costa Rica
Ricardo González Fonseca,Fecha de nacimiento,1974-03-06
Ricardo González Fonseca,Ocupación,futbolista
Bruno Carranza Ramírez,Lugar de nacimiento,San José
Bruno Carranza Ramírez,Ocupación,político
Bruno Carranza Ramírez,Ciudadanía,Costa Rica
Bruno Carranza Ramírez,Cargo,embajador
Bruno Carranza Ramírez,Fecha de nacimiento,1822-10-05
Bruno Carranza Ramírez,Fecha de defunción,1891-01-25
Bruno Carranza Ramírez,Ocupación,diplomático
Bruno Carranza Ramírez,Ocupación,periodista
Bruno Carranza Ramírez,Cargo,Presidente de Costa Rica
Carlos José Gutiérrez,Lugar de nacimiento,Managua
Carlos José Gutiérrez,Ocupación,abogado
Carlos José Gutiérrez,Ciudadanía,Costa Rica
Carlos José Gutiérrez,Premio recibido,Gran Cruz de la Orden de Isabel la Católica
Carlos José Gutiérrez,Fecha de nacimiento,1927-01-01
Carlos José Gutiérrez,Fecha de defunción,1999-01-01
Carlos José Gutiérrez,Ocupación,político
José María Zeledón Brenes,Lugar de nacimiento,San José
José María Zeledón Brenes,Ocupación,escritor
José María Zeledón Brenes,Ciudadanía,Costa Rica
José María Zeledón Brenes,Fecha de nacimiento,1877-04-27
José María Zeledón Brenes,Fecha de defunción,1949-12-06
José María Zeledón Brenes,Ocupación,político
José María Zeledón Brenes,Ocupación,periodista
William Mattus,Lugar de nacimiento,Barva
William Mattus,Ocupación,árbitro de fútbol
William Mattus,Ciudadanía,Costa Rica
William Mattus,Fecha de nacimiento,1964-04-17
Porfirio López,Lugar de nacimiento,San José
Porfirio López,Ocupación,entrenador
Porfirio López,Ciudadanía,República Dominicana
Porfirio López,Fecha de nacimiento,1985-09-10
Porfirio López,Ocupación,futbolista
Porfirio López,Fecha de nacimiento,1986-09-21
Porfirio López,Ciudadanía,Costa Rica
Francisco Calvo,Lugar de nacimiento,San José
Francisco Calvo,Ocupación,futbolista
Francisco Calvo,Ciudadanía,Costa Rica
Francisco Calvo,Fecha de nacimiento,1992-07-08
Cantón de Cañas,país,Costa Rica
Cantón de Cañas,instancia de,cantón de Costa Rica
Cantón de Cañas,capital,Cañas
Cantón de Cañas,comparte fronteras con,Cantón de Bagaces
Cantón de Cañas,comparte fronteras con,Cantón de Guatuso
Sarchí Norte,país,Costa Rica
Sarchí Norte,instancia de,distrito de Costa Rica
Sarchí Norte,situado en la entidad territorial administrativa,Cantón de Sarchí
Sarchí Norte,se encuentra en el huso horario,UTC−6
Sarchí Norte,capital de,Cantón de Sarchí
España,jefe de gobierno,Pedro Sánchez
España,continente,Europa
España,instancia de,país
España,instancia de,Estado nación
España,instancia de,reino
Palmar,país,Costa Rica
Palmar,instancia de,distrito de Costa Rica
Palmar,situado en la entidad territorial administrativa,Cantón de Osa
Palmar,se encuentra en el huso horario,UTC−6
Managua,jefe de gobierno,Reyna Rueda
Managua,país,Nicaragua
Managua,instancia de,municipio de Nicaragua
Managua,instancia de,gran ciudad
Managua,instancia de,ciudad más grande
Barva,país,Costa Rica
Barva,instancia de,distrito de Costa Rica
Barva,situado en la entidad territorial administrativa,Cantón de Barva
Barva,se encuentra en el huso horario,UTC−6
Barva,capital de,Cantón de Barva
República Dominicana,país,República Dominicana
República Dominicana,jefe de gobierno,Luis Abinader
República Dominicana,continente,América del Norte
República Dominicana,instancia de,país
República Dominicana,instancia de,país insular
Iosif Grigulevich,Lugar de nacimiento,Vilna
Iosif Grigulevich,Ocupación,espía
Iosif Grigulevich,Ciudadanía,Argentina
Iosif Grigulevich,Educado en,La Sorbona
Iosif Grigulevich,Empleador,KGB
Iosif Grigulevich,Miembro de,Academia de Ciencias de Rusia
Iosif Grigulevich,Cargo,embajador
Iosif Grigulevich,Premio recibido,Orden Francisco de Miranda
Iosif Grigulevich,Fecha de nacimiento,1913-05-05
Iosif Grigulevich,Fecha de defunción,1988-06-02
Iosif Grigulevich,Ocupación,etnógrafo
Iosif Grigulevich,Ocupación,diplomático
Iosif Grigulevich,Premio recibido,Científico de Honor de la RSFS de Rusia
Iosif Grigulevich,Ocupación,historiador
Iosif Grigulevich,Ocupación,biógrafo
Iosif Grigulevich,Ocupación,asesino
Iosif Grigulevich,Ocupación,gastador
Iosif Grigulevich,Ciudadanía,Costa Rica
Iosif Grigulevich,Premio recibido,Orden de la Bandera Roja
Iosif Grigulevich,Premio recibido,Orden de la Bandera Roja del Trabajo
Iosif Grigulevich,Premio recibido,Orden de la Amistad de los Pueblos
Iosif Grigulevich,Premio recibido,Orden de la Estrella Roja
Iosif Grigulevich,Ciudadanía,Unión Soviética
Iosif Grigulevich,Ciudadanía,Imperio ruso
Iosif Grigulevich,Ciudadanía,Lituania
Iosif Grigulevich,Educado en,Higher Party School at the Central Committee of the CPSU
Iosif Grigulevich,Miembro de,Academia de Ciencias de la Unión Soviética
Iosif Grigulevich,Educado en,Escuela de Estudios Superiores en Ciencias Sociales
Leonel Leal,Ocupación,árbitro de fútbol
Leonel Leal,Ciudadanía,Costa Rica
Leonel Leal,Fecha de nacimiento,1976-11-21
Carlos Castro,Lugar de nacimiento,Alajuela
Carlos Castro,Ocupación,futbolista
Carlos Castro,Ciudadanía,Costa Rica
Carlos Castro,Fecha de nacimiento,1978-09-10
Gregorio José Ramírez y Castro,Lugar de nacimiento,San José
Gregorio José Ramírez y Castro,Ocupación,marino
Gregorio José Ramírez y Castro,Ciudadanía,Costa Rica
Gregorio José Ramírez y Castro,Fecha de nacimiento,1796-03-27
Gregorio José Ramírez y Castro,Fecha de defunción,1823-12-04
Gregorio José Ramírez y Castro,Ocupación,político
Alexander Salazar,Lugar de nacimiento,San José
Alexander Salazar,Ocupación,sacerdote católico
Alexander Salazar,Ciudadanía,Costa Rica
Alexander Salazar,Educado en,"Universidad Estatal de California, Los Ángeles"
Alexander Salazar,Cargo,obispo auxiliar
Alexander Salazar,Fecha de nacimiento,1949-11-28
Alexander Salazar,Ocupación,obispo católico
Alexander Salazar,Ocupación,teólogo
Alexander Salazar,Educado en,Daniel Murphy High School
Alexander Salazar,Educado en,East Los Angeles College
Alexander Salazar,Educado en,St. John's Seminary
Alexander Salazar,Educado en,Immaculate Heart College
Alexander Salazar,Cargo,obispo titular
Juan José Wedel,Lugar de nacimiento,San José
Juan José Wedel,Ocupación,arquero
Juan José Wedel,Ciudadanía,Costa Rica
Juan José Wedel,Fecha de nacimiento,1944-06-28
Juan José Wedel,Fecha de defunción,2013-11-20
Jorge Quesada,Lugar de nacimiento,San José
Jorge Quesada,Ocupación,futbolista
Jorge Quesada,Ciudadanía,Costa Rica
Jorge Quesada,Fecha de nacimiento,1915-09-01
Jorge Quesada,Fecha de defunción,1983-12-01
Eddier Godínez,Ocupación,ciclista
Eddier Godínez,Ciudadanía,Costa Rica
Eddier Godínez,Fecha de nacimiento,1984-06-24
Manuel Mora Valverde,Lugar de nacimiento,San José
Manuel Mora Valverde,Ocupación,abogado
Manuel Mora Valverde,Ciudadanía,Costa Rica
Manuel Mora Valverde,Premio recibido,Orden de la Amistad de los Pueblos
Manuel Mora Valverde,Fecha de nacimiento,1909-08-27
Manuel Mora Valverde,Fecha de defunción,1994-12-29
Manuel Mora Valverde,Ocupación,político
Ignacio Nazareno Trejos Picado,Ocupación,sacerdote católico
Ignacio Nazareno Trejos Picado,Ciudadanía,Costa Rica
Ignacio Nazareno Trejos Picado,Cargo,obispo auxiliar
Ignacio Nazareno Trejos Picado,Fecha de nacimiento,1928-07-31
Ignacio Nazareno Trejos Picado,Ocupación,obispo católico
Ignacio Nazareno Trejos Picado,Cargo,obispo titular
Ignacio Nazareno Trejos Picado,Cargo,obispo diocesano
Froylán Ledezma Stephens,Lugar de nacimiento,San José
Froylán Ledezma Stephens,Ocupación,futbolista
Froylán Ledezma Stephens,Ciudadanía,Costa Rica
Froylán Ledezma Stephens,Fecha de nacimiento,1978-01-02
Torres Zúñiga,Ocupación,árbitro de fútbol
Torres Zúñiga,Ciudadanía,Costa Rica
Torres Zúñiga,Fecha de nacimiento,1958-08-31
Jervis Drummond,Lugar de nacimiento,Limón
Jervis Drummond,Ocupación,futbolista
Jervis Drummond,Ciudadanía,Costa Rica
Jervis Drummond,Fecha de nacimiento,1976-09-08
Vernor Muñoz Villalobos,Lugar de nacimiento,Estado de México
Vernor Muñoz Villalobos,Ocupación,abogado
Vernor Muñoz Villalobos,Ciudadanía,Costa Rica
Vernor Muñoz Villalobos,Cargo,relatoría especial de las Naciones Unidas
Vernor Muñoz Villalobos,Fecha de nacimiento,1960-08-26
Vernor Muñoz Villalobos,Ocupación,pedagogo
Vernor Muñoz Villalobos,Ocupación,profesor universitario
Vernor Muñoz Villalobos,Ocupación,filósofo
Alejandro Ramírez Álvarez,Lugar de nacimiento,San José
Alejandro Ramírez Álvarez,Ocupación,ajedrecista
Alejandro Ramírez Álvarez,Ciudadanía,Costa Rica
Alejandro Ramírez Álvarez,Educado en,Universidad de Texas en Dallas
Alejandro Ramírez Álvarez,Fecha de nacimiento,1988-06-21
José Adrián Bonilla,Lugar de nacimiento,Cartago
José Adrián Bonilla,Ocupación,ciclista
José Adrián Bonilla,Ciudadanía,Costa Rica
José Adrián Bonilla,Fecha de nacimiento,1978-04-28
Héctor Morera Vega,Ocupación,sacerdote católico
Héctor Morera Vega,Ciudadanía,Costa Rica
Héctor Morera Vega,Cargo,obispo diocesano
Héctor Morera Vega,Fecha de nacimiento,1926-02-20
Héctor Morera Vega,Fecha de defunción,2017-12-23
Héctor Morera Vega,Ocupación,obispo católico
Fabricio Quirós,Lugar de nacimiento,Cartago
Fabricio Quirós,Ocupación,ciclista
Fabricio Quirós,Ciudadanía,Costa Rica
Fabricio Quirós,Fecha de nacimiento,1990-03-05
Federico Ramírez Méndez,Lugar de nacimiento,Cot
Federico Ramírez Méndez,Ocupación,ciclista
Federico Ramírez Méndez,Ciudadanía,Costa Rica
Federico Ramírez Méndez,Fecha de nacimiento,1975-11-04
Vilna,jefe de gobierno,Remigijus Šimašius
Vilna,país,Lituania
Vilna,continente,Europa
Vilna,instancia de,ciudad
Vilna,instancia de,gran ciudad
espía,instancia de,profesión
espía,subclase de,agente de inteligencia
espía,ámbito de la ocupación,espionaje
espía,se dice que es lo mismo que,gastador
espía,opuesto a,gastador
Argentina,se encuentra en el huso horario,Hora oficial argentina
Argentina,miembro de,Organización de las Naciones Unidas
Argentina,miembro de,Unión de Naciones Suramericanas
Argentina,miembro de,Mercosur
Argentina,miembro de,UNESCO
La Sorbona,país,Francia
La Sorbona,instancia de,institución educativa universitaria
La Sorbona,instancia de,edificio escolar
La Sorbona,propiedad de,municipalidad de París
KGB,país,Unión Soviética
KGB,instancia de,servicio de seguridad
KGB,campo de trabajo,contraespionaje
marino,instancia de,profesión
marino,instancia de,ocupación marítima
marino,subclase de,tripulación de barco
marino,ámbito de la ocupación,navegación a vela
marino,ámbito de la ocupación,náutica
"Universidad Estatal de California, Los Ángeles",país,Estados Unidos
"Universidad Estatal de California, Los Ángeles",instancia de,universidad
"Universidad Estatal de California, Los Ángeles",instancia de,institución educativa pública de los Estados Unidos
"Universidad Estatal de California, Los Ángeles",situado en la entidad territorial administrativa,Los Ángeles
"Universidad Estatal de California, Los Ángeles",ubicación de la sede,Los Ángeles
arquero,instancia de,profesión
arquero,subclase de,deportista
arquero,ámbito de la ocupación,tiro con arco
arquero,deporte,tiro con arco
arquero,categoría principal del tema,Categoría:Arqueros
Orden de la Amistad de los Pueblos,país,Unión Soviética
Orden de la Amistad de los Pueblos,instancia de,orden
Orden de la Amistad de los Pueblos,instancia de,condecoración civil
Orden de la Amistad de los Pueblos,lugar de formación,Moscú
Estado de México,jefe de gobierno,Alfredo del Mazo Maza
Estado de México,país,México
Estado de México,instancia de,estado de México
Estado de México,capital,Toluca de Lerdo
Estado de México,comparte fronteras con,Ciudad de México
relatoría especial de las Naciones Unidas,instancia de,cargo
relatoría especial de las Naciones Unidas,subclase de,relator
relatoría especial de las Naciones Unidas,categoría principal del tema,Categoría:Relatores especiales de Naciones Unidas
relatoría especial de las Naciones Unidas,aplica a la jurisdicción,Organización de las Naciones Unidas
relatoría especial de las Naciones Unidas,lista de interés para el proyecto Wikimedia,Wikiproyecto:Derechos humanos
ajedrecista,instancia de,profesión
ajedrecista,subclase de,deportista
ajedrecista,subclase de,jugador de juego de tablero
Universidad de Texas en Dallas,país,Estados Unidos
Universidad de Texas en Dallas,instancia de,universidad
Universidad de Texas en Dallas,instancia de,institución educativa pública de los Estados Unidos
Universidad de Texas en Dallas,situado en la entidad territorial administrativa,Richardson
Cot,país,Costa Rica
Cot,instancia de,distrito de Costa Rica
Cot,situado en la entidad territorial administrativa,Provincia de Cartago
Cot,situado en la entidad territorial administrativa,Cantón de Oreamuno
Cot,se encuentra en el huso horario,UTC−6
Alfonso Quesada Ramírez,Lugar de nacimiento,Alajuela
Alfonso Quesada Ramírez,Ocupación,entrenador
Alfonso Quesada Ramírez,Ciudadanía,Costa Rica
Alfonso Quesada Ramírez,Fecha de nacimiento,1988-03-15
Alfonso Quesada Ramírez,Ocupación,futbolista
Jorge Solís,Lugar de nacimiento,San Ramón
Jorge Solís,Ocupación,futbolista
Jorge Solís,Ciudadanía,Costa Rica
Jorge Solís,Fecha de nacimiento,2000-01-01
Jorge Solís,Fecha de defunción,1967-01-01
Jorge Solís,Lugar de nacimiento,Cantón de Palmares
José Antonio Hütt,Lugar de nacimiento,Costa Rica
José Antonio Hütt,Ocupación,futbolista
José Antonio Hütt,Ciudadanía,Costa Rica
José Antonio Hütt,Fecha de nacimiento,2000-01-01
José Antonio Hütt,Fecha de defunción,1991-01-01
José Francisco Ulloa,Lugar de nacimiento,Cartago
José Francisco Ulloa,Ocupación,sacerdote católico
José Francisco Ulloa,Ciudadanía,Costa Rica
José Francisco Ulloa,Cargo,obispo diocesano
José Francisco Ulloa,Fecha de nacimiento,1940-10-01
José Francisco Ulloa,Ocupación,obispo católico
José María Pinaud,Ocupación,político
José María Pinaud,Ciudadanía,Costa Rica
José María Pinaud,Fecha de nacimiento,1885-01-01
José María Pinaud,Fecha de defunción,1948-01-01
José María de Peralta y La Vega,Lugar de nacimiento,Jaén
José María de Peralta y La Vega,Ocupación,político
José María de Peralta y La Vega,Ciudadanía,Costa Rica
José María de Peralta y La Vega,Fecha de nacimiento,1763-09-28
José María de Peralta y La Vega,Fecha de defunción,1836-08-07
José Rafael Barquero Arce,Ocupación,sacerdote católico
José Rafael Barquero Arce,Ciudadanía,Costa Rica
José Rafael Barquero Arce,Cargo,obispo auxiliar
José Rafael Barquero Arce,Fecha de nacimiento,1931-10-27
José Rafael Barquero Arce,Fecha de defunción,2020-11-29
José Rafael Barquero Arce,Ocupación,obispo católico
José Rafael Barquero Arce,Cargo,obispo titular
José Rafael Barquero Arce,Cargo,obispo diocesano
José Rafael Quirós Quirós,Lugar de nacimiento,Llano Grande
José Rafael Quirós Quirós,Ocupación,sacerdote católico
José Rafael Quirós Quirós,Ciudadanía,Costa Rica
José Rafael Quirós Quirós,Educado en,Pontificia Universidad Gregoriana
José Rafael Quirós Quirós,Cargo,obispo diocesano
José Rafael Quirós Quirós,Fecha de nacimiento,1955-05-01
José Rafael Quirós Quirós,Ocupación,obispo católico
José Rafael Quirós Quirós,Cargo,Arzobispo de San José de Costa Rica
Juan José Lara Arias,Lugar de nacimiento,Alajuela
Juan José Lara Arias,Ocupación,político
Juan José Lara Arias,Ciudadanía,Costa Rica
Juan José Lara Arias,Fecha de nacimiento,1790-04-17
Juan José Lara Arias,Fecha de defunción,1856-06-21
Julio Fonseca,Lugar de nacimiento,San José
Julio Fonseca,Ocupación,compositor
Julio Fonseca,Ciudadanía,Costa Rica
Julio Fonseca,Fecha de nacimiento,1885-05-22
Julio Fonseca,Fecha de defunción,1950-06-22
Julio Fonseca,Fecha de defunción,1950-07-22
Alejandro Cardona,Lugar de nacimiento,San José
Alejandro Cardona,Ocupación,compositor
Alejandro Cardona,Ciudadanía,Costa Rica
Alejandro Cardona,Fecha de nacimiento,1959-08-26
Alejandro Cardona,Ocupación,guitarrista
Alejandro Cardona,Ocupación,director de cine
Róger Flores,Lugar de nacimiento,San José
Róger Flores,Ocupación,entrenador
Róger Flores,Ciudadanía,Costa Rica
Róger Flores,Fecha de nacimiento,1957-03-26
Róger Flores,Ocupación,futbolista
Róger Flores,Fecha de nacimiento,1959-05-26
Ricardo Castro Béeche,Lugar de nacimiento,San José
Ricardo Castro Béeche,Ocupación,abogado
Ricardo Castro Béeche,Ciudadanía,Costa Rica
Ricardo Castro Béeche,Empleador,La Nación
Ricardo Castro Béeche,Premio recibido,Premio María Moors Cabot
Ricardo Castro Béeche,Fecha de nacimiento,1894-04-11
Ricardo Castro Béeche,Fecha de defunción,1967-10-09
Ricardo Castro Béeche,Ocupación,político
Ricardo Castro Béeche,Ocupación,periodista
Rónald Gómez,Lugar de nacimiento,Puntarenas
Rónald Gómez,Ocupación,entrenador
Rónald Gómez,Ciudadanía,Costa Rica
Rónald Gómez,Fecha de nacimiento,1975-01-24
Rónald Gómez,Ocupación,futbolista
John Jairo Ruiz,Lugar de nacimiento,Puntarenas
John Jairo Ruiz,Ocupación,futbolista
John Jairo Ruiz,Ciudadanía,Costa Rica
John Jairo Ruiz,Fecha de nacimiento,1994-01-10
Luis González,Lugar de nacimiento,San José
Luis González,Ocupación,deportista
Luis González,Ciudadanía,Costa Rica
Luis González,Fecha de nacimiento,1945-11-19
Manuel Alvarado e Hidalgo,Lugar de nacimiento,San José
Manuel Alvarado e Hidalgo,Ocupación,político
Manuel Alvarado e Hidalgo,Ciudadanía,Costa Rica
Manuel Alvarado e Hidalgo,Fecha de nacimiento,1784-01-01
Manuel Alvarado e Hidalgo,Fecha de defunción,1836-01-21
Manuel Alvarado e Hidalgo,Ocupación,sacerdote católico
Marco Guillén,Ocupación,ciclista
Marco Guillén,Ciudadanía,Costa Rica
Marco Guillén,Fecha de nacimiento,1987-12-05
Marco Salas Morera,Ocupación,ciclista
Marco Salas Morera,Ciudadanía,Costa Rica
Marco Salas Morera,Fecha de nacimiento,1982-02-15
Marco Salas Arias,Ocupación,ciclista
Marco Salas Arias,Ciudadanía,Costa Rica
Marco Salas Arias,Fecha de nacimiento,1985-09-09
Marconi Durán Montoya,Lugar de nacimiento,Costa Rica
Marconi Durán Montoya,Ocupación,ciclista
Marconi Durán Montoya,Ciudadanía,Costa Rica
Marconi Durán Montoya,Fecha de nacimiento,1980-11-21
Jaén,jefe de gobierno,Julio Millán Muñoz
Jaén,país,España
Jaén,continente,Europa
Jaén,instancia de,municipio de España
Jaén,capital,Ciudad de Jaén
Llano Grande,país,Costa Rica
Llano Grande,instancia de,distrito de Costa Rica
Llano Grande,situado en la entidad territorial administrativa,Cantón de Cartago
Llano Grande,se encuentra en el huso horario,UTC−6
Pontificia Universidad Gregoriana,país,Italia
Pontificia Universidad Gregoriana,instancia de,universidad pontificia
Pontificia Universidad Gregoriana,instancia de,universidad jesuita
Pontificia Universidad Gregoriana,fundador,Ignacio de Loyola
Pontificia Universidad Gregoriana,situado en la entidad territorial administrativa,Roma
guitarrista,instancia de,ocupación
guitarrista,instancia de,profesión musical
guitarrista,subclase de,intérprete de instrumento de cuerda pulsada
guitarrista,ámbito de la ocupación,guitarra
Premio María Moors Cabot,país,Estados Unidos
Premio María Moors Cabot,instancia de,premio de periodismo
Premio María Moors Cabot,nombrado en referencia a,Maria Moors Cabot
Premio María Moors Cabot,categoría principal del tema,Categoría:Premio Maria Moors Cabot
Premio María Moors Cabot,conferido por,Universidad de Columbia
deportista,instancia de,profesión
deportista,instancia de,ocupación
deportista,subclase de,personalidad del deporte
deportista,santo patrón,Sebastián de Milán
deportista,ámbito de la ocupación,deporte
Christiana Figueres,Lugar de nacimiento,San José
Christiana Figueres,Ocupación,activista por el clima
Christiana Figueres,Ciudadanía,Costa Rica
Christiana Figueres,Educado en,Swarthmore College
Christiana Figueres,Empleador,Organización de las Naciones Unidas
Christiana Figueres,Cargo,Executive Secretary of the UNFCCC Secretariat
Christiana Figueres,Premio recibido,Caballero de la Orden Nacional de la Legión de Honor
Christiana Figueres,Fecha de nacimiento,1956-08-07
Christiana Figueres,Ocupación,político
Christiana Figueres,Premio recibido,Cruz federal de la República de Alemania al mérito
Christiana Figueres,Ocupación,economista
Christiana Figueres,Ocupación,diplomático
Christiana Figueres,Ocupación,podcaster
Christiana Figueres,Premio recibido,Dama comendadora de la Orden del Imperio británico
Christiana Figueres,Premio recibido,Officer of the Order of Orange-Nassau
Christiana Figueres,Premio recibido,100 Mujeres de la BBC
Christiana Figueres,Premio recibido,Premio Four Freedoms – Medalla de Libertad
Christiana Figueres,Premio recibido,Edinburgh Medal
Christiana Figueres,Premio recibido,Nature's 10
Christiana Figueres,Premio recibido,Doctor honoris causa por la Universidad de Georgetown
Christiana Figueres,Premio recibido,doctor honoris causa por la Universidad Concordia
Juan Carlos Rojas,Lugar de nacimiento,Zarcero
Juan Carlos Rojas,Ocupación,ciclista
Juan Carlos Rojas,Ciudadanía,Costa Rica
Juan Carlos Rojas,Fecha de nacimiento,1981-12-22
Isabel Montero de la Cámara,Lugar de nacimiento,San José
Isabel Montero de la Cámara,Ocupación,diplomático
Isabel Montero de la Cámara,Ciudadanía,Costa Rica
Isabel Montero de la Cámara,Cargo,embajador
Isabel Montero de la Cámara,Fecha de nacimiento,1942-01-01
Hugo Barrantes Ureña,Lugar de nacimiento,San Isidro de El General
Hugo Barrantes Ureña,Ocupación,sacerdote católico
Hugo Barrantes Ureña,Ciudadanía,Costa Rica
Hugo Barrantes Ureña,Cargo,obispo diocesano
Hugo Barrantes Ureña,Fecha de nacimiento,1936-05-21
Hugo Barrantes Ureña,Fecha de defunción,2024-09-28
Hugo Barrantes Ureña,Ocupación,obispo católico
Hugo Barrantes Ureña,Cargo,Arzobispo de San José de Costa Rica
José Rafael ¨Fello¨ Meza Ivancovich,Lugar de nacimiento,Cartago
José Rafael ¨Fello¨ Meza Ivancovich,Ocupación,futbolista
José Rafael ¨Fello¨ Meza Ivancovich,Ciudadanía,Costa Rica
José Rafael ¨Fello¨ Meza Ivancovich,Fecha de nacimiento,1920-07-06
José Rafael ¨Fello¨ Meza Ivancovich,Fecha de defunción,1988-06-15
José Rafael ¨Fello¨ Meza Ivancovich,Fecha de defunción,1988-07-15
Víctor Núñez Rodríguez,Lugar de nacimiento,Santo Domingo
Víctor Núñez Rodríguez,Ocupación,futbolista
Víctor Núñez Rodríguez,Ciudadanía,República Dominicana
Víctor Núñez Rodríguez,Fecha de nacimiento,1980-04-15
Víctor Núñez Rodríguez,Ciudadanía,Costa Rica
Alexandre Guimarães,Lugar de nacimiento,Maceió
Alexandre Guimarães,Ocupación,entrenador
Alexandre Guimarães,Ciudadanía,Brasil
Alexandre Guimarães,Fecha de nacimiento,1959-11-07
Alexandre Guimarães,Ocupación,futbolista
Alexandre Guimarães,Ciudadanía,Costa Rica
Christiana Figueres,Educado en,Escuela de Economía y Ciencia Política de Londres
Christiana Figueres,Premio recibido,Premio Dan David
Walter Centeno,Lugar de nacimiento,Palmar
Walter Centeno,Ocupación,entrenador
Walter Centeno,Ciudadanía,Costa Rica
Walter Centeno,Fecha de nacimiento,1974-10-06
Walter Centeno,Ocupación,futbolista
José María Alfaro Zamora,Lugar de nacimiento,Alajuela
José María Alfaro Zamora,Ocupación,juez
José María Alfaro Zamora,Ciudadanía,Costa Rica
José María Alfaro Zamora,Fecha de nacimiento,1799-03-20
José María Alfaro Zamora,Fecha de defunción,1856-06-12
José María Alfaro Zamora,Ocupación,político
Miguel Mora Porras,Lugar de nacimiento,San José
Miguel Mora Porras,Ocupación,político
Miguel Mora Porras,Ciudadanía,Costa Rica
Miguel Mora Porras,Fecha de nacimiento,1816-09-29
Miguel Mora Porras,Fecha de defunción,1887-06-15
Francisco María Oreamuno Bonilla,Lugar de nacimiento,Cartago
Francisco María Oreamuno Bonilla,Ocupación,político
Francisco María Oreamuno Bonilla,Ciudadanía,Costa Rica
Francisco María Oreamuno Bonilla,Fecha de nacimiento,1801-10-04
Francisco María Oreamuno Bonilla,Fecha de defunción,1856-05-23
Bernardo Soto Alfaro,Lugar de nacimiento,Alajuela
Bernardo Soto Alfaro,Ocupación,político
Bernardo Soto Alfaro,Ciudadanía,Costa Rica
Bernardo Soto Alfaro,Cargo,Presidente de Costa Rica
Bernardo Soto Alfaro,Fecha de nacimiento,1854-02-12
Bernardo Soto Alfaro,Fecha de defunción,1931-01-28
Bernardo Soto Alfaro,Ocupación,abogado defensor
Sylvia Poll,Lugar de nacimiento,Managua
Sylvia Poll,Ocupación,diplomático
Sylvia Poll,Ciudadanía,Costa Rica
Sylvia Poll,Fecha de nacimiento,1970-09-24
Sylvia Poll,Ocupación,nadador
Elizabeth Odio Benito,Lugar de nacimiento,Puntarenas
Elizabeth Odio Benito,Ocupación,juez
Elizabeth Odio Benito,Ciudadanía,Costa Rica
Elizabeth Odio Benito,Educado en,Universidad de Costa Rica
Elizabeth Odio Benito,Cargo,juez de la Corte Penal Internacional
Elizabeth Odio Benito,Premio recibido,La Galería de las Mujeres de Costa Rica
Elizabeth Odio Benito,Fecha de nacimiento,1939-09-15
Elizabeth Odio Benito,Ocupación,escritor
Elizabeth Odio Benito,Ocupación,abogado
Elizabeth Odio Benito,Ocupación,político
Elizabeth Odio Benito,Ocupación,ministro
Elizabeth Odio Benito,Ocupación,jurista
Elizabeth Odio Benito,Ocupación,economista
Elizabeth Odio Benito,Ocupación,profesor universitario
Elizabeth Odio Benito,Premio recibido,doctor honoris causa por la Universidad Complutense de Madrid
Elizabeth Odio Benito,Cargo,Vicepresidente de Costa Rica
Giannina Facio,Lugar de nacimiento,San José
Giannina Facio,Ocupación,productor de cine
Giannina Facio,Ciudadanía,Costa Rica
Giannina Facio,Fecha de nacimiento,1955-09-10
Giannina Facio,Ocupación,showgirl
Giannina Facio,Ocupación,actor de cine
Rolando Fonseca,Lugar de nacimiento,San José
Rolando Fonseca,Ocupación,futbolista
Rolando Fonseca,Ciudadanía,Costa Rica
Rolando Fonseca,Fecha de nacimiento,1974-06-06
Jeaustin Campos,Lugar de nacimiento,San Isidro de El General
Jeaustin Campos,Ocupación,entrenador
Jeaustin Campos,Ciudadanía,Costa Rica
Jeaustin Campos,Educado en,Universidad Panamericana
Jeaustin Campos,Fecha de nacimiento,1971-06-30
Andrey Amador,Lugar de nacimiento,San José
Andrey Amador,Ocupación,ciclista
Andrey Amador,Ciudadanía,Costa Rica
Andrey Amador,Fecha de nacimiento,1986-08-29
Nery Brenes,Lugar de nacimiento,Limón
Nery Brenes,Ocupación,velocista
Nery Brenes,Ciudadanía,Costa Rica
Nery Brenes,Fecha de nacimiento,1985-09-25
Nery Brenes,Ocupación,atleta
Rodney Wallace,Lugar de nacimiento,San José
Rodney Wallace,Ocupación,futbolista
Rodney Wallace,Ciudadanía,Costa Rica
Rodney Wallace,Educado en,Universidad de Maryland
Rodney Wallace,Fecha de nacimiento,1988-06-17
Rodney Wallace,Educado en,Bullis School
activista por el clima,instancia de,ocupación
activista por el clima,subclase de,activista por los derechos humanos
activista por el clima,subclase de,ambientalista
activista por el clima,subclase de,activista
activista por el clima,manifestación de,activismo climático
Swarthmore College,país,Estados Unidos
Swarthmore College,instancia de,universidad de artes liberales
Swarthmore College,instancia de,institución educativa privada sin fines de lucro
Swarthmore College,situado en la entidad territorial administrativa,Swarthmore
Organización de las Naciones Unidas,objetivo del proyecto o de la acción,paz
Organización de las Naciones Unidas,objetivo del proyecto o de la acción,donación
Organización de las Naciones Unidas,secretario general,António Guterres
Organización de las Naciones Unidas,categoría para empleados de la organización,Categoría:Directivos de la Organización de las Naciones Unidas
Zarcero,país,Costa Rica
Zarcero,instancia de,ciudad
Zarcero,instancia de,distrito de Costa Rica
Zarcero,situado en la entidad territorial administrativa,Cantón de Zarcero
Zarcero,se encuentra en el huso horario,UTC−6
Santo Domingo,país,República Dominicana
Santo Domingo,instancia de,ciudad
Santo Domingo,instancia de,gran ciudad
Santo Domingo,fundador,Bartolomé Colón
Santo Domingo,situado en la entidad territorial administrativa,Distrito Nacional
Maceió,país,Brasil
Maceió,instancia de,municipio de Brasil
Maceió,comparte fronteras con,Río Largo
Maceió,comparte fronteras con,Marechal Deodoro
Maceió,comparte fronteras con,Barra de Santo Antônio
Brasil,comparte fronteras con,Uruguay
Brasil,comparte fronteras con,Francia
Brasil,comparte fronteras con,Argentina
Brasil,comparte fronteras con,Perú
Brasil,comparte fronteras con,Venezuela
juez de la Corte Penal Internacional,instancia de,cargo
juez de la Corte Penal Internacional,subclase de,juez
juez de la Corte Penal Internacional,forma parte de,Corte Penal Internacional
juez de la Corte Penal Internacional,categoría principal del tema,Categoría:Jueces de la Corte Penal Internacional
productor de cine,instancia de,profesión del cine
productor de cine,subclase de,productor
productor de cine,ámbito de la ocupación,producción cinematográfica
showgirl,instancia de,profesión
showgirl,nombrado en referencia a,femenino
showgirl,nombrado en referencia a,espectáculo
showgirl,subclase de,artista escénico
showgirl,categoría principal del tema,Categoría:Showgirls
Universidad Panamericana,país,Costa Rica
Universidad Panamericana,instancia de,universidad privada
Universidad Panamericana,situado en la entidad territorial administrativa,Provincia de San José
velocista,instancia de,profesión
velocista,instancia de,disciplina deportiva
velocista,subclase de,corredor
velocista,ámbito de la ocupación,carrera de velocidad
velocista,deporte,atletismo
Universidad de Maryland,filial,Robert H. Smith School of Business
Jennifer Sanchez,Ocupación,baloncestista
Jennifer Sanchez,Ciudadanía,Costa Rica
Jennifer Sanchez,Fecha de nacimiento,1996-12-29
Universidad de Georgetown,país,Estados Unidos
Universidad de Georgetown,instancia de,universidad católica
Universidad de Georgetown,instancia de,universidad privada
Universidad de Georgetown,instancia de,universidad de investigación
Universidad de Georgetown,instancia de,institución educativa privada sin fines de lucro
baloncestista,instancia de,profesión
baloncestista,subclase de,deportista
baloncestista,subclase de,jugador competitivo
baloncestista,forma parte de,club de baloncesto
baloncestista,ámbito de la ocupación,baloncesto
Erick Corrales,Lugar de nacimiento,San José
Erick Corrales,Ocupación,entrenador
Erick Corrales,Ciudadanía,Costa Rica
Erick Corrales,Fecha de nacimiento,1984-11-01
Erick Corrales,Fecha de defunción,2025-07-10
Erick Corrales,Ocupación,futbolista
Juan Carlos Mendoza García,Lugar de nacimiento,San José
Juan Carlos Mendoza García,Ocupación,político
Juan Carlos Mendoza García,Ciudadanía,Costa Rica
Juan Carlos Mendoza García,Educado en,Universidad de Costa Rica
Juan Carlos Mendoza García,Cargo,President of the Legislative Assembly of Costa Rica
Juan Carlos Mendoza García,Fecha de nacimiento,1975-07-07
Juan Carlos Mendoza García,Ocupación,diplomático
Jorge Hernán Monge,Lugar de nacimiento,Desamparados
Jorge Hernán Monge,Ocupación,entrenador
Jorge Hernán Monge,Ciudadanía,Costa Rica
Jorge Hernán Monge,Fecha de nacimiento,1938-02-14
Jorge Hernán Monge,Fecha de defunción,2019-11-28
Jorge Hernán Monge,Ocupación,futbolista
Ernesto Fonseca,Lugar de nacimiento,San José
Ernesto Fonseca,Ocupación,piloto de motocross
Ernesto Fonseca,Ciudadanía,Costa Rica
Ernesto Fonseca,Fecha de nacimiento,1981-09-03
Errol Daniels,Lugar de nacimiento,Cantón de Guácimo
Errol Daniels,Ocupación,entrenador
Errol Daniels,Ciudadanía,Costa Rica
Errol Daniels,Fecha de nacimiento,1944-05-17
Errol Daniels,Ocupación,futbolista
Esteban Mullins,Ocupación,esgrimista
Esteban Mullins,Ciudadanía,Costa Rica
Esteban Mullins,Fecha de nacimiento,1967-02-02
Florentino Alfaro Zamora,Lugar de nacimiento,Alajuela
Florentino Alfaro Zamora,Ocupación,político
Florentino Alfaro Zamora,Ciudadanía,Costa Rica
Florentino Alfaro Zamora,Fecha de nacimiento,1805-01-01
Florentino Alfaro Zamora,Fecha de defunción,1871-01-01
Eugenio Rodríguez Vega,Lugar de nacimiento,Cantón de San Ramón
Eugenio Rodríguez Vega,Ocupación,escritor
Eugenio Rodríguez Vega,Ciudadanía,Costa Rica
Eugenio Rodríguez Vega,Educado en,Universidad de Costa Rica
Eugenio Rodríguez Vega,Empleador,Universidad de Costa Rica
Eugenio Rodríguez Vega,Cargo,rector
Eugenio Rodríguez Vega,Fecha de nacimiento,1925-08-18
Eugenio Rodríguez Vega,Fecha de defunción,2008-03-10
Eugenio Rodríguez Vega,Ocupación,abogado
Eugenio Rodríguez Vega,Ocupación,político
Eugenio Rodríguez Vega,Ocupación,historiador
Eugenio Rodríguez Vega,Ocupación,profesor universitario
Eugenio Rodríguez Vega,Empleador,Universidad de Puerto Rico
Juan Diego Quesada,Ocupación,entrenador
Juan Diego Quesada,Ciudadanía,Costa Rica
Juan Diego Quesada,Empleador,Liberia Mía
Juan Diego Quesada,Fecha de nacimiento,1901-01-01
Saúl Phillips,Lugar de nacimiento,Liberia
Saúl Phillips,Ocupación,entrenador
Saúl Phillips,Ciudadanía,Costa Rica
Saúl Phillips,Fecha de nacimiento,1984-10-03
Saúl Phillips,Ocupación,futbolista
Gonzalo Morales Sáurez,Lugar de nacimiento,San José
Gonzalo Morales Sáurez,Ocupación,pintor
Gonzalo Morales Sáurez,Ciudadanía,Costa Rica
Gonzalo Morales Sáurez,Educado en,Real Academia de Bellas Artes de San Fernando
Gonzalo Morales Sáurez,Fecha de nacimiento,1945-07-09
Gonzalo Morales Sáurez,Fecha de defunción,2017-12-22
Gonzalo Morales Sáurez,Ocupación,escultor
Eusebio Figueroa Oreamuno,Lugar de nacimiento,Cartago
Eusebio Figueroa Oreamuno,Ocupación,juez
Eusebio Figueroa Oreamuno,Ciudadanía,Costa Rica
Eusebio Figueroa Oreamuno,Fecha de nacimiento,1827-05-01
Eusebio Figueroa Oreamuno,Fecha de defunción,1883-01-01
Eusebio Figueroa Oreamuno,Ocupación,político
Eusebio Prieto y Ruiz,Lugar de nacimiento,Cartago
Eusebio Prieto y Ruiz,Ocupación,juez
Eusebio Prieto y Ruiz,Ciudadanía,Costa Rica
Eusebio Prieto y Ruiz,Fecha de nacimiento,1808-11-07
Eusebio Prieto y Ruiz,Fecha de defunción,1850-03-21
Eusebio Prieto y Ruiz,Ocupación,político
Ezequiel Gutiérrez Iglesias,Lugar de nacimiento,Cartago
Ezequiel Gutiérrez Iglesias,Ocupación,juez
Ezequiel Gutiérrez Iglesias,Ciudadanía,Costa Rica
Ezequiel Gutiérrez Iglesias,Fecha de nacimiento,1840-08-23
Ezequiel Gutiérrez Iglesias,Fecha de defunción,1920-08-22
Ezequiel Gutiérrez Iglesias,Ocupación,político
Fausto González,Lugar de nacimiento,Quesada
Fausto González,Ocupación,entrenador
Fausto González,Ciudadanía,Costa Rica
Fausto González,Fecha de nacimiento,1978-09-13
Fausto González,Ocupación,futbolista
Federico Miranda,Lugar de nacimiento,San José
Federico Miranda,Ocupación,guitarrista
Federico Miranda,Ciudadanía,Costa Rica
Federico Miranda,Fecha de nacimiento,1976-01-20
Felipe Francisco Molina y Bedoya,Ocupación,político
Felipe Francisco Molina y Bedoya,Ciudadanía,Costa Rica
Felipe Francisco Molina y Bedoya,Cargo,Ministro Plenipotenciario de El Salvador en los Estados Unidos de América
Felipe Francisco Molina y Bedoya,Fecha de defunción,1855-01-01
Felipe Francisco Molina y Bedoya,Ocupación,diplomático
Ferdinand Steinvorth,Ocupación,piragüista
Ferdinand Steinvorth,Ciudadanía,Costa Rica
Ferdinand Steinvorth,Fecha de nacimiento,1973-06-16
Fernando Baudrit Solera,Lugar de nacimiento,Heredia
Fernando Baudrit Solera,Ocupación,juez
Fernando Baudrit Solera,Ciudadanía,Costa Rica
Fernando Baudrit Solera,Empleador,Universidad de Costa Rica
Fernando Baudrit Solera,Fecha de nacimiento,1907-10-23
Fernando Baudrit Solera,Fecha de defunción,1975-06-12
Fernando Contreras Castro,Lugar de nacimiento,Alajuela
Fernando Contreras Castro,Ocupación,escritor
Fernando Contreras Castro,Ciudadanía,Costa Rica
Fernando Contreras Castro,Educado en,Universidad de Costa Rica
Fernando Contreras Castro,Fecha de nacimiento,1963-01-04
Fernando Contreras Castro,Ocupación,profesor universitario
piloto de motocross,instancia de,ocupación
piloto de motocross,elemento operado,Motocicleta de cross
piloto de motocross,subclase de,piloto de motociclismo
piloto de motocross,ámbito de la ocupación,motocross
Cantón de Guácimo,país,Costa Rica
Cantón de Guácimo,instancia de,cantón de Costa Rica
Cantón de Guácimo,capital,Guácimo
Cantón de Guácimo,comparte fronteras con,Cantón de Siquirres
Cantón de Guácimo,comparte fronteras con,Cantón de Pococí
Cantón de San Ramón,país,Costa Rica
Cantón de San Ramón,instancia de,cantón de Costa Rica
Cantón de San Ramón,capital,San Ramón
Cantón de San Ramón,comparte fronteras con,Cantón de Montes de Oro
Liberia Mía,país,Costa Rica
Liberia Mía,instancia de,club de fútbol
Liberia Mía,estadio,Estadio Edgardo Baltodano Briceño
Liberia Mía,liga,Liga Nacional de Costa Rica 1921
Liberia Mía,ubicación de la sede,Liberia
Real Academia de Bellas Artes de San Fernando,país,España
Real Academia de Bellas Artes de San Fernando,instancia de,museo
Real Academia de Bellas Artes de San Fernando,instancia de,museo de arte
Real Academia de Bellas Artes de San Fernando,instancia de,academia de bellas artes
Real Academia de Bellas Artes de San Fernando,instancia de,academia nacional
Ministro Plenipotenciario de El Salvador en los Estados Unidos de América,país,Estados Unidos
Ministro Plenipotenciario de El Salvador en los Estados Unidos de América,instancia de,rango diplomático
Ministro Plenipotenciario de El Salvador en los Estados Unidos de América,empleador,El Salvador
Ministro Plenipotenciario de El Salvador en los Estados Unidos de América,subclase de,ministro plenipotenciario
piragüista,instancia de,profesión
piragüista,subclase de,deportista
piragüista,ámbito de la ocupación,piragüismo
piragüista,ámbito de la ocupación,piragüismo en aguas tranquilas
Giovana Echeverri,Ocupación,baloncestista
Giovana Echeverri,Ciudadanía,Costa Rica
Giovana Echeverri,Fecha de nacimiento,2002-11-24
Iyanla Johnson,Ocupación,baloncestista
Iyanla Johnson,Ciudadanía,Costa Rica
Iyanla Johnson,Fecha de nacimiento,2002-09-05
Nicole Guevara,Ocupación,baloncestista
Nicole Guevara,Ciudadanía,Costa Rica
Nicole Guevara,Fecha de nacimiento,2002-02-05
Jeikol Rojas Solis,Ocupación,baloncestista
Jeikol Rojas Solis,Ciudadanía,Costa Rica
Jeikol Rojas Solis,Fecha de nacimiento,2002-02-26
Jose Daniel Martinez Amores,Ocupación,baloncestista
Jose Daniel Martinez Amores,Ciudadanía,Costa Rica
Jose Daniel Martinez Amores,Fecha de nacimiento,2002-08-12
Jose Manuel Gonzalez Sanchez,Ocupación,baloncestista
Jose Manuel Gonzalez Sanchez,Ciudadanía,Costa Rica
Jose Manuel Gonzalez Sanchez,Fecha de nacimiento,2002-07-30
Moises Bogantes Vargas,Ocupación,baloncestista
Moises Bogantes Vargas,Ciudadanía,Costa Rica
Moises Bogantes Vargas,Fecha de nacimiento,2002-06-01
Isaac McCarthy Arburola,Ocupación,baloncestista
Isaac McCarthy Arburola,Ciudadanía,Costa Rica
Isaac McCarthy Arburola,Fecha de nacimiento,2002-04-26
Jhon Dereck Salas Loaiza,Ocupación,baloncestista
Jhon Dereck Salas Loaiza,Ciudadanía,Costa Rica
Jhon Dereck Salas Loaiza,Fecha de nacimiento,2002-05-26
Johan Obregon,Ocupación,baloncestista
Johan Obregon,Ciudadanía,Costa Rica
Johan Obregon,Fecha de nacimiento,2002-01-05
Sebastian Avila,Ocupación,baloncestista
Sebastian Avila,Ciudadanía,Costa Rica
Sebastian Avila,Fecha de nacimiento,2003-11-08
Maripaz Calvo,Ocupación,baloncestista
Maripaz Calvo,Ciudadanía,Costa Rica
Maripaz Calvo,Fecha de nacimiento,2003-06-24
Alexa Alfaro,Ocupación,baloncestista
Alexa Alfaro,Ciudadanía,Costa Rica
Alexa Alfaro,Fecha de nacimiento,2004-09-28
Marypaz Martinez,Ocupación,baloncestista
Marypaz Martinez,Ciudadanía,Costa Rica
Marypaz Martinez,Fecha de nacimiento,2004-04-21
Paola Giron,Ocupación,baloncestista
Paola Giron,Ciudadanía,Costa Rica
Paola Giron,Fecha de nacimiento,2003-05-08
Ariana Mora,Ocupación,baloncestista
Ariana Mora,Ciudadanía,Costa Rica
Ariana Mora,Fecha de nacimiento,2003-02-09
Daniella Hernandez,Ocupación,baloncestista
Daniella Hernandez,Ciudadanía,Costa Rica
Daniella Hernandez,Fecha de nacimiento,2003-11-04
Yanique Vivicka Johnson Gomez,Ocupación,baloncestista
Yanique Vivicka Johnson Gomez,Ciudadanía,Costa Rica
Yanique Vivicka Johnson Gomez,Fecha de nacimiento,2004-06-21
Fabiana Briceño,Ocupación,baloncestista
Fabiana Briceño,Ciudadanía,Costa Rica
Fabiana Briceño,Fecha de nacimiento,2003-09-09
Mariana Cubero,Ocupación,baloncestista
Mariana Cubero,Ciudadanía,Estados Unidos
Mariana Cubero,Fecha de nacimiento,2004-03-22
Mariana Cubero,Ciudadanía,Costa Rica
Gerardo Solano,Lugar de nacimiento,San José
Gerardo Solano,Ocupación,entrenador
Gerardo Solano,Ciudadanía,Costa Rica
Gerardo Solano,Fecha de nacimiento,1953-12-24
Gerardo Solano,Fecha de defunción,2000-01-01
Gerardo Solano,Ocupación,futbolista
Gerardo Trejos Salas,Lugar de nacimiento,San José
Gerardo Trejos Salas,Ocupación,abogado
Gerardo Trejos Salas,Ciudadanía,Costa Rica
Gerardo Trejos Salas,Fecha de nacimiento,1946-08-19
Gerardo Trejos Salas,Fecha de defunción,2012-04-17
Gerardo Trejos Salas,Ocupación,político
Germán Serrano Pinto,Lugar de nacimiento,San José
Germán Serrano Pinto,Ocupación,abogado
Germán Serrano Pinto,Ciudadanía,Costa Rica
Germán Serrano Pinto,Fecha de nacimiento,1940-03-30
Germán Serrano Pinto,Fecha de defunción,2016-05-21
Germán Serrano Pinto,Ocupación,político
Gerónima Montealegre,Lugar de nacimiento,San José
Gerónima Montealegre,Ocupación,primera dama
Gerónima Montealegre,Ciudadanía,Costa Rica
Gerónima Montealegre,Cargo,primera dama o primer caballero de Costa Rica
Gerónima Montealegre,Fecha de nacimiento,1823-10-30
Gerónima Montealegre,Fecha de defunción,1892-09-16
Gerónima Montealegre,Ocupación,filántropo
Giancarlo Guerrero,Lugar de nacimiento,Costa Rica
Giancarlo Guerrero,Ocupación,director de orquesta
Giancarlo Guerrero,Ciudadanía,Costa Rica
Giancarlo Guerrero,Educado en,Bienen School of Music
Giancarlo Guerrero,Cargo,director musical
Giancarlo Guerrero,Fecha de nacimiento,1969-03-14
Giancarlo Guerrero,Ocupación,director musical
Juan Esteban Gregorio Martínez de Pinillos,Ocupación,político
Juan Esteban Gregorio Martínez de Pinillos,Ciudadanía,España
Juan Esteban Gregorio Martínez de Pinillos,Fecha de nacimiento,1747-01-01
Juan Esteban Gregorio Martínez de Pinillos,Ciudadanía,Costa Rica
Gilda Montenegro,Lugar de nacimiento,San José
Gilda Montenegro,Ocupación,kayakista
Gilda Montenegro,Ciudadanía,Costa Rica
Gilda Montenegro,Fecha de nacimiento,1967-01-27
Miguel Blanco Quirós,Lugar de nacimiento,Provincia de Puntarenas
Miguel Blanco Quirós,Ocupación,juez
Miguel Blanco Quirós,Ciudadanía,Costa Rica
Miguel Blanco Quirós,Fecha de nacimiento,1919-10-29
Miguel Blanco Quirós,Fecha de defunción,2009-09-13
Miguel Blanco Quirós,Ocupación,abogado
Juan Vázquez de Coronado,Lugar de nacimiento,Salamanca
Juan Vázquez de Coronado,Ocupación,político
Juan Vázquez de Coronado,Ciudadanía,Costa Rica
Juan Vázquez de Coronado,Fecha de nacimiento,1523-01-01
Juan Vázquez de Coronado,Fecha de defunción,1565-01-01
Juan Vázquez de Coronado,Ocupación,conquistador
Juan Vázquez de Coronado,Ocupación,explorador
Guillermo Guardia,Lugar de nacimiento,San José
Guillermo Guardia,Ocupación,entrenador
Guillermo Guardia,Ciudadanía,Costa Rica
Guillermo Guardia,Fecha de nacimiento,1960-01-27
Guillermo Guardia,Ocupación,futbolista
Guillermo León,Lugar de nacimiento,San José
Guillermo León,Ocupación,entrenador
Guillermo León,Ciudadanía,Costa Rica
Guillermo León,Fecha de nacimiento,1925-01-01
Guillermo León,Fecha de defunción,2010-07-07
Guillermo León,Ocupación,árbitro de fútbol
Guillermo León,Ocupación,futbolista
José Santiago de Bonilla y Laya-Bolívar,Ocupación,político
José Santiago de Bonilla y Laya-Bolívar,Ciudadanía,Costa Rica
José Santiago de Bonilla y Laya-Bolívar,Fecha de nacimiento,1756-01-01
José Santiago de Bonilla y Laya-Bolívar,Fecha de defunción,1824-01-01
Luis Ferrero Acosta,Lugar de nacimiento,Orotina
Luis Ferrero Acosta,Ocupación,escritor
Luis Ferrero Acosta,Ciudadanía,Costa Rica
Luis Ferrero Acosta,Fecha de nacimiento,1930-01-31
Luis Ferrero Acosta,Fecha de defunción,2005-10-17
Luis Ferrero Acosta,Ocupación,conservador de museo
Rodolfo Piza Escalante,Lugar de nacimiento,San José
Rodolfo Piza Escalante,Ocupación,abogado
Rodolfo Piza Escalante,Ciudadanía,Costa Rica
Rodolfo Piza Escalante,Educado en,Universidad Complutense de Madrid
Rodolfo Piza Escalante,Fecha de nacimiento,1930-07-24
Rodolfo Piza Escalante,Fecha de defunción,2002-01-13
Rodolfo Piza Escalante,Educado en,Universidad de Costa Rica
Hanna Gabriel,Lugar de nacimiento,Alajuela
Hanna Gabriel,Ocupación,boxeador
Hanna Gabriel,Ciudadanía,Costa Rica
Hanna Gabriel,Fecha de nacimiento,1983-01-14
Juan González Reyes,Lugar de nacimiento,Heredia
Juan González Reyes,Ocupación,político
Juan González Reyes,Ciudadanía,Costa Rica
Juan González Reyes,Fecha de nacimiento,1808-06-27
Juan González Reyes,Fecha de defunción,1871-04-11
Abelardo Bonilla Baldares,Lugar de nacimiento,Cartago
Abelardo Bonilla Baldares,Ocupación,escritor
Abelardo Bonilla Baldares,Ciudadanía,Costa Rica
Abelardo Bonilla Baldares,Premio recibido,Gran Cruz de la Orden Civil de Alfonso X el Sabio
Abelardo Bonilla Baldares,Fecha de nacimiento,1898-12-05
Abelardo Bonilla Baldares,Fecha de defunción,1969-01-19
Abelardo Bonilla Baldares,Ocupación,político
Manuel Ruiz,Lugar de nacimiento,San José
Manuel Ruiz,Ocupación,actor
Manuel Ruiz,Ciudadanía,Costa Rica
Manuel Ruiz,Fecha de nacimiento,1957-02-15
Aczarri,Ocupación,político
Aczarri,Ciudadanía,Costa Rica
Adela Herrán,Lugar de nacimiento,San José
Adela Herrán,Ciudadanía,Costa Rica
Adela Herrán,Cargo,primera dama o primer caballero de Costa Rica
Adela Herrán,Fecha de nacimiento,1861-02-06
Adela Herrán,Fecha de defunción,1932-04-15
director de orquesta,instancia de,profesión
director de orquesta,instancia de,cargo
director de orquesta,instancia de,profesión musical
director de orquesta,subclase de,músico
director de orquesta,subclase de,artista escénico
Bienen School of Music,país,Estados Unidos
Bienen School of Music,instancia de,organización
Bienen School of Music,instancia de,conservatorio de música
Bienen School of Music,instancia de,escuela de música
Bienen School of Music,situado en la entidad territorial administrativa,Evanston
director musical,instancia de,rol social
director musical,instancia de,cargo
director musical,instancia de,profesión musical
director musical,subclase de,director
kayakista,instancia de,ocupación
kayakista,subclase de,deportista
kayakista,subclase de,barquero
kayakista,ámbito de la ocupación,piragüismo
Salamanca,jefe de gobierno,Carlos Manuel García Carbayo
Salamanca,país,España
Salamanca,continente,Europa
Salamanca,instancia de,municipio de España
Salamanca,comparte fronteras con,Cabrerizos
Orotina,país,Costa Rica
Orotina,instancia de,distrito de Costa Rica
Orotina,situado en la entidad territorial administrativa,Cantón de Orotina
Orotina,se encuentra en el huso horario,UTC−6
Orotina,capital de,Cantón de Orotina
boxeador,instancia de,profesión
boxeador,subclase de,deportista
boxeador,subclase de,artista marcial
boxeador,ámbito de la ocupación,boxeo
boxeador,ámbito de la ocupación,boxeo aficionado
Gran Cruz de la Orden Civil de Alfonso X el Sabio,país,España
Gran Cruz de la Orden Civil de Alfonso X el Sabio,instancia de,grado de una orden
Gran Cruz de la Orden Civil de Alfonso X el Sabio,subclase de,Gran Cruz
Gran Cruz de la Orden Civil de Alfonso X el Sabio,forma parte de,Orden Civil de Alfonso X el Sabio
Gran Cruz de la Orden Civil de Alfonso X el Sabio,categoría para los galardonados con este premio,Categoría:Grandes cruces de la Orden de Alfonso X el Sabio
Adela Salazar,Lugar de nacimiento,San José
Adela Salazar,Ciudadanía,Costa Rica
Adela Salazar,Cargo,primera dama o primer caballero de Costa Rica
Adela Salazar,Fecha de nacimiento,1869-11-20
Adela Salazar,Fecha de defunción,1907-04-12
Adriano Corrales Arias,Lugar de nacimiento,Cantón de San Carlos
Adriano Corrales Arias,Ocupación,escritor
Adriano Corrales Arias,Ciudadanía,Costa Rica
Adriano Corrales Arias,Fecha de nacimiento,1958-01-01
Aida Faingezicht Waisleder,Lugar de nacimiento,Costa Rica
Aida Faingezicht Waisleder,Ocupación,actor
Aida Faingezicht Waisleder,Ciudadanía,Costa Rica
Aida Faingezicht Waisleder,Premio recibido,Gran Cruz de la Orden de Isabel la Católica
Aida Faingezicht Waisleder,Fecha de nacimiento,1952-01-06
Aida Faingezicht Waisleder,Ocupación,político
Aida Faingezicht Waisleder,Ocupación,psicólogo
Aida Faingezicht Waisleder,Ocupación,periodista
Alberto Echandi Montero,Lugar de nacimiento,San José
Alberto Echandi Montero,Ocupación,abogado
Alberto Echandi Montero,Ciudadanía,Costa Rica
Alberto Echandi Montero,Educado en,Universidad de Santo Tomás (Costa Rica)
Alberto Echandi Montero,Fecha de nacimiento,1870-02-18
Alberto Echandi Montero,Fecha de defunción,1944-09-28
Alberto Echandi Montero,Ocupación,político
Alberto Echandi Montero,Ocupación,diplomático
Alberto Manuel Brenes Mora,Lugar de nacimiento,San Ramón
Alberto Manuel Brenes Mora,Ocupación,recolector de plantas
Alberto Manuel Brenes Mora,Ciudadanía,Costa Rica
Alberto Manuel Brenes Mora,Fecha de nacimiento,1870-09-02
Alberto Manuel Brenes Mora,Fecha de defunción,1948-05-28
Alberto Manuel Brenes Mora,Ocupación,botánico
Alejandra Castro,Lugar de nacimiento,Cantón de San José
Alejandra Castro,Ocupación,escritor
Alejandra Castro,Ciudadanía,Costa Rica
Alejandra Castro,Educado en,Universidad de Costa Rica
Alejandra Castro,Premio recibido,Premio Joven Creación
Alejandra Castro,Fecha de nacimiento,1974-01-01
Alejandra Castro,Ocupación,abogado
Alejandro Aguilar,Lugar de nacimiento,Provincia de Alajuela
Alejandro Aguilar,Ocupación,futbolista
Alejandro Aguilar,Ciudadanía,Costa Rica
Alejandro Aguilar,Fecha de nacimiento,1990-10-10
Alejandro Alvarado Quirós,Lugar de nacimiento,San José
Alejandro Alvarado Quirós,Ocupación,escritor
Alejandro Alvarado Quirós,Ciudadanía,Costa Rica
Alejandro Alvarado Quirós,Fecha de nacimiento,1876-08-18
Alejandro Alvarado Quirós,Fecha de defunción,1945-05-20
Alejandro Alvarado Quirós,Ocupación,político
Aleksandr Skliutovski,Lugar de nacimiento,Unión Soviética
Aleksandr Skliutovski,Ocupación,pianista
Aleksandr Skliutovski,Ciudadanía,Costa Rica
Aleksandr Skliutovski,Fecha de nacimiento,1960-01-01
Aleksandr Skliutovski,Ocupación,profesor de música
Aleksandr Skliutovski,Ciudadanía,Unión Soviética
Alexander Robinson,Lugar de nacimiento,San Vicente
Alexander Robinson,Ocupación,futbolista
Alexander Robinson,Ciudadanía,Costa Rica
Alexander Robinson,Fecha de nacimiento,1988-11-21
Alexánder Obando,Lugar de nacimiento,San José
Alexánder Obando,Ocupación,escritor
Alexánder Obando,Ciudadanía,Costa Rica
Alexánder Obando,Fecha de nacimiento,1958-07-14
Alexánder Obando,Fecha de defunción,2020-09-15
Alexánder Obando,Ocupación,escritor de ciencia ficción
Alfonso Chacón Rodríguez,Lugar de nacimiento,San José
Alfonso Chacón Rodríguez,Ocupación,escritor
Alfonso Chacón Rodríguez,Ciudadanía,Costa Rica
Alfonso Chacón Rodríguez,Educado en,Universidad Nacional de Mar del Plata
Alfonso Chacón Rodríguez,Fecha de nacimiento,1967-01-01
Alfonso Ulloa Zamora,Lugar de nacimiento,San José
Alfonso Ulloa Zamora,Ocupación,escritor
Alfonso Ulloa Zamora,Ciudadanía,Costa Rica
Alfonso Ulloa Zamora,Fecha de nacimiento,1914-01-01
Alfonso Ulloa Zamora,Fecha de defunción,2000-01-01
Alfredo Castro Fernández,Ocupación,escritor
Alfredo Castro Fernández,Ciudadanía,Costa Rica
Alfredo Castro Fernández,Fecha de nacimiento,1889-01-01
Alfredo Castro Fernández,Fecha de defunción,1966-01-01
Alfredo Trejos,Lugar de nacimiento,San José
Alfredo Trejos,Ocupación,escritor
Alfredo Trejos,Ciudadanía,Costa Rica
Alfredo Trejos,Fecha de nacimiento,1977-01-01
Alonso Anguciana de Gamboa,Lugar de nacimiento,Brihuega
Alonso Anguciana de Gamboa,Ocupación,político
Alonso Anguciana de Gamboa,Ciudadanía,Costa Rica
Alonso Anguciana de Gamboa,Fecha de nacimiento,1600-01-01
Alonso Anguciana de Gamboa,Fecha de defunción,1700-01-01
Alonso Correque,Ocupación,político
Alonso Correque,Ciudadanía,Costa Rica
Alonso Correque,Fecha de nacimiento,1550-01-01
Alonso Correque,Fecha de defunción,1699-01-01
Alí Víquez Jiménez,Lugar de nacimiento,Heredia
Alí Víquez Jiménez,Ocupación,escritor
Alí Víquez Jiménez,Ciudadanía,Costa Rica
Alí Víquez Jiménez,Fecha de nacimiento,1966-01-01
Amalia Chaverri Fonseca,Lugar de nacimiento,San José
Amalia Chaverri Fonseca,Ocupación,profesor universitario
Amalia Chaverri Fonseca,Ciudadanía,Costa Rica
Amalia Chaverri Fonseca,Educado en,Universidad de Costa Rica
Amalia Chaverri Fonseca,Fecha de nacimiento,1941-01-01
Amalia Chaverri Fonseca,Ocupación,filólogo
Amalia Chaverri Fonseca,Ocupación,especialista en literatura
Mayron George,Lugar de nacimiento,Limón
Mayron George,Ocupación,entrenador
Mayron George,Ciudadanía,Costa Rica
Mayron George,Fecha de nacimiento,1993-10-23
Mayron George,Ocupación,futbolista
Cantón de San Carlos,país,Costa Rica
Cantón de San Carlos,instancia de,cantón de Costa Rica
Cantón de San Carlos,comparte fronteras con,Cantón de Los Chiles
Cantón de San Carlos,comparte fronteras con,Cantón de Guatuso
Universidad de Santo Tomás (Costa Rica),país,Costa Rica
Universidad de Santo Tomás (Costa Rica),instancia de,universidad
recolector de plantas,instancia de,ocupación
recolector de plantas,subclase de,recolector científico
recolector de plantas,ámbito de la ocupación,botánica
recolector de plantas,ámbito de la ocupación,coleccionismo de plantas
Premio Joven Creación,país,Costa Rica
Premio Joven Creación,instancia de,distinción
Unión Soviética,jefe de gobierno,Iván Siláyev
Unión Soviética,continente,Europa
Unión Soviética,continente,Asia
Unión Soviética,instancia de,estado desaparecido
Unión Soviética,jefe de Estado,Mijaíl Gorbachov
pianista,instancia de,cargo
pianista,instancia de,ocupación
pianista,instancia de,profesión musical
pianista,subclase de,tecladista
pianista,ámbito de la ocupación,interpretación de piano
profesor de música,instancia de,título universitario
profesor de música,instancia de,profesión musical
profesor de música,subclase de,músico
profesor de música,subclase de,educador
profesor de música,subclase de,profesor de música
San Vicente,país,Costa Rica
San Vicente,instancia de,distrito de Costa Rica
San Vicente,situado en la entidad territorial administrativa,Cantón de Moravia
San Vicente,se encuentra en el huso horario,UTC−6
San Vicente,capital de,Cantón de Moravia
Universidad Nacional de Mar del Plata,país,Argentina
Universidad Nacional de Mar del Plata,instancia de,universidad pública
Universidad Nacional de Mar del Plata,instancia de,editor de acceso abierto
Universidad Nacional de Mar del Plata,situado en la entidad territorial administrativa,Mar del Plata
Universidad Nacional de Mar del Plata,categoría principal del tema,Categoría:Universidad Nacional de Mar del Plata
Brihuega,jefe de gobierno,Luis Manuel Viejo
Brihuega,país,España
Brihuega,continente,Europa
Brihuega,instancia de,municipio de España
Brihuega,capital,Brihuega
profesor universitario,instancia de,profesión académica
profesor universitario,subclase de,profesor
profesor universitario,subclase de,académico
profesor universitario,ámbito de la ocupación,enseñanza
Eric Brenes,Ocupación,jugador de póquer
Eric Brenes,Ciudadanía,Costa Rica
Eric Brenes,Fecha de nacimiento,2000-01-01
Pooll Anthony Smith Arauz,Ocupación,baloncestista
Pooll Anthony Smith Arauz,Ciudadanía,Costa Rica
Pooll Anthony Smith Arauz,Fecha de nacimiento,2001-02-12
Ian Jamaine Martinez Carrillo,Ocupación,baloncestista
Ian Jamaine Martinez Carrillo,Ciudadanía,Costa Rica
Ian Jamaine Martinez Carrillo,Fecha de nacimiento,2001-07-24
Andres Monge Barquero,Ocupación,baloncestista
Andres Monge Barquero,Ciudadanía,Costa Rica
Andres Monge Barquero,Fecha de nacimiento,2001-02-27
Jeaustin Enrique Solis Ramirez,Ocupación,baloncestista
Jeaustin Enrique Solis Ramirez,Ciudadanía,Costa Rica
Jeaustin Enrique Solis Ramirez,Fecha de nacimiento,2001-02-24
Freddy Antonio Sanchez Corrales,Ocupación,baloncestista
Freddy Antonio Sanchez Corrales,Ciudadanía,Costa Rica
Freddy Antonio Sanchez Corrales,Fecha de nacimiento,2001-07-10
Kevin Stevan Hernandez Ledezma,Ocupación,baloncestista
Kevin Stevan Hernandez Ledezma,Ciudadanía,Costa Rica
Kevin Stevan Hernandez Ledezma,Fecha de nacimiento,2001-08-18
Carlos Alfredo Fernandez Vindas,Ocupación,baloncestista
Carlos Alfredo Fernandez Vindas,Ciudadanía,Costa Rica
Carlos Alfredo Fernandez Vindas,Fecha de nacimiento,2001-04-13
Maria Cervantes,Ocupación,baloncestista
Maria Cervantes,Ciudadanía,Costa Rica
Maria Cervantes,Fecha de nacimiento,2001-12-18
Karina Araya,Ocupación,baloncestista
Karina Araya,Ciudadanía,Costa Rica
Karina Araya,Fecha de nacimiento,2002-05-24
Valeria Gonzalez,Ocupación,baloncestista
Valeria Gonzalez,Ciudadanía,Costa Rica
Valeria Gonzalez,Fecha de nacimiento,2002-01-23
Alison Torres,Ocupación,baloncestista
Alison Torres,Ciudadanía,Costa Rica
Alison Torres,Fecha de nacimiento,2002-12-02
Karina Solis,Ocupación,baloncestista
Karina Solis,Ciudadanía,Costa Rica
Karina Solis,Fecha de nacimiento,2002-05-16
Brenda Espinoza,Ocupación,baloncestista
Brenda Espinoza,Ciudadanía,Costa Rica
Brenda Espinoza,Fecha de nacimiento,2001-12-24
Cameron Nicole Simpson Castro,Ocupación,baloncestista
Cameron Nicole Simpson Castro,Ciudadanía,Costa Rica
Cameron Nicole Simpson Castro,Fecha de nacimiento,2002-05-10
Fiorella Mendez Montero,Ocupación,baloncestista
Fiorella Mendez Montero,Ciudadanía,Costa Rica
Fiorella Mendez Montero,Fecha de nacimiento,2001-10-15
Anfernne Jammal Watson Araya,Ocupación,baloncestista
Anfernne Jammal Watson Araya,Ciudadanía,Costa Rica
Anfernne Jammal Watson Araya,Fecha de nacimiento,1998-04-28
Fabian Mora,Ocupación,baloncestista
Fabian Mora,Ciudadanía,Costa Rica
Fabian Mora,Fecha de nacimiento,1998-04-28
Kervin Letfrod Kirkeness,Ocupación,baloncestista
Kervin Letfrod Kirkeness,Ciudadanía,Costa Rica
Kervin Letfrod Kirkeness,Fecha de nacimiento,1998-09-03
Maria Laura Villalobos Quesada,Ocupación,baloncestista
Maria Laura Villalobos Quesada,Ciudadanía,Costa Rica
Maria Laura Villalobos Quesada,Fecha de nacimiento,1998-07-01
Miguel Obregón Lizano,Lugar de nacimiento,Alajuela
Miguel Obregón Lizano,Ocupación,educador
Miguel Obregón Lizano,Ciudadanía,Costa Rica
Miguel Obregón Lizano,Educado en,Universidad de Santo Tomás (Costa Rica)
Miguel Obregón Lizano,Fecha de nacimiento,1861-07-19
Miguel Obregón Lizano,Fecha de defunción,1935-07-24
Fernando Zamora Salinas,Lugar de nacimiento,Costa Rica
Fernando Zamora Salinas,Ocupación,fotógrafo
Fernando Zamora Salinas,Ciudadanía,Costa Rica
Fernando Zamora Salinas,Fecha de nacimiento,1900-01-01
Fernando Zamora Salinas,Fecha de defunción,1926-01-01
Fernando Zamora Salinas,Ocupación,pintor
Fernando Ortuño Sobrado,Lugar de nacimiento,Costa Rica
Fernando Ortuño Sobrado,Ocupación,escritor
Fernando Ortuño Sobrado,Ciudadanía,Costa Rica
Fernando Ortuño Sobrado,Educado en,Universidad de Montreal
Fernando Ortuño Sobrado,Fecha de nacimiento,1927-03-26
Fernando Ortuño Sobrado,Fecha de defunción,2004-05-14
Fernando Ortuño Sobrado,Ocupación,abogado
Fernando Ortuño Sobrado,Ocupación,empresario
Fernando Ortuño Sobrado,Ocupación,diplomático
Fernando Ortuño Sobrado,Educado en,Universidad de Costa Rica
Nestor Manrique Oviedo Guzmán,Ocupación,político
Nestor Manrique Oviedo Guzmán,Ciudadanía,Costa Rica
Nestor Manrique Oviedo Guzmán,Educado en,"Universidad Nacional, Costa Rica"
Nestor Manrique Oviedo Guzmán,Fecha de nacimiento,1950-01-01
José Leitón,Lugar de nacimiento,Cantón de Moravia
José Leitón,Ocupación,futbolista
José Leitón,Ciudadanía,Costa Rica
José Leitón,Fecha de nacimiento,1993-08-06
José María Zamora y Coronado,Lugar de nacimiento,Cartago
José María Zamora y Coronado,Ciudadanía,Costa Rica
José María Zamora y Coronado,Fecha de nacimiento,1785-07-16
José María Zamora y Coronado,Fecha de defunción,1852-04-06
Kendall Grant,Lugar de nacimiento,San José
Kendall Grant,Ocupación,futbolista
Kendall Grant,Ciudadanía,Costa Rica
Kendall Grant,Fecha de nacimiento,1993-02-19
Keyshell Sánchez,Lugar de nacimiento,Provincia de Limón
Keyshell Sánchez,Ocupación,futbolista
Keyshell Sánchez,Ciudadanía,Costa Rica
Keyshell Sánchez,Fecha de nacimiento,1995-03-12
Lemark Hernández,Lugar de nacimiento,Limón
Lemark Hernández,Ocupación,futbolista
Lemark Hernández,Ciudadanía,Costa Rica
Lemark Hernández,Fecha de nacimiento,1989-02-11
Luis Francisco Rodríguez,Lugar de nacimiento,San José
Luis Francisco Rodríguez,Ocupación,futbolista
Luis Francisco Rodríguez,Ciudadanía,Costa Rica
Luis Francisco Rodríguez,Fecha de nacimiento,1992-02-28
Natasha Sibaja,Lugar de nacimiento,San Isidro de El General
Natasha Sibaja,Ocupación,modelo
Natasha Sibaja,Ciudadanía,Costa Rica
Natasha Sibaja,Fecha de nacimiento,1990-07-02
Natasha Sibaja,Ocupación,participante en concursos de belleza
Fernando Durán Ayanegui,Lugar de nacimiento,Alajuela
Fernando Durán Ayanegui,Ocupación,escritor
Fernando Durán Ayanegui,Ciudadanía,Costa Rica
Fernando Durán Ayanegui,Educado en,Universidad Harvard
Fernando Durán Ayanegui,Empleador,Universidad de Costa Rica
Fernando Durán Ayanegui,Fecha de nacimiento,1939-08-03
Fernando Durán Ayanegui,Ocupación,químico
Fernando Durán Ayanegui,Ocupación,escritor de ciencia ficción
Fernando Durán Ayanegui,Educado en,Universidad Católica de Lovaina
Olger Guzmán,Lugar de nacimiento,Cantón de Liberia
Olger Guzmán,Ocupación,futbolista
Olger Guzmán,Ciudadanía,Costa Rica
Olger Guzmán,Fecha de nacimiento,1987-04-07
Rigoberto Salas,Lugar de nacimiento,San Isidro de El General
Rigoberto Salas,Ocupación,futbolista
Rigoberto Salas,Ciudadanía,Costa Rica
Rigoberto Salas,Fecha de nacimiento,1986-03-01
Rodolfo Butch Muñoz,Lugar de nacimiento,San José
Rodolfo Butch Muñoz,Ocupación,futbolista
Rodolfo Butch Muñoz,Ciudadanía,Costa Rica
Rodolfo Butch Muñoz,Fecha de nacimiento,1912-10-18
Rodolfo Butch Muñoz,Fecha de defunción,2004-11-14
Román Arrieta,Lugar de nacimiento,Cantón de San Carlos
Román Arrieta,Ocupación,futbolista
Román Arrieta,Ciudadanía,Costa Rica
Román Arrieta,Fecha de nacimiento,1980-09-20
Yirlania Arroyo,Lugar de nacimiento,Costa Rica
Yirlania Arroyo,Ocupación,entrenador
Yirlania Arroyo,Ciudadanía,Costa Rica
Yirlania Arroyo,Fecha de nacimiento,1986-05-28
Yirlania Arroyo,Ocupación,futbolista
María Barrantes,Lugar de nacimiento,Costa Rica
María Barrantes,Ocupación,entrenador
María Barrantes,Ciudadanía,Costa Rica
María Barrantes,Fecha de nacimiento,1989-04-12
María Barrantes,Ocupación,futbolista
Mariana Benavides,Lugar de nacimiento,Heredia
Mariana Benavides,Ocupación,futbolista
Mariana Benavides,Ciudadanía,Costa Rica
Mariana Benavides,Fecha de nacimiento,1994-12-26
Noelia Bermúdez,Lugar de nacimiento,Quesada
Noelia Bermúdez,Ocupación,entrenador
Noelia Bermúdez,Ciudadanía,Costa Rica
Noelia Bermúdez,Fecha de nacimiento,1994-09-20
Noelia Bermúdez,Ocupación,futbolista
educador,instancia de,profesión
educador,subclase de,personal educativo
educador,subclase de,profesionales de la enseñanza
educador,ámbito de la ocupación,educación
educador,ámbito de la ocupación,enseñanza
fotógrafo,instancia de,ocupación
fotógrafo,instancia de,agente
fotógrafo,subclase de,artista visual
fotógrafo,santo patrón,Verónica
Universidad de Montreal,país,Canadá
Universidad de Montreal,instancia de,universidad pública de investigación
Universidad de Montreal,situado en la entidad territorial administrativa,Montreal
Universidad de Montreal,ubicación de la sede,Montreal
"Universidad Nacional, Costa Rica",país,Costa Rica
"Universidad Nacional, Costa Rica",instancia de,universidad
"Universidad Nacional, Costa Rica",instancia de,editor de acceso abierto
"Universidad Nacional, Costa Rica",situado en la entidad territorial administrativa,Heredia
Cantón de Liberia,país,Costa Rica
Cantón de Liberia,instancia de,cantón de Costa Rica
Cantón de Liberia,capital,Liberia
Cantón de Liberia,comparte fronteras con,Cantón de Bagaces
Cantón de Liberia,comparte fronteras con,Cantón de Upala
Maria Jose Chaves Vasquez,Ocupación,baloncestista
Maria Jose Chaves Vasquez,Ciudadanía,Costa Rica
Maria Jose Chaves Vasquez,Fecha de nacimiento,1995-06-17
Catalina Orozco Delgado,Ocupación,baloncestista
Catalina Orozco Delgado,Ciudadanía,Costa Rica
Catalina Orozco Delgado,Fecha de nacimiento,1988-08-13
Joey Andrey Vasquez Riascos,Ocupación,baloncestista
Joey Andrey Vasquez Riascos,Ciudadanía,Costa Rica
Joey Andrey Vasquez Riascos,Fecha de nacimiento,1999-02-10
Jose Fransico Cabrera Alfaro,Ocupación,baloncestista
Jose Fransico Cabrera Alfaro,Ciudadanía,Costa Rica
Jose Fransico Cabrera Alfaro,Fecha de nacimiento,1999-09-13
Amaurys Ripool,Ocupación,baloncestista
Amaurys Ripool,Ciudadanía,República Dominicana
Amaurys Ripool,Fecha de nacimiento,1986-05-27
Amaurys Ripool,Ciudadanía,Costa Rica
Javier Chacon Vargas,Ocupación,baloncestista
Javier Chacon Vargas,Ciudadanía,Costa Rica
Javier Chacon Vargas,Fecha de nacimiento,2000-01-03
Priscilla Maria Fernandez Herrera,Ocupación,baloncestista
Priscilla Maria Fernandez Herrera,Ciudadanía,Costa Rica
Priscilla Maria Fernandez Herrera,Fecha de nacimiento,2000-06-17
Nicole Muñoz Salinas,Ocupación,baloncestista
Nicole Muñoz Salinas,Ciudadanía,Costa Rica
Nicole Muñoz Salinas,Fecha de nacimiento,2000-06-08
Camila Rojas Morera,Ocupación,baloncestista
Camila Rojas Morera,Ciudadanía,Costa Rica
Camila Rojas Morera,Fecha de nacimiento,1999-11-01
Alina Pacheco Nuñez,Ocupación,baloncestista
Alina Pacheco Nuñez,Ciudadanía,Costa Rica
Alina Pacheco Nuñez,Fecha de nacimiento,1999-07-29
Daniela Carvajal Acuña,Ocupación,baloncestista
Daniela Carvajal Acuña,Ciudadanía,Costa Rica
Daniela Carvajal Acuña,Fecha de nacimiento,1999-10-20
Maria Fernanda Castillo Rojas,Ocupación,baloncestista
Maria Fernanda Castillo Rojas,Ciudadanía,Costa Rica
Maria Fernanda Castillo Rojas,Fecha de nacimiento,2000-02-28
Laura Castro,Ocupación,baloncestista
Laura Castro,Ciudadanía,Costa Rica
Laura Castro,Fecha de nacimiento,2000-11-11
Alina Ruiz Cespedes,Ocupación,baloncestista
Alina Ruiz Cespedes,Ciudadanía,Costa Rica
Alina Ruiz Cespedes,Fecha de nacimiento,1999-05-29
Alma Veronica Barrantes Castillo,Ocupación,baloncestista
Alma Veronica Barrantes Castillo,Ciudadanía,Costa Rica
Alma Veronica Barrantes Castillo,Fecha de nacimiento,1999-05-05
Keysi Salazar Villalobos,Ocupación,baloncestista
Keysi Salazar Villalobos,Ciudadanía,Costa Rica
Keysi Salazar Villalobos,Fecha de nacimiento,1999-06-28
Maria Rodriguez Barbosa,Ocupación,baloncestista
Maria Rodriguez Barbosa,Ciudadanía,Costa Rica
Maria Rodriguez Barbosa,Fecha de nacimiento,2000-01-20
Veronica Maria Buverrtt Ulate,Ocupación,baloncestista
Veronica Maria Buverrtt Ulate,Ciudadanía,Costa Rica
Veronica Maria Buverrtt Ulate,Fecha de nacimiento,2000-08-20
Samuel Stawski Oliva,Ocupación,baloncestista
Samuel Stawski Oliva,Ciudadanía,Costa Rica
Samuel Stawski Oliva,Fecha de nacimiento,1999-02-18
Mauricio Johel Zuñiga Redondo,Ocupación,baloncestista
Mauricio Johel Zuñiga Redondo,Ciudadanía,Costa Rica
Mauricio Johel Zuñiga Redondo,Fecha de nacimiento,2000-03-11
Rodolfo Herrera,Lugar de nacimiento,Guadalupe
Rodolfo Herrera,Ocupación,futbolista
Rodolfo Herrera,Ciudadanía,Costa Rica
Rodolfo Herrera,Fecha de nacimiento,1931-08-11
Rodolfo Herrera,Fecha de defunción,2001-09-30
Rigoberto Rojas,Lugar de nacimiento,San José
Rigoberto Rojas,Ocupación,futbolista
Rigoberto Rojas,Ciudadanía,Costa Rica
Rigoberto Rojas,Fecha de nacimiento,1938-03-27
Danny Formal,Ocupación,piloto de automovilismo
Danny Formal,Ciudadanía,Costa Rica
Danny Formal,Fecha de nacimiento,1995-12-04
Alexander Anchía Vindas,Lugar de nacimiento,San José
Alexander Anchía Vindas,Ocupación,escritor
Alexander Anchía Vindas,Ciudadanía,Costa Rica
Alexander Anchía Vindas,Fecha de nacimiento,1974-07-15
Alexander Anchía Vindas,Ocupación,profesor universitario
Alexander Anchía Vindas,Ocupación,novelista
Alexander Anchía Vindas,Ocupación,profesor de español
Óscar Bejarano,Lugar de nacimiento,San Joaquín
Óscar Bejarano,Ocupación,futbolista
Óscar Bejarano,Ciudadanía,Costa Rica
Óscar Bejarano,Fecha de nacimiento,1932-09-15
Óscar Bejarano,Fecha de defunción,2003-12-27
Manrique Quesada,Lugar de nacimiento,Heredia
Manrique Quesada,Ocupación,futbolista
Manrique Quesada,Ciudadanía,Costa Rica
Manrique Quesada,Fecha de nacimiento,1938-11-12
Enrique Córdoba,Lugar de nacimiento,Cartago
Enrique Córdoba,Ocupación,futbolista
Enrique Córdoba,Ciudadanía,Costa Rica
Enrique Córdoba,Fecha de nacimiento,1938-08-01
Enrique Córdoba,Fecha de defunción,1977-03-02
Carlos Marín Segura,Lugar de nacimiento,Barva
Carlos Marín Segura,Ocupación,futbolista
Carlos Marín Segura,Ciudadanía,Costa Rica
Carlos Marín Segura,Fecha de nacimiento,1940-05-28
Carlos Marín Segura,Fecha de defunción,1994-09-11
Edgar Rodríguez Carranza,Lugar de nacimiento,San José
Edgar Rodríguez Carranza,Ocupación,entrenador
Edgar Rodríguez Carranza,Ciudadanía,Costa Rica
Edgar Rodríguez Carranza,Fecha de nacimiento,1982-12-01
Eugenia Zamora Chavarría,Lugar de nacimiento,San José
Eugenia Zamora Chavarría,Ocupación,jurista
Eugenia Zamora Chavarría,Ciudadanía,Costa Rica
Eugenia Zamora Chavarría,Educado en,Universidad Harvard
Eugenia Zamora Chavarría,Fecha de nacimiento,1957-05-25
Eugenia Zamora Chavarría,Educado en,Universidad de Costa Rica
Edgar Zúñiga Jiménez,Lugar de nacimiento,Alajuela
Edgar Zúñiga Jiménez,Ocupación,escultor
Edgar Zúñiga Jiménez,Ciudadanía,Costa Rica
Edgar Zúñiga Jiménez,Fecha de nacimiento,1950-01-01
Barry Biesanz Hiltunen,Lugar de nacimiento,Nueva Orleans
Barry Biesanz Hiltunen,Ocupación,artista
Barry Biesanz Hiltunen,Ciudadanía,Costa Rica
Barry Biesanz Hiltunen,Ocupación,tornero de la madera
Dashiz,Ocupación,jugador profesional de videojuegos
Dashiz,Ciudadanía,Costa Rica
Dashiz,Fecha de nacimiento,1993-12-18
EON,Ocupación,jugador profesional de videojuegos
EON,Ciudadanía,Estados Unidos
EON,Fecha de nacimiento,1999-02-19
EON,Ciudadanía,Costa Rica
Guillermo Hernández Astorga,Lugar de nacimiento,San José
Guillermo Hernández Astorga,Ocupación,futbolista
Guillermo Hernández Astorga,Ciudadanía,Costa Rica
Guillermo Hernández Astorga,Fecha de nacimiento,1933-10-11
Guillermo Hernández Astorga,Fecha de defunción,2020-01-04
José Pablo Córdoba,Lugar de nacimiento,Nicoya
José Pablo Córdoba,Ocupación,futbolista
José Pablo Córdoba,Ciudadanía,Costa Rica
José Pablo Córdoba,Fecha de nacimiento,1998-12-10
José María Agüero,Lugar de nacimiento,Alajuela
José María Agüero,Ocupación,futbolista
José María Agüero,Ciudadanía,Costa Rica
José María Agüero,Fecha de nacimiento,1947-06-25
José María Agüero,Fecha de defunción,2023-09-06
Tulio Quirós,Lugar de nacimiento,San Juan
Tulio Quirós,Ocupación,futbolista
Tulio Quirós,Ciudadanía,Costa Rica
Tulio Quirós,Fecha de nacimiento,1930-08-07
Tulio Quirós,Fecha de defunción,2019-03-27
Víctor Monge,Lugar de nacimiento,Cartago
Víctor Monge,Ocupación,futbolista
Víctor Monge,Ciudadanía,Costa Rica
Víctor Monge,Fecha de nacimiento,1954-10-30
Sergio Salazar,Lugar de nacimiento,San Joaquín
Sergio Salazar,Ocupación,futbolista
Sergio Salazar,Ciudadanía,Costa Rica
Sergio Salazar,Fecha de nacimiento,1947-01-18
Guadalupe,país,Costa Rica
Guadalupe,instancia de,distrito de Costa Rica
Guadalupe,situado en la entidad territorial administrativa,Provincia de San José
Guadalupe,situado en la entidad territorial administrativa,Cantón de Goicoechea
Guadalupe,se encuentra en el huso horario,UTC−6
piloto de automovilismo,instancia de,profesión
piloto de automovilismo,instancia de,ocupación
piloto de automovilismo,elemento operado,automóvil de carreras
piloto de automovilismo,subclase de,piloto de carreras
piloto de automovilismo,ámbito de la ocupación,automovilismo
San Joaquín,país,Costa Rica
San Joaquín,instancia de,distrito de Costa Rica
San Joaquín,situado en la entidad territorial administrativa,Cantón de Flores
San Joaquín,se encuentra en el huso horario,UTC−6
jurista,instancia de,grado académico
jurista,instancia de,profesión jurídica
jurista,subclase de,profesional
jurista,ámbito de la ocupación,derecho
jurista,ámbito de la ocupación,ciencia del derecho
Nueva Orleans,jefe de gobierno,LaToya Cantrell
Nueva Orleans,país,Estados Unidos
Nueva Orleans,instancia de,ciudad de Estados Unidos
Nueva Orleans,instancia de,gran ciudad
Nueva Orleans,instancia de,ciudad-condado
artista,instancia de,ocupación
artista,instancia de,profesión artística
artista,subclase de,creador
artista,santo patrón,Fra Angelico
tornero de la madera,instancia de,profesión relacionada con la madera
tornero de la madera,subclase de,tornero
tornero de la madera,subclase de,artesano de la madera
jugador profesional de videojuegos,instancia de,profesión
jugador profesional de videojuegos,instancia de,ocupación
jugador profesional de videojuegos,subclase de,jugador de videojuegos
jugador profesional de videojuegos,ámbito de la ocupación,deporte electrónico
San Juan,país,Costa Rica
San Juan,instancia de,ciudad
San Juan,instancia de,distrito de Costa Rica
San Juan,situado en la entidad territorial administrativa,Cantón de Tibás
San Juan,situado en la entidad territorial administrativa,Provincia de San José
Marco Mena,Lugar de nacimiento,La Palmera
Marco Mena,Ocupación,futbolista
Marco Mena,Ciudadanía,Costa Rica
Marco Mena,Fecha de nacimiento,1989-11-03
Marlon Camble,Lugar de nacimiento,Provincia de Limón
Marlon Camble,Ocupación,futbolista
Marlon Camble,Ciudadanía,Costa Rica
Marlon Camble,Fecha de nacimiento,1989-02-22
Marvin Loría,Lugar de nacimiento,Cantón de Tibás
Marvin Loría,Ocupación,futbolista
Marvin Loría,Ciudadanía,Costa Rica
Marvin Loría,Fecha de nacimiento,1997-04-24
José Luis Mora,Lugar de nacimiento,San José
José Luis Mora,Ocupación,futbolista
José Luis Mora,Ciudadanía,Costa Rica
José Luis Mora,Fecha de nacimiento,1992-04-25
Ronney Mora,Lugar de nacimiento,Cantón de Corredores
Ronney Mora,Ocupación,futbolista
Ronney Mora,Ciudadanía,Costa Rica
Ronney Mora,Fecha de nacimiento,1990-03-06
Jairo Picado,Lugar de nacimiento,Península de Osa
Jairo Picado,Ocupación,futbolista
Jairo Picado,Ciudadanía,Costa Rica
Jairo Picado,Fecha de nacimiento,1990-05-13
Ulises Segura,Lugar de nacimiento,Cantón de Goicoechea
Ulises Segura,Ocupación,futbolista
Ulises Segura,Ciudadanía,Costa Rica
Ulises Segura,Fecha de nacimiento,1993-06-23
Ulises Segura,Lugar de nacimiento,Guadalupe
Yuaycell Wright,Lugar de nacimiento,Provincia de San José
Yuaycell Wright,Ocupación,futbolista
Yuaycell Wright,Ciudadanía,Costa Rica
Yuaycell Wright,Fecha de nacimiento,1992-06-22
Javier Arce,Lugar de nacimiento,Heredia
Javier Arce,Ocupación,cantante
Javier Arce,Ciudadanía,Costa Rica
Javier Arce,Fecha de nacimiento,1989-12-08
Javier Arce,Ocupación,compositor de canciones
Javier Arce,Ocupación,productor musical
Andrés Sáenz Llorente,Lugar de nacimiento,Cartago
Andrés Sáenz Llorente,Ocupación,médico
Andrés Sáenz Llorente,Ciudadanía,Costa Rica
Andrés Sáenz Llorente,Fecha de nacimiento,1826-11-30
Andrés Sáenz Llorente,Fecha de defunción,1911-03-14
Miguel Barzuna Sauma,Ocupación,político
Miguel Barzuna Sauma,Ciudadanía,Costa Rica
Miguel Barzuna Sauma,Fecha de nacimiento,1929-01-01
Miguel Barzuna Sauma,Fecha de defunción,1992-01-01
Rodolfo Cerdas Cruz,Ocupación,abogado
Rodolfo Cerdas Cruz,Ciudadanía,Costa Rica
Rodolfo Cerdas Cruz,Fecha de nacimiento,1939-01-01
Rodolfo Cerdas Cruz,Fecha de defunción,2011-09-16
Rodolfo Cerdas Cruz,Ocupación,sociólogo
Alex Curling Delisser,Lugar de nacimiento,Costa Rica
Alex Curling Delisser,Ocupación,abogado
Alex Curling Delisser,Ciudadanía,Costa Rica
Alex Curling Delisser,Fecha de nacimiento,1908-09-03
Alex Curling Delisser,Fecha de defunción,1987-08-22
Alex Curling Delisser,Ocupación,político
Federico Carrillo Zürcher,Lugar de nacimiento,San José
Federico Carrillo Zürcher,Ocupación,abogado
Federico Carrillo Zürcher,Ciudadanía,Costa Rica
Federico Carrillo Zürcher,Fecha de nacimiento,1964-09-29
Federico Carrillo Zürcher,Ocupación,político
Patricia Mora,Lugar de nacimiento,San José
Patricia Mora,Ocupación,político
Patricia Mora,Ciudadanía,Costa Rica
Patricia Mora,Educado en,Universidad de Costa Rica
Patricia Mora,Empleador,Universidad de Costa Rica
Patricia Mora,Fecha de nacimiento,1951-01-01
Patricia Mora,Ocupación,sociólogo
Eduardo Mora Valverde,Lugar de nacimiento,San José
Eduardo Mora Valverde,Ocupación,economista
Eduardo Mora Valverde,Ciudadanía,Costa Rica
Eduardo Mora Valverde,Fecha de nacimiento,1922-11-16
Eduardo Mora Valverde,Fecha de defunción,2013-12-02
Saúl Weisleder Weisleder,Lugar de nacimiento,San José
Saúl Weisleder Weisleder,Ocupación,economista
Saúl Weisleder Weisleder,Ciudadanía,Costa Rica
Saúl Weisleder Weisleder,Fecha de nacimiento,1950-01-01
Saúl Weisleder Weisleder,Ocupación,sociólogo
Saúl Weisleder Weisleder,Fecha de nacimiento,1950-10-11
Vilma Faingezicht,Lugar de nacimiento,Costa Rica
Vilma Faingezicht,Ocupación,escritor
Vilma Faingezicht,Ciudadanía,Costa Rica
Vilma Faingezicht,Fecha de nacimiento,1901-01-01
Grettel Barboza,Lugar de nacimiento,San José
Grettel Barboza,Ocupación,tirador
Grettel Barboza,Ciudadanía,Costa Rica
Grettel Barboza,Fecha de nacimiento,1956-09-06
Maureen Clarke,Ocupación,abogado
Maureen Clarke,Ciudadanía,Costa Rica
Maureen Clarke,Educado en,Universidad de Costa Rica
Maureen Clarke,Cargo,Member of the Legislative Assembly of Costa Rica
Maureen Clarke,Fecha de nacimiento,1952-11-22
Maureen Clarke,Ocupación,político
La Palmera,país,Costa Rica
La Palmera,instancia de,distrito de Costa Rica
La Palmera,situado en la entidad territorial administrativa,Cantón de San Carlos
La Palmera,se encuentra en el huso horario,UTC−6
Cantón de Corredores,país,Costa Rica
Cantón de Corredores,instancia de,cantón de Costa Rica
Cantón de Corredores,capital,Corredor
Cantón de Corredores,comparte fronteras con,Cantón de Golfito
Cantón de Corredores,comparte fronteras con,Cantón de Coto Brus
Península de Osa,país,Costa Rica
Península de Osa,instancia de,península
Península de Osa,situado en la entidad territorial administrativa,Provincia de Puntarenas
Península de Osa,situado cerca del cuerpo de agua,Océano Pacífico
sociólogo,instancia de,profesión
sociólogo,instancia de,ocupación
sociólogo,subclase de,científico social
sociólogo,ámbito de la ocupación,sociología
sociólogo,se dice que es lo mismo que,científico social
economista,instancia de,profesión
economista,instancia de,grupo de ocupaciones de la CIUO
economista,subclase de,científico social
economista,subclase de,profesionales sociales y religiosos
economista,ámbito de la ocupación,economía
tirador,instancia de,profesión
tirador,subclase de,deportista
tirador,subclase de,tirador
tirador,ámbito de la ocupación,tiro deportivo
tirador,ámbito de la ocupación,Tiro Práctico
Javier Flores Galarza,Lugar de nacimiento,San José
Javier Flores Galarza,Ocupación,político
Javier Flores Galarza,Ciudadanía,Costa Rica
Javier Flores Galarza,Educado en,Universidad de Costa Rica
Javier Flores Galarza,Fecha de nacimiento,1954-02-20
Corina Rodríguez López,Lugar de nacimiento,San Ramón
Corina Rodríguez López,Ocupación,suffragette
Corina Rodríguez López,Ciudadanía,Costa Rica
Corina Rodríguez López,Educado en,Universidad del Noroeste
Corina Rodríguez López,Premio recibido,La Galería de las Mujeres de Costa Rica
Corina Rodríguez López,Fecha de nacimiento,1895-12-25
Corina Rodríguez López,Fecha de defunción,1982-11-08
Corina Rodríguez López,Ocupación,escultor
Corina Rodríguez López,Ocupación,académico
Victoria Madrigal,Lugar de nacimiento,Costa Rica
Victoria Madrigal,Ocupación,profesor
Victoria Madrigal,Ciudadanía,Costa Rica
Victoria Madrigal,Fecha de nacimiento,1850-01-01
Victoria Madrigal,Fecha de defunción,1929-01-01
Victoria Madrigal,Ocupación,suffragette
Lilia González González,Ocupación,académico
Lilia González González,Ciudadanía,Costa Rica
Lilia González González,Fecha de nacimiento,1891-01-01
Lilia González González,Fecha de defunción,1973-01-01
Lilia González González,Ocupación,activista
Kevin Masis,Lugar de nacimiento,Limón
Kevin Masis,Ocupación,futbolista
Kevin Masis,Ciudadanía,Costa Rica
Kevin Masis,Fecha de nacimiento,1998-02-01
Matilde Carranza,Ocupación,académico
Matilde Carranza,Ciudadanía,Costa Rica
Matilde Carranza,Educado en,Universidad de Wisconsin-Madison
Matilde Carranza,Fecha de nacimiento,1892-01-01
Matilde Carranza,Fecha de defunción,1981-01-01
Lilly de Jongh Osborne,Lugar de nacimiento,San José
Lilly de Jongh Osborne,Ocupación,coleccionista de arte
Lilly de Jongh Osborne,Ciudadanía,Costa Rica
Lilly de Jongh Osborne,Miembro de,Academia de Geografía e Historia de Guatemala
Lilly de Jongh Osborne,Fecha de nacimiento,1883-01-01
Lilly de Jongh Osborne,Fecha de defunción,1975-03-14
Lilly de Jongh Osborne,Fecha de nacimiento,1883-11-09
Alberto Martén Chavarría,Lugar de nacimiento,San José
Alberto Martén Chavarría,Ocupación,intelectual
Alberto Martén Chavarría,Ciudadanía,Costa Rica
Alberto Martén Chavarría,Educado en,lycée Buffon
Alberto Martén Chavarría,Fecha de nacimiento,1909-03-26
Alberto Martén Chavarría,Fecha de defunción,2009-12-26
Alberto Martén Chavarría,Ocupación,político
Alberto Martén Chavarría,Ocupación,jurista
Alberto Martén Chavarría,Ocupación,economista
Hugo Cruz Lara,Lugar de nacimiento,Cantón de San Ramón
Hugo Cruz Lara,Ocupación,árbitro
Hugo Cruz Lara,Ciudadanía,Costa Rica
Hugo Cruz Lara,Educado en,"Universidad Nacional, Costa Rica"
Hugo Cruz Lara,Fecha de nacimiento,1982-07-22
Onicka Pinnock Gibbons,Ocupación,voleibolista
Onicka Pinnock Gibbons,Ciudadanía,Costa Rica
Onicka Pinnock Gibbons,Fecha de nacimiento,1984-05-13
Carolina Godoy,Ocupación,entomólogo
Carolina Godoy,Ciudadanía,Costa Rica
Manuel A. Zumbado,Ocupación,entomólogo
Manuel A. Zumbado,Ciudadanía,Costa Rica
Manuel A. Zumbado,Empleador,Instituto Nacional de Biodiversidad
Manuel A. Zumbado,Fecha de nacimiento,1958-01-01
Alejandro A. Valerio,Ocupación,entomólogo
Alejandro A. Valerio,Ciudadanía,Estados Unidos
Alejandro A. Valerio,Empleador,Universidad del Estado de Ohio
Alejandro A. Valerio,Ocupación,recolector científico
Alejandro A. Valerio,Ciudadanía,Costa Rica
Bernald Pacheco Chaves,Ocupación,biólogo
Bernald Pacheco Chaves,Ciudadanía,Costa Rica
Odalisca Breedy,Ocupación,zoólogo
Odalisca Breedy,Ciudadanía,Costa Rica
Odalisca Breedy,Empleador,Universidad de Costa Rica
Odalisca Breedy,Ocupación,cnidariólogo
Brian Kubicki,Ocupación,herpetólogo
Brian Kubicki,Ciudadanía,Costa Rica
Stanley Salazar,Ocupación,herpetólogo
Stanley Salazar,Ciudadanía,Costa Rica
Lorena Flores,Ocupación,zoólogo
Lorena Flores,Ciudadanía,Costa Rica
Lorena Flores,Ocupación,nematólogo
Arturo Angulo,Ocupación,ictiólogo
Arturo Angulo,Ciudadanía,Costa Rica
María Teresa Obregón Zamora,Lugar de nacimiento,Alajuela
María Teresa Obregón Zamora,Ocupación,político
María Teresa Obregón Zamora,Ciudadanía,Costa Rica
María Teresa Obregón Zamora,Premio recibido,La Galería de las Mujeres de Costa Rica
María Teresa Obregón Zamora,Fecha de nacimiento,1888-03-07
María Teresa Obregón Zamora,Fecha de defunción,1956-09-29
María Teresa Obregón Zamora,Ocupación,suffragette
suffragette,lista de interés para el proyecto Wikimedia,Arte+Feminismo
suffragette,lista de interés para el proyecto Wikimedia,Brecha de género en la Wikipedia en neerlandés
suffragette,instancia de,ideología
suffragette,instancia de,ocupación
suffragette,instancia de,grupo de humanos
Universidad del Noroeste,país,Estados Unidos
Universidad del Noroeste,instancia de,escuela
Universidad del Noroeste,instancia de,universidad
Universidad del Noroeste,instancia de,instituto de investigación
Universidad del Noroeste,instancia de,institución educativa privada sin fines de lucro
profesor,instancia de,profesión
profesor,instancia de,cargo
profesor,instancia de,ocupación
profesor,subclase de,educador
profesor,subclase de,académico
académico,instancia de,profesión
académico,instancia de,cargo
académico,subclase de,científico
académico,subclase de,cuadro profesional
académico,subclase de,erudito
activista,instancia de,ocupación
activista,instancia de,actitud ética
activista,subclase de,persona
activista,ámbito de la ocupación,activismo
activista,ámbito de la ocupación,incidencia política
coleccionista de arte,instancia de,ocupación
coleccionista de arte,subclase de,coleccionista
coleccionista de arte,ámbito de la ocupación,coleccionismo de arte
coleccionista de arte,categoría principal del tema,Categoría:Coleccionistas de arte
Academia de Geografía e Historia de Guatemala,país,Guatemala
Academia de Geografía e Historia de Guatemala,instancia de,academia
Academia de Geografía e Historia de Guatemala,instancia de,editorial académica
intelectual,instancia de,profesión
intelectual,instancia de,ocupación
intelectual,subclase de,filósofo
intelectual,forma parte de,terminología de psicología
lycée Buffon,país,Francia
lycée Buffon,instancia de,lycée
lycée Buffon,arquitecto,Joseph Auguste Émile Vaudremer
lycée Buffon,situado en la entidad territorial administrativa,París
lycée Buffon,situado en la entidad territorial administrativa,XV distrito de París
árbitro,instancia de,profesión
árbitro,instancia de,sistema de juego
árbitro,ámbito de la ocupación,arbitraje
voleibolista,instancia de,profesión
voleibolista,subclase de,deportista
voleibolista,subclase de,jugador competitivo
voleibolista,ámbito de la ocupación,voleibol
voleibolista,ámbito de la ocupación,voleibol sentado
entomólogo,instancia de,profesión
entomólogo,instancia de,cargo
entomólogo,instancia de,ocupación
entomólogo,subclase de,zoólogo de invertebrados
entomólogo,ámbito de la ocupación,entomología
Instituto Nacional de Biodiversidad,país,Costa Rica
Instituto Nacional de Biodiversidad,instancia de,instituto de investigación
Instituto Nacional de Biodiversidad,campo de trabajo,biodiversidad
Instituto Nacional de Biodiversidad,ubicación de la sede,Santo Domingo
Instituto Nacional de Biodiversidad,premio recibido,Premio Princesa de Asturias de Investigación Científica y Técnica
Universidad del Estado de Ohio,país,Estados Unidos
Universidad del Estado de Ohio,instancia de,Universidad de concesión de tierras
Universidad del Estado de Ohio,instancia de,institución educativa pública de los Estados Unidos
Universidad del Estado de Ohio,instancia de,universidad pública de investigación
Universidad del Estado de Ohio,situado en la entidad territorial administrativa,Columbus
recolector científico,instancia de,ocupación
recolector científico,subclase de,coleccionista
zoólogo,instancia de,profesión
zoólogo,instancia de,cargo
zoólogo,subclase de,biólogo
zoólogo,ámbito de la ocupación,zoología
zoólogo,se dice que es lo mismo que,Biólogo de vida silvestre
cnidariólogo,instancia de,profesión
cnidariólogo,instancia de,ocupación
cnidariólogo,subclase de,zoólogo de invertebrados
cnidariólogo,ámbito de la ocupación,cnidariología
herpetólogo,instancia de,profesión
herpetólogo,subclase de,zoólogo de vertebrados
herpetólogo,ámbito de la ocupación,herpetología
herpetólogo,categoría principal del tema,Categoría:Herpetólogos
nematólogo,instancia de,profesión
nematólogo,instancia de,ocupación
nematólogo,subclase de,zoólogo de invertebrados
nematólogo,ámbito de la ocupación,nematología
nematólogo,categoría principal del tema,Categoría:Nematólogos
ictiólogo,instancia de,profesión
ictiólogo,subclase de,hidrobiólogo
ictiólogo,subclase de,zoólogo de vertebrados
ictiólogo,ámbito de la ocupación,ictiología
Andrea Vargas,Lugar de nacimiento,Santiago
Andrea Vargas,Ocupación,atleta
Andrea Vargas,Ciudadanía,Costa Rica
Andrea Vargas,Fecha de nacimiento,1996-05-28
Emilia Navas Aparicio,Lugar de nacimiento,San José
Emilia Navas Aparicio,Ocupación,abogado
Emilia Navas Aparicio,Ciudadanía,Costa Rica
Emilia Navas Aparicio,Fecha de nacimiento,1964-01-01
Clotilde Fonseca Quesada,Lugar de nacimiento,Costa Rica
Clotilde Fonseca Quesada,Ocupación,político
Clotilde Fonseca Quesada,Ciudadanía,Costa Rica
Clotilde Fonseca Quesada,Educado en,Universidad de Costa Rica
Clotilde Fonseca Quesada,Fecha de nacimiento,1950-01-01
Keysher Fuller,Lugar de nacimiento,Limón
Keysher Fuller,Ocupación,futbolista
Keysher Fuller,Ciudadanía,Costa Rica
Keysher Fuller,Fecha de nacimiento,1994-07-12
Ana Teresa Dengo,Ocupación,diplomático
Ana Teresa Dengo,Ciudadanía,Costa Rica
Marvin Rodríguez Cordero,Lugar de nacimiento,Provincia de Puntarenas
Marvin Rodríguez Cordero,Ocupación,político
Marvin Rodríguez Cordero,Ciudadanía,Costa Rica
Marvin Rodríguez Cordero,Cargo,Vicepresidente de Costa Rica
Marvin Rodríguez Cordero,Fecha de nacimiento,1960-10-20
Marvin Rodríguez Cordero,Ocupación,maestro
Claudia Dobles Camargo,Lugar de nacimiento,Cantón de San Carlos
Claudia Dobles Camargo,Ocupación,arquitecto
Claudia Dobles Camargo,Ciudadanía,Costa Rica
Claudia Dobles Camargo,Educado en,Universidad de Costa Rica
Claudia Dobles Camargo,Cargo,primera dama o primer caballero de Costa Rica
Claudia Dobles Camargo,Fecha de nacimiento,1980-11-19
Claudia Dobles Camargo,Ocupación,político
Daniel Chacón,Lugar de nacimiento,Turrialba
Daniel Chacón,Ocupación,futbolista
Daniel Chacón,Ciudadanía,Costa Rica
Daniel Chacón,Fecha de nacimiento,2001-04-11
William Quirós,Lugar de nacimiento,San José
William Quirós,Ocupación,futbolista
William Quirós,Ciudadanía,Costa Rica
William Quirós,Fecha de nacimiento,1994-10-19
Flavio Fonseca,Lugar de nacimiento,Cartago
Flavio Fonseca,Ocupación,futbolista
Flavio Fonseca,Ciudadanía,Costa Rica
Flavio Fonseca,Fecha de nacimiento,1998-04-21
Yecsy Jarquín Ramos,Lugar de nacimiento,Cantón de Santa Cruz
Yecsy Jarquín Ramos,Ocupación,futbolista
Yecsy Jarquín Ramos,Ciudadanía,Costa Rica
Yecsy Jarquín Ramos,Fecha de nacimiento,2000-05-21
Yecsy Jarquín Ramos,Fecha de nacimiento,2000-05-22
Josué Abarca,Lugar de nacimiento,San Isidro de El General
Josué Abarca,Ocupación,futbolista
Josué Abarca,Ciudadanía,Costa Rica
Josué Abarca,Fecha de nacimiento,2000-01-04
José Rodolfo Alfaro,Lugar de nacimiento,Grecia
José Rodolfo Alfaro,Ocupación,futbolista
José Rodolfo Alfaro,Ciudadanía,Costa Rica
José Rodolfo Alfaro,Fecha de nacimiento,2000-03-18
Reimond Salas,Lugar de nacimiento,Cantón de Pococí
Reimond Salas,Ocupación,futbolista
Reimond Salas,Ciudadanía,Costa Rica
Reimond Salas,Fecha de nacimiento,1994-03-11
Rolando González,Ocupación,ciclista
Rolando González,Ciudadanía,Costa Rica
Rolando González,Fecha de nacimiento,1980-01-10
Dragos Dolanescu Valenciano,Lugar de nacimiento,Bucarest
Dragos Dolanescu Valenciano,Ocupación,político
Dragos Dolanescu Valenciano,Ciudadanía,Costa Rica
Dragos Dolanescu Valenciano,Educado en,Universidad de Bucarest
Dragos Dolanescu Valenciano,Fecha de nacimiento,1975-11-19
Alexis Gamboa,Lugar de nacimiento,Guápiles
Alexis Gamboa,Ocupación,futbolista
Alexis Gamboa,Ciudadanía,Costa Rica
Alexis Gamboa,Fecha de nacimiento,1999-03-20
Yadira Calvo Fajardo,Lugar de nacimiento,Tucurrique
Yadira Calvo Fajardo,Ocupación,escritor
Yadira Calvo Fajardo,Ciudadanía,Costa Rica
Yadira Calvo Fajardo,Fecha de nacimiento,1901-01-01
Carolina Hidalgo Herrera,Lugar de nacimiento,Alajuela
Carolina Hidalgo Herrera,Ocupación,abogado
Carolina Hidalgo Herrera,Ciudadanía,Costa Rica
Carolina Hidalgo Herrera,Educado en,Universidad de Sevilla
Carolina Hidalgo Herrera,Cargo,Member of the Legislative Assembly of Costa Rica
Carolina Hidalgo Herrera,Fecha de nacimiento,1982-01-01
Carolina Hidalgo Herrera,Ocupación,político
Carolina Hidalgo Herrera,Educado en,Universidad de Costa Rica
Carolina Hidalgo Herrera,Cargo,President of the Legislative Assembly of Costa Rica
Marcia González Aguiluz,Lugar de nacimiento,San José
Marcia González Aguiluz,Ocupación,abogado
Marcia González Aguiluz,Ciudadanía,Costa Rica
Marcia González Aguiluz,Educado en,Universidad de Costa Rica
Marcia González Aguiluz,Cargo,ministro de Justicia
Marcia González Aguiluz,Fecha de nacimiento,1969-01-01
Marcia González Aguiluz,Ocupación,político
Santiago,país,Costa Rica
Santiago,instancia de,ciudad
Santiago,instancia de,distrito de Costa Rica
Santiago,situado en la entidad territorial administrativa,Cantón de Puriscal
Santiago,se encuentra en el huso horario,UTC−6
arquitecto,instancia de,profesión
arquitecto,instancia de,título corporativo
arquitecto,instancia de,ocupación
arquitecto,instancia de,grupo de ocupaciones de la CIUO
Cantón de Pococí,país,Costa Rica
Cantón de Pococí,instancia de,cantón de Costa Rica
Cantón de Pococí,capital,Guápiles
Cantón de Pococí,comparte fronteras con,Cantón de Guácimo
Cantón de Pococí,comparte fronteras con,Cantón de Siquirres
Bucarest,país,Rumania
Bucarest,continente,Europa
Bucarest,instancia de,municipio de Rumania
Bucarest,instancia de,ciudad universitaria
Universidad de Bucarest,país,Rumania
Universidad de Bucarest,instancia de,universidad pública
Universidad de Bucarest,instancia de,editor de acceso abierto
Universidad de Bucarest,fundador,Alejandro Juan Cuza
Universidad de Bucarest,situado en la entidad territorial administrativa,Bucarest
Guápiles,país,Costa Rica
Guápiles,instancia de,distrito de Costa Rica
Guápiles,situado en la entidad territorial administrativa,Cantón de Pococí
Guápiles,se encuentra en el huso horario,UTC−6
Guápiles,capital de,Cantón de Pococí
Tucurrique,país,Costa Rica
Tucurrique,instancia de,distrito de Costa Rica
Tucurrique,situado en la entidad territorial administrativa,Cantón de Jiménez
Tucurrique,se encuentra en el huso horario,UTC−6
Universidad de Sevilla,país,España
Universidad de Sevilla,instancia de,universidad pública
Universidad de Sevilla,instancia de,editor de acceso abierto
Universidad de Sevilla,instancia de,editorial académica
Universidad de Sevilla,fundador,Rodrigo Fernández de Santaella
ministro de Justicia,instancia de,cargo
ministro de Justicia,subclase de,ministro
ministro de Justicia,forma parte de,ministerio de Justicia
ministro de Justicia,categoría principal del tema,Categoría:Ministros de Justicia
ministro de Justicia,diferente de,ministro de Justicia de Finlandia
Aníbal Varela,Lugar de nacimiento,Heredia
Aníbal Varela,Ocupación,futbolista
Aníbal Varela,Ciudadanía,Costa Rica
Aníbal Varela,Fecha de nacimiento,1912-12-31
Aníbal Varela,Fecha de defunción,1983-06-23
Jose Pablo Gil,Lugar de nacimiento,San José
Jose Pablo Gil,Ocupación,tenista en silla de ruedas
Jose Pablo Gil,Ciudadanía,Costa Rica
Jose Pablo Gil,Fecha de nacimiento,1995-04-10
Sol Carballo,Ocupación,actor
Sol Carballo,Ciudadanía,Costa Rica
Sol Carballo,Ocupación,profesor
Sol Carballo,Ocupación,coreógrafo
Sol Carballo,Ocupación,bailarín
Inés Trejos,Lugar de nacimiento,San José
Inés Trejos,Ocupación,escritor
Inés Trejos,Ciudadanía,Costa Rica
Inés Trejos,Educado en,Universidad de Costa Rica
Inés Trejos,Empleador,La Nación
Inés Trejos,Miembro de,"Ministerio de Cultura, Juventud y Deportes de Costa Rica"
Inés Trejos,Premio recibido,Premio Nacional Joaquín García Monge
Inés Trejos,Fecha de nacimiento,1932-03-23
Inés Trejos,Fecha de defunción,2024-10-15
Inés Trejos,Ocupación,poeta
Inés Trejos,Ocupación,político
Inés Trejos,Ocupación,diplomático
Inés Trejos,Ocupación,periodista
Inés Trejos,Ocupación,gestor cultural
Inés Trejos,Empleador,La Prensa Libre
Inés Trejos,Miembro de,embajada de Costa Rica en Reino Unido
Inés Trejos,Miembro de,Museo de Arte Costarricense
Marco Vinicio Aragonés,Lugar de nacimiento,Cartago
Marco Vinicio Aragonés,Ocupación,escritor
Marco Vinicio Aragonés,Ciudadanía,Costa Rica
Marco Vinicio Aragonés,Premio recibido,Premio Joven Creación
Marco Vinicio Aragonés,Fecha de nacimiento,1991-01-01
Rashir Parkins,Lugar de nacimiento,Limón
Rashir Parkins,Ocupación,futbolista
Rashir Parkins,Ciudadanía,Costa Rica
Rashir Parkins,Fecha de nacimiento,2001-02-23
Olga Marta Sauma,Ocupación,diplomático
Olga Marta Sauma,Ciudadanía,Costa Rica
Édgar Delgado,Ocupación,luchador de artes marciales mixtas
Édgar Delgado,Ciudadanía,Costa Rica
Édgar Delgado,Fecha de nacimiento,1989-01-09
Jorge Calvo (peleador),Ocupación,luchador de artes marciales mixtas
Jorge Calvo (peleador),Ciudadanía,Costa Rica
Jorge Calvo (peleador),Fecha de nacimiento,1991-10-06
Samantha Black,Ocupación,luchador profesional
Samantha Black,Ciudadanía,Costa Rica
Samantha Black,Empleador,Consejo Mundial de Lucha Libre
Nahara Ayala Sanchez,Ocupación,recolector de plantas
Nahara Ayala Sanchez,Ciudadanía,Costa Rica
Nahara Ayala Sanchez,Empleador,Universidad Autónoma de Baja California
Nahara Ayala Sanchez,Ocupación,botánico
Nahara Ayala Sanchez,Ocupación,micólogo
Sergio Morales Araya,Ocupación,futbolista
Sergio Morales Araya,Ciudadanía,Guatemala
Sergio Morales Araya,Fecha de nacimiento,1973-02-16
Sergio Morales Araya,Ciudadanía,Costa Rica
Alejandro Granados,Ocupación,ciclista
Alejandro Granados,Ciudadanía,Costa Rica
Alejandro Granados,Fecha de nacimiento,2004-08-31
Luis Daniel Oses,Ocupación,ciclista
Luis Daniel Oses,Ciudadanía,Costa Rica
Luis Daniel Oses,Fecha de nacimiento,2001-11-19
Giovanni Alfaro,Lugar de nacimiento,San Cristóbal
Giovanni Alfaro,Ocupación,futbolista
Giovanni Alfaro,Ciudadanía,Costa Rica
Giovanni Alfaro,Fecha de nacimiento,1956-01-07
Oliver Skinner,Lugar de nacimiento,San José
Oliver Skinner,Ocupación,diseñador
Oliver Skinner,Ciudadanía,Costa Rica
Oliver Skinner,Educado en,Veritas University
Oliver Skinner,Fecha de nacimiento,1982-05-12
Haydee Gómez Cascante,Lugar de nacimiento,San José
Haydee Gómez Cascante,Ocupación,enfermero
Haydee Gómez Cascante,Ciudadanía,Costa Rica
Haydee Gómez Cascante,Educado en,Universidad de Siracusa
Haydee Gómez Cascante,Empleador,Ministerio de Salud de Costa Rica
Haydee Gómez Cascante,Fecha de nacimiento,1926-07-06
Haydee Gómez Cascante,Fecha de defunción,2024-01-12
Haydee Gómez Cascante,Ocupación,obstetricia
Haydee Gómez Cascante,Educado en,Colegio de Médicos y Cirujanos de Costa Rica
Patricia Howell,Lugar de nacimiento,San José
Patricia Howell,Ocupación,cineasta
Patricia Howell,Ciudadanía,Costa Rica
Patricia Howell,Fecha de nacimiento,1952-10-29
Patricia Howell,Fecha de defunción,2023-09-04
Elia Arce,Ocupación,artista
Elia Arce,Ciudadanía,Estados Unidos
Elia Arce,Educado en,Universidad de California en Los Ángeles
Elia Arce,Fecha de nacimiento,1961-01-01
Elia Arce,Ocupación,artista de performance
Elia Arce,Ocupación,activista
Elia Arce,Ciudadanía,Costa Rica
Elia Arce,Educado en,universidad de Houston
Alejandra Solano,Ocupación,abogado
Alejandra Solano,Ciudadanía,Costa Rica
Alejandra Solano,Educado en,Escuela Libre de Derecho
Alejandra Solano,Ocupación,activista
tenista en silla de ruedas,instancia de,ocupación
tenista en silla de ruedas,subclase de,tenista
tenista en silla de ruedas,ámbito de la ocupación,tenis en silla de ruedas
tenista en silla de ruedas,categoría principal del tema,Categoría:Tenistas en silla de ruedas
coreógrafo,instancia de,profesión
coreógrafo,subclase de,realizador
coreógrafo,ámbito de la ocupación,coreografía
coreógrafo,categoría principal del tema,Categoría:Coreógrafos
bailarín,instancia de,profesión
bailarín,instancia de,ocupación
bailarín,subclase de,artista escénico
bailarín,santo patrón,Vito de Lucania
luchador de artes marciales mixtas,instancia de,profesión
luchador de artes marciales mixtas,subclase de,artista marcial
luchador de artes marciales mixtas,ámbito de la ocupación,artes marciales mixtas
luchador de artes marciales mixtas,categoría principal del tema,Categoría:Practicantes de artes marciales mixtas
luchador profesional,instancia de,profesión
luchador profesional,subclase de,luchador
luchador profesional,subclase de,atleta profesional
luchador profesional,ámbito de la ocupación,lucha libre profesional
luchador profesional,ámbito de la ocupación,puroresu
Consejo Mundial de Lucha Libre,país,México
Consejo Mundial de Lucha Libre,instancia de,organización
Consejo Mundial de Lucha Libre,fundador,Salvador Lutteroth
Consejo Mundial de Lucha Libre,ubicación de la sede,Ciudad de México
Consejo Mundial de Lucha Libre,industria,lucha libre profesional
Universidad Autónoma de Baja California,país,México
Universidad Autónoma de Baja California,instancia de,universidad
Universidad Autónoma de Baja California,instancia de,editor de acceso abierto
Universidad Autónoma de Baja California,situado en la entidad territorial administrativa,Baja California
Universidad Autónoma de Baja California,miembro de,Asociación Internacional de Universidades
micólogo,instancia de,profesión
micólogo,subclase de,botánico
micólogo,subclase de,microbiólogo
micólogo,ámbito de la ocupación,micología
micólogo,categoría principal del tema,Categoría:Micólogos
Guatemala,país,Guatemala
Guatemala,jefe de gobierno,Bernardo Arévalo de León
Guatemala,continente,América del Norte
Guatemala,instancia de,país
Guatemala,instancia de,república
San Cristóbal,país,Costa Rica
San Cristóbal,instancia de,distrito de Costa Rica
San Cristóbal,situado en la entidad territorial administrativa,Cantón de Desamparados
San Cristóbal,se encuentra en el huso horario,UTC−6
diseñador,instancia de,profesión
diseñador,subclase de,profesional creativo
diseñador,ámbito de la ocupación,diseño
diseñador,categoría principal del tema,Categoría:Diseñadores
enfermero,instancia de,trabajo
enfermero,instancia de,profesión sanitaria
enfermero,instancia de,ocupación
enfermero,santo patrón,Alejo de Roma
Universidad de Siracusa,filial,Maxwell School of Citizenship and Public Affairs
Ministerio de Salud de Costa Rica,país,Costa Rica
Ministerio de Salud de Costa Rica,instancia de,ministerio de Salud
Ministerio de Salud de Costa Rica,ubicación de la sede,San José
Ministerio de Salud de Costa Rica,aplica a la jurisdicción,Costa Rica
cineasta,instancia de,profesión del cine
cineasta,instancia de,ocupación mediática
cineasta,subclase de,artista
cineasta,subclase de,artista visual
cineasta,forma parte de,producción cinematográfica
artista de performance,instancia de,profesión
artista de performance,instancia de,ocupación
artista de performance,subclase de,artista visual
artista de performance,ámbito de la ocupación,performance
artista de performance,categoría principal del tema,Categoría:Artistas de performance
Escuela Libre de Derecho,país,México
Escuela Libre de Derecho,instancia de,facultad de derecho
Escuela Libre de Derecho,situado en la entidad territorial administrativa,Ciudad de México
Escuela Libre de Derecho,categoría para las personas que estudiaron en esta institución,Categoría:Alumnado de la Escuela Libre de Derecho
Mahmood Sasa,Ocupación,zoólogo
Mahmood Sasa,Ciudadanía,Costa Rica
Mahmood Sasa,Educado en,Universidad de Texas en Arlington
Mahmood Sasa,Empleador,Universidad de Costa Rica
Mahmood Sasa,Fecha de nacimiento,2000-01-01
Mahmood Sasa,Ocupación,investigador
Anthony Vargas,Lugar de nacimiento,Cantón de San Rafael
Anthony Vargas,Ocupación,futbolista
Anthony Vargas,Ciudadanía,Costa Rica
Anthony Vargas,Fecha de nacimiento,1993-03-31
Anthony Vargas,Fecha de defunción,2022-10-24
Amelia Rueda,Lugar de nacimiento,Buenos Aires
Amelia Rueda,Ocupación,periodista
Amelia Rueda,Ciudadanía,Costa Rica
Amelia Rueda,Educado en,Universidad de Costa Rica
Amelia Rueda,Fecha de nacimiento,1951-10-03
Mario Sequeira,Lugar de nacimiento,Pavas
Mario Sequeira,Ocupación,futbolista
Mario Sequeira,Ciudadanía,Costa Rica
Mario Sequeira,Fecha de nacimiento,1997-01-09
María Suárez Toro,Lugar de nacimiento,Puerto Rico
María Suárez Toro,Ocupación,activista por los derechos humanos
María Suárez Toro,Ciudadanía,Estados Unidos
María Suárez Toro,Educado en,Universidad Estatal de Nueva York
María Suárez Toro,Fecha de nacimiento,1948-06-05
María Suárez Toro,Ocupación,periodista
María Suárez Toro,Ciudadanía,Costa Rica
Alda Facio,Lugar de nacimiento,Costa Rica
Alda Facio,Ocupación,escritor
Alda Facio,Ciudadanía,Costa Rica
Alda Facio,Educado en,Universidad de Nueva York
Alda Facio,Fecha de nacimiento,1948-01-26
Alda Facio,Ocupación,abogado
Alda Facio,Educado en,Universidad de Costa Rica
Johnny Chaves,Lugar de nacimiento,Hatillo
Johnny Chaves,Ocupación,entrenador
Johnny Chaves,Ciudadanía,Costa Rica
Johnny Chaves,Educado en,Universidad de Leipzig
Johnny Chaves,Empleador,Municipal Pérez Zeledón
Johnny Chaves,Fecha de nacimiento,1960-09-26
Johnny Chaves,Fecha de defunción,2022-08-19
Johnny Chaves,Educado en,Real Federación de Fútbol de los Países Bajos
Johnny Chaves,Educado en,Universidad de Costa Rica
Johnny Chaves,Empleador,Asociación Deportiva San Carlos
Johnny Chaves,Empleador,Santos de Guápiles
Johnny Chaves,Empleador,Asociación Deportiva Barrio México
Johnny Chaves,Empleador,Asociación Deportiva Filial Club UCR
Johnny Chaves,Empleador,Club Sport Cartaginés
Johnny Chaves,Empleador,Deportivo Mictlán
Elizabeth Bourland,Ocupación,tirador
Elizabeth Bourland,Ciudadanía,Estados Unidos
Elizabeth Bourland,Fecha de nacimiento,1963-01-01
Elizabeth Bourland,Ciudadanía,Costa Rica
Tatiana Trejos Rodríguez,Lugar de nacimiento,San José
Tatiana Trejos Rodríguez,Ocupación,químico
Tatiana Trejos Rodríguez,Ciudadanía,Costa Rica
Tatiana Trejos Rodríguez,Fecha de nacimiento,1974-04-27
Kijell Medina,Lugar de nacimiento,Provincia de Limón
Kijell Medina,Ocupación,futbolista
Kijell Medina,Ciudadanía,Costa Rica
Kijell Medina,Fecha de nacimiento,1997-08-27
Jamal Rodríguez,Lugar de nacimiento,Provincia de San José
Jamal Rodríguez,Ocupación,futbolista
Jamal Rodríguez,Ciudadanía,Costa Rica
Jamal Rodríguez,Fecha de nacimiento,1997-02-08
Luis Hernández,Lugar de nacimiento,Cantón de Santa Bárbara
Luis Hernández,Ocupación,futbolista
Luis Hernández,Ciudadanía,Costa Rica
Luis Hernández,Fecha de nacimiento,1998-02-07
Erika Vargas,Ocupación,árbitro
Erika Vargas,Ciudadanía,Costa Rica
Erika Vargas,Fecha de nacimiento,1973-12-31
Andrey Fonseca,Lugar de nacimiento,Buenos Aires
Andrey Fonseca,Ocupación,ciclista
Andrey Fonseca,Ciudadanía,Costa Rica
Andrey Fonseca,Fecha de nacimiento,1993-04-08
Carolina Rodríguez Durán,Lugar de nacimiento,San José
Carolina Rodríguez Durán,Ocupación,modelo
Carolina Rodríguez Durán,Ciudadanía,Costa Rica
Carolina Rodríguez Durán,Fecha de nacimiento,1989-04-23
Mercedes Chacón Porras,Lugar de nacimiento,Costa Rica
Mercedes Chacón Porras,Ocupación,enfermero
Mercedes Chacón Porras,Ciudadanía,Costa Rica
Mercedes Chacón Porras,Cargo,pionero
Mercedes Chacón Porras,Premio recibido,La Galería de las Mujeres de Costa Rica
Mercedes Chacón Porras,Fecha de nacimiento,1896-09-11
Mercedes Chacón Porras,Fecha de defunción,1963-04-18
Mercedes Chacón Porras,Ocupación,activista por los derechos de las mujeres
Miguel Murillo,Lugar de nacimiento,San José
Miguel Murillo,Ocupación,yudoca
Miguel Murillo,Ciudadanía,Costa Rica
Miguel Murillo,Fecha de nacimiento,1993-09-29
Wendy Porras,Ocupación,investigador
Wendy Porras,Ciudadanía,Costa Rica
Wendy Porras,Fecha de nacimiento,1980-01-01
Wendy Porras,Ocupación,entomólogo
Carlos Alvarado Quesada,Lugar de nacimiento,San José
Carlos Alvarado Quesada,Ocupación,escritor
Carlos Alvarado Quesada,Ciudadanía,Costa Rica
Carlos Alvarado Quesada,Educado en,Universidad de Sussex
Carlos Alvarado Quesada,Empleador,Universidad de Costa Rica
Carlos Alvarado Quesada,Cargo,ministro de Trabajo
Carlos Alvarado Quesada,Premio recibido,beca Chevening
Carlos Alvarado Quesada,Fecha de nacimiento,1980-01-14
Carlos Alvarado Quesada,Ocupación,periodista
Carlos Alvarado Quesada,Educado en,Universidad de Costa Rica
Carlos Alvarado Quesada,Cargo,Presidente de Costa Rica
Mario Redondo Poveda,Lugar de nacimiento,Cartago
Mario Redondo Poveda,Ocupación,abogado
Mario Redondo Poveda,Ciudadanía,Costa Rica
Mario Redondo Poveda,Educado en,Universidad Autónoma de Centro América
Mario Redondo Poveda,Cargo,President of the Legislative Assembly of Costa Rica
Mario Redondo Poveda,Fecha de nacimiento,1962-10-26
Universidad de Texas en Arlington,país,Estados Unidos
Universidad de Texas en Arlington,instancia de,institución educativa pública de los Estados Unidos
Universidad de Texas en Arlington,instancia de,universidad pública de investigación
Universidad de Texas en Arlington,situado en la entidad territorial administrativa,Arlington
Universidad de Texas en Arlington,ubicación de la sede,Arlington
Buenos Aires,país,Argentina
Buenos Aires,continente,América
Buenos Aires,instancia de,entidad territorial administrativa
Buenos Aires,instancia de,circunscripción electoral
Buenos Aires,instancia de,capital federal
Pavas,país,Costa Rica
Pavas,instancia de,distrito de Costa Rica
Pavas,situado en la entidad territorial administrativa,Cantón de San José
Pavas,se encuentra en el huso horario,UTC−6
Puerto Rico,jefe de gobierno,Jenniffer González
Puerto Rico,país,Estados Unidos
Puerto Rico,continente,América del Norte
Puerto Rico,instancia de,área insular
Puerto Rico,instancia de,Estado libre asociado
activista por los derechos humanos,instancia de,ocupación
activista por los derechos humanos,subclase de,activista político
activista por los derechos humanos,categoría principal del tema,Categoría:Activistas por los derechos humanos
activista por los derechos humanos,lista de interés para el proyecto Wikimedia,Wikiproyecto:Derechos humanos
Universidad Estatal de Nueva York,país,Estados Unidos
Universidad Estatal de Nueva York,instancia de,universidad pública
Universidad Estatal de Nueva York,instancia de,sistema de universidad estatal
Universidad Estatal de Nueva York,situado en la entidad territorial administrativa,Nueva York
Universidad de Nueva York,país,Estados Unidos
Universidad de Nueva York,instancia de,escuela
Universidad de Nueva York,instancia de,lugar de trabajo
Universidad de Nueva York,instancia de,universidad privada
Universidad de Nueva York,instancia de,universidad de investigación
Hatillo,país,Costa Rica
Hatillo,instancia de,distrito de Costa Rica
Hatillo,situado en la entidad territorial administrativa,Cantón de San José
Hatillo,se encuentra en el huso horario,UTC−6
Universidad de Leipzig,país,Alemania
Universidad de Leipzig,instancia de,universidad pública
Universidad de Leipzig,instancia de,Fachhochschule
Universidad de Leipzig,instancia de,editor de acceso abierto
Municipal Pérez Zeledón,país,Costa Rica
Municipal Pérez Zeledón,instancia de,club de fútbol
Municipal Pérez Zeledón,estadio,Estadio Municipal de Pérez Zeledón
Municipal Pérez Zeledón,liga,Primera División de Costa Rica
Municipal Pérez Zeledón,ubicación de la sede,San Isidro de El General
químico,lista de interés para el proyecto Wikimedia,Wikipedia:Lista de artículos que toda Wikipedia debería tener/Expandida
químico,elemento ejemplo,Marie Curie
químico,categoría que contiene subcategorías epónimas,Categoría:Categorías de químicos
químico,categoría relacionada,Categoría:Ingenieros químicos
químico,instancia de,profesión
Buenos Aires,país,Costa Rica
Buenos Aires,instancia de,ciudad
Buenos Aires,instancia de,distrito de Costa Rica
Buenos Aires,situado en la entidad territorial administrativa,Cantón de Buenos Aires
Buenos Aires,se encuentra en el huso horario,UTC−6
pionero,instancia de,cargo
pionero,instancia de,rol
pionero,instancia de,ocupación
pionero,subclase de,clase social
pionero,subclase de,innovador
investigador,instancia de,cargo
investigador,instancia de,ocupación
investigador,subclase de,escritor de no ficción
investigador,subclase de,profesional de la academia
investigador,ámbito de la ocupación,investigación
Universidad de Sussex,condado histórico,Sussex
Universidad de Sussex,financiador,Open Society Foundations
Universidad de Sussex,país,Reino Unido
Universidad de Sussex,instancia de,institución educativa universitaria
Universidad de Sussex,instancia de,organización
Universidad Autónoma de Centro América,país,Costa Rica
Universidad Autónoma de Centro América,instancia de,universidad
Universidad Autónoma de Centro América,situado en la entidad territorial administrativa,San José
Daniela Cruz,Lugar de nacimiento,Cantón de Tibás
Daniela Cruz,Ocupación,entrenador
Daniela Cruz,Ciudadanía,Costa Rica
Daniela Cruz,Educado en,University of West Florida
Daniela Cruz,Fecha de nacimiento,1991-03-08
Daniela Cruz,Ocupación,futbolista
Dinnia Díaz,Lugar de nacimiento,Sámara
Dinnia Díaz,Ocupación,entrenador
Dinnia Díaz,Ciudadanía,Costa Rica
Dinnia Díaz,Fecha de nacimiento,1988-01-14
Dinnia Díaz,Ocupación,futbolista
Cristin Granados,Lugar de nacimiento,San Rafael
Cristin Granados,Ocupación,entrenador
Cristin Granados,Ciudadanía,Costa Rica
Cristin Granados,Educado en,Universidad del Sur de Florida
Cristin Granados,Fecha de nacimiento,1989-08-19
Cristin Granados,Ocupación,futbolista
Gabriela Guillén,Lugar de nacimiento,Cantón de Tibás
Gabriela Guillén,Ocupación,entrenador
Gabriela Guillén,Ciudadanía,Costa Rica
Gabriela Guillén,Educado en,Universidad Creighton
Gabriela Guillén,Fecha de nacimiento,1992-03-01
Gabriela Guillén,Ocupación,futbolista
Melissa Herrera,Lugar de nacimiento,San Isidro de El General
Melissa Herrera,Ocupación,entrenador
Melissa Herrera,Ciudadanía,Costa Rica
Melissa Herrera,Fecha de nacimiento,1996-10-10
Melissa Herrera,Ocupación,futbolista
Rubén Bermúdez,Lugar de nacimiento,San José
Rubén Bermúdez,Ocupación,compositor
Rubén Bermúdez,Ciudadanía,Costa Rica
Rubén Bermúdez,Fecha de nacimiento,1994-08-17
Rubén Bermúdez,Ocupación,cantante
Rodolfo Villalobos,Ocupación,ciclista
Rodolfo Villalobos,Ciudadanía,Costa Rica
Rodolfo Villalobos,Fecha de nacimiento,1992-09-29
Carlos Muñoz,Lugar de nacimiento,Granada
Carlos Muñoz,Ocupación,surfista
Carlos Muñoz,Ciudadanía,Costa Rica
Carlos Muñoz,Fecha de nacimiento,1993-01-28
Amelia Valverde Villalobos,Lugar de nacimiento,Cantón de San Ramón
Amelia Valverde Villalobos,Ocupación,entrenador
Amelia Valverde Villalobos,Ciudadanía,Costa Rica
Amelia Valverde Villalobos,Fecha de nacimiento,1987-01-14
Amelia Valverde Villalobos,Ocupación,futbolista
Carol Sánchez,Lugar de nacimiento,Nicoya
Carol Sánchez,Ocupación,entrenador
Carol Sánchez,Ciudadanía,Costa Rica
Carol Sánchez,Fecha de nacimiento,1986-04-16
Carol Sánchez,Ocupación,futbolista
Karla Villalobos,Lugar de nacimiento,Costa Rica
Karla Villalobos,Ocupación,entrenador
Karla Villalobos,Ciudadanía,Costa Rica
Karla Villalobos,Fecha de nacimiento,1986-07-16
Karla Villalobos,Ocupación,futbolista
Cornelius Wilson,Ciudadanía,Costa Rica
Cornelius Wilson,Fecha de nacimiento,1952-01-01
Joao Fernando Johanning Mora,Lugar de nacimiento,Isla de Pecixe
Joao Fernando Johanning Mora,Ocupación,futbolista
Joao Fernando Johanning Mora,Ciudadanía,Costa Rica
Joao Fernando Johanning Mora,Fecha de nacimiento,1990-05-15
Adriana Venegas,Lugar de nacimiento,Costa Rica
Adriana Venegas,Ocupación,entrenador
Adriana Venegas,Ciudadanía,Costa Rica
Adriana Venegas,Fecha de nacimiento,1989-06-12
Adriana Venegas,Ocupación,futbolista
Josué González,Ocupación,ciclista
Josué González,Ciudadanía,Costa Rica
Josué González,Fecha de nacimiento,1988-07-09
Alfredo Cardona Peña,Lugar de nacimiento,San José
Alfredo Cardona Peña,Ocupación,escritor
Alfredo Cardona Peña,Ciudadanía,México
Alfredo Cardona Peña,Fecha de nacimiento,1917-08-11
Alfredo Cardona Peña,Fecha de defunción,1995-01-31
Alfredo Cardona Peña,Ocupación,escritor de ciencia ficción
Alfredo Cardona Peña,Fecha de defunción,1995-02-01
Alfredo Cardona Peña,Ciudadanía,Costa Rica
Natasha Jiménez,Lugar de nacimiento,Costa Rica
Natasha Jiménez,Ocupación,activista
Natasha Jiménez,Ciudadanía,Costa Rica
Natasha Jiménez,Fecha de nacimiento,1901-01-01
Natasha Jiménez,Ocupación,activista LGBTI
Daniel Zovatto,Lugar de nacimiento,San José
Daniel Zovatto,Ocupación,actor
Daniel Zovatto,Ciudadanía,Costa Rica
Daniel Zovatto,Fecha de nacimiento,1991-06-28
Daniel Zovatto,Ocupación,actor de televisión
Emilio Alfonso Sagot Ortega,Ocupación,futbolista
Emilio Alfonso Sagot Ortega,Ciudadanía,Costa Rica
Emilio Alfonso Sagot Ortega,Fecha de nacimiento,1942-02-26
Emilio Alfonso Sagot Ortega,Fecha de defunción,2015-07-23
Joseph Mora,Lugar de nacimiento,Provincia de Alajuela
Joseph Mora,Ocupación,futbolista
Joseph Mora,Ciudadanía,Costa Rica
Joseph Mora,Fecha de nacimiento,1993-01-15
Sámara,país,Costa Rica
Sámara,instancia de,distrito de Costa Rica
Sámara,situado en la entidad territorial administrativa,Cantón de Nicoya
Sámara,se encuentra en el huso horario,UTC−6
futbolista,vestimenta,Equipamiento de los futbolistas
futbolista,categoría principal del tema,Categoría:Futbolistas
futbolista,plantilla principal del tema,Plantilla:Ficha de futbolista
San Rafael,país,Costa Rica
San Rafael,instancia de,distrito de Costa Rica
San Rafael,situado en la entidad territorial administrativa,Cantón de Oreamuno
San Rafael,se encuentra en el huso horario,UTC−6
San Rafael,capital de,Cantón de Oreamuno
Universidad del Sur de Florida,país,Estados Unidos
Universidad del Sur de Florida,instancia de,universidad pública
Universidad del Sur de Florida,instancia de,institución educativa pública de los Estados Unidos
Universidad del Sur de Florida,instancia de,editor de acceso abierto
Universidad del Sur de Florida,color oficial,verde
Universidad Creighton,país,Estados Unidos
Universidad Creighton,instancia de,universidad
Universidad Creighton,instancia de,institución educativa privada sin fines de lucro
Universidad Creighton,instancia de,editor de acceso abierto
Universidad Creighton,situado en la entidad territorial administrativa,Omaha
surfista,instancia de,ocupación
surfista,subclase de,deportista
surfista,ámbito de la ocupación,surf
surfista,ámbito de la ocupación,Surf adaptado
surfista,categoría principal del tema,Categoría:Surfistas
Isla de Pecixe,país,Guinea-Bisáu
Isla de Pecixe,instancia de,isla
Isla de Pecixe,situado en la entidad territorial administrativa,Región de Cacheu
Isla de Pecixe,situado cerca del cuerpo de agua,Océano Atlántico
activista LGBTI,instancia de,ocupación
activista LGBTI,subclase de,activista por los derechos civiles
activista LGBTI,subclase de,activista por los derechos humanos
activista LGBTI,subclase de,activista sobre temas  relacionados con la sexualidad y el género
activista LGBTI,forma parte de,movimiento LGBT
actor de televisión,instancia de,profesión
actor de televisión,subclase de,actor
actor de televisión,ámbito de la ocupación,actuación para la televisión
actor de televisión,categoría principal del tema,Categoría:Actores de televisión
Jake Beckford,Lugar de nacimiento,San José
Jake Beckford,Ocupación,futbolista
Jake Beckford,Ciudadanía,Costa Rica
Jake Beckford,Fecha de nacimiento,1994-07-31
James Hudson,Lugar de nacimiento,Cantón de Limón
James Hudson,Ocupación,futbolista
James Hudson,Ciudadanía,Costa Rica
James Hudson,Fecha de nacimiento,1993-12-04
Jason Zárate,Lugar de nacimiento,Heredia
Jason Zárate,Ocupación,futbolista
Jason Zárate,Ciudadanía,Costa Rica
Jason Zárate,Fecha de nacimiento,1991-08-01
Jean Carlos Chacón,Lugar de nacimiento,Provincia de Heredia
Jean Carlos Chacón,Ocupación,futbolista
Jean Carlos Chacón,Ciudadanía,Costa Rica
Jean Carlos Chacón,Fecha de nacimiento,1979-08-15
Jeannette Benavides,Lugar de nacimiento,Cantón de Heredia
Jeannette Benavides,Ocupación,químico
Jeannette Benavides,Ciudadanía,Costa Rica
Jeannette Benavides,Educado en,Universidad de Costa Rica
Jeannette Benavides,Fecha de nacimiento,1952-07-07
Jeannette Benavides,Ocupación,bioquímico
Jeisson Jiménez,Lugar de nacimiento,Quesada
Jeisson Jiménez,Ocupación,futbolista
Jeisson Jiménez,Ciudadanía,Costa Rica
Jeisson Jiménez,Fecha de nacimiento,1981-11-28
Jerónimo de Retes y López de Ortega,Ocupación,militar
Jerónimo de Retes y López de Ortega,Ciudadanía,Costa Rica
Jerónimo de Retes y López de Ortega,Fecha de nacimiento,1597-01-01
Jerónimo de Retes y López de Ortega,Fecha de defunción,1664-01-01
Jessica Clark Cohen,Lugar de nacimiento,San José
Jessica Clark Cohen,Ocupación,escritor
Jessica Clark Cohen,Ciudadanía,Costa Rica
Jessica Clark Cohen,Fecha de nacimiento,1969-09-22
Jessica Clark Cohen,Ocupación,escritor de ciencia ficción
Jessica Umaña,Lugar de nacimiento,San José
Jessica Umaña,Ocupación,modelo
Jessica Umaña,Ciudadanía,Costa Rica
Jessica Umaña,Fecha de nacimiento,1988-01-02
Jesús Manuel Fernández Morales,Lugar de nacimiento,San José
Jesús Manuel Fernández Morales,Ocupación,político
Jesús Manuel Fernández Morales,Ciudadanía,Costa Rica
Jesús Manuel Fernández Morales,Educado en,Universidad de Costa Rica
Jesús Manuel Fernández Morales,Empleador,Universidad de Costa Rica
Jesús Manuel Fernández Morales,Fecha de nacimiento,1941-01-01
Joan Gemmir i Lleonart y Fontanills,Lugar de nacimiento,Mataró
Joan Gemmir i Lleonart y Fontanills,Ocupación,militar
Joan Gemmir i Lleonart y Fontanills,Ciudadanía,Costa Rica
Joan Gemmir i Lleonart y Fontanills,Fecha de nacimiento,1692-04-16
Joan Gemmir i Lleonart y Fontanills,Fecha de defunción,1747-11-05
Joan Gemmir i Lleonart y Fontanills,Ocupación,político
Joan Gemmir i Lleonart y Fontanills,Ciudadanía,Corona de Aragón
Kenny Cunningham,Lugar de nacimiento,Cantón de Desamparados
Kenny Cunningham,Ocupación,futbolista
Kenny Cunningham,Ciudadanía,Costa Rica
Kenny Cunningham,Fecha de nacimiento,1985-06-07
Joaquín Bernardo García-Castro,Ocupación,médico
Joaquín Bernardo García-Castro,Ciudadanía,Costa Rica
Joaquín Bernardo García-Castro,Fecha de nacimiento,1944-01-01
Joaquín Bernardo García-Castro,Fecha de defunción,2001-08-22
Joaquín Bernardo García-Castro,Ocupación,taxónomo
Joaquín Bernardo García-Castro,Ocupación,botánico
Joaquín Vargas Gené,Lugar de nacimiento,San José
Joaquín Vargas Gené,Ocupación,abogado
Joaquín Vargas Gené,Ciudadanía,Costa Rica
Joaquín Vargas Gené,Educado en,Universidad de Madrid
Joaquín Vargas Gené,Fecha de nacimiento,1922-12-08
Joaquín Vargas Gené,Fecha de defunción,2006-09-17
Joaquín Vargas Gené,Ocupación,periodista
John Sánchez,Lugar de nacimiento,Provincia de San José
John Sánchez,Ocupación,futbolista
John Sánchez,Ciudadanía,Costa Rica
John Sánchez,Fecha de nacimiento,1984-12-15
Johnny Cubero,Lugar de nacimiento,Grecia
Johnny Cubero,Ocupación,futbolista
Johnny Cubero,Ciudadanía,Costa Rica
Johnny Cubero,Fecha de nacimiento,1976-02-23
Jordan Smith,Lugar de nacimiento,Cantón de Desamparados
Jordan Smith,Ocupación,futbolista
Jordan Smith,Ciudadanía,Costa Rica
Jordan Smith,Fecha de nacimiento,1991-04-23
Jordan Smith,Fecha de nacimiento,1993-04-23
Jorge Antonio Salas Bonilla,Lugar de nacimiento,Cantón de Heredia
Jorge Antonio Salas Bonilla,Ocupación,abogado
Jorge Antonio Salas Bonilla,Ciudadanía,Costa Rica
Jorge Antonio Salas Bonilla,Educado en,Universidad de Costa Rica
Jorge Antonio Salas Bonilla,Fecha de nacimiento,1953-01-01
Jorge Antonio Salas Bonilla,Ocupación,político
Jorge González Martén,Lugar de nacimiento,San José
Jorge González Martén,Ocupación,político
Jorge González Martén,Ciudadanía,Costa Rica
Jorge González Martén,Fecha de nacimiento,1926-10-03
Jorge González Martén,Fecha de defunción,2018-11-02
Jorge González Martén,Ocupación,economista
Jorge Guardia Carazo,Lugar de nacimiento,San José
Jorge Guardia Carazo,Ocupación,político
Jorge Guardia Carazo,Ciudadanía,Costa Rica
Jorge Guardia Carazo,Fecha de nacimiento,1881-10-15
Jorge Guardia Carazo,Fecha de defunción,1956-01-03
Cantón de Limón,país,Costa Rica
Cantón de Limón,instancia de,cantón de Costa Rica
Cantón de Limón,capital,Limón
Cantón de Limón,comparte fronteras con,Cantón de Turrialba
Cantón de Limón,comparte fronteras con,Cantón de Matina
Provincia de Heredia,país,Costa Rica
Provincia de Heredia,instancia de,provincia de Costa Rica
Provincia de Heredia,capital,Heredia
Provincia de Heredia,comparte fronteras con,Provincia de Alajuela
Provincia de Heredia,comparte fronteras con,Provincia de Limón
Cantón de Heredia,país,Costa Rica
Cantón de Heredia,instancia de,cantón de Costa Rica
Cantón de Heredia,capital,Heredia
Cantón de Heredia,comparte fronteras con,Cantón de San Rafael
Cantón de Heredia,comparte fronteras con,Cantón de Pococí
escritor de ciencia ficción,instancia de,profesión
escritor de ciencia ficción,género,ciencia ficción
escritor de ciencia ficción,ámbito de la ocupación,ciencia ficción
Mataró,jefe de gobierno,David Bote Paz
Mataró,país,España
Mataró,instancia de,municipio de Cataluña
Mataró,capital,Mataró
Mataró,idioma oficial,catalán
taxónomo,instancia de,profesión
taxónomo,subclase de,biólogo
taxónomo,subclase de,ontólogo
taxónomo,ámbito de la ocupación,taxonomía biológica
taxónomo,categoría principal del tema,Categoría:Taxónomos
Universidad de Madrid,categoría para las personas que estudiaron en esta institución,Categoría:Alumnado de la Universidad de Madrid
Universidad de Madrid,país,España
Universidad de Madrid,instancia de,universidad
Universidad de Madrid,instancia de,institución educativa universitaria
Universidad de Madrid,instancia de,universidad pública
