entidad,relacion,objeto
Guillermo Rivera,Lugar de nacimiento,San Salvador
Guillermo Rivera,Ocupación,entrenador
Guillermo Rivera,Ciudadanía,El Salvador
Guillermo Rivera,Fecha de nacimiento,1969-11-25
Guillermo Rivera,Ocupación,futbolista
Guillermo Manuel Ungo,Lugar de nacimiento,San Salvador
Guillermo Manuel Ungo,Ocupación,político
Guillermo Manuel Ungo,Ciudadanía,El Salvador
Guillermo Manuel Ungo,Educado en,Universidad de El Salvador
Guillermo Manuel Ungo,Fecha de nacimiento,1931-09-03
Guillermo Manuel Ungo,Fecha de defunción,1991-02-28
Gustavo Manzur,Ocupación,luchador
Gustavo Manzur,Ciudadanía,El Salvador
Gustavo Manzur,Fecha de nacimiento,1959-11-09
Alberto Rivas Bonilla,Lugar de nacimiento,Santa Tecla
Alberto Rivas Bonilla,Ocupación,escritor
Alberto Rivas Bonilla,Ciudadanía,El Salvador
Alberto Rivas Bonilla,Fecha de nacimiento,1891-09-04
Alberto Rivas Bonilla,Fecha de defunción,1985-11-29
Alberto Rivas Bonilla,Ocupación,médico
Alberto Rivas Bonilla,Ocupación,poeta
Wenceslao Cisneros,Lugar de nacimiento,San Salvador
Wenceslao Cisneros,Ocupación,pintor
Wenceslao Cisneros,Ciudadanía,El Salvador
Wenceslao Cisneros,Fecha de nacimiento,1823-10-04
Wenceslao Cisneros,Fecha de defunción,1878-06-12
Wenceslao Cisneros,Ocupación,caricaturista
Wenceslao Cisneros,Ocupación,litógrafo
Wenceslao Cisneros,Ciudadanía,Imperio Español
Wenceslao Cisneros,Ciudadanía,República Federal de Centroamérica
Wenceslao Cisneros,Ciudadanía,Provincias Unidas del Centro de América
Alejandro Marroquín,Lugar de nacimiento,San Salvador
Alejandro Marroquín,Ocupación,antropólogo
Alejandro Marroquín,Ciudadanía,México
Alejandro Marroquín,Educado en,Universidad de El Salvador
Alejandro Marroquín,Fecha de nacimiento,1911-03-24
Alejandro Marroquín,Fecha de defunción,1977-01-01
Alejandro Marroquín,Ciudadanía,El Salvador
Alfredo Martínez Moreno,Lugar de nacimiento,El Salvador
Alfredo Martínez Moreno,Ocupación,abogado
Alfredo Martínez Moreno,Ciudadanía,El Salvador
Alfredo Martínez Moreno,Educado en,Universidad de El Salvador
Alfredo Martínez Moreno,Miembro de,Academia Norteamericana de la Lengua Española
Alfredo Martínez Moreno,Premio recibido,Orden El Sol del Perú
Alfredo Martínez Moreno,Fecha de nacimiento,1923-09-23
Alfredo Martínez Moreno,Fecha de defunción,2021-10-02
Alfredo Martínez Moreno,Ocupación,diplomático
Alice Lardé de Venturino,Lugar de nacimiento,San Salvador
Alice Lardé de Venturino,Ocupación,científico
Alice Lardé de Venturino,Ciudadanía,El Salvador
Alice Lardé de Venturino,Fecha de nacimiento,1895-06-29
Alice Lardé de Venturino,Fecha de defunción,1983-10-14
Alice Lardé de Venturino,Ocupación,escritor
Alice Lardé de Venturino,Ocupación,compositor
Alice Lardé de Venturino,Ocupación,poeta
Aniceto Porsisoca,Lugar de nacimiento,Santa Ana
Aniceto Porsisoca,Ocupación,actor
Aniceto Porsisoca,Ciudadanía,El Salvador
Aniceto Porsisoca,Fecha de nacimiento,1928-02-24
Aniceto Porsisoca,Fecha de defunción,1993-06-09
Ramón A. Valdez,Lugar de nacimiento,Jayaque
Ramón A. Valdez,Ocupación,futbolista
Ramón A. Valdez,Ciudadanía,El Salvador
Ramón A. Valdez,Fecha de nacimiento,1985-08-07
David Granadino,Lugar de nacimiento,Santa Ana
David Granadino,Ocupación,compositor
David Granadino,Ciudadanía,El Salvador
David Granadino,Fecha de nacimiento,1876-06-13
David Granadino,Fecha de defunción,1933-08-22
Antonio Bonilla,Lugar de nacimiento,San Salvador
Antonio Bonilla,Ocupación,pintor
Antonio Bonilla,Ciudadanía,El Salvador
Antonio Bonilla,Fecha de nacimiento,1954-01-01
Armando Arteaga,Lugar de nacimiento,Guatemala
Armando Arteaga,Ocupación,revolucionario
Armando Arteaga,Ciudadanía,El Salvador
Armando Arteaga,Fecha de defunción,1975-05-10
Armando Molina,Lugar de nacimiento,San Salvador
Armando Molina,Ocupación,escritor
Armando Molina,Ciudadanía,El Salvador
Armando Molina,Educado en,Universidad Estatal de San Francisco
Armando Molina,Fecha de nacimiento,1957-08-18
Armando Molina,Ocupación,periodista
Henry Escobar,Lugar de nacimiento,Guazapa
Henry Escobar,Ocupación,futbolista
Henry Escobar,Ciudadanía,El Salvador
Henry Escobar,Fecha de nacimiento,1990-05-25
Henry Hernández,Lugar de nacimiento,San Salvador
Henry Hernández,Ocupación,futbolista
Henry Hernández,Ciudadanía,El Salvador
Henry Hernández,Fecha de nacimiento,1985-01-04
Henry Martínez,Ocupación,boxeador
Henry Martínez,Ciudadanía,El Salvador
Henry Martínez,Fecha de nacimiento,1971-01-20
Benjamín Solís Menéndez,Lugar de nacimiento,Chalchuapa
Benjamín Solís Menéndez,Ocupación,compositor
Benjamín Solís Menéndez,Ciudadanía,El Salvador
Benjamín Solís Menéndez,Fecha de nacimiento,1932-05-04
Benjamín Solís Menéndez,Fecha de defunción,2019-07-26
Benjamín Solís Menéndez,Ocupación,director de orquesta
Benjamín Solís Menéndez,Ocupación,pianista
Bernardino Villalpando,Lugar de nacimiento,Talavera de la Reina
Bernardino Villalpando,Ocupación,obispo católico
Bernardino Villalpando,Ciudadanía,El Salvador
Bernardino Villalpando,Cargo,obispo de Cuba
Bernardino Villalpando,Fecha de nacimiento,1505-01-01
Bernardino Villalpando,Fecha de defunción,1569-01-01
Bernardino Villalpando,Ocupación,presbítero católico de rito latino
Bernardino Villalpando,Ocupación,canónigo regular
Bernardino Villalpando,Cargo,obispo de Santiago de Guatemala
Boris Pineda,Lugar de nacimiento,El Salvador
Boris Pineda,Ocupación,ajedrecista
Boris Pineda,Ciudadanía,El Salvador
Boris Pineda,Fecha de nacimiento,1958-11-28
Boris Pineda,Fecha de defunción,2021-10-11
San Salvador,jefe de gobierno,Mario Durán
San Salvador,país,El Salvador
San Salvador,instancia de,entidad territorial administrativa
San Salvador,instancia de,gran ciudad
San Salvador,instancia de,distrito de El Salvador
entrenador,instancia de,profesión
entrenador,instancia de,ocupación
entrenador,ámbito de la ocupación,fútbol
entrenador,deporte,fútbol
El Salvador,país,El Salvador
El Salvador,jefe de gobierno,Nayib Bukele
El Salvador,continente,América del Norte
El Salvador,instancia de,país
El Salvador,instancia de,estado soberano
futbolista,instancia de,profesión
futbolista,instancia de,ocupación
futbolista,subclase de,jugador competitivo
futbolista,subclase de,Jugador de fútbol
político,instancia de,profesión
político,instancia de,frecuentemente
político,subclase de,profesional
político,ámbito de la ocupación,política
político,categoría principal del tema,Categoría:Políticos
Universidad de El Salvador,país,El Salvador
Universidad de El Salvador,instancia de,universidad pública
Universidad de El Salvador,situado en la entidad territorial administrativa,San Salvador
Universidad de El Salvador,miembro de,Consejo Superior Universitario Centroamericano
luchador,instancia de,ocupación
luchador,subclase de,luchador
luchador,ámbito de la ocupación,lucha
luchador,ámbito de la ocupación,lucha amateur
luchador,deporte,lucha amateur
Santa Tecla,país,El Salvador
Santa Tecla,instancia de,gran ciudad
Santa Tecla,instancia de,distrito de El Salvador
Santa Tecla,situado en la entidad territorial administrativa,La Libertad Sur
Santa Tecla,ciudad hermana,Gijón
escritor,instancia de,profesión
escritor,instancia de,ocupación
escritor,subclase de,autor
escritor,subclase de,artista
pintor,instancia de,ocupación
pintor,instancia de,profesión artística
pintor,subclase de,artista visual
pintor,santo patrón,Lucas el Evangelista
pintor,ámbito de la ocupación,pintura
antropólogo,instancia de,profesión
antropólogo,subclase de,científico social
antropólogo,ámbito de la ocupación,antropología
antropólogo,categoría principal del tema,Categoría:Antropólogos
México,miembro de,Organización de las Naciones Unidas
México,miembro de,Mercosur
México,miembro de,Movimiento Internacional de la Cruz Roja y de la Media Luna Roja
México,miembro de,UNESCO
México,miembro de,Organización Mundial de la Salud
abogado,instancia de,profesión jurídica
abogado,subclase de,jurista
abogado,santo patrón,Catalina de Alejandría
abogado,santo patrón,Alfonso María de Ligorio
abogado,santo patrón,Raimundo de Peñafort
Academia Norteamericana de la Lengua Española,país,Estados Unidos
Academia Norteamericana de la Lengua Española,instancia de,sociedad erudita
Academia Norteamericana de la Lengua Española,instancia de,regulador del idioma
Academia Norteamericana de la Lengua Española,instancia de,editor de acceso abierto
Academia Norteamericana de la Lengua Española,campo de trabajo,español
científico,instancia de,profesión
científico,instancia de,cargo
científico,subclase de,investigador
científico,subclase de,erudito
científico,ámbito de la ocupación,ciencia
Santa Ana,país,El Salvador
Santa Ana,instancia de,gran ciudad
Santa Ana,instancia de,distrito de El Salvador
Santa Ana,situado en la entidad territorial administrativa,Santa Ana Centro
Santa Ana,ciudad hermana,Callao
actor,instancia de,profesión
actor,instancia de,ocupación
actor,instancia de,grupo de ocupaciones de la CIUO
actor,subclase de,artista escénico
Jayaque,país,El Salvador
Jayaque,instancia de,distrito de El Salvador
Jayaque,situado en la entidad territorial administrativa,La Libertad Oeste
Jayaque,se encuentra en el huso horario,UTC−6
compositor,instancia de,ocupación
compositor,instancia de,profesión musical
compositor,subclase de,autor
compositor,subclase de,músico
compositor,santo patrón,Cecilia de Roma
Guatemala,país,Guatemala
Guatemala,forma parte de,América Latina
Guatemala,forma parte de,América Central
Guatemala,forma parte de,América Media
Guatemala,se encuentra en el huso horario,UTC−6
revolucionario,elemento ejemplo,Che Guevara
revolucionario,instancia de,ocupación
revolucionario,subclase de,activista político
revolucionario,subclase de,faccioso
Universidad Estatal de San Francisco,país,Estados Unidos
Universidad Estatal de San Francisco,instancia de,universidad
Universidad Estatal de San Francisco,instancia de,institución educativa pública de los Estados Unidos
Universidad Estatal de San Francisco,situado en la entidad territorial administrativa,San Francisco
Guazapa,país,El Salvador
Guazapa,instancia de,entidad territorial administrativa
Guazapa,instancia de,distrito de El Salvador
Guazapa,situado en la entidad territorial administrativa,San Salvador Norte
Guazapa,se encuentra en el huso horario,UTC−6
boxeador,instancia de,profesión
boxeador,subclase de,deportista
boxeador,subclase de,artista marcial
boxeador,ámbito de la ocupación,boxeo
boxeador,ámbito de la ocupación,boxeo aficionado
Chalchuapa,país,El Salvador
Chalchuapa,instancia de,entidad territorial administrativa
Chalchuapa,instancia de,asentamiento
Chalchuapa,instancia de,distrito de El Salvador
Chalchuapa,situado en la entidad territorial administrativa,Santa Ana Oeste
Talavera de la Reina,santo patrón,Isidro Labrador
Talavera de la Reina,se encuentra en el huso horario,UTC+01:00
Talavera de la Reina,se encuentra en el huso horario,UTC+02:00
Talavera de la Reina,categoría principal del tema,Categoría:Talavera de la Reina
Talavera de la Reina,cargo ocupado por el jefe de gobierno,alcalde de Talavera de la Reina
obispo católico,instancia de,función episcopal
obispo católico,instancia de,vocación católica
obispo católico,religión,Iglesia católica
obispo católico,subclase de,obispo
obispo católico,subclase de,sacerdote
obispo de Cuba,instancia de,cargo episcopal histórico
obispo de Cuba,subclase de,obispo diocesano
obispo de Cuba,subclase de,ordinario
obispo de Cuba,subclase de,obispo sufragáneo
obispo de Cuba,subclase de,obispo católico latino
ajedrecista,instancia de,profesión
ajedrecista,subclase de,deportista
ajedrecista,subclase de,jugador de juego de tablero
C. Gerardo Perla,Lugar de nacimiento,San Salvador
C. Gerardo Perla,Ocupación,escritor
C. Gerardo Perla,Ciudadanía,El Salvador
C. Gerardo Perla,Fecha de nacimiento,1976-01-01
Carlos Alberto Imery,Lugar de nacimiento,San Salvador
Carlos Alberto Imery,Ocupación,pintor
Carlos Alberto Imery,Ciudadanía,El Salvador
Carlos Alberto Imery,Cargo,Director de la Escuela Nacional de Artes Gráficas
Carlos Alberto Imery,Fecha de nacimiento,1879-03-18
Carlos Alberto Imery,Fecha de defunción,1949-07-27
Carlos Alberto Soriano,Lugar de nacimiento,San Salvador
Carlos Alberto Soriano,Ocupación,escritor
Carlos Alberto Soriano,Ciudadanía,El Salvador
Carlos Alberto Soriano,Premio recibido,Premio Centroamericano de Literatura Rogelio Sinán
Carlos Alberto Soriano,Fecha de nacimiento,1970-01-01
Carlos Artiga,Ocupación,periodista
Carlos Artiga,Ciudadanía,El Salvador
Carlos Artiga,Fecha de nacimiento,1975-09-23
Carlos Colón-Quintana,Lugar de nacimiento,Chalchuapa
Carlos Colón-Quintana,Ocupación,compositor
Carlos Colón-Quintana,Ciudadanía,El Salvador
Carlos Colón-Quintana,Educado en,Universidad Baylor
Carlos Colón-Quintana,Fecha de nacimiento,1966-01-01
Carlos Colón-Quintana,Ocupación,director de orquesta
Carlos Ernesto García,Lugar de nacimiento,Santa Tecla
Carlos Ernesto García,Ocupación,escritor
Carlos Ernesto García,Ciudadanía,El Salvador
Carlos Ernesto García,Fecha de nacimiento,1960-01-01
Carlos Ernesto García,Ocupación,poeta
Carlos Ernesto García,Ocupación,periodista
Carlos Hernández,Lugar de nacimiento,El Salvador
Carlos Hernández,Ocupación,deportista
Carlos Hernández,Ciudadanía,El Salvador
Carlos Hernández,Fecha de nacimiento,1964-01-01
Carmen González Huguet,Lugar de nacimiento,San Salvador
Carmen González Huguet,Ocupación,escritor
Carmen González Huguet,Ciudadanía,España
Carmen González Huguet,Premio recibido,Premio Centroamericano de Literatura Rogelio Sinán
Carmen González Huguet,Fecha de nacimiento,1958-11-15
Carmen González Huguet,Ocupación,poeta
Carmen González Huguet,Ciudadanía,El Salvador
Medardo Gómez,Lugar de nacimiento,Quelepa
Medardo Gómez,Ciudadanía,El Salvador
Medardo Gómez,Fecha de nacimiento,1945-01-01
Medardo Gómez,Fecha de nacimiento,1945-06-08
Ciro Cruz Zepeda,Ocupación,político
Ciro Cruz Zepeda,Ciudadanía,El Salvador
Ciro Cruz Zepeda,Fecha de nacimiento,1945-05-03
Ciro Cruz Zepeda,Fecha de defunción,2022-12-12
Copán Galel,Ciudadanía,El Salvador
Copán Galel,Cargo,cacique
Copán Galel,Fecha de defunción,1600-01-01
Cuachimichin,Ciudadanía,El Salvador
Juan Felipe Toruño,Lugar de nacimiento,León
Juan Felipe Toruño,Ocupación,poeta
Juan Felipe Toruño,Ciudadanía,El Salvador
Juan Felipe Toruño,Fecha de nacimiento,1898-05-01
Juan Felipe Toruño,Fecha de defunción,1980-08-31
Juan Felipe Toruño,Ocupación,periodista
Juan Felipe Toruño,Ocupación,crítico literario
David Galindo,Lugar de nacimiento,Santa Ana
David Galindo,Ocupación,escritor
David Galindo,Ciudadanía,El Salvador
David Galindo,Miembro de,Academia Norteamericana de la Lengua Española
David Galindo,Fecha de nacimiento,1943-10-04
David Galindo,Ocupación,abogado
David Galindo,Ocupación,poeta
Juan Isolino Rosa,Lugar de nacimiento,San Francisco Gotera
Juan Isolino Rosa,Ocupación,compositor
Juan Isolino Rosa,Ciudadanía,El Salvador
Juan Isolino Rosa,Fecha de nacimiento,1914-05-06
Juan Isolino Rosa,Fecha de defunción,2004-04-13
Dionisio Villacorta,Lugar de nacimiento,Zacatecoluca
Dionisio Villacorta,Ocupación,político
Dionisio Villacorta,Ciudadanía,El Salvador
Dionisio Villacorta,Fecha de nacimiento,http://www.wikidata.org/.well-known/genid/f11bec3185c9577f7746a92fa84e5498
Dionisio Villacorta,Fecha de defunción,1846-11-11
Johanna Pineda,Lugar de nacimiento,El Salvador
Johanna Pineda,Ocupación,tirador
Johanna Pineda,Ciudadanía,El Salvador
Johanna Pineda,Fecha de nacimiento,1987-11-21
Domingo Antonio de Lara,Lugar de nacimiento,San Salvador
Domingo Antonio de Lara,Ocupación,político
Domingo Antonio de Lara,Ciudadanía,El Salvador
Domingo Antonio de Lara,Fecha de nacimiento,1783-08-30
Domingo Antonio de Lara,Fecha de defunción,1845-10-30
Elena Gallegos Rosales,Lugar de nacimiento,San Salvador
Elena Gallegos Rosales,Ocupación,primera dama
Elena Gallegos Rosales,Ciudadanía,El Salvador
Elena Gallegos Rosales,Cargo,primera dama o primer caballero de Costa Rica
Elena Gallegos Rosales,Fecha de nacimiento,1882-06-15
Elena Gallegos Rosales,Fecha de defunción,1954-08-30
Elena Gallegos Rosales,Ciudadanía,Costa Rica
Eleonora Beatrice Carrillo Alamanni,Ocupación,modelo
Eleonora Beatrice Carrillo Alamanni,Ciudadanía,El Salvador
Eleonora Beatrice Carrillo Alamanni,Fecha de nacimiento,1901-01-01
Director de la Escuela Nacional de Artes Gráficas,país,El Salvador
Director de la Escuela Nacional de Artes Gráficas,instancia de,cargo
Director de la Escuela Nacional de Artes Gráficas,subclase de,director de escuela
Director de la Escuela Nacional de Artes Gráficas,aplica a la jurisdicción,Escuela Nacional de Artes Gráficas
Director de la Escuela Nacional de Artes Gráficas,organización dirigida desde este cargo,Escuela Nacional de Artes Gráficas
Premio Centroamericano de Literatura Rogelio Sinán,país,Panamá
Premio Centroamericano de Literatura Rogelio Sinán,instancia de,premio literario
Premio Centroamericano de Literatura Rogelio Sinán,nombrado en referencia a,Rogelio Sinán
Premio Centroamericano de Literatura Rogelio Sinán,conferido por,Universidad Tecnológica de Panamá
periodista,instancia de,profesión
periodista,instancia de,cargo
periodista,instancia de,ocupación
periodista,instancia de,grupo de ocupaciones de la CIUO
periodista,subclase de,autor
Universidad Baylor,país,Estados Unidos
Universidad Baylor,instancia de,universidad privada
Universidad Baylor,instancia de,universidad cristiana
Universidad Baylor,instancia de,institución educativa privada sin fines de lucro
Universidad Baylor,fundador,Robert Emmett Bledsoe Baylor
poeta,instancia de,profesión
poeta,subclase de,escritor
poeta,ámbito de la ocupación,poesía
poeta,categoría principal del tema,Categoría:Poetas
deportista,instancia de,profesión
deportista,instancia de,ocupación
deportista,subclase de,personalidad del deporte
deportista,santo patrón,Sebastián de Milán
deportista,ámbito de la ocupación,deporte
España,jefe de gobierno,Pedro Sánchez
España,continente,Europa
España,instancia de,país
España,instancia de,Estado nación
España,instancia de,reino
cacique,país,Brasil
cacique,país,Imperio Español
cacique,instancia de,cargo
cacique,instancia de,ocupación
cacique,subclase de,político
León,país,Nicaragua
León,instancia de,municipio de Nicaragua
León,instancia de,gran ciudad
León,situado en la entidad territorial administrativa,Departamento de León
León,nombrado en referencia a,Ruínas de León Viejo
San Francisco Gotera,país,El Salvador
San Francisco Gotera,instancia de,ciudad
San Francisco Gotera,instancia de,distrito de El Salvador
San Francisco Gotera,situado en la entidad territorial administrativa,Morazán Sur
San Francisco Gotera,se encuentra en el huso horario,UTC−6
Zacatecoluca,país,El Salvador
Zacatecoluca,instancia de,ciudad
Zacatecoluca,instancia de,distrito de El Salvador
Zacatecoluca,idioma oficial,español salvadoreño
Zacatecoluca,situado en la entidad territorial administrativa,La Paz Este
tirador,instancia de,profesión
tirador,subclase de,deportista
tirador,subclase de,tirador
tirador,ámbito de la ocupación,tiro deportivo
tirador,ámbito de la ocupación,Tiro Práctico
primera dama,instancia de,título honorífico
primera dama,instancia de,cargo
primera dama,subclase de,mujer
primera dama,subclase de,consorte
primera dama o primer caballero de Costa Rica,país,Costa Rica
primera dama o primer caballero de Costa Rica,instancia de,cargo
primera dama o primer caballero de Costa Rica,categoría principal del tema,Categoría:Primeras damas de Costa Rica
primera dama o primer caballero de Costa Rica,aplica a la jurisdicción,Costa Rica
modelo,instancia de,profesión
modelo,subclase de,profesional de la moda
modelo,ámbito de la ocupación,modelaje
modelo,categoría principal del tema,Categoría:Modelos
Anastasio Aquino,Lugar de nacimiento,Santiago Nonualco
Anastasio Aquino,Ocupación,político
Anastasio Aquino,Ciudadanía,El Salvador
Anastasio Aquino,Fecha de nacimiento,1792-04-15
Anastasio Aquino,Fecha de defunción,1833-07-24
Lilian Mercedes Letona,Lugar de nacimiento,Turín
Lilian Mercedes Letona,Ocupación,político
Lilian Mercedes Letona,Ciudadanía,El Salvador
Lilian Mercedes Letona,Fecha de nacimiento,1954-09-24
Lilian Mercedes Letona,Fecha de defunción,1983-08-01
Lilian Mercedes Letona,Ocupación,guerrillero
Andrés Ignacio Menéndez,Lugar de nacimiento,Santa Ana
Andrés Ignacio Menéndez,Ocupación,político
Andrés Ignacio Menéndez,Ciudadanía,El Salvador
Andrés Ignacio Menéndez,Cargo,presidente de El Salvador
Andrés Ignacio Menéndez,Fecha de nacimiento,1879-02-01
Andrés Ignacio Menéndez,Fecha de defunción,1962-06-07
Andrés del Valle,Lugar de nacimiento,Santa Ana
Andrés del Valle,Ocupación,político
Andrés del Valle,Ciudadanía,El Salvador
Andrés del Valle,Educado en,Universidad de San Carlos de Guatemala
Andrés del Valle,Fecha de nacimiento,1833-11-30
Andrés del Valle,Fecha de defunción,1888-06-28
Herbert Anaya,Lugar de nacimiento,San Salvador
Herbert Anaya,Ocupación,activista por los derechos humanos
Herbert Anaya,Ciudadanía,El Salvador
Herbert Anaya,Fecha de nacimiento,1954-06-11
Herbert Anaya,Fecha de defunción,1987-10-26
Schafik Hándal,Lugar de nacimiento,Usulután
Schafik Hándal,Ocupación,político
Schafik Hándal,Ciudadanía,El Salvador
Schafik Hándal,Fecha de nacimiento,1930-10-13
Schafik Hándal,Fecha de defunción,2006-01-24
Roque Dalton,Lugar de nacimiento,San Salvador
Roque Dalton,Ocupación,escritor
Roque Dalton,Ciudadanía,El Salvador
Roque Dalton,Educado en,Universidad de Chile
Roque Dalton,Fecha de nacimiento,1935-05-14
Roque Dalton,Fecha de defunción,1975-05-10
Roque Dalton,Ocupación,poeta
Roque Dalton,Ocupación,político
Roque Dalton,Ocupación,periodista
Roque Dalton,Educado en,Universidad de El Salvador
Anita Cristina Escher Echeverría,Lugar de nacimiento,Nueva Orleans
Anita Cristina Escher Echeverría,Ocupación,diplomático
Anita Cristina Escher Echeverría,Ciudadanía,El Salvador
Anita Cristina Escher Echeverría,Educado en,Universidad de Zúrich
Anita Cristina Escher Echeverría,Fecha de nacimiento,1958-08-29
Anita Cristina Escher Echeverría,Educado en,Sorbonne Universidad de París
Rafael Burgos,Lugar de nacimiento,Departamento de La Paz
Rafael Burgos,Ocupación,futbolista
Rafael Burgos,Ciudadanía,El Salvador
Rafael Burgos,Fecha de nacimiento,1988-06-03
Víctor Turcios,Lugar de nacimiento,La Unión
Víctor Turcios,Ocupación,futbolista
Víctor Turcios,Ciudadanía,El Salvador
Víctor Turcios,Fecha de nacimiento,1988-04-13
Santiago Cortés,Lugar de nacimiento,San Salvador
Santiago Cortés,Ocupación,futbolista
Santiago Cortés,Ciudadanía,El Salvador
Santiago Cortés,Fecha de nacimiento,1945-01-19
Santiago Cortés,Fecha de defunción,2011-07-25
Antonio José Cañas,Lugar de nacimiento,San Vicente
Antonio José Cañas,Ocupación,político
Antonio José Cañas,Ciudadanía,El Salvador
Antonio José Cañas,Educado en,Universidad de San Carlos de Guatemala
Antonio José Cañas,Cargo,jefe supremo del Estado de El Salvador
Antonio José Cañas,Fecha de nacimiento,1785-10-26
Antonio José Cañas,Fecha de defunción,1844-02-24
Jon Sobrino,Lugar de nacimiento,Barcelona
Jon Sobrino,Ocupación,misionero
Jon Sobrino,Ciudadanía,España
Jon Sobrino,Educado en,Facultad de Filosofía y Teología Sankt Georgen
Jon Sobrino,Empleador,Universidad Centroamericana José Simeón Cañas
Jon Sobrino,Fecha de nacimiento,1938-12-27
Jon Sobrino,Ocupación,sacerdote católico
Jon Sobrino,Ocupación,teólogo
Jon Sobrino,Ocupación,profesor universitario
Jon Sobrino,Ocupación,filósofo
Jon Sobrino,Ocupación,teólogo católico
Jon Sobrino,Ciudadanía,El Salvador
José Luis Munguía,Lugar de nacimiento,San Salvador
José Luis Munguía,Ocupación,futbolista
José Luis Munguía,Ciudadanía,El Salvador
José Luis Munguía,Fecha de nacimiento,1959-10-28
José Luis Munguía,Fecha de defunción,1985-03-24
Steve Purdy,Lugar de nacimiento,Bakersfield
Steve Purdy,Ocupación,futbolista
Steve Purdy,Ciudadanía,Estados Unidos
Steve Purdy,Educado en,Universidad de California en Berkeley
Steve Purdy,Fecha de nacimiento,1985-02-05
Steve Purdy,Ciudadanía,El Salvador
Hugo Ernesto Pérez,Lugar de nacimiento,Departamento de Morazán
Hugo Ernesto Pérez,Ocupación,entrenador
Hugo Ernesto Pérez,Ciudadanía,Estados Unidos
Hugo Ernesto Pérez,Fecha de nacimiento,1963-11-08
Hugo Ernesto Pérez,Ocupación,futbolista
Hugo Ernesto Pérez,Ciudadanía,El Salvador
José María Lemus,Lugar de nacimiento,La Unión
José María Lemus,Ocupación,político
José María Lemus,Ciudadanía,El Salvador
José María Lemus,Premio recibido,"Gran Cruz, clase especial, del Mérito de La República Federal de Alemania"
José María Lemus,Fecha de nacimiento,1911-07-22
José María Lemus,Fecha de defunción,1993-03-31
José María Lemus,Premio recibido,Caballero de Gran Cruz con collar de la Orden al Mérito de la República Italiana
Tomás Pineda,Lugar de nacimiento,Santa Ana
Tomás Pineda,Ocupación,futbolista
Tomás Pineda,Ciudadanía,El Salvador
Tomás Pineda,Fecha de nacimiento,1939-01-01
Tomás Pineda,Fecha de nacimiento,1946-01-21
Luis Ramírez Zapata,Lugar de nacimiento,San Salvador
Luis Ramírez Zapata,Ocupación,entrenador
Luis Ramírez Zapata,Ciudadanía,El Salvador
Luis Ramírez Zapata,Fecha de nacimiento,1954-01-06
Luis Ramírez Zapata,Ocupación,futbolista
Norberto Huezo,Lugar de nacimiento,San Salvador
Norberto Huezo,Ocupación,futbolista
Norberto Huezo,Ciudadanía,El Salvador
Norberto Huezo,Fecha de nacimiento,1956-06-06
Norberto Huezo,Fecha de defunción,2025-03-05
Santiago Nonualco,país,El Salvador
Santiago Nonualco,instancia de,distrito de El Salvador
Santiago Nonualco,situado en la entidad territorial administrativa,La Paz Centro
Santiago Nonualco,se encuentra en el huso horario,UTC−6
Turín,país,El Salvador
Turín,instancia de,entidad territorial administrativa
Turín,instancia de,asentamiento
Turín,instancia de,distrito de El Salvador
Turín,situado en la entidad territorial administrativa,Ahuachapán Norte
presidente de El Salvador,país,El Salvador
presidente de El Salvador,instancia de,cargo público
presidente de El Salvador,instancia de,cargo elegido
presidente de El Salvador,residencia oficial,Casa Presidencial de El Salvador
presidente de El Salvador,subclase de,presidente de la Republica
Universidad de San Carlos de Guatemala,país,Guatemala
Universidad de San Carlos de Guatemala,instancia de,universidad pública
Universidad de San Carlos de Guatemala,instancia de,editor de acceso abierto
Universidad de San Carlos de Guatemala,himno,Gaudeamus igitur
Universidad de San Carlos de Guatemala,fundador,Carlos II de España
activista por los derechos humanos,instancia de,ocupación
activista por los derechos humanos,subclase de,activista político
activista por los derechos humanos,categoría principal del tema,Categoría:Activistas por los derechos humanos
activista por los derechos humanos,lista de interés para el proyecto Wikimedia,Wikiproyecto:Derechos humanos
Usulután,capital de,Departamento de Usulután
Usulután,capital de,Usulután Este
Usulután,país,El Salvador
Universidad de Chile,categoría para las personas que estudiaron en esta institución,Categoría:Alumnado de la Universidad de Chile
Universidad de Chile,categoría para empleados de la organización,Categoría:Profesores de la Universidad de Chile
Universidad de Chile,confiere,magíster en ciencias con mención en computación
Universidad de Chile,país,Chile
Nueva Orleans,jefe de gobierno,LaToya Cantrell
Nueva Orleans,país,Estados Unidos
Nueva Orleans,instancia de,ciudad de Estados Unidos
Nueva Orleans,instancia de,gran ciudad
Nueva Orleans,instancia de,ciudad-condado
diplomático,instancia de,profesión
diplomático,instancia de,título corporativo
diplomático,subclase de,estadista
diplomático,subclase de,alto cargo
diplomático,ámbito de la ocupación,diplomacia
Universidad de Zúrich,país,Suiza
Universidad de Zúrich,instancia de,universidad
Universidad de Zúrich,ubicación de la sede,Zúrich
Departamento de La Paz,país,El Salvador
Departamento de La Paz,instancia de,departamento de El Salvador
Departamento de La Paz,capital,Zacatecoluca
Departamento de La Paz,comparte fronteras con,Departamento de La Libertad
Departamento de La Paz,comparte fronteras con,Departamento de San Vicente
La Unión,país,El Salvador
La Unión,instancia de,ciudad
La Unión,instancia de,distrito de El Salvador
La Unión,situado en la entidad territorial administrativa,La Unión Sur
La Unión,situado cerca del cuerpo de agua,Golfo de Fonseca
San Vicente,país,El Salvador
San Vicente,instancia de,ciudad
San Vicente,instancia de,distrito de El Salvador
San Vicente,situado en la entidad territorial administrativa,San Vicente Sur
San Vicente,se encuentra en el huso horario,UTC−6
jefe supremo del Estado de El Salvador,país,República Federal de Centroamérica
jefe supremo del Estado de El Salvador,instancia de,jefe del Gobierno
jefe supremo del Estado de El Salvador,instancia de,cargo
jefe supremo del Estado de El Salvador,subclase de,presidente de El Salvador
jefe supremo del Estado de El Salvador,subclase de,jefe supremo
Barcelona,subdividido en (división administrativa),Distrito de Ciutat Vella
Barcelona,subdividido en (división administrativa),Distrito de Les Corts
Barcelona,subdividido en (división administrativa),Distrito de Nou Barris
Barcelona,subdividido en (división administrativa),Distrito de Sant Andreu
Barcelona,subdividido en (división administrativa),Sarrià-Sant Gervasi
misionero,instancia de,profesión
misionero,instancia de,ocupación religiosa
misionero,subclase de,religioso
misionero,santo patrón,Francisco Javier
Facultad de Filosofía y Teología Sankt Georgen,país,Alemania
Facultad de Filosofía y Teología Sankt Georgen,instancia de,universidad
Facultad de Filosofía y Teología Sankt Georgen,instancia de,organización sin fines de lucro
Facultad de Filosofía y Teología Sankt Georgen,instancia de,universidad filosofico-teologica
Facultad de Filosofía y Teología Sankt Georgen,instancia de,universidad cristiana
Universidad Centroamericana José Simeón Cañas,país,El Salvador
Universidad Centroamericana José Simeón Cañas,instancia de,universidad católica
Universidad Centroamericana José Simeón Cañas,instancia de,universidad jesuita
Universidad Centroamericana José Simeón Cañas,fundador,Compañía de Jesús
Universidad Centroamericana José Simeón Cañas,situado en la entidad territorial administrativa,Antiguo Cuscatlán
Bakersfield,jefe de gobierno,Karen Goh
Bakersfield,país,Estados Unidos
Bakersfield,instancia de,ciudad de Estados Unidos
Bakersfield,instancia de,gran ciudad
Bakersfield,instancia de,ciudad chárter
Estados Unidos,forma de gobierno,república
Estados Unidos,forma de gobierno,presidencialismo
Estados Unidos,forma de gobierno,república federal
Estados Unidos,nombrado en referencia a,América
Estados Unidos,subdividido en (división administrativa),California
Universidad de California en Berkeley,filial,Computer Systems Research Group
Universidad de California en Berkeley,filial,Escuela de Negocios Haas
Departamento de Morazán,país,El Salvador
Departamento de Morazán,instancia de,departamento de El Salvador
Departamento de Morazán,capital,San Francisco Gotera
Departamento de Morazán,comparte fronteras con,Departamento de Intibucá
Departamento de Morazán,comparte fronteras con,Departamento de La Paz
"Gran Cruz, clase especial, del Mérito de La República Federal de Alemania",país,Alemania
"Gran Cruz, clase especial, del Mérito de La República Federal de Alemania",instancia de,grado de una orden
"Gran Cruz, clase especial, del Mérito de La República Federal de Alemania",subclase de,collar
"Gran Cruz, clase especial, del Mérito de La República Federal de Alemania",forma parte de,Orden del Mérito de la República Federal de Alemania
Jorge Lardé y Arthés,Lugar de nacimiento,San Salvador
Jorge Lardé y Arthés,Ocupación,arqueólogo
Jorge Lardé y Arthés,Ciudadanía,El Salvador
Jorge Lardé y Arthés,Fecha de nacimiento,1891-09-21
Jorge Lardé y Arthés,Fecha de defunción,1928-07-23
Jorge Lardé y Larín,Lugar de nacimiento,Santa Ana
Jorge Lardé y Larín,Ocupación,periodista
Jorge Lardé y Larín,Ciudadanía,El Salvador
Jorge Lardé y Larín,Fecha de nacimiento,1920-12-31
Jorge Lardé y Larín,Fecha de defunción,2001-05-08
Jorgelina Cerritos,Lugar de nacimiento,San Salvador
Jorgelina Cerritos,Ocupación,escritor
Jorgelina Cerritos,Ciudadanía,El Salvador
Jorgelina Cerritos,Premio recibido,Premio Casa de las Américas
Jorgelina Cerritos,Fecha de nacimiento,1974-11-23
Jorgelina Cerritos,Ocupación,poeta
Jorgelina Cerritos,Ocupación,psicólogo
Jorgelina Cerritos,Ocupación,dramaturgo
Jorgelina Cerritos,Ocupación,actor de teatro
José Agustín Ruiz,Lugar de nacimiento,Jucuarán
José Agustín Ruiz,Ocupación,futbolista
José Agustín Ruiz,Ciudadanía,El Salvador
José Agustín Ruiz,Fecha de nacimiento,1987-12-01
José Antonio Morales Erlich,Lugar de nacimiento,Santa Ana
José Antonio Morales Erlich,Ocupación,político
José Antonio Morales Erlich,Ciudadanía,El Salvador
José Antonio Morales Erlich,Educado en,Universidad de El Salvador
José Antonio Morales Erlich,Fecha de nacimiento,1935-07-03
José Antonio Morales Erlich,Fecha de defunción,2021-06-26
José Dutriz,Lugar de nacimiento,Santa Ana
José Dutriz,Ocupación,periodista
José Dutriz,Ciudadanía,El Salvador
José Dutriz,Fecha de nacimiento,1877-07-06
José Dutriz,Fecha de defunción,1946-08-15
José Mariano Calderón,Ciudadanía,El Salvador
José Mariano Calderón,Fecha de nacimiento,1778-01-01
José Mariano Calderón,Fecha de defunción,1826-04-09
José María Méndez Calderón,Lugar de nacimiento,Santa Ana
José María Méndez Calderón,Ocupación,escritor
José María Méndez Calderón,Ciudadanía,El Salvador
José María Méndez Calderón,Fecha de nacimiento,1916-09-23
José María Méndez Calderón,Fecha de defunción,2006-04-14
José María Méndez Calderón,Ocupación,abogado
José María Peralta Lagos,Lugar de nacimiento,Santa Tecla
José María Peralta Lagos,Ocupación,escritor
José María Peralta Lagos,Ciudadanía,El Salvador
José María Peralta Lagos,Cargo,Segundo Vocal de la Junta de Fomento de San Salvador
José María Peralta Lagos,Fecha de nacimiento,1873-07-25
José María Peralta Lagos,Fecha de defunción,1944-07-22
José María Peralta Lagos,Ocupación,ingeniero
José María Peralta Lagos,Ocupación,político
José María Peralta Lagos,Cargo,Subsecretario de Estado en los Despachos de Guerra y Marina
José María Peralta Lagos,Cargo,Ministro de Guerra y Marina
José María Peralta Lagos,Cargo,Subsecretario de Fomento
José María Tojeira,Lugar de nacimiento,Lavadores
José María Tojeira,Ocupación,sacerdote católico
José María Tojeira,Ciudadanía,El Salvador
José María Tojeira,Fecha de nacimiento,1947-01-01
José María Tojeira,Fecha de defunción,2025-09-05
Manlio Argueta,Lugar de nacimiento,San Miguel
Manlio Argueta,Ocupación,escritor
Manlio Argueta,Ciudadanía,El Salvador
Manlio Argueta,Educado en,Universidad del Salvador
Manlio Argueta,Cargo,director
Manlio Argueta,Premio recibido,Beca Guggenheim
Manlio Argueta,Fecha de nacimiento,1935-11-24
Manlio Argueta,Ocupación,profesor
Manlio Argueta,Ocupación,poeta
Juan Antonio Medina Orellana,Lugar de nacimiento,Santa Rosa de Copán
Juan Antonio Medina Orellana,Ocupación,abogado
Juan Antonio Medina Orellana,Ciudadanía,El Salvador
Juan Antonio Medina Orellana,Educado en,Universidad de San Carlos de Guatemala
Juan Antonio Medina Orellana,Cargo,presidente de Honduras
Juan Antonio Medina Orellana,Fecha de nacimiento,1833-03-09
Juan Antonio Medina Orellana,Ocupación,político
Juan Antonio Medina Orellana,Educado en,Universidad de El Salvador
Juan Cotto,Lugar de nacimiento,Suchitoto
Juan Cotto,Ocupación,poeta
Juan Cotto,Ciudadanía,El Salvador
Juan Cotto,Fecha de nacimiento,1900-01-08
Juan Cotto,Fecha de defunción,1938-01-24
Juan Miguel Bolaños,Lugar de nacimiento,Departamento de Santa Ana
Juan Miguel Bolaños,Ocupación,político
Juan Miguel Bolaños,Ciudadanía,El Salvador
Juan Miguel Bolaños,Fecha de nacimiento,1962-06-05
Juan Ramón Moreno,Ocupación,sacerdote católico
Juan Ramón Moreno,Ciudadanía,España
Juan Ramón Moreno,Empleador,Universidad Centroamericana José Simeón Cañas
Juan Ramón Moreno,Fecha de nacimiento,1933-08-29
Juan Ramón Moreno,Fecha de defunción,1989-11-16
Juan Ramón Moreno,Ocupación,profesor universitario
Juan Ramón Moreno,Ciudadanía,El Salvador
Juan Ramón Solís,Lugar de nacimiento,Chitré
Juan Ramón Solís,Ocupación,futbolista
Juan Ramón Solís,Ciudadanía,El Salvador
Juan Ramón Solís,Fecha de nacimiento,1984-06-14
Julia Díaz,Lugar de nacimiento,Cojutepeque
Julia Díaz,Ocupación,pintor
Julia Díaz,Ciudadanía,El Salvador
Julia Díaz,Fecha de nacimiento,1917-05-23
Julia Díaz,Fecha de defunción,1999-10-22
Julio Tirso Molina,Ocupación,deportista
Julio Tirso Molina,Ciudadanía,El Salvador
Julio Tirso Molina,Fecha de nacimiento,1962-01-01
Héctor Canjura,Lugar de nacimiento,San Salvador
Héctor Canjura,Ocupación,futbolista
Héctor Canjura,Ciudadanía,El Salvador
Héctor Canjura,Fecha de nacimiento,1976-07-15
Héctor Ávalos,Lugar de nacimiento,Ahuachapán
Héctor Ávalos,Ocupación,futbolista
Héctor Ávalos,Ciudadanía,El Salvador
Héctor Ávalos,Fecha de nacimiento,1978-04-09
arqueólogo,instancia de,profesión
arqueólogo,instancia de,ocupación
arqueólogo,subclase de,académico de humanidades
arqueólogo,subclase de,académico de la cultura
arqueólogo,santo patrón,Jerónimo
Premio Casa de las Américas,premio recibido,Premio Casa de las Américas
Premio Casa de las Américas,país,Cuba
Premio Casa de las Américas,instancia de,premio literario
Premio Casa de las Américas,nombrado en referencia a,Casa de las Américas
Premio Casa de las Américas,compuesto por,Premio Casa de las Américas de Novela
Jucuarán,país,El Salvador
Jucuarán,instancia de,distrito de El Salvador
Jucuarán,situado en la entidad territorial administrativa,Usulután Este
Jucuarán,se encuentra en el huso horario,UTC−6
Segundo Vocal de la Junta de Fomento de San Salvador,país,El Salvador
Segundo Vocal de la Junta de Fomento de San Salvador,instancia de,cargo
Segundo Vocal de la Junta de Fomento de San Salvador,subclase de,vocal
Segundo Vocal de la Junta de Fomento de San Salvador,forma parte de,Junta de Fomento de San Salvador
Lavadores,país,España
Lavadores,instancia de,parroquia de Galicia
Lavadores,situado en la entidad territorial administrativa,Vigo
Lavadores,lista de interés para el proyecto Wikimedia,Wikiproyecto Toponimia
sacerdote católico,instancia de,vocación católica
sacerdote católico,religión,catolicismo
sacerdote católico,religión,Iglesia católica
sacerdote católico,subclase de,sacerdote
sacerdote católico,subclase de,presbítero
San Miguel,país,El Salvador
San Miguel,instancia de,gran ciudad
San Miguel,instancia de,distrito de El Salvador
San Miguel,situado en la entidad territorial administrativa,San Miguel Centro
San Miguel,ciudad hermana,condado de Arlington
Universidad del Salvador,país,Argentina
Universidad del Salvador,instancia de,universidad católica
Universidad del Salvador,instancia de,universidad privada
Universidad del Salvador,instancia de,colegio jesuita
Universidad del Salvador,instancia de,editor de acceso abierto
director,instancia de,profesión
director,instancia de,función
director,instancia de,cargo
director,instancia de,ocupación
Santa Rosa de Copán,país,Honduras
Santa Rosa de Copán,instancia de,ciudad
Santa Rosa de Copán,instancia de,municipio de Honduras
Santa Rosa de Copán,situado en la entidad territorial administrativa,Departamento de Copán
Santa Rosa de Copán,ciudad hermana,Cusco
presidente de Honduras,país,Honduras
presidente de Honduras,instancia de,cargo público
presidente de Honduras,subclase de,presidente de la Republica
presidente de Honduras,subclase de,jefe del Gobierno
Suchitoto,país,El Salvador
Suchitoto,instancia de,entidad territorial administrativa
Suchitoto,instancia de,distrito de El Salvador
Suchitoto,situado en la entidad territorial administrativa,Cuscatlán Norte
Suchitoto,se encuentra en el huso horario,UTC−6
Departamento de Santa Ana,país,El Salvador
Departamento de Santa Ana,instancia de,departamento de El Salvador
Departamento de Santa Ana,capital,Santa Ana
Departamento de Santa Ana,comparte fronteras con,Departamento de Sonsonate
Departamento de Santa Ana,comparte fronteras con,Departamento de Chalatenango
Chitré,país,Panamá
Chitré,instancia de,ciudad
Chitré,instancia de,Comunidad de Panamá
Chitré,situado en la entidad territorial administrativa,Provincia de Herrera
Chitré,categoría principal del tema,Categoría:Chitré
Cojutepeque,país,El Salvador
Cojutepeque,instancia de,ciudad
Cojutepeque,instancia de,entidad territorial administrativa
Cojutepeque,instancia de,distrito de El Salvador
Cojutepeque,situado en la entidad territorial administrativa,Cuscatlán Sur
Ahuachapán,país,El Salvador
Ahuachapán,instancia de,entidad territorial administrativa
Ahuachapán,instancia de,gran ciudad
Ahuachapán,instancia de,distrito de El Salvador
Ahuachapán,situado en la entidad territorial administrativa,Ahuachapán Centro
Lilian Serpas,Lugar de nacimiento,San Salvador
Lilian Serpas,Ocupación,escritor
Lilian Serpas,Ciudadanía,El Salvador
Lilian Serpas,Fecha de nacimiento,1905-03-24
Lilian Serpas,Fecha de defunción,1985-10-10
Lilian Serpas,Ocupación,poeta
Lilian Serpas,Ocupación,periodista
Luciana Sandoval,Lugar de nacimiento,San Salvador
Luciana Sandoval,Ocupación,locutor
Luciana Sandoval,Ciudadanía,El Salvador
Luciana Sandoval,Obra notable,Viva la mañana El Salvador
Luciana Sandoval,Fecha de nacimiento,1980-11-17
Luciana Sandoval,Ocupación,modelo
Luciana Sandoval,Ocupación,presentador
Luis Alvarenga,Ocupación,poeta
Luis Alvarenga,Ciudadanía,El Salvador
Luis Alvarenga,Educado en,Universidad Centroamericana
Luis Alvarenga,Fecha de nacimiento,1969-01-01
Luis Alvarenga,Ocupación,periodista
Luisa Huertas,Lugar de nacimiento,San Salvador
Luisa Huertas,Ocupación,actor de teatro
Luisa Huertas,Ciudadanía,México
Luisa Huertas,Fecha de nacimiento,1951-01-01
Luisa Huertas,Ocupación,actor de televisión
Luisa Huertas,Ocupación,actor de cine
Luisa Huertas,Ciudadanía,El Salvador
Manuel Ignacio Carcamo,Lugar de nacimiento,Antigua Guatemala
Manuel Ignacio Carcamo,Ocupación,sacerdote
Manuel Ignacio Carcamo,Ciudadanía,El Salvador
Manuel Ignacio Carcamo,Fecha de nacimiento,1771-05-03
Manuel Ignacio Carcamo,Fecha de defunción,1811-01-01
Marcelino García Flamenco,Lugar de nacimiento,San Esteban Catarina
Marcelino García Flamenco,Ocupación,académico
Marcelino García Flamenco,Ciudadanía,El Salvador
Marcelino García Flamenco,Fecha de nacimiento,1888-09-15
Marcelino García Flamenco,Fecha de defunción,1919-07-19
Marcelino García Flamenco,Ciudadanía,Costa Rica
Marcelo Tejeda,Lugar de nacimiento,Santa Ana
Marcelo Tejeda,Ocupación,futbolista
Marcelo Tejeda,Ciudadanía,El Salvador
Marcelo Tejeda,Fecha de nacimiento,1988-08-05
Mariano Castro Morán,Ocupación,oficial militar
Mariano Castro Morán,Ciudadanía,El Salvador
Mariano Castro Morán,Fecha de nacimiento,1920-10-07
Mariano Castro Morán,Fecha de defunción,2005-11-07
Mariano Fagoaga,Ocupación,político
Mariano Fagoaga,Ciudadanía,El Salvador
Mariano Fagoaga,Fecha de nacimiento,1767-01-01
Mariano Fagoaga,Fecha de defunción,1837-01-01
Maribel Arrieta Gálvez,Lugar de nacimiento,San Salvador
Maribel Arrieta Gálvez,Ocupación,modelo
Maribel Arrieta Gálvez,Ciudadanía,El Salvador
Maribel Arrieta Gálvez,Fecha de nacimiento,1934-08-22
Maribel Arrieta Gálvez,Fecha de defunción,1989-08-31
Mario Salvador Sánchez,Lugar de nacimiento,San Salvador
Mario Salvador Sánchez,Ocupación,pintor
Mario Salvador Sánchez,Ciudadanía,El Salvador
Mario Salvador Sánchez,Fecha de nacimiento,1954-01-18
Marito Rivera,Lugar de nacimiento,San Miguel
Marito Rivera,Ocupación,cantante
Marito Rivera,Ciudadanía,El Salvador
Marito Rivera,Fecha de nacimiento,1964-03-10
Marito Rivera,Ocupación,compositor de canciones
Maruja Roig,Lugar de nacimiento,San Salvador
Maruja Roig,Ocupación,actor
Maruja Roig,Ciudadanía,Argentina
Maruja Roig,Fecha de nacimiento,1908-12-13
Maruja Roig,Fecha de defunción,1983-12-02
Maruja Roig,Ocupación,actor de cine
Maruja Roig,Ciudadanía,El Salvador
María Feliciana de los Ángeles Miranda,Lugar de nacimiento,Intendencia de San Salvador
María Feliciana de los Ángeles Miranda,Ciudadanía,El Salvador
María Feliciana de los Ángeles Miranda,Fecha de nacimiento,1800-01-01
María Feliciana de los Ángeles Miranda,Fecha de defunción,1812-01-01
María Isabel Rodríguez,Lugar de nacimiento,San Salvador
María Isabel Rodríguez,Ocupación,médico
María Isabel Rodríguez,Ciudadanía,El Salvador
María Isabel Rodríguez,Educado en,Universidad de El Salvador
María Isabel Rodríguez,Cargo,ministro de salud
María Isabel Rodríguez,Fecha de nacimiento,1922-11-05
María Isabel Rodríguez,Cargo,Diputado
Matías Romero Coto,Ocupación,escritor
Matías Romero Coto,Ciudadanía,El Salvador
Matías Romero Coto,Miembro de,Instituto Salvadoreño de Cultura Hispánica
Matías Romero Coto,Fecha de nacimiento,1929-01-01
Matías Romero Coto,Fecha de defunción,2022-06-12
Mauricio Jiménez Larios,Lugar de nacimiento,San Salvador
Mauricio Jiménez Larios,Ocupación,pintor
Mauricio Jiménez Larios,Ciudadanía,El Salvador
Mauricio Jiménez Larios,Empleador,Universidad de El Salvador
Mauricio Jiménez Larios,Fecha de nacimiento,1949-01-01
Mauricio Jiménez Larios,Ocupación,escultor
Mauricio Jiménez Larios,Ocupación,dibujante
Medardo González,Lugar de nacimiento,San Salvador
Medardo González,Ciudadanía,El Salvador
Medardo González,Fecha de nacimiento,1952-04-16
Melissa Mikec,Lugar de nacimiento,San Salvador
Melissa Mikec,Ocupación,tirador
Melissa Mikec,Ciudadanía,El Salvador
Melissa Mikec,Fecha de nacimiento,1987-08-03
Melitón Barba,Lugar de nacimiento,San Salvador
Melitón Barba,Ocupación,escritor
Melitón Barba,Ciudadanía,El Salvador
Melitón Barba,Educado en,Universidad de El Salvador
Melitón Barba,Fecha de nacimiento,1925-10-26
Melitón Barba,Fecha de defunción,2001-06-29
Melitón Barba,Ocupación,médico
locutor,instancia de,profesión
locutor,instancia de,rol
locutor,subclase de,profesional de medios
locutor,ámbito de la ocupación,televisión
locutor,categoría principal del tema,Categoría:Locutores
Viva la mañana El Salvador,instancia de,programa de televisión
Viva la mañana El Salvador,género,programa de entrevistas
Viva la mañana El Salvador,idioma de la película o programa de televisión,español
Viva la mañana El Salvador,país de origen,El Salvador
Universidad Centroamericana,país,Nicaragua
Universidad Centroamericana,instancia de,entidad desaparecida
Universidad Centroamericana,fundador,Compañía de Jesús
Universidad Centroamericana,situado en la entidad territorial administrativa,Managua
Universidad Centroamericana,operador,Compañía de Jesús
actor de teatro,instancia de,oficio del teatro
actor de teatro,subclase de,actor
actor de teatro,ámbito de la ocupación,teatro
actor de teatro,categoría principal del tema,Categoría:Actores de teatro
actor de televisión,instancia de,profesión
actor de televisión,subclase de,actor
actor de televisión,ámbito de la ocupación,actuación para la televisión
actor de televisión,categoría principal del tema,Categoría:Actores de televisión
Antigua Guatemala,país,Guatemala
Antigua Guatemala,instancia de,ciudad
Antigua Guatemala,instancia de,municipio de Guatemala
Antigua Guatemala,comparte fronteras con,Santa María de Jesús
Antigua Guatemala,comparte fronteras con,San Antonio Aguas Calientes
sacerdote,instancia de,ocupación religiosa
sacerdote,subclase de,clérigo
sacerdote,ámbito de la ocupación,sacerdocio
sacerdote,se dice que es lo mismo que,ministro religioso
sacerdote,prefijo honorífico,reverendo
San Esteban Catarina,país,El Salvador
San Esteban Catarina,instancia de,distrito de El Salvador
San Esteban Catarina,situado en la entidad territorial administrativa,San Vicente Norte
San Esteban Catarina,se encuentra en el huso horario,UTC−6
académico,instancia de,profesión
académico,instancia de,cargo
académico,subclase de,científico
académico,subclase de,cuadro profesional
académico,subclase de,erudito
oficial militar,instancia de,rango militar
oficial militar,instancia de,profesión militar
oficial militar,subclase de,militar
oficial militar,subclase de,oficial
oficial militar,opuesto a,personal militar alistado
cantante,instancia de,grupo de ocupaciones de la CIUO
cantante,instancia de,ocupación en la música
cantante,subclase de,músico
cantante,ámbito de la ocupación,canto
compositor de canciones,instancia de,profesión musical
compositor de canciones,subclase de,compositor
compositor de canciones,subclase de,autor
compositor de canciones,ámbito de la ocupación,composición de canciones
compositor de canciones,se dice que es lo mismo que,letrista
Argentina,se encuentra en el huso horario,Hora oficial argentina
Argentina,miembro de,Organización de las Naciones Unidas
Argentina,miembro de,Unión de Naciones Suramericanas
Argentina,miembro de,Mercosur
Argentina,miembro de,UNESCO
Intendencia de San Salvador,país,Imperio Español
Intendencia de San Salvador,instancia de,intendencia indiana
Intendencia de San Salvador,capital,San Salvador
Intendencia de San Salvador,comparte fronteras con,Intendencia de Comayagua
Intendencia de San Salvador,subdividido en (división administrativa),Partido de San Salvador
médico,lista de interés para el proyecto Wikimedia,Wikipedia:Lista de artículos que toda Wikipedia debería tener/Expandida
médico,instancia de,profesión sanitaria
médico,instancia de,cargo
médico,instancia de,ocupación
ministro de salud,instancia de,cargo
ministro de salud,subclase de,ministro
ministro de salud,categoría principal del tema,Categoría:Ministros de Salud
ministro de salud,organización dirigida desde este cargo,ministerio de Salud
Instituto Salvadoreño de Cultura Hispánica,país,El Salvador
Instituto Salvadoreño de Cultura Hispánica,instancia de,asociación voluntaria
Instituto Salvadoreño de Cultura Hispánica,situado en la entidad territorial administrativa,San Salvador
Instituto Salvadoreño de Cultura Hispánica,sucedido por,Centro Cultural de España en El Salvador
Instituto Salvadoreño de Cultura Hispánica,presidente,Alfredo Ortiz Mancia
Guatemala,jefe de gobierno,Bernardo Arévalo de León
Guatemala,continente,América del Norte
Guatemala,instancia de,país
Guatemala,instancia de,república
Talavera de la Reina,jefe de gobierno,María Agustina García Élez
Talavera de la Reina,país,España
Talavera de la Reina,continente,Europa
Talavera de la Reina,instancia de,municipio de España
Talavera de la Reina,capital,Talavera de la Reina
Ita Ford,Lugar de nacimiento,Brooklyn
Ita Ford,Ocupación,monja
Ita Ford,Ciudadanía,Estados Unidos
Ita Ford,Educado en,Universidad Marymount Manhattan
Ita Ford,Fecha de nacimiento,1940-04-23
Ita Ford,Fecha de defunción,1980-12-02
Ita Ford,Ciudadanía,El Salvador
Ita Ford,Educado en,Fontbonne Hall Academy
Jacinta Escudos,Lugar de nacimiento,San Salvador
Jacinta Escudos,Ocupación,escritor
Jacinta Escudos,Ciudadanía,El Salvador
Jacinta Escudos,Fecha de nacimiento,1961-09-01
Jacinta Escudos,Ocupación,poeta
Jacinta Escudos,Ocupación,traductor
Jacinta Escudos,Ocupación,periodista
José Carlos Ortiz,Ocupación,árbitro de fútbol
José Carlos Ortiz,Ciudadanía,El Salvador
José Carlos Ortiz,Fecha de nacimiento,1948-11-15
Juan Aberle,Lugar de nacimiento,Nápoles
Juan Aberle,Ocupación,compositor
Juan Aberle,Ciudadanía,El Salvador
Juan Aberle,Fecha de nacimiento,1846-11-11
Juan Aberle,Fecha de defunción,1930-02-28
Juan Aberle,Ocupación,director de orquesta
Juan Aberle,Ciudadanía,Reino de Italia
Juan José Cañas,Lugar de nacimiento,San Miguel
Juan José Cañas,Ocupación,político
Juan José Cañas,Ciudadanía,El Salvador
Juan José Cañas,Educado en,Universidad de El Salvador
Juan José Cañas,Cargo,gobernador del Departamento de San Salvador
Juan José Cañas,Fecha de nacimiento,1826-01-19
Juan José Cañas,Fecha de defunción,1918-01-10
Juan José Cañas,Cargo,Comandante del Puerto de Acajutla
Álvaro Torres,Lugar de nacimiento,Usulután
Álvaro Torres,Ocupación,cantante
Álvaro Torres,Ciudadanía,El Salvador
Álvaro Torres,Premio recibido,Pabellón de la Fama de los Compositores Latinos
Álvaro Torres,Fecha de nacimiento,1954-04-09
Álvaro Torres,Ocupación,compositor de canciones
Álvaro Torres,Ocupación,artista discográfico
Marisol Argueta de Barillas,Ocupación,político
Marisol Argueta de Barillas,Ciudadanía,El Salvador
Marisol Argueta de Barillas,Cargo,Ministro de Relaciones Exteriores de El Salvador
Marisol Argueta de Barillas,Premio recibido,Gran Cruz de la Orden de Isabel la Católica
Marisol Argueta de Barillas,Fecha de nacimiento,1968-04-06
Maura Clarke,Lugar de nacimiento,Queens
Maura Clarke,Ciudadanía,Estados Unidos
Maura Clarke,Fecha de nacimiento,1931-01-13
Maura Clarke,Fecha de defunción,1980-12-02
Maura Clarke,Ciudadanía,El Salvador
Otto Romero,Lugar de nacimiento,El Salvador
Otto Romero,Ocupación,político
Otto Romero,Ciudadanía,El Salvador
Otto Romero,Fecha de nacimiento,1955-04-04
Eva María Dimas,Lugar de nacimiento,San Salvador
Eva María Dimas,Ocupación,atleta
Eva María Dimas,Ciudadanía,El Salvador
Eva María Dimas,Fecha de nacimiento,1973-03-18
Eva María Dimas,Ocupación,halterófilo
Edwin Sánchez,Lugar de nacimiento,Santa Tecla
Edwin Sánchez,Ocupación,futbolista
Edwin Sánchez,Ciudadanía,El Salvador
Edwin Sánchez,Fecha de nacimiento,1990-02-21
Toño Salazar,Lugar de nacimiento,Santa Tecla
Toño Salazar,Ocupación,diplomático
Toño Salazar,Ciudadanía,El Salvador
Toño Salazar,Fecha de nacimiento,1897-06-01
Toño Salazar,Fecha de defunción,1986-12-01
Toño Salazar,Ocupación,pintor
Toño Salazar,Ocupación,caricaturista
Prudencia Ayala,Lugar de nacimiento,Sonzacate
Prudencia Ayala,Ocupación,escritor
Prudencia Ayala,Ciudadanía,El Salvador
Prudencia Ayala,Fecha de nacimiento,1886-04-28
Prudencia Ayala,Fecha de defunción,1936-07-11
Prudencia Ayala,Ocupación,político
Prudencia Ayala,Ocupación,suffragette
Prudencia Ayala,Ocupación,periodista
Rafael Rodriguez Medina,Ocupación,árbitro de fútbol
Rafael Rodriguez Medina,Ciudadanía,El Salvador
Rafael Rodriguez Medina,Fecha de nacimiento,1956-12-12
Ricardo Saprissa,Lugar de nacimiento,San Salvador
Ricardo Saprissa,Ocupación,entrenador
Ricardo Saprissa,Ciudadanía,El Salvador
Ricardo Saprissa,Fecha de nacimiento,1901-06-24
Ricardo Saprissa,Fecha de defunción,1990-08-16
Ricardo Saprissa,Ocupación,futbolista
Ricardo Saprissa,Ocupación,tenista
Ricardo Saprissa,Ocupación,jugador de hockey
Rodolfo Sibrian,Lugar de nacimiento,San Salvador
Rodolfo Sibrian,Ocupación,árbitro de fútbol
Rodolfo Sibrian,Ciudadanía,El Salvador
Rodolfo Sibrian,Fecha de nacimiento,1963-11-30
Lorenzo Zepeda,Lugar de nacimiento,Sonsonate
Lorenzo Zepeda,Ocupación,político
Lorenzo Zepeda,Ciudadanía,El Salvador
Lorenzo Zepeda,Cargo,Diputado de El Salvador
Lorenzo Zepeda,Fecha de nacimiento,1813-10-24
Lorenzo Zepeda,Fecha de defunción,1858-12-20
Vicente Gómez,Lugar de nacimiento,Honduras
Vicente Gómez,Ocupación,político
Vicente Gómez,Ciudadanía,El Salvador
Vicente Gómez,Cargo,presidente de El Salvador
Vicente Gómez,Fecha de defunción,1899-01-01
Vicente Gómez,Cargo,senador de El Salvador
Shawn Martin,Lugar de nacimiento,Managua
Shawn Martin,Ocupación,futbolista
Shawn Martin,Ciudadanía,El Salvador
Shawn Martin,Fecha de nacimiento,1982-02-15
Shawn Martin,Fecha de nacimiento,1987-02-15
Luis Chávez y González,Lugar de nacimiento,Departamento de Cuscatlán
Luis Chávez y González,Ocupación,sacerdote católico
Luis Chávez y González,Ciudadanía,El Salvador
Luis Chávez y González,Cargo,arzobispo de San Salvador
Luis Chávez y González,Premio recibido,Gran Cruz de la Orden de Isabel la Católica
Luis Chávez y González,Fecha de nacimiento,1901-01-24
Luis Chávez y González,Fecha de defunción,1987-03-27
Luis Chávez y González,Lugar de nacimiento,El Rosario
Luis Chávez y González,Ocupación,obispo católico
Luis Chávez y González,Fecha de nacimiento,1901-04-24
Brooklyn,jefe de gobierno,Antonio Reynoso
Brooklyn,país,Estados Unidos
Brooklyn,instancia de,Distritos de la ciudad de Nueva York
Brooklyn,comparte fronteras con,Manhattan
monja,instancia de,ocupación religiosa
monja,subclase de,monje
monja,ámbito de la ocupación,monacato femenino
monja,opuesto a,monje
monja,prefijo honorífico,Hermana
Universidad Marymount Manhattan,país,Estados Unidos
Universidad Marymount Manhattan,instancia de,universidad de artes liberales
Universidad Marymount Manhattan,instancia de,institución educativa privada sin fines de lucro
Universidad Marymount Manhattan,situado en la entidad territorial administrativa,Manhattan
Universidad Marymount Manhattan,industria,educación superior
árbitro de fútbol,instancia de,profesión
árbitro de fútbol,subclase de,árbitro
árbitro de fútbol,subclase de,oficial del partido
Nápoles,jefe de gobierno,Gaetano Manfredi
Nápoles,país,Italia
Nápoles,continente,Europa
Nápoles,instancia de,ciudad
Nápoles,instancia de,comuna de Italia
gobernador del Departamento de San Salvador,país,El Salvador
gobernador del Departamento de San Salvador,instancia de,cargo público
gobernador del Departamento de San Salvador,subclase de,gobernador
gobernador del Departamento de San Salvador,aplica a la jurisdicción,Departamento de San Salvador
gobernador del Departamento de San Salvador,organización dirigida desde este cargo,Gobernación Departamental de San Salvador
Pabellón de la Fama de los Compositores Latinos,instancia de,salón de la fama
Ministro de Relaciones Exteriores de El Salvador,país,El Salvador
Ministro de Relaciones Exteriores de El Salvador,instancia de,cargo
Ministro de Relaciones Exteriores de El Salvador,subclase de,ministro de Relaciones Exteriores
Ministro de Relaciones Exteriores de El Salvador,subclase de,ministro de estado de El Salvador
Ministro de Relaciones Exteriores de El Salvador,forma parte de,Consejo de Ministros de El Salvador
Gran Cruz de la Orden de Isabel la Católica,país,España
Gran Cruz de la Orden de Isabel la Católica,instancia de,grado de una orden
Gran Cruz de la Orden de Isabel la Católica,subclase de,Gran Cruz
Gran Cruz de la Orden de Isabel la Católica,forma parte de,Orden de Isabel la Católica
Gran Cruz de la Orden de Isabel la Católica,categoría para los galardonados con este premio,Categoría:Caballeros grandes cruces de la Orden de Isabel la Católica
atleta,instancia de,ocupación
atleta,subclase de,deportista
atleta,ámbito de la ocupación,atletismo
atleta,ámbito de la ocupación,Máster
atleta,ámbito de la ocupación,atletismo de pista y campo
halterófilo,instancia de,ocupación
halterófilo,subclase de,atleta de fuerza
halterófilo,ámbito de la ocupación,halterofilia
halterófilo,categoría principal del tema,Categoría:Halterófilos
Sonzacate,país,El Salvador
Sonzacate,instancia de,entidad territorial administrativa
Sonzacate,instancia de,asentamiento
Sonzacate,instancia de,distrito de El Salvador
Sonzacate,situado en la entidad territorial administrativa,Sonsonate Centro
Sonsonate,país,El Salvador
Sonsonate,instancia de,ciudad
Sonsonate,instancia de,entidad territorial administrativa
Diputado de El Salvador,país,El Salvador
Diputado de El Salvador,instancia de,cargo público
Diputado de El Salvador,instancia de,cargo
Diputado de El Salvador,subclase de,diputado
Diputado de El Salvador,forma parte de,Cámara de Diputados de El Salvador
Honduras,país,Honduras
Honduras,jefe de gobierno,Xiomara Castro
Honduras,continente,América del Norte
Honduras,instancia de,país
Honduras,instancia de,estado soberano
Managua,jefe de gobierno,Reyna Rueda
Managua,país,Nicaragua
Managua,instancia de,municipio de Nicaragua
Managua,instancia de,gran ciudad
Managua,instancia de,ciudad más grande
Departamento de Cuscatlán,país,El Salvador
Departamento de Cuscatlán,instancia de,departamento de El Salvador
Departamento de Cuscatlán,capital,Cojutepeque
Departamento de Cuscatlán,comparte fronteras con,Departamento de Chalatenango
Departamento de Cuscatlán,comparte fronteras con,Departamento de Cabañas
arzobispo de San Salvador,país,El Salvador
arzobispo de San Salvador,instancia de,función episcopal
arzobispo de San Salvador,subclase de,metropolitano
arzobispo de San Salvador,subclase de,ordinario
arzobispo de San Salvador,subclase de,arzobispo metropolitano católico romano
Alberto Villalta,Lugar de nacimiento,San Salvador
Alberto Villalta,Ocupación,futbolista
Alberto Villalta,Ciudadanía,El Salvador
Alberto Villalta,Fecha de nacimiento,1940-01-16
Alberto Villalta,Fecha de defunción,2017-03-04
Alberto Villalta,Fecha de nacimiento,1947-11-19
Alejandra Ochoa,Lugar de nacimiento,San Salvador
Alejandra Ochoa,Ocupación,modelo
Alejandra Ochoa,Ciudadanía,El Salvador
Alejandra Ochoa,Fecha de nacimiento,1993-01-01
Alexander Pinto,Lugar de nacimiento,Santa Ana
Alexander Pinto,Ocupación,futbolista
Alexander Pinto,Ciudadanía,El Salvador
Alexander Pinto,Fecha de nacimiento,1977-11-22
Ana Yancy Clavel,Lugar de nacimiento,San Salvador
Ana Yancy Clavel,Ocupación,modelo
Ana Yancy Clavel,Ciudadanía,El Salvador
Ana Yancy Clavel,Fecha de nacimiento,1992-04-28
Ana Yancy Clavel,Ocupación,participante en concursos de belleza
Carlos Recinos,Lugar de nacimiento,San Salvador
Carlos Recinos,Ocupación,entrenador
Carlos Recinos,Ciudadanía,El Salvador
Carlos Recinos,Fecha de nacimiento,1950-06-30
Carlos Recinos,Ocupación,futbolista
Cristian Esnal,Lugar de nacimiento,San Salvador
Cristian Esnal,Ocupación,futbolista
Cristian Esnal,Ciudadanía,El Salvador
Cristian Esnal,Fecha de nacimiento,1986-05-02
David Arnoldo Cabrera,Lugar de nacimiento,Santa Ana
David Arnoldo Cabrera,Ocupación,futbolista
David Arnoldo Cabrera,Ciudadanía,El Salvador
David Arnoldo Cabrera,Fecha de nacimiento,1945-09-12
Diego Mejía,Lugar de nacimiento,San Salvador
Diego Mejía,Ocupación,futbolista
Diego Mejía,Ciudadanía,El Salvador
Diego Mejía,Fecha de nacimiento,1982-06-20
Eduardo Hernández,Lugar de nacimiento,Santiago de María
Eduardo Hernández,Ocupación,futbolista
Eduardo Hernández,Ciudadanía,El Salvador
Eduardo Hernández,Fecha de nacimiento,1958-01-31
Eduardo Hernández,Fecha de nacimiento,1961-01-31
Ernesto Aparicio,Lugar de nacimiento,San Salvador
Ernesto Aparicio,Ocupación,futbolista
Ernesto Aparicio,Ciudadanía,El Salvador
Ernesto Aparicio,Fecha de nacimiento,1948-12-28
Francisco Osorto,Lugar de nacimiento,La Unión
Francisco Osorto,Ocupación,futbolista
Francisco Osorto,Ciudadanía,El Salvador
Francisco Osorto,Fecha de nacimiento,1957-03-20
Francisco Osorto,Fecha de defunción,2023-02-26
Genaro Sermeño,Lugar de nacimiento,El Congo
Genaro Sermeño,Ocupación,entrenador
Genaro Sermeño,Ciudadanía,El Salvador
Genaro Sermeño,Fecha de nacimiento,1948-11-28
Genaro Sermeño,Fecha de defunción,2022-12-23
Genaro Sermeño,Ocupación,futbolista
Gerson Mayén,Lugar de nacimiento,Los Ángeles
Gerson Mayén,Ocupación,futbolista
Gerson Mayén,Ciudadanía,Estados Unidos
Gerson Mayén,Educado en,Manual Arts High School
Gerson Mayén,Fecha de nacimiento,1989-02-09
Gerson Mayén,Ciudadanía,El Salvador
Gualberto Fernández,Lugar de nacimiento,El Salvador
Gualberto Fernández,Ocupación,entrenador
Gualberto Fernández,Ciudadanía,El Salvador
Gualberto Fernández,Fecha de nacimiento,1941-07-12
Gualberto Fernández,Ocupación,futbolista
Guillermo Castro,Lugar de nacimiento,San Salvador
Guillermo Castro,Ocupación,entrenador
Guillermo Castro,Ciudadanía,El Salvador
Guillermo Castro,Fecha de nacimiento,1940-06-25
Guillermo Castro,Ocupación,futbolista
Guillermo Ragazzone,Lugar de nacimiento,San Salvador
Guillermo Ragazzone,Ocupación,futbolista
Guillermo Ragazzone,Ciudadanía,El Salvador
Guillermo Ragazzone,Fecha de nacimiento,1956-01-05
Guillermo Ragazzone,Fecha de nacimiento,1956-11-05
José María Rivas,Lugar de nacimiento,San Salvador
José María Rivas,Ocupación,futbolista
José María Rivas,Ciudadanía,El Salvador
José María Rivas,Fecha de nacimiento,1958-05-12
José María Rivas,Fecha de defunción,2016-01-09
Jaime Portillo,Lugar de nacimiento,Berlín
Jaime Portillo,Ocupación,futbolista
Jaime Portillo,Ciudadanía,El Salvador
Jaime Portillo,Fecha de nacimiento,1947-09-18
Joaquín Ventura,Lugar de nacimiento,El Salvador
Joaquín Ventura,Ocupación,futbolista
Joaquín Ventura,Ciudadanía,El Salvador
Joaquín Ventura,Fecha de nacimiento,1956-10-23
Joaquín Ventura,Fecha de nacimiento,1956-10-27
Jorge Vásquez,Lugar de nacimiento,Santa Ana
Jorge Vásquez,Ocupación,futbolista
Jorge Vásquez,Ciudadanía,El Salvador
Jorge Vásquez,Fecha de nacimiento,1945-04-23
participante en concursos de belleza,instancia de,ocupación
participante en concursos de belleza,subclase de,animador
participante en concursos de belleza,subclase de,modelo
participante en concursos de belleza,subclase de,concursante
participante en concursos de belleza,ámbito de la ocupación,concurso de belleza
Santiago de María,país,El Salvador
Santiago de María,instancia de,distrito de El Salvador
Santiago de María,situado en la entidad territorial administrativa,Usulután Norte
Santiago de María,se encuentra en el huso horario,UTC−6
El Congo,país,El Salvador
El Congo,instancia de,entidad territorial administrativa
El Congo,instancia de,asentamiento
El Congo,instancia de,distrito de El Salvador
El Congo,situado en la entidad territorial administrativa,Santa Ana Este
Los Ángeles,jefe de gobierno,Karen Bass
Los Ángeles,país,Estados Unidos
Los Ángeles,continente,América del Norte
Los Ángeles,instancia de,ciudad
Los Ángeles,instancia de,megaciudad
Berlín,país,El Salvador
Berlín,instancia de,distrito de El Salvador
Berlín,situado en la entidad territorial administrativa,Usulután Norte
Berlín,se encuentra en el huso horario,UTC−6
Universidad de San Carlos de Guatemala,miembro de,Consejo Superior Universitario Centroamericano
Universidad de San Carlos de Guatemala,miembro de,Sistema Editorial Universitario Centroamericano
Universidad de San Carlos de Guatemala,categoría principal del tema,Categoría:Universidad de San Carlos de Guatemala
Universidad de San Carlos de Guatemala,propietario de,Estadio Revolución
Universidad de San Carlos de Guatemala,propietario de,Universidad SC
España,punto más alto,Teide
España,situado en la entidad geográfica,península ibérica
España,evento significativo,guerra civil española
España,evento significativo,Reconquista
España,evento significativo,guerra de la Independencia española
Nicolás Aguilar y Bustamante,Ciudadanía,El Salvador
Nicolás Aguilar y Bustamante,Fecha de nacimiento,1742-12-16
Nicolás Aguilar y Bustamante,Fecha de defunción,1818-09-02
Francisco Machón Vilanova,Ocupación,escritor
Francisco Machón Vilanova,Ciudadanía,El Salvador
Francisco Medrano,Lugar de nacimiento,San Salvador
Francisco Medrano,Ocupación,futbolista
Francisco Medrano,Ciudadanía,El Salvador
Francisco Medrano,Fecha de nacimiento,1983-07-14
Francisco Pineda,Lugar de nacimiento,San Isidro
Francisco Pineda,Ocupación,agrónomo
Francisco Pineda,Ciudadanía,El Salvador
Francisco Pineda,Premio recibido,Premio Medioambiental Goldman
Francisco Pineda,Fecha de nacimiento,1967-01-01
Francisco Pineda,Ocupación,ambientalista
Francisco Zamora Salinas,Ocupación,entrenador
Francisco Zamora Salinas,Ciudadanía,El Salvador
Francisco Zamora Salinas,Fecha de nacimiento,1939-01-01
Francisco Zamora Salinas,Fecha de defunción,2002-04-08
Francisco Zamora Salinas,Ocupación,futbolista
Frank Velásquez,Lugar de nacimiento,Barra de Santiago
Frank Velásquez,Ocupación,futbolista
Frank Velásquez,Ciudadanía,El Salvador
Frank Velásquez,Fecha de nacimiento,1990-02-12
Frank Velásquez,Ocupación,jugador de fútbol playa
Franklin Cisneros,Lugar de nacimiento,San Salvador
Franklin Cisneros,Ocupación,yudoca
Franklin Cisneros,Ciudadanía,El Salvador
Franklin Cisneros,Fecha de nacimiento,1983-12-21
Franklin Cisneros,Fecha de defunción,2023-10-28
Fredy López,Ocupación,yudoca
Fredy López,Ciudadanía,El Salvador
Fredy López,Fecha de nacimiento,1992-05-24
Félix Pineda,Lugar de nacimiento,El Salvador
Félix Pineda,Ocupación,futbolista
Félix Pineda,Ciudadanía,El Salvador
Félix Pineda,Fecha de nacimiento,http://www.wikidata.org/.well-known/genid/2b6016637177d846221bbba37df668a9
Gabriela Gavidia,Lugar de nacimiento,La Libertad
Gabriela Gavidia,Ocupación,participante en concursos de belleza
Gabriela Gavidia,Ciudadanía,El Salvador
Gabriela Gavidia,Fecha de nacimiento,1990-01-01
Hugo Lindo,Lugar de nacimiento,Departamento de La Unión
Hugo Lindo,Ocupación,abogado
Hugo Lindo,Ciudadanía,El Salvador
Hugo Lindo,Educado en,Universidad de El Salvador
Hugo Lindo,Cargo,ministro de Educación
Hugo Lindo,Premio recibido,Gran Cruz de la Orden de Isabel la Católica
Hugo Lindo,Fecha de nacimiento,1917-10-13
Hugo Lindo,Fecha de defunción,1985-09-09
Hugo Lindo,Ocupación,poeta
Hugo Lindo,Ocupación,político
Hugo Lindo,Ocupación,diplomático
Hugo Lindo,Cargo,embajador de El Salvador en España
German Cáceres,Lugar de nacimiento,San Salvador
German Cáceres,Ocupación,compositor
German Cáceres,Ciudadanía,El Salvador
German Cáceres,Educado en,Escuela Juilliard
German Cáceres,Premio recibido,Beca Guggenheim
German Cáceres,Fecha de nacimiento,1954-07-09
German Cáceres,Ocupación,director de orquesta
German Cáceres,Educado en,Conservatorio de Música de la Universidad de Cincinati
José Mariano Méndez,Lugar de nacimiento,Santa Ana
José Mariano Méndez,Ocupación,político
José Mariano Méndez,Ciudadanía,España
José Mariano Méndez,Educado en,Universidad de San Carlos de Guatemala
José Mariano Méndez,Fecha de nacimiento,1777-09-25
José Mariano Méndez,Fecha de defunción,1850-03-30
José Mariano Méndez,Ocupación,sacerdote católico
José Mariano Méndez,Ciudadanía,El Salvador
José Mejía Vides,Lugar de nacimiento,San Salvador
José Mejía Vides,Ocupación,escultor
José Mejía Vides,Ciudadanía,El Salvador
José Mejía Vides,Fecha de nacimiento,1903-03-19
José Mejía Vides,Fecha de defunción,1993-08-21
Gilberto Murgas,Lugar de nacimiento,El Refugio
Gilberto Murgas,Ocupación,futbolista
Gilberto Murgas,Ciudadanía,El Salvador
Gilberto Murgas,Fecha de nacimiento,1981-01-22
Gladys Landaverde,Lugar de nacimiento,San Ignacio
Gladys Landaverde,Ocupación,atleta
Gladys Landaverde,Ciudadanía,El Salvador
Gladys Landaverde,Fecha de nacimiento,1990-02-23
Gladys Landaverde,Fecha de nacimiento,1990-03-01
Serafín Quiteño,Lugar de nacimiento,Santa Ana
Serafín Quiteño,Ocupación,poeta
Serafín Quiteño,Ciudadanía,El Salvador
Serafín Quiteño,Fecha de nacimiento,1906-01-01
Serafín Quiteño,Fecha de defunción,1987-01-01
Serafín Quiteño,Ocupación,periodista
Serafín Quiteño,Fecha de nacimiento,1906-09-16
Serafín Quiteño,Fecha de defunción,1987-06-06
Golda Marcus,Lugar de nacimiento,Nahuizalco
Golda Marcus,Ocupación,nadador
Golda Marcus,Ciudadanía,El Salvador
Golda Marcus,Educado en,Universidad Estatal de Florida
Golda Marcus,Fecha de nacimiento,1983-03-15
Guillermo Antonio Parada,Lugar de nacimiento,San Miguel
Guillermo Antonio Parada,Ocupación,futbolista
Guillermo Antonio Parada,Ciudadanía,El Salvador
Guillermo Antonio Parada,Fecha de nacimiento,1986-05-21
Guillermo Reynaldo Cortez,Lugar de nacimiento,San Salvador
Guillermo Reynaldo Cortez,Ocupación,militar
Guillermo Reynaldo Cortez,Ciudadanía,El Salvador
Guillermo Reynaldo Cortez,Fecha de nacimiento,1939-03-13
Guillermo Reynaldo Cortez,Fecha de defunción,1969-07-17
San Isidro,país,El Salvador
San Isidro,instancia de,distrito de El Salvador
San Isidro,situado en la entidad territorial administrativa,Cabañas Este
San Isidro,se encuentra en el huso horario,UTC−6
agrónomo,instancia de,profesión
agrónomo,instancia de,ocupación
agrónomo,subclase de,ingeniero
agrónomo,ámbito de la ocupación,agronomía
Premio Medioambiental Goldman,país,internacional
Premio Medioambiental Goldman,instancia de,premio medioambiental
Premio Medioambiental Goldman,nombrado en referencia a,Rhoda Haas Goldman
Premio Medioambiental Goldman,nombrado en referencia a,Richard Goldman
Premio Medioambiental Goldman,categoría para los galardonados con este premio,Categoría:Premio Goldman
Barra de Santiago,país,El Salvador
Barra de Santiago,situado en la entidad territorial administrativa,Jujutla
jugador de fútbol playa,instancia de,profesión
jugador de fútbol playa,subclase de,futbolista
jugador de fútbol playa,subclase de,jugador competitivo
jugador de fútbol playa,ámbito de la ocupación,fútbol playa
yudoca,instancia de,profesión
yudoca,instancia de,ocupación
yudoca,subclase de,deportista
yudoca,subclase de,artista marcial
La Libertad,país,El Salvador
La Libertad,instancia de,distrito de El Salvador
La Libertad,situado en la entidad territorial administrativa,La Libertad Costa
La Libertad,se encuentra en el huso horario,UTC−6
La Libertad,capital de,La Libertad Costa
Departamento de La Unión,idioma usado,Idioma pipil
Departamento de La Unión,país,El Salvador
Departamento de La Unión,instancia de,departamento de El Salvador
ministro de Educación,instancia de,cargo público
ministro de Educación,instancia de,cargo
ministro de Educación,subclase de,ministro
ministro de Educación,categoría principal del tema,Categoría:Ministros de Educación
ministro de Educación,diferente de,Secretario de Estado para la Educación
Escuela Juilliard,país,Estados Unidos
Escuela Juilliard,instancia de,conservatorio de música
Escuela Juilliard,instancia de,escuela de arte dramático
Escuela Juilliard,instancia de,institución educativa privada sin fines de lucro
Escuela Juilliard,situado en la entidad territorial administrativa,Nueva York
Beca Guggenheim,país,Estados Unidos
Beca Guggenheim,instancia de,beca
Beca Guggenheim,instancia de,evento anual
Beca Guggenheim,campo de trabajo,ciencia
Beca Guggenheim,campo de trabajo,música
escultor,instancia de,profesión artística
escultor,subclase de,artesano
escultor,subclase de,artista visual
escultor,subclase de,artista plástico
escultor,ámbito de la ocupación,escultura
El Refugio,país,El Salvador
El Refugio,instancia de,entidad territorial administrativa
El Refugio,instancia de,asentamiento
El Refugio,instancia de,distrito de El Salvador
El Refugio,situado en la entidad territorial administrativa,Ahuachapán Norte
San Ignacio,país,El Salvador
San Ignacio,instancia de,entidad territorial administrativa
San Ignacio,instancia de,asentamiento
San Ignacio,instancia de,distrito de El Salvador
San Ignacio,situado en la entidad territorial administrativa,Chalatenango Norte
Nahuizalco,país,El Salvador
Nahuizalco,instancia de,entidad territorial administrativa
Nahuizalco,instancia de,asentamiento
Nahuizalco,instancia de,distrito de El Salvador
Nahuizalco,situado en la entidad territorial administrativa,Sonsonate Norte
nadador,instancia de,ocupación
nadador,subclase de,deportista
nadador,ámbito de la ocupación,natación
Universidad Estatal de Florida,país,Estados Unidos
Universidad Estatal de Florida,instancia de,escuela
Universidad Estatal de Florida,instancia de,universidad pública
Universidad Estatal de Florida,instancia de,institución educativa pública de los Estados Unidos
Universidad Estatal de Florida,situado en la entidad territorial administrativa,Tallahassee
militar,instancia de,profesión
militar,instancia de,ocupación
militar,subclase de,empleado
militar,subclase de,guerrero
militar,opuesto a,civil
Fernando Llort Choussy,Lugar de nacimiento,San Salvador
Fernando Llort Choussy,Ocupación,grabador
Fernando Llort Choussy,Ciudadanía,El Salvador
Fernando Llort Choussy,Educado en,Liceo Salvadoreño
Fernando Llort Choussy,Premio recibido,Premio Nacional de Cultura
Fernando Llort Choussy,Fecha de nacimiento,1949-04-07
Fernando Llort Choussy,Fecha de defunción,2018-08-10
Fernando Llort Choussy,Ocupación,pintor
Fernando Llort Choussy,Premio recibido,"Orden al Mérito 5 de Noviembre 1811, Próceres de la Independencia Patria"
Fernando Llort Choussy,Ocupación,ceramista
Fernando Llort Choussy,Premio recibido,Hijo Meritísimo o Hija Meritisima de El Salvador
Marvin González,Lugar de nacimiento,El Refugio
Marvin González,Ocupación,futbolista
Marvin González,Ciudadanía,El Salvador
Marvin González,Fecha de nacimiento,1982-04-17
Luis Anaya,Lugar de nacimiento,San José Guayabal
Luis Anaya,Ocupación,futbolista
Luis Anaya,Ciudadanía,El Salvador
Luis Anaya,Fecha de nacimiento,1981-05-19
Ricardo Lindo Fuentes,Lugar de nacimiento,San Salvador
Ricardo Lindo Fuentes,Ocupación,escritor
Ricardo Lindo Fuentes,Ciudadanía,El Salvador
Ricardo Lindo Fuentes,Fecha de nacimiento,1947-02-05
Ricardo Lindo Fuentes,Fecha de defunción,2016-10-23
Ricardo Lindo Fuentes,Ocupación,poeta
Ricardo Lindo Fuentes,Ocupación,investigador
Arturo Ambrogi,Lugar de nacimiento,San Salvador
Arturo Ambrogi,Ocupación,escritor
Arturo Ambrogi,Ciudadanía,El Salvador
Arturo Ambrogi,Fecha de nacimiento,1875-10-19
Arturo Ambrogi,Fecha de defunción,1936-11-08
Arturo Ambrogi,Ocupación,periodista
Daniel Rucks,Lugar de nacimiento,Montevideo
Daniel Rucks,Ocupación,arquitecto
Daniel Rucks,Ciudadanía,Uruguay
Daniel Rucks,Fecha de nacimiento,1962-07-17
Daniel Rucks,Ocupación,músico
Daniel Rucks,Ocupación,locutor
Daniel Rucks,Ocupación,presentador
Daniel Rucks,Ciudadanía,El Salvador
Félix A. Ulloa,Lugar de nacimiento,Chinameca
Félix A. Ulloa,Ocupación,ingeniero
Félix A. Ulloa,Ciudadanía,El Salvador
Félix A. Ulloa,Educado en,Instituto de Tecnología de Georgia
Félix A. Ulloa,Fecha de nacimiento,1929-09-07
Félix A. Ulloa,Fecha de defunción,1980-10-29
Félix A. Ulloa,Ocupación,académico
Isaías Gamboa,Lugar de nacimiento,Cali
Isaías Gamboa,Ocupación,escritor
Isaías Gamboa,Ciudadanía,Colombia
Isaías Gamboa,Fecha de nacimiento,1872-12-12
Isaías Gamboa,Fecha de defunción,1904-07-23
Isaías Gamboa,Ocupación,poeta
Isaías Gamboa,Ciudadanía,El Salvador
Mercedes Durand,Lugar de nacimiento,San Salvador
Mercedes Durand,Ocupación,escritor
Mercedes Durand,Ciudadanía,El Salvador
Mercedes Durand,Fecha de nacimiento,1933-08-09
Mercedes Durand,Fecha de defunción,1999-07-07
Mercedes Durand,Ocupación,poeta
Mercedes Durand,Ocupación,periodista
Orlando Fresedo,Lugar de nacimiento,San Salvador
Orlando Fresedo,Ocupación,poeta
Orlando Fresedo,Ciudadanía,El Salvador
Orlando Fresedo,Fecha de nacimiento,1932-08-30
Orlando Fresedo,Fecha de defunción,1965-03-18
Orlando Fresedo,Ocupación,periodista
Lil Milagro Ramírez,Lugar de nacimiento,San Salvador
Lil Milagro Ramírez,Ocupación,escritor
Lil Milagro Ramírez,Ciudadanía,El Salvador
Lil Milagro Ramírez,Educado en,Universidad de El Salvador
Lil Milagro Ramírez,Fecha de nacimiento,1946-04-03
Lil Milagro Ramírez,Fecha de defunción,1979-10-17
Lil Milagro Ramírez,Ocupación,poeta
Roberto Guadalupe Martínez,Lugar de nacimiento,San Miguel
Roberto Guadalupe Martínez,Ocupación,futbolista
Roberto Guadalupe Martínez,Ciudadanía,El Salvador
Roberto Guadalupe Martínez,Fecha de nacimiento,1973-02-21
Vicente Rosales y Rosales,Lugar de nacimiento,Jucuapa
Vicente Rosales y Rosales,Ocupación,poeta
Vicente Rosales y Rosales,Ciudadanía,El Salvador
Vicente Rosales y Rosales,Fecha de nacimiento,1894-11-06
Vicente Rosales y Rosales,Fecha de defunción,1980-09-02
Verónica Rivas,Lugar de nacimiento,San Salvador
Verónica Rivas,Ocupación,tirador
Verónica Rivas,Ciudadanía,El Salvador
Verónica Rivas,Fecha de nacimiento,1978-03-16
Francisco Gavidia,Lugar de nacimiento,San Miguel
Francisco Gavidia,Ocupación,escritor
Francisco Gavidia,Ciudadanía,El Salvador
Francisco Gavidia,Fecha de nacimiento,1863-12-29
Francisco Gavidia,Fecha de defunción,1955-09-24
Francisco Gavidia,Ocupación,periodista
Evelyn García,Lugar de nacimiento,Santa Ana
Evelyn García,Ocupación,ciclista
Evelyn García,Ciudadanía,El Salvador
Evelyn García,Fecha de nacimiento,1982-12-29
Imanol Uribe,Lugar de nacimiento,San Salvador
Imanol Uribe,Ocupación,guionista
Imanol Uribe,Ciudadanía,España
Imanol Uribe,Premio recibido,Premio Goya a la mejor dirección
Imanol Uribe,Fecha de nacimiento,1950-02-28
Imanol Uribe,Ocupación,actor
Imanol Uribe,Ocupación,director de cine
Imanol Uribe,Ocupación,productor de cine
Imanol Uribe,Ocupación,editor de cine
Imanol Uribe,Premio recibido,Premio Goya al mejor guion adaptado
Imanol Uribe,Ciudadanía,El Salvador
Dagoberto Nolasco,Lugar de nacimiento,El Salvador
Dagoberto Nolasco,Ocupación,artista
Dagoberto Nolasco,Ciudadanía,El Salvador
Dagoberto Nolasco,Fecha de nacimiento,1956-01-01
Rafael Menjívar Ochoa,Lugar de nacimiento,San Salvador
Rafael Menjívar Ochoa,Ocupación,escritor
Rafael Menjívar Ochoa,Ciudadanía,El Salvador
Rafael Menjívar Ochoa,Fecha de nacimiento,1959-08-17
Rafael Menjívar Ochoa,Fecha de defunción,2011-04-27
Rafael Menjívar Ochoa,Ocupación,poeta
Rafael Menjívar Ochoa,Ocupación,periodista
Rafael Menjívar Ochoa,Ocupación,lingüista
Dorothy Kazel,Lugar de nacimiento,Cleveland
Dorothy Kazel,Ocupación,monja
Dorothy Kazel,Ciudadanía,Estados Unidos
Dorothy Kazel,Premio recibido,Salón de la Fama de las mujeres de Ohio
Dorothy Kazel,Fecha de nacimiento,1939-06-30
Dorothy Kazel,Fecha de defunción,1980-12-02
Dorothy Kazel,Ciudadanía,El Salvador
Fernando Llort Choussy,Educado en,Universidad Católica de Lovaina
Fernando Llort Choussy,Premio recibido,Orden de la estrella de la solidaridad italiana
Fernando Llort Choussy,Educado en,Universidad Estatal de Luisiana
Fernando Llort Choussy,Educado en,Universidad de El Salvador
grabador,instancia de,profesión
grabador,subclase de,artista gráfico
grabador,ámbito de la ocupación,grabado
grabador,categoría principal del tema,Categoría:Estampadores
grabador,diferente de,grabador
Liceo Salvadoreño,país,El Salvador
Liceo Salvadoreño,instancia de,escuela
Liceo Salvadoreño,fundador,Congregación de los Hermanos Maristas
Liceo Salvadoreño,situado en la entidad territorial administrativa,San Salvador
Premio Nacional de Cultura,país,El Salvador
Premio Nacional de Cultura,instancia de,premio de cultura
San José Guayabal,país,El Salvador
San José Guayabal,instancia de,entidad territorial administrativa
San José Guayabal,instancia de,distrito de El Salvador
San José Guayabal,situado en la entidad territorial administrativa,Cuscatlán Norte
San José Guayabal,se encuentra en el huso horario,UTC−6
Montevideo,país,Uruguay
Montevideo,instancia de,ciudad
Montevideo,instancia de,entidad territorial administrativa
Montevideo,instancia de,capital nacional
Montevideo,idioma oficial,español
arquitecto,instancia de,profesión
arquitecto,instancia de,título corporativo
arquitecto,instancia de,ocupación
arquitecto,instancia de,grupo de ocupaciones de la CIUO
Uruguay,forma parte de,América del Sur
Uruguay,forma parte de,América Latina
Uruguay,forma parte de,Cono Sur
Uruguay,forma parte de,Anexo:Paraísos fiscales según la Unión Europea
Uruguay,se encuentra en el huso horario,UTC−3
músico,instancia de,ocupación
músico,instancia de,profesión musical
músico,ocupación,pintor
músico,subclase de,artista
músico,ámbito de la ocupación,música
Chinameca,país,El Salvador
Chinameca,instancia de,distrito de El Salvador
Chinameca,situado en la entidad territorial administrativa,San Miguel Oeste
Chinameca,se encuentra en el huso horario,UTC−6
Chinameca,capital de,San Miguel Oeste
ingeniero,categoría relacionada,Categoría:Ingenieros químicos
ingeniero,instancia de,profesión
ingeniero,instancia de,cargo
ingeniero,elemento operado,producto
Instituto de Tecnología de Georgia,calendario académico,semestre
Instituto de Tecnología de Georgia,P10607,Georgia Tech Yellow Jackets
Instituto de Tecnología de Georgia,país,Estados Unidos
Instituto de Tecnología de Georgia,instancia de,universidad técnica
Instituto de Tecnología de Georgia,instancia de,institución educativa pública de los Estados Unidos
Cali,país,Colombia
Cali,instancia de,ciudad
Cali,instancia de,gran ciudad
Cali,instancia de,municipio de Colombia
Cali,fundador,Sebastián de Belalcázar
Colombia,jefe de gobierno,Gustavo Petro
Colombia,continente,América del Sur
Colombia,instancia de,país
Colombia,instancia de,república
Colombia,instancia de,Estado laico
Jucuapa,país,El Salvador
Jucuapa,instancia de,distrito de El Salvador
Jucuapa,situado en la entidad territorial administrativa,Usulután Norte
Jucuapa,se encuentra en el huso horario,UTC−6
ciclista,instancia de,profesión
ciclista,instancia de,deportista
ciclista,subclase de,ciclista
ciclista,ámbito de la ocupación,ciclismo de competición
guionista,sujeto tiene rol,escritor
guionista,instancia de,profesión del cine
guionista,género,guion
guionista,subclase de,escritor
Premio Goya a la mejor dirección,país,España
Premio Goya a la mejor dirección,instancia de,Premios Goya
Premio Goya a la mejor dirección,instancia de,categoría de un premio de cine
Premio Goya a la mejor dirección,instancia de,premio a la mejor dirección
Premio Goya a la mejor dirección,categoría para los galardonados con este premio,Categoría:Ganadores del Premio Goya a la mejor dirección
artista,instancia de,ocupación
artista,instancia de,profesión artística
artista,subclase de,creador
artista,santo patrón,Fra Angelico
Cleveland,jefe de gobierno,Justin Bibb
Cleveland,país,Estados Unidos
Cleveland,instancia de,sede de condado
Cleveland,instancia de,ciudad de Estados Unidos
Cleveland,instancia de,gran ciudad
Salón de la Fama de las mujeres de Ohio,país,Estados Unidos
Salón de la Fama de las mujeres de Ohio,instancia de,distinción
Salón de la Fama de las mujeres de Ohio,instancia de,salón de la fama
Salón de la Fama de las mujeres de Ohio,situado en la entidad territorial administrativa,Ohio
Salón de la Fama de las mujeres de Ohio,lista de,ser humano
Carlos Meléndez Ramírez,Lugar de nacimiento,San Salvador
Carlos Meléndez Ramírez,Ocupación,político
Carlos Meléndez Ramírez,Ciudadanía,El Salvador
Carlos Meléndez Ramírez,Miembro de,Consejo Consultivo de Hacienda
Carlos Meléndez Ramírez,Cargo,presidente de El Salvador
Carlos Meléndez Ramírez,Fecha de nacimiento,1861-02-01
Carlos Meléndez Ramírez,Fecha de defunción,1919-10-08
Giuseppe Beltrami,Lugar de nacimiento,Fossano
Giuseppe Beltrami,Ocupación,abogado
Giuseppe Beltrami,Ciudadanía,Italia
Giuseppe Beltrami,Educado en,Universidad de Roma La Sapienza
Giuseppe Beltrami,Cargo,cardenal
Giuseppe Beltrami,Premio recibido,Medalla al Valor Militar
Giuseppe Beltrami,Fecha de nacimiento,1889-01-17
Giuseppe Beltrami,Fecha de defunción,1973-12-13
Giuseppe Beltrami,Ocupación,sacerdote católico
Giuseppe Beltrami,Ciudadanía,Ciudad del Vaticano
Giuseppe Beltrami,Ciudadanía,El Salvador
Giuseppe Beltrami,Ciudadanía,Reino de Italia
Giuseppe Beltrami,Educado en,Ateneo Pontificio San Anselmo
Giuseppe Beltrami,Cargo,nuncio apostólico en Colombia
Giuseppe Beltrami,Cargo,arzobispo católico
Giuseppe Beltrami,Cargo,arzobispo titular
Giuseppe Beltrami,Cargo,nuncio apostólico en Guatemala
Giuseppe Beltrami,Cargo,nuncio apostólico en El Salvador
Giuseppe Beltrami,Cargo,nuncio apostólico en el Líbano
Gregorio Salazar y Castro,Lugar de nacimiento,San Salvador
Gregorio Salazar y Castro,Ocupación,político
Gregorio Salazar y Castro,Ciudadanía,El Salvador
Gregorio Salazar y Castro,Cargo,político
Gregorio Salazar y Castro,Fecha de nacimiento,1773-01-01
Gregorio Salazar y Castro,Fecha de defunción,1838-02-01
Gregorio Salazar y Castro,Cargo,jefe supremo del Estado de El Salvador
Gregorio Salazar y Castro,Cargo,vicepresidente de la República Federal de Centro América
Francisco Flores,Lugar de nacimiento,Santa Ana
Francisco Flores,Ocupación,político
Francisco Flores,Ciudadanía,El Salvador
Francisco Flores,Educado en,Universidad Harvard
Francisco Flores,Cargo,presidente de El Salvador
Francisco Flores,Premio recibido,Collar de la Orden de Isabel la Católica
Francisco Flores,Fecha de nacimiento,1959-10-17
Francisco Flores,Fecha de defunción,2016-01-30
Francisco Flores,Premio recibido,Gran Cruz de la Orden de Grimaldi
Francisco Flores,Educado en,Amherst College
Francisco Flores,Educado en,Universidad de Hartford
Francisco Flores,Educado en,Universidad Howard
Armando Calderón Sol,Lugar de nacimiento,San Salvador
Armando Calderón Sol,Ocupación,abogado
Armando Calderón Sol,Ciudadanía,El Salvador
Armando Calderón Sol,Cargo,presidente de El Salvador
Armando Calderón Sol,Premio recibido,Orden de Isabel la Católica
Armando Calderón Sol,Fecha de nacimiento,1948-06-24
Armando Calderón Sol,Fecha de defunción,2017-10-09
Armando Calderón Sol,Ocupación,político
Armando Calderón Sol,Premio recibido,Orden El Sol del Perú
Armando Calderón Sol,Premio recibido,Collar de la Orden de Isabel la Católica
Arturo Rivera y Damas,Lugar de nacimiento,San Esteban Catarina
Arturo Rivera y Damas,Ocupación,sacerdote católico
Arturo Rivera y Damas,Ciudadanía,El Salvador
Arturo Rivera y Damas,Cargo,obispo auxiliar
Arturo Rivera y Damas,Fecha de nacimiento,1923-09-30
Arturo Rivera y Damas,Fecha de defunción,1994-11-26
Arturo Rivera y Damas,Ocupación,obispo católico
Arturo Rivera y Damas,Ocupación,teólogo
Arturo Rivera y Damas,Cargo,obispo titular
Arturo Rivera y Damas,Cargo,arzobispo de San Salvador
Arturo Rivera y Damas,Cargo,obispo de Santiago de María
Mauricio Alfaro,Lugar de nacimiento,Zacatecoluca
Mauricio Alfaro,Ocupación,entrenador
Mauricio Alfaro,Ciudadanía,El Salvador
Mauricio Alfaro,Fecha de nacimiento,1956-02-13
Mauricio Alfaro,Ocupación,futbolista
Mauricio Alonso Rodríguez,Lugar de nacimiento,San Salvador
Mauricio Alonso Rodríguez,Ocupación,entrenador
Mauricio Alonso Rodríguez,Ciudadanía,El Salvador
Mauricio Alonso Rodríguez,Fecha de nacimiento,1945-09-12
Mauricio Alonso Rodríguez,Ocupación,futbolista
Fernando Figueroa,Lugar de nacimiento,Ilobasco
Fernando Figueroa,Ocupación,político
Fernando Figueroa,Ciudadanía,El Salvador
Fernando Figueroa,Cargo,presidente de El Salvador
Fernando Figueroa,Fecha de nacimiento,1849-07-14
Fernando Figueroa,Fecha de defunción,1919-06-16
Fernando Figueroa,Cargo,Subsecretario de Estado en los Despachos de Guerra y Marina
Fernando Figueroa,Cargo,Ministro de Hacienda y Marina
José Luis Escobar Alas,Lugar de nacimiento,Suchitoto
José Luis Escobar Alas,Ocupación,sacerdote católico
José Luis Escobar Alas,Ciudadanía,El Salvador
José Luis Escobar Alas,Educado en,Pontificia Universidad Gregoriana
José Luis Escobar Alas,Cargo,obispo auxiliar
José Luis Escobar Alas,Fecha de nacimiento,1959-03-10
José Luis Escobar Alas,Ocupación,obispo católico
José Luis Escobar Alas,Cargo,obispo titular
José Luis Escobar Alas,Cargo,obispo diocesano
José Luis Escobar Alas,Cargo,arzobispo de San Salvador
Fermín Palacios,Lugar de nacimiento,San Salvador
Fermín Palacios,Ocupación,político
Fermín Palacios,Ciudadanía,El Salvador
Fermín Palacios,Cargo,presidente de El Salvador
Fermín Palacios,Fecha de nacimiento,http://www.wikidata.org/.well-known/genid/b0409ec79efea7f4e33d9537c230a72e
Fermín Palacios,Fecha de defunción,1900-01-01
Fermín Palacios,Cargo,Alcalde de San Salvador
Anne W. Patterson,Lugar de nacimiento,Fort Smith
Anne W. Patterson,Ocupación,político
Anne W. Patterson,Ciudadanía,Estados Unidos
Anne W. Patterson,Educado en,Wellesley College
Anne W. Patterson,Miembro de,Academia Estadounidense de las Artes y las Ciencias
Anne W. Patterson,Cargo,embajador
Anne W. Patterson,Fecha de nacimiento,1949-10-04
Anne W. Patterson,Ocupación,diplomático
Anne W. Patterson,Ciudadanía,El Salvador
Anne W. Patterson,Educado en,Universidad de Carolina del Norte en Chapel Hill
Anne W. Patterson,Educado en,Hockaday School
Anne W. Patterson,Cargo,Embajador de los Estados Unidos ante las Naciones Unidas
Juan Manuel Rodríguez,Lugar de nacimiento,San Salvador
Juan Manuel Rodríguez,Ocupación,político
Juan Manuel Rodríguez,Ciudadanía,El Salvador
Juan Manuel Rodríguez,Cargo,jefe supremo del Estado de El Salvador
Juan Manuel Rodríguez,Fecha de nacimiento,1771-12-31
Juan Manuel Rodríguez,Fecha de defunción,1847-01-01
Rodrigo Ávila,Lugar de nacimiento,San Salvador
Rodrigo Ávila,Ocupación,político
Rodrigo Ávila,Ciudadanía,El Salvador
Rodrigo Ávila,Educado en,Universidad Estatal de Carolina del Norte
Rodrigo Ávila,Fecha de nacimiento,1964-06-25
Rafael Campo,Lugar de nacimiento,Sonsonate
Rafael Campo,Ocupación,político
Rafael Campo,Ciudadanía,El Salvador
Rafael Campo,Fecha de nacimiento,1813-10-24
Rafael Campo,Fecha de defunción,1890-03-01
José María Peralta,Lugar de nacimiento,San Salvador
José María Peralta,Ocupación,político
José María Peralta,Ciudadanía,El Salvador
José María Peralta,Cargo,presidente de El Salvador
José María Peralta,Fecha de nacimiento,1807-12-01
José María Peralta,Fecha de defunción,1883-12-06
Tomás Medina Menéndez,Lugar de nacimiento,Santa Ana
Tomás Medina Menéndez,Ocupación,político
Tomás Medina Menéndez,Ciudadanía,El Salvador
Tomás Medina Menéndez,Cargo,senador de El Salvador
Tomás Medina Menéndez,Fecha de nacimiento,1803-06-01
Tomás Medina Menéndez,Fecha de defunción,1884-02-13
Salvador Salazar Arrué,Lugar de nacimiento,Sonsonate
Salvador Salazar Arrué,Ocupación,escritor
Salvador Salazar Arrué,Ciudadanía,El Salvador
Salvador Salazar Arrué,Educado en,Corcoran College of Art and Design
Salvador Salazar Arrué,Fecha de nacimiento,1899-10-22
Salvador Salazar Arrué,Fecha de defunción,1975-11-27
Salvador Salazar Arrué,Ocupación,poeta
Salvador Salazar Arrué,Ocupación,diplomático
Salvador Salazar Arrué,Ocupación,pintor
Consuelo de Saint-Exupéry,Lugar de nacimiento,Armenia
Consuelo de Saint-Exupéry,Ocupación,escritor
Consuelo de Saint-Exupéry,Ciudadanía,El Salvador
Consuelo de Saint-Exupéry,Fecha de nacimiento,1901-04-10
Consuelo de Saint-Exupéry,Fecha de defunción,1979-05-28
Consuelo de Saint-Exupéry,Ocupación,pintor
Consuelo de Saint-Exupéry,Ocupación,escultor
Consuelo de Saint-Exupéry,Ocupación,periodista
Agustín Farabundo Martí,Lugar de nacimiento,Teotepeque
Agustín Farabundo Martí,Ocupación,activista político
Agustín Farabundo Martí,Ciudadanía,El Salvador
Agustín Farabundo Martí,Educado en,Universidad de El Salvador
Agustín Farabundo Martí,Fecha de nacimiento,1893-05-05
Agustín Farabundo Martí,Fecha de defunción,1932-02-01
Consejo Consultivo de Hacienda,país,El Salvador
Consejo Consultivo de Hacienda,instancia de,órgano consultivo
Consejo Consultivo de Hacienda,organización matriz,Ministerio de Hacienda de El Salvador
Fossano,descrito en la fuente,Diccionario Enciclopédico Brockhaus y Efron
Fossano,descrito en la fuente,Encyclopædia Britannica (11ª edición)
Fossano,descrito en la fuente,New International Encyclopedia
Fossano,descrito en la fuente,Diccionario Enciclopédico Granat
Fossano,categoría para las personas que nacieron aquí,Categoría:Nacidos en Fossano
Italia,miembro de,OTAN
Italia,miembro de,Fondo Monetario Internacional
Italia,miembro de,UNESCO
Italia,miembro de,Organización Mundial de la Salud
Italia,miembro de,Organización Mundial del Comercio
cardenal,instancia de,título
cardenal,instancia de,cargo
cardenal,instancia de,vocación católica
cardenal,título nobiliario,titulus
cardenal,religión,catolicismo
Universidad Harvard,filial,Escuela de Medicina Harvard
Universidad Harvard,filial,Escuela de Derecho Harvard
Universidad Harvard,filial,Escuela de Negocios Harvard
Universidad Harvard,filial,Escuela de Gobierno John F. Kennedy
Orden de Isabel la Católica,país,España
Orden de Isabel la Católica,instancia de,orden
Orden de Isabel la Católica,instancia de,condecoración civil
Orden de Isabel la Católica,fundador,Fernando VII de España
Orden de Isabel la Católica,compuesto por,Gran Cruz de la Orden de Isabel la Católica
obispo auxiliar,instancia de,función episcopal
obispo auxiliar,instancia de,vocación católica
obispo auxiliar,religión,catolicismo
obispo auxiliar,subclase de,obispo
obispo auxiliar,subclase de,obispo católico
Ilobasco,país,El Salvador
Ilobasco,instancia de,distrito de El Salvador
Ilobasco,situado en la entidad territorial administrativa,Cabañas Oeste
Ilobasco,se encuentra en el huso horario,UTC−6
Ilobasco,capital de,Cabañas Oeste
Pontificia Universidad Gregoriana,país,Italia
Pontificia Universidad Gregoriana,instancia de,universidad pontificia
Pontificia Universidad Gregoriana,instancia de,universidad jesuita
Pontificia Universidad Gregoriana,fundador,Ignacio de Loyola
Pontificia Universidad Gregoriana,situado en la entidad territorial administrativa,Roma
Fort Smith,jefe de gobierno,George McGill
Fort Smith,país,Estados Unidos
Fort Smith,instancia de,sede de condado
Fort Smith,instancia de,ciudad de Estados Unidos
Fort Smith,situado en la entidad territorial administrativa,condado de Sebastian
Wellesley College,país,Estados Unidos
Wellesley College,instancia de,universidad
Wellesley College,instancia de,universidad de mujeres
Wellesley College,instancia de,institución educativa privada sin fines de lucro
Wellesley College,fundador,Henry Durant
Academia Estadounidense de las Artes y las Ciencias,país,Estados Unidos
Academia Estadounidense de las Artes y las Ciencias,instancia de,organización sin fines de lucro
Academia Estadounidense de las Artes y las Ciencias,instancia de,sociedad erudita
Academia Estadounidense de las Artes y las Ciencias,instancia de,editorial académica
Academia Estadounidense de las Artes y las Ciencias,campo de trabajo,política pública
Universidad Estatal de Carolina del Norte,país,Estados Unidos
Universidad Estatal de Carolina del Norte,instancia de,Universidad de concesión de tierras
Universidad Estatal de Carolina del Norte,instancia de,institución educativa pública de los Estados Unidos
Universidad Estatal de Carolina del Norte,instancia de,editor de acceso abierto
Universidad Estatal de Carolina del Norte,instancia de,universidad pública de investigación
senador de El Salvador,país,El Salvador
senador de El Salvador,instancia de,cargo público
senador de El Salvador,instancia de,cargo
senador de El Salvador,subclase de,senador
senador de El Salvador,forma parte de,Cámara de Senadores de El Salvador
Armenia,país,El Salvador
Armenia,instancia de,asentamiento
Armenia,instancia de,distrito de El Salvador
Armenia,situado en la entidad territorial administrativa,Sonsonate Este
Armenia,santo patrón,Teresa de Jesús
Teotepeque,país,El Salvador
Teotepeque,instancia de,distrito de El Salvador
Teotepeque,situado en la entidad territorial administrativa,La Libertad Costa
Teotepeque,se encuentra en el huso horario,UTC−6
activista político,instancia de,ocupación
activista político,subclase de,activista
activista político,ámbito de la ocupación,activismo político
activista político,categoría principal del tema,Categoría:Activistas políticos
Eliseo Salamanca,Lugar de nacimiento,San Rafael Oriente
Eliseo Salamanca,Ocupación,futbolista
Eliseo Salamanca,Ciudadanía,El Salvador
Eliseo Salamanca,Fecha de nacimiento,1979-10-24
Elías Montes,Lugar de nacimiento,San Salvador
Elías Montes,Ocupación,futbolista
Elías Montes,Ciudadanía,El Salvador
Elías Montes,Fecha de nacimiento,1973-12-25
Emerson Esnal Hernández,Lugar de nacimiento,San Salvador
Emerson Esnal Hernández,Ocupación,atleta
Emerson Esnal Hernández,Ciudadanía,El Salvador
Emerson Esnal Hernández,Fecha de nacimiento,1988-01-20
Emerson Umaña,Lugar de nacimiento,San Vicente
Emerson Umaña,Ocupación,futbolista
Emerson Umaña,Ciudadanía,El Salvador
Emerson Umaña,Fecha de nacimiento,1981-11-12
Emerson Véliz,Lugar de nacimiento,San Salvador
Emerson Véliz,Ocupación,futbolista
Emerson Véliz,Ciudadanía,El Salvador
Emerson Véliz,Fecha de nacimiento,1982-08-13
Enllelbert González,Lugar de nacimiento,Santa Ana
Enllelbert González,Ocupación,futbolista
Enllelbert González,Ciudadanía,El Salvador
Enllelbert González,Fecha de nacimiento,1983-01-03
Enmanuel Quintanilla,Lugar de nacimiento,Ilobasco
Enmanuel Quintanilla,Ocupación,futbolista
Enmanuel Quintanilla,Ciudadanía,El Salvador
Enmanuel Quintanilla,Fecha de nacimiento,1989-05-25
Erber Burgos,Lugar de nacimiento,Antiguo Cuscatlán
Erber Burgos,Ocupación,futbolista
Erber Burgos,Ciudadanía,El Salvador
Erber Burgos,Fecha de nacimiento,1969-04-08
Erick Dowson Prado,Lugar de nacimiento,San Salvador
Erick Dowson Prado,Ocupación,futbolista
Erick Dowson Prado,Ciudadanía,El Salvador
Erick Dowson Prado,Fecha de nacimiento,1976-01-25
Ernesto Barrera,Ocupación,sacerdote católico
Ernesto Barrera,Ciudadanía,El Salvador
Ernesto Barrera,Fecha de nacimiento,http://www.wikidata.org/.well-known/genid/7c8273fa6d412b3365bc3902fd018498
Ernesto Barrera,Fecha de defunción,1978-01-01
Ernesto Góchez,Lugar de nacimiento,San Salvador
Ernesto Góchez,Ocupación,futbolista
Ernesto Góchez,Ciudadanía,El Salvador
Ernesto Góchez,Fecha de nacimiento,1976-09-14
Ernesto Ochoa,Lugar de nacimiento,La Unión
Ernesto Ochoa,Ocupación,futbolista
Ernesto Ochoa,Ciudadanía,El Salvador
Ernesto Ochoa,Fecha de nacimiento,1986-06-21
Esteban Blanco,Lugar de nacimiento,San Miguel
Esteban Blanco,Ocupación,futbolista
Esteban Blanco,Ciudadanía,El Salvador
Esteban Blanco,Fecha de nacimiento,1929-08-03
Esteban Blanco,Fecha de defunción,2011-10-28
Fabricio Alfaro,Lugar de nacimiento,San Salvador
Fabricio Alfaro,Ocupación,futbolista
Fabricio Alfaro,Ciudadanía,El Salvador
Fabricio Alfaro,Fecha de nacimiento,1990-12-03
Fausto Omar Vásquez,Lugar de nacimiento,El Salvador
Fausto Omar Vásquez,Ocupación,entrenador
Fausto Omar Vásquez,Ciudadanía,El Salvador
Fausto Omar Vásquez,Fecha de nacimiento,1952-04-14
Fausto Omar Vásquez,Ocupación,futbolista
Felipe Enrique Amaya,Lugar de nacimiento,San Francisco Gotera
Felipe Enrique Amaya,Ocupación,futbolista
Felipe Enrique Amaya,Ciudadanía,El Salvador
Felipe Enrique Amaya,Fecha de nacimiento,1988-11-03
Fidel Mondragón,Lugar de nacimiento,Jiquilisco
Fidel Mondragón,Ocupación,futbolista
Fidel Mondragón,Ciudadanía,El Salvador
Fidel Mondragón,Fecha de nacimiento,1981-02-24
Sarbelio Navarrete,Lugar de nacimiento,San Vicente
Sarbelio Navarrete,Ocupación,abogado
Sarbelio Navarrete,Ciudadanía,El Salvador
Sarbelio Navarrete,Educado en,Universidad de El Salvador
Sarbelio Navarrete,Fecha de nacimiento,1880-11-29
Sarbelio Navarrete,Fecha de defunción,1952-06-02
Francesca Miranda,Lugar de nacimiento,San Salvador
Francesca Miranda,Ocupación,diseñador de moda
Francesca Miranda,Ciudadanía,El Salvador
Francesca Miranda,Educado en,Universidad de Tampa
Francesca Miranda,Fecha de nacimiento,1957-08-05
Francisco Andrés Escobar,Lugar de nacimiento,San Salvador
Francisco Andrés Escobar,Ocupación,actor
Francisco Andrés Escobar,Ciudadanía,El Salvador
Francisco Andrés Escobar,Fecha de defunción,2010-01-01
Francisco Andrés Escobar,Ocupación,poeta
Francisco Andrés Escobar,Ocupación,periodista
San Rafael Oriente,país,El Salvador
San Rafael Oriente,instancia de,distrito de El Salvador
San Rafael Oriente,situado en la entidad territorial administrativa,San Miguel Oeste
San Rafael Oriente,se encuentra en el huso horario,UTC−6
Antiguo Cuscatlán,país,El Salvador
Antiguo Cuscatlán,instancia de,distrito de El Salvador
Antiguo Cuscatlán,situado en la entidad territorial administrativa,La Libertad Este
Antiguo Cuscatlán,se encuentra en el huso horario,UTC−6
Antiguo Cuscatlán,categoría principal del tema,Categoria:Antiguo Cuscatlán
Jiquilisco,país,El Salvador
Jiquilisco,instancia de,distrito de El Salvador
Jiquilisco,situado en la entidad territorial administrativa,Usulután Oeste
Jiquilisco,situado cerca del cuerpo de agua,Bahía de Jiquilisco
Jiquilisco,se encuentra en el huso horario,UTC−6
diseñador de moda,instancia de,profesión
diseñador de moda,instancia de,ocupación
diseñador de moda,subclase de,diseñador
diseñador de moda,subclase de,profesional de la moda
Universidad de Tampa,calendario académico,semestre
Universidad de Tampa,país,Estados Unidos
Universidad de Tampa,instancia de,universidad
Universidad de Tampa,instancia de,institución educativa privada sin fines de lucro
Universidad de Tampa,situado en la entidad territorial administrativa,Florida
Mauricio Funes,Lugar de nacimiento,San Salvador
Mauricio Funes,Ocupación,político
Mauricio Funes,Ciudadanía,El Salvador
Mauricio Funes,Educado en,Universidad Centroamericana José Simeón Cañas
Mauricio Funes,Cargo,presidente de El Salvador
Mauricio Funes,Premio recibido,Premio María Moors Cabot
Mauricio Funes,Fecha de nacimiento,1959-10-18
Mauricio Funes,Fecha de defunción,2025-01-21
Mauricio Funes,Ocupación,periodista
Mauricio Funes,Ciudadanía,Nicaragua
Pío Romero Bosque,Lugar de nacimiento,Suchitoto
Pío Romero Bosque,Ocupación,político
Pío Romero Bosque,Ciudadanía,El Salvador
Pío Romero Bosque,Cargo,Magistrado de la Corte Suprema de Justicia de El Salvador
Pío Romero Bosque,Fecha de nacimiento,1860-01-01
Pío Romero Bosque,Fecha de defunción,1935-12-10
Pío Romero Bosque,Cargo,Subsecretario de Gobernación y Fomento
Manuel Enrique Araujo,Lugar de nacimiento,Alegría
Manuel Enrique Araujo,Ocupación,médico
Manuel Enrique Araujo,Ciudadanía,El Salvador
Manuel Enrique Araujo,Educado en,Universidad de El Salvador
Manuel Enrique Araujo,Cargo,catedrático
Manuel Enrique Araujo,Fecha de nacimiento,1865-10-12
Manuel Enrique Araujo,Fecha de defunción,1913-02-09
Manuel Enrique Araujo,Ocupación,político
Manuel Enrique Araujo,Cargo,presidente de El Salvador
Manuel Enrique Araujo,Cargo,Alcalde de San Salvador
Salvador Castaneda Castro,Lugar de nacimiento,Chalchuapa
Salvador Castaneda Castro,Ocupación,político
Salvador Castaneda Castro,Ciudadanía,El Salvador
Salvador Castaneda Castro,Premio recibido,Collar de la Orden de Isabel la Católica
Salvador Castaneda Castro,Fecha de nacimiento,1887-08-06
Salvador Castaneda Castro,Fecha de defunción,1965-03-05
Tomás Regalado,Lugar de nacimiento,Santa Ana
Tomás Regalado,Ocupación,político
Tomás Regalado,Ciudadanía,El Salvador
Tomás Regalado,Cargo,presidente de El Salvador
Tomás Regalado,Fecha de nacimiento,1861-11-07
Tomás Regalado,Fecha de defunción,1906-07-11
Alfonso Quiñónez Molina,Lugar de nacimiento,Suchitoto
Alfonso Quiñónez Molina,Ocupación,político
Alfonso Quiñónez Molina,Ciudadanía,El Salvador
Alfonso Quiñónez Molina,Cargo,diputado suplente
Alfonso Quiñónez Molina,Premio recibido,Gran Cruz de la Orden Civil de Alfonso XII
Alfonso Quiñónez Molina,Fecha de nacimiento,1874-01-11
Alfonso Quiñónez Molina,Fecha de defunción,1950-05-22
Alfonso Quiñónez Molina,Cargo,Director Suplente del Hospital Rosales y Cementerio de San Salvador
Alfonso Quiñónez Molina,Cargo,"Subsecretario de Relaciones Exteriores, Justicia y Beneficencia"
Alfonso Quiñónez Molina,Cargo,Subsecretario de Fomento y Beneficencia
Pedro José Escalón,Lugar de nacimiento,Santa Ana
Pedro José Escalón,Ocupación,político
Pedro José Escalón,Ciudadanía,El Salvador
Pedro José Escalón,Fecha de nacimiento,1847-03-25
Pedro José Escalón,Fecha de defunción,1923-09-06
Miguel Santín del Castillo,Lugar de nacimiento,San Vicente
Miguel Santín del Castillo,Ocupación,político
Miguel Santín del Castillo,Ciudadanía,El Salvador
Miguel Santín del Castillo,Cargo,senador de El Salvador
Miguel Santín del Castillo,Fecha de nacimiento,1830-01-01
Miguel Santín del Castillo,Fecha de defunción,1880-01-01
Santiago González Portillo,Lugar de nacimiento,Zacapa
Santiago González Portillo,Ocupación,político
Santiago González Portillo,Ciudadanía,El Salvador
Santiago González Portillo,Cargo,Inspector General del Ejército
Santiago González Portillo,Fecha de nacimiento,1818-07-25
Santiago González Portillo,Fecha de defunción,1887-08-01
Rafael Antonio Gutiérrez,Lugar de nacimiento,Ilobasco
Rafael Antonio Gutiérrez,Ocupación,político
Rafael Antonio Gutiérrez,Ciudadanía,El Salvador
Rafael Antonio Gutiérrez,Cargo,presidente de El Salvador
Rafael Antonio Gutiérrez,Fecha de nacimiento,1845-10-24
Rafael Antonio Gutiérrez,Fecha de defunción,1921-01-09
Rafael Antonio Gutiérrez,Cargo,Gobernador del Estado de El Salvador
Francisco Malespín,Lugar de nacimiento,Izalco
Francisco Malespín,Ocupación,político
Francisco Malespín,Ciudadanía,El Salvador
Francisco Malespín,Cargo,presidente de El Salvador
Francisco Malespín,Fecha de nacimiento,1806-09-28
Francisco Malespín,Fecha de defunción,1846-11-25
Osmín Aguirre y Salinas,Lugar de nacimiento,San Miguel
Osmín Aguirre y Salinas,Ocupación,político
Osmín Aguirre y Salinas,Ciudadanía,El Salvador
Osmín Aguirre y Salinas,Cargo,presidente de El Salvador
Osmín Aguirre y Salinas,Fecha de nacimiento,1889-12-25
Osmín Aguirre y Salinas,Fecha de defunción,1977-07-17
Eusebio Rodolfo Cordón Cea,Lugar de nacimiento,Juayúa
Eusebio Rodolfo Cordón Cea,Ocupación,abogado
Eusebio Rodolfo Cordón Cea,Ciudadanía,El Salvador
Eusebio Rodolfo Cordón Cea,Fecha de nacimiento,1899-12-16
Eusebio Rodolfo Cordón Cea,Fecha de defunción,1966-01-09
Eusebio Rodolfo Cordón Cea,Ocupación,político
José Escolástico Marín,Lugar de nacimiento,San Vicente
José Escolástico Marín,Ocupación,político
José Escolástico Marín,Ciudadanía,El Salvador
José Escolástico Marín,Fecha de nacimiento,1750-01-01
José Escolástico Marín,Fecha de defunción,1846-11-11
Julio Adalberto Rivera,Lugar de nacimiento,Zacatecoluca
Julio Adalberto Rivera,Ocupación,político
Julio Adalberto Rivera,Ciudadanía,El Salvador
Julio Adalberto Rivera,Cargo,embajador
Julio Adalberto Rivera,Premio recibido,Caballero de Gran Cruz con collar de la Orden al Mérito de la República Italiana
Julio Adalberto Rivera,Fecha de nacimiento,1921-09-02
Julio Adalberto Rivera,Fecha de defunción,1973-07-29
Julio Adalberto Rivera,Ocupación,diplomático
Fidel Sánchez Hernández,Lugar de nacimiento,El Divisadero
Fidel Sánchez Hernández,Ocupación,político
Fidel Sánchez Hernández,Ciudadanía,El Salvador
Fidel Sánchez Hernández,Cargo,presidente de El Salvador
Fidel Sánchez Hernández,Premio recibido,Gran Cruz de la Orden de Isabel la Católica
Fidel Sánchez Hernández,Fecha de nacimiento,1917-07-07
Fidel Sánchez Hernández,Fecha de defunción,2003-02-28
Carlos Ezeta,Lugar de nacimiento,San Salvador
Carlos Ezeta,Ocupación,político
Carlos Ezeta,Ciudadanía,El Salvador
Carlos Ezeta,Cargo,presidente de El Salvador
Carlos Ezeta,Fecha de nacimiento,1852-06-14
Carlos Ezeta,Fecha de defunción,1903-03-21
Carlos Ezeta,Cargo,Gobernador del Departamento de San Vicente
Francisco Menéndez Valdivieso,Lugar de nacimiento,Ahuachapán
Francisco Menéndez Valdivieso,Ocupación,político
Francisco Menéndez Valdivieso,Ciudadanía,El Salvador
Francisco Menéndez Valdivieso,Fecha de nacimiento,1830-12-03
Francisco Menéndez Valdivieso,Fecha de defunción,1890-06-22
Rafael Zaldívar,Lugar de nacimiento,San Alejo
Rafael Zaldívar,Ocupación,médico
Rafael Zaldívar,Ciudadanía,El Salvador
Rafael Zaldívar,Educado en,Universidad de El Salvador
Rafael Zaldívar,Cargo,vicerrector
Rafael Zaldívar,Fecha de nacimiento,1834-01-01
Rafael Zaldívar,Fecha de defunción,1903-03-02
Rafael Zaldívar,Ocupación,político
Rafael Zaldívar,Cargo,catedrático de universidad
José Félix Quirós,Lugar de nacimiento,San Miguel
José Félix Quirós,Ocupación,político
José Félix Quirós,Ciudadanía,El Salvador
José Félix Quirós,Cargo,presidente de El Salvador
José Félix Quirós,Fecha de nacimiento,1811-01-01
José Félix Quirós,Fecha de defunción,1883-01-01
José Félix Quirós,Cargo,secretario general
José Félix Quirós,Cargo,Vicepresidente de El Salvador
José Félix Quirós,Cargo,Comisionado para la Dieta de Nacaome
José Félix Quirós,Cargo,Gobernador del Departamento de San Miguel
Magistrado de la Corte Suprema de Justicia de El Salvador,país,El Salvador
Magistrado de la Corte Suprema de Justicia de El Salvador,instancia de,cargo
Magistrado de la Corte Suprema de Justicia de El Salvador,instancia de,magistrado
Magistrado de la Corte Suprema de Justicia de El Salvador,subclase de,magistrado
Magistrado de la Corte Suprema de Justicia de El Salvador,forma parte de,Corte Suprema de Justicia de El Salvador
Alegría,país,El Salvador
Alegría,instancia de,distrito de El Salvador
Alegría,situado en la entidad territorial administrativa,Usulután Norte
Alegría,se encuentra en el huso horario,UTC−6
catedrático,instancia de,título de autoridad
catedrático,instancia de,rango académico
catedrático,instancia de,tratamiento protocolario
catedrático,instancia de,ocupación
catedrático,sucedido por,profesor emérito
Collar de la Orden de Isabel la Católica,país,España
Collar de la Orden de Isabel la Católica,instancia de,grado de una orden
Collar de la Orden de Isabel la Católica,subclase de,collar
Collar de la Orden de Isabel la Católica,forma parte de,Orden de Isabel la Católica
Collar de la Orden de Isabel la Católica,categoría para los galardonados con este premio,Categoría:Caballeros del collar de la Orden de Isabel la Católica
diputado suplente,instancia de,cargo
diputado suplente,subclase de,diputado
diputado suplente,subclase de,suplente
Gran Cruz de la Orden Civil de Alfonso XII,país,España
Gran Cruz de la Orden Civil de Alfonso XII,instancia de,grado de una orden
Gran Cruz de la Orden Civil de Alfonso XII,subclase de,Gran Cruz
Gran Cruz de la Orden Civil de Alfonso XII,forma parte de,Orden de Alfonso XII
Gran Cruz de la Orden Civil de Alfonso XII,rango inmediatamente inferior,Encomienda de la Orden civil de Alfonso XII
Zacapa,propietario de,Estadio David Ordóñez Bardales
Zacapa,país,Guatemala
Zacapa,instancia de,municipio de Guatemala
Zacapa,comparte fronteras con,Estanzuela
Zacapa,comparte fronteras con,Gualán
Inspector General del Ejército,país,El Salvador
Inspector General del Ejército,instancia de,cargo
Inspector General del Ejército,subclase de,inspector general
Izalco,país,El Salvador
Izalco,instancia de,entidad territorial administrativa
Izalco,instancia de,asentamiento
Izalco,instancia de,distrito de El Salvador
Izalco,situado en la entidad territorial administrativa,Sonsonate Este
Juayúa,país,El Salvador
Juayúa,instancia de,entidad territorial administrativa
Juayúa,instancia de,asentamiento
Juayúa,instancia de,distrito de El Salvador
Juayúa,situado en la entidad territorial administrativa,Sonsonate Norte
embajador,instancia de,rango diplomático
embajador,instancia de,título de autoridad
embajador,instancia de,cargo
embajador,texto regulador principal,Convención de Viena sobre Relaciones Diplomáticas
embajador,subclase de,jefe de misión
Caballero de Gran Cruz con collar de la Orden al Mérito de la República Italiana,país,Italia
Caballero de Gran Cruz con collar de la Orden al Mérito de la República Italiana,instancia de,grado de una orden
Caballero de Gran Cruz con collar de la Orden al Mérito de la República Italiana,subclase de,collar
Caballero de Gran Cruz con collar de la Orden al Mérito de la República Italiana,subclase de,Caballero Gran Cruz de la Orden al Mérito de la República Italiana
Caballero de Gran Cruz con collar de la Orden al Mérito de la República Italiana,subclase de,Gran Cruz con Collar
El Divisadero,país,El Salvador
El Divisadero,instancia de,distrito de El Salvador
El Divisadero,situado en la entidad territorial administrativa,Morazán Sur
El Divisadero,se encuentra en el huso horario,UTC−6
San Alejo,país,El Salvador
San Alejo,instancia de,distrito de El Salvador
San Alejo,situado en la entidad territorial administrativa,La Unión Sur
San Alejo,se encuentra en el huso horario,UTC−6
vicerrector,instancia de,profesión
vicerrector,instancia de,adjunto
vicerrector,instancia de,título corporativo
vicerrector,subclase de,gerente
Santa Tecla,se encuentra en el huso horario,UTC−6
Santa Tecla,descrito en la fuente,Encyclopædia Britannica (11ª edición)
Santa Tecla,descrito en la fuente,"Nuevo diccionario enciclopédico, 1911-1916"
futbolista,categoría principal del tema,Categoría:Futbolistas
futbolista,plantilla principal del tema,Plantilla:Ficha de futbolista
Managua,categoría para las personas que nacieron aquí,Categoría:Nacidos en Managua
Managua,categoría para las personas que fallecieron aquí,Categoría:Fallecidos en Managua
Managua,categoría de personas relacionadas,Categoría:Personas de Managua
José Francisco Jovel,Lugar de nacimiento,Usulután
José Francisco Jovel,Ocupación,futbolista
José Francisco Jovel,Ciudadanía,El Salvador
José Francisco Jovel,Fecha de nacimiento,1951-05-26
Juan Ramón Martínez,Lugar de nacimiento,San Miguel
Juan Ramón Martínez,Ocupación,futbolista
Juan Ramón Martínez,Ciudadanía,El Salvador
Juan Ramón Martínez,Fecha de nacimiento,1948-04-20
Juan Ramón Martínez,Fecha de defunción,2024-08-04
Sergio Méndez,Lugar de nacimiento,Santa Elena
Sergio Méndez,Ocupación,futbolista
Sergio Méndez,Ciudadanía,El Salvador
Sergio Méndez,Fecha de nacimiento,1943-02-14
Sergio Méndez,Fecha de defunción,1976-12-18
Marianella García Villas,Lugar de nacimiento,San Salvador
Marianella García Villas,Ocupación,abogado
Marianella García Villas,Ciudadanía,El Salvador
Marianella García Villas,Educado en,Universidad de El Salvador
Marianella García Villas,Fecha de nacimiento,1948-08-07
Marianella García Villas,Fecha de defunción,1983-03-13
Marianella García Villas,Ocupación,político
Mario Castillo,Lugar de nacimiento,San Miguel
Mario Castillo,Ocupación,futbolista
Mario Castillo,Ciudadanía,El Salvador
Mario Castillo,Fecha de nacimiento,1951-10-30
Mario Castillo,Fecha de nacimiento,1951-10-31
Mauricio Manzano,Lugar de nacimiento,San Salvador
Mauricio Manzano,Ocupación,entrenador
Mauricio Manzano,Ciudadanía,El Salvador
Mauricio Manzano,Fecha de nacimiento,1943-09-30
Mauricio Manzano,Ocupación,futbolista
Mayra Aldana,Lugar de nacimiento,San Salvador
Mayra Aldana,Ocupación,modelo
Mayra Aldana,Ciudadanía,El Salvador
Mayra Aldana,Fecha de nacimiento,1986-08-17
Miguel Ángel Díaz,Lugar de nacimiento,Chalatenango
Miguel Ángel Díaz,Ocupación,futbolista
Miguel Ángel Díaz,Ciudadanía,El Salvador
Miguel Ángel Díaz,Fecha de nacimiento,1957-01-27
Ignacio Martín-Baró,Lugar de nacimiento,Valladolid
Ignacio Martín-Baró,Ocupación,psicólogo
Ignacio Martín-Baró,Ciudadanía,España
Ignacio Martín-Baró,Educado en,Pontificia Universidad Javeriana
Ignacio Martín-Baró,Empleador,Universidad Centroamericana José Simeón Cañas
Ignacio Martín-Baró,Fecha de nacimiento,1942-11-07
Ignacio Martín-Baró,Fecha de defunción,1989-11-16
Ignacio Martín-Baró,Ocupación,sacerdote católico
Ignacio Martín-Baró,Ocupación,profesor universitario
Ignacio Martín-Baró,Ocupación,filósofo
Ignacio Martín-Baró,Ciudadanía,El Salvador
Rebeca Moreno,Lugar de nacimiento,San Salvador
Rebeca Moreno,Ocupación,modelo
Rebeca Moreno,Ciudadanía,El Salvador
Rebeca Moreno,Fecha de nacimiento,1986-06-17
Rebeca Moreno,Ocupación,participante en concursos de belleza
Roberto Rivas,Lugar de nacimiento,Soyapango
Roberto Rivas,Ocupación,futbolista
Roberto Rivas,Ciudadanía,El Salvador
Roberto Rivas,Fecha de nacimiento,1941-07-17
Roberto Rivas,Fecha de defunción,1972-02-08
Salvador Cabezas,Lugar de nacimiento,San Salvador
Salvador Cabezas,Ocupación,futbolista
Salvador Cabezas,Ciudadanía,El Salvador
Salvador Cabezas,Fecha de nacimiento,1947-02-28
Salvador Mariona,Lugar de nacimiento,Santa Tecla
Salvador Mariona,Ocupación,entrenador
Salvador Mariona,Ciudadanía,El Salvador
Salvador Mariona,Fecha de nacimiento,1943-12-16
Salvador Mariona,Ocupación,futbolista
Salvador Mariona,Fecha de nacimiento,1943-12-27
Saturnino Osorio,Lugar de nacimiento,El Salvador
Saturnino Osorio,Ocupación,futbolista
Saturnino Osorio,Ciudadanía,El Salvador
Saturnino Osorio,Fecha de nacimiento,1945-01-06
Saturnino Osorio,Fecha de defunción,1980-01-01
Silvio Aquino,Lugar de nacimiento,Guazapa
Silvio Aquino,Ocupación,futbolista
Silvio Aquino,Ciudadanía,El Salvador
Silvio Aquino,Fecha de nacimiento,1949-06-30
Sonia Cruz,Lugar de nacimiento,San Salvador
Sonia Cruz,Ocupación,modelo
Sonia Cruz,Ciudadanía,El Salvador
Sonia Cruz,Fecha de nacimiento,1990-01-01
Sonia Cruz,Ocupación,participante en concursos de belleza
Víctor Velásquez,Lugar de nacimiento,La Unión
Víctor Velásquez,Ocupación,futbolista
Víctor Velásquez,Ciudadanía,El Salvador
Víctor Velásquez,Fecha de nacimiento,1976-04-12
Reynaldo Antonio Hernández,Lugar de nacimiento,Concepción Batres
Reynaldo Antonio Hernández,Ocupación,futbolista
Reynaldo Antonio Hernández,Ciudadanía,El Salvador
Reynaldo Antonio Hernández,Fecha de nacimiento,1984-09-11
Dagoberto Portillo,Lugar de nacimiento,San Salvador
Dagoberto Portillo,Ocupación,futbolista
Dagoberto Portillo,Ciudadanía,El Salvador
Dagoberto Portillo,Fecha de nacimiento,1979-11-16
Jaime Abdul Gutiérrez Avendaño,Lugar de nacimiento,Sonsonate
Jaime Abdul Gutiérrez Avendaño,Ocupación,político
Jaime Abdul Gutiérrez Avendaño,Ciudadanía,El Salvador
Jaime Abdul Gutiérrez Avendaño,Fecha de nacimiento,1936-04-05
Jaime Abdul Gutiérrez Avendaño,Fecha de defunción,2012-08-09
Santa Elena,país,El Salvador
Santa Elena,instancia de,distrito de El Salvador
Santa Elena,situado en la entidad territorial administrativa,Usulután Este
Santa Elena,se encuentra en el huso horario,UTC−6
Chalatenango,país,El Salvador
Chalatenango,instancia de,ciudad
Chalatenango,instancia de,distrito de El Salvador
Chalatenango,situado en la entidad territorial administrativa,Chalatenango Sur
Chalatenango,santo patrón,Niño Jesús
Valladolid,jefe de gobierno,Jesús Julio Carnero
Valladolid,país,España
Valladolid,continente,Europa
Valladolid,instancia de,municipio de España
Valladolid,capital,Ciudad de Valladolid
psicólogo,elemento ejemplo,psicólogo clínico
psicólogo,instancia de,profesión
psicólogo,instancia de,grupo de ocupaciones de la CIUO
Pontificia Universidad Javeriana,categoría para las personas que estudiaron en esta institución,Categoría:Alumnado de la Pontificia Universidad Javeriana
Pontificia Universidad Javeriana,categoría para empleados de la organización,Categoría:Profesores de la Pontificia Universidad Javeriana
Pontificia Universidad Javeriana,financiador,Open Society Foundations
Pontificia Universidad Javeriana,país,Colombia
Soyapango,país,El Salvador
Soyapango,instancia de,entidad territorial administrativa
Soyapango,instancia de,distrito de El Salvador
Soyapango,situado en la entidad territorial administrativa,San Salvador Este
Soyapango,se encuentra en el huso horario,UTC−6
Concepción Batres,país,El Salvador
Concepción Batres,instancia de,distrito de El Salvador
Concepción Batres,situado en la entidad territorial administrativa,Usulután Este
Concepción Batres,se encuentra en el huso horario,UTC−6
Jesus Rojas,Ocupación,político
Jesus Rojas,Ciudadanía,El Salvador
Jesus Rojas,Fecha de nacimiento,1950-06-15
Jesus Rojas,Fecha de defunción,1991-04-11
Jesus Rojas,Ciudadanía,Nicaragua
Ana Vilma Albanez de Escobar,Lugar de nacimiento,San Salvador
Ana Vilma Albanez de Escobar,Ocupación,político
Ana Vilma Albanez de Escobar,Ciudadanía,El Salvador
Ana Vilma Albanez de Escobar,Educado en,Universidad Centroamericana José Simeón Cañas
Ana Vilma Albanez de Escobar,Cargo,Vicepresidente de El Salvador
Ana Vilma Albanez de Escobar,Fecha de nacimiento,1954-03-02
Ana Vilma Albanez de Escobar,Ocupación,economista
Ana Vilma Albanez de Escobar,Educado en,Escuela Americana El Salvador
Adolfo Arnoldo Majano,Lugar de nacimiento,Intipucá
Adolfo Arnoldo Majano,Ocupación,militar
Adolfo Arnoldo Majano,Ciudadanía,El Salvador
Adolfo Arnoldo Majano,Educado en,Instituto del Hemisferio Occidental para la Cooperación en Seguridad
Adolfo Arnoldo Majano,Fecha de nacimiento,1938-04-21
Adolfo Arnoldo Majano,Ocupación,político
Rafael Menjívar Larín,Lugar de nacimiento,Santa Ana
Rafael Menjívar Larín,Ocupación,economista
Rafael Menjívar Larín,Ciudadanía,El Salvador
Rafael Menjívar Larín,Empleador,Sorbonne Universidad de París
Rafael Menjívar Larín,Fecha de nacimiento,1935-01-03
Rafael Menjívar Larín,Fecha de defunción,2000-08-07
Gilberto Baires,Lugar de nacimiento,La Paz
Gilberto Baires,Ocupación,futbolista
Gilberto Baires,Ciudadanía,El Salvador
Gilberto Baires,Fecha de nacimiento,1990-04-01
Ricardo Merlos,Ocupación,arquero
Ricardo Merlos,Ciudadanía,El Salvador
Ricardo Merlos,Fecha de nacimiento,1983-09-25
Juan José Gómez,Lugar de nacimiento,San Miguel
Juan José Gómez,Ocupación,futbolista
Juan José Gómez,Ciudadanía,El Salvador
Juan José Gómez,Fecha de nacimiento,1980-11-08
Abraham Monterrosa,Lugar de nacimiento,La Libertad
Abraham Monterrosa,Ocupación,futbolista
Abraham Monterrosa,Ciudadanía,El Salvador
Abraham Monterrosa,Fecha de nacimiento,1975-07-03
Adolfo Menéndez,Lugar de nacimiento,Santa Ana
Adolfo Menéndez,Ocupación,futbolista
Adolfo Menéndez,Ciudadanía,El Salvador
Adolfo Menéndez,Fecha de nacimiento,1970-04-13
Adonai Martínez,Lugar de nacimiento,San Salvador
Adonai Martínez,Ocupación,futbolista
Adonai Martínez,Ciudadanía,El Salvador
Adonai Martínez,Fecha de nacimiento,1975-10-03
Adrian Esquino Lisco,Ocupación,activista por los derechos humanos
Adrian Esquino Lisco,Ciudadanía,El Salvador
Adrian Esquino Lisco,Fecha de defunción,2007-09-08
Agustín García Calderón,Lugar de nacimiento,Santa Ana
Agustín García Calderón,Ocupación,juez
Agustín García Calderón,Ciudadanía,El Salvador
Agustín García Calderón,Fecha de nacimiento,1948-08-14
Agustín García Calderón,Ocupación,abogado
Alberto Fay,Lugar de nacimiento,Montevideo
Alberto Fay,Ocupación,futbolista
Alberto Fay,Ciudadanía,Uruguay
Alberto Fay,Fecha de nacimiento,1948-04-16
Alberto Fay,Ciudadanía,El Salvador
Alexander Campos,Lugar de nacimiento,El Salvador
Alexander Campos,Ocupación,futbolista
Alexander Campos,Ciudadanía,El Salvador
Alexander Campos,Fecha de nacimiento,1980-05-07
Alexander Campos,Fecha de nacimiento,1980-05-08
Alexander Escobar,Lugar de nacimiento,Metapán
Alexander Escobar,Ocupación,futbolista
Alexander Escobar,Ciudadanía,El Salvador
Alexander Escobar,Fecha de nacimiento,1984-04-04
Alfonso Alberto Perla Fuentes,Lugar de nacimiento,San Alejo
Alfonso Alberto Perla Fuentes,Ocupación,futbolista
Alfonso Alberto Perla Fuentes,Ciudadanía,El Salvador
Alfonso Alberto Perla Fuentes,Fecha de nacimiento,1982-03-28
Alfonso Quijada Urías,Lugar de nacimiento,Quezaltepeque
Alfonso Quijada Urías,Ocupación,poeta
Alfonso Quijada Urías,Ciudadanía,El Salvador
Alfonso Quijada Urías,Fecha de nacimiento,1940-12-08
Alfredo Betancourt,Lugar de nacimiento,El Salvador
Alfredo Betancourt,Ocupación,escritor
Alfredo Betancourt,Ciudadanía,El Salvador
Alfredo Betancourt,Fecha de nacimiento,1914-10-26
Alfredo Betancourt,Fecha de defunción,2013-08-30
Alfredo Betancourt,Ocupación,periodista
Alfredo Espino Najarro,Lugar de nacimiento,Departamento de Ahuachapán
Alfredo Espino Najarro,Ocupación,poeta
Alfredo Espino Najarro,Ciudadanía,El Salvador
Alfredo Espino Najarro,Educado en,Universidad de El Salvador
Alfredo Espino Najarro,Fecha de nacimiento,1900-01-08
Alfredo Espino Najarro,Fecha de defunción,1928-05-24
Alfredo Ruano,Lugar de nacimiento,El Salvador
Alfredo Ruano,Ocupación,entrenador
Alfredo Ruano,Ciudadanía,El Salvador
Alfredo Ruano,Fecha de nacimiento,1932-10-14
Alfredo Ruano,Fecha de defunción,1987-07-17
Alfredo Ruano,Ocupación,futbolista
Nicaragua,forma parte de,América Latina
Nicaragua,forma parte de,América Central
Nicaragua,se encuentra en el huso horario,UTC−6
Nicaragua,miembro de,Organización de las Naciones Unidas
Vicepresidente de El Salvador,país,El Salvador
Vicepresidente de El Salvador,instancia de,cargo público
Vicepresidente de El Salvador,subclase de,vicepresidente
Vicepresidente de El Salvador,forma parte de,Consejo de Ministros de El Salvador
Intipucá,país,El Salvador
Intipucá,instancia de,distrito de El Salvador
Intipucá,situado en la entidad territorial administrativa,La Unión Sur
Intipucá,se encuentra en el huso horario,UTC−6
Instituto del Hemisferio Occidental para la Cooperación en Seguridad,país,Estados Unidos
Instituto del Hemisferio Occidental para la Cooperación en Seguridad,instancia de,escuela
Instituto del Hemisferio Occidental para la Cooperación en Seguridad,instancia de,escuela militar
Instituto del Hemisferio Occidental para la Cooperación en Seguridad,situado en la entidad territorial administrativa,Columbus
Instituto del Hemisferio Occidental para la Cooperación en Seguridad,operador,Ejército de los Estados Unidos
economista,instancia de,profesión
economista,instancia de,grupo de ocupaciones de la CIUO
economista,subclase de,científico social
economista,subclase de,profesionales sociales y religiosos
economista,ámbito de la ocupación,economía
Sorbonne Universidad de París,país,Francia
Sorbonne Universidad de París,instancia de,universidad en Francia
Sorbonne Universidad de París,instancia de,entidad desaparecida
Sorbonne Universidad de París,nombrado en referencia a,París
Sorbonne Universidad de París,nombrado en referencia a,Roberto de Sorbón
La Paz,jefe de gobierno,Iván Arias
La Paz,país,Bolivia
La Paz,instancia de,metrópoli
La Paz,instancia de,gran ciudad
La Paz,instancia de,sede de gobierno
arquero,instancia de,profesión
arquero,subclase de,deportista
arquero,ámbito de la ocupación,tiro con arco
arquero,deporte,tiro con arco
arquero,categoría principal del tema,Categoría:Arqueros
juez,instancia de,embede
juez,instancia de,profesión jurídica
juez,instancia de,grupo de ocupaciones de la CIUO
juez,subclase de,jurista
Metapán,país,El Salvador
Metapán,instancia de,entidad territorial administrativa
Metapán,instancia de,asentamiento
Metapán,instancia de,distrito de El Salvador
Metapán,comparte fronteras con,San Antonio Pajonal
Departamento de Ahuachapán,país,El Salvador
Departamento de Ahuachapán,instancia de,distrito de El Salvador
Departamento de Ahuachapán,situado en la entidad territorial administrativa,Departamento de Ahuachapán
Departamento de Ahuachapán,reemplaza a,Partido de Ahuachapán
Francisco Dueñas Díaz,Lugar de nacimiento,San Salvador
Francisco Dueñas Díaz,Ocupación,político
Francisco Dueñas Díaz,Ciudadanía,El Salvador
Francisco Dueñas Díaz,Educado en,Universidad de San Carlos de Guatemala
Francisco Dueñas Díaz,Cargo,Ministro de Relaciones Exteriores de El Salvador
Francisco Dueñas Díaz,Fecha de nacimiento,1810-12-03
Francisco Dueñas Díaz,Fecha de defunción,1884-03-04
Rudis Corrales,Lugar de nacimiento,Sociedad
Rudis Corrales,Ocupación,futbolista
Rudis Corrales,Ciudadanía,El Salvador
Rudis Corrales,Fecha de nacimiento,1979-11-06
Rutilio Grande,Lugar de nacimiento,El Paisnal
Rutilio Grande,Ocupación,sacerdote católico
Rutilio Grande,Ciudadanía,El Salvador
Rutilio Grande,Fecha de nacimiento,1928-07-05
Rutilio Grande,Fecha de defunción,1977-03-12
Joaquín Villalobos,Lugar de nacimiento,San Salvador
Joaquín Villalobos,Ocupación,político
Joaquín Villalobos,Ciudadanía,El Salvador
Joaquín Villalobos,Fecha de nacimiento,1951-01-01
Joaquín Villalobos,Ocupación,guerrillero
Joaquín Villalobos,Ocupación,revolucionario
Salvador Sánchez Cerén,Lugar de nacimiento,Quezaltepeque
Salvador Sánchez Cerén,Ocupación,político
Salvador Sánchez Cerén,Ciudadanía,El Salvador
Salvador Sánchez Cerén,Cargo,presidente de El Salvador
Salvador Sánchez Cerén,Premio recibido,Orden pro Merito Melitensi
Salvador Sánchez Cerén,Fecha de nacimiento,1944-06-18
Salvador Sánchez Cerén,Premio recibido,Orden de los Cinco Volcanes
Salvador Sánchez Cerén,Cargo,Vicepresidente de El Salvador
René Emilio Ponce,Lugar de nacimiento,Sensuntepeque
René Emilio Ponce,Ocupación,político
René Emilio Ponce,Ciudadanía,El Salvador
René Emilio Ponce,Empleador,Gobierno de El Salvador
René Emilio Ponce,Fecha de nacimiento,1947-04-27
René Emilio Ponce,Fecha de defunción,2011-05-02
René Emilio Ponce,Empleador,Ejército de El Salvador
Cruz Hernández,Lugar de nacimiento,El Salvador
Cruz Hernández,Ocupación,matrona
Cruz Hernández,Ciudadanía,El Salvador
Cruz Hernández,Fecha de nacimiento,1878-05-03
Cruz Hernández,Fecha de defunción,2007-03-08
Cristina Esmeralda López,Lugar de nacimiento,Ozatlán
Cristina Esmeralda López,Ocupación,marchador atlético
Cristina Esmeralda López,Ciudadanía,El Salvador
Cristina Esmeralda López,Fecha de nacimiento,1982-09-19
Miguel Montes,Lugar de nacimiento,Sensuntepeque
Miguel Montes,Ocupación,futbolista
Miguel Montes,Ciudadanía,El Salvador
Miguel Montes,Fecha de nacimiento,1980-02-12
Ramón Sagastume Mármol,Ocupación,árbitro de fútbol
Ramón Sagastume Mármol,Ciudadanía,El Salvador
Geovany Guevara,Ocupación,ciclista
Geovany Guevara,Ciudadanía,El Salvador
Geovany Guevara,Fecha de nacimiento,2000-01-01
Jon Cortina,Lugar de nacimiento,Bilbao
Jon Cortina,Ocupación,ingeniero
Jon Cortina,Ciudadanía,España
Jon Cortina,Educado en,Universidad Politécnica de Madrid
Jon Cortina,Fecha de nacimiento,1934-12-08
Jon Cortina,Fecha de defunción,2005-11-12
Jon Cortina,Ocupación,misionero
Jon Cortina,Ocupación,sacerdote católico
Jon Cortina,Ocupación,profesor universitario
Jon Cortina,Ciudadanía,El Salvador
Roberto d'Aubuisson,Lugar de nacimiento,Santa Tecla
Roberto d'Aubuisson,Ocupación,político
Roberto d'Aubuisson,Ciudadanía,El Salvador
Roberto d'Aubuisson,Educado en,Instituto del Hemisferio Occidental para la Cooperación en Seguridad
Roberto d'Aubuisson,Cargo,presidente
Roberto d'Aubuisson,Fecha de nacimiento,1944-08-23
Roberto d'Aubuisson,Fecha de defunción,1992-02-20
Roberto d'Aubuisson,Educado en,"Fu Hsing Kang College, National Defense University"
Max Keiser,Lugar de nacimiento,New Rochelle
Max Keiser,Ocupación,reportero
Max Keiser,Ciudadanía,Estados Unidos
Max Keiser,Educado en,New York University Tisch School of the Arts
Max Keiser,Fecha de nacimiento,1960-01-23
Max Keiser,Ocupación,banquero
Max Keiser,Ocupación,periodista
Max Keiser,Ocupación,productor de cine
Max Keiser,Ocupación,agente de bolsa
Max Keiser,Ciudadanía,El Salvador
José María Silva,Lugar de nacimiento,San Miguel
José María Silva,Ocupación,político
José María Silva,Ciudadanía,El Salvador
José María Silva,Educado en,Universidad de San Carlos de Guatemala
José María Silva,Cargo,jefe supremo del Estado de El Salvador
José María Silva,Fecha de nacimiento,1804-01-01
José María Silva,Fecha de defunción,1876-10-16
Carlos Enrique Ávalos,Lugar de nacimiento,Santa Ana
Carlos Enrique Ávalos,Ocupación,ciclista
Carlos Enrique Ávalos,Ciudadanía,El Salvador
Carlos Enrique Ávalos,Fecha de nacimiento,1982-02-28
Carlos Salazar Castro,Lugar de nacimiento,San Salvador
Carlos Salazar Castro,Ocupación,estadista
Carlos Salazar Castro,Ciudadanía,El Salvador
Carlos Salazar Castro,Educado en,Universidad de San Carlos de Guatemala
Carlos Salazar Castro,Cargo,jefe supremo del Estado de Guatemala
Carlos Salazar Castro,Fecha de nacimiento,1800-01-01
Carlos Salazar Castro,Fecha de defunción,1867-07-23
Carlos Salazar Castro,Cargo,jefe supremo del Estado de El Salvador
Claudia Hernández,Lugar de nacimiento,San Salvador
Claudia Hernández,Ocupación,escritor
Claudia Hernández,Ciudadanía,El Salvador
Claudia Hernández,Premio recibido,Premio Anna Seghers
Claudia Hernández,Fecha de nacimiento,1975-01-01
Claudia Hernández,Premio recibido,Premio Juan Rulfo
Juan Zumba,Ocupación,Árbitro asistente
Juan Zumba,Ciudadanía,El Salvador
Juan Zumba,Fecha de nacimiento,1982-09-19
Juan Zumba,Ocupación,árbitro de fútbol
Constantino Barrera Morales,Ocupación,sacerdote católico
Constantino Barrera Morales,Ciudadanía,El Salvador
Constantino Barrera Morales,Cargo,obispo diocesano
Constantino Barrera Morales,Fecha de nacimiento,1963-12-18
Constantino Barrera Morales,Ocupación,obispo católico
Sociedad,país,El Salvador
Sociedad,instancia de,distrito de El Salvador
Sociedad,situado en la entidad territorial administrativa,Morazán Sur
Sociedad,se encuentra en el huso horario,UTC−6
El Paisnal,país,El Salvador
El Paisnal,instancia de,entidad territorial administrativa
El Paisnal,instancia de,distrito de El Salvador
El Paisnal,situado en la entidad territorial administrativa,San Salvador Norte
El Paisnal,se encuentra en el huso horario,UTC−6
guerrillero,instancia de,ocupación
guerrillero,subclase de,rango militar
guerrillero,subclase de,militante de la resistencia
Orden pro Merito Melitensi,país,Soberana Orden Militar y Hospitalaria de San Juan de Jerusalén de Rodas y de Malta
Orden pro Merito Melitensi,instancia de,orden
Orden pro Merito Melitensi,compuesto por,Caballero de la Orden pro Merito Melitensi
Sensuntepeque,país,El Salvador
Sensuntepeque,instancia de,ciudad
Sensuntepeque,instancia de,distrito de El Salvador
Sensuntepeque,situado en la entidad territorial administrativa,Cabañas Este
Sensuntepeque,se encuentra en el huso horario,UTC−6
Gobierno de El Salvador,país,El Salvador
Gobierno de El Salvador,instancia de,Gobierno
Gobierno de El Salvador,ubicación de la sede,San Salvador
Gobierno de El Salvador,escudo de armas,escudo de El Salvador
Gobierno de El Salvador,compuesto por,Asamblea Legislativa de El Salvador
matrona,instancia de,profesión sanitaria
matrona,instancia de,ocupación
matrona,ámbito de la ocupación,matronería
Ozatlán,país,El Salvador
Ozatlán,instancia de,distrito de El Salvador
Ozatlán,situado en la entidad territorial administrativa,Usulután Este
Ozatlán,se encuentra en el huso horario,UTC−6
marchador atlético,instancia de,profesión
marchador atlético,subclase de,peatón
marchador atlético,subclase de,atleta
marchador atlético,ámbito de la ocupación,marcha atlética
marchador atlético,ámbito de la ocupación,20 kilómetros marcha
Bilbao,jefe de gobierno,Juan María Aburto
Bilbao,país,España
Bilbao,continente,Europa
Bilbao,instancia de,municipio de España
Bilbao,capital,Ciudad de Bilbao
Universidad Politécnica de Madrid,país,España
Universidad Politécnica de Madrid,instancia de,organización
Universidad Politécnica de Madrid,instancia de,universidad pública
Universidad Politécnica de Madrid,instancia de,editor de acceso abierto
Universidad Politécnica de Madrid,situado en la entidad territorial administrativa,Madrid
presidente,instancia de,cargo
presidente,subclase de,líder de una organización
presidente,se dice que es lo mismo que,líder
presidente,se dice que es lo mismo que,presidente
New Rochelle,país,Estados Unidos
New Rochelle,instancia de,ciudad de Estados Unidos
New Rochelle,comparte fronteras con,Larchmont
reportero,instancia de,profesión
reportero,instancia de,cargo
reportero,subclase de,periodista
reportero,ámbito de la ocupación,periodismo
reportero,categoría principal del tema,Categoría:Corresponsales y enviados especiales
New York University Tisch School of the Arts,país,Estados Unidos
New York University Tisch School of the Arts,instancia de,organización
New York University Tisch School of the Arts,instancia de,facultad universitaria
New York University Tisch School of the Arts,instancia de,escuela de cine
New York University Tisch School of the Arts,instancia de,escuela de artes escénicas
estadista,instancia de,ocupación
estadista,subclase de,político
estadista,subclase de,funcionario
estadista,ámbito de la ocupación,Estadismo
estadista,categoría principal del tema,Categoría:Estadistas
jefe supremo del Estado de Guatemala,país,República Federal de Centroamérica
jefe supremo del Estado de Guatemala,instancia de,posición militar
jefe supremo del Estado de Guatemala,subclase de,jefe supremo
jefe supremo del Estado de Guatemala,aplica a la jurisdicción,Estado de Guatemala
jefe supremo del Estado de Guatemala,titular del cargo,José Francisco Barrundia y Cepeda
Premio Anna Seghers,país,Alemania
Premio Anna Seghers,país,República Democrática Alemana
Premio Anna Seghers,instancia de,premio literario
Premio Anna Seghers,nombrado en referencia a,Anna Seghers
Árbitro asistente,instancia de,profesión
Árbitro asistente,precedido por,regla 5 del fútbol: El árbitro
Árbitro asistente,sucedido por,regla 7 del fútbol: Duración del partido
Árbitro asistente,subclase de,árbitro
Árbitro asistente,subclase de,oficial del partido
obispo diocesano,instancia de,cargo eclesiástico
obispo diocesano,instancia de,función episcopal
obispo diocesano,subclase de,obispo
obispo diocesano,subclase de,pastor
obispo diocesano,subclase de,ordinario
Raúl Alfredo Magaña,Lugar de nacimiento,Santa Ana
Raúl Alfredo Magaña,Ocupación,entrenador
Raúl Alfredo Magaña,Ciudadanía,El Salvador
Raúl Alfredo Magaña,Fecha de nacimiento,1940-02-24
Raúl Alfredo Magaña,Fecha de defunción,2009-09-30
Raúl Alfredo Magaña,Ocupación,futbolista
Maria Ortega,Ocupación,árbitro de fútbol
Maria Ortega,Ciudadanía,El Salvador
Maria Ortega,Fecha de nacimiento,1970-11-08
Héctor Dada Hirezi,Lugar de nacimiento,San Salvador
Héctor Dada Hirezi,Ocupación,político
Héctor Dada Hirezi,Ciudadanía,El Salvador
Héctor Dada Hirezi,Cargo,Ministro de Relaciones Exteriores de El Salvador
Héctor Dada Hirezi,Fecha de nacimiento,1938-04-12
Reina Pacheco,Ocupación,árbitro de fútbol
Reina Pacheco,Ciudadanía,El Salvador
Reina Pacheco,Fecha de nacimiento,1973-01-01
Edgardo Carlos Suárez Mallagray,Ocupación,político
Edgardo Carlos Suárez Mallagray,Ciudadanía,El Salvador
Edgardo Carlos Suárez Mallagray,Cargo,embajador
Edgardo Carlos Suárez Mallagray,Premio recibido,Gran Cruz de la Orden de Isabel la Católica
Edgardo Carlos Suárez Mallagray,Fecha de nacimiento,1968-01-01
Edgardo Carlos Suárez Mallagray,Ocupación,diplomático
Fermán Cienfuegos,Lugar de nacimiento,San José
Fermán Cienfuegos,Ocupación,político
Fermán Cienfuegos,Ciudadanía,El Salvador
Fermán Cienfuegos,Fecha de nacimiento,1947-03-06
Eduardo Alas Alfaro,Ocupación,sacerdote católico
Eduardo Alas Alfaro,Ciudadanía,El Salvador
Eduardo Alas Alfaro,Cargo,obispo diocesano
Eduardo Alas Alfaro,Fecha de nacimiento,1930-07-02
Eduardo Alas Alfaro,Fecha de defunción,2020-02-27
Eduardo Alas Alfaro,Ocupación,obispo católico
María Eugenia Brizuela de Ávila,Lugar de nacimiento,San Salvador
María Eugenia Brizuela de Ávila,Ocupación,abogado
María Eugenia Brizuela de Ávila,Ciudadanía,El Salvador
María Eugenia Brizuela de Ávila,Educado en,Sorbonne Universidad de París
María Eugenia Brizuela de Ávila,Cargo,Ministro de Relaciones Exteriores de El Salvador
María Eugenia Brizuela de Ávila,Premio recibido,Gran Cruz de la Orden de Isabel la Católica
María Eugenia Brizuela de Ávila,Fecha de nacimiento,1956-10-31
María Eugenia Brizuela de Ávila,Premio recibido,Medalla de la República Oriental del Uruguay
María Eugenia Brizuela de Ávila,Educado en,Universidad de Ginebra
Ignacio Ellacuría,Lugar de nacimiento,Portugalete
Ignacio Ellacuría,Ocupación,escritor
Ignacio Ellacuría,Ciudadanía,España
Ignacio Ellacuría,Educado en,Universidad Complutense de Madrid
Ignacio Ellacuría,Empleador,Universidad Centroamericana José Simeón Cañas
Ignacio Ellacuría,Cargo,rector
Ignacio Ellacuría,Fecha de nacimiento,1930-09-09
Ignacio Ellacuría,Fecha de defunción,1989-09-16
Ignacio Ellacuría,Ocupación,misionero
Ignacio Ellacuría,Ocupación,sacerdote católico
Ignacio Ellacuría,Ocupación,teólogo
Ignacio Ellacuría,Ocupación,profesor universitario
Ignacio Ellacuría,Ocupación,filósofo
Ignacio Ellacuría,Fecha de nacimiento,1930-11-09
Ignacio Ellacuría,Fecha de defunción,1989-11-16
Ignacio Ellacuría,Ciudadanía,El Salvador
Elías Samuel Bolaños Avelar,Ocupación,sacerdote católico
Elías Samuel Bolaños Avelar,Ciudadanía,El Salvador
Elías Samuel Bolaños Avelar,Cargo,obispo diocesano
Elías Samuel Bolaños Avelar,Fecha de nacimiento,1951-02-16
Elías Samuel Bolaños Avelar,Ocupación,obispo católico
Dionisio de Herrera,Lugar de nacimiento,Choluteca
Dionisio de Herrera,Ocupación,abogado
Dionisio de Herrera,Ciudadanía,El Salvador
Dionisio de Herrera,Educado en,Universidad de San Carlos de Guatemala
Dionisio de Herrera,Cargo,Presidente de Nicaragua
Dionisio de Herrera,Fecha de nacimiento,1781-10-09
Dionisio de Herrera,Fecha de defunción,1850-06-13
Dionisio de Herrera,Ocupación,político
Dionisio de Herrera,Ciudadanía,República Federal de Centroamérica
Alfredo Alberto Pacheco,Lugar de nacimiento,Santa Ana
Alfredo Alberto Pacheco,Ocupación,futbolista
Alfredo Alberto Pacheco,Ciudadanía,El Salvador
Alfredo Alberto Pacheco,Fecha de nacimiento,1982-12-01
Alfredo Alberto Pacheco,Fecha de defunción,2015-12-27
Salvador Cayetano Carpio,Lugar de nacimiento,Santa Tecla
Salvador Cayetano Carpio,Ocupación,político
Salvador Cayetano Carpio,Ciudadanía,El Salvador
Salvador Cayetano Carpio,Fecha de nacimiento,1918-08-06
Salvador Cayetano Carpio,Fecha de defunción,1983-04-12
Fabio Reynaldo Colindres Abarca,Lugar de nacimiento,Ilobasco
Fabio Reynaldo Colindres Abarca,Ocupación,sacerdote católico
Fabio Reynaldo Colindres Abarca,Ciudadanía,El Salvador
Fabio Reynaldo Colindres Abarca,Educado en,Pontificia Universidad Gregoriana
Fabio Reynaldo Colindres Abarca,Cargo,obispo diocesano
Fabio Reynaldo Colindres Abarca,Fecha de nacimiento,1961-06-20
Fabio Reynaldo Colindres Abarca,Ocupación,obispo católico
Fabio Reynaldo Colindres Abarca,Cargo,administrador apostólico
Farid Handal,Ocupación,político
Farid Handal,Ciudadanía,El Salvador
Farid Handal,Fecha de nacimiento,1936-01-01
Farid Handal,Fecha de defunción,1994-01-01
Feliciano Ama,Lugar de nacimiento,Izalco
Feliciano Ama,Ocupación,político
Feliciano Ama,Ciudadanía,El Salvador
Feliciano Ama,Fecha de nacimiento,1881-01-01
Feliciano Ama,Fecha de defunción,1932-01-28
Feliciano Ama,Ocupación,agricultor
Rodolfo Parker,Lugar de nacimiento,San Salvador
Rodolfo Parker,Ocupación,abogado
Rodolfo Parker,Ciudadanía,El Salvador
Rodolfo Parker,Cargo,secretario general
Rodolfo Parker,Fecha de nacimiento,1957-11-01
Rodolfo Parker,Ocupación,político
Manuel José de Arce y Fagoaga,Lugar de nacimiento,San Salvador
Manuel José de Arce y Fagoaga,Ocupación,político
Manuel José de Arce y Fagoaga,Ciudadanía,El Salvador
Manuel José de Arce y Fagoaga,Educado en,Universidad de San Carlos de Guatemala
Manuel José de Arce y Fagoaga,Cargo,presidente electo
Manuel José de Arce y Fagoaga,Fecha de nacimiento,1787-01-01
Manuel José de Arce y Fagoaga,Fecha de defunción,1847-12-14
Manuel José de Arce y Fagoaga,Ciudadanía,Imperio Español
Manuel José de Arce y Fagoaga,Ciudadanía,República Federal de Centroamérica
Manuel José de Arce y Fagoaga,Ciudadanía,Provincias Unidas del Centro de América
Manuel José de Arce y Fagoaga,Cargo,presidente de la República Federal de Centro América
Francisco de León,Ocupación,ciclista
Francisco de León,Ciudadanía,El Salvador
Francisco de León,Fecha de nacimiento,2000-01-01
Julio Adolfo Rey Prendes,Lugar de nacimiento,Santa Ana
Julio Adolfo Rey Prendes,Ocupación,político
Julio Adolfo Rey Prendes,Ciudadanía,El Salvador
Julio Adolfo Rey Prendes,Fecha de nacimiento,1932-10-05
Julio Adolfo Rey Prendes,Fecha de defunción,2010-09-27
San José,jefe de gobierno,Diego Miranda Méndez
San José,país,Costa Rica
San José,instancia de,ciudad
San José,instancia de,entidad territorial administrativa
San José,instancia de,gran ciudad
Portugalete,país,España
Portugalete,continente,Europa
Portugalete,instancia de,ciudad
Portugalete,instancia de,municipio de España
Universidad Complutense de Madrid,país,España
Universidad Complutense de Madrid,instancia de,universidad pública
Universidad Complutense de Madrid,situado en la entidad territorial administrativa,Madrid
Universidad Complutense de Madrid,ubicación de la sede,Rectorado de la UCM
Universidad Complutense de Madrid,filial,Centro Universitario Villanueva
Choluteca,país,Honduras
Choluteca,instancia de,gran ciudad
Choluteca,instancia de,municipio de Honduras
Choluteca,situado en la entidad territorial administrativa,Departamento de Choluteca
Choluteca,situado cerca del cuerpo de agua,Río Choluteca
Presidente de Nicaragua,país,Nicaragua
Presidente de Nicaragua,instancia de,cargo público
Presidente de Nicaragua,subclase de,presidente
Presidente de Nicaragua,subclase de,jefe del Gobierno
secretario general,instancia de,cargo
secretario general,instancia de,ocupación
secretario general,instancia de,grupo de ocupaciones de la CIUO
secretario general,subclase de,presidente
presidente electo,instancia de,cargo
presidente electo,sucedido por,presidente
presidente electo,diferente de,vicepresidente electo
Vladimir Fernández Alfaro,Ocupación,árbitro de fútbol
Vladimir Fernández Alfaro,Ciudadanía,El Salvador
Vladimir Fernández Alfaro,Fecha de nacimiento,1961-04-19
José Elías Rauda Gutiérrez,Ocupación,sacerdote católico
José Elías Rauda Gutiérrez,Ciudadanía,El Salvador
José Elías Rauda Gutiérrez,Cargo,obispo auxiliar
José Elías Rauda Gutiérrez,Fecha de nacimiento,1962-07-20
José Elías Rauda Gutiérrez,Ocupación,obispo católico
José Elías Rauda Gutiérrez,Cargo,obispo titular
José Elías Rauda Gutiérrez,Cargo,obispo diocesano
Miguel Ángel Morán Aquino,Lugar de nacimiento,Santa Ana
Miguel Ángel Morán Aquino,Ocupación,sacerdote católico
Miguel Ángel Morán Aquino,Ciudadanía,El Salvador
Miguel Ángel Morán Aquino,Educado en,Universidad Católica de El Salvador
Miguel Ángel Morán Aquino,Cargo,obispo diocesano
Miguel Ángel Morán Aquino,Fecha de nacimiento,1955-05-25
Miguel Ángel Morán Aquino,Ocupación,obispo católico
Gregorio Rosa Chávez,Lugar de nacimiento,Sociedad
Gregorio Rosa Chávez,Ocupación,sacerdote católico
Gregorio Rosa Chávez,Ciudadanía,El Salvador
Gregorio Rosa Chávez,Educado en,Universidad Católica de Lovaina
Gregorio Rosa Chávez,Cargo,cardenal
Gregorio Rosa Chávez,Premio recibido,Premio de la Paz de Hesse
Gregorio Rosa Chávez,Fecha de nacimiento,1942-09-03
Gregorio Rosa Chávez,Ocupación,obispo católico
Gregorio Rosa Chávez,Ocupación,teólogo
Gregorio Rosa Chávez,Cargo,obispo auxiliar
Gregorio Rosa Chávez,Cargo,obispo titular de Mulli
Mario Contreras Contreras,Lugar de nacimiento,Santa Ana
Mario Contreras Contreras,Ocupación,ciclista
Mario Contreras Contreras,Ciudadanía,El Salvador
Mario Contreras Contreras,Fecha de nacimiento,1987-05-22
Hugo Martínez,Lugar de nacimiento,Polorós
Hugo Martínez,Ocupación,ingeniero
Hugo Martínez,Ciudadanía,El Salvador
Hugo Martínez,Educado en,Universidad de Toulouse
Hugo Martínez,Cargo,Diputado
Hugo Martínez,Fecha de nacimiento,1968-01-02
Hugo Martínez,Ocupación,político
Hugo Martínez,Educado en,Universidad de El Salvador
Hugo Martínez,Cargo,Ministro de Relaciones Exteriores de El Salvador
Julio Enrique Martínez,Lugar de nacimiento,Coatepeque
Julio Enrique Martínez,Ocupación,futbolista
Julio Enrique Martínez,Ciudadanía,El Salvador
Julio Enrique Martínez,Fecha de nacimiento,1985-07-08
Eliseo Quintanilla Ortiz,Lugar de nacimiento,La Libertad
Eliseo Quintanilla Ortiz,Ocupación,futbolista
Eliseo Quintanilla Ortiz,Ciudadanía,El Salvador
Eliseo Quintanilla Ortiz,Fecha de nacimiento,1983-02-05
López Sibrián,Ocupación,militar
López Sibrián,Ciudadanía,El Salvador
López Sibrián,Fecha de nacimiento,1955-01-01
Rafael Arévalo,Lugar de nacimiento,Sonsonate
Rafael Arévalo,Ocupación,tenista
Rafael Arévalo,Ciudadanía,El Salvador
Rafael Arévalo,Fecha de nacimiento,1986-07-04
Joaquín Escolán y Balibrera,Lugar de nacimiento,San Salvador
Joaquín Escolán y Balibrera,Ocupación,político
Joaquín Escolán y Balibrera,Ciudadanía,El Salvador
Joaquín Escolán y Balibrera,Cargo,jefe supremo del Estado de El Salvador
Joaquín Escolán y Balibrera,Fecha de nacimiento,1810-01-01
Joaquín Escolán y Balibrera,Fecha de defunción,1899-01-01
Joaquín de San Martín y Ulloa,Lugar de nacimiento,Departamento de Comayagua
Joaquín de San Martín y Ulloa,Ocupación,político
Joaquín de San Martín y Ulloa,Ciudadanía,El Salvador
Joaquín de San Martín y Ulloa,Cargo,jefe supremo del Estado de El Salvador
Joaquín de San Martín y Ulloa,Fecha de nacimiento,1770-01-01
Joaquín de San Martín y Ulloa,Fecha de defunción,1854-11-29
Jorge Arias Gómez,Lugar de nacimiento,Sonsonate
Jorge Arias Gómez,Ocupación,escritor
Jorge Arias Gómez,Ciudadanía,El Salvador
Jorge Arias Gómez,Fecha de nacimiento,1923-11-11
Jorge Arias Gómez,Fecha de defunción,2002-06-23
Jorge Arias Gómez,Ocupación,abogado
Jorge Meléndez,Ocupación,político
Jorge Meléndez,Ciudadanía,El Salvador
Jorge Meléndez,Fecha de nacimiento,1953-12-15
Álvaro Misael Alfaro,Lugar de nacimiento,Santa Tecla
Álvaro Misael Alfaro,Ocupación,futbolista
Álvaro Misael Alfaro,Ciudadanía,El Salvador
Álvaro Misael Alfaro,Fecha de nacimiento,1971-01-06
José Adolfo Mojica Morales,Lugar de nacimiento,Tonacatepeque
José Adolfo Mojica Morales,Ocupación,sacerdote católico
José Adolfo Mojica Morales,Ciudadanía,El Salvador
José Adolfo Mojica Morales,Cargo,obispo diocesano
José Adolfo Mojica Morales,Fecha de nacimiento,1936-09-26
José Adolfo Mojica Morales,Fecha de defunción,2012-03-02
José Adolfo Mojica Morales,Ocupación,obispo católico
José Damián Villacorta,Lugar de nacimiento,Zacatecoluca
José Damián Villacorta,Ocupación,abogado
José Damián Villacorta,Ciudadanía,El Salvador
José Damián Villacorta,Educado en,Universidad de San Carlos de Guatemala
José Damián Villacorta,Cargo,jefe supremo del Estado de El Salvador
José Damián Villacorta,Fecha de nacimiento,1796-01-01
José Damián Villacorta,Fecha de defunción,1860-06-11
José Damián Villacorta,Ocupación,político
José Escolástico Andrino,Lugar de nacimiento,Ciudad de Guatemala
José Escolástico Andrino,Ocupación,compositor
José Escolástico Andrino,Ciudadanía,Guatemala
José Escolástico Andrino,Cargo,Alcalde de San Salvador
José Escolástico Andrino,Fecha de nacimiento,1817-01-01
José Escolástico Andrino,Fecha de defunción,1862-07-14
José Escolástico Andrino,Ocupación,político
José Escolástico Andrino,Ocupación,profesor de música
José Escolástico Andrino,Ciudadanía,El Salvador
José Escolástico Andrino,Cargo,gobernador del Departamento de San Salvador
Jorge de Viteri y Ungo,Lugar de nacimiento,San Salvador
Jorge de Viteri y Ungo,Ocupación,sacerdote católico
Jorge de Viteri y Ungo,Ciudadanía,El Salvador
Jorge de Viteri y Ungo,Cargo,obispo de San Salvador
Jorge de Viteri y Ungo,Fecha de nacimiento,1801-04-23
Jorge de Viteri y Ungo,Fecha de defunción,1853-07-25
Jorge de Viteri y Ungo,Ocupación,obispo católico
Jorge de Viteri y Ungo,Cargo,obispo de Nicaragua
José María Cornejo,Lugar de nacimiento,San Vicente
José María Cornejo,Ocupación,político
José María Cornejo,Ciudadanía,El Salvador
José María Cornejo,Cargo,jefe supremo del Estado de El Salvador
José María Cornejo,Fecha de nacimiento,1788-11-10
José María Cornejo,Fecha de defunción,1864-11-24
José María Cornejo,Ciudadanía,Imperio Español
José María Cornejo,Ciudadanía,República Federal de Centroamérica
José María Cornejo,Ciudadanía,Provincias Unidas del Centro de América
Universidad Católica de El Salvador,país,El Salvador
Universidad Católica de El Salvador,instancia de,universidad
Universidad Católica de El Salvador,situado en la entidad territorial administrativa,Santa Ana
Universidad Católica de Lovaina,país,Bélgica
Universidad Católica de Lovaina,idioma usado,francés
Universidad Católica de Lovaina,categoría para las personas que estudiaron en esta institución,Categoría:Alumnado de la Universidad Católica de Lovaina
Universidad Católica de Lovaina,instancia de,organización
Polorós,país,El Salvador
Polorós,instancia de,distrito de El Salvador
Polorós,situado en la entidad territorial administrativa,La Unión Norte
Polorós,se encuentra en el huso horario,UTC−6
Universidad de Toulouse,país,Francia
Universidad de Toulouse,instancia de,universidad en Francia
Universidad de Toulouse,fundador,Raimundo VII de Tolosa
Universidad de Toulouse,situado en la entidad territorial administrativa,Toulouse
Diputado,país,El Salvador
Diputado,instancia de,cargo
Diputado,subclase de,parlamentario
Diputado,subclase de,diputado
Diputado,forma parte de,Asamblea Legislativa de El Salvador
Coatepeque,país,El Salvador
Coatepeque,instancia de,entidad territorial administrativa
Coatepeque,instancia de,asentamiento
Coatepeque,instancia de,distrito de El Salvador
Coatepeque,situado en la entidad territorial administrativa,Santa Ana Este
tenista,instancia de,profesión
tenista,subclase de,deportista
tenista,subclase de,jugador competitivo
tenista,ámbito de la ocupación,tenis
tenista,ámbito de la ocupación,tenis femenino
Departamento de Comayagua,país,Honduras
Departamento de Comayagua,instancia de,departamento de Honduras
Departamento de Comayagua,capital,Comayagua
Departamento de Comayagua,comparte fronteras con,Departamento de Intibucá
Departamento de Comayagua,comparte fronteras con,Departamento de Santa Bárbara
Tonacatepeque,país,El Salvador
Tonacatepeque,instancia de,entidad territorial administrativa
Tonacatepeque,instancia de,distrito de El Salvador
Tonacatepeque,situado en la entidad territorial administrativa,San Salvador Este
Tonacatepeque,se encuentra en el huso horario,UTC−6
Ciudad de Guatemala,jefe de gobierno,Ricardo Quiñónez Lemus
Ciudad de Guatemala,país,Guatemala
Ciudad de Guatemala,continente,América del Norte
Ciudad de Guatemala,instancia de,ciudad
Ciudad de Guatemala,instancia de,asentamiento
Alcalde de San Salvador,país,El Salvador
Alcalde de San Salvador,instancia de,cargo
Alcalde de San Salvador,subclase de,Alcalde Municipal
Alcalde de San Salvador,aplica a la jurisdicción,San Salvador
Alcalde de San Salvador,organización dirigida desde este cargo,Alcaldía Municipal de San Salvador
obispo de San Salvador,instancia de,cargo episcopal histórico
obispo de San Salvador,subclase de,obispo diocesano
obispo de San Salvador,subclase de,ordinario
obispo de San Salvador,subclase de,obispo sufragáneo
obispo de San Salvador,subclase de,obispo católico latino
José Matías Delgado,Lugar de nacimiento,San Salvador
José Matías Delgado,Ocupación,político
José Matías Delgado,Ciudadanía,España
José Matías Delgado,Educado en,Universidad de San Carlos de Guatemala
José Matías Delgado,Fecha de nacimiento,1767-02-24
José Matías Delgado,Fecha de defunción,1832-11-12
José Matías Delgado,Ciudadanía,El Salvador
José Oscar Barahona Castillo,Ocupación,sacerdote católico
José Oscar Barahona Castillo,Ciudadanía,El Salvador
José Oscar Barahona Castillo,Cargo,obispo auxiliar
José Oscar Barahona Castillo,Fecha de nacimiento,1938-11-29
José Oscar Barahona Castillo,Fecha de defunción,2016-10-22
José Oscar Barahona Castillo,Ocupación,obispo católico
José Oscar Barahona Castillo,Cargo,obispo titular
José Oscar Barahona Castillo,Cargo,obispo diocesano
Juan Enrique Avila,Lugar de nacimiento,San Miguel
Juan Enrique Avila,Ocupación,escritor
Juan Enrique Avila,Ciudadanía,El Salvador
Juan Enrique Avila,Cargo,Ministro de Relaciones Exteriores de El Salvador
Juan Enrique Avila,Fecha de nacimiento,1892-08-04
Juan Enrique Avila,Fecha de defunción,1968-01-01
Deris Umanzor,Lugar de nacimiento,Santa Rosa de Lima
Deris Umanzor,Ocupación,futbolista
Deris Umanzor,Ciudadanía,El Salvador
Deris Umanzor,Fecha de nacimiento,1980-01-07
Miguel Ángel Castillo,Lugar de nacimiento,San Salvador
Miguel Ángel Castillo,Ocupación,político
Miguel Ángel Castillo,Ciudadanía,El Salvador
Miguel Ángel Castillo,Fecha de nacimiento,1915-09-29
Miguel Ángel Castillo,Fecha de defunción,1967-12-28
Miguel Mármol,Lugar de nacimiento,Ilopango
Miguel Mármol,Ocupación,político
Miguel Mármol,Ciudadanía,El Salvador
Miguel Mármol,Fecha de nacimiento,1905-07-04
Miguel Mármol,Fecha de defunción,1993-06-25
Miguel Mármol,Ocupación,sindicalista
Nicolás Espinoza,Lugar de nacimiento,Departamento de Cuscatlán
Nicolás Espinoza,Ocupación,político
Nicolás Espinoza,Ciudadanía,El Salvador
Nicolás Espinoza,Cargo,jefe supremo del Estado de El Salvador
Nicolás Espinoza,Fecha de nacimiento,1795-11-01
Nicolás Espinoza,Fecha de defunción,1845-03-01
José Luis Rugamas,Lugar de nacimiento,San Salvador
José Luis Rugamas,Ocupación,futbolista
José Luis Rugamas,Ciudadanía,El Salvador
José Luis Rugamas,Fecha de nacimiento,1953-06-05
Ever Hernández,Lugar de nacimiento,Santiago de María
Ever Hernández,Ocupación,futbolista
Ever Hernández,Ciudadanía,El Salvador
Ever Hernández,Fecha de nacimiento,1958-12-11
Omar Benítez,Ocupación,ciclista
Omar Benítez,Ciudadanía,El Salvador
Omar Benítez,Fecha de nacimiento,2000-01-01
Raúl Díaz Arce,Lugar de nacimiento,San Miguel
Raúl Díaz Arce,Ocupación,entrenador
Raúl Díaz Arce,Ciudadanía,El Salvador
Raúl Díaz Arce,Fecha de nacimiento,1970-02-01
Raúl Díaz Arce,Ocupación,futbolista
Mario Monge,Lugar de nacimiento,San Salvador
Mario Monge,Ocupación,entrenador
Mario Monge,Ciudadanía,El Salvador
Mario Monge,Fecha de nacimiento,1938-11-27
Mario Monge,Ocupación,futbolista
Pedro José Arce y Fagoaga,Lugar de nacimiento,San Salvador
Pedro José Arce y Fagoaga,Ocupación,político
Pedro José Arce y Fagoaga,Ciudadanía,El Salvador
Pedro José Arce y Fagoaga,Cargo,Alcalde mayor de Sonsonate
Pedro José Arce y Fagoaga,Fecha de nacimiento,1800-01-01
Pedro José Arce y Fagoaga,Fecha de defunción,1871-04-03
Dennis Alas,Lugar de nacimiento,San Salvador
Dennis Alas,Ocupación,futbolista
Dennis Alas,Ciudadanía,El Salvador
Dennis Alas,Fecha de nacimiento,1985-01-10
Carlos Figueroa,Lugar de nacimiento,San Salvador
Carlos Figueroa,Ocupación,yudoca
Carlos Figueroa,Ciudadanía,El Salvador
Carlos Figueroa,Fecha de nacimiento,1985-03-27
Rafael Barroeta y Castilla,Lugar de nacimiento,San Miguel
Rafael Barroeta y Castilla,Ocupación,abogado
Rafael Barroeta y Castilla,Ciudadanía,El Salvador
Rafael Barroeta y Castilla,Fecha de nacimiento,1766-10-05
Rafael Barroeta y Castilla,Fecha de defunción,1826-08-13
Rafael Barroeta y Castilla,Ocupación,político
Rafael Barroeta y Castilla,Ciudadanía,Costa Rica
Reynaldo Murillo,Ocupación,ciclista
Reynaldo Murillo,Ciudadanía,El Salvador
Reynaldo Murillo,Fecha de nacimiento,2000-01-01
Rodrigo Orlando Cabrera Cuéllar,Lugar de nacimiento,Teotepeque
Rodrigo Orlando Cabrera Cuéllar,Ocupación,sacerdote católico
Rodrigo Orlando Cabrera Cuéllar,Ciudadanía,El Salvador
Rodrigo Orlando Cabrera Cuéllar,Cargo,obispo de Santiago de María
Rodrigo Orlando Cabrera Cuéllar,Fecha de nacimiento,1938-03-14
Rodrigo Orlando Cabrera Cuéllar,Fecha de defunción,2022-06-14
Rodrigo Orlando Cabrera Cuéllar,Ocupación,obispo católico
Romeo Tovar Astorga,Ocupación,sacerdote católico
Romeo Tovar Astorga,Ciudadanía,El Salvador
Romeo Tovar Astorga,Cargo,obispo diocesano
Romeo Tovar Astorga,Fecha de nacimiento,1940-03-05
Romeo Tovar Astorga,Ocupación,obispo católico
Ronnie Aguilar,Lugar de nacimiento,Los Ángeles
Ronnie Aguilar,Ocupación,baloncestista
Ronnie Aguilar,Ciudadanía,Estados Unidos
Ronnie Aguilar,Educado en,Universidad Estatal de California
Ronnie Aguilar,Fecha de nacimiento,1987-06-24
Ronnie Aguilar,Ciudadanía,El Salvador
Ronnie Aguilar,Educado en,Universidad Estatal de Colorado
Santa Rosa de Lima,país,El Salvador
Santa Rosa de Lima,instancia de,distrito de El Salvador
Santa Rosa de Lima,situado en la entidad territorial administrativa,La Unión Norte
Santa Rosa de Lima,se encuentra en el huso horario,UTC−6
Santa Rosa de Lima,capital de,La Unión Norte
Ilopango,país,El Salvador
Ilopango,instancia de,entidad territorial administrativa
Ilopango,instancia de,distrito de El Salvador
Ilopango,situado en la entidad territorial administrativa,San Salvador Este
Ilopango,situado cerca del cuerpo de agua,Lago de Ilopango
Alcalde mayor de Sonsonate,país,Imperio Español
Alcalde mayor de Sonsonate,instancia de,jefe del Gobierno
Alcalde mayor de Sonsonate,instancia de,alcalde mayor
Alcalde mayor de Sonsonate,subclase de,alcalde mayor
Alcalde mayor de Sonsonate,categoría principal del tema,Categoría:Alcaldes mayores de Sonsonate
obispo de Santiago de María,instancia de,cargo
obispo de Santiago de María,subclase de,obispo diocesano
obispo de Santiago de María,subclase de,ordinario
obispo de Santiago de María,subclase de,obispo católico latino
baloncestista,instancia de,profesión
baloncestista,subclase de,deportista
baloncestista,subclase de,jugador competitivo
baloncestista,forma parte de,club de baloncesto
baloncestista,ámbito de la ocupación,baloncesto
Universidad Estatal de California,calendario académico,semestre
Universidad Estatal de California,país,Estados Unidos
Universidad Estatal de California,instancia de,universidad
Universidad Estatal de California,instancia de,institución educativa pública de los Estados Unidos
Universidad Estatal de California,situado en la entidad territorial administrativa,Carson
Gloria Salguero Gross,Lugar de nacimiento,Santa Ana
Gloria Salguero Gross,Ocupación,político
Gloria Salguero Gross,Ciudadanía,El Salvador
Gloria Salguero Gross,Fecha de nacimiento,1941-09-24
Gloria Salguero Gross,Fecha de defunción,2015-11-01
Gloria Salguero Gross,Ocupación,emprendedor
Miguel José de Castro y Lara,Ocupación,sacerdote católico
Miguel José de Castro y Lara,Ciudadanía,El Salvador
Miguel José de Castro y Lara,Fecha de nacimiento,1775-10-21
Miguel José de Castro y Lara,Fecha de defunción,1829-04-26
Miguel Tomás Murillo,Lugar de nacimiento,San Vicente
Miguel Tomás Murillo,Ocupación,escritor
Miguel Tomás Murillo,Ciudadanía,El Salvador
Miguel Tomás Murillo,Fecha de nacimiento,1959-06-06
Miguel Tomás Murillo,Ocupación,pintor
Miguel Álvarez Castro,Lugar de nacimiento,Departamento de San Miguel
Miguel Álvarez Castro,Ocupación,poeta
Miguel Álvarez Castro,Ciudadanía,México
Miguel Álvarez Castro,Fecha de nacimiento,1795-01-01
Miguel Álvarez Castro,Fecha de defunción,1855-01-01
Miguel Álvarez Castro,Ocupación,político
Miguel Álvarez Castro,Ciudadanía,El Salvador
Milena Calderón Sol de Escalón,Lugar de nacimiento,Santa Ana
Milena Calderón Sol de Escalón,Ocupación,alcalde
Milena Calderón Sol de Escalón,Ciudadanía,El Salvador
Milena Calderón Sol de Escalón,Fecha de nacimiento,1945-01-01
Morena Celarié,Lugar de nacimiento,San Salvador
Morena Celarié,Ocupación,bailarín
Morena Celarié,Ciudadanía,El Salvador
Morena Celarié,Fecha de nacimiento,1922-04-20
Morena Celarié,Fecha de defunción,1972-04-22
Ingrid González,Lugar de nacimiento,El Salvador
Ingrid González,Ocupación,tenista
Ingrid González,Ciudadanía,El Salvador
Ingrid González,Fecha de nacimiento,1971-04-13
Napoleón Rodríguez Ruiz,Lugar de nacimiento,El Salvador
Napoleón Rodríguez Ruiz,Ocupación,novelista
Napoleón Rodríguez Ruiz,Ciudadanía,El Salvador
Napoleón Rodríguez Ruiz,Fecha de nacimiento,1910-06-24
Napoleón Rodríguez Ruiz,Fecha de defunción,1987-09-03
Napoleón Viera Altamirano,Lugar de nacimiento,La Unión
Napoleón Viera Altamirano,Ocupación,periodista
Napoleón Viera Altamirano,Ciudadanía,El Salvador
Napoleón Viera Altamirano,Fecha de nacimiento,1893-06-22
Napoleón Viera Altamirano,Fecha de defunción,1977-08-08
Nora Méndez,Lugar de nacimiento,San Salvador
Nora Méndez,Ocupación,escritor
Nora Méndez,Ciudadanía,El Salvador
Nora Méndez,Educado en,Universidad de El Salvador
Nora Méndez,Fecha de nacimiento,1969-03-24
Nora Méndez,Ocupación,poeta
Orlando Mena,Lugar de nacimiento,Concepción Las Vueltas
Orlando Mena,Ocupación,político
Orlando Mena,Ciudadanía,El Salvador
Orlando Mena,Cargo,alcalde
Orlando Mena,Fecha de nacimiento,1959-03-17
Orlando Mena,Ocupación,ingeniero agrónomo
Oswaldo Escobar Velado,Lugar de nacimiento,Santa Ana
Oswaldo Escobar Velado,Ocupación,abogado
Oswaldo Escobar Velado,Ciudadanía,El Salvador
Oswaldo Escobar Velado,Fecha de nacimiento,1920-09-11
Oswaldo Escobar Velado,Fecha de defunción,1961-07-15
Oswaldo Escobar Velado,Ocupación,poeta
Otoniel Guevara,Lugar de nacimiento,Quezaltepeque
Otoniel Guevara,Ocupación,poeta
Otoniel Guevara,Ciudadanía,El Salvador
Otoniel Guevara,Fecha de nacimiento,1967-01-01
Otoniel Guevara,Ocupación,periodista
Patricia de Arzú,Lugar de nacimiento,San Salvador
Patricia de Arzú,Ocupación,político
Patricia de Arzú,Ciudadanía,El Salvador
Patricia de Arzú,Educado en,Universidad Rafael Landívar
Patricia de Arzú,Fecha de nacimiento,1953-10-03
Pedro Escalante Arce,Lugar de nacimiento,San Salvador
Pedro Escalante Arce,Ocupación,abogado
Pedro Escalante Arce,Ciudadanía,El Salvador
Pedro Escalante Arce,Educado en,Universidad de El Salvador
Pedro Escalante Arce,Miembro de,Academia Salvadoreña de la Lengua
Pedro Escalante Arce,Fecha de nacimiento,1945-06-16
Pedro Escalante Arce,Ocupación,historiador
Pedro Escalante Arce,Educado en,Externado de San José
Pedro Escalante Arce,Miembro de,Academia Salvadoreña de la Historia
Pedro Escalante Arce,Miembro de,Instituto Salvadoreño de Cultura Hispánica
Pedro Pablo Castillo,Lugar de nacimiento,Jamaica
Pedro Pablo Castillo,Ciudadanía,El Salvador
Pedro Pablo Castillo,Fecha de nacimiento,1780-07-29
Pedro Pablo Castillo,Fecha de defunción,1817-08-14
Pedro Padilla,Ocupación,escritor
Pedro Padilla,Ciudadanía,El Salvador
Pedro Padilla,Fecha de nacimiento,1931-04-25
Pedro Padilla,Fecha de defunción,1957-08-17
Irma Dimas,Lugar de nacimiento,San Salvador
Irma Dimas,Ocupación,modelo
Irma Dimas,Ciudadanía,El Salvador
Irma Dimas,Fecha de nacimiento,1986-08-09
Irma Dimas,Ocupación,participante en concursos de belleza
Nelson Rivera,Lugar de nacimiento,Santa Ana
Nelson Rivera,Ocupación,futbolista
Nelson Rivera,Ciudadanía,El Salvador
Nelson Rivera,Fecha de nacimiento,1991-06-24
Nelson Rivera,Fecha de defunción,2010-10-03
Isidro Gutiérrez,Lugar de nacimiento,Moncagua
Isidro Gutiérrez,Ocupación,futbolista
Isidro Gutiérrez,Ciudadanía,El Salvador
Isidro Gutiérrez,Fecha de nacimiento,1989-10-21
Departamento de San Miguel,país,El Salvador
Departamento de San Miguel,instancia de,departamento de El Salvador
Departamento de San Miguel,capital,San Miguel
Departamento de San Miguel,comparte fronteras con,Departamento de Intibucá
Departamento de San Miguel,comparte fronteras con,Departamento de Cabañas
alcalde,instancia de,cargo
alcalde,subclase de,autoridad
alcalde,subclase de,órgano
alcalde,subclase de,jefe del Gobierno
alcalde,subclase de,político municipal
bailarín,instancia de,profesión
bailarín,instancia de,ocupación
bailarín,subclase de,artista escénico
bailarín,santo patrón,Vito de Lucania
novelista,instancia de,profesión
novelista,subclase de,escritor
novelista,ámbito de la ocupación,novela
novelista,ámbito de la ocupación,narrativa
novelista,categoría principal del tema,Categoría:Novelistas
Concepción Las Vueltas,país,El Salvador
Concepción Las Vueltas,instancia de,entidad territorial administrativa
Concepción Las Vueltas,instancia de,distrito de El Salvador
Concepción Las Vueltas,situado en la entidad territorial administrativa,Chalatenango Sur
Concepción Las Vueltas,ciudad hermana,Windsor
Universidad Rafael Landívar,país,Guatemala
Universidad Rafael Landívar,instancia de,universidad privada
Universidad Rafael Landívar,instancia de,universidad jesuita
Universidad Rafael Landívar,situado en la entidad territorial administrativa,Ciudad de Guatemala
Universidad Rafael Landívar,nombrado en referencia a,Rafael Landívar
Academia Salvadoreña de la Lengua,país,El Salvador
Academia Salvadoreña de la Lengua,instancia de,academia
Academia Salvadoreña de la Lengua,ubicación de la sede,San Salvador
Jamaica,país,Jamaica
Jamaica,jefe de gobierno,Andrew Holness
Jamaica,continente,América del Norte
Jamaica,instancia de,país
Jamaica,instancia de,país insular
Moncagua,país,El Salvador
Moncagua,instancia de,distrito de El Salvador
Moncagua,situado en la entidad territorial administrativa,San Miguel Centro
Moncagua,se encuentra en el huso horario,UTC−6
Ismael Díaz,Lugar de nacimiento,San Miguel
Ismael Díaz,Ocupación,futbolista
Ismael Díaz,Ciudadanía,El Salvador
Ismael Díaz,Fecha de nacimiento,http://www.wikidata.org/.well-known/genid/4b51d5e1e7c6432e3e73542f6f27598b
Ismael Díaz,Fecha de defunción,1976-01-01
Quino Caso,Lugar de nacimiento,Quezaltepeque
Quino Caso,Ocupación,escritor
Quino Caso,Ciudadanía,El Salvador
Quino Caso,Fecha de nacimiento,1902-11-07
Quino Caso,Fecha de defunción,1993-03-04
Quino Caso,Ocupación,poeta
Quino Caso,Ocupación,periodista
Ivan Menjivar,Lugar de nacimiento,Montreal
Ivan Menjivar,Ocupación,luchador de muay thai
Ivan Menjivar,Ciudadanía,El Salvador
Ivan Menjivar,Fecha de nacimiento,1982-05-30
Ivan Menjivar,Ocupación,luchador de artes marciales mixtas
Rafael Góchez Fernández,Lugar de nacimiento,Santa Tecla
Rafael Góchez Fernández,Ocupación,escritor
Rafael Góchez Fernández,Ciudadanía,El Salvador
Rafael Góchez Fernández,Fecha de nacimiento,1967-05-03
Rafael Góchez Sosa,Lugar de nacimiento,Santa Tecla
Rafael Góchez Sosa,Ocupación,poeta
Rafael Góchez Sosa,Ciudadanía,El Salvador
Rafael Góchez Sosa,Fecha de nacimiento,1927-12-23
Rafael Góchez Sosa,Fecha de defunción,1986-12-16
Rafael Góchez Sosa,Ocupación,educador
Rafael Lara Martínez,Lugar de nacimiento,San Salvador
Rafael Lara Martínez,Ocupación,escritor
Rafael Lara Martínez,Ciudadanía,El Salvador
Rafael Lara Martínez,Educado en,Escuela Nacional de Antropología e Historia
Rafael Lara Martínez,Fecha de nacimiento,1952-01-01
Rafael Lara Martínez,Ocupación,crítico literario
Rafael Lara Martínez,Ocupación,antropólogo
Rafael Lara Martínez,Ocupación,lingüista
Rafael Lara Martínez,Fecha de nacimiento,1952-03-12
Raúl Contreras,Lugar de nacimiento,Cojutepeque
Raúl Contreras,Ocupación,escritor
Raúl Contreras,Ciudadanía,El Salvador
Raúl Contreras,Fecha de nacimiento,1896-05-03
Raúl Contreras,Fecha de defunción,1973-12-02
Raúl Contreras,Ocupación,poeta
Raúl Contreras,Ocupación,diplomático
René Figueroa,Lugar de nacimiento,San Salvador
René Figueroa,Ocupación,político
René Figueroa,Ciudadanía,El Salvador
René Figueroa,Fecha de nacimiento,1959-07-27
Reynaldo Galindo Pohl,Lugar de nacimiento,Sonsonate
Reynaldo Galindo Pohl,Ocupación,escritor
Reynaldo Galindo Pohl,Ciudadanía,El Salvador
Reynaldo Galindo Pohl,Educado en,Universidad de El Salvador
Reynaldo Galindo Pohl,Miembro de,Academia Norteamericana de la Lengua Española
Reynaldo Galindo Pohl,Cargo,relatoría especial de las Naciones Unidas
Reynaldo Galindo Pohl,Fecha de nacimiento,1918-10-21
Reynaldo Galindo Pohl,Fecha de defunción,2012-01-05
Reynaldo Galindo Pohl,Ocupación,abogado
Reynaldo Galindo Pohl,Ocupación,diplomático
Ricardo Cabrera Martínez,Lugar de nacimiento,Santa Tecla
Ricardo Cabrera Martínez,Ocupación,compositor
Ricardo Cabrera Martínez,Ciudadanía,El Salvador
Ricardo Cabrera Martínez,Fecha de nacimiento,1912-10-28
Ricardo Cabrera Martínez,Fecha de defunción,2007-01-01
Ricardo Cabrera Martínez,Ocupación,poeta
Ricardo Cabrera Martínez,Ocupación,diplomático
Ricardo Falla Cáceres,Ocupación,político
Ricardo Falla Cáceres,Ciudadanía,El Salvador
Ricardo Falla Cáceres,Fecha de nacimiento,1929-11-06
Ricardo Falla Cáceres,Fecha de defunción,1990-02-22
Ricardo Trigueros de León,Lugar de nacimiento,Ahuachapán
Ricardo Trigueros de León,Ocupación,escritor
Ricardo Trigueros de León,Ciudadanía,El Salvador
Ricardo Trigueros de León,Fecha de nacimiento,1917-01-01
Ricardo Trigueros de León,Fecha de defunción,1965-01-01
Ricardo Trigueros de León,Ocupación,poeta
Ricardo Trigueros de León,Fecha de nacimiento,1917-11-13
Ricardo Trigueros de León,Fecha de defunción,1965-05-20
Roberto Armijo,Lugar de nacimiento,Chalatenango
Roberto Armijo,Ocupación,escritor
Roberto Armijo,Ciudadanía,El Salvador
Roberto Armijo,Fecha de nacimiento,1937-12-13
Roberto Armijo,Fecha de defunción,1997-03-23
Roberto Armijo,Ocupación,poeta
Roberto Cañas López,Lugar de nacimiento,San Salvador
Roberto Cañas López,Ocupación,político
Roberto Cañas López,Ciudadanía,El Salvador
Roberto Cañas López,Educado en,Universidad de El Salvador
Roberto Cañas López,Fecha de nacimiento,1901-01-01
Roberto Cañas López,Fecha de defunción,2021-01-24
Roberto Galicia,Lugar de nacimiento,Ahuachapán
Roberto Galicia,Ocupación,pintor
Roberto Galicia,Ciudadanía,El Salvador
Roberto Galicia,Fecha de nacimiento,1945-12-22
Rodolfo Barón Castro,Lugar de nacimiento,San Salvador
Rodolfo Barón Castro,Ocupación,político
Rodolfo Barón Castro,Ciudadanía,El Salvador
Rodolfo Barón Castro,Premio recibido,Orden de las Palmas Magisteriales
Rodolfo Barón Castro,Fecha de nacimiento,1909-01-31
Rodolfo Barón Castro,Fecha de defunción,1986-11-17
Rodolfo Barón Castro,Ocupación,diplomático
Rodolfo Barón Castro,Ocupación,historiador
Rodolfo Barón Castro,Premio recibido,Gran Cruz de la Orden Civil de Alfonso X el Sabio
Rodolfo Barón Castro,Premio recibido,Gran Cruz de la Orden del Mérito Civil
Roger Lindo,Lugar de nacimiento,San Salvador
Roger Lindo,Ocupación,escritor
Roger Lindo,Ciudadanía,El Salvador
Roger Lindo,Fecha de nacimiento,1955-01-01
Roger Lindo,Ocupación,poeta
Román Mayorga Rivas,Lugar de nacimiento,León
Román Mayorga Rivas,Ocupación,poeta
Román Mayorga Rivas,Ciudadanía,El Salvador
Román Mayorga Rivas,Fecha de nacimiento,1862-01-01
Román Mayorga Rivas,Fecha de defunción,1925-12-28
Román Mayorga Rivas,Ocupación,periodista
Román Mayorga Rivas,Ciudadanía,Nicaragua
Roxana Webb,Lugar de nacimiento,San Salvador
Roxana Webb,Ocupación,locutor
Roxana Webb,Ciudadanía,El Salvador
Roxana Webb,Fecha de nacimiento,1984-05-29
Roxana Webb,Ocupación,periodista
Roxana Webb,Ocupación,presentador
Ruz,Lugar de nacimiento,Antiguo Cuscatlán
Ruz,Ocupación,caricaturista
Ruz,Ciudadanía,El Salvador
Ruz,Fecha de nacimiento,1959-05-10
Montreal,país,Canadá
Montreal,continente,América del Norte
Montreal,instancia de,metrópoli
Montreal,instancia de,ciudad universitaria
luchador de muay thai,instancia de,profesión
luchador de muay thai,instancia de,ocupación
luchador de muay thai,subclase de,boxeador
luchador de muay thai,ámbito de la ocupación,muay thai
luchador de muay thai,categoría principal del tema,Categoría:Luchador de muay thai
luchador de artes marciales mixtas,instancia de,profesión
luchador de artes marciales mixtas,subclase de,artista marcial
luchador de artes marciales mixtas,ámbito de la ocupación,artes marciales mixtas
luchador de artes marciales mixtas,categoría principal del tema,Categoría:Practicantes de artes marciales mixtas
Escuela Nacional de Antropología e Historia,país,México
Escuela Nacional de Antropología e Historia,instancia de,institución académica
Escuela Nacional de Antropología e Historia,situado en la entidad territorial administrativa,Ciudad de México
Escuela Nacional de Antropología e Historia,miembro de,Asociación Nacional de Universidades e Instituciones de Educación Superior
Escuela Nacional de Antropología e Historia,organización matriz,Instituto Nacional de Antropología e Historia
Orden de las Palmas Magisteriales,país,Perú
Orden de las Palmas Magisteriales,instancia de,orden
Orden de las Palmas Magisteriales,categoría principal del tema,Categoría:Orden de las Palmas Magisteriales
Orden de las Palmas Magisteriales,conferido por,Ministerio de Educación del Perú
Orden de las Palmas Magisteriales,categoría para los galardonados con este premio,Categoría:Orden de las Palmas Magisteriales
caricaturista,instancia de,profesión
caricaturista,subclase de,dibujante
caricaturista,subclase de,humorista gráfico
caricaturista,ámbito de la ocupación,caricatura
caricaturista,categoría principal del tema,Categoría:Caricaturistas
Salvador Infante,Lugar de nacimiento,El Salvador
Salvador Infante,Ocupación,ajedrecista
Salvador Infante,Ciudadanía,El Salvador
Salvador Infante,Fecha de nacimiento,1951-11-04
Santiago Ignacio Barberena Fuentes,Lugar de nacimiento,Antigua Guatemala
Santiago Ignacio Barberena Fuentes,Ocupación,abogado
Santiago Ignacio Barberena Fuentes,Ciudadanía,El Salvador
Santiago Ignacio Barberena Fuentes,Miembro de,Academia Salvadoreña de la Lengua
Santiago Ignacio Barberena Fuentes,Cargo,Director del Observatorio Meteorológico de El Salvador
Santiago Ignacio Barberena Fuentes,Fecha de nacimiento,1851-07-30
Santiago Ignacio Barberena Fuentes,Fecha de defunción,1916-11-26
Santiago Ignacio Barberena Fuentes,Ocupación,ingeniero
Santiago Ignacio Barberena Fuentes,Ocupación,catedrático
Santiago Ignacio Barberena Fuentes,Ocupación,historiador
Santiago Ignacio Barberena Fuentes,Ocupación,agrimensor
Santiago Ignacio Barberena Fuentes,Ocupación,cartógrafo
Santiago Ignacio Barberena Fuentes,Miembro de,Academia de Geografía e Historia de Guatemala
Santiago Ignacio Barberena Fuentes,Cargo,Jefe de la Sección de Etnografía y Geografía del Instituto de Historia Natural
Stanley Boggs,Lugar de nacimiento,Ohio
Stanley Boggs,Ocupación,arqueólogo
Stanley Boggs,Ciudadanía,El Salvador
Stanley Boggs,Educado en,Universidad Harvard
Stanley Boggs,Fecha de nacimiento,1910-01-01
Stanley Boggs,Fecha de defunción,1991-01-01
Stanley Boggs,Ocupación,antropólogo
Jaime Gómez,Lugar de nacimiento,Santa Ana
Jaime Gómez,Ocupación,futbolista
Jaime Gómez,Ciudadanía,El Salvador
Jaime Gómez,Fecha de nacimiento,1980-05-10
Jaime Vladimir Cubías,Lugar de nacimiento,San Sebastián
Jaime Vladimir Cubías,Ocupación,futbolista
Jaime Vladimir Cubías,Ciudadanía,El Salvador
Jaime Vladimir Cubías,Fecha de nacimiento,1974-05-10
Teresa Bolaños de Zarco,Lugar de nacimiento,Santa Ana
Teresa Bolaños de Zarco,Ocupación,escritor
Teresa Bolaños de Zarco,Ciudadanía,El Salvador
Teresa Bolaños de Zarco,Fecha de nacimiento,1922-10-09
Teresa Bolaños de Zarco,Fecha de defunción,1998-12-24
Teresa Bolaños de Zarco,Ocupación,empresario
Teresa Bolaños de Zarco,Ocupación,pianista
Teresa Bolaños de Zarco,Ocupación,periodista
Valentín Estrada,Lugar de nacimiento,El Salvador
Valentín Estrada,Ocupación,escultor
Valentín Estrada,Ciudadanía,El Salvador
Valentín Estrada,Fecha de nacimiento,1902-01-01
Valentín Estrada,Fecha de defunción,1987-01-01
Vicente Aguilar y Bustamante,Ocupación,presbítero
Vicente Aguilar y Bustamante,Ciudadanía,El Salvador
Vicente Aguilar y Bustamante,Educado en,Colegio y Seminario Tridentino de Nuestra Señora de la Asunción
Vicente Aguilar y Bustamante,Fecha de nacimiento,1746-04-06
Vicente Villaseñor,Ciudadanía,El Salvador
Vicente Villaseñor,Fecha de defunción,1842-09-15
Javier Moises Hernandez,Lugar de nacimiento,Usulután
Javier Moises Hernandez,Ocupación,futbolista
Javier Moises Hernandez,Ciudadanía,El Salvador
Javier Moises Hernandez,Fecha de nacimiento,1985-04-23
Waldo Chávez Velasco,Lugar de nacimiento,San Salvador
Waldo Chávez Velasco,Ocupación,escritor
Waldo Chávez Velasco,Ciudadanía,El Salvador
Waldo Chávez Velasco,Fecha de nacimiento,1933-10-14
Waldo Chávez Velasco,Fecha de defunción,2005-07-07
Waldo Chávez Velasco,Ocupación,abogado
Waldo Chávez Velasco,Ocupación,periodista
Willie Maldonado,Lugar de nacimiento,Ciudad de Guatemala
Willie Maldonado,Ocupación,presentador de televisión
Willie Maldonado,Ciudadanía,El Salvador
Willie Maldonado,Fecha de nacimiento,1943-03-24
Álvaro Menen Desleal,Lugar de nacimiento,Santa Ana
Álvaro Menen Desleal,Ocupación,escritor
Álvaro Menen Desleal,Ciudadanía,El Salvador
Álvaro Menen Desleal,Fecha de nacimiento,1931-01-01
Álvaro Menen Desleal,Fecha de defunción,2000-04-06
Álvaro Menen Desleal,Ocupación,dramaturgo
Ángel María Candina,Lugar de nacimiento,San Salvador
Ángel María Candina,Ocupación,sacerdote católico
Ángel María Candina,Ciudadanía,El Salvador
Ángel María Candina,Obra notable,Acta de Independencia de Centroamérica
Ángel María Candina,Cargo,rector
Ángel María Candina,Fecha de nacimiento,1792-05-21
Ángel María Candina,Fecha de defunción,1839-01-29
Ítalo López Vallecillos,Lugar de nacimiento,San Salvador
Ítalo López Vallecillos,Ocupación,escritor
Ítalo López Vallecillos,Ciudadanía,El Salvador
Ítalo López Vallecillos,Fecha de nacimiento,1932-01-01
Ítalo López Vallecillos,Fecha de defunción,1986-02-09
Ítalo López Vallecillos,Ocupación,poeta
Ítalo López Vallecillos,Ocupación,periodista
Ítalo López Vallecillos,Fecha de nacimiento,1932-11-15
Jonathan Águila,Lugar de nacimiento,San Miguel
Jonathan Águila,Ocupación,futbolista
Jonathan Águila,Ciudadanía,El Salvador
Jonathan Águila,Fecha de nacimiento,1990-11-11
Jorge Abrego,Lugar de nacimiento,Santa Ana
Jorge Abrego,Ocupación,entrenador
Jorge Abrego,Ciudadanía,El Salvador
Jorge Abrego,Fecha de nacimiento,1964-10-16
Jorge Abrego,Ocupación,futbolista
Jorge Búcaro,Lugar de nacimiento,El Salvador
Jorge Búcaro,Ocupación,entrenador
Jorge Búcaro,Ciudadanía,El Salvador
Jorge Búcaro,Fecha de nacimiento,1946-05-05
Jorge Búcaro,Fecha de defunción,2023-10-26
Jorge Búcaro,Ocupación,futbolista
Jorge Cañas,Lugar de nacimiento,Santa Ana
Jorge Cañas,Ocupación,futbolista
Jorge Cañas,Ciudadanía,El Salvador
Jorge Cañas,Fecha de nacimiento,1942-12-12
Jorge Cañas,Fecha de defunción,1997-08-17
Jorge Elenilson Sánchez,Lugar de nacimiento,Usulután
Jorge Elenilson Sánchez,Ocupación,futbolista
Jorge Elenilson Sánchez,Ciudadanía,El Salvador
Jorge Elenilson Sánchez,Fecha de nacimiento,1979-03-13
Director del Observatorio Meteorológico de El Salvador,país,El Salvador
Director del Observatorio Meteorológico de El Salvador,instancia de,director
Director del Observatorio Meteorológico de El Salvador,instancia de,cargo
Director del Observatorio Meteorológico de El Salvador,campo de trabajo,meteorólogo
Director del Observatorio Meteorológico de El Salvador,titular del cargo,Juan Alberto Sánchez
Ohio,jefe de gobierno,Mike DeWine
Ohio,país,Estados Unidos
Ohio,continente,América del Norte
Ohio,instancia de,Estado de los Estados Unidos
Ohio,capital,Columbus
San Sebastián,país,El Salvador
San Sebastián,instancia de,distrito de El Salvador
San Sebastián,situado en la entidad territorial administrativa,San Vicente Norte
San Sebastián,se encuentra en el huso horario,UTC−6
presbítero,instancia de,cargo
presbítero,instancia de,ocupación religiosa cristiana
presbítero,nombrado en referencia a,Presbitero
presbítero,religión,cristianismo
Colegio y Seminario Tridentino de Nuestra Señora de la Asunción,país,Guatemala
Colegio y Seminario Tridentino de Nuestra Señora de la Asunción,instancia de,escuela secundaria
Colegio y Seminario Tridentino de Nuestra Señora de la Asunción,instancia de,seminario
Colegio y Seminario Tridentino de Nuestra Señora de la Asunción,categoría para las personas que estudiaron en esta institución,Categoría:Alumnado del Colegio y Seminario Tridentino de Guatemala
presentador de televisión,instancia de,cargo
presentador de televisión,instancia de,ocupación mediática
presentador de televisión,subclase de,actor
presentador de televisión,subclase de,celebridad
presentador de televisión,subclase de,presentador
Acta de Independencia de Centroamérica,país,Capitanía general de Guatemala
Acta de Independencia de Centroamérica,instancia de,documento
Acta de Independencia de Centroamérica,instancia de,declaración de independencia
Acta de Independencia de Centroamérica,signatario,Gabino Gaínza
Acta de Independencia de Centroamérica,signatario,Mariano de Aycinena y Piñol
rector,instancia de,cargo elegido
rector,forma parte de,universidad
rector,prefijo honorífico,magnífico
Anselmo Paiz,Lugar de nacimiento,Departamento de Chalatenango
Anselmo Paiz,Ocupación,abogado
Anselmo Paiz,Ciudadanía,El Salvador
Anselmo Paiz,Educado en,Universidad de San Carlos de Guatemala
Anselmo Paiz,Cargo,Presidente de la Asamblea Legislativa
Anselmo Paiz,Fecha de nacimiento,http://www.wikidata.org/.well-known/genid/76d8c06dd13aa195c09499a0ba8aa10f
Anselmo Paiz,Fecha de defunción,1875-02-22
Anselmo Paiz,Cargo,Juez General de Hacienda
Anselmo Paiz,Cargo,senador de El Salvador
Anselmo Paiz,Cargo,Magistrado de la Corte Suprema de Justicia de El Salvador
Walter Thilo Deininger,Lugar de nacimiento,Sololá
Walter Thilo Deininger,Ocupación,emprendedor
Walter Thilo Deininger,Ciudadanía,El Salvador
Walter Thilo Deininger,Premio recibido,Orden Nacional José Matías Delgado
Walter Thilo Deininger,Fecha de nacimiento,1891-09-11
Walter Thilo Deininger,Fecha de defunción,1968-04-05
Walter Thilo Deininger,Ocupación,filántropo
Walter Thilo Deininger,Ciudadanía,Reich alemán
Rodrigo Tona,Ocupación,empresario
Rodrigo Tona,Ciudadanía,El Salvador
Rodrigo Tona,Ocupación,accionista
Billy Bou,Lugar de nacimiento,San Salvador
Billy Bou,Ocupación,futbolista
Billy Bou,Ciudadanía,El Salvador
Billy Bou,Cargo,defensa
Billy Bou,Fecha de nacimiento,1950-08-31
Billy Bou,Fecha de defunción,2002-10-12
Liberato Dávila,Lugar de nacimiento,Barrio Concepción
Liberato Dávila,Ocupación,médico
Liberato Dávila,Ciudadanía,El Salvador
Liberato Dávila,Fecha de nacimiento,1877-01-01
Liberato Dávila,Fecha de defunción,1944-06-19
Liberato Dávila,Ocupación,cirujano
Julio Enrique Ávila,Lugar de nacimiento,San Miguel
Julio Enrique Ávila,Ciudadanía,El Salvador
Julio Enrique Ávila,Miembro de,Instituto Salvadoreño de Cultura Hispánica
Julio Enrique Ávila,Cargo,Ministro de Relaciones Exteriores y Justicia
Julio Enrique Ávila,Premio recibido,Orden Civil de Alfonso X el Sabio
Julio Enrique Ávila,Fecha de nacimiento,1892-08-04
Julio Enrique Ávila,Fecha de defunción,1968-05-27
Julio Enrique Ávila,Premio recibido,Orden Nacional José Matías Delgado
Hermógenes Alvarado,Lugar de nacimiento,Santiago Nonualco
Hermógenes Alvarado,Ocupación,escritor
Hermógenes Alvarado,Ciudadanía,El Salvador
Hermógenes Alvarado,Cargo,catedrático
Hermógenes Alvarado,Fecha de nacimiento,1845-01-01
Hermógenes Alvarado,Fecha de defunción,1928-05-18
Hermógenes Alvarado,Ocupación,político
Hermógenes Alvarado,Ocupación,profesor universitario
Hermógenes Alvarado Cisneros,Ocupación,político
Hermógenes Alvarado Cisneros,Ciudadanía,El Salvador
Hermógenes Alvarado Cisneros,Cargo,Secretario Privado del Presidente de El Salvador
Hermógenes Alvarado Cisneros,Cargo,Ministro de Instrucción Pública
Roberto López Rochac,Ciudadanía,El Salvador
Roberto López Rochac,Cargo,Alcalde de San Salvador
Simeón Ángel Alfaro,Ocupación,ingeniero
Simeón Ángel Alfaro,Ciudadanía,El Salvador
Simeón Ángel Alfaro,Cargo,Presidente del Ateneo de El Salvador
Simeón Ángel Alfaro,Ocupación,político
Simeón Ángel Alfaro,Cargo,Decano de la Facultad de Ingeniería y Arquitectura de la Universidad de El Salvador
Simeón Ángel Alfaro,Cargo,Director General de Obras Públicas
Damián Alguera,Lugar de nacimiento,San José
Damián Alguera,Ocupación,futbolista
Damián Alguera,Ciudadanía,Estados Unidos
Damián Alguera,Educado en,"California State University, Bakersfield"
Damián Alguera,Fecha de nacimiento,2004-02-11
Damián Alguera,Ciudadanía,El Salvador
Rodolfo Ruiz,Lugar de nacimiento,San Salvador
Rodolfo Ruiz,Ocupación,futbolista
Rodolfo Ruiz,Ciudadanía,El Salvador
Rodolfo Ruiz,Fecha de nacimiento,1934-12-22
Rodolfo Ruiz,Fecha de defunción,2001-12-24
César Reynosa,Ocupación,futbolista
César Reynosa,Ciudadanía,El Salvador
César Reynosa,Cargo,centrocampista
Concepcion del Transito Guillen de Estrada,Ocupación,enfermero
Concepcion del Transito Guillen de Estrada,Ciudadanía,El Salvador
Concepcion del Transito Guillen de Estrada,Premio recibido,Medalla Florence Nightingale
Idalia Serrano,Lugar de nacimiento,Fresno
Idalia Serrano,Ocupación,futbolista
Idalia Serrano,Ciudadanía,Estados Unidos
Idalia Serrano,Fecha de nacimiento,1999-08-22
Idalia Serrano,Ciudadanía,El Salvador
Harold Osorio,Lugar de nacimiento,Jiquilisco
Harold Osorio,Ocupación,futbolista
Harold Osorio,Ciudadanía,El Salvador
Harold Osorio,Fecha de nacimiento,2003-08-20
Rosendo Martínez,Lugar de nacimiento,San Miguel
Rosendo Martínez,Ocupación,farmacéutico
Rosendo Martínez,Ciudadanía,El Salvador
Rosendo Martínez,Educado en,Universidad de El Salvador
Rosendo Martínez,Fecha de nacimiento,1869-01-01
Rosendo Martínez,Fecha de defunción,1920-12-01
Florencia Eugenia Vilanova de von Oehsen,Ocupación,diplomático
Florencia Eugenia Vilanova de von Oehsen,Ciudadanía,El Salvador
Florencia Eugenia Vilanova de von Oehsen,Fecha de nacimiento,1972-08-04
Segundo Ruano Rivas,Lugar de nacimiento,Cojutepeque
Segundo Ruano Rivas,Ocupación,agricultor
Segundo Ruano Rivas,Ciudadanía,El Salvador
Segundo Ruano Rivas,Cargo,presidente
Segundo Ruano Rivas,Fecha de nacimiento,1874-06-02
Segundo Ruano Rivas,Ocupación,oficial militar
Segundo Ruano Rivas,Cargo,Gobernador del Departamento de Cuscatlán
Segundo Ruano Rivas,Cargo,comandante general departamental
Johanna Toruño,Ocupación,artista
Johanna Toruño,Ciudadanía,El Salvador
Johanna Toruño,Fecha de nacimiento,1989-01-01
Johanna Toruño,Ocupación,cartelista
Departamento de Chalatenango,país,El Salvador
Departamento de Chalatenango,instancia de,departamento de El Salvador
Departamento de Chalatenango,capital,Chalatenango
Departamento de Chalatenango,comparte fronteras con,Departamento de Santa Ana
Departamento de Chalatenango,comparte fronteras con,Departamento de Lempira
Presidente de la Asamblea Legislativa,país,El Salvador
Presidente de la Asamblea Legislativa,instancia de,cargo público
Presidente de la Asamblea Legislativa,subclase de,presidente del parlamento
Presidente de la Asamblea Legislativa,lista del elemento,Anexo:Presidentes de la Asamblea Legislativa de El Salvador
Presidente de la Asamblea Legislativa,organización dirigida desde este cargo,Asamblea Legislativa de El Salvador
Sololá,país,Guatemala
Sololá,instancia de,municipio de Guatemala
Sololá,comparte fronteras con,Lago de Atitlán
Sololá,comparte fronteras con,Chichicastenango
Sololá,comparte fronteras con,Totonicapán
emprendedor,instancia de,profesión
emprendedor,instancia de,estatus legal
emprendedor,campo de trabajo,comercio
emprendedor,campo de trabajo,actividad económica
emprendedor,elemento operado,empresa
Orden Nacional José Matías Delgado,país,El Salvador
Orden Nacional José Matías Delgado,instancia de,orden
Orden Nacional José Matías Delgado,nombrado en referencia a,José Matías Delgado
Orden Nacional José Matías Delgado,lugar de formación,San Salvador
Orden Nacional José Matías Delgado,categoría para los galardonados con este premio,Categoría:Ganadores de la Orden Nacional José Matías Delgado
empresario,instancia de,profesión
empresario,instancia de,persona jurídica
empresario,instancia de,ocupación
empresario,instancia de,concepto económico
accionista,instancia de,rol social
accionista,instancia de,cargo
accionista,instancia de,ocupación
accionista,subclase de,stakeholder
accionista,subclase de,propietario
defensa,instancia de,posición de fútbol
defensa,subclase de,defensa
defensa,forma parte de,defensa
defensa,opuesto a,delantero
defensa,compuesto por,defensor central
Barrio Concepción,país,El Salvador
Barrio Concepción,instancia de,barrio de El Salvador
Barrio Concepción,situado en la entidad territorial administrativa,San Salvador
Ministro de Relaciones Exteriores y Justicia,país,El Salvador
Ministro de Relaciones Exteriores y Justicia,instancia de,cargo público
Ministro de Relaciones Exteriores y Justicia,subclase de,ministro de estado de El Salvador
Orden Civil de Alfonso X el Sabio,país,España
Orden Civil de Alfonso X el Sabio,instancia de,orden
Orden Civil de Alfonso X el Sabio,instancia de,condecoración civil
Orden Civil de Alfonso X el Sabio,nombrado en referencia a,Alfonso X de Castilla y de León
Orden Civil de Alfonso X el Sabio,compuesto por,Gran Cruz de la Orden Civil de Alfonso X el Sabio
Secretario Privado del Presidente de El Salvador,país,El Salvador
Secretario Privado del Presidente de El Salvador,instancia de,secretario
Secretario Privado del Presidente de El Salvador,instancia de,secretario de Estado
Secretario Privado del Presidente de El Salvador,instancia de,cargo
Ministro de Instrucción Pública,país,El Salvador
Ministro de Instrucción Pública,instancia de,cargo público
Ministro de Instrucción Pública,instancia de,ministro de estado de El Salvador
Ministro de Instrucción Pública,subclase de,ministro de Educación
Ministro de Instrucción Pública,aplica a la jurisdicción,El Salvador
Presidente del Ateneo de El Salvador,instancia de,presidente
Presidente del Ateneo de El Salvador,instancia de,cargo
Presidente del Ateneo de El Salvador,organización dirigida desde este cargo,Ateneo de El Salvador
Decano de la Facultad de Ingeniería y Arquitectura de la Universidad de El Salvador,país,El Salvador
Decano de la Facultad de Ingeniería y Arquitectura de la Universidad de El Salvador,instancia de,cargo
Decano de la Facultad de Ingeniería y Arquitectura de la Universidad de El Salvador,subclase de,decano
Decano de la Facultad de Ingeniería y Arquitectura de la Universidad de El Salvador,organización dirigida desde este cargo,Facultad de Ingeniería y Arquitectura de la Universidad de El Salvador
San José,país,Estados Unidos
San José,instancia de,sede de condado
San José,instancia de,ciudad chárter
centrocampista,instancia de,posición de fútbol
centrocampista,ubicación,campo de fútbol
centrocampista,subclase de,futbolista
centrocampista,compuesto por,mediocentro organizador
centrocampista,compuesto por,extremo izquierdo
enfermero,instancia de,trabajo
enfermero,instancia de,profesión sanitaria
enfermero,instancia de,ocupación
enfermero,santo patrón,Alejo de Roma
Medalla Florence Nightingale,instancia de,medalla
Medalla Florence Nightingale,instancia de,distinción
Medalla Florence Nightingale,nombrado en referencia a,Florence Nightingale
Medalla Florence Nightingale,conferido por,Comité Internacional de la Cruz Roja
Fresno,jefe de gobierno,Jerry Dyer
Fresno,país,Estados Unidos
Fresno,instancia de,sede de condado
Fresno,instancia de,ciudad de Estados Unidos
Fresno,instancia de,gran ciudad
farmacéutico,instancia de,profesión sanitaria
farmacéutico,instancia de,grupo de ocupaciones de la CIUO
farmacéutico,forma parte de,farmacia
farmacéutico,ámbito de la ocupación,farmacia
agricultor,instancia de,ocupación
agricultor,subclase de,trabajador agrícola
agricultor,subclase de,cultivadores de cultivos extensivos y hortalizas
presidente,instancia de,título corporativo
presidente,instancia de,ocupación
presidente,subclase de,gerente
cartelista,instancia de,profesión
cartelista,subclase de,diseñador gráfico
cartelista,subclase de,artista visual
cartelista,ámbito de la ocupación,cartelismo
cartelista,categoría principal del tema,Categoría:Cartelistas
Oscar Armando Hernández Morales,Ocupación,matemático
Oscar Armando Hernández Morales,Ciudadanía,El Salvador
Oscar Armando Hernández Morales,Educado en,Universidad de São Paulo
Oscar Armando Hernández Morales,Ocupación,investigador
Oscar Armando Hernández Morales,Educado en,Universidad Federal de Paraná
Oscar Armando Hernández Morales,Educado en,Universidad de El Salvador
Oscar Armando Hernández Morales,Educado en,Universidad Federal de São Carlos (Brasil)
Oscar Armando Hernández Morales,Educado en,Faculdade de Ciências da Universidade do Porto
Oscar Armando Hernández Morales,Educado en,"Instituto de Matemáticas y Estadística, Universidad de São Paulo"
Q135987716,Ocupación,empresario
Q135987716,Ciudadanía,El Salvador
Q135987716,Fecha de nacimiento,1992-01-01
Ana María Dueñas,Ocupación,escritor
Ana María Dueñas,Ciudadanía,El Salvador
Ana María Dueñas,Fecha de nacimiento,1943-01-01
Alondra Lizama,Ocupación,baloncestista
Alondra Lizama,Ciudadanía,Estados Unidos
Alondra Lizama,Fecha de nacimiento,2005-06-20
Alondra Lizama,Ciudadanía,El Salvador
Montavious Marc,Ocupación,baloncestista
Montavious Marc,Ciudadanía,Estados Unidos
Montavious Marc,Fecha de nacimiento,1990-06-22
Montavious Marc,Ciudadanía,El Salvador
Phoenix Mosley,Ocupación,baloncestista
Phoenix Mosley,Ciudadanía,Estados Unidos
Phoenix Mosley,Fecha de nacimiento,2003-09-22
Phoenix Mosley,Ciudadanía,El Salvador
Vanessa Núñez,Ocupación,escritor
Vanessa Núñez,Ciudadanía,El Salvador
Vanessa Núñez,Fecha de nacimiento,1973-09-01
Roxana Elena Méndez Arévalo,Lugar de nacimiento,San Salvador
Roxana Elena Méndez Arévalo,Ocupación,escritor
Roxana Elena Méndez Arévalo,Ciudadanía,El Salvador
Roxana Elena Méndez Arévalo,Educado en,Universidad de Barcelona
Roxana Elena Méndez Arévalo,Fecha de nacimiento,1979-01-01
Roxana Elena Méndez Arévalo,Ocupación,poeta
Roxana Elena Méndez Arévalo,Educado en,Universidad Tecnológica de El Salvador
Q136539419,Ciudadanía,El Salvador
Q136539419,Fecha de nacimiento,1968-01-01
matemático,lista de interés para el proyecto Wikimedia,Wikipedia:Lista de artículos que toda Wikipedia debería tener/Expandida
matemático,mantenido por el wikiproyecto,Wikiproyecto:Matemáticas
matemático,categoría que contiene subcategorías epónimas,Categoría:Categorías de matemáticos
matemático,instancia de,profesión
matemático,instancia de,ocupación
Universidad de São Paulo,país,Brasil
Universidad de São Paulo,instancia de,instituto de investigación
Universidad de São Paulo,instancia de,universidad pública
Universidad de São Paulo,instancia de,editor de acceso abierto
Universidad de São Paulo,instancia de,editorial académica
investigador,instancia de,cargo
investigador,instancia de,ocupación
investigador,subclase de,escritor de no ficción
investigador,subclase de,profesional de la academia
investigador,ámbito de la ocupación,investigación
Universidad Federal de Paraná,país,Brasil
Universidad Federal de Paraná,instancia de,universidad
Universidad Federal de Paraná,instancia de,institución educativa pública
Universidad Federal de Paraná,instancia de,editor de acceso abierto
Universidad Federal de Paraná,situado en la entidad territorial administrativa,Curitiba
Universidad de Barcelona,país,España
Universidad de Barcelona,instancia de,universidad pública
Universidad de Barcelona,instancia de,editorial
Universidad de Barcelona,instancia de,organización educativa
Universidad de Barcelona,instancia de,editor de acceso abierto
Berta Coralia Valle,Ocupación,cantante
Berta Coralia Valle,Ciudadanía,El Salvador
Berta Coralia Valle,Fecha de nacimiento,1943-03-27
Berta Coralia Valle,Fecha de defunción,1987-12-12
Carlos Clará,Lugar de nacimiento,San Salvador
Carlos Clará,Ocupación,poeta
Carlos Clará,Ciudadanía,El Salvador
Carlos Clará,Fecha de nacimiento,1974-08-27
Mario Dary Rivera,Lugar de nacimiento,Sonsonate
Mario Dary Rivera,Ocupación,recolector de plantas
Mario Dary Rivera,Ciudadanía,Guatemala
Mario Dary Rivera,Educado en,Universidad de San Carlos de Guatemala
Mario Dary Rivera,Fecha de nacimiento,1928-02-21
Mario Dary Rivera,Fecha de defunción,1981-12-15
Mario Dary Rivera,Ciudadanía,El Salvador
Ana Gasteazoro,Ocupación,propagandista
Ana Gasteazoro,Ciudadanía,El Salvador
Ana Gasteazoro,Fecha de nacimiento,1950-01-01
Ana Gasteazoro,Fecha de defunción,1993-01-01
Ana Gasteazoro,Ocupación,prisionero
Ana Gasteazoro,Ocupación,revolucionario
Ana Gasteazoro,Ocupación,activista político
Ana Gasteazoro,Ocupación,memorialista
José Portillo,Ocupación,futbolista
José Portillo,Ciudadanía,El Salvador
José Portillo,Fecha de nacimiento,1999-11-14
Kevin Ayala,Ocupación,futbolista
Kevin Ayala,Ciudadanía,El Salvador
Kevin Ayala,Fecha de nacimiento,1993-07-15
Raúl Monroy,Ocupación,ciclista
Raúl Monroy,Ciudadanía,El Salvador
Raúl Monroy,Fecha de nacimiento,1996-09-28
Alfonso Orellana,Ocupación,ciclista
Alfonso Orellana,Ciudadanía,El Salvador
Alfonso Orellana,Fecha de nacimiento,1978-06-05
Bryan Mendoza,Ocupación,ciclista
Bryan Mendoza,Ciudadanía,El Salvador
Bryan Mendoza,Fecha de nacimiento,1998-08-18
Mario González,Lugar de nacimiento,San Miguel
Mario González,Ocupación,futbolista
Mario González,Ciudadanía,El Salvador
Mario González,Fecha de nacimiento,1997-01-01
Guadalupe Maravilla,Lugar de nacimiento,San Salvador
Guadalupe Maravilla,Ocupación,dibujante
Guadalupe Maravilla,Ciudadanía,Estados Unidos
Guadalupe Maravilla,Premio recibido,Beca Guggenheim
Guadalupe Maravilla,Fecha de nacimiento,1976-01-01
Guadalupe Maravilla,Premio recibido,Latinx Artist Fellowship
Guadalupe Maravilla,Ciudadanía,El Salvador
Melvin Cartagena,Lugar de nacimiento,Santa Ana
Melvin Cartagena,Ocupación,futbolista
Melvin Cartagena,Ciudadanía,El Salvador
Melvin Cartagena,Fecha de nacimiento,1999-07-30
Gustavo Marroquín,Lugar de nacimiento,El Salvador
Gustavo Marroquín,Ocupación,futbolista
Gustavo Marroquín,Ciudadanía,El Salvador
Gustavo Marroquín,Fecha de defunción,1943-03-27
Rodrigo Rivera,Lugar de nacimiento,Ciudad Arce
Rodrigo Rivera,Ocupación,futbolista
Rodrigo Rivera,Ciudadanía,El Salvador
Rodrigo Rivera,Fecha de nacimiento,1993-08-16
Teodosio Carranza,Lugar de nacimiento,Sesori
Teodosio Carranza,Ocupación,político
Teodosio Carranza,Ciudadanía,El Salvador
Teodosio Carranza,Educado en,Universidad de El Salvador
Teodosio Carranza,Miembro de,Consejo Consultivo de Hacienda
Teodosio Carranza,Fecha de nacimiento,1846-01-01
Onofre Durán,Ocupación,político
Onofre Durán,Ciudadanía,El Salvador
Onofre Durán,Cargo,Vicepresidente de El Salvador
Onofre Durán,Cargo,Gobernador del Departamento de Ahuachapán
Samuel Cleto Dawson Meza,Lugar de nacimiento,Chinandega
Samuel Cleto Dawson Meza,Ocupación,impresor
Samuel Cleto Dawson Meza,Ciudadanía,El Salvador
Samuel Cleto Dawson Meza,Cargo,Director General de Correos
Samuel Cleto Dawson Meza,Fecha de nacimiento,1858-01-01
Enriqueta Bonilla Portal,Lugar de nacimiento,San Salvador
Enriqueta Bonilla Portal,Ciudadanía,El Salvador
Enriqueta Bonilla Portal,Cargo,director
Oscar Gustavo Guerrero,Lugar de nacimiento,San Salvador
Oscar Gustavo Guerrero,Ocupación,futbolista
Oscar Gustavo Guerrero,Ciudadanía,El Salvador
Oscar Gustavo Guerrero,Fecha de nacimiento,1954-04-10
Víctor Valencia,Lugar de nacimiento,Coatepeque
Víctor Valencia,Ocupación,futbolista
Víctor Valencia,Ciudadanía,El Salvador
Víctor Valencia,Fecha de nacimiento,1949-12-23
recolector de plantas,instancia de,ocupación
recolector de plantas,subclase de,recolector científico
recolector de plantas,ámbito de la ocupación,botánica
recolector de plantas,ámbito de la ocupación,coleccionismo de plantas
propagandista,instancia de,profesión
propagandista,subclase de,activista político
propagandista,ámbito de la ocupación,propaganda
propagandista,categoría principal del tema,Categoría:Propagandistas
prisionero,instancia de,estatus social
prisionero,instancia de,ocupación
prisionero,instancia de,persona vinculada al derecho
prisionero,subclase de,habitante
prisionero,subclase de,estatus legal
dibujante,instancia de,profesión
dibujante,instancia de,ocupación
dibujante,subclase de,artista visual
dibujante,ámbito de la ocupación,dibujo
dibujante,ámbito de la ocupación,creación artística
Ciudad Arce,país,El Salvador
Ciudad Arce,instancia de,entidad territorial administrativa
Ciudad Arce,instancia de,asentamiento
Ciudad Arce,instancia de,distrito de El Salvador
Ciudad Arce,situado en la entidad territorial administrativa,La Libertad Centro
Sesori,país,El Salvador
Sesori,instancia de,distrito de El Salvador
Sesori,situado en la entidad territorial administrativa,San Miguel Norte
Sesori,se encuentra en el huso horario,UTC−6
Sesori,capital de,Distrito de Sesori
Gobernador del Departamento de Ahuachapán,país,El Salvador
Gobernador del Departamento de Ahuachapán,instancia de,gobernador
Gobernador del Departamento de Ahuachapán,subclase de,gobernador
Gobernador del Departamento de Ahuachapán,aplica a la jurisdicción,Departamento de Ahuachapán
Gobernador del Departamento de Ahuachapán,organización dirigida desde este cargo,Gobernación Departamental de Ahuachapán
Chinandega,país,Nicaragua
Chinandega,instancia de,municipio de Nicaragua
Chinandega,instancia de,gran ciudad
Chinandega,situado en la entidad territorial administrativa,Departamento de Chinandega
Chinandega,ciudad hermana,Leverkusen
impresor,instancia de,profesión
impresor,instancia de,grupo de ocupaciones de la CIUO
impresor,subclase de,trabajador calificado
impresor,ámbito de la ocupación,impresión
Director General de Correos,país,El Salvador
Director General de Correos,instancia de,cargo
Director General de Correos,reemplaza a,Administrador General de Correos
Director General de Correos,organización dirigida desde este cargo,Correos de El Salvador
Wilfredo Huezo,Lugar de nacimiento,San Salvador
Wilfredo Huezo,Ocupación,futbolista
Wilfredo Huezo,Ciudadanía,El Salvador
Wilfredo Huezo,Fecha de nacimiento,1960-06-20
Dagoberto López,Lugar de nacimiento,San Miguel
Dagoberto López,Ocupación,futbolista
Dagoberto López,Ciudadanía,El Salvador
Dagoberto López,Fecha de nacimiento,1963-05-10
Victor Cartagena,Lugar de nacimiento,El Salvador
Victor Cartagena,Ocupación,artista
Victor Cartagena,Ciudadanía,El Salvador
Victor Cartagena,Premio recibido,Artadia Award
Angie,Ocupación,ajedrecista
Angie,Ciudadanía,El Salvador
Angie,Fecha de nacimiento,2002-03-26
Lucía Parker,Lugar de nacimiento,San Salvador
Lucía Parker,Ocupación,cantante
Lucía Parker,Ciudadanía,El Salvador
Lucía Parker,Fecha de nacimiento,1983-01-01
José Mauricio Duke Carazo,Ciudadanía,El Salvador
José Mauricio Duke Carazo,Fecha de defunción,1876-09-20
Herbert Aceituno,Lugar de nacimiento,San Salvador
Herbert Aceituno,Ocupación,levantador de potencia
Herbert Aceituno,Ciudadanía,El Salvador
Herbert Aceituno,Fecha de nacimiento,1985-11-01
Andrés Van Severen Cabañas,Ciudadanía,El Salvador
Andrés Van Severen Cabañas,Cargo,Ayudante del Observatorio Meteorológico de El Salvador
Becky Soundy,Lugar de nacimiento,San Salvador
Becky Soundy,Ocupación,presentador de televisión
Becky Soundy,Ciudadanía,El Salvador
Becky Soundy,Educado en,Universidad Evangélica de El Salvador
Becky Soundy,Fecha de nacimiento,1993-04-11
Becky Soundy,Ocupación,educador
Becky Soundy,Ocupación,activista
Becky Soundy,Ocupación,youtuber
Guillermo Paz Larín,Ocupación,político
Guillermo Paz Larín,Ciudadanía,El Salvador
Guillermo Paz Larín,Cargo,Ministro de Relaciones Exteriores de El Salvador
Guillermo Paz Larín,Premio recibido,Gran Cruz de la Orden de Isabel la Católica
Guillermo Paz Larín,Premio recibido,Gran Cruz de la Orden del Mérito Civil
Francisco José Guerrero Cienfuegos,Ocupación,juez
Francisco José Guerrero Cienfuegos,Ciudadanía,El Salvador
Francisco José Guerrero Cienfuegos,Cargo,Ministro de Relaciones Exteriores de El Salvador
Francisco José Guerrero Cienfuegos,Premio recibido,Gran Cruz de la Orden de Isabel la Católica
Francisco José Guerrero Cienfuegos,Fecha de nacimiento,1925-05-14
Francisco José Guerrero Cienfuegos,Fecha de defunción,1989-11-28
Francisco José Guerrero Cienfuegos,Ocupación,abogado
Francisco José Guerrero Cienfuegos,Ocupación,funcionario
Rodolfo Antonio Castillo Claramount,Lugar de nacimiento,Sonsonate
Rodolfo Antonio Castillo Claramount,Ocupación,político
Rodolfo Antonio Castillo Claramount,Ciudadanía,El Salvador
Rodolfo Antonio Castillo Claramount,Cargo,Ministro de Relaciones Exteriores de El Salvador
Rodolfo Antonio Castillo Claramount,Premio recibido,Gran Cruz de la Orden de Isabel la Católica
Rodolfo Antonio Castillo Claramount,Fecha de nacimiento,1936-04-17
Adán Mora,Ciudadanía,El Salvador
Adán Mora,Cargo,Ministro de Guerra y Fomento
Domingo López,Lugar de nacimiento,Ilobasco
Domingo López,Ocupación,médico
Domingo López,Ciudadanía,El Salvador
Domingo López,Cargo,Ministro de lo Interior e Instrucción Pública
Domingo López,Fecha de nacimiento,1833-01-01
Domingo López,Fecha de defunción,1912-04-07
Domingo López,Ocupación,político
Domingo López,Cargo,Ministro de Hacienda y Marina
Domingo López,Cargo,"Subsecretario de Relaciones Exteriores, Justicia, Cultos y Beneficencia"
Isidro Federico Paredes,Ciudadanía,El Salvador
Isidro Federico Paredes,Cargo,Ministro de lo Interior e Instrucción Pública
Isidro Federico Paredes,Cargo,Consejero de la Facultad de Jurisprudencia
Eugenio Araujo,Ocupación,político
Eugenio Araujo,Ciudadanía,El Salvador
Eugenio Araujo,Cargo,Subsecretario General
Rafael Ayala,Lugar de nacimiento,El Salvador
Rafael Ayala,Ocupación,político
Rafael Ayala,Ciudadanía,El Salvador
Rafael Ayala,Cargo,Ministro General
Rafael Ayala,Fecha de nacimiento,1841-01-01
Rafael Ayala,Fecha de defunción,1891-09-04
Antonio Grimaldi,Lugar de nacimiento,Alegría
Antonio Grimaldi,Ciudadanía,El Salvador
Antonio Grimaldi,Fecha de nacimiento,1830-01-01
Antonio Grimaldi,Fecha de defunción,1903-04-11
Antonio Grimaldi,Ciudadanía,República Federal de Centroamérica
Carlos Flores Figeac,Ocupación,ingeniero
Carlos Flores Figeac,Ciudadanía,El Salvador
Carlos Flores Figeac,Cargo,Ingeniero de Caminos
Francisco Guevara,Ocupación,médico
Francisco Guevara,Ciudadanía,El Salvador
Francisco Guevara,Cargo,Consejero de la Facultad de Medicina y Cirugía
Francisco Guevara,Ocupación,cirujano
Francisco Guevara,Cargo,Director Suplente del Hospital Rosales y Cementerio de San Salvador
levantador de potencia,instancia de,profesión
levantador de potencia,subclase de,atleta de fuerza
levantador de potencia,ámbito de la ocupación,levantamiento de potencia
levantador de potencia,deporte,levantamiento de potencia
Ayudante del Observatorio Meteorológico de El Salvador,país,El Salvador
Ayudante del Observatorio Meteorológico de El Salvador,instancia de,cargo
Ayudante del Observatorio Meteorológico de El Salvador,instancia de,ayudante
Ayudante del Observatorio Meteorológico de El Salvador,forma parte de,Observatorio Meteorológico de El Salvador
Ayudante del Observatorio Meteorológico de El Salvador,titular del cargo,Leopoldo Alejandro Rodríguez
Universidad Evangélica de El Salvador,país,El Salvador
Universidad Evangélica de El Salvador,instancia de,universidad
Universidad Evangélica de El Salvador,situado en la entidad territorial administrativa,San Salvador
Gran Cruz de la Orden del Mérito Civil,país,España
Gran Cruz de la Orden del Mérito Civil,instancia de,grado de una orden
Gran Cruz de la Orden del Mérito Civil,subclase de,Gran Cruz
Gran Cruz de la Orden del Mérito Civil,forma parte de,Orden del Mérito Civil
Gran Cruz de la Orden del Mérito Civil,categoría principal del tema,Categoría:Grandes cruces de la Orden del Mérito Civil
Ministro de Guerra y Fomento,país,El Salvador
Ministro de Guerra y Fomento,instancia de,cargo
Ministro de Guerra y Fomento,subclase de,ministerio de Obras Públicas
Ministro de Guerra y Fomento,subclase de,ministro de Defensa
Ministro de Guerra y Fomento,subclase de,ministro de estado de El Salvador
Ministro de lo Interior e Instrucción Pública,país,El Salvador
Ministro de lo Interior e Instrucción Pública,instancia de,ministro
Ministro de lo Interior e Instrucción Pública,instancia de,secretario de Estado
Ministro de lo Interior e Instrucción Pública,instancia de,cargo
Ministro de lo Interior e Instrucción Pública,subclase de,ministro de Educación
Consejero de la Facultad de Jurisprudencia,país,El Salvador
Consejero de la Facultad de Jurisprudencia,instancia de,miembro del consejo directivo
Consejero de la Facultad de Jurisprudencia,instancia de,cargo
Consejero de la Facultad de Jurisprudencia,forma parte de,Consejo Superior de Instrucción Pública
Subsecretario General,instancia de,cargo
Subsecretario General,subclase de,subsecretario de estado
Subsecretario General,forma parte de,Secretaría General
Subsecretario General,forma parte de,Ministerio General de El Salvador
Ministro General,país,El Salvador
Ministro General,instancia de,cargo
Ministro General,subclase de,ministro
Ministro General,forma parte de,Consejo de Ministros de El Salvador
Ministro General,organización dirigida desde este cargo,Ministerio General de El Salvador
República Federal de Centroamérica,situado en la entidad geográfica,América Central
República Federal de Centroamérica,categoría principal del tema,Categoría:República Federal de Centro América
República Federal de Centroamérica,cargo ocupado por el jefe de gobierno,presidente de la República Federal de Centro América
República Federal de Centroamérica,descrito en la fuente,Diccionario Enciclopédico Brockhaus y Efron
República Federal de Centroamérica,descrito en la fuente,Nordisk familjebok
Ingeniero de Caminos,país,El Salvador
Ingeniero de Caminos,instancia de,cargo
Ingeniero de Caminos,instancia de,"ingeniero de caminos, canales y puertos"
Ingeniero de Caminos,titular del cargo,Jorge Auerbach
Consejero de la Facultad de Medicina y Cirugía,país,El Salvador
Consejero de la Facultad de Medicina y Cirugía,instancia de,miembro del consejo directivo
Consejero de la Facultad de Medicina y Cirugía,instancia de,cargo
Consejero de la Facultad de Medicina y Cirugía,forma parte de,Consejo Superior de Instrucción Pública
cirujano,instancia de,grado académico
cirujano,instancia de,especialidad
cirujano,instancia de,cargo
cirujano,instancia de,disciplina académica
cirujano,instancia de,profesión medicina
Director Suplente del Hospital Rosales y Cementerio de San Salvador,país,El Salvador
Director Suplente del Hospital Rosales y Cementerio de San Salvador,instancia de,cargo
Director Suplente del Hospital Rosales y Cementerio de San Salvador,subclase de,director suplente
Marvin Pleitez,Lugar de nacimiento,San Salvador
Marvin Pleitez,Ocupación,artista
Marvin Pleitez,Ciudadanía,El Salvador
Marvin Pleitez,Fecha de nacimiento,1982-01-01
Marvin Pleitez,Ocupación,profesor universitario
Marvin Pleitez,Ocupación,bailarín
Marvin Pleitez,Ocupación,culturista
Gustavo Villatoro,Ocupación,político
Gustavo Villatoro,Ciudadanía,El Salvador
Gustavo Villatoro,Educado en,Universidad Dr. José Matías Delgado
Gustavo Villatoro,Cargo,Ministro de Justicia y Seguridad Pública
Celina Escher,Ocupación,director de cine
Celina Escher,Ciudadanía,Suiza
Celina Escher,Educado en,Escuela Internacional de Cine y Televisión
Celina Escher,Obra notable,Fly So Far
Celina Escher,Ciudadanía,El Salvador
Teodora Vázquez,Lugar de nacimiento,El Salvador
Teodora Vázquez,Ocupación,militante
Teodora Vázquez,Ciudadanía,El Salvador
Teodora Vázquez,Fecha de nacimiento,1984-01-01
Carlos Moran,Lugar de nacimiento,San Salvador
Carlos Moran,Ocupación,piloto de automovilismo
Carlos Moran,Ciudadanía,El Salvador
Carlos Moran,Fecha de nacimiento,1949-12-07
Joel Estrada,Lugar de nacimiento,Atiquizaya
Joel Estrada,Ocupación,futbolista
Joel Estrada,Ciudadanía,El Salvador
Joel Estrada,Fecha de nacimiento,1942-12-18
Joel Estrada,Fecha de defunción,2024-07-15
Ernesto de Sola,Lugar de nacimiento,San Salvador
Ernesto de Sola,Ocupación,arquitecto
Ernesto de Sola,Ciudadanía,El Salvador
Ernesto de Sola,Fecha de nacimiento,1905-10-03
Ernesto de Sola,Fecha de defunción,1993-09-10
David Alejandro Luna de Sola,Lugar de nacimiento,Barrio Santa Lucía
David Alejandro Luna de Sola,Ocupación,historiador
David Alejandro Luna de Sola,Ciudadanía,El Salvador
David Alejandro Luna de Sola,Educado en,Universidad de El Salvador
David Alejandro Luna de Sola,Obra notable,Manual de historia económica de El Salvador
David Alejandro Luna de Sola,Fecha de nacimiento,1929-01-26
David Alejandro Luna de Sola,Fecha de defunción,1979-02-11
David Alejandro Luna de Sola,Ocupación,antropólogo
David Alejandro Luna de Sola,Obra notable,Q110817661
David Alejandro Luna de Sola,Obra notable,Q110817726
David Alejandro Luna de Sola,Obra notable,Q110817817
David Alejandro Luna de Sola,Obra notable,Antropología centroamericana
Mario Salazar Valiente,Lugar de nacimiento,Atiquizaya
Mario Salazar Valiente,Ocupación,profesor universitario
Mario Salazar Valiente,Ciudadanía,El Salvador
Mario Salazar Valiente,Empleador,Universidad Nacional Autónoma de México
Mario Salazar Valiente,Obra notable,Q110817686
Mario Salazar Valiente,Fecha de nacimiento,1927-04-02
Mario Salazar Valiente,Fecha de defunción,1992-12-21
Mario Salazar Valiente,Ocupación,investigador
Carlos Ramos,Lugar de nacimiento,Sonsonate
Carlos Ramos,Ocupación,actor
Carlos Ramos,Ciudadanía,El Salvador
Carlos Ramos,Obra notable,Apocalypto
Carlos Ramos,Fecha de nacimiento,1974-11-28
Carlos Ramos,Ocupación,bailarín
Rosa Lagos de Peralta,Lugar de nacimiento,San Vicente
Rosa Lagos de Peralta,Ocupación,pianista
Rosa Lagos de Peralta,Ciudadanía,El Salvador
Rosa Lagos de Peralta,Fecha de nacimiento,1849-10-04
Rosa Lagos de Peralta,Fecha de defunción,1886-05-07
Jesús Lagos Marín,Ocupación,pianista
Jesús Lagos Marín,Ciudadanía,El Salvador
Jesús Lagos Marín,Fecha de nacimiento,1857-12-01
Boris Eserski,Lugar de nacimiento,Sonsonate
Boris Eserski,Ocupación,empresario
Boris Eserski,Ciudadanía,El Salvador
Boris Eserski,Obra notable,Telecorporación Salvadoreña
Boris Eserski,Premio recibido,Orden del Libertador de los Esclavos José Simeón Cañas
Boris Eserski,Fecha de nacimiento,1928-05-22
Boris Eserski,Fecha de defunción,2022-03-18
Boris Eserski,Ocupación,ejecutivo de televisión
Maximiliano Cubas,Lugar de nacimiento,Santa Ana
Maximiliano Cubas,Ocupación,futbolista
Maximiliano Cubas,Ciudadanía,El Salvador
Maximiliano Cubas,Fecha de nacimiento,1934-10-16
Maximiliano Cubas,Fecha de defunción,2020-04-13
Patricia Benedetti,Ocupación,diplomático
Patricia Benedetti,Ciudadanía,El Salvador
Andrea Abigail Perez de Novoa,Ocupación,diplomático
Andrea Abigail Perez de Novoa,Ciudadanía,El Salvador
Andrea Abigail Perez de Novoa,Educado en,Instituto Politécnico y Universidad Estatal de Virginia
Cristian Gil,Lugar de nacimiento,Cali
Cristian Gil,Ocupación,futbolista
Cristian Gil,Ciudadanía,Colombia
Cristian Gil,Fecha de nacimiento,1996-11-05
Cristian Gil,Ciudadanía,El Salvador
Juan Bértis,Lugar de nacimiento,San Salvador
Juan Bértis,Ciudadanía,El Salvador
Juan Bértis,Fecha de nacimiento,1837-01-01
Juan Bértis,Fecha de defunción,1899-08-25
Felipe Bértis,Lugar de nacimiento,Colombia
Felipe Bértis,Ocupación,oficial militar
Felipe Bértis,Ciudadanía,Colombia
Felipe Bértis,Ciudadanía,El Salvador
Guadalupe Malespín,Lugar de nacimiento,Sonsonate
Guadalupe Malespín,Ciudadanía,El Salvador
profesor universitario,instancia de,profesión académica
profesor universitario,subclase de,profesor
profesor universitario,subclase de,académico
profesor universitario,ámbito de la ocupación,enseñanza
Universidad Dr. José Matías Delgado,país,El Salvador
Universidad Dr. José Matías Delgado,instancia de,universidad
Universidad Dr. José Matías Delgado,situado en la entidad territorial administrativa,Antiguo Cuscatlán
Universidad Dr. José Matías Delgado,categoría principal del tema,Categoría:Universidad Dr. José Matías Delgado
Ministro de Justicia y Seguridad Pública,país,El Salvador
Ministro de Justicia y Seguridad Pública,instancia de,cargo
Ministro de Justicia y Seguridad Pública,subclase de,ministro de Justicia
Ministro de Justicia y Seguridad Pública,subclase de,ministro de estado de El Salvador
Ministro de Justicia y Seguridad Pública,forma parte de,Consejo de Ministros de El Salvador
director de cine,instancia de,profesión
director de cine,instancia de,profesión del cine
director de cine,subclase de,artista visual
director de cine,subclase de,profesional del cine
director de cine,subclase de,realizador
Suiza,capital,Berna
Suiza,idioma oficial,francés
Suiza,idioma oficial,alemán
Suiza,idioma oficial,italiano
Suiza,idioma oficial,romanche
Escuela Internacional de Cine y Televisión,país,Cuba
Escuela Internacional de Cine y Televisión,instancia de,escuela de cine
Escuela Internacional de Cine y Televisión,situado en la entidad territorial administrativa,San Antonio de los Baños
Escuela Internacional de Cine y Televisión,premio recibido,Orden del Mérito Cultural
Fly So Far,instancia de,película
Fly So Far,género,documental
Fly So Far,idioma de la película o programa de televisión,español
Fly So Far,país de origen,El Salvador
militante,instancia de,ocupación
militante,subclase de,combatiente
militante,subclase de,soldado voluntario
militante,subclase de,afiliado
militante,subclase de,activista político
piloto de automovilismo,instancia de,profesión
piloto de automovilismo,instancia de,ocupación
piloto de automovilismo,elemento operado,automóvil de carreras
piloto de automovilismo,subclase de,piloto de carreras
piloto de automovilismo,ámbito de la ocupación,automovilismo
Atiquizaya,país,El Salvador
Atiquizaya,instancia de,entidad territorial administrativa
Atiquizaya,instancia de,asentamiento
Atiquizaya,instancia de,distrito de El Salvador
Atiquizaya,situado en la entidad territorial administrativa,Ahuachapán Norte
Barrio Santa Lucía,país,El Salvador
Barrio Santa Lucía,instancia de,barrio de El Salvador
Barrio Santa Lucía,situado en la entidad territorial administrativa,San Salvador
historiador,categoría que contiene subcategorías epónimas,Categoría:Categorías de historiadores
historiador,instancia de,profesión
historiador,subclase de,académico de humanidades
historiador,ámbito de la ocupación,historiografía
Manual de historia económica de El Salvador,instancia de,libro
Manual de historia económica de El Salvador,autor,David Alejandro Luna de Sola
Manual de historia económica de El Salvador,idioma de la obra o del nombre,español
Manual de historia económica de El Salvador,tema principal de la obra,historia económica
Manual de historia económica de El Salvador,tema principal de la obra,historia de El Salvador
Universidad Nacional Autónoma de México,país,México
Universidad Nacional Autónoma de México,instancia de,universidad
Universidad Nacional Autónoma de México,instancia de,editor de acceso abierto
Universidad Nacional Autónoma de México,instancia de,universidad pública de investigación
Universidad Nacional Autónoma de México,situado en la entidad territorial administrativa,Ciudad de México
Apocalypto,clasificación CNC (Francia),prohibido para menores de 12 años
Apocalypto,examen realizado,test de Bechdel
Apocalypto,calificación Medierådet,para mayores de 15 años
Apocalypto,lugar de ambientación,Selva
pianista,instancia de,cargo
pianista,instancia de,ocupación
pianista,instancia de,profesión musical
pianista,subclase de,tecladista
pianista,ámbito de la ocupación,interpretación de piano
Telecorporación Salvadoreña,país,El Salvador
Telecorporación Salvadoreña,instancia de,conglomerado mediático
Telecorporación Salvadoreña,fundador,Boris Eserski
Telecorporación Salvadoreña,ubicación de la sede,San Salvador
Telecorporación Salvadoreña,industria,medio de comunicación de masas
Orden del Libertador de los Esclavos José Simeón Cañas,país,El Salvador
Orden del Libertador de los Esclavos José Simeón Cañas,instancia de,orden
Orden del Libertador de los Esclavos José Simeón Cañas,nombrado en referencia a,José Simeón Cañas y Villacorta
Orden del Libertador de los Esclavos José Simeón Cañas,lugar de formación,San Salvador
Orden del Libertador de los Esclavos José Simeón Cañas,rango inmediatamente superior,Orden Nacional José Matías Delgado
Instituto Politécnico y Universidad Estatal de Virginia,país,Estados Unidos
Instituto Politécnico y Universidad Estatal de Virginia,instancia de,universidad
Instituto Politécnico y Universidad Estatal de Virginia,instancia de,Universidad de concesión de tierras
Instituto Politécnico y Universidad Estatal de Virginia,instancia de,institución educativa pública de los Estados Unidos
José Darío González Guerra,Lugar de nacimiento,San Vicente
José Darío González Guerra,Ciudadanía,El Salvador
José Darío González Guerra,Fecha de nacimiento,1835-12-19
José Darío González Guerra,Fecha de defunción,1911-01-10
Leopoldo Alejandro Rodríguez,Ciudadanía,El Salvador
Leopoldo Alejandro Rodríguez,Cargo,Ayudante del Observatorio Meteorológico de El Salvador
Adolfo García Alvarenga,Ciudadanía,El Salvador
Adolfo García Alvarenga,Cargo,Gobernador del Departamento de Usulután
Kevin Reyes,Lugar de nacimiento,La Libertad
Kevin Reyes,Ocupación,futbolista
Kevin Reyes,Ciudadanía,El Salvador
Kevin Reyes,Fecha de nacimiento,1999-08-28
Xavier Zablah Bukele,Lugar de nacimiento,San Salvador
Xavier Zablah Bukele,Ocupación,empresario
Xavier Zablah Bukele,Ciudadanía,El Salvador
Xavier Zablah Bukele,Fecha de nacimiento,1985-08-12
Xavier Zablah Bukele,Ocupación,político
Negra Álvarez,Lugar de nacimiento,Santa Ana
Negra Álvarez,Ocupación,artista plástico
Negra Álvarez,Ciudadanía,El Salvador
Negra Álvarez,Fecha de nacimiento,1948-01-01
Dominga Herrrera,Ocupación,ceramista
Dominga Herrrera,Ciudadanía,El Salvador
Sandra Yanira Martinez Tobar,Lugar de nacimiento,San Salvador
Sandra Yanira Martinez Tobar,Ocupación,político
Sandra Yanira Martinez Tobar,Ciudadanía,El Salvador
Sandra Yanira Martinez Tobar,Fecha de nacimiento,1959-01-01
Sandra Yanira Martinez Tobar,Ocupación,meteorólogo
Rafael Búcaro,Lugar de nacimiento,Santa Tecla
Rafael Búcaro,Ocupación,futbolista
Rafael Búcaro,Ciudadanía,El Salvador
Rafael Búcaro,Fecha de nacimiento,1948-07-18
Alfa Karina Valle Arrué,Ocupación,deportista
Alfa Karina Valle Arrué,Ciudadanía,El Salvador
Tomás Herrera García,Lugar de nacimiento,Chalatenango
Tomás Herrera García,Ocupación,árbitro de fútbol
Tomás Herrera García,Ciudadanía,El Salvador
Tomás Herrera García,Fecha de nacimiento,1947-05-05
Daniela Ramírez,Ocupación,futbolista
Daniela Ramírez,Ciudadanía,El Salvador
Daniela Ramírez,Fecha de nacimiento,2003-02-20
Amaya González,Lugar de nacimiento,Estados Unidos
Amaya González,Ocupación,futbolista
Amaya González,Ciudadanía,Estados Unidos
Amaya González,Educado en,Universidad de Colorado en Boulder
Amaya González,Fecha de nacimiento,2000-12-21
Amaya González,Ciudadanía,El Salvador
Leonel Gómez Vides,Ocupación,activista
Leonel Gómez Vides,Ciudadanía,El Salvador
Leonel Gómez Vides,Educado en,Escuela Militar Fishburne
Leonel Gómez Vides,Fecha de nacimiento,1940-12-31
Leonel Gómez Vides,Fecha de defunción,2009-11-25
Walmer Martinez,Lugar de nacimiento,Santa Cruz
Walmer Martinez,Ocupación,futbolista
Walmer Martinez,Ciudadanía,Estados Unidos
Walmer Martinez,Educado en,Cabrillo College
Walmer Martinez,Fecha de nacimiento,1998-08-17
Walmer Martinez,Ciudadanía,El Salvador
Victoria Meza,Lugar de nacimiento,El Salvador
Victoria Meza,Ocupación,futbolista
Victoria Meza,Ciudadanía,El Salvador
Victoria Meza,Fecha de nacimiento,2005-01-22
Ingrid Osegueda,Lugar de nacimiento,condado de Los Ángeles
Ingrid Osegueda,Ocupación,futbolista
Ingrid Osegueda,Ciudadanía,Estados Unidos
Ingrid Osegueda,Fecha de nacimiento,1993-05-12
Ingrid Osegueda,Ciudadanía,El Salvador
Jency Ramírez,Lugar de nacimiento,Atlanta
Jency Ramírez,Ocupación,futbolista
Jency Ramírez,Ciudadanía,Estados Unidos
Jency Ramírez,Fecha de nacimiento,1994-01-23
Jency Ramírez,Ciudadanía,El Salvador
Juan Quinteros,Lugar de nacimiento,Mejicanos
Juan Quinteros,Ocupación,futbolista
Juan Quinteros,Ciudadanía,El Salvador
Juan Quinteros,Fecha de nacimiento,1947-03-20
Pauline Ovalle,Lugar de nacimiento,San Francisco
Pauline Ovalle,Ocupación,futbolista
Pauline Ovalle,Ciudadanía,Estados Unidos
Pauline Ovalle,Fecha de nacimiento,1994-03-15
Pauline Ovalle,Ciudadanía,El Salvador
Gobernador del Departamento de Usulután,país,El Salvador
Gobernador del Departamento de Usulután,instancia de,gobernador
Gobernador del Departamento de Usulután,subclase de,gobernador
Gobernador del Departamento de Usulután,aplica a la jurisdicción,Departamento de Usulután
Gobernador del Departamento de Usulután,organización dirigida desde este cargo,Gobernación Departamental de Usulután
artista plástico,instancia de,profesión artística
artista plástico,subclase de,artista visual
artista plástico,ámbito de la ocupación,artes plásticas
artista plástico,categoría principal del tema,Categoría:Artistas plásticos
artista plástico,diferente de,plástico
ceramista,instancia de,profesión
ceramista,instancia de,ocupación
ceramista,subclase de,artesano
ceramista,subclase de,artista visual
meteorólogo,instancia de,profesión
meteorólogo,instancia de,grupo de ocupaciones de la CIUO
meteorólogo,subclase de,aerólogo
meteorólogo,subclase de,profesionales de las ciencias físicas y de la tierra
meteorólogo,ámbito de la ocupación,meteorología
Universidad de Colorado en Boulder,P2643,"de cuatro años, a tiempo completo, más selectivo, con menor transferencia"
activista,instancia de,ocupación
activista,instancia de,actitud ética
activista,subclase de,persona
activista,ámbito de la ocupación,activismo
activista,ámbito de la ocupación,incidencia política
Escuela Militar Fishburne,país,Estados Unidos
Escuela Militar Fishburne,instancia de,escuela
Escuela Militar Fishburne,instancia de,edificio escolar
Escuela Militar Fishburne,situado en la entidad territorial administrativa,Waynesboro
Santa Cruz,país,Estados Unidos
Santa Cruz,instancia de,sede de condado
Santa Cruz,instancia de,ciudad de Estados Unidos
Santa Cruz,instancia de,ciudad chárter
Santa Cruz,situado en la entidad territorial administrativa,condado de Santa Cruz
condado de Los Ángeles,país,Estados Unidos
condado de Los Ángeles,instancia de,condado de California
condado de Los Ángeles,capital,Los Ángeles
condado de Los Ángeles,comparte fronteras con,Condado de Orange
condado de Los Ángeles,comparte fronteras con,Condado de Kern
Atlanta,ubicación de la sede,Atlanta
Atlanta,jefe de gobierno,Andre Dickens
Atlanta,país,Estados Unidos
Atlanta,instancia de,sede de condado
Atlanta,instancia de,ciudad de Estados Unidos
Mejicanos,país,El Salvador
Mejicanos,instancia de,entidad territorial administrativa
Mejicanos,instancia de,distrito de El Salvador
Mejicanos,situado en la entidad territorial administrativa,San Salvador Centro
Mejicanos,ciudad hermana,Guarulhos
San Francisco,jefe de gobierno,Daniel Lurie
San Francisco,país,Estados Unidos
San Francisco,continente,América del Norte
San Francisco,instancia de,ciudad de Estados Unidos
San Francisco,instancia de,gran ciudad
José Roberto Dutriz,Lugar de nacimiento,San Salvador
José Roberto Dutriz,Ocupación,empresario
José Roberto Dutriz,Ciudadanía,El Salvador
José Roberto Dutriz,Educado en,Universidad Cristiana de Texas
José Roberto Dutriz,Cargo,vicepresidente
José Roberto Dutriz,Fecha de nacimiento,1960-01-22
José Roberto Dutriz,Educado en,Escuela Americana El Salvador
José Roberto Dutriz,Cargo,director ejecutivo
Alfredo Rivera,Lugar de nacimiento,Santa Tecla
Alfredo Rivera,Ocupación,futbolista
Alfredo Rivera,Ciudadanía,El Salvador
Alfredo Rivera,Fecha de nacimiento,1952-12-10
Alejandro Cotto,Lugar de nacimiento,Suchitoto
Alejandro Cotto,Ocupación,escritor
Alejandro Cotto,Ciudadanía,El Salvador
Alejandro Cotto,Fecha de nacimiento,1928-11-13
Alejandro Cotto,Fecha de defunción,2015-06-05
Alejandro Cotto,Ocupación,cineasta
Juan José Polío,Lugar de nacimiento,Santa Elena
Juan José Polío,Ocupación,futbolista
Juan José Polío,Ciudadanía,El Salvador
Juan José Polío,Fecha de nacimiento,1951-08-24
Juan José Polío,Fecha de defunción,2023-09-08
Héctor Piccioni,Lugar de nacimiento,Buenos Aires
Héctor Piccioni,Ocupación,futbolista
Héctor Piccioni,Ciudadanía,Argentina
Héctor Piccioni,Fecha de nacimiento,1945-01-17
Héctor Piccioni,Fecha de defunción,2024-10-27
Héctor Piccioni,Ciudadanía,El Salvador
Armando Chacón,Lugar de nacimiento,San Salvador
Armando Chacón,Ocupación,futbolista
Armando Chacón,Ciudadanía,El Salvador
Armando Chacón,Fecha de nacimiento,1941-05-09
Eduardo Valdez,Ocupación,futbolista
Eduardo Valdez,Ciudadanía,El Salvador
Eduardo Valdez,Fecha de nacimiento,1946-09-12
Jaime Hill Argüello,Ocupación,empresario
Jaime Hill Argüello,Ciudadanía,El Salvador
Jaime Hill Argüello,Fecha de nacimiento,1937-01-01
Jaime Hill Argüello,Fecha de defunción,2023-03-22
Wendy Alfaro,Ocupación,estudiante
Wendy Alfaro,Ciudadanía,El Salvador
Wendy Alfaro,Educado en,Universidad Francisco Gavidia
Wendy Alfaro,Ocupación,político
Wendy Alfaro,Ocupación,activista
Héctor Silva Hernández,Lugar de nacimiento,San Salvador
Héctor Silva Hernández,Ocupación,político
Héctor Silva Hernández,Ciudadanía,El Salvador
Héctor Silva Hernández,Fecha de nacimiento,1996-08-16
Brandon Rodríguez,Ocupación,ciclista
Brandon Rodríguez,Ciudadanía,El Salvador
Brandon Rodríguez,Fecha de nacimiento,2001-03-23
Luis Alonso Rivas,Lugar de nacimiento,Departamento de La Unión
Luis Alonso Rivas,Ocupación,futbolista
Luis Alonso Rivas,Ciudadanía,El Salvador
Luis Alonso Rivas,Fecha de nacimiento,1948-07-06
Fátima Centeno,Ocupación,badmintonista
Fátima Centeno,Ciudadanía,El Salvador
Fátima Centeno,Fecha de nacimiento,1999-08-22
Saira Martinez,Ocupación,ciclista
Saira Martinez,Ciudadanía,El Salvador
Saira Martinez,Fecha de nacimiento,1992-09-15
Leonardo Menjívar,Lugar de nacimiento,Chalatenango
Leonardo Menjívar,Ocupación,futbolista
Leonardo Menjívar,Ciudadanía,El Salvador
Leonardo Menjívar,Fecha de nacimiento,2001-10-24
Abraham Osorio,Ciudadanía,El Salvador
TNT,Ciudadanía,El Salvador
Celia Medrano,Ocupación,político
Celia Medrano,Ciudadanía,El Salvador
Destiny Campbell,Ocupación,baloncestista
Destiny Campbell,Ciudadanía,Estados Unidos
Destiny Campbell,Educado en,Universidad del Este de Carolina
Destiny Campbell,Fecha de nacimiento,1996-12-02
Destiny Campbell,Ciudadanía,El Salvador
Vanessa Aguilar,Ocupación,baloncestista
Vanessa Aguilar,Ciudadanía,Estados Unidos
Vanessa Aguilar,Educado en,Universidad de California en Irvine
Vanessa Aguilar,Fecha de nacimiento,1992-11-14
Vanessa Aguilar,Ciudadanía,El Salvador
Universidad Cristiana de Texas,país,Estados Unidos
Universidad Cristiana de Texas,instancia de,escuela cristiana
Universidad Cristiana de Texas,instancia de,universidad privada
Universidad Cristiana de Texas,instancia de,universidad cristiana
Universidad Cristiana de Texas,instancia de,institución educativa privada sin fines de lucro
vicepresidente,instancia de,cargo
vicepresidente,instancia de,título corporativo
vicepresidente,instancia de,ocupación
vicepresidente,precedido por,vicepresidente electo
vicepresidente,subclase de,alto cargo
Buenos Aires,país,Argentina
Buenos Aires,continente,América
Buenos Aires,instancia de,entidad territorial administrativa
Buenos Aires,instancia de,circunscripción electoral
Buenos Aires,instancia de,capital federal
estudiante,instancia de,grupo social
estudiante,instancia de,ocupación
estudiante,instancia de,grupo de humanos
estudiante,subclase de,estudiante
estudiante,ámbito de la ocupación,actividad extracurricular
Universidad Francisco Gavidia,país,El Salvador
Universidad Francisco Gavidia,instancia de,universidad
Universidad Francisco Gavidia,situado en la entidad territorial administrativa,San Salvador
Universidad Francisco Gavidia,nombrado en referencia a,Francisco Gavidia
badmintonista,instancia de,profesión
badmintonista,subclase de,deportista
badmintonista,subclase de,jugador competitivo
badmintonista,ámbito de la ocupación,bádminton
Universidad del Este de Carolina,país,Estados Unidos
Universidad del Este de Carolina,instancia de,institución educativa pública de los Estados Unidos
Universidad del Este de Carolina,instancia de,universidad pública de investigación
Universidad del Este de Carolina,ubicación de la sede,Greenville
Universidad de California en Irvine,país,Estados Unidos
Universidad de California en Irvine,instancia de,institución educativa pública de los Estados Unidos
Universidad de California en Irvine,instancia de,universidad pública de investigación
Universidad de California en Irvine,situado en la entidad territorial administrativa,Irvine
Raúl Antonio García,Lugar de nacimiento,San Miguel
Raúl Antonio García,Ocupación,futbolista
Raúl Antonio García,Ciudadanía,El Salvador
Raúl Antonio García,Fecha de nacimiento,1962-09-13
Raúl Antonio García,Fecha de defunción,2018-01-11
Raúl Antonio Coreas,Lugar de nacimiento,San Miguel
Raúl Antonio Coreas,Ocupación,futbolista
Raúl Antonio Coreas,Ciudadanía,El Salvador
Raúl Antonio Coreas,Fecha de nacimiento,1989-02-07
Reymundo Romero,Lugar de nacimiento,Ciudad Delgado
Reymundo Romero,Ocupación,futbolista
Reymundo Romero,Ciudadanía,El Salvador
Reymundo Romero,Fecha de nacimiento,1985-06-12
Ricardo Alvarado,Lugar de nacimiento,San Salvador
Ricardo Alvarado,Ocupación,futbolista
Ricardo Alvarado,Ciudadanía,El Salvador
Ricardo Alvarado,Fecha de nacimiento,1980-05-23
Ricardo Díaz,Lugar de nacimiento,Zacatecoluca
Ricardo Díaz,Ocupación,futbolista
Ricardo Díaz,Ciudadanía,El Salvador
Ricardo Díaz,Fecha de nacimiento,1939-09-06
Ricardo Díaz,Fecha de defunción,2011-08-08
Ricardo Mena Laguán,Lugar de nacimiento,Santa Ana
Ricardo Mena Laguán,Ocupación,entrenador
Ricardo Mena Laguán,Ciudadanía,El Salvador
Ricardo Mena Laguán,Fecha de nacimiento,1947-02-26
Ricardo Mena Laguán,Ocupación,futbolista
Ricardo Montenegro,Lugar de nacimiento,West Lafayette
Ricardo Montenegro,Ocupación,político
Ricardo Montenegro,Ciudadanía,El Salvador
Ricardo Montenegro,Educado en,Universidad Purdue
Ricardo Montenegro,Fecha de nacimiento,1949-11-09
Ricardo Navarro,Ocupación,ingeniero
Ricardo Navarro,Ciudadanía,El Salvador
Ricardo Navarro,Premio recibido,Premio Medioambiental Goldman
Ricardo Orellana,Lugar de nacimiento,San Salvador
Ricardo Orellana,Ocupación,futbolista
Ricardo Orellana,Ciudadanía,El Salvador
Ricardo Orellana,Fecha de nacimiento,1987-01-19
Ricardo Poma,Lugar de nacimiento,San Salvador
Ricardo Poma,Ocupación,empresario
Ricardo Poma,Ciudadanía,El Salvador
Ricardo Poma,Educado en,Universidad Harvard
Ricardo Poma,Empleador,Grupo Poma
Ricardo Poma,Fecha de nacimiento,1946-05-03
Ricardo Poma,Fecha de defunción,2025-08-24
Ricardo Poma,Educado en,Universidad de Princeton
Ricardo Poma,Educado en,Escuela de Negocios Harvard
Ricardo Tomasino,Lugar de nacimiento,Santa Ana
Ricardo Tomasino,Ocupación,entrenador
Ricardo Tomasino,Ciudadanía,El Salvador
Ricardo Tomasino,Ocupación,futbolista
Ricardo Valencia,Lugar de nacimiento,Santa Ana
Ricardo Valencia,Ocupación,futbolista
Ricardo Valencia,Ciudadanía,El Salvador
Ricardo Valencia,Fecha de nacimiento,1926-10-05
Ricardo Valencia,Fecha de defunción,2010-04-19
Rigoberto Guzmán,Lugar de nacimiento,Atiquizaya
Rigoberto Guzmán,Ocupación,entrenador
Rigoberto Guzmán,Ciudadanía,El Salvador
Rigoberto Guzmán,Fecha de nacimiento,1932-06-11
Rigoberto Guzmán,Fecha de defunción,2014-06-22
Rigoberto Guzmán,Ocupación,futbolista
Rolando Molina,Lugar de nacimiento,San Salvador
Rolando Molina,Ocupación,actor
Rolando Molina,Ciudadanía,Estados Unidos
Rolando Molina,Educado en,Escuela Preparatoria de North Hollywood
Rolando Molina,Fecha de nacimiento,1971-08-13
Rolando Molina,Ocupación,actor de televisión
Rolando Molina,Ocupación,actor de cine
Rolando Molina,Ciudadanía,El Salvador
Ronald Pimentel,Lugar de nacimiento,Sonsonate
Ronald Pimentel,Ocupación,futbolista
Ronald Pimentel,Ciudadanía,El Salvador
Ronald Pimentel,Fecha de nacimiento,1985-04-17
Ronald Villalta,Lugar de nacimiento,Santa Ana
Ronald Villalta,Ocupación,futbolista
Ronald Villalta,Ciudadanía,El Salvador
Ronald Villalta,Fecha de nacimiento,1987-05-08
Rubén Alonso Rosales,Ocupación,político
Rubén Alonso Rosales,Ciudadanía,El Salvador
Rubén Alonso Rosales,Fecha de nacimiento,1925-01-11
Rubén Alonso Rosales,Fecha de defunción,2000-05-13
Rubén Guevara,Lugar de nacimiento,Chalchuapa
Rubén Guevara,Ocupación,entrenador
Rubén Guevara,Ciudadanía,El Salvador
Rubén Guevara,Fecha de nacimiento,1962-09-01
Rubén Guevara,Ocupación,futbolista
Rubén Quijada,Lugar de nacimiento,San Salvador
Rubén Quijada,Ocupación,futbolista
Rubén Quijada,Ciudadanía,El Salvador
Rubén Quijada,Fecha de nacimiento,1985-12-18
Rubén Ignacio Zamora Rivas,Lugar de nacimiento,San Salvador
Rubén Ignacio Zamora Rivas,Ocupación,político
Rubén Ignacio Zamora Rivas,Ciudadanía,El Salvador
Rubén Ignacio Zamora Rivas,Educado en,Universidad de El Salvador
Rubén Ignacio Zamora Rivas,Cargo,Ministro de la Presidencia de El Salvador
Rubén Ignacio Zamora Rivas,Fecha de nacimiento,1942-11-09
Ciudad Delgado,país,El Salvador
Ciudad Delgado,instancia de,entidad territorial administrativa
Ciudad Delgado,instancia de,distrito de El Salvador
Ciudad Delgado,situado en la entidad territorial administrativa,San Salvador Centro
Ciudad Delgado,se encuentra en el huso horario,UTC−6
West Lafayette,país,Estados Unidos
West Lafayette,instancia de,ciudad de Estados Unidos
West Lafayette,situado en la entidad territorial administrativa,condado de Tippecanoe
West Lafayette,nombrado en referencia a,Marqués de La Fayette
West Lafayette,ciudad hermana,Ōta
Universidad Purdue,país,Estados Unidos
Universidad Purdue,instancia de,Universidad de concesión de tierras
Universidad Purdue,instancia de,institución educativa pública de los Estados Unidos
Universidad Purdue,instancia de,universidad pública de investigación
Universidad Purdue,fundador,John Purdue
Grupo Poma,país,El Salvador
Grupo Poma,instancia de,negocio
Grupo Poma,ubicación de la sede,San Salvador
Grupo Poma,director ejecutivo,Ricardo Poma
Escuela Preparatoria de North Hollywood,país,Estados Unidos
Escuela Preparatoria de North Hollywood,instancia de,escuela secundaria superior
Escuela Preparatoria de North Hollywood,instancia de,escuela pública
Escuela Preparatoria de North Hollywood,situado en la entidad territorial administrativa,Los Ángeles
Escuela Preparatoria de North Hollywood,operador,Distrito Escolar Unificado de Los Ángeles
Ministro de la Presidencia de El Salvador,país,El Salvador
Ministro de la Presidencia de El Salvador,instancia de,cargo
Ministro de la Presidencia de El Salvador,subclase de,ministro de la Presidencia
Ministro de la Presidencia de El Salvador,forma parte de,Consejo de Ministros de El Salvador
Ministro de la Presidencia de El Salvador,organización dirigida desde este cargo,Ministerio de la Presidencia de El Salvador
Rufina Amaya,Ciudadanía,El Salvador
Rufina Amaya,Fecha de nacimiento,1943-01-01
Rufina Amaya,Fecha de defunción,2007-03-06
Rúsvel Saravia,Lugar de nacimiento,Usulután
Rúsvel Saravia,Ocupación,futbolista
Rúsvel Saravia,Ciudadanía,El Salvador
Rúsvel Saravia,Fecha de nacimiento,1988-07-25
Salvador Coreas,Lugar de nacimiento,San Miguel
Salvador Coreas,Ocupación,futbolista
Salvador Coreas,Ciudadanía,El Salvador
Salvador Coreas,Fecha de nacimiento,1984-09-29
Salvador Coreas Privado,Lugar de nacimiento,Quelepa
Salvador Coreas Privado,Ocupación,entrenador
Salvador Coreas Privado,Ciudadanía,El Salvador
Salvador Coreas Privado,Fecha de nacimiento,1960-11-22
Salvador Coreas Privado,Ocupación,futbolista
Salvador Mira,Lugar de nacimiento,Mejicanos
Salvador Mira,Ocupación,atleta
Salvador Mira,Ciudadanía,El Salvador
Salvador Mira,Fecha de nacimiento,1984-08-23
Salvador Morales,Lugar de nacimiento,Usulután
Salvador Morales,Ocupación,futbolista
Salvador Morales,Ciudadanía,El Salvador
Salvador Morales,Fecha de nacimiento,1979-10-25
Samuel Castillo,Lugar de nacimiento,Chalatenango
Samuel Castillo,Ocupación,futbolista
Samuel Castillo,Ciudadanía,El Salvador
Samuel Castillo,Fecha de nacimiento,1986-06-12
Santiago José Celis,Lugar de nacimiento,Ahuachapán
Santiago José Celis,Ocupación,médico
Santiago José Celis,Ciudadanía,El Salvador
Santiago José Celis,Educado en,Universidad de San Carlos de Guatemala
Santiago José Celis,Fecha de nacimiento,1782-01-01
Santiago José Celis,Fecha de defunción,1814-04-16
Santiago Mellado,Lugar de nacimiento,El Salvador
Santiago Mellado,Ocupación,atleta
Santiago Mellado,Ciudadanía,El Salvador
Santiago Mellado,Educado en,Universidad Harvard
Santiago Mellado,Fecha de nacimiento,1963-04-06
Santiago Mellado,Educado en,Escuela de Negocios Harvard
Santos Cabrera,Lugar de nacimiento,Pasaquina
Santos Cabrera,Ocupación,futbolista
Santos Cabrera,Ciudadanía,El Salvador
Santos Cabrera,Fecha de nacimiento,1976-11-01
Santos Rivera,Lugar de nacimiento,San Luis de la Reina
Santos Rivera,Ocupación,futbolista
Santos Rivera,Ciudadanía,El Salvador
Santos Rivera,Fecha de nacimiento,1974-04-08
Verónica Mendoza,Lugar de nacimiento,Departamento de Cuscatlán
Verónica Mendoza,Ocupación,yudoca
Verónica Mendoza,Ciudadanía,El Salvador
Verónica Mendoza,Fecha de nacimiento,1977-09-14
Saúl Molina,Lugar de nacimiento,Nueva Guadalupe
Saúl Molina,Ocupación,entrenador
Saúl Molina,Ciudadanía,El Salvador
Saúl Molina,Fecha de nacimiento,1938-03-14
Saúl Molina,Ocupación,futbolista
Selvin Zelaya,Lugar de nacimiento,Usulután
Selvin Zelaya,Ocupación,futbolista
Selvin Zelaya,Ciudadanía,El Salvador
Selvin Zelaya,Fecha de nacimiento,1979-03-01
Silvia H. Allred,Ciudadanía,Paraguay
Silvia H. Allred,Educado en,Universidad Brigham Young
Silvia H. Allred,Fecha de nacimiento,1944-10-11
Silvia H. Allred,Ciudadanía,El Salvador
Silvia H. Allred,Educado en,Universidad de Arizona
Takeshi Fujiwara,Lugar de nacimiento,San Salvador
Takeshi Fujiwara,Ocupación,velocista
Takeshi Fujiwara,Ciudadanía,El Salvador
Takeshi Fujiwara,Fecha de nacimiento,1985-08-05
Takeshi Fujiwara,Ocupación,atleta
Tania Pleitez,Lugar de nacimiento,San Salvador
Tania Pleitez,Ocupación,académico
Tania Pleitez,Ciudadanía,El Salvador
Tania Pleitez,Educado en,Universidad de Barcelona
Tania Pleitez,Empleador,Universidad Autónoma de Barcelona
Tania Pleitez,Fecha de nacimiento,1969-01-01
Tania Pleitez,Educado en,Universidad de Costa Rica
Tania Pleitez,Educado en,Universidad Latina de Costa Rica
Tania Pleitez,Empleador,Universidad de Milán
Tania Pleitez,Empleador,Instituto Barcelona de Estudios Internacionales
Tania Pleitez,Empleador,Universidad de Barcelona
Tania Pleitez,Empleador,Universidad de Wuppertal
Verónica Colindres,Lugar de nacimiento,San Juan Opico
Verónica Colindres,Ocupación,atleta
Verónica Colindres,Ciudadanía,El Salvador
Verónica Colindres,Fecha de nacimiento,1986-07-09
Vicente Acosta,Lugar de nacimiento,Apopa
Vicente Acosta,Ocupación,poeta
Vicente Acosta,Ciudadanía,El Salvador
Vicente Acosta,Fecha de nacimiento,1867-07-24
Vicente Acosta,Fecha de defunción,1908-07-24
Vicente Acosta,Ocupación,político
Vicente Melgar,Lugar de nacimiento,Santo Tomás
Vicente Melgar,Ocupación,futbolista
Vicente Melgar,Ciudadanía,El Salvador
Vicente Melgar,Fecha de nacimiento,1982-09-06
médico,instancia de,profesión medicina
médico,instancia de,grupo de ocupaciones de la CIUO
Pasaquina,país,El Salvador
Pasaquina,instancia de,distrito de El Salvador
Pasaquina,situado en la entidad territorial administrativa,La Unión Norte
Pasaquina,se encuentra en el huso horario,UTC−6
San Luis de la Reina,país,El Salvador
San Luis de la Reina,instancia de,distrito de El Salvador
San Luis de la Reina,situado en la entidad territorial administrativa,San Miguel Norte
San Luis de la Reina,se encuentra en el huso horario,UTC−6
Nueva Guadalupe,país,El Salvador
Nueva Guadalupe,instancia de,distrito de El Salvador
Nueva Guadalupe,situado en la entidad territorial administrativa,San Miguel Oeste
Nueva Guadalupe,se encuentra en el huso horario,UTC−6
Nueva Guadalupe,clima,clima tropical de sabana
Paraguay,país,Paraguay
Paraguay,forma parte de,América del Sur
Paraguay,forma parte de,América Latina
Paraguay,forma parte de,Cono Sur
Paraguay,se encuentra en el huso horario,UTC−4
Universidad Brigham Young,país,Estados Unidos
Universidad Brigham Young,instancia de,universidad privada
Universidad Brigham Young,instancia de,empresa productora
Universidad Brigham Young,instancia de,institución educativa privada sin fines de lucro
Universidad Brigham Young,fundador,Karl G. Maeser
Universidad de Arizona,país,Estados Unidos
Universidad de Arizona,instancia de,Universidad de concesión de tierras
Universidad de Arizona,instancia de,universidad pública
Universidad de Arizona,instancia de,institución educativa pública de los Estados Unidos
Universidad de Arizona,instancia de,editor de acceso abierto
velocista,instancia de,profesión
velocista,instancia de,disciplina deportiva
velocista,subclase de,corredor
velocista,ámbito de la ocupación,carrera de velocidad
velocista,deporte,atletismo
Universidad Autónoma de Barcelona,país,España
Universidad Autónoma de Barcelona,instancia de,organización
Universidad Autónoma de Barcelona,instancia de,universidad pública
Universidad Autónoma de Barcelona,instancia de,editor de acceso abierto
Universidad Autónoma de Barcelona,situado en la entidad territorial administrativa,Sardañola del Vallés
San Juan Opico,país,El Salvador
San Juan Opico,instancia de,entidad territorial administrativa
San Juan Opico,instancia de,asentamiento
San Juan Opico,instancia de,distrito de El Salvador
San Juan Opico,situado en la entidad territorial administrativa,La Libertad Centro
Apopa,país,El Salvador
Apopa,instancia de,entidad territorial administrativa
Apopa,instancia de,distrito de El Salvador
Apopa,situado en la entidad territorial administrativa,San Salvador Oeste
Apopa,se encuentra en el huso horario,UTC−6
Santo Tomás,país,El Salvador
Santo Tomás,instancia de,entidad territorial administrativa
Santo Tomás,instancia de,distrito de El Salvador
Santo Tomás,situado en la entidad territorial administrativa,San Salvador Sur
Santo Tomás,se encuentra en el huso horario,UTC−6
Claudia Mojica,Ocupación,alto cargo
Claudia Mojica,Ciudadanía,El Salvador
Claudia Mojica,Educado en,Escuela de Derecho y Diplomacia Fletcher
Claudia Mojica,Empleador,Organización de las Naciones Unidas
Claudia Mojica,Ocupación,ingeniero industrial
Claudia Mojica,Educado en,Universidad Centroamericana José Simeón Cañas
Lilliam Armijo,Lugar de nacimiento,San Salvador
Lilliam Armijo,Ocupación,escritor
Lilliam Armijo,Ciudadanía,El Salvador
Lilliam Armijo,Fecha de nacimiento,1984-03-27
Lilliam Armijo,Ocupación,poeta
Ana Guerra de Jesús,Lugar de nacimiento,San Vicente
Ana Guerra de Jesús,Ocupación,vidente
Ana Guerra de Jesús,Ciudadanía,El Salvador
Ana Guerra de Jesús,Fecha de nacimiento,1639-12-13
Ana Guerra de Jesús,Fecha de defunción,1713-05-17
Leonora Árbenz,Lugar de nacimiento,San Salvador
Leonora Árbenz,Ciudadanía,Guatemala
Leonora Árbenz,Fecha de nacimiento,1942-04-26
Leonora Árbenz,Fecha de defunción,2004-03-01
Leonora Árbenz,Ciudadanía,El Salvador
Roberto Murray Meza,Lugar de nacimiento,San Salvador
Roberto Murray Meza,Ocupación,empresario
Roberto Murray Meza,Ciudadanía,El Salvador
Roberto Murray Meza,Fecha de defunción,2022-07-27
Roberto Murray Meza,Ocupación,filántropo
Walter Saravia,Lugar de nacimiento,Santiago de María
Walter Saravia,Ocupación,podcaster
Walter Saravia,Ciudadanía,El Salvador
Walter Saravia,Obra notable,http://www.wikidata.org/.well-known/genid/9abe410f848a6bf0b879b2cb9d582a72
Nathan Ordaz,Lugar de nacimiento,Van Nuys
Nathan Ordaz,Ocupación,futbolista
Nathan Ordaz,Ciudadanía,Estados Unidos
Nathan Ordaz,Fecha de nacimiento,2004-01-12
Nathan Ordaz,Ciudadanía,México
Nathan Ordaz,Ciudadanía,El Salvador
Margarito González Mejía,Ocupación,farmacéutico
Margarito González Mejía,Ciudadanía,El Salvador
Margarito González Mejía,Cargo,cónsul general
Margarito González Mejía,Fecha de nacimiento,1840-01-01
Margarito González Mejía,Fecha de defunción,1927-10-01
Margarito González Mejía,Ocupación,diplomático
Margarito González Mejía,Cargo,Cónsul General y Encargado de Negocios de El Salvador en Honduras
Maximiliano González Mejía,Lugar de nacimiento,Ilobasco
Maximiliano González Mejía,Ciudadanía,El Salvador
Maximiliano González Mejía,Cargo,cónsul general
Maximiliano González Mejía,Fecha de nacimiento,1878-01-01
Maximiliano González Mejía,Fecha de defunción,1933-05-22
Manuel Serrano Gutiérrez,Lugar de nacimiento,Alcalá la Real
Manuel Serrano Gutiérrez,Ocupación,diplomático
Manuel Serrano Gutiérrez,Ciudadanía,España
Manuel Serrano Gutiérrez,Cargo,Cónsul General del Ecuador en El Salvador
Manuel Serrano Gutiérrez,Fecha de nacimiento,1866-01-01
Manuel Serrano Gutiérrez,Fecha de defunción,1941-12-29
Manuel Serrano Gutiérrez,Ciudadanía,El Salvador
Manuel Serrano Gutiérrez,Ciudadanía,Reino de España (1700-1873)
Manuel Serrano Gutiérrez,Cargo,Cónsul General de la República Dominicana en El Salvador
Manuel Serrano Gutiérrez,Cargo,Cónsul de España en San Salvador
Manuel Serrano Gutiérrez,Cargo,"Cónsul Honorario de España en los departamentos de San Salvador, San Vicente, Cabañas, La Paz, Cuscatlán y La Libertad"
Manuel Serrano Gutiérrez,Cargo,Cónsul de Portugal en San Salvador
Rafael González Villalobos Amaya,Lugar de nacimiento,Ronda
Rafael González Villalobos Amaya,Ocupación,diplomático
Rafael González Villalobos Amaya,Ciudadanía,España
Rafael González Villalobos Amaya,Cargo,Cónsul de España en San Salvador
Rafael González Villalobos Amaya,Fecha de nacimiento,1862-01-01
Rafael González Villalobos Amaya,Fecha de defunción,1913-09-26
Rafael González Villalobos Amaya,Ocupación,comerciante
Rafael González Villalobos Amaya,Ciudadanía,El Salvador
Lydia Valiente,Lugar de nacimiento,Metapán
Lydia Valiente,Ocupación,poeta
Lydia Valiente,Ciudadanía,El Salvador
Lydia Valiente,Fecha de nacimiento,1904-05-07
Lydia Valiente,Fecha de defunción,1976-02-24
Flavio Valiente Estrada,Lugar de nacimiento,Metapán
Flavio Valiente Estrada,Ocupación,agricultor
Flavio Valiente Estrada,Ciudadanía,El Salvador
Flavio Valiente Estrada,Miembro de,Casino Metapaneco
Flavio Valiente Estrada,Cargo,Alcalde de Metapán
Flavio Valiente Estrada,Fecha de nacimiento,1865-01-01
Flavio Valiente Estrada,Fecha de defunción,1946-08-16
Flavio Valiente Estrada,Ocupación,ganadero
Matías Castro Delgado,Ocupación,político
Matías Castro Delgado,Ciudadanía,El Salvador
Matías Castro Delgado,Cargo,Gobernador del Departamento de La Libertad
Matías Castro Delgado,Fecha de nacimiento,1837-01-01
Matías Castro Delgado,Fecha de defunción,1919-02-28
Matías Castro Delgado,Ocupación,oficial militar
Abraham Rodríguez Bonilla,Lugar de nacimiento,San Miguel
Abraham Rodríguez Bonilla,Ocupación,abogado
Abraham Rodríguez Bonilla,Ciudadanía,El Salvador
Abraham Rodríguez Bonilla,Fecha de nacimiento,1928-12-27
Abraham Rodríguez Bonilla,Fecha de defunción,2017-02-28
Abraham Rodríguez Bonilla,Ocupación,político
David Morán,Ocupación,Árbitro asistente
David Morán,Ciudadanía,El Salvador
David Morán,Fecha de nacimiento,1985-10-28
David Morán,Ocupación,árbitro de fútbol
Onofre Angulo,Lugar de nacimiento,San Salvador
Onofre Angulo,Ocupación,músico
Onofre Angulo,Ciudadanía,El Salvador
Onofre Angulo,Miembro de,Banda de los Supremos Poderes de El Salvador
Onofre Angulo,Premio recibido,premio en dinero
Onofre Angulo,Fecha de nacimiento,1847-06-12
Onofre Angulo,Fecha de defunción,1916-01-20
Onofre Angulo,Ocupación,organero
Onofre Angulo,Ocupación,sinfonista
Adriana Mira,Ocupación,funcionario
Adriana Mira,Ciudadanía,El Salvador
Adriana Mira,Educado en,Universidad Europea del Atlántico
Fernando Poma,Lugar de nacimiento,El Salvador
Fernando Poma,Ocupación,empresario
Fernando Poma,Ciudadanía,El Salvador
Fernando Poma,Educado en,Universidad Cornell
Fernando Poma,Empleador,Grupo Poma
Fernando Poma,Fecha de nacimiento,1971-01-01
Fernando Poma,Ocupación,músico
Fernando Poma,Ocupación,filántropo
Fernando Poma,Empleador,Real Hotels & Resorts
Ignacio Anzola,Lugar de nacimiento,España
Ignacio Anzola,Ocupación,pintor
Ignacio Anzola,Ciudadanía,España
Ignacio Anzola,Fecha de nacimiento,1848-01-01
Ignacio Anzola,Fecha de defunción,1888-10-30
Ignacio Anzola,Ciudadanía,El Salvador
alto cargo,instancia de,cargo público
alto cargo,instancia de,cargo
alto cargo,instancia de,ocupación
alto cargo,instancia de,grupo de ocupaciones de la CIUO
alto cargo,subclase de,profesional
Escuela de Derecho y Diplomacia Fletcher,país,Estados Unidos
Escuela de Derecho y Diplomacia Fletcher,instancia de,universidad
Escuela de Derecho y Diplomacia Fletcher,instancia de,facultad de derecho
Escuela de Derecho y Diplomacia Fletcher,fundador,Austin Barclay Fletcher
Escuela de Derecho y Diplomacia Fletcher,situado en la entidad territorial administrativa,Massachusetts
Organización de las Naciones Unidas,objetivo del proyecto o de la acción,paz
Organización de las Naciones Unidas,objetivo del proyecto o de la acción,donación
Organización de las Naciones Unidas,secretario general,António Guterres
Organización de las Naciones Unidas,categoría para empleados de la organización,Categoría:Directivos de la Organización de las Naciones Unidas
ingeniero industrial,instancia de,profesión
ingeniero industrial,instancia de,ocupación
ingeniero industrial,subclase de,ingeniero
ingeniero industrial,ámbito de la ocupación,ingeniería industrial
ingeniero industrial,categoría principal del tema,Categoría:Ingenieros industriales
vidente,instancia de,ocupación
vidente,subclase de,profeta
vidente,subclase de,creyente
vidente,se dice que es lo mismo que,adivino
vidente,se dice que es lo mismo que,clarividente
filántropo,instancia de,ocupación
filántropo,subclase de,benefactor
filántropo,ámbito de la ocupación,filantropía
filántropo,categoría principal del tema,Categoría:Filántropos
filántropo,descrito en la fuente,Diccionario Enciclopédico Granat
podcaster,instancia de,profesión
podcaster,instancia de,ocupación
podcaster,subclase de,creador
podcaster,ámbito de la ocupación,pódcast
podcaster,categoría principal del tema,Categoría:Podcasters
Van Nuys,país,Estados Unidos
Van Nuys,instancia de,distrito o barrio de Los Ángeles
Van Nuys,comparte fronteras con,Encino
Van Nuys,comparte fronteras con,Valley Glen
Van Nuys,situado en la entidad territorial administrativa,Los Ángeles
cónsul general,instancia de,profesión
cónsul general,instancia de,rango diplomático
cónsul general,instancia de,cargo
cónsul general,subclase de,cónsul
Alcalá la Real,país,España
Alcalá la Real,continente,Europa
Alcalá la Real,instancia de,municipio de España
Alcalá la Real,capital,Alcalá la Real
Alcalá la Real,comparte fronteras con,Íllora
Cónsul General del Ecuador en El Salvador,instancia de,rango diplomático
Cónsul General del Ecuador en El Salvador,instancia de,cargo
Cónsul General del Ecuador en El Salvador,subclase de,Cónsul General del Ecuador
Ronda,jefe de gobierno,María Paz Fernández Lobato
Ronda,país,España
Ronda,continente,Europa
Ronda,instancia de,municipio de España
Ronda,capital,Ronda
Cónsul de España en San Salvador,instancia de,rango diplomático
Cónsul de España en San Salvador,instancia de,cargo
Cónsul de España en San Salvador,subclase de,Cónsul de España
Casino Metapaneco,país,El Salvador
Casino Metapaneco,instancia de,club social
Casino Metapaneco,instancia de,casino cultural
Casino Metapaneco,situado en la entidad territorial administrativa,Metapán
Alcalde de Metapán,país,El Salvador
Alcalde de Metapán,instancia de,cargo
Alcalde de Metapán,subclase de,Alcalde Municipal
Alcalde de Metapán,aplica a la jurisdicción,Metapán
Gobernador del Departamento de La Libertad,país,El Salvador
Gobernador del Departamento de La Libertad,instancia de,gobernador
Gobernador del Departamento de La Libertad,subclase de,gobernador
Gobernador del Departamento de La Libertad,aplica a la jurisdicción,Departamento de La Libertad
Gobernador del Departamento de La Libertad,organización dirigida desde este cargo,Gobernación Departamental de La Libertad
Banda de los Supremos Poderes de El Salvador,país,El Salvador
Banda de los Supremos Poderes de El Salvador,instancia de,orquesta sinfónica
Banda de los Supremos Poderes de El Salvador,reemplazado por,Orquesta de Sinfónica de El Salvador
premio en dinero,subclase de,recompensa
premio en dinero,subclase de,premio
funcionario,instancia de,profesión
funcionario,instancia de,alto cargo
funcionario,instancia de,cargo
funcionario,subclase de,persona jurídica
funcionario,subclase de,burócrata
Universidad Europea del Atlántico,país,España
Universidad Europea del Atlántico,instancia de,universidad privada
Universidad Europea del Atlántico,situado en la entidad territorial administrativa,Santander
Universidad Europea del Atlántico,ubicación de la sede,Parque Científico y Tecnológico de Cantabria
Universidad Europea del Atlántico,categoría principal del tema,Categoría:Universidad Europea del Atlántico
Universidad Cornell,país,Estados Unidos
Universidad Cornell,instancia de,Universidad de concesión de tierras
Universidad Cornell,instancia de,universidad privada
Universidad Cornell,instancia de,universidad de investigación
