entidad,relacion,objeto
Rodulfo Brito Foucher,Lugar de nacimiento,Villahermosa
Rodulfo Brito Foucher,Ocupación,abogado
Rodulfo Brito Foucher,Ciudadanía,México
Rodulfo Brito Foucher,Empleador,Universidad Nacional Autónoma de México
Rodulfo Brito Foucher,Premio recibido,doctor honoris causa por la Universidad Laval
Rodulfo Brito Foucher,Fecha de nacimiento,1899-11-08
Rodulfo Brito Foucher,Fecha de defunción,1970-05-15
Rodulfo Brito Foucher,Ocupación,jurista
Rodulfo Brito Foucher,Ocupación,profesor universitario
Marco Fabián de la Mora,Lugar de nacimiento,Guadalajara
Marco Fabián de la Mora,Ocupación,futbolista
Marco Fabián de la Mora,Ciudadanía,México
Marco Fabián de la Mora,Fecha de nacimiento,1989-07-21
Eizi Matuda,Lugar de nacimiento,prefectura de Nagasaki
Eizi Matuda,Ocupación,catedrático
Eizi Matuda,Ciudadanía,Japón
Eizi Matuda,Educado en,Universidad de Tokio
Eizi Matuda,Empleador,Universidad Nacional Autónoma de México
Eizi Matuda,Fecha de nacimiento,1894-04-20
Eizi Matuda,Fecha de defunción,1978-02-12
Eizi Matuda,Ocupación,recolector de plantas
Eizi Matuda,Ocupación,botánico
Eizi Matuda,Ciudadanía,México
Eizi Matuda,Ciudadanía,Imperio del Japón
Stephen F. Austin,Lugar de nacimiento,Condado de Wythe
Stephen F. Austin,Ocupación,político
Stephen F. Austin,Ciudadanía,Estados Unidos
Stephen F. Austin,Educado en,Universidad Transylvania
Stephen F. Austin,Fecha de nacimiento,1793-11-03
Stephen F. Austin,Fecha de defunción,1836-12-27
Stephen F. Austin,Ciudadanía,México
Stephen F. Austin,Ciudadanía,República de Texas
Stephen F. Austin,Educado en,Bacon Academy
Rafael Coronel,Lugar de nacimiento,Zacatecas
Rafael Coronel,Ocupación,pintor
Rafael Coronel,Ciudadanía,México
Rafael Coronel,Educado en,"Escuela Nacional de Pintura, Escultura y Grabado La Esmeralda"
Rafael Coronel,Fecha de nacimiento,1931-10-24
Rafael Coronel,Fecha de defunción,2019-05-07
Álvaro Corcuera,Lugar de nacimiento,Ciudad de México
Álvaro Corcuera,Ocupación,sacerdote católico
Álvaro Corcuera,Ciudadanía,México
Álvaro Corcuera,Educado en,Universidad Pontificia de Santo Tomás de Aquino
Álvaro Corcuera,Cargo,superior general
Álvaro Corcuera,Fecha de nacimiento,1957-07-22
Álvaro Corcuera,Fecha de defunción,2014-06-30
Álvaro Corcuera,Ocupación,legionario de Cristo
Álvaro Corcuera,Educado en,Pontificia Universidad Gregoriana
Álvaro Corcuera,Educado en,Universidad Anáhuac
Álvaro Gaxiola,Lugar de nacimiento,Guadalajara
Álvaro Gaxiola,Ocupación,saltador
Álvaro Gaxiola,Ciudadanía,México
Álvaro Gaxiola,Educado en,Universidad de Míchigan
Álvaro Gaxiola,Fecha de nacimiento,1937-01-26
Álvaro Gaxiola,Fecha de defunción,2003-08-18
Ricardo Arredondo,Lugar de nacimiento,Apatzingán
Ricardo Arredondo,Ocupación,boxeador
Ricardo Arredondo,Ciudadanía,México
Ricardo Arredondo,Fecha de nacimiento,1949-05-26
Ricardo Arredondo,Fecha de defunción,1991-09-20
Ángel Antonio León,Lugar de nacimiento,México
Ángel Antonio León,Ocupación,futbolista
Ángel Antonio León,Ciudadanía,México
Ángel Antonio León,Fecha de nacimiento,2000-01-01
Ángel Antonio León,Fecha de defunción,1996-04-16
Angel Bracho,Lugar de nacimiento,Ciudad de México
Angel Bracho,Ocupación,pintor
Angel Bracho,Ciudadanía,México
Angel Bracho,Fecha de nacimiento,1911-02-14
Angel Bracho,Fecha de defunción,2005-02-01
Angel Bracho,Ocupación,artista gráfico
Angel Bracho,Ocupación,grabador
Villahermosa,país,México
Villahermosa,instancia de,gran ciudad
Villahermosa,instancia de,localidad de México
Villahermosa,situado en la entidad territorial administrativa,Centro
Villahermosa,ciudad hermana,San Bernardino
abogado,instancia de,profesión jurídica
abogado,subclase de,jurista
abogado,santo patrón,Catalina de Alejandría
abogado,santo patrón,Alfonso María de Ligorio
abogado,santo patrón,Raimundo de Peñafort
Guadalajara,jefe de gobierno,Verónica Delgadillo García
Guadalajara,país,México
Guadalajara,instancia de,metrópoli
Guadalajara,instancia de,ciudad global
Guadalajara,instancia de,gran ciudad
futbolista,instancia de,profesión
futbolista,instancia de,ocupación
futbolista,subclase de,jugador competitivo
futbolista,subclase de,Jugador de fútbol
catedrático,instancia de,título de autoridad
catedrático,instancia de,rango académico
catedrático,instancia de,tratamiento protocolario
catedrático,instancia de,ocupación
catedrático,sucedido por,profesor emérito
Condado de Wythe,país,Estados Unidos
Condado de Wythe,instancia de,condado de Virginia
Condado de Wythe,capital,Wytheville
Condado de Wythe,comparte fronteras con,Condado de Smyth
Condado de Wythe,comparte fronteras con,condado de Carroll
político,utiliza,terminología política
político,instancia de,profesión
político,instancia de,frecuentemente
político,subclase de,profesional
Zacatecas,país,México
Zacatecas,instancia de,ciudad
Zacatecas,instancia de,localidad de México
Zacatecas,situado en la entidad territorial administrativa,Municipio de Zacatecas
Zacatecas,ciudad hermana,Málaga
pintor,instancia de,ocupación
pintor,instancia de,profesión artística
pintor,subclase de,artista visual
pintor,santo patrón,Lucas el Evangelista
pintor,ámbito de la ocupación,pintura
Ciudad de México,jefe de gobierno,Clara Brugada
Ciudad de México,país,México
Ciudad de México,continente,América del Norte
Ciudad de México,instancia de,ciudad
Ciudad de México,instancia de,megaciudad
sacerdote católico,instancia de,vocación católica
sacerdote católico,religión,catolicismo
sacerdote católico,religión,Iglesia católica
sacerdote católico,subclase de,sacerdote
sacerdote católico,subclase de,presbítero
saltador,instancia de,profesión
saltador,subclase de,deportista
saltador,ámbito de la ocupación,salto
saltador,categoría principal del tema,Categoría:Saltadores
boxeador,instancia de,profesión
boxeador,subclase de,deportista
boxeador,subclase de,artista marcial
boxeador,ámbito de la ocupación,boxeo
boxeador,ámbito de la ocupación,boxeo aficionado
México,miembro de,Organización de las Naciones Unidas
México,miembro de,Mercosur
México,miembro de,Movimiento Internacional de la Cruz Roja y de la Media Luna Roja
México,miembro de,UNESCO
México,miembro de,Organización Mundial de la Salud
Aarón Galindo,Lugar de nacimiento,Ciudad de México
Aarón Galindo,Ocupación,futbolista
Aarón Galindo,Ciudadanía,México
Aarón Galindo,Fecha de nacimiento,1982-05-08
Ana Rosa Payán Cervera,Ocupación,político
Ana Rosa Payán Cervera,Ciudadanía,México
Ana Rosa Payán Cervera,Educado en,Universidad Autónoma de Yucatán
Ana Rosa Payán Cervera,Cargo,diputado de México
Ana Rosa Payán Cervera,Fecha de nacimiento,1952-01-01
Ana Rosa Payán Cervera,Cargo,senador de México
Fausto Manuel Pinto Rosas,Lugar de nacimiento,Culiacán
Fausto Manuel Pinto Rosas,Ocupación,futbolista
Fausto Manuel Pinto Rosas,Ciudadanía,México
Fausto Manuel Pinto Rosas,Fecha de nacimiento,1983-08-08
Genaro García Luna,Lugar de nacimiento,Ciudad de México
Genaro García Luna,Ocupación,ingeniero
Genaro García Luna,Ciudadanía,México
Genaro García Luna,Educado en,Universidad de Miami
Genaro García Luna,Cargo,ministro
Genaro García Luna,Fecha de nacimiento,1968-07-10
Genaro García Luna,Ocupación,político
Genaro García Luna,Ocupación,agente de policía
Genaro García Luna,Educado en,Universidad Autónoma Metropolitana
Manuel Camacho,Lugar de nacimiento,Jalisco
Manuel Camacho,Ocupación,futbolista
Manuel Camacho,Ciudadanía,México
Manuel Camacho,Fecha de nacimiento,1929-04-06
Manuel Camacho,Fecha de defunción,2008-09-24
Gerardo Torrado,Lugar de nacimiento,Ciudad de México
Gerardo Torrado,Ocupación,futbolista
Gerardo Torrado,Ciudadanía,España
Gerardo Torrado,Educado en,Universidad Iberoamericana
Gerardo Torrado,Fecha de nacimiento,1979-04-30
Gerardo Torrado,Ciudadanía,México
Gerardo Torrado,Educado en,Fessenden School
Pablo Barrera Acosta,Lugar de nacimiento,Tlalnepantla de Baz Municipality
Pablo Barrera Acosta,Ocupación,futbolista
Pablo Barrera Acosta,Ciudadanía,México
Pablo Barrera Acosta,Fecha de nacimiento,1987-06-21
Omar Bravo,Lugar de nacimiento,Los Mochis
Omar Bravo,Ocupación,futbolista
Omar Bravo,Ciudadanía,México
Omar Bravo,Fecha de nacimiento,1980-03-04
Guadalupe Victoria,Lugar de nacimiento,Tamazula de Victoria
Guadalupe Victoria,Ocupación,abogado
Guadalupe Victoria,Ciudadanía,México
Guadalupe Victoria,Educado en,Antiguo Colegio de San Ildefonso
Guadalupe Victoria,Cargo,presidente de México
Guadalupe Victoria,Fecha de nacimiento,1786-09-29
Guadalupe Victoria,Fecha de defunción,1845-03-21
Guadalupe Victoria,Ocupación,militar
Guadalupe Victoria,Ocupación,político
Guadalupe Victoria,Cargo,Gobernador de Puebla
Guadalupe Victoria,Cargo,miembro del Supremo Poder Ejecutivo
Jared Borgetti,Lugar de nacimiento,Culiacán
Jared Borgetti,Ocupación,futbolista
Jared Borgetti,Ciudadanía,México
Jared Borgetti,Fecha de nacimiento,1973-08-14
político,ámbito de la ocupación,política
político,categoría principal del tema,Categoría:Políticos
Culiacán,categoría para las personas que nacieron aquí,Categoría:Nacidos en Culiacán
Culiacán,categoría para las personas que fallecieron aquí,Categoría:Fallecidos en Culiacán
Culiacán,categoría de personas relacionadas,Categoría:Personas de Culiacán
Culiacán,jefe de gobierno,Sergio Torres Félix
Culiacán,país,México
ingeniero,instancia de,profesión
ingeniero,instancia de,cargo
ingeniero,elemento operado,producto
ingeniero,subclase de,trabajador
ingeniero,ámbito de la ocupación,ingeniería
Jalisco,subdividido en (división administrativa),Tlaquepaque
Jalisco,subdividido en (división administrativa),Tequila
Jalisco,subdividido en (división administrativa),Puerto Vallarta
Jalisco,subdividido en (división administrativa),Ciudad Guzmán
Los Mochis,país,México
Los Mochis,instancia de,cabecera municipal
Los Mochis,instancia de,localidad de México
Los Mochis,situado en la entidad territorial administrativa,Municipio de Ahome
Los Mochis,ciudad hermana,Montreal
Tamazula de Victoria,país,México
Tamazula de Victoria,instancia de,asentamiento
Xavier Cortés Rocha,Lugar de nacimiento,Tampico
Xavier Cortés Rocha,Ocupación,arquitecto
Xavier Cortés Rocha,Ciudadanía,México
Xavier Cortés Rocha,Educado en,Universidad Nacional Autónoma de México
Xavier Cortés Rocha,Empleador,Universidad Nacional Autónoma de México
Xavier Cortés Rocha,Fecha de nacimiento,1943-02-24
Xavier Cortés Rocha,Ocupación,urbanista
Xavier Cortés Rocha,Ocupación,pintor
Xavier Cortés Rocha,Ocupación,profesor universitario
Eduardo Hernández Moncada,Lugar de nacimiento,Xalapa-Enríquez
Eduardo Hernández Moncada,Ocupación,compositor
Eduardo Hernández Moncada,Ciudadanía,México
Eduardo Hernández Moncada,Fecha de nacimiento,1899-09-24
Eduardo Hernández Moncada,Fecha de defunción,1995-12-31
Eduardo Hernández Moncada,Ocupación,director de orquesta
Eduardo Hernández Moncada,Ocupación,pianista
Eduardo Hernández Moncada,Ocupación,profesor de música
Pedro Armendáriz,Lugar de nacimiento,Ciudad de México
Pedro Armendáriz,Ocupación,actor
Pedro Armendáriz,Ciudadanía,México
Pedro Armendáriz,Educado en,Universidad Politécnica Estatal de California
Pedro Armendáriz,Fecha de nacimiento,1912-05-09
Pedro Armendáriz,Fecha de defunción,1963-06-18
Pedro Armendáriz,Ocupación,actor de televisión
Pedro Armendáriz,Ocupación,actor de cine
Manuel M. Ponce,Lugar de nacimiento,Zacatecas
Manuel M. Ponce,Ocupación,compositor
Manuel M. Ponce,Ciudadanía,México
Manuel M. Ponce,Educado en,Conservatorio Stern
Manuel M. Ponce,Premio recibido,Premio Nacional de Ciencias y Artes
Manuel M. Ponce,Fecha de nacimiento,1882-12-08
Manuel M. Ponce,Fecha de defunción,1948-04-24
Manuel M. Ponce,Ocupación,pianista
Manuel M. Ponce,Educado en,Conservatorio Giovanni Battista Martini
Martin Vasquez,Lugar de nacimiento,Jalisco
Martin Vasquez,Ocupación,entrenador
Martin Vasquez,Ciudadanía,Estados Unidos
Martin Vasquez,Educado en,"Universidad Estatal de California, Los Ángeles"
Martin Vasquez,Fecha de nacimiento,1963-12-24
Martin Vasquez,Ocupación,futbolista
Martin Vasquez,Ciudadanía,México
Martin Vasquez,Educado en,Alhambra High School
Francisco Fonseca,Lugar de nacimiento,Q189128
Francisco Fonseca,Ocupación,futbolista
Francisco Fonseca,Ciudadanía,México
Francisco Fonseca,Fecha de nacimiento,1979-10-02
Manuel Uribe Garza,Lugar de nacimiento,Q81033
Manuel Uribe Garza,Ciudadanía,México
Manuel Uribe Garza,Fecha de nacimiento,1965-06-11
Manuel Uribe Garza,Fecha de defunción,2014-05-26
Miguel Bernal Jiménez,Lugar de nacimiento,Q200252
Miguel Bernal Jiménez,Ocupación,compositor
Miguel Bernal Jiménez,Ciudadanía,México
Miguel Bernal Jiménez,Empleador,Universidad Loyola Nueva Orleans
Miguel Bernal Jiménez,Fecha de nacimiento,1910-02-16
Miguel Bernal Jiménez,Fecha de defunción,1956-07-26
Miguel Bernal Jiménez,Ocupación,organista
Miguel Bernal Jiménez,Ocupación,musicólogo
Miguel Bernal Jiménez,Ocupación,profesor de música
Antonio Attolini Lack,Lugar de nacimiento,Q26590
Antonio Attolini Lack,Ocupación,arquitecto
Antonio Attolini Lack,Ciudadanía,México
Antonio Attolini Lack,Educado en,Facultad de Arquitectura (Universidad Nacional Autónoma de México)
Antonio Attolini Lack,Empleador,Universidad Nacional Autónoma de México
Antonio Attolini Lack,Fecha de nacimiento,1931-04-24
Antonio Attolini Lack,Fecha de defunción,2012-02-28
Antonio Attolini Lack,Ocupación,pintor
Antonio Attolini Lack,Ocupación,profesor universitario
Tulio Demicheli,Lugar de nacimiento,Buenos Aires
Tulio Demicheli,Ocupación,guionista
Tulio Demicheli,Ciudadanía,México
Tulio Demicheli,Fecha de nacimiento,1914-09-15
Tulio Demicheli,Fecha de defunción,1992-05-25
Tulio Demicheli,Ocupación,director de cine
Tulio Demicheli,Ocupación,productor de cine
Tulio Demicheli,Ocupación,editor de cine
Tampico,país,México
Tampico,instancia de,localidad de México
Tampico,situado en la entidad territorial administrativa,Tampico (municipio)
Tampico,ciudad hermana,Houston
arquitecto,instancia de,profesión
arquitecto,instancia de,título corporativo
arquitecto,instancia de,ocupación
arquitecto,instancia de,grupo de ocupaciones de la CIUO
Xalapa-Enríquez,país,México
Xalapa-Enríquez,instancia de,gran ciudad
Xalapa-Enríquez,instancia de,localidad de México
Xalapa-Enríquez,comparte fronteras con,Coatepec
Xalapa-Enríquez,situado en la entidad territorial administrativa,Xalapa
compositor,instancia de,ocupación
compositor,instancia de,profesión musical
compositor,subclase de,autor
compositor,subclase de,músico
compositor,santo patrón,Cecilia de Roma
actor,instancia de,profesión
actor,instancia de,ocupación
actor,instancia de,grupo de ocupaciones de la CIUO
actor,subclase de,artista escénico
Zacatecas,continente,América del Norte
Zacatecas,instancia de,estado de México
Zacatecas,capital,Zacatecas
Zacatecas,comparte fronteras con,Jalisco
entrenador,instancia de,profesión
entrenador,instancia de,ocupación
entrenador,ámbito de la ocupación,fútbol
entrenador,deporte,fútbol
Buenos Aires,país,Argentina
Buenos Aires,continente,América
Buenos Aires,instancia de,entidad territorial administrativa
Buenos Aires,instancia de,circunscripción electoral
Buenos Aires,instancia de,capital federal
guionista,sujeto tiene rol,escritor
guionista,instancia de,profesión del cine
guionista,género,guion
guionista,subclase de,escritor
Hubertus von Hohenlohe,Lugar de nacimiento,Ciudad de México
Hubertus von Hohenlohe,Ocupación,cantante
Hubertus von Hohenlohe,Ciudadanía,México
Hubertus von Hohenlohe,Fecha de nacimiento,1959-02-02
Hubertus von Hohenlohe,Ocupación,esquiador alpino
Hubertus von Hohenlohe,Ocupación,actor de televisión
Hubertus von Hohenlohe,Ocupación,fotógrafo
Hubertus von Hohenlohe,Ciudadanía,Liechtenstein
Hubertus von Hohenlohe,Ocupación,empresario
Abelardo L. Rodríguez,Lugar de nacimiento,Heroica Guaymas
Abelardo L. Rodríguez,Ocupación,militar
Abelardo L. Rodríguez,Ciudadanía,México
Abelardo L. Rodríguez,Cargo,ministro
Abelardo L. Rodríguez,Fecha de nacimiento,1889-05-12
Abelardo L. Rodríguez,Fecha de defunción,1967-02-13
Abelardo L. Rodríguez,Ocupación,político
Abelardo L. Rodríguez,Cargo,Secretaría de la Defensa Nacional
Abelardo L. Rodríguez,Cargo,presidente de México
Abelardo L. Rodríguez,Cargo,Secretaría de Economía de México
Abelardo L. Rodríguez,Cargo,gobernador de Sonora
Abelardo L. Rodríguez,Cargo,Gobernador de Baja California
Miguel Ángel Ruiz Macías,Lugar de nacimiento,Guadalajara
Miguel Ángel Ruiz Macías,Ocupación,escritor
Miguel Ángel Ruiz Macías,Ciudadanía,México
Miguel Ángel Ruiz Macías,Obra notable,Los cuatro acuerdos
Miguel Ángel Ruiz Macías,Fecha de nacimiento,1952-08-27
Miguel Ángel Ruiz Macías,Ocupación,orador motivacional
Max Ludwig Cetto Day,Lugar de nacimiento,Coblenza
Max Ludwig Cetto Day,Ocupación,arquitecto
Max Ludwig Cetto Day,Ciudadanía,México
Max Ludwig Cetto Day,Educado en,Universidad Técnica de Berlín
Max Ludwig Cetto Day,Empleador,Universidad Nacional Autónoma de México
Max Ludwig Cetto Day,Fecha de nacimiento,1903-02-20
Max Ludwig Cetto Day,Fecha de defunción,1980-04-05
Max Ludwig Cetto Day,Ocupación,historiador
Max Ludwig Cetto Day,Ciudadanía,Alemania
Max Ludwig Cetto Day,Educado en,Universidad Técnica de Múnich
Max Ludwig Cetto Day,Educado en,Universidad Técnica de Darmstadt
Raúl Rojas,Lugar de nacimiento,Ciudad de México
Raúl Rojas,Ocupación,informático teórico
Raúl Rojas,Ciudadanía,México
Raúl Rojas,Educado en,Universidad Libre de Berlín
Raúl Rojas,Empleador,Universidad Libre de Berlín
Raúl Rojas,Premio recibido,Premio Nacional de Ciencias y Artes
Raúl Rojas,Fecha de nacimiento,1955-06-25
Raúl Rojas,Ocupación,matemático
Raúl Rojas,Ocupación,economista
Raúl Rojas,Ocupación,profesor universitario
Raúl Rojas,Premio recibido,University Teacher of the Year
Raúl Rojas,Ciudadanía,Alemania
Raúl Rojas,Educado en,Instituto Politécnico Nacional
Raúl Rojas,Empleador,Universidad de Nevada en Reno
Alfonso Rojo de la Vega,Lugar de nacimiento,Culiacán
Alfonso Rojo de la Vega,Ocupación,entrenador
Alfonso Rojo de la Vega,Ciudadanía,México
Alfonso Rojo de la Vega,Fecha de nacimiento,1895-09-03
Alfonso Rojo de la Vega,Fecha de defunción,1967-05-11
Alfonso Rojo de la Vega,Ocupación,entrenador de baloncesto
Metro,Lugar de nacimiento,Ciudad de México
Metro,Ocupación,luchador profesional
Metro,Ciudadanía,México
Metro,Fecha de nacimiento,1983-12-20
Franz Mayer,Lugar de nacimiento,Mannheim
Franz Mayer,Ocupación,fotógrafo
Franz Mayer,Ciudadanía,México
Franz Mayer,Fecha de nacimiento,1882-09-03
Franz Mayer,Fecha de defunción,1975-06-25
Franz Mayer,Ocupación,financiero
Franz Mayer,Ocupación,vidriero
Franz Mayer,Ocupación,coleccionista de arte
Franz Mayer,Ocupación,filántropo
Franz Mayer,Ciudadanía,Alemania
Paul Westheim,Lugar de nacimiento,Eschwege
Paul Westheim,Ocupación,escritor
Paul Westheim,Ciudadanía,México
Paul Westheim,Fecha de nacimiento,1886-08-07
Paul Westheim,Fecha de defunción,1963-12-21
Paul Westheim,Ocupación,historiador del arte
Paul Westheim,Ocupación,periodista de opinión
Paul Westheim,Ocupación,coleccionista de arte
Paul Westheim,Ciudadanía,Alemania
Fernando Espinosa,Lugar de nacimiento,Ciudad de México
Fernando Espinosa,Ocupación,futbolista
Fernando Espinosa,Ciudadanía,México
Fernando Espinosa,Fecha de nacimiento,1983-05-09
cantante,instancia de,grupo de ocupaciones de la CIUO
cantante,instancia de,ocupación en la música
cantante,subclase de,músico
cantante,ámbito de la ocupación,canto
Heroica Guaymas,país,México
Heroica Guaymas,instancia de,gran ciudad
Heroica Guaymas,instancia de,localidad de México
Heroica Guaymas,situado en la entidad territorial administrativa,Guaymas
Heroica Guaymas,se encuentra en el huso horario,UTC−7
militar,instancia de,profesión
militar,instancia de,ocupación
militar,subclase de,empleado
militar,subclase de,guerrero
militar,opuesto a,civil
escritor,instancia de,profesión
escritor,instancia de,ocupación
escritor,subclase de,autor
escritor,subclase de,artista
Coblenza,jefe de gobierno,David Langner
Coblenza,país,Alemania
Coblenza,instancia de,entidad territorial administrativa
Coblenza,instancia de,Kreisstadt
Coblenza,instancia de,gran ciudad
informático teórico,categoría relacionada,Categoría:Informáticos por país
informático teórico,instancia de,profesión
informático teórico,subclase de,científico
informático teórico,subclase de,analista de sistemas
luchador profesional,instancia de,profesión
luchador profesional,subclase de,luchador
luchador profesional,subclase de,atleta profesional
luchador profesional,ámbito de la ocupación,lucha libre profesional
luchador profesional,ámbito de la ocupación,puroresu
Mannheim,jefe de gobierno,Christian Specht
Mannheim,país,Alemania
Mannheim,instancia de,centro regional mayor
Mannheim,instancia de,Residenz
Mannheim,instancia de,ciudad universitaria
fotógrafo,instancia de,ocupación
fotógrafo,instancia de,agente
fotógrafo,subclase de,artista visual
fotógrafo,santo patrón,Verónica
Eschwege,país,Alemania
Eschwege,instancia de,villa
Eschwege,instancia de,Kreisstadt
Eschwege,instancia de,municipio urbano de Alemania
Octavio Paz,Lugar de nacimiento,Ciudad de México
Octavio Paz,Ocupación,escritor
Octavio Paz,Ciudadanía,México
Octavio Paz,Educado en,Universidad de California en Berkeley
Octavio Paz,Empleador,Universidad de Cambridge
Octavio Paz,Miembro de,Academia Brasileña de Letras
Octavio Paz,Cargo,ambassador of Mexico to India
Octavio Paz,Premio recibido,Premio Nacional de Ciencias y Artes
Octavio Paz,Fecha de nacimiento,1914-03-31
Octavio Paz,Fecha de defunción,1998-04-19
Octavio Paz,Ocupación,poeta
Octavio Paz,Ocupación,político
Octavio Paz,Ocupación,diplomático
Octavio Paz,Ocupación,traductor
Octavio Paz,Ocupación,letrista
Octavio Paz,Ciudadanía,Segunda República Española
Octavio Paz,Educado en,Universidad Nacional Autónoma de México
Octavio Paz,Educado en,Colegio Williams
Octavio Paz,Empleador,Sorbonne Universidad de París
Octavio Paz,Miembro de,Academia Estadounidense de las Artes y las Ciencias
Octavio Paz,Miembro de,Academia Mexicana de la Lengua
Alfonso Cuarón,Lugar de nacimiento,Ciudad de México
Alfonso Cuarón,Ocupación,productor de televisión
Alfonso Cuarón,Ciudadanía,México
Alfonso Cuarón,Educado en,Universidad Nacional Autónoma de México
Alfonso Cuarón,Miembro de,"Writers Guild of America, East"
Alfonso Cuarón,Premio recibido,Óscar a la mejor fotografía
Alfonso Cuarón,Fecha de nacimiento,1961-11-28
Alfonso Cuarón,Ocupación,cineasta
Alfonso Cuarón,Ocupación,realizador de televisión
Alfonso Cuarón,Ocupación,director de cine
Alfonso Cuarón,Ocupación,productor de cine
Alfonso Cuarón,Ocupación,editor de cine
Alfonso Cuarón,Ocupación,actor de televisión
Alfonso Cuarón,Ocupación,guionista
Alfonso Cuarón,Premio recibido,Óscar al mejor montaje
Alfonso Cuarón,Ocupación,director de fotografía
Alfonso Cuarón,Premio recibido,Anexo:Globo de Oro al mejor director
Alfonso Cuarón,Premio recibido,BAFTA a la mejor fotografía
Alfonso Cuarón,Premio recibido,BAFTA al mejor director
Alfonso Cuarón,Educado en,Escuela Nacional de Artes Cinematográficas
Mario Molina,Lugar de nacimiento,Ciudad de México
Mario Molina,Ocupación,ingeniero
Mario Molina,Ciudadanía,Estados Unidos
Mario Molina,Educado en,Universidad de California en Berkeley
Mario Molina,Empleador,Instituto Tecnológico de Massachusetts
Mario Molina,Miembro de,Asociación Estadounidense para el Avance de la Ciencia
Mario Molina,Premio recibido,Medalla Presidencial de la Libertad
Mario Molina,Fecha de nacimiento,1943-03-19
Mario Molina,Fecha de defunción,2020-10-07
Mario Molina,Ocupación,químico
Mario Molina,Ocupación,profesor universitario
Mario Molina,Premio recibido,Premio Nobel de Química
Mario Molina,Premio recibido,Premio Willard Gibbs
Mario Molina,Premio recibido,Premio Tyler al Logro Ambiental
Mario Molina,Premio recibido,Premio de Investigación Max Planck
Mario Molina,Premio recibido,Premio Heinz
Mario Molina,Premio recibido,Newcomb Cleveland Prize
Mario Molina,Premio recibido,Premio Ambiental Volvo
Mario Molina,Premio recibido,Caballero de la Orden Nacional de la Legión de Honor
Mario Molina,Premio recibido,Medalla de la Nasa al logro cientifico excepcional
Mario Molina,Premio recibido,Gran Cruz de la Orden de Isabel la Católica
Mario Molina,Premio recibido,Miembro de la Sociedad Estadounidense de Física
Mario Molina,Premio recibido,doctor honoris causa por la Universidad Complutense de Madrid
Mario Molina,Premio recibido,Medalla Polanyi
Mario Molina,Educado en,Universidad Nacional Autónoma de México
Mario Molina,Empleador,Laboratorio de Propulsión a Reacción
Lila Downs,Lugar de nacimiento,Estado de Oaxaca
Lila Downs,Ocupación,actor
Lila Downs,Ciudadanía,Estados Unidos
Lila Downs,Educado en,Universidad de Minnesota
Lila Downs,Premio recibido,caballero de las Artes y las Letras
Lila Downs,Fecha de nacimiento,1968-09-09
Lila Downs,Ocupación,cantautor
Lila Downs,Ocupación,cantante de ópera
Lila Downs,Ocupación,actor de cine
Lila Downs,Ocupación,artista discográfico
Lila Downs,Premio recibido,honorary doctor of the Berklee College of Music
Lila Downs,Premio recibido,Leading Ladies of Entertainment
Lila Downs,Ciudadanía,México
Lila Downs,Educado en,Universidad DePaul
Orlando Salido,Lugar de nacimiento,Ciudad Obregón
Orlando Salido,Ocupación,boxeador
Orlando Salido,Ciudadanía,México
Orlando Salido,Premio recibido,WBO World Junior Lightweight Champion
Orlando Salido,Fecha de nacimiento,1980-11-16
Orlando Salido,Premio recibido,WBO World Featherweight Champion
Rosario María Gutiérrez Eskildsen,Lugar de nacimiento,Villahermosa
Rosario María Gutiérrez Eskildsen,Ocupación,escritor
Rosario María Gutiérrez Eskildsen,Ciudadanía,México
Rosario María Gutiérrez Eskildsen,Educado en,Universidad de Columbia
Rosario María Gutiérrez Eskildsen,Fecha de nacimiento,1899-04-16
Rosario María Gutiérrez Eskildsen,Fecha de defunción,1979-05-12
Rosario María Gutiérrez Eskildsen,Ocupación,profesor
Rosario María Gutiérrez Eskildsen,Ocupación,poeta
Rosario María Gutiérrez Eskildsen,Ocupación,lingüista
Rosario María Gutiérrez Eskildsen,Ocupación,lexicógrafo
Rosario María Gutiérrez Eskildsen,Educado en,Universidad Nacional Autónoma de México
Ron Chernow,Lugar de nacimiento,Brooklyn
Ron Chernow,Ocupación,escritor
Ron Chernow,Ciudadanía,Estados Unidos
Ron Chernow,Educado en,Universidad Yale
Ron Chernow,Obra notable,The House of Morgan
Ron Chernow,Miembro de,Academia Estadounidense de las Artes y las Letras
Ron Chernow,Premio recibido,Premio Pulitzer de Biografía o Autobiografía
Ron Chernow,Fecha de nacimiento,1949-03-03
Ron Chernow,Ocupación,historiador
Ron Chernow,Ocupación,biógrafo
Ron Chernow,Ocupación,periodista
Ron Chernow,Premio recibido,Premio Nacional del Libro
Ron Chernow,Premio recibido,Medalla Nacional de Humanidades
Ron Chernow,Premio recibido,Premio Nacional del Libro de no ficción
Ron Chernow,Premio recibido,American History Book Prize
Ron Chernow,Ciudadanía,México
Gerónimo,Lugar de nacimiento,Río Gila
Gerónimo,Ocupación,líder militar
Gerónimo,Ciudadanía,Estados Unidos
Gerónimo,Cargo,comandante
Gerónimo,Fecha de nacimiento,1829-06-16
Gerónimo,Fecha de defunción,1909-02-17
Gerónimo,Ciudadanía,México
Carlos Pellicer Cámara,Lugar de nacimiento,Villahermosa
Carlos Pellicer Cámara,Ocupación,escritor
Carlos Pellicer Cámara,Ciudadanía,México
Carlos Pellicer Cámara,Empleador,Universidad Nacional Autónoma de México
Carlos Pellicer Cámara,Miembro de,Los Contemporáneos
Carlos Pellicer Cámara,Cargo,senador de México
Carlos Pellicer Cámara,Premio recibido,Premio Nacional de Ciencias y Artes
Carlos Pellicer Cámara,Fecha de nacimiento,1897-01-16
Carlos Pellicer Cámara,Fecha de defunción,1977-02-16
Carlos Pellicer Cámara,Ocupación,poeta
Carlos Pellicer Cámara,Ocupación,político
Carlos Pellicer Cámara,Ocupación,arqueólogo
Carlos Pellicer Cámara,Fecha de nacimiento,1899-01-16
Carlos Pellicer Cámara,Miembro de,Academia Mexicana de la Lengua
Florencia de Saracho,Lugar de nacimiento,Hermosillo
Florencia de Saracho,Ocupación,actor
Florencia de Saracho,Ciudadanía,México
Florencia de Saracho,Fecha de nacimiento,1981-12-04
Florencia de Saracho,Ocupación,actor de televisión
Federico Gamboa,Lugar de nacimiento,Ciudad de México
Federico Gamboa,Ocupación,escritor
Federico Gamboa,Ciudadanía,México
Federico Gamboa,Miembro de,Academia Mexicana de la Lengua
Federico Gamboa,Cargo,Secretario de Relaciones Exteriores de México
Federico Gamboa,Premio recibido,Gran Cruz de la Orden Civil de Alfonso XII
Federico Gamboa,Fecha de nacimiento,1864-12-22
Federico Gamboa,Fecha de defunción,1939-08-15
Federico Gamboa,Ocupación,político
Federico Gamboa,Ocupación,diplomático
Federico Gamboa,Ocupación,dramaturgo
Federico Gamboa,Ocupación,periodista
Federico Gamboa,Ocupación,novelista
Federico Gamboa,Premio recibido,doctorado honoris causa por la Universidad Nacional Autónoma de México
Frida Kahlo,Lugar de nacimiento,Villa Coyoacán
Frida Kahlo,Ocupación,pintor
Frida Kahlo,Ciudadanía,México
Frida Kahlo,Obra notable,Las dos Fridas
Frida Kahlo,Fecha de nacimiento,1907-07-06
Frida Kahlo,Fecha de defunción,1954-07-13
Frida Kahlo,Ocupación,artista visual
Frida Kahlo,Obra notable,Still Life: Pitahayas
Antonio Arias Bernal,Lugar de nacimiento,Aguascalientes
Antonio Arias Bernal,Ocupación,dibujante
Antonio Arias Bernal,Ciudadanía,México
Antonio Arias Bernal,Premio recibido,Premio María Moors Cabot
Antonio Arias Bernal,Fecha de nacimiento,1913-05-10
Antonio Arias Bernal,Fecha de defunción,1960-12-30
Antonio Arias Bernal,Ocupación,caricaturista
Vicente Zarazúa,Lugar de nacimiento,Ciudad de México
Vicente Zarazúa,Ocupación,tenista
Vicente Zarazúa,Ciudadanía,México
Vicente Zarazúa,Fecha de nacimiento,1944-08-27
Louis C.K.,Lugar de nacimiento,Washington D. C.
Louis C.K.,Ocupación,guionista
Louis C.K.,Ciudadanía,Estados Unidos
Louis C.K.,Educado en,Newton North High School
Louis C.K.,Miembro de,"Writers Guild of America, East"
Louis C.K.,Premio recibido,Primetime Emmy al mejor guion - Serie de comedia
Louis C.K.,Fecha de nacimiento,1967-09-12
Louis C.K.,Ocupación,actor
Louis C.K.,Ocupación,escritor
Louis C.K.,Ocupación,dramaturgo
Louis C.K.,Ocupación,comediante
Louis C.K.,Ocupación,productor de televisión
Louis C.K.,Ocupación,showrunner
Louis C.K.,Ocupación,actor de voz
Louis C.K.,Ocupación,director de cine
Louis C.K.,Ocupación,productor de cine
Louis C.K.,Ocupación,bailarín
Louis C.K.,Ocupación,actor de televisión
Louis C.K.,Ocupación,cabaretista
Louis C.K.,Ocupación,comediante en vivo
Louis C.K.,Ciudadanía,México
Jonathan dos Santos,Lugar de nacimiento,Q81033
Jonathan dos Santos,Ocupación,futbolista
Jonathan dos Santos,Ciudadanía,España
Jonathan dos Santos,Fecha de nacimiento,1990-04-26
Jonathan dos Santos,Ciudadanía,México
Esteban Gutiérrez,Lugar de nacimiento,Q81033
Esteban Gutiérrez,Ocupación,piloto de Fórmula Uno
Esteban Gutiérrez,Ciudadanía,México
Esteban Gutiérrez,Fecha de nacimiento,1991-08-05
Mario Molina,Educado en,Universidad de Friburgo
Octavio Paz,Miembro de,El Colegio Nacional
Mario Molina,Premio recibido,Doctores honoris causa por la Pontificia Universidad Católica del Perú
Mario Molina,Premio recibido,Camille Dreyfus Teacher-Scholar Awards
Mario Molina,Premio recibido,honorary doctor of the University of Miami
Mario Molina,Premio recibido,Premio Grandes Inmigrantes
Mario Molina,Ciudadanía,México
Mario Molina,Miembro de,Academia Nacional de Ciencias de los Estados Unidos
Mario Molina,Empleador,Universidad de California en San Diego
Mario Molina,Miembro de,Academia Mexicana de Ciencias
Mario Molina,Miembro de,Academia Pontificia de las Ciencias
Mario Molina,Miembro de,Academia Nacional de Medicina
Mario Molina,Miembro de,El Colegio Nacional
Ron Chernow,Obra notable,Washington: A Life
Ron Chernow,Obra notable,Alexander Hamilton
Alfonso Cuarón,Premio recibido,Dallas-Fort Worth Film Critics Association Award for Best Director
Alfonso Cuarón,Premio recibido,"premio Hugo a la mejor presentación dramática, formato largo"
Alfonso Cuarón,Premio recibido,Premios del Sindicato de Directores
Agustín I de México,Lugar de nacimiento,Q200252
Agustín I de México,Ocupación,militar
Agustín I de México,Ciudadanía,España
Agustín I de México,Cargo,Emperador de México
Agustín I de México,Fecha de nacimiento,1783-09-27
Agustín I de México,Fecha de defunción,1824-07-19
Agustín I de México,Ocupación,político
Agustín I de México,Ciudadanía,México
Adolfo Best Maugard,Lugar de nacimiento,Ciudad de México
Adolfo Best Maugard,Ocupación,pintor
Adolfo Best Maugard,Ciudadanía,México
Adolfo Best Maugard,Fecha de nacimiento,1891-06-11
Adolfo Best Maugard,Fecha de defunción,1964-08-25
Adolfo Best Maugard,Ocupación,director de cine
Adolfo Bautista,Lugar de nacimiento,Dolores Hidalgo Municipality
Adolfo Bautista,Ocupación,futbolista
Adolfo Bautista,Ciudadanía,México
Adolfo Bautista,Fecha de nacimiento,1979-05-15
Adolfo González,Ocupación,arquero
Adolfo González,Ciudadanía,México
Adolfo González,Fecha de nacimiento,1962-09-27
Adolfo Miguel Castaño Fonseca,Lugar de nacimiento,Q3300397
Adolfo Miguel Castaño Fonseca,Ocupación,sacerdote católico
Adolfo Miguel Castaño Fonseca,Ciudadanía,México
Adolfo Miguel Castaño Fonseca,Cargo,obispo auxiliar
Adolfo Miguel Castaño Fonseca,Fecha de nacimiento,1962-09-27
Adolfo Miguel Castaño Fonseca,Ocupación,obispo católico
Adolfo Miguel Castaño Fonseca,Cargo,obispo titular
Adolfo Miguel Castaño Fonseca,Cargo,obispo diocesano
Adolfo Mexiac,Lugar de nacimiento,Q20236675
Adolfo Mexiac,Ocupación,pintor
Adolfo Mexiac,Ciudadanía,México
Adolfo Mexiac,Educado en,"Escuela Nacional de Pintura, Escultura y Grabado La Esmeralda"
Adolfo Mexiac,Empleador,Universidad Nacional Autónoma de México
Adolfo Mexiac,Fecha de nacimiento,1927-08-07
Adolfo Mexiac,Fecha de defunción,2019-10-13
Adolfo Mexiac,Ocupación,profesor universitario
Adolfo Mexiac,Ocupación,grabador
Adolfo Mújica y Sáyago,Lugar de nacimiento,Ciudad de México
Adolfo Mújica y Sáyago,Ciudadanía,México
Adolfo Mújica y Sáyago,Cargo,embajador
Adolfo Mújica y Sáyago,Fecha de nacimiento,1860-08-02
Adolfo Mújica y Sáyago,Fecha de defunción,1916-12-26
Adolfo Sánchez Vázquez,Lugar de nacimiento,Algeciras
Adolfo Sánchez Vázquez,Ocupación,escritor
Adolfo Sánchez Vázquez,Ciudadanía,España
Adolfo Sánchez Vázquez,Educado en,Universidad Complutense de Madrid
Adolfo Sánchez Vázquez,Empleador,Universidad Nacional Autónoma de México
Adolfo Sánchez Vázquez,Miembro de,Consejo Consultivo de Ciencias de la Presidencia de la República
Adolfo Sánchez Vázquez,Premio recibido,Premio Nacional de Ciencias y Artes
Adolfo Sánchez Vázquez,Fecha de nacimiento,1915-09-17
Adolfo Sánchez Vázquez,Fecha de defunción,2011-07-08
Adolfo Sánchez Vázquez,Ocupación,profesor universitario
Adolfo Sánchez Vázquez,Ocupación,crítico literario
Adolfo Sánchez Vázquez,Ocupación,filósofo
Adolfo Sánchez Vázquez,Ocupación,escritor de no ficción
Adolfo Sánchez Vázquez,Premio recibido,Gran Cruz de la Orden Civil de Alfonso X el Sabio
Adolfo Sánchez Vázquez,Premio recibido,doctor honoris causa por la Universidad de Cádiz
Adolfo Sánchez Vázquez,Premio recibido,Gran Cruz de la Orden del Mérito Civil
Adolfo Sánchez Vázquez,Premio recibido,doctor honoris causa por la Universidad Complutense de Madrid
Adolfo Sánchez Vázquez,Premio recibido,doctor honoris causa por la Universidad Nacional de Educación a Distancia
Adolfo Sánchez Vázquez,Premio recibido,Doctor honoris causa de la Universidad de Buenos Aires
Adolfo Sánchez Vázquez,Premio recibido,doctorado honoris causa de la Universidad de la Habana
Adolfo Sánchez Vázquez,Ciudadanía,México
Adolfo Sánchez Vázquez,Educado en,Universidad Nacional Autónoma de México
Mario Molina,Empleador,Universidad de California en Irvine
Adolfo Sánchez Vázquez,Miembro de,Juventudes Socialistas Unificadas
León Trotski,Lugar de nacimiento,Bereslavka
León Trotski,Ocupación,diplomático
León Trotski,Ciudadanía,México
León Trotski,Educado en,Q124758082
León Trotski,Obra notable,La revolución traicionada
León Trotski,Miembro de,All-Union Society of Old Bolsheviks
León Trotski,Cargo,Ministro de Defensa de la Unión Soviética
León Trotski,Premio recibido,Orden de la Bandera Roja
León Trotski,Fecha de nacimiento,1879-11-07
León Trotski,Fecha de defunción,1940-08-21
León Trotski,Ocupación,historiador
León Trotski,Ocupación,escritor
León Trotski,Obra notable,My Life
León Trotski,Ocupación,militar
León Trotski,Ocupación,político
León Trotski,Obra notable,La revolución permanente
León Trotski,Cargo,People's Commissar
León Trotski,Cargo,Member of the Russian Constituent Assembly
León Trotski,Cargo,miembro del Politburó del comité central del Partido Comunista de la Unión Soviética
Octavio Paz,Premio recibido,Premio de la Paz del Comercio Librero Alemán
Octavio Paz,Ocupación,filósofo
Octavio Paz,Ocupación,ensayista
Octavio Paz,Premio recibido,Premio Jerusalén
Alfonso Cuarón,Premio recibido,Telluride Film Festival Silver Medallion
Alfonso Cuarón,Premio recibido,BAFTA a la mejor película británica
Alfonso Cuarón,Premio recibido,BAFTA a la mejor película de habla no inglesa
Alfonso Cuarón,Premio recibido,Best Screenplay Award (Venice Film Festival)
Alfonso Cuarón,Premio recibido,British Academy Children's Awards
Patricia Navidad,Lugar de nacimiento,Sinaloa
Patricia Navidad,Ocupación,actor
Patricia Navidad,Ciudadanía,México
Patricia Navidad,Fecha de nacimiento,1973-05-20
Patricia Navidad,Ocupación,cantante
Patricia Navidad,Ocupación,actor de teatro
Patricia Navidad,Ocupación,actor de televisión
Patricia Navidad,Ocupación,actor de cine
José Eduardo de Cárdenas,Lugar de nacimiento,Cunduacán
José Eduardo de Cárdenas,Ocupación,escritor
José Eduardo de Cárdenas,Ciudadanía,España
José Eduardo de Cárdenas,Cargo,diputado en las Cortes de Cádiz
José Eduardo de Cárdenas,Fecha de nacimiento,1765-10-12
José Eduardo de Cárdenas,Fecha de defunción,1821-01-23
José Eduardo de Cárdenas,Ocupación,poeta
José Eduardo de Cárdenas,Ocupación,político
José Eduardo de Cárdenas,Ciudadanía,México
José Eduardo de Cárdenas,Ciudadanía,Virreinato de Nueva España
Manuel Mondragón,Lugar de nacimiento,Q1962187
Manuel Mondragón,Ocupación,escritor
Manuel Mondragón,Ciudadanía,México
Manuel Mondragón,Educado en,Heroico Colegio Militar
Manuel Mondragón,Cargo,ministro
Manuel Mondragón,Premio recibido,Orden Nacional de la Legión de Honor
Manuel Mondragón,Fecha de nacimiento,1859-01-01
Manuel Mondragón,Fecha de defunción,1922-09-28
Manuel Mondragón,Ocupación,militar
Manuel Mondragón,Ocupación,político
Manuel Mondragón,Ocupación,inventor
León Trotski,Obra notable,trotskismo
León Trotski,Miembro de,Oposición de izquierda
Octavio Paz,Premio recibido,Premio Nobel de Literatura
Octavio Paz,Premio recibido,Premio Miguel de Cervantes
Omar Arellano,Lugar de nacimiento,Tampico
Omar Arellano,Ocupación,entrenador
Omar Arellano,Ciudadanía,México
Omar Arellano,Fecha de nacimiento,1967-05-29
Omar Arellano,Ocupación,futbolista
Lorena Ochoa,Lugar de nacimiento,Guadalajara
Lorena Ochoa,Ocupación,golfista
Lorena Ochoa,Ciudadanía,México
Lorena Ochoa,Educado en,Universidad de Arizona
Lorena Ochoa,Premio recibido,Salón de la Fama del Golf Mundial
Lorena Ochoa,Fecha de nacimiento,1981-11-15
Lorena Ochoa,Premio recibido,Atleta del año de Associated Press
Alfonso Cuarón,Premio recibido,Óscar al mejor director
León Trotski,Ocupación,periodista
León Trotski,Ciudadanía,Unión Soviética
León Trotski,Ocupación,revolucionario
León Trotski,Ocupación,filósofo
León Trotski,Ocupación,autobiógrafo
León Trotski,Ocupación,comunista
León Trotski,Ciudadanía,Imperio ruso
León Trotski,Ciudadanía,República Socialista Soviética de Ucrania
León Trotski,Ciudadanía,Rusia Soviética
Octavio Paz,Premio recibido,Premio Internacional Alfonso Reyes
Octavio Paz,Premio recibido,Premio Internacional Menéndez Pelayo
Octavio Paz,Premio recibido,Gran Oficial de la Orden al Mérito de la República italiana
Octavio Paz,Premio recibido,Gran Cruz de la Orden de Isabel la Católica
Octavio Paz,Premio recibido,Gran Cruz de la Orden Civil de Alfonso X el Sabio
Octavio Paz,Premio recibido,premio Mariano de Cavia
Octavio Paz,Premio recibido,Premio Internacional Neustadt de Literatura
Octavio Paz,Premio recibido,Premio Xavier Villaurrutia
Octavio Paz,Premio recibido,Beca Guggenheim
Octavio Paz,Premio recibido,Premio Princesa de Asturias de Comunicación y Humanidades
Ron Chernow,Educado en,Pembroke College
Ron Chernow,Educado en,Forest Hills High School
Salma Hayek,Lugar de nacimiento,Coatzacoalcos
Salma Hayek,Ocupación,productor de televisión
Salma Hayek,Ciudadanía,México
Salma Hayek,Educado en,Academia del Sagrado Corazón
Salma Hayek,Premio recibido,Caballero de la Orden Nacional de la Legión de Honor
Salma Hayek,Fecha de nacimiento,1966-09-02
Salma Hayek,Ocupación,actor de voz
Salma Hayek,Ocupación,director de cine
Salma Hayek,Ocupación,productor de cine
Salma Hayek,Ocupación,actor de televisión
Salma Hayek,Ocupación,actor de cine
Salma Hayek,Ocupación,actor
Salma Hayek,Premio recibido,Lucy Award
Salma Hayek,Ocupación,cantante
Salma Hayek,Premio recibido,Premio Grandes Inmigrantes
Salma Hayek,Ciudadanía,Francia
Salma Hayek,Premio recibido,Premios Daytime Emmy
Salma Hayek,Ciudadanía,Estados Unidos
Salma Hayek,Educado en,Estudio de actuación Stella Adler
Cameron Diaz,Lugar de nacimiento,San Diego
Cameron Diaz,Ocupación,actor
Cameron Diaz,Ciudadanía,México
Cameron Diaz,Educado en,Long Beach Polytechnic High School
Cameron Diaz,Obra notable,There's Something About Mary
Cameron Diaz,Premio recibido,Anexo:MTV Movie Award a la mejor actuación
Cameron Diaz,Fecha de nacimiento,1972-08-30
Cameron Diaz,Ocupación,productor de televisión
Cameron Diaz,Ocupación,productor ejecutivo
Cameron Diaz,Ocupación,actor de voz
Cameron Diaz,Ocupación,productor de cine
Cameron Diaz,Ocupación,fotomodelo
Cameron Diaz,Ocupación,modelo
Cameron Diaz,Ocupación,actor de televisión
Cameron Diaz,Ocupación,actor de cine
Cameron Diaz,Ocupación,escritor de no ficción
Cameron Diaz,Premio recibido,Anexo:MTV Movie Award al mejor dúo en pantalla
Cameron Diaz,Premio recibido,Estrella del Paseo de la Fama de Hollywood
Cameron Diaz,Obra notable,La máscara
Cameron Diaz,Obra notable,Los ángeles de Charlie
Cameron Diaz,Obra notable,Shrek 3-D
Pablo de Escandón,Lugar de nacimiento,Ciudad de México
Pablo de Escandón,Ocupación,militar
Pablo de Escandón,Ciudadanía,México
Pablo de Escandón,Educado en,Stonyhurst College
Pablo de Escandón,Fecha de nacimiento,1856-05-04
Pablo de Escandón,Fecha de defunción,1926-03-31
Andrés Guardado,Lugar de nacimiento,Guadalajara
Andrés Guardado,Ocupación,futbolista
Andrés Guardado,Ciudadanía,España
Andrés Guardado,Fecha de nacimiento,1986-09-28
Andrés Guardado,Ciudadanía,México
Lila Downs,Premio recibido,Premio Grammy latino por mejor album vocal pop contemporáneo
Luis Buñuel,Lugar de nacimiento,Calanda
Luis Buñuel,Ocupación,fotógrafo
Luis Buñuel,Ciudadanía,México
Luis Buñuel,Educado en,Universidad Complutense de Madrid
Luis Buñuel,Obra notable,Un perro andaluz
Luis Buñuel,Miembro de,Academia Estadounidense de las Artes y las Ciencias
Luis Buñuel,Premio recibido,doctor honoris causa por la Universidad de Zaragoza
Luis Buñuel,Fecha de nacimiento,1900-02-22
Luis Buñuel,Fecha de defunción,1983-07-29
Luis Buñuel,Ocupación,actor
Luis Buñuel,Ocupación,escritor
Luis Buñuel,Ocupación,compositor
Luis Buñuel,Ocupación,poeta
Luis Buñuel,Ocupación,director de cine
Luis Buñuel,Ocupación,productor de cine
Luis Buñuel,Ocupación,realizador
Luis Buñuel,Ocupación,editor de cine
Luis Buñuel,Ocupación,guionista
Luis Buñuel,Premio recibido,doctor honoris causa por la Universidad Complutense de Madrid
Luis Buñuel,Obra notable,El discreto encanto de la burguesía
Luis Buñuel,Obra notable,El ángel exterminador
Luis Buñuel,Obra notable,Nazarín
Luis Buñuel,Obra notable,Belle de jour
Luis Buñuel,Obra notable,Los olvidados
Salma Hayek,Educado en,Universidad Iberoamericana
Sara Ramírez,Lugar de nacimiento,Mazatlán
Sara Ramírez,Ocupación,actor de teatro
Sara Ramírez,Ciudadanía,Estados Unidos
Sara Ramírez,Educado en,Escuela Juilliard
Sara Ramírez,Premio recibido,Premio Tony a la mejor actriz de reparto en un musical
Sara Ramírez,Fecha de nacimiento,1975-08-31
Sara Ramírez,Ocupación,actor de voz
Sara Ramírez,Ocupación,actor de televisión
Sara Ramírez,Ocupación,actor de cine
Sara Ramírez,Premio recibido,Out100
Sara Ramírez,Ciudadanía,México
Sara Ramírez,Educado en,San Diego School of Creative and Performing Arts
Raúl Valerio,Lugar de nacimiento,Ciudad de México
Raúl Valerio,Ocupación,actor
Raúl Valerio,Ciudadanía,México
Raúl Valerio,Fecha de nacimiento,1925-01-01
Raúl Valerio,Fecha de defunción,2017-01-25
Raúl Valerio,Ocupación,actor de teatro
Raúl Valerio,Ocupación,actor de televisión
Raúl Valerio,Ocupación,actor de cine
Germán Valdés,Lugar de nacimiento,Ciudad de México
Germán Valdés,Ocupación,actor
Germán Valdés,Ciudadanía,México
Germán Valdés,Fecha de nacimiento,1915-09-19
Germán Valdés,Fecha de defunción,1973-06-29
Germán Valdés,Ocupación,cantante
Germán Valdés,Ocupación,comediante
Jorge Ibargüengoitia,Lugar de nacimiento,Guanajuato
Jorge Ibargüengoitia,Ocupación,escritor
Jorge Ibargüengoitia,Ciudadanía,México
Jorge Ibargüengoitia,Educado en,Facultad de Filosofía y Letras (Universidad Nacional Autónoma de México)
Jorge Ibargüengoitia,Obra notable,El Canario
Jorge Ibargüengoitia,Premio recibido,Premio Casa de las Américas
Jorge Ibargüengoitia,Fecha de nacimiento,1928-01-22
Jorge Ibargüengoitia,Fecha de defunción,1983-11-26
Jorge Ibargüengoitia,Ocupación,dramaturgo
Jorge Ibargüengoitia,Ocupación,novelista
Jorge Ibargüengoitia,Premio recibido,Beca Guggenheim
Jorge Ibargüengoitia,Fecha de defunción,1983-11-27
Jorge Ibargüengoitia,Educado en,Instituto de Asistencia Reumatólogica Integral
Luis Buñuel,Ciudadanía,España
Luis Buñuel,Premio recibido,Palma de Oro
Luis Buñuel,Premio recibido,León de Oro
Luis Buñuel,Educado en,Colegio del Salvador
Luis Buñuel,Premio recibido,Anexo:Premio del Festival de Cannes al mejor director
Luis Buñuel,Premio recibido,Premio Nacional de Ciencias y Artes
Luis Buñuel,Premio recibido,BAFTA al mejor guion
Luis Buñuel,Premio recibido,León de Plata - Gran Premio del Jurado
Luis Buñuel,Premio recibido,Medalla de Oro al Mérito en las Bellas Artes
Emiliano Zapata,Lugar de nacimiento,Q1813041
Emiliano Zapata,Ocupación,agricultor
Emiliano Zapata,Ciudadanía,México
Emiliano Zapata,Fecha de nacimiento,1879-08-08
Emiliano Zapata,Fecha de defunción,1919-04-10
Emiliano Zapata,Ocupación,guerrillero
Emiliano Zapata,Ocupación,revolucionario
Enrique González Martínez,Lugar de nacimiento,Guadalajara
Enrique González Martínez,Ocupación,escritor
Enrique González Martínez,Ciudadanía,México
Enrique González Martínez,Miembro de,Academia Mexicana de la Lengua
Enrique González Martínez,Premio recibido,doctorado honoris causa por la Universidad Nacional Autónoma de México
Enrique González Martínez,Fecha de nacimiento,1871-04-13
Enrique González Martínez,Fecha de defunción,1952-02-19
Enrique González Martínez,Ocupación,poeta
Enrique González Martínez,Ocupación,diplomático
Enrique González Martínez,Miembro de,El Colegio Nacional
Joaquín Reyes Chávez,Lugar de nacimiento,Torreón
Joaquín Reyes Chávez,Ocupación,futbolista
Joaquín Reyes Chávez,Ciudadanía,México
Joaquín Reyes Chávez,Fecha de nacimiento,1978-02-20
Cameron Diaz,Obra notable,Gangs of New York
Alejandro González Iñárritu,Lugar de nacimiento,Ciudad de México
Alejandro González Iñárritu,Ocupación,productor de cine
Alejandro González Iñárritu,Ciudadanía,España
Alejandro González Iñárritu,Educado en,Universidad Iberoamericana
Alejandro González Iñárritu,Cargo,presidente del jurado del Festival de Cannes
Alejandro González Iñárritu,Premio recibido,Óscar para una contribución especial
Alejandro González Iñárritu,Fecha de nacimiento,1963-08-15
Alejandro González Iñárritu,Ocupación,editor de cine
Alejandro González Iñárritu,Ocupación,guionista
Alejandro González Iñárritu,Premio recibido,AACTA International Award for Best Direction
Alejandro González Iñárritu,Ocupación,compositor
Alejandro González Iñárritu,Ocupación,director de cine
Alejandro González Iñárritu,Premio recibido,Dallas-Fort Worth Film Critics Association Award for Best Director
Alejandro González Iñárritu,Premio recibido,Anexo:Premio del Sindicato de Directores a la mejor dirección
Alejandro González Iñárritu,Premio recibido,doctorado honoris causa por la Universidad Nacional Autónoma de México
Alejandro González Iñárritu,Ciudadanía,México
Alejandro González Iñárritu,Premio recibido,Óscar al mejor guion original
Alejandro González Iñárritu,Premio recibido,Óscar a la mejor película
Alejandro González Iñárritu,Premio recibido,Óscar al mejor director
Alejandro González Iñárritu,Premio recibido,Premios César
Alejandro González Iñárritu,Premio recibido,Anexo:Premio del Festival de Cannes al mejor director
Alejandro González Iñárritu,Premio recibido,Orden de las Artes y las Letras
Alejandro González Iñárritu,Premio recibido,BAFTA al mejor director
Alejandro González Iñárritu,Premio recibido,premio Globo de Oro
Luis Buñuel,Premio recibido,Anexo:Premio Ariel de Oro
Luis Buñuel,Premio recibido,Gran Cruz de la Orden de Isabel la Católica
Felipe Calderón,Lugar de nacimiento,Q200252
Felipe Calderón,Ocupación,abogado
Felipe Calderón,Ciudadanía,México
Felipe Calderón,Educado en,Escuela de Gobierno John F. Kennedy
Felipe Calderón,Cargo,presidente de México
Felipe Calderón,Premio recibido,Caballero de la Orden del Elefante
Felipe Calderón,Fecha de nacimiento,1962-08-18
Felipe Calderón,Ocupación,político
Felipe Calderón,Ocupación,economista
Felipe Calderón,Premio recibido,Gran Cruz de la Orden del Baño
Felipe Calderón,Educado en,Instituto Tecnológico Autónomo de México
Felipe Calderón,Premio recibido,Orden de Dannebrog
Felipe Calderón,Premio recibido,Orden al Mérito de Chile
Felipe Calderón,Premio recibido,Campeones de la tierra
Felipe Calderón,Cargo,diputado de México
Felipe Calderón,Cargo,secretario de Energía de México
Felipe Calderón,Cargo,Presidente del Partido Acción Nacional
Adolfo Antonio Suárez Rivera,Lugar de nacimiento,San Cristóbal de las Casas
Adolfo Antonio Suárez Rivera,Ocupación,sacerdote católico
Adolfo Antonio Suárez Rivera,Ciudadanía,México
Adolfo Antonio Suárez Rivera,Cargo,cardenal
Adolfo Antonio Suárez Rivera,Fecha de nacimiento,1927-01-09
Adolfo Antonio Suárez Rivera,Fecha de defunción,2008-03-23
Adolfo Antonio Suárez Rivera,Ocupación,obispo católico
Adolfo Antonio Suárez Rivera,Ocupación,teólogo
Adolfo Antonio Suárez Rivera,Cargo,obispo diocesano
Adolfo Antonio Suárez Rivera,Cargo,arzobispo de Monterrey
Adolfo Best Maugard,Ocupación,guionista
Adolfo Best Maugard,Ocupación,político
Luis Buñuel,Obra notable,Viridiana
Luis Buñuel,Obra notable,La edad de oro
Luis Buñuel,Obra notable,"Las Hurdes, tierra sin pan"
Arturo Rosenblueth Stearns,Lugar de nacimiento,Chihuahua
Arturo Rosenblueth Stearns,Ocupación,filósofo
Arturo Rosenblueth Stearns,Ciudadanía,México
Arturo Rosenblueth Stearns,Educado en,Universidad Nacional Autónoma de México
Arturo Rosenblueth Stearns,Empleador,Universidad Nacional Autónoma de México
Arturo Rosenblueth Stearns,Miembro de,Academia Estadounidense de las Artes y las Ciencias
Arturo Rosenblueth Stearns,Premio recibido,Premio Nacional de Ciencias y Artes
Arturo Rosenblueth Stearns,Fecha de nacimiento,1900-10-02
Arturo Rosenblueth Stearns,Fecha de defunción,1970-09-20
Arturo Rosenblueth Stearns,Ocupación,médico
Arturo Rosenblueth Stearns,Premio recibido,Beca Guggenheim
Arturo Rosenblueth Stearns,Ocupación,físico
Arturo Rosenblueth Stearns,Ocupación,profesor universitario
Arturo Rosenblueth Stearns,Ocupación,fisiólogo
Arturo Rosenblueth Stearns,Educado en,Facultad de Medicina de París
Arturo Rosenblueth Stearns,Educado en,Colegio Franco Inglés
Arturo Rosenblueth Stearns,Educado en,Colegio Civil de Monterrey
Arturo Rosenblueth Stearns,Empleador,Instituto Politécnico Nacional
Arturo Rosenblueth Stearns,Miembro de,El Colegio Nacional
Carlos Vela,Lugar de nacimiento,Cancún
Carlos Vela,Ocupación,futbolista
Carlos Vela,Ciudadanía,México
Carlos Vela,Premio recibido,Jugador Más Valioso de la Major League Soccer
Carlos Vela,Fecha de nacimiento,1989-03-01
Carlos Vela,Premio recibido,Bota de Oro de la Major League Soccer
José Joaquín Fernández de Lizardi,Lugar de nacimiento,Ciudad de México
José Joaquín Fernández de Lizardi,Ocupación,escritor
José Joaquín Fernández de Lizardi,Ciudadanía,México
José Joaquín Fernández de Lizardi,Obra notable,El Periquillo Sarniento
José Joaquín Fernández de Lizardi,Fecha de nacimiento,1776-11-15
José Joaquín Fernández de Lizardi,Fecha de defunción,1827-06-21
José Joaquín Fernández de Lizardi,Ocupación,poeta
José Joaquín Fernández de Lizardi,Ocupación,periodista
Salma Hayek,Educado en,Escuela Ramtha de la Iluminación
Simón Radowitzky,Lugar de nacimiento,Stepanivka
Simón Radowitzky,Ocupación,obrero de construcción
Simón Radowitzky,Ciudadanía,Argentina
Simón Radowitzky,Fecha de nacimiento,1891-01-01
Simón Radowitzky,Fecha de defunción,1956-02-29
Simón Radowitzky,Ciudadanía,Imperio ruso
Simón Radowitzky,Ciudadanía,apátrida
Francisco Bramón,Lugar de nacimiento,México
Francisco Bramón,Ocupación,escritor
Francisco Bramón,Ciudadanía,México
Francisco Bramón,Fecha de nacimiento,http://www.wikidata.org/.well-known/genid/c2bb3a0e7a0610bb998e9219281ff3f3
Francisco Bramón,Fecha de defunción,1664-01-01
Francisco Bramón,Ocupación,poeta
Francisco Bramón,Ocupación,presbítero católico de rito latino
Felipe Calderón,Premio recibido,Orden de Belice
Felipe Calderón,Premio recibido,Orden del Quetzal
Felipe Calderón,Educado en,Escuela Libre de Derecho
Rudy Youngblood,Lugar de nacimiento,Belton
Rudy Youngblood,Ocupación,actor
Rudy Youngblood,Ciudadanía,Estados Unidos
Rudy Youngblood,Educado en,Belton High School
Rudy Youngblood,Fecha de nacimiento,1982-09-21
Rudy Youngblood,Ocupación,pintor
Rudy Youngblood,Ocupación,actor de televisión
Rudy Youngblood,Ocupación,actor de cine
Rudy Youngblood,Ciudadanía,México
Adolfo Sánchez Vázquez,Empleador,Universidad Michoacana de San Nicolás de Hidalgo
Francisco León de la Barra,Lugar de nacimiento,Santiago de Querétaro
Francisco León de la Barra,Ocupación,juez
Francisco León de la Barra,Ciudadanía,México
Francisco León de la Barra,Educado en,Universidad Nacional Autónoma de México
Francisco León de la Barra,Miembro de,Instituto de Derecho Internacional
Francisco León de la Barra,Cargo,ministro
Francisco León de la Barra,Fecha de nacimiento,1863-06-16
Francisco León de la Barra,Fecha de defunción,1939-09-23
Francisco León de la Barra,Ocupación,abogado
Francisco León de la Barra,Ocupación,político
Francisco León de la Barra,Ocupación,diplomático
Francisco León de la Barra,Cargo,embajador
Arturo Rosenblueth Stearns,Educado en,Universidad Harvard
Patricia Espinosa Cantellano,Lugar de nacimiento,Ciudad de México
Patricia Espinosa Cantellano,Ocupación,político
Patricia Espinosa Cantellano,Ciudadanía,México
Patricia Espinosa Cantellano,Educado en,Universidad de Ginebra
Patricia Espinosa Cantellano,Empleador,Organización de las Naciones Unidas
Patricia Espinosa Cantellano,Cargo,Secretario de Relaciones Exteriores de México
Patricia Espinosa Cantellano,Premio recibido,Cruz federal de la República de Alemania al mérito
Patricia Espinosa Cantellano,Fecha de nacimiento,1958-10-21
Patricia Espinosa Cantellano,Ocupación,diplomático
Raúl Cárdenas,Lugar de nacimiento,Ciudad de México
Raúl Cárdenas,Ocupación,entrenador
Raúl Cárdenas,Ciudadanía,México
Raúl Cárdenas,Fecha de nacimiento,1928-10-30
Raúl Cárdenas,Fecha de defunción,2016-03-25
Raúl Cárdenas,Ocupación,futbolista
Antonio Salazar,Lugar de nacimiento,Ciudad Madero
Antonio Salazar,Ocupación,futbolista
Antonio Salazar,Ciudadanía,México
Antonio Salazar,Fecha de nacimiento,1989-02-07
Antonio Salazar,Fecha de defunción,2022-05-08
María Inés Teresa del Santísimo Sacramento,Lugar de nacimiento,Q151450
María Inés Teresa del Santísimo Sacramento,Ciudadanía,México
María Inés Teresa del Santísimo Sacramento,Fecha de nacimiento,1904-07-07
María Inés Teresa del Santísimo Sacramento,Fecha de defunción,1981-07-22
Mario Van Peebles,Lugar de nacimiento,Ciudad de México
Mario Van Peebles,Ocupación,guionista
Mario Van Peebles,Ciudadanía,Estados Unidos
Mario Van Peebles,Educado en,Universidad de Columbia
Mario Van Peebles,Fecha de nacimiento,1957-01-15
Mario Van Peebles,Ocupación,actor
Mario Van Peebles,Ocupación,realizador de televisión
Mario Van Peebles,Ocupación,director de cine
Mario Van Peebles,Ocupación,productor de cine
Mario Van Peebles,Ocupación,realizador
Mario Van Peebles,Ocupación,modelo
Mario Van Peebles,Ocupación,actor de televisión
Mario Van Peebles,Ocupación,actor de cine
Mario Van Peebles,Ciudadanía,México
Mario Van Peebles,Educado en,St. Thomas More School
Alfonso Montemayor,Lugar de nacimiento,Tampico
Alfonso Montemayor,Ocupación,futbolista
Alfonso Montemayor,Ciudadanía,México
Alfonso Montemayor,Fecha de nacimiento,1922-04-28
Alfonso Montemayor,Fecha de defunción,2012-11-23
Francisco León de la Barra,Cargo,presidente de México
Tomás Garrido Canabal,Lugar de nacimiento,Catazajá
Tomás Garrido Canabal,Ocupación,militar
Tomás Garrido Canabal,Ciudadanía,México
Tomás Garrido Canabal,Cargo,ministro
Tomás Garrido Canabal,Fecha de nacimiento,1891-09-20
Tomás Garrido Canabal,Fecha de defunción,1943-04-08
Tomás Garrido Canabal,Ocupación,político
Tomás Garrido Canabal,Cargo,gobernador de Yucatán
Patricia Espinosa Cantellano,Premio recibido,Grand Cross of Honor for Services to the Republic of Austria
Patricia Espinosa Cantellano,Premio recibido,Gran Cruz de la Orden El Sol del Perú
Patricia Espinosa Cantellano,Educado en,El Colegio de México
Patricia Espinosa Cantellano,Cargo,embajador de México en Austria
Patricia Espinosa Cantellano,Cargo,embajador de México en Alemania
Patricia Espinosa Cantellano,Cargo,ambassador of Mexico to Slovenia
Patricia Espinosa Cantellano,Cargo,Executive Secretary of the UNFCCC Secretariat
Octavio Ocampo,Lugar de nacimiento,Celaya
Octavio Ocampo,Ocupación,pintor
Octavio Ocampo,Ciudadanía,México
Octavio Ocampo,Educado en,San Francisco Art Institute
Octavio Ocampo,Fecha de nacimiento,1943-02-28
Octavio Ocampo,Ocupación,escultor
Octavio Ocampo,Educado en,"Escuela Nacional de Pintura, Escultura y Grabado La Esmeralda"
Miguel de Icaza Amozorrutia,Lugar de nacimiento,Ciudad de México
Miguel de Icaza Amozorrutia,Ocupación,ingeniero
Miguel de Icaza Amozorrutia,Ciudadanía,Estados Unidos
Miguel de Icaza Amozorrutia,Educado en,Universidad Nacional Autónoma de México
Miguel de Icaza Amozorrutia,Empleador,Microsoft
Miguel de Icaza Amozorrutia,Obra notable,Q44316
Miguel de Icaza Amozorrutia,Premio recibido,FSF Award for the Advancement of Free Software
Miguel de Icaza Amozorrutia,Fecha de nacimiento,1972-11-23
Miguel de Icaza Amozorrutia,Ocupación,informático teórico
Miguel de Icaza Amozorrutia,Ocupación,emprendedor
Miguel de Icaza Amozorrutia,Ocupación,evangelista tecnológico
Miguel de Icaza Amozorrutia,Ocupación,desarrollador de software
Miguel de Icaza Amozorrutia,Ocupación,programador
Miguel de Icaza Amozorrutia,Ciudadanía,México
Miguel de Icaza Amozorrutia,Empleador,Novell
Miguel de Icaza Amozorrutia,Obra notable,Proyecto Mono
Felipe Calderón,Premio recibido,Orden de San Carlos
Felipe Calderón,Premio recibido,Orden Nacional José Matías Delgado
Felipe Calderón,Premio recibido,Collar de la Orden de Isabel la Católica
Felipe Calderón,Premio recibido,Gran Collar de la Orden Nacional de la Cruz del Sur
Felipe Calderón,Premio recibido,Collar de la Orden del Mérito Civil
Felipe Calderón,Premio recibido,Llave de Oro de Madrid
Arturo Rosenblueth Stearns,Empleador,Instituto Nacional de Cardiología Ignacio Chávez
Fernando Casanova,Lugar de nacimiento,Guadalajara
Fernando Casanova,Ocupación,actor de cine
Fernando Casanova,Ciudadanía,México
Fernando Casanova,Fecha de nacimiento,1925-11-24
Fernando Casanova,Fecha de defunción,2012-11-16
Erubey Cabuto,Lugar de nacimiento,Tepic
Erubey Cabuto,Ocupación,futbolista
Erubey Cabuto,Ciudadanía,México
Erubey Cabuto,Fecha de nacimiento,1975-09-06
Fernando Gutiérrez Barrios,Lugar de nacimiento,Veracruz
Fernando Gutiérrez Barrios,Ocupación,juez
Fernando Gutiérrez Barrios,Ciudadanía,México
Fernando Gutiérrez Barrios,Educado en,Heroico Colegio Militar
Fernando Gutiérrez Barrios,Cargo,Gobernadores de Veracruz
Fernando Gutiérrez Barrios,Fecha de nacimiento,1927-10-26
Fernando Gutiérrez Barrios,Fecha de defunción,2000-10-30
Fernando Gutiérrez Barrios,Ocupación,militar
Fernando Gutiérrez Barrios,Ocupación,político
Fernando Gutiérrez Barrios,Cargo,senador de México
Fernando Gutiérrez Barrios,Cargo,Secretario de Gobernación
Vicente Fernández,Lugar de nacimiento,Guadalajara
Vicente Fernández,Ocupación,actor
Vicente Fernández,Ciudadanía,México
Vicente Fernández,Premio recibido,premio Grammy al mejor álbum regional mexicano o texano
Vicente Fernández,Fecha de nacimiento,1940-02-17
Vicente Fernández,Fecha de defunción,2021-12-12
Vicente Fernández,Ocupación,cantante
Vicente Fernández,Ocupación,productor de cine
Vicente Fernández,Premio recibido,Persona del Año de La Academia Latina de la Grabación
Vicente Fernández,Premio recibido,Premio Grammy latino por mejor álbum de música ranchera/mariachi
Vicente Fernández,Premio recibido,Estrella del Paseo de la Fama de Hollywood
Vicente Fernández,Premio recibido,Premio Billboard Salón de la Fama
Vicente Fernández,Premio recibido,Premio Lo Nuestro a la Excelencia
Julio Enrique Gómez,Lugar de nacimiento,Tampico
Julio Enrique Gómez,Ocupación,futbolista
Julio Enrique Gómez,Ciudadanía,México
Julio Enrique Gómez,Fecha de nacimiento,1994-08-13
Lukas Vischer,Lugar de nacimiento,Basilea
Lukas Vischer,Ocupación,pintor
Lukas Vischer,Ciudadanía,Suiza
Lukas Vischer,Fecha de nacimiento,1780-10-24
Lukas Vischer,Fecha de defunción,1840-12-23
Lukas Vischer,Ciudadanía,México
José Antonio Patlán,Lugar de nacimiento,Irapuato
José Antonio Patlán,Ocupación,futbolista
José Antonio Patlán,Ciudadanía,México
José Antonio Patlán,Fecha de nacimiento,1983-01-12
Dolores del Río,Lugar de nacimiento,Victoria de Durango
Dolores del Río,Ocupación,actor
Dolores del Río,Ciudadanía,México
Dolores del Río,Empleador,Warner Bros.
Dolores del Río,Premio recibido,Anexo:Premio Ariel de Oro
Dolores del Río,Fecha de nacimiento,1904-08-03
Dolores del Río,Fecha de defunción,1983-04-11
Dolores del Río,Ocupación,actor de teatro
Dolores del Río,Ocupación,actor de televisión
Dolores del Río,Ocupación,actor de cine
Dolores del Río,Premio recibido,Premio Ariel a mejor actriz
Dolores del Río,Premio recibido,Estrella del Paseo de la Fama de Hollywood
John Sutter,Lugar de nacimiento,Kandern
John Sutter,Ocupación,empresario
John Sutter,Ciudadanía,Estados Unidos
John Sutter,Fecha de nacimiento,1803-02-15
John Sutter,Fecha de defunción,1880-06-18
John Sutter,Ocupación,explorador
John Sutter,Fecha de nacimiento,1803-02-28
John Sutter,Ciudadanía,Suiza
John Sutter,Ciudadanía,México
Pablo Emilio Madero,Lugar de nacimiento,San Pedro
Pablo Emilio Madero,Ocupación,ingeniero
Pablo Emilio Madero,Ciudadanía,México
Pablo Emilio Madero,Educado en,Universidad Nacional Autónoma de México
Pablo Emilio Madero,Cargo,diputado de México
Pablo Emilio Madero,Fecha de nacimiento,1921-08-03
Pablo Emilio Madero,Fecha de defunción,2007-03-16
Pablo Emilio Madero,Ocupación,político
Agustín I de México,Ocupación,vexilólogo
Adolfo de la Huerta,Lugar de nacimiento,Heroica Guaymas
Adolfo de la Huerta,Ocupación,militar
Adolfo de la Huerta,Ciudadanía,México
Adolfo de la Huerta,Educado en,Escuela Nacional Preparatoria
Adolfo de la Huerta,Cargo,ministro
Adolfo de la Huerta,Fecha de nacimiento,1881-05-26
Adolfo de la Huerta,Fecha de defunción,1955-07-09
Adolfo de la Huerta,Ocupación,político
Adolfo de la Huerta,Cargo,presidente de México
Jesús Eduardo Zavala,Lugar de nacimiento,Q81033
Jesús Eduardo Zavala,Ocupación,futbolista
Jesús Eduardo Zavala,Ciudadanía,México
Jesús Eduardo Zavala,Fecha de nacimiento,1987-07-21
Danna Paola,Lugar de nacimiento,Ciudad de México
Danna Paola,Ocupación,actor
Danna Paola,Ciudadanía,México
Danna Paola,Fecha de nacimiento,1995-06-23
Danna Paola,Ocupación,cantante
Danna Paola,Ocupación,compositor de canciones
Danna Paola,Ocupación,modelo
Luis Estrada,Lugar de nacimiento,Jalisco
Luis Estrada,Ocupación,entrenador
Luis Estrada,Ciudadanía,México
Luis Estrada,Fecha de nacimiento,1948-07-07
Luis Estrada,Ocupación,futbolista
Guillermo González Camarena,Lugar de nacimiento,Guadalajara
Guillermo González Camarena,Ocupación,ingeniero
Guillermo González Camarena,Ciudadanía,México
Guillermo González Camarena,Educado en,Instituto Politécnico Nacional
Guillermo González Camarena,Empleador,Instituto Politécnico Nacional
Guillermo González Camarena,Fecha de nacimiento,1917-02-17
Guillermo González Camarena,Fecha de defunción,1965-04-18
Ricardo Flores Magón,Lugar de nacimiento,Eloxochitlán de Flores Magón
Ricardo Flores Magón,Ocupación,escritor
Ricardo Flores Magón,Ciudadanía,México
Ricardo Flores Magón,Educado en,Facultad de Derecho de la Universidad Nacional Autónoma de México
Ricardo Flores Magón,Fecha de nacimiento,1873-09-16
Ricardo Flores Magón,Fecha de defunción,1922-11-21
Ricardo Flores Magón,Ocupación,militar
Ricardo Flores Magón,Ocupación,político
Ricardo Flores Magón,Ocupación,periodista
Ricardo Flores Magón,Ocupación,revolucionario
Ricardo Flores Magón,Ocupación,filósofo
Ricardo Flores Magón,Ocupación,anarquista
Ricardo Flores Magón,Ocupación,sindicalista
Abner Mares,Lugar de nacimiento,Guadalajara
Abner Mares,Ocupación,boxeador
Abner Mares,Ciudadanía,México
Abner Mares,Educado en,Artesia High School
Abner Mares,Fecha de nacimiento,1985-11-28
Simón Radowitzky,Ciudadanía,México
Gaspar Fernández,Lugar de nacimiento,Guatemala
Gaspar Fernández,Ocupación,compositor
Gaspar Fernández,Ciudadanía,México
Gaspar Fernández,Fecha de nacimiento,1566-01-01
Gaspar Fernández,Fecha de defunción,1629-01-01
Gaspar Fernández,Ciudadanía,Guatemala
John Doeg,Lugar de nacimiento,Heroica Guaymas
John Doeg,Ocupación,tenista
John Doeg,Ciudadanía,Estados Unidos
John Doeg,Educado en,Universidad Stanford
John Doeg,Premio recibido,Salón Internacional de la Fama del tenis
John Doeg,Fecha de nacimiento,1908-12-07
John Doeg,Fecha de defunción,1978-04-27
John Doeg,Ciudadanía,México
Alina Garciamendez,Lugar de nacimiento,Los Gatos
Alina Garciamendez,Ocupación,futbolista
Alina Garciamendez,Ciudadanía,Estados Unidos
Alina Garciamendez,Educado en,Universidad Stanford
Alina Garciamendez,Fecha de nacimiento,1991-04-16
Alina Garciamendez,Ciudadanía,México
Salvador Novo,Lugar de nacimiento,Ciudad de México
Salvador Novo,Ocupación,guionista de cine
Salvador Novo,Ciudadanía,México
Salvador Novo,Educado en,Escuela Nacional Preparatoria
Salvador Novo,Obra notable,La estatua de sal
Salvador Novo,Miembro de,Teatro de Ulises
Salvador Novo,Cargo,cronista
Salvador Novo,Premio recibido,Premio Nacional de Ciencias y Artes
Salvador Novo,Fecha de nacimiento,1904-07-30
Salvador Novo,Fecha de defunción,1974-01-13
Paul Kirchhoff,Lugar de nacimiento,Halle
Paul Kirchhoff,Ocupación,profesor universitario
Paul Kirchhoff,Ciudadanía,México
Paul Kirchhoff,Educado en,Universidad de Leipzig
Paul Kirchhoff,Empleador,Escuela Nacional de Antropología e Historia
Paul Kirchhoff,Fecha de nacimiento,1900-08-17
Paul Kirchhoff,Fecha de defunción,1972-09-13
Paul Kirchhoff,Ocupación,antropólogo
Paul Kirchhoff,Ocupación,filósofo
Paul Kirchhoff,Ciudadanía,República de Weimar
Paul Kirchhoff,Ciudadanía,Imperio alemán
Mathias Goeritz,Lugar de nacimiento,Gdansk
Mathias Goeritz,Ocupación,escritor
Mathias Goeritz,Ciudadanía,México
Mathias Goeritz,Fecha de nacimiento,1915-04-04
Mathias Goeritz,Fecha de defunción,1990-08-04
Mathias Goeritz,Ocupación,arquitecto
Mathias Goeritz,Ocupación,pintor
Mathias Goeritz,Ocupación,escultor
Mathias Goeritz,Ciudadanía,Alemania
Fernando Casanova,Ocupación,actor de televisión
Ultiminio Ramos,Lugar de nacimiento,Matanzas
Ultiminio Ramos,Ocupación,boxeador
Ultiminio Ramos,Ciudadanía,México
Ultiminio Ramos,Fecha de nacimiento,1941-12-02
Ultiminio Ramos,Fecha de defunción,2017-09-03
Ultiminio Ramos,Ciudadanía,Cuba
Antonio López Ojedo,Lugar de nacimiento,La Paz
Antonio López Ojedo,Ocupación,futbolista
Antonio López Ojedo,Ciudadanía,México
Antonio López Ojedo,Fecha de nacimiento,1989-05-18
Pablo de Escandón,Ocupación,polista
Manuel de Escandón,Lugar de nacimiento,Ciudad de México
Manuel de Escandón,Ocupación,polista
Manuel de Escandón,Ciudadanía,México
Manuel de Escandón,Fecha de nacimiento,1857-08-13
Manuel de Escandón,Fecha de defunción,1940-12-13
Mario Alberto Gallegos,Lugar de nacimiento,Guadalajara
Mario Alberto Gallegos,Ocupación,futbolista
Mario Alberto Gallegos,Ciudadanía,México
Mario Alberto Gallegos,Fecha de nacimiento,1988-04-15
Sara Ramírez,Ocupación,compositor
Sara Ramírez,Ocupación,cantante
Sara Ramírez,Ocupación,cantautor
Sara Ramírez,Ocupación,compositor de canciones
Miguel de Icaza Amozorrutia,Empleador,Ximian
Miguel de Icaza Amozorrutia,Empleador,Xamarin
Jorge Cuesta,Lugar de nacimiento,Córdoba
Jorge Cuesta,Ocupación,escritor
Jorge Cuesta,Ciudadanía,México
Jorge Cuesta,Educado en,Universidad Nacional Autónoma de México
Jorge Cuesta,Fecha de nacimiento,1903-09-23
Jorge Cuesta,Fecha de defunción,1942-08-13
Jorge Cuesta,Ocupación,poeta
Jorge Cuesta,Ocupación,químico
Jorge Cuesta,Ocupación,periodista
Jorge Cuesta,Ocupación,crítico literario
Salvador Novo,Ocupación,escritor
Salvador Novo,Miembro de,Los Contemporáneos
Salvador Novo,Ocupación,poeta
Salvador Novo,Ocupación,funcionario
Salvador Novo,Ocupación,dramaturgo
Salvador Novo,Ocupación,periodista
Salvador Novo,Ocupación,cronista
Salvador Novo,Miembro de,Academia Mexicana de la Lengua
productor de televisión,instancia de,profesión
productor de televisión,instancia de,cargo
productor de televisión,subclase de,profesional de medios
productor de televisión,subclase de,productor
productor de televisión,forma parte de,equipo de televisión
ingeniero,categoría relacionada,Categoría:Ingenieros químicos
Ciudad Obregón,país,México
Ciudad Obregón,instancia de,gran ciudad
Ciudad Obregón,instancia de,cabecera municipal
Ciudad Obregón,instancia de,localidad de México
Ciudad Obregón,situado en la entidad territorial administrativa,Cajeme
Brooklyn,jefe de gobierno,Antonio Reynoso
Brooklyn,país,Estados Unidos
Brooklyn,instancia de,Distritos de la ciudad de Nueva York
Brooklyn,comparte fronteras con,Manhattan
Río Gila,país,Estados Unidos
Río Gila,instancia de,río
Río Gila,situado en la entidad territorial administrativa,condado de Greenlee
Río Gila,situado en la entidad territorial administrativa,condado de Gila
Río Gila,situado en la entidad territorial administrativa,Condado de Maricopa
líder militar,instancia de,profesión
líder militar,subclase de,oficial militar
líder militar,subclase de,líder
líder militar,categoría principal del tema,Categoría:Líderes militares
Hermosillo,país,México
Hermosillo,instancia de,ciudad
Hermosillo,instancia de,gran ciudad
Hermosillo,instancia de,localidad de México
Hermosillo,situado en la entidad territorial administrativa,Hermosillo
Villa Coyoacán,país,México
Villa Coyoacán,instancia de,barrio
Villa Coyoacán,situado en la entidad territorial administrativa,Ciudad de México
Aguascalientes,categoría de personas relacionadas,Categoría:Personas de Aguascalientes (ciudad)
Aguascalientes,país,México
Aguascalientes,instancia de,ciudad
Aguascalientes,instancia de,gran ciudad
dibujante,instancia de,profesión
dibujante,instancia de,ocupación
dibujante,subclase de,artista gráfico
dibujante,subclase de,dibujante
dibujante,ámbito de la ocupación,dibujo humorístico
tenista,instancia de,profesión
tenista,subclase de,deportista
tenista,subclase de,jugador competitivo
tenista,ámbito de la ocupación,tenis
tenista,ámbito de la ocupación,tenis femenino
Washington D. C.,jefe de gobierno,Muriel Bowser
Washington D. C.,país,Estados Unidos
Washington D. C.,continente,América del Norte
Washington D. C.,instancia de,capital federal
Washington D. C.,comparte fronteras con,Alexandria
guionista,ámbito de la ocupación,escritura de guiones
guionista,categoría principal del tema,Categoría:Guionistas
piloto de Fórmula Uno,instancia de,profesión
piloto de Fórmula Uno,subclase de,piloto de automovilismo
piloto de Fórmula Uno,ámbito de la ocupación,Fórmula 1
piloto de Fórmula Uno,categoría principal del tema,Categoría:Pilotos de Fórmula 1
piloto de Fórmula Uno,plantilla principal del tema,Plantilla:Ficha de piloto de Fórmula 1
arquero,instancia de,profesión
arquero,subclase de,deportista
arquero,ámbito de la ocupación,tiro con arco
arquero,deporte,tiro con arco
arquero,categoría principal del tema,Categoría:Arqueros
Algeciras,jefe de gobierno,José Ignacio Landaluce
Algeciras,país,España
Algeciras,continente,Europa
Algeciras,instancia de,municipio de España
Algeciras,comparte fronteras con,Tarifa
diplomático,instancia de,profesión
diplomático,instancia de,título corporativo
diplomático,subclase de,estadista
diplomático,subclase de,alto cargo
diplomático,ámbito de la ocupación,diplomacia
Sinaloa,país,México
Sinaloa,continente,América del Norte
Sinaloa,instancia de,estado de México
Sinaloa,capital,Culiacán
Sinaloa,comparte fronteras con,Chihuahua
Cunduacán,país,México
Cunduacán,instancia de,ciudad
Cunduacán,instancia de,localidad de México
Cunduacán,situado en la entidad territorial administrativa,Cunduacán
Cunduacán,se encuentra en el huso horario,UTC−6
golfista,instancia de,profesión
golfista,instancia de,ocupación
golfista,subclase de,deportista
golfista,subclase de,jugador competitivo
golfista,santo patrón,Andrés el Apóstol
Coatzacoalcos,país,México
Coatzacoalcos,instancia de,ciudad
Coatzacoalcos,instancia de,localidad de México
Coatzacoalcos,comparte fronteras con,Pajapan
Coatzacoalcos,situado en la entidad territorial administrativa,Municipio de Coatzacoalcos
San Diego,jefe de gobierno,Todd Gloria
San Diego,país,Estados Unidos
San Diego,instancia de,sede de condado
San Diego,instancia de,ciudad fronteriza
San Diego,instancia de,ciudad de Estados Unidos
Calanda,jefe de gobierno,José Alberto Herrero Bono
Calanda,país,España
Calanda,continente,Europa
Calanda,instancia de,municipio de España
Calanda,capital,Calanda
Mazatlán,país,México
Mazatlán,instancia de,ciudad
Mazatlán,instancia de,gran ciudad
Mazatlán,instancia de,localidad de México
Mazatlán,situado en la entidad territorial administrativa,Municipio de Mazatlán
actor de teatro,instancia de,oficio del teatro
actor de teatro,subclase de,actor
actor de teatro,ámbito de la ocupación,teatro
actor de teatro,categoría principal del tema,Categoría:Actores de teatro
Guanajuato,país,México
Guanajuato,instancia de,ciudad
Guanajuato,instancia de,localidad de México
Guanajuato,fundador,Antonio de Mendoza y Pacheco
agricultor,instancia de,ocupación
agricultor,subclase de,trabajador agrícola
agricultor,subclase de,cultivadores de cultivos extensivos y hortalizas
Torreón,país,México
Torreón,instancia de,ciudad
Torreón,instancia de,gran ciudad
Torreón,instancia de,localidad de México
productor de cine,instancia de,profesión del cine
productor de cine,subclase de,productor
productor de cine,ámbito de la ocupación,producción cinematográfica
editor de cine,instancia de,profesión
editor de cine,instancia de,profesión del cine
editor de cine,subclase de,cineasta
editor de cine,subclase de,realizador
editor de cine,subclase de,miembro del equipo de filmación
San Cristóbal de las Casas,país,México
San Cristóbal de las Casas,instancia de,gran ciudad
San Cristóbal de las Casas,instancia de,localidad de México
San Cristóbal de las Casas,nombrado en referencia a,Cristóbal de Licia
Chihuahua,jefe de gobierno,María Eugenia Campos Galván
Chihuahua,país,México
Chihuahua,instancia de,ciudad
Chihuahua,instancia de,gran ciudad
Chihuahua,instancia de,localidad de México
filósofo,instancia de,ocupación
filósofo,subclase de,académico de humanidades
filósofo,santo patrón,Tomás de Aquino
filósofo,santo patrón,Alberto Magno
filósofo,santo patrón,Catalina de Alejandría
Cancún,país,México
Cancún,instancia de,ciudad
Cancún,instancia de,gran ciudad
Cancún,instancia de,localidad de México
obrero de construcción,instancia de,ocupación
obrero de construcción,subclase de,trabajador de cuello azul
obrero de construcción,subclase de,obrero
Belton,país,Estados Unidos
Belton,instancia de,sede de condado
Belton,instancia de,ciudad de Estados Unidos
Belton,comparte fronteras con,Temple
Santiago de Querétaro,país,México
Santiago de Querétaro,instancia de,ciudad
Santiago de Querétaro,instancia de,localidad de México
Santiago de Querétaro,instancia de,ciudad más grande
juez,instancia de,embede
juez,instancia de,profesión jurídica
juez,instancia de,grupo de ocupaciones de la CIUO
juez,subclase de,jurista
Ciudad Madero,país,México
Ciudad Madero,instancia de,localidad de México
Ciudad Madero,situado en la entidad territorial administrativa,Ciudad Madero
Ciudad Madero,situado cerca del cuerpo de agua,río Pánuco
Ciudad Madero,se encuentra en el huso horario,UTC−6
Catazajá,país,México
Catazajá,instancia de,localidad de México
Catazajá,se encuentra en el huso horario,UTC−6
Celaya,país,México
Celaya,instancia de,localidad de México
Celaya,comparte fronteras con,Comonfort
Celaya,fundador,Martín Enríquez de Almansa
actor de cine,instancia de,profesión del cine
actor de cine,subclase de,actor
actor de cine,categoría principal del tema,Categoría:Actores de cine
actor de cine,diferente de,actor de televisión
Tepic,país,México
Tepic,instancia de,ciudad
Tepic,instancia de,gran ciudad
Tepic,instancia de,localidad de México
Tepic,fundador,Nuño de Guzmán
Veracruz,país,México
Veracruz,instancia de,ciudad
Veracruz,instancia de,gran ciudad
Veracruz,instancia de,asentamiento portuario
Veracruz,instancia de,localidad de México
Basilea,jefe de gobierno,Beat Jans
Basilea,jefe de gobierno,Conradin Cramer
Basilea,país,Suiza
Basilea,instancia de,gemeinde de Suiza
Basilea,instancia de,ciudad fronteriza
Irapuato,país,México
Irapuato,instancia de,ciudad
Irapuato,instancia de,gran ciudad
Irapuato,fundador,Vasco de Quiroga
Victoria de Durango,país,México
Victoria de Durango,instancia de,localidad de México
Victoria de Durango,fundador,Francisco de Ibarra
Victoria de Durango,ciudad hermana,Vigo
Kandern,país,Alemania
Kandern,instancia de,municipio urbano de Alemania
Kandern,comparte fronteras con,Lörrach
Kandern,comparte fronteras con,Steinen
Kandern,situado en la entidad territorial administrativa,Lörrach
empresario,instancia de,profesión
empresario,instancia de,persona jurídica
empresario,instancia de,ocupación
empresario,instancia de,concepto económico
San Pedro,país,México
San Pedro,instancia de,localidad de México
San Pedro,se encuentra en el huso horario,UTC−6
Eloxochitlán de Flores Magón,país,México
Eloxochitlán de Flores Magón,instancia de,localidad de México
Guatemala,país,Guatemala
Guatemala,jefe de gobierno,Bernardo Arévalo de León
Guatemala,continente,América del Norte
Guatemala,instancia de,país
Guatemala,instancia de,república
Los Gatos,país,Estados Unidos
Los Gatos,comparte fronteras con,San José
Los Gatos,comparte fronteras con,Saratoga
Los Gatos,comparte fronteras con,Monte Sereno
guionista de cine,instancia de,profesión del cine
guionista de cine,subclase de,guionista
guionista de cine,ámbito de la ocupación,guión cinematográfico
guionista de cine,categoría principal del tema,Categoría:Guionistas de cine
guionista de cine,producto,guion cinematográfico
Halle,país,Alemania
Halle,instancia de,municipio urbano de Alemania
Halle,comparte fronteras con,Werther
Halle,comparte fronteras con,Steinhagen
Halle,comparte fronteras con,Versmold
profesor universitario,instancia de,profesión académica
profesor universitario,subclase de,profesor
profesor universitario,subclase de,académico
profesor universitario,ámbito de la ocupación,enseñanza
Gdansk,jefe de gobierno,Aleksandra Dulkiewicz
Gdansk,país,Polonia
Gdansk,instancia de,ciudad de la Liga Hanseática
Gdansk,instancia de,ciudad con derechos de distrito
Gdansk,instancia de,gran ciudad
Matanzas,país,Cuba
Matanzas,instancia de,ciudad
Matanzas,instancia de,municipio de Cuba
Matanzas,instancia de,gran ciudad
La Paz,país,México
La Paz,instancia de,gran ciudad
La Paz,instancia de,localidad de México
La Paz,ciudad hermana,Ciudad de Yibuti
polista,instancia de,profesión
polista,subclase de,deportista
polista,subclase de,jugador competitivo
polista,ámbito de la ocupación,polo
polista,categoría principal del tema,Categoría:Jinetes de polo
Córdoba,país,México
Córdoba,instancia de,ciudad
Córdoba,instancia de,gran ciudad
Córdoba,instancia de,localidad de México
Córdoba,situado en la entidad territorial administrativa,Córdoba
Carlos Fuentes,Lugar de nacimiento,Ciudad de Panamá
Carlos Fuentes,Ocupación,periodista de opinión
Carlos Fuentes,Ciudadanía,México
Carlos Fuentes,Educado en,Universidad Nacional Autónoma de México
Carlos Fuentes,Empleador,Universidad Harvard
Carlos Fuentes,Obra notable,Terra Nostra
Carlos Fuentes,Miembro de,Academia Estadounidense de las Artes y las Ciencias
Carlos Fuentes,Cargo,ambassador of Mexico to France
Carlos Fuentes,Premio recibido,Grinzane Cavour Prize
Carlos Fuentes,Fecha de nacimiento,1928-11-11
Carlos Fuentes,Fecha de defunción,2012-05-15
Carlos Fuentes,Educado en,The Grange School
Carlos Fuentes,Empleador,Universidad de Princeton
Carlos Fuentes,Empleador,Universidad de Columbia
Carlos Fuentes,Empleador,Universidad Brown
Carlos Fuentes,Empleador,Universidad de Pensilvania
Carlos Fuentes,Obra notable,La muerte de Artemio Cruz
Carlos Fuentes,Obra notable,La cabeza de la hidra
Carlos Fuentes,Obra notable,Gringo viejo
Carlos Fuentes,Miembro de,Orden de Isabel la Católica
Carlos Fuentes,Miembro de,Academia Mexicana de la Lengua
Carlos Fuentes,Miembro de,El Colegio Nacional
Carlos Fuentes,Ocupación,profesor de educación superior
Carlos Fuentes,Ocupación,periodista
Carlos Fuentes,Ocupación,guionista
Carlos Fuentes,Premio recibido,Premio Miguel de Cervantes
Carlos Fuentes,Ocupación,escritor
Carlos Fuentes,Ocupación,abogado
Carlos Fuentes,Ocupación,poeta
Carlos Fuentes,Ocupación,diplomático
Carlos Fuentes,Ocupación,dramaturgo
Carlos Fuentes,Ocupación,polímata
Carlos Fuentes,Ocupación,poeta abogado
Carlos Fuentes,Ocupación,crítico
Carlos Fuentes,Ocupación,novelista
Carlos Fuentes,Ocupación,prosista
Carlos Fuentes,Premio recibido,Orden al Mérito de Chile
Carlos Fuentes,Premio recibido,Medalla Belisario Domínguez
Carlos Fuentes,Premio recibido,Premio Nacional de Ciencias y Artes
Carlos Fuentes,Premio recibido,Orden Nacional del Mérito (Francia)
Carlos Fuentes,Premio recibido,Orden de Isabel la Católica
Carlos Fuentes,Premio recibido,Premio Rómulo Gallegos
Carlos Fuentes,Premio recibido,Premio Xavier Villaurrutia
Carlos Fuentes,Premio recibido,Premio Princesa de Asturias de las Letras
Carlos Fuentes,Premio recibido,Premio Formentor de las Letras
Francisco Lagos Cházaro,Lugar de nacimiento,Tlacotalpan
Francisco Lagos Cházaro,Ocupación,abogado
Francisco Lagos Cházaro,Ciudadanía,México
Francisco Lagos Cházaro,Educado en,Universidad Veracruzana
Francisco Lagos Cházaro,Fecha de nacimiento,1878-09-20
Francisco Lagos Cházaro,Fecha de defunción,1932-11-13
Francisco Lagos Cházaro,Ocupación,político
Roque González Garza,Lugar de nacimiento,Saltillo
Roque González Garza,Ocupación,militar
Roque González Garza,Ciudadanía,México
Roque González Garza,Cargo,diputado de México
Roque González Garza,Fecha de nacimiento,1885-03-23
Roque González Garza,Fecha de defunción,1962-11-12
Roque González Garza,Ocupación,político
Porfirio Díaz,Lugar de nacimiento,Estado de Oaxaca
Porfirio Díaz,Ocupación,militar
Porfirio Díaz,Ciudadanía,México
Porfirio Díaz,Educado en,Instituto de Ciencias y Artes de Oaxaca
Porfirio Díaz,Cargo,ministro
Porfirio Díaz,Premio recibido,Orden de Leopoldo
Porfirio Díaz,Fecha de nacimiento,1830-09-15
Porfirio Díaz,Fecha de defunción,1915-07-02
Porfirio Díaz,Ocupación,político
Porfirio Díaz,Premio recibido,Orden del Sol y el León
Porfirio Díaz,Premio recibido,Orden de San Esteban de Hungría
Porfirio Díaz,Premio recibido,Orden de Carlos III
Porfirio Díaz,Premio recibido,Orden de los Santos Mauricio y Lázaro
Porfirio Díaz,Premio recibido,Orden del León holandés
Porfirio Díaz,Premio recibido,Orden de la Espada
Porfirio Díaz,Premio recibido,Orden del Libertador
Porfirio Díaz,Premio recibido,Collar of the Supreme Order of the Chrysanthemum
Porfirio Díaz,Premio recibido,Gran Cordón de la Suprema Orden del Crisantemo
Porfirio Díaz,Premio recibido,Orden de San Alejandro Nevski
Porfirio Díaz,Premio recibido,Gran Cruz de la Orden Nacional de la Legión de Honor
Porfirio Díaz,Premio recibido,Caballero gran cruz de la Orden del Baño
Porfirio Díaz,Premio recibido,Caballero de la Orden de San Alejandro Nevski
Porfirio Díaz,Premio recibido,Gran Cruz de la Orden de Isabel la Católica
Porfirio Díaz,Premio recibido,Orden del Águila Roja de 1.ª clase
Porfirio Díaz,Premio recibido,Primera clase de la Orden del León y el Sol
Porfirio Díaz,Premio recibido,Gran Cruz de la Orden de la Torre y la Espada
Porfirio Díaz,Cargo,presidente de México
Porfirio Díaz,Cargo,diputado de México
Víctor Hugo Lojero,Lugar de nacimiento,Ciudad de México
Víctor Hugo Lojero,Ocupación,futbolista
Víctor Hugo Lojero,Ciudadanía,México
Víctor Hugo Lojero,Fecha de nacimiento,1984-11-17
Víctor Hugo Lojero,Fecha de nacimiento,1984-11-24
Norberto Rivera Carrera,Lugar de nacimiento,Durango
Norberto Rivera Carrera,Ocupación,sacerdote católico
Norberto Rivera Carrera,Ciudadanía,México
Norberto Rivera Carrera,Educado en,Pontificia Universidad Gregoriana
Norberto Rivera Carrera,Cargo,cardenal presbítero
Norberto Rivera Carrera,Fecha de nacimiento,1942-06-06
Norberto Rivera Carrera,Ocupación,obispo católico
Norberto Rivera Carrera,Ocupación,profesor universitario
Norberto Rivera Carrera,Cargo,Arzobispo Metropolitano de México
Norberto Rivera Carrera,Cargo,obispo de Tehuacán
Mariana Bayón,Lugar de nacimiento,Torreón
Mariana Bayón,Ocupación,actor
Mariana Bayón,Ciudadanía,México
Mariana Bayón,Fecha de nacimiento,1991-02-14
Mariana Bayón,Ocupación,modelo
Lucas Barrios,Lugar de nacimiento,San Fernando
Lucas Barrios,Ocupación,futbolista
Lucas Barrios,Ciudadanía,México
Lucas Barrios,Fecha de nacimiento,1984-11-13
Lucas Barrios,Ciudadanía,Argentina
Lucas Barrios,Ciudadanía,Paraguay
Carlos Fuentes,Premio recibido,Premio Internacional Alfonso Reyes
Carlos Fuentes,Premio recibido,Common Wealth Award of Distinguished Service
Carlos Fuentes,Premio recibido,Premio Internacional Menéndez Pelayo
Carlos Fuentes,Premio recibido,Gran Oficial de la Orden Nacional de la Legión de Honor
Carlos Fuentes,Premio recibido,Caballero de la Orden Nacional de la Legión de Honor
Carlos Fuentes,Premio recibido,Gran Cruz de la Orden de Isabel la Católica
Carlos Fuentes,Premio recibido,Premio Cuatro Libertades Libertad de expresión
Carlos Fuentes,Premio recibido,Honorary doctor of the Free University of Berlin
Carlos Fuentes,Premio recibido,Premio San Clemente Rosalía-Abanca de novela española
Carlos Fuentes,Premio recibido,honorary doctor of the University of Miami
Carlos Fuentes,Premio recibido,doctor honoris causa por la Universidad de Harvard
Carlos Fuentes,Premio recibido,doctor honoris causa por la universidad de Cambridge
Carlos Fuentes,Premio recibido,doctor honoris causa por la Universidad de las Islas Baleares
Carlos Fuentes,Premio recibido,doctor honoris causa por la Universidad de Vigo
Carlos Fuentes,Premio recibido,doctor honoris causa por la universidad de Burdeos Montaigne
Carlos Fuentes,Premio recibido,Premio Real Academia Española
Martín Galván,Lugar de nacimiento,Q81398
Martín Galván,Ocupación,futbolista
Martín Galván,Ciudadanía,México
Martín Galván,Fecha de nacimiento,1993-02-14
José Milla y Vidaurre,Lugar de nacimiento,Ciudad de Guatemala
José Milla y Vidaurre,Ocupación,escritor
José Milla y Vidaurre,Ciudadanía,México
José Milla y Vidaurre,Educado en,Universidad de San Carlos de Guatemala
José Milla y Vidaurre,Fecha de nacimiento,1822-08-04
José Milla y Vidaurre,Fecha de defunción,1882-09-30
José Milla y Vidaurre,Ocupación,político
José Milla y Vidaurre,Ocupación,diplomático
José Milla y Vidaurre,Ocupación,novelista
José Milla y Vidaurre,Ciudadanía,Guatemala
José Milla y Vidaurre,Ciudadanía,República Federal de Centroamérica
José Milla y Vidaurre,Educado en,Colegio y Seminario Tridentino de Nuestra Señora de la Asunción
Salvador Contreras,Lugar de nacimiento,Guanajuato
Salvador Contreras,Ocupación,compositor
Salvador Contreras,Ciudadanía,México
Salvador Contreras,Educado en,Conservatorio Nacional de Música de México
Salvador Contreras,Fecha de nacimiento,1910-11-10
Salvador Contreras,Fecha de defunción,1982-11-07
Luis Fernando Macías,Lugar de nacimiento,Lagos de Moreno
Luis Fernando Macías,Ocupación,ciclista
Luis Fernando Macías,Ciudadanía,México
Luis Fernando Macías,Fecha de nacimiento,1982-05-14
Gregorio López y Fuentes,Lugar de nacimiento,Estado de Veracruz
Gregorio López y Fuentes,Ocupación,escritor
Gregorio López y Fuentes,Ciudadanía,México
Gregorio López y Fuentes,Miembro de,Academia Mexicana de la Lengua
Gregorio López y Fuentes,Fecha de nacimiento,1895-11-17
Gregorio López y Fuentes,Fecha de defunción,1966-12-10
Gregorio López y Fuentes,Ocupación,poeta
Gregorio López y Fuentes,Ocupación,periodista
Andrés Espinosa Pérez,Lugar de nacimiento,Monclova
Andrés Espinosa Pérez,Ocupación,maratonista
Andrés Espinosa Pérez,Ciudadanía,México
Andrés Espinosa Pérez,Fecha de nacimiento,1963-02-04
Julio Estrada,Lugar de nacimiento,Ciudad de México
Julio Estrada,Ocupación,compositor
Julio Estrada,Ciudadanía,España
Julio Estrada,Educado en,Universidad Stanford
Julio Estrada,Empleador,Universidad Stanford
Julio Estrada,Fecha de nacimiento,1943-04-10
Julio Estrada,Ocupación,profesor universitario
Julio Estrada,Ocupación,musicólogo
Julio Estrada,Ocupación,teórico de la música
Julio Estrada,Ciudadanía,México
Julio Estrada,Educado en,Universidad Nacional Autónoma de México
Julio Estrada,Empleador,Universidad Nacional Autónoma de México
Julio Estrada,Empleador,Universidad de París IV París Sorbonne
Julio Estrada,Empleador,Universidad de California en San Diego
Julio Estrada,Empleador,Universidad de Nuevo México
David Alfaro Siqueiros,Lugar de nacimiento,Oporto
David Alfaro Siqueiros,Ocupación,grabador
David Alfaro Siqueiros,Ciudadanía,México
David Alfaro Siqueiros,Educado en,Escuela al Aire Libre
David Alfaro Siqueiros,Empleador,Universidad del Sur de California
David Alfaro Siqueiros,Obra notable,The Sleep
David Alfaro Siqueiros,Miembro de,Accademia delle Arti del Disegno
David Alfaro Siqueiros,Premio recibido,Premio Nacional de Ciencias y Artes
David Alfaro Siqueiros,Fecha de nacimiento,1908-12-29
David Alfaro Siqueiros,Fecha de defunción,1974-01-06
David Alfaro Siqueiros,Ocupación,pintor al fresco
David Alfaro Siqueiros,Ocupación,militar
David Alfaro Siqueiros,Educado en,Academia de San Carlos
David Alfaro Siqueiros,Obra notable,Nuestra Imagen Actual
David Alfaro Siqueiros,Premio recibido,Bienal de Venecia
David Alfaro Siqueiros,Ocupación,pintor
David Alfaro Siqueiros,Ocupación,profesor universitario
David Alfaro Siqueiros,Premio recibido,Premio Lenin de la Paz
Gustavo Díaz-Ordaz,Lugar de nacimiento,Ciudad Serdán
Gustavo Díaz-Ordaz,Ocupación,diplomático
Gustavo Díaz-Ordaz,Ciudadanía,México
Gustavo Díaz-Ordaz,Educado en,Benemérita Universidad Autónoma de Puebla
Gustavo Díaz-Ordaz,Cargo,ministro
Gustavo Díaz-Ordaz,Premio recibido,Caballero de Gran Cruz con collar de la Orden al Mérito de la República Italiana
Gustavo Díaz-Ordaz,Fecha de nacimiento,1911-03-12
Gustavo Díaz-Ordaz,Fecha de defunción,1979-07-15
Gustavo Díaz-Ordaz,Ocupación,asesino
Gustavo Díaz-Ordaz,Cargo,presidente de México
Gustavo Díaz-Ordaz,Cargo,Gobernador de Puebla
Gustavo Díaz-Ordaz,Cargo,diputado de México
Gustavo Díaz-Ordaz,Cargo,senador de México
David Alfaro Siqueiros,Obra notable,Polyforum Cultural Siqueiros
Carlos Salinas de Gortari,Lugar de nacimiento,Ciudad de México
Carlos Salinas de Gortari,Ocupación,político
Carlos Salinas de Gortari,Ciudadanía,México
Carlos Salinas de Gortari,Educado en,Universidad Nacional Autónoma de México
Carlos Salinas de Gortari,Empleador,Universidad Nacional Autónoma de México
Carlos Salinas de Gortari,Cargo,ministro
Carlos Salinas de Gortari,Premio recibido,Premio Francis Boyer
Carlos Salinas de Gortari,Fecha de nacimiento,1948-04-03
Carlos Salinas de Gortari,Ocupación,economista
Carlos Salinas de Gortari,Premio recibido,Collar de la Orden de Isabel la Católica
Carlos Salinas de Gortari,Premio recibido,Medalla de la República Oriental del Uruguay
Carlos Salinas de Gortari,Ciudadanía,España
Carlos Salinas de Gortari,Educado en,Liceo Mexicano Japonés
Carlos Salinas de Gortari,Premio recibido,Orden de Belice
Carlos Salinas de Gortari,Premio recibido,Orden de Jamaica
Egidio Arévalo Ríos,Lugar de nacimiento,Paysandú
Egidio Arévalo Ríos,Ocupación,futbolista
Egidio Arévalo Ríos,Ciudadanía,Uruguay
Egidio Arévalo Ríos,Fecha de nacimiento,1982-01-01
Egidio Arévalo Ríos,Ciudadanía,México
Paul Aguilar,Lugar de nacimiento,Concordia
Paul Aguilar,Ocupación,futbolista
Paul Aguilar,Ciudadanía,México
Paul Aguilar,Fecha de nacimiento,1986-03-06
Efraín Juárez,Lugar de nacimiento,Ciudad de México
Efraín Juárez,Ocupación,futbolista
Efraín Juárez,Ciudadanía,México
Efraín Juárez,Fecha de nacimiento,1988-02-22
Sebastián Lerdo de Tejada,Lugar de nacimiento,Xalapa-Enríquez
Sebastián Lerdo de Tejada,Ocupación,juez
Sebastián Lerdo de Tejada,Ciudadanía,México
Sebastián Lerdo de Tejada,Educado en,Antiguo Colegio de San Ildefonso
Sebastián Lerdo de Tejada,Miembro de,Academia Mexicana de la Lengua
Sebastián Lerdo de Tejada,Cargo,presidente de México
Sebastián Lerdo de Tejada,Fecha de nacimiento,1823-04-24
Sebastián Lerdo de Tejada,Fecha de defunción,1889-04-21
Sebastián Lerdo de Tejada,Ocupación,abogado
Sebastián Lerdo de Tejada,Ocupación,político
Sebastián Lerdo de Tejada,Cargo,Secretario de Relaciones Exteriores de México
Sebastián Lerdo de Tejada,Cargo,diputado de México
Pável Pardo,Lugar de nacimiento,Guadalajara
Pável Pardo,Ocupación,futbolista
Pável Pardo,Ciudadanía,México
Pável Pardo,Fecha de nacimiento,1976-07-26
Luis Echeverría,Lugar de nacimiento,Ciudad de México
Luis Echeverría,Ocupación,político
Luis Echeverría,Ciudadanía,México
Luis Echeverría,Educado en,Universidad Nacional Autónoma de México
Luis Echeverría,Cargo,presidente de México
Luis Echeverría,Premio recibido,Orden del Baño
Luis Echeverría,Fecha de nacimiento,1922-01-17
Luis Echeverría,Fecha de defunción,2022-07-08
Luis Echeverría,Ocupación,jurista
Luis Echeverría,Ocupación,diplomático
Luis Echeverría,Premio recibido,Orden de Jamaica
Luis Echeverría,Premio recibido,Caballero de Gran Cruz con collar de la Orden al Mérito de la República Italiana
Luis Echeverría,Premio recibido,Grand Star of the Decoration for Services to the Republic of Austria
Luis Echeverría,Cargo,Candidato presidencial por el Partido Revolucionario Institucional
Luis Echeverría,Cargo,Secretario de Gobernación
Místico,Lugar de nacimiento,Ciudad de México
Místico,Ocupación,luchador profesional
Místico,Ciudadanía,México
Místico,Fecha de nacimiento,1982-12-22
Abraham Laboriel,Lugar de nacimiento,Ciudad de México
Abraham Laboriel,Ocupación,músico
Abraham Laboriel,Ciudadanía,México
Abraham Laboriel,Educado en,Berklee College of Music
Abraham Laboriel,Premio recibido,Premio Grammy Latino del Consejo Directivo
Abraham Laboriel,Fecha de nacimiento,1947-07-17
Abraham Laboriel,Ocupación,guitarrista
Abraham Laboriel,Ocupación,guitarrista bajo
Abel Barrera Hernández,Lugar de nacimiento,Tlapa de Comonfort
Abel Barrera Hernández,Ocupación,sacerdote católico
Abel Barrera Hernández,Ciudadanía,México
Abel Barrera Hernández,Premio recibido,Amnesty International Menschenrechtspreis
Abel Barrera Hernández,Fecha de nacimiento,1960-04-10
Abel Barrera Hernández,Ocupación,activista por los derechos humanos
Abel Barrera Hernández,Ocupación,antropólogo
Abel Barrera Hernández,Premio recibido,Premio Robert F. Kennedy
Abel Barrera Hernández,Premio recibido,Amalia Solórzano
Abel Barrera Hernández,Premio recibido,Premio Giuseppe Motta
Bora Milutinović,Lugar de nacimiento,Bajina Bašta
Bora Milutinović,Ocupación,entrenador
Bora Milutinović,Ciudadanía,México
Bora Milutinović,Fecha de nacimiento,1944-09-07
Bora Milutinović,Ocupación,futbolista
Bora Milutinović,Ciudadanía,Serbia
Carlos Salinas de Gortari,Cargo,presidente de México
Carlos Salinas de Gortari,Cargo,Candidato presidencial por el Partido Revolucionario Institucional
Bora Milutinović,Ciudadanía,República Federativa Socialista de Yugoslavia
Abel Salazar,Lugar de nacimiento,Ciudad de México
Abel Salazar,Ocupación,actor
Abel Salazar,Ciudadanía,México
Abel Salazar,Fecha de nacimiento,1917-09-25
Abel Salazar,Fecha de defunción,1995-10-21
Abel Salazar,Ocupación,director de cine
Abel Salazar,Ocupación,productor de cine
Abel Salazar,Ocupación,actor de televisión
Abel Salazar,Ocupación,actor de cine
Andrés Manuel López Obrador,Lugar de nacimiento,Tepetitán
Andrés Manuel López Obrador,Ocupación,escritor
Andrés Manuel López Obrador,Ciudadanía,México
Andrés Manuel López Obrador,Educado en,Universidad Nacional Autónoma de México
Andrés Manuel López Obrador,Cargo,presidente de México
Andrés Manuel López Obrador,Premio recibido,Orden Mexicana del Águila Azteca
Andrés Manuel López Obrador,Fecha de nacimiento,1953-11-13
Andrés Manuel López Obrador,Ocupación,político
Andrés Manuel López Obrador,Premio recibido,Premio Ig Nobel
Andrés Manuel López Obrador,Premio recibido,Orden del Quetzal
Andrés Manuel López Obrador,Premio recibido,Orden Nacional José Martí
Andrés Manuel López Obrador,Cargo,Jefe de Gobierno de Ciudad de México
Andrés Manuel López Obrador,Cargo,Presidente del Partido de la Revolución Democrática
Andrés Manuel López Obrador,Cargo,Presidente del Movimiento de Regeneración Nacional
Juan Ramón de la Fuente,Lugar de nacimiento,Ciudad de México
Juan Ramón de la Fuente,Ocupación,profesor universitario
Juan Ramón de la Fuente,Ciudadanía,México
Juan Ramón de la Fuente,Educado en,Universidad Nacional Autónoma de México
Juan Ramón de la Fuente,Empleador,Universidad Nacional Autónoma de México
Juan Ramón de la Fuente,Miembro de,Academia Mexicana de Ciencias
Juan Ramón de la Fuente,Cargo,Secretario de Relaciones Exteriores de México
Juan Ramón de la Fuente,Premio recibido,Premio Nacional de Ciencias y Artes
Juan Ramón de la Fuente,Fecha de nacimiento,1951-09-05
Juan Ramón de la Fuente,Ocupación,médico
Juan Ramón de la Fuente,Premio recibido,Gran Cruz de la Orden de Isabel la Católica
Juan Ramón de la Fuente,Ocupación,político
Juan Ramón de la Fuente,Ocupación,psiquiatra
Juan Ramón de la Fuente,Ocupación,psicólogo
Juan Ramón de la Fuente,Premio recibido,doctor honoris causa por la Universidad de Alcalá
Juan Ramón de la Fuente,Premio recibido,doctorado honoris causa por la Universidad Nacional Autónoma de México
Juan Ramón de la Fuente,Miembro de,Real Academia de Medicina de Cataluña
Juan Ramón de la Fuente,Cargo,Secretario de Salud
Juan Ramón de la Fuente,Miembro de,Academia Nacional de Medicina de México
César Millán,Lugar de nacimiento,Q3844533
César Millán,Ocupación,escritor
César Millán,Ciudadanía,Estados Unidos
César Millán,Fecha de nacimiento,1969-08-27
César Millán,Ocupación,adiestrador canino
César Millán,Ocupación,cinólogo
César Millán,Ciudadanía,México
José Ramón Narro Robles,Lugar de nacimiento,Saltillo
José Ramón Narro Robles,Ocupación,médico
José Ramón Narro Robles,Ciudadanía,México
José Ramón Narro Robles,Educado en,Universidad Nacional Autónoma de México
José Ramón Narro Robles,Empleador,Universidad Nacional Autónoma de México
José Ramón Narro Robles,Miembro de,Real Academia Nacional de Medicina
José Ramón Narro Robles,Cargo,Secretario de Salud
José Ramón Narro Robles,Fecha de nacimiento,1948-12-05
José Ramón Narro Robles,Ocupación,político
José Ramón Narro Robles,Ocupación,cirujano
José Ramón Narro Robles,Ocupación,profesor universitario
José Ramón Narro Robles,Educado en,Universidad de Birmingham
José Ramón Narro Robles,Miembro de,Academia Nacional de Medicina de México
Juan Ramón de la Fuente,Cargo,embajador de México ante Naciones Unidas
Gustavo Díaz-Ordaz,Ocupación,abogado
Gustavo Díaz-Ordaz,Premio recibido,Orden de Francisco Morazán
Gustavo Díaz-Ordaz,Ocupación,político
Rosario Green,Lugar de nacimiento,Ciudad de México
Rosario Green,Ocupación,economista
Rosario Green,Ciudadanía,México
Rosario Green,Educado en,College of New Rochelle
Rosario Green,Empleador,Universidad Nacional Autónoma de México
Rosario Green,Cargo,senador de México
Rosario Green,Premio recibido,Gran Cruz de la Orden de Isabel la Católica
Rosario Green,Fecha de nacimiento,1941-03-31
Rosario Green,Fecha de defunción,2017-11-25
Rosario Green,Ocupación,diplomático
Rosario Green,Ocupación,político
Rosario Green,Premio recibido,Gran Cruz de la Orden El Sol del Perú
Rosario Green,Premio recibido,Medalla de la República Oriental del Uruguay
Rosario Green,Educado en,Universidad Tufts
Rosario Green,Cargo,representante de la Asamblea Parlamentaria del Consejo de Europa
Rosario Green,Educado en,Universidad Nacional Autónoma de México
Rosario Green,Educado en,El Colegio de México
Rosario Green,Cargo,Observer of the Parliamentary Assembly of the Council of Europe
Javier Lozano Barragán,Lugar de nacimiento,Toluca de Lerdo
Javier Lozano Barragán,Ocupación,sacerdote católico
Javier Lozano Barragán,Ciudadanía,México
Javier Lozano Barragán,Educado en,Pontificia Universidad Gregoriana
Javier Lozano Barragán,Cargo,cardenal
Javier Lozano Barragán,Fecha de nacimiento,1933-01-26
Javier Lozano Barragán,Fecha de defunción,2022-04-20
Javier Lozano Barragán,Ocupación,obispo católico
Javier Lozano Barragán,Cargo,obispo auxiliar
Javier Lozano Barragán,Cargo,obispo titular
Javier Lozano Barragán,Cargo,arzobispo católico
Javier Lozano Barragán,Cargo,obispo de Zacatecas
Belem Guerrero Méndez,Lugar de nacimiento,Ciudad de México
Belem Guerrero Méndez,Ocupación,ciclista
Belem Guerrero Méndez,Ciudadanía,México
Belem Guerrero Méndez,Fecha de nacimiento,1974-03-08
Tania Morales,Lugar de nacimiento,México
Tania Morales,Ocupación,futbolista
Tania Morales,Ciudadanía,México
Tania Morales,Fecha de nacimiento,1986-12-22
Juan Carreño Sandoval,Lugar de nacimiento,Ciudad de México
Juan Carreño Sandoval,Ocupación,futbolista
Juan Carreño Sandoval,Ciudadanía,México
Juan Carreño Sandoval,Fecha de nacimiento,1907-08-14
Juan Carreño Sandoval,Fecha de defunción,1940-12-16
Juan Carreño Sandoval,Fecha de nacimiento,1909-08-14
Javier Hernández Balcázar,Lugar de nacimiento,Guadalajara
Javier Hernández Balcázar,Ocupación,futbolista
Javier Hernández Balcázar,Ciudadanía,México
Javier Hernández Balcázar,Educado en,Universidad del Valle de Atemajac
Javier Hernández Balcázar,Fecha de nacimiento,1988-06-01
Princesa Blanca,Lugar de nacimiento,San Luis Potosí
Princesa Blanca,Ocupación,luchador profesional
Princesa Blanca,Ciudadanía,México
Princesa Blanca,Fecha de nacimiento,1974-08-26
Zayda Peña Arjona,Lugar de nacimiento,Matamoros
Zayda Peña Arjona,Ocupación,cantante
Zayda Peña Arjona,Ciudadanía,México
Zayda Peña Arjona,Fecha de nacimiento,1981-03-05
Zayda Peña Arjona,Fecha de defunción,2007-12-01
Anahí,Lugar de nacimiento,Ciudad de México
Anahí,Ocupación,actor
Anahí,Ciudadanía,México
Anahí,Miembro de,RBD
Anahí,Fecha de nacimiento,1983-05-14
Anahí,Ocupación,cantante
Anahí,Ocupación,productor discográfico
Anahí,Ocupación,compositor de canciones
Anahí,Ocupación,actor de teatro
Julio Estrada,Empleador,"Institute of Mathematics, University of Rostock"
Israel López,Lugar de nacimiento,Ciudad de México
Israel López,Ocupación,futbolista
Israel López,Ciudadanía,México
Israel López,Fecha de nacimiento,1974-09-29
Adalberto Almeida y Merino,Lugar de nacimiento,Chihuahua
Adalberto Almeida y Merino,Ocupación,sacerdote católico
Adalberto Almeida y Merino,Ciudadanía,México
Adalberto Almeida y Merino,Cargo,obispo diocesano
Adalberto Almeida y Merino,Fecha de nacimiento,1916-06-05
Adalberto Almeida y Merino,Fecha de defunción,2008-06-21
Adalberto Almeida y Merino,Ocupación,obispo católico
Adalberto Almeida y Merino,Cargo,arzobispo de Chihuahua
Adalberto Almeida y Merino,Cargo,obispo de Zacatecas
Adalberto López,Lugar de nacimiento,Guadalajara
Adalberto López,Ocupación,futbolista
Adalberto López,Ciudadanía,México
Adalberto López,Fecha de nacimiento,1923-07-04
Adalberto López,Fecha de defunción,1996-12-15
Adalberto Madero,Lugar de nacimiento,Q81033
Adalberto Madero,Ocupación,escritor
Adalberto Madero,Ciudadanía,México
Adalberto Madero,Cargo,Presidente Municipal de Monterrey
Adalberto Madero,Fecha de nacimiento,1969-09-25
Adalberto Madero,Ocupación,abogado
Adalberto Madero,Ocupación,político
Adalberto Madero,Cargo,senador de México
Adalberto Tejeda Olivares,Lugar de nacimiento,Chicontepec
Adalberto Tejeda Olivares,Ocupación,militar
Adalberto Tejeda Olivares,Ciudadanía,México
Adalberto Tejeda Olivares,Cargo,ministro
Adalberto Tejeda Olivares,Fecha de nacimiento,1883-03-28
Adalberto Tejeda Olivares,Fecha de defunción,1960-09-08
Adalberto Tejeda Olivares,Ocupación,político
Adalberto Tejeda Olivares,Cargo,senador de México
Max Aub,Lugar de nacimiento,IX Distrito de París
Max Aub,Ocupación,poeta
Max Aub,Ciudadanía,Francia
Max Aub,Premio recibido,Beca Guggenheim
Max Aub,Fecha de nacimiento,1903-06-02
Max Aub,Fecha de defunción,1972-07-22
Max Aub,Ocupación,dramaturgo
Max Aub,Ocupación,profesor universitario
Max Aub,Ocupación,crítico literario
Max Aub,Ocupación,novelista
Max Aub,Ocupación,escritor de cuentos
Max Aub,Ocupación,guionista
Max Aub,Ciudadanía,Alemania
Max Aub,Ocupación,escritor
Rosario Green,Cargo,embajador
Rosario Green,Cargo,Secretario de Relaciones Exteriores de México
Silvia Pinal,Lugar de nacimiento,Heroica Guaymas
Silvia Pinal,Ocupación,actor de teatro
Silvia Pinal,Ciudadanía,México
Silvia Pinal,Educado en,Instituto Nacional de Bellas Artes y Literatura
Silvia Pinal,Cargo,diputado de México
Silvia Pinal,Premio recibido,Orden de Isabel la Católica
Silvia Pinal,Fecha de nacimiento,1931-09-12
Silvia Pinal,Fecha de defunción,2024-11-28
Silvia Pinal,Ocupación,productor de cine
Silvia Pinal,Ocupación,actor de televisión
Silvia Pinal,Ocupación,actor de cine
Silvia Pinal,Ocupación,actor
Silvia Pinal,Premio recibido,Anexo:Premio Ariel de Oro
Silvia Pinal,Ocupación,político
Silvia Pinal,Ocupación,productor de televisión
Silvia Pinal,Ocupación,productor de teatro
Silvia Pinal,Premio recibido,Premio Ariel a mejor actriz
Ricardo Montalbán,Lugar de nacimiento,Torreón
Ricardo Montalbán,Ocupación,actor de teatro
Ricardo Montalbán,Ciudadanía,México
Ricardo Montalbán,Educado en,Escuela Preparatoria Belmont
Ricardo Montalbán,Premio recibido,Caballero de la Orden del Santo Sepulcro de Jerusalén
Ricardo Montalbán,Fecha de nacimiento,1920-11-25
Ricardo Montalbán,Fecha de defunción,2009-01-14
Ricardo Montalbán,Ocupación,actor de voz
Ricardo Montalbán,Ocupación,director de cine
Ricardo Montalbán,Ocupación,actor de televisión
Ricardo Montalbán,Ocupación,actor de cine
José Rolón,Lugar de nacimiento,Q1827286
José Rolón,Ocupación,compositor
José Rolón,Ciudadanía,México
José Rolón,Fecha de nacimiento,1883-06-22
José Rolón,Fecha de defunción,1945-02-03
José Rolón,Ocupación,director de orquesta
Guido Pizarro,Lugar de nacimiento,Buenos Aires
Guido Pizarro,Ocupación,futbolista
Guido Pizarro,Ciudadanía,España
Guido Pizarro,Fecha de nacimiento,1990-02-26
Guido Pizarro,Ciudadanía,Italia
Guido Pizarro,Ciudadanía,México
Guido Pizarro,Ciudadanía,Argentina
Adolfo López Mateos,Lugar de nacimiento,Ciudad López Mateos
Adolfo López Mateos,Ocupación,abogado
Adolfo López Mateos,Ciudadanía,México
Adolfo López Mateos,Educado en,Universidad Autónoma del Estado de México
Adolfo López Mateos,Cargo,ministro
Adolfo López Mateos,Premio recibido,Caballero Gran Cruz de la Orden del León Holandés
Adolfo López Mateos,Fecha de nacimiento,1910-05-26
Adolfo López Mateos,Fecha de defunción,1969-09-22
Adolfo López Mateos,Ocupación,político
Adolfo López Mateos,Premio recibido,Gran Cruz de la Orden Polonia Restituta
Adolfo López Mateos,Premio recibido,Gran Cruz con Collar de la Orden de la Rosa Blanca de Finlandia
Adolfo López Mateos,Cargo,presidente de México
Ricardo Montalbán,Ocupación,actor
Ricardo Montalbán,Educado en,Escuela Preparatoria Fairfax
Ricardo Montalbán,Premio recibido,Premios Emmy
Ricardo Montalbán,Ocupación,actor de género
Ricardo Montalbán,Premio recibido,Orden de San Gregorio Magno
Ricardo Montalbán,Premio recibido,premio de Honor del Sindicato de Actores
Silvia Pinal,Cargo,senador de México
Vicente T. Mendoza,Lugar de nacimiento,Cholula
Vicente T. Mendoza,Ocupación,profesor universitario
Vicente T. Mendoza,Ciudadanía,México
Vicente T. Mendoza,Empleador,Universidad Nacional Autónoma de México
Vicente T. Mendoza,Fecha de nacimiento,1894-01-27
Vicente T. Mendoza,Fecha de defunción,1964-10-27
Vicente T. Mendoza,Ocupación,musicólogo
Ricardo Montalbán,Premio recibido,Caballero de la Orden de San Gregorio Magno
Ricardo Montalbán,Premio recibido,Estrella del Paseo de la Fama de Hollywood
Javier Barros Sierra,Lugar de nacimiento,Ciudad de México
Javier Barros Sierra,Ocupación,escritor
Javier Barros Sierra,Ciudadanía,México
Javier Barros Sierra,Educado en,Universidad Nacional Autónoma de México
Javier Barros Sierra,Empleador,Universidad Nacional Autónoma de México
Javier Barros Sierra,Cargo,ministro
Javier Barros Sierra,Premio recibido,Medalla Belisario Domínguez
Javier Barros Sierra,Fecha de nacimiento,1915-01-01
Javier Barros Sierra,Fecha de defunción,1971-01-01
Javier Barros Sierra,Ocupación,político
Javier Barros Sierra,Ocupación,profesor universitario
Javier Barros Sierra,Ocupación,ingeniero civil
Carlos Chávez,Lugar de nacimiento,Popotla
Carlos Chávez,Ocupación,director de orquesta
Carlos Chávez,Ciudadanía,México
Carlos Chávez,Educado en,Conservatorio Nacional de Música de México
Carlos Chávez,Empleador,Universidad Harvard
Carlos Chávez,Obra notable,Symphony No. 3
Carlos Chávez,Miembro de,Academia Estadounidense de las Artes y las Ciencias
Carlos Chávez,Premio recibido,Premio Nacional de Ciencias y Artes
Carlos Chávez,Fecha de nacimiento,1899-06-13
Carlos Chávez,Fecha de defunción,1978-08-02
Carlos Chávez,Ocupación,periodista
Carlos Chávez,Ocupación,coreógrafo
Carlos Chávez,Ocupación,musicólogo
Carlos Chávez,Ocupación,compositor de música clásica
Carlos Chávez,Premio recibido,Beca Guggenheim
Carlos Chávez,Obra notable,Symphony No. 5
Carlos Chávez,Miembro de,El Colegio Nacional
Carlos Chávez,Miembro de,Academia Nacional de Bellas Artes
Luis de la Fuente y Hoyos,Lugar de nacimiento,Veracruz
Luis de la Fuente y Hoyos,Ocupación,futbolista
Luis de la Fuente y Hoyos,Ciudadanía,México
Luis de la Fuente y Hoyos,Fecha de nacimiento,1914-01-17
Luis de la Fuente y Hoyos,Fecha de defunción,1972-05-28
Jorge Carpizo McGregor,Lugar de nacimiento,Campeche Municipality
Jorge Carpizo McGregor,Ocupación,juez
Jorge Carpizo McGregor,Ciudadanía,México
Jorge Carpizo McGregor,Educado en,Escuela de Economía y Ciencia Política de Londres
Jorge Carpizo McGregor,Empleador,Universidad Nacional Autónoma de México
Jorge Carpizo McGregor,Cargo,embajador
Jorge Carpizo McGregor,Premio recibido,doctor honoris causa por la Universidad Complutense de Madrid
Jorge Carpizo McGregor,Fecha de nacimiento,1944-04-02
Jorge Carpizo McGregor,Fecha de defunción,2012-03-30
Jorge Carpizo McGregor,Ocupación,abogado
Jorge Carpizo McGregor,Ocupación,político
Jorge Carpizo McGregor,Ocupación,jurista
Jorge Carpizo McGregor,Ocupación,diplomático
Jorge Carpizo McGregor,Educado en,Universidad Nacional Autónoma de México
Jorge Carpizo McGregor,Cargo,Secretario de Gobernación
Jorge Carpizo McGregor,Ocupación,profesor universitario
Ricardo Osorio,Lugar de nacimiento,Huajuapan de León
Ricardo Osorio,Ocupación,futbolista
Ricardo Osorio,Ciudadanía,México
Ricardo Osorio,Fecha de nacimiento,1980-03-30
Adolfo López Mateos,Cargo,senador de México
Jorge Daniel Hernández,Lugar de nacimiento,San Luis Potosí
Jorge Daniel Hernández,Ocupación,futbolista
Jorge Daniel Hernández,Ciudadanía,México
Jorge Daniel Hernández,Fecha de nacimiento,1989-06-10
Imanol Landeta,Lugar de nacimiento,Ciudad de México
Imanol Landeta,Ocupación,actor
Imanol Landeta,Ciudadanía,México
Imanol Landeta,Fecha de nacimiento,1987-07-23
Imanol Landeta,Ocupación,cantante
Imanol Landeta,Ocupación,actor de televisión
Vicente T. Mendoza,Empleador,Facultad de Música
Abraham Zabludovsky,Lugar de nacimiento,Białystok
Abraham Zabludovsky,Ocupación,arquitecto
Abraham Zabludovsky,Ciudadanía,Polonia
Abraham Zabludovsky,Educado en,Universidad Nacional Autónoma de México
Abraham Zabludovsky,Premio recibido,Premio Nacional de Ciencias y Artes
Abraham Zabludovsky,Fecha de nacimiento,1924-06-14
Abraham Zabludovsky,Fecha de defunción,2003-04-09
Abraham Zabludovsky,Ocupación,pintor
Abraham Zabludovsky,Ocupación,profesor universitario
Abraham Zabludovsky,Ciudadanía,México
Ricardo Castro Herrera,Lugar de nacimiento,Durango
Ricardo Castro Herrera,Ocupación,compositor
Ricardo Castro Herrera,Ciudadanía,México
Ricardo Castro Herrera,Educado en,Conservatorio Nacional de Música de México
Ricardo Castro Herrera,Fecha de nacimiento,1864-02-07
Ricardo Castro Herrera,Fecha de defunción,1907-11-28
Ricardo Castro Herrera,Ocupación,pianista
Abraham Ángel,Lugar de nacimiento,El Oro Municipality
Abraham Ángel,Ocupación,pintor
Abraham Ángel,Ciudadanía,México
Abraham Ángel,Fecha de nacimiento,1905-03-07
Abraham Ángel,Fecha de defunción,1924-10-27
José Clemente Orozco,Lugar de nacimiento,Ciudad Guzmán
José Clemente Orozco,Ocupación,pintor
José Clemente Orozco,Ciudadanía,México
José Clemente Orozco,Educado en,Academia de San Carlos
José Clemente Orozco,Obra notable,El demagogo
José Clemente Orozco,Miembro de,escuela
José Clemente Orozco,Premio recibido,Premio Nacional de Ciencias y Artes
José Clemente Orozco,Fecha de nacimiento,1883-11-23
José Clemente Orozco,Fecha de defunción,1949-09-07
José Clemente Orozco,Ocupación,muralista
José Clemente Orozco,Ocupación,dibujante
José Clemente Orozco,Miembro de,El Colegio Nacional
José Clemente Orozco,Miembro de,Academia Nacional de Bellas Artes
Felipe Villanueva Gutiérrez,Lugar de nacimiento,Tecámac Municipality
Felipe Villanueva Gutiérrez,Ocupación,compositor
Felipe Villanueva Gutiérrez,Ciudadanía,México
Felipe Villanueva Gutiérrez,Educado en,Conservatorio Nacional de Música de México
Felipe Villanueva Gutiérrez,Fecha de nacimiento,1862-02-05
Felipe Villanueva Gutiérrez,Fecha de defunción,1893-05-28
Felipe Villanueva Gutiérrez,Ocupación,pianista
Felipe Villanueva Gutiérrez,Ocupación,violinista
Lorenzo Zambrano,Lugar de nacimiento,Q81033
Lorenzo Zambrano,Ocupación,empresario
Lorenzo Zambrano,Ciudadanía,México
Lorenzo Zambrano,Educado en,Universidad Stanford
Lorenzo Zambrano,Empleador,Cemex
Lorenzo Zambrano,Premio recibido,Woodrow Wilson Award for Corporate Citizenship
Lorenzo Zambrano,Fecha de nacimiento,1944-03-27
Lorenzo Zambrano,Fecha de defunción,2014-05-12
Lorenzo Zambrano,Ocupación,director ejecutivo
Lorenzo Zambrano,Educado en,Instituto Tecnológico y de Estudios Superiores de Monterrey
Lorenzo Zambrano,Educado en,Escuela de Postgrado de Negocios Stanford
Silvestre Revueltas,Lugar de nacimiento,Durango
Silvestre Revueltas,Ocupación,compositor
Silvestre Revueltas,Ciudadanía,México
Silvestre Revueltas,Educado en,St. Edward's University
Silvestre Revueltas,Obra notable,Sensemayá
Silvestre Revueltas,Fecha de nacimiento,1899-12-31
Silvestre Revueltas,Fecha de defunción,1940-10-05
Silvestre Revueltas,Ocupación,director de orquesta
Silvestre Revueltas,Ocupación,violinista
Silvestre Revueltas,Ocupación,compositor de bandas sonoras
Silvestre Revueltas,Ocupación,musicólogo
Silvestre Revueltas,Ocupación,compositor de música clásica
Silvestre Revueltas,Educado en,Conservatorio Nacional de Música de México
Miguel Mancera Aguayo,Lugar de nacimiento,Ciudad de México
Miguel Mancera Aguayo,Ocupación,político
Miguel Mancera Aguayo,Ciudadanía,México
Miguel Mancera Aguayo,Educado en,Universidad Yale
Miguel Mancera Aguayo,Cargo,Gobernador del Banco de México
Miguel Mancera Aguayo,Premio recibido,Premio de Economía Rey de España
Miguel Mancera Aguayo,Fecha de nacimiento,1932-12-18
Miguel Mancera Aguayo,Ocupación,economista
Miguel Mancera Aguayo,Premio recibido,Premios Woodrow Wilson
Miguel Mancera Aguayo,Educado en,Instituto Tecnológico Autónomo de México
Arturo Yamasaki,Lugar de nacimiento,Lima
Arturo Yamasaki,Ocupación,árbitro de fútbol
Arturo Yamasaki,Ciudadanía,México
Arturo Yamasaki,Fecha de nacimiento,1929-05-11
Arturo Yamasaki,Fecha de defunción,2013-07-23
Arturo Yamasaki,Ciudadanía,Perú
Israel Castro,Lugar de nacimiento,Ciudad de México
Israel Castro,Ocupación,futbolista
Israel Castro,Ciudadanía,México
Israel Castro,Fecha de nacimiento,1980-12-20
Emmanuel,Lugar de nacimiento,Ciudad de México
Emmanuel,Ocupación,compositor
Emmanuel,Ciudadanía,México
Emmanuel,Premio recibido,Premio Grammy Latino a la Excelencia Musical
Emmanuel,Fecha de nacimiento,1955-04-16
Emmanuel,Ocupación,cantante
Emmanuel,Ocupación,pianista
Emmanuel,Ocupación,torero
Emmanuel,Ocupación,guitarrista
Emmanuel,Ocupación,artista discográfico
Emmanuel,Premio recibido,Premio Billboard Latino a la Trayectoria Artística
Emmanuel,Premio recibido,Premio Lo Nuestro a la Excelencia
Emmanuel,Premio recibido,Premio Billboard Espiritu de la Esperanza
Adeodato López,Lugar de nacimiento,México
Adeodato López,Ocupación,futbolista
Adeodato López,Ciudadanía,México
Adeodato López,Fecha de nacimiento,1906-02-01
Adeodato López,Fecha de defunción,1957-05-04
Max Aub,Ciudadanía,España
Max Aub,Ciudadanía,México
Anahí,Ocupación,modelo
Anahí,Ocupación,actor de televisión
Anahí,Ocupación,actor de cine
Emoé de la Parra,Lugar de nacimiento,Ciudad de México
Emoé de la Parra,Ocupación,actor de teatro
Emoé de la Parra,Ciudadanía,México
Emoé de la Parra,Fecha de nacimiento,1951-06-16
Andrés Manuel López Obrador,Ocupación,politólogo
Abelardo Alvarado Alcántara,Ocupación,sacerdote católico
Abelardo Alvarado Alcántara,Ciudadanía,México
Abelardo Alvarado Alcántara,Cargo,obispo auxiliar
Abelardo Alvarado Alcántara,Fecha de nacimiento,1933-06-08
Abelardo Alvarado Alcántara,Fecha de defunción,2021-07-03
Abelardo Alvarado Alcántara,Ocupación,obispo católico
Abelardo Alvarado Alcántara,Cargo,obispo titular
José Natividad González Parás,Lugar de nacimiento,Q81033
José Natividad González Parás,Ocupación,político
José Natividad González Parás,Ciudadanía,México
José Natividad González Parás,Educado en,Universidad Autónoma de Nuevo León
José Natividad González Parás,Cargo,Gobernantes de Nuevo León
José Natividad González Parás,Premio recibido,Oficial de la Orden Nacional de Quebec
José Natividad González Parás,Fecha de nacimiento,1949-03-30
José Natividad González Parás,Educado en,Sorbonne Universidad de París
José Natividad González Parás,Cargo,diputado de México
José Natividad González Parás,Cargo,senador de México
Abraham Antonio Polo Uscanga,Ocupación,juez
Abraham Antonio Polo Uscanga,Ciudadanía,México
Abraham Antonio Polo Uscanga,Fecha de nacimiento,1935-01-01
Abraham Antonio Polo Uscanga,Fecha de defunción,1995-06-19
Carlos Jiménez Mabarak,Lugar de nacimiento,Tacuba
Carlos Jiménez Mabarak,Ocupación,compositor
Carlos Jiménez Mabarak,Ciudadanía,México
Carlos Jiménez Mabarak,Premio recibido,Premio Nacional de Ciencias y Artes
Carlos Jiménez Mabarak,Fecha de nacimiento,1916-01-31
Carlos Jiménez Mabarak,Fecha de defunción,1994-06-21
Emoé de la Parra,Ocupación,director de cine
Emoé de la Parra,Ocupación,actor de televisión
Carlos Slim,Lugar de nacimiento,Ciudad de México
Carlos Slim,Ocupación,informático teórico
Carlos Slim,Ciudadanía,México
Carlos Slim,Educado en,Universidad Nacional Autónoma de México
Carlos Slim,Empleador,América Móvil
Carlos Slim,Premio recibido,Golden Plate Award
Carlos Slim,Fecha de nacimiento,1940-01-28
Carlos Slim,Ocupación,emprendedor
Carlos Slim,Ocupación,director ejecutivo
Carlos Slim,Ocupación,inversor
Carlos Slim,Ocupación,magnate
Carlos Slim,Ocupación,filántropo
Carlos Slim,Ocupación,ingeniero civil
Carlos Slim,Ciudadanía,Líbano
Carlos Slim,Empleador,Grupo Carso
Carlos Slim,Empleador,Telmex
Diego Rivera,Lugar de nacimiento,Guanajuato
Diego Rivera,Ocupación,pintor
Diego Rivera,Ciudadanía,México
Diego Rivera,Educado en,Los Ángeles
Diego Rivera,Obra notable,Murales de la Industria de Detroit
Diego Rivera,Miembro de,El Colegio Nacional
Diego Rivera,Premio recibido,Premio Nacional de Ciencias y Artes
Diego Rivera,Fecha de nacimiento,1886-12-08
Diego Rivera,Fecha de defunción,1957-11-24
Diego Rivera,Ocupación,escultor
Diego Rivera,Ocupación,muralista
Diego Rivera,Ocupación,grabador
Diego Rivera,Ocupación,dibujante arquitectónico
Diego Rivera,Ocupación,dibujante
Diego Rivera,Educado en,Academia de Ciencias de Francia
Pedro Ramírez Vázquez,Lugar de nacimiento,Ciudad de México
Pedro Ramírez Vázquez,Ocupación,diseñador
Pedro Ramírez Vázquez,Ciudadanía,México
Pedro Ramírez Vázquez,Educado en,Universidad Nacional Autónoma de México
Pedro Ramírez Vázquez,Empleador,Universidad Nacional Autónoma de México
Pedro Ramírez Vázquez,Obra notable,Estadio Cuauhtémoc
Pedro Ramírez Vázquez,Miembro de,Academia del Reino de Marruecos
Pedro Ramírez Vázquez,Premio recibido,doctorado honoris causa por la Universidad Nacional Autónoma de México
Pedro Ramírez Vázquez,Fecha de nacimiento,1919-04-16
Pedro Ramírez Vázquez,Fecha de defunción,2013-04-16
Pedro Ramírez Vázquez,Ocupación,arquitecto
Pedro Ramírez Vázquez,Educado en,Academia de San Carlos
Pedro Ramírez Vázquez,Premio recibido,Premio Nacional de Ciencias y Artes
Pedro Ramírez Vázquez,Ocupación,político
Pedro Ramírez Vázquez,Ocupación,urbanista
Pedro Ramírez Vázquez,Ocupación,funcionario
Pedro Ramírez Vázquez,Ocupación,profesor universitario
Pedro Ramírez Vázquez,Ocupación,artista visual
Pedro Ramírez Vázquez,Obra notable,Basílica de Santa María de Guadalupe
Pedro Ramírez Vázquez,Obra notable,Estadio Banorte
Diego Rivera,Educado en,Academia de San Carlos
Diego Rivera,Obra notable,Sueño de una tarde dominical en la Alameda Central
Diego Rivera,Obra notable,Epopeya del pueblo mexicano
Diego Rivera,Obra notable,Río Juchitán
Diego Rivera,Miembro de,Academia Nacional de Bellas Artes
Carlos Jiménez Mabarak,Premio recibido,Premio Ariel
Gilberto Bosques Saldívar,Lugar de nacimiento,Municipio de Chiautla
Gilberto Bosques Saldívar,Ocupación,militar
Gilberto Bosques Saldívar,Ciudadanía,México
Gilberto Bosques Saldívar,Cargo,diputado de México
Gilberto Bosques Saldívar,Premio recibido,Orden de la Estrella Polar
Gilberto Bosques Saldívar,Fecha de nacimiento,1892-07-20
Gilberto Bosques Saldívar,Fecha de defunción,1995-07-04
Gilberto Bosques Saldívar,Ocupación,político
Gilberto Bosques Saldívar,Ocupación,diplomático
Gilberto Bosques Saldívar,Ocupación,periodista
Gilberto Bosques Saldívar,Cargo,ambassador of Mexico to Finland
Gilberto Bosques Saldívar,Cargo,ambassador of Mexico to Portugal
Gilberto Bosques Saldívar,Cargo,ambassador of Mexico to Cuba
Gilberto Bosques Saldívar,Cargo,ambassador of Mexico to Sweden
Raúl Anguiano,Lugar de nacimiento,Guadalajara
Raúl Anguiano,Ocupación,pintor
Raúl Anguiano,Ciudadanía,México
Raúl Anguiano,Educado en,Liga de estudiantes de arte de Nueva York
Raúl Anguiano,Empleador,Universidad Nacional Autónoma de México
Raúl Anguiano,Premio recibido,Premio Nacional de Ciencias y Artes
Raúl Anguiano,Fecha de nacimiento,1915-02-26
Raúl Anguiano,Fecha de defunción,2006-01-13
Raúl Anguiano,Ocupación,profesor universitario
Raúl Anguiano,Ocupación,grabador
Adolfo Ruiz Cortines,Lugar de nacimiento,Veracruz
Adolfo Ruiz Cortines,Ocupación,militar
Adolfo Ruiz Cortines,Ciudadanía,México
Adolfo Ruiz Cortines,Cargo,ministro
Adolfo Ruiz Cortines,Fecha de nacimiento,1890-12-30
Adolfo Ruiz Cortines,Fecha de defunción,1973-12-03
Adolfo Ruiz Cortines,Ocupación,político
Adolfo Ruiz Cortines,Cargo,presidente de México
Adolfo Ruiz Cortines,Cargo,Gobernadores de Veracruz
Adolfo Ruiz Cortines,Cargo,diputado de México
Luis Carlos Ugalde,Lugar de nacimiento,Ciudad de México
Luis Carlos Ugalde,Ocupación,político
Luis Carlos Ugalde,Ciudadanía,México
Luis Carlos Ugalde,Educado en,Universidad de Columbia
Luis Carlos Ugalde,Empleador,Universidad Harvard
Luis Carlos Ugalde,Fecha de nacimiento,1966-01-01
Luis Carlos Ugalde,Ocupación,economista
Luis Carlos Ugalde,Ocupación,politólogo
Luis Carlos Ugalde,Educado en,Instituto Tecnológico Autónomo de México
Manuel Álvarez Zamora,Lugar de nacimiento,Villa de Álvarez
Manuel Álvarez Zamora,Ocupación,militar
Manuel Álvarez Zamora,Ciudadanía,México
Manuel Álvarez Zamora,Cargo,Gobernador de Colima
Manuel Álvarez Zamora,Fecha de nacimiento,1800-01-01
Manuel Álvarez Zamora,Fecha de defunción,1857-08-26
Manuel Álvarez Zamora,Ocupación,político
Nery Castillo,Lugar de nacimiento,San Luis Potosí
Nery Castillo,Ocupación,futbolista
Nery Castillo,Ciudadanía,México
Nery Castillo,Fecha de nacimiento,1984-06-13
Pedro Ramírez Vázquez,Miembro de,Comité Olímpico Internacional
Mariano Azuela,Lugar de nacimiento,Lagos de Moreno
Mariano Azuela,Ocupación,escritor
Mariano Azuela,Ciudadanía,México
Mariano Azuela,Obra notable,Los de abajo
Mariano Azuela,Miembro de,El Colegio Nacional
Mariano Azuela,Premio recibido,Premio Nacional de Ciencias y Artes
Mariano Azuela,Fecha de nacimiento,1873-01-01
Mariano Azuela,Fecha de defunción,1952-03-01
Mariano Azuela,Ocupación,médico
Mariano Azuela,Ocupación,político
Mariano Azuela,Ocupación,novelista
Mariano Azuela,Premio recibido,Premio Nacional de Ciencias Aplicadas y Tecnológicas de Chile
Antonio Castro Leal,Lugar de nacimiento,San Luis Potosí
Antonio Castro Leal,Ocupación,escritor
Antonio Castro Leal,Ciudadanía,México
Antonio Castro Leal,Educado en,Universidad Nacional Autónoma de México
Antonio Castro Leal,Empleador,Organización de las Naciones Unidas
Antonio Castro Leal,Miembro de,Academia Mexicana de la Lengua
Antonio Castro Leal,Cargo,diputado de México
Antonio Castro Leal,Premio recibido,doctorado honoris causa por la Universidad Nacional Autónoma de México
Antonio Castro Leal,Fecha de nacimiento,1896-03-02
Antonio Castro Leal,Fecha de defunción,1981-01-07
Antonio Castro Leal,Ocupación,abogado
Antonio Castro Leal,Ocupación,político
Antonio Castro Leal,Ocupación,diplomático
Antonio Castro Leal,Ocupación,profesor universitario
Antonio Castro Leal,Educado en,Universidad de Georgetown
Antonio Castro Leal,Empleador,Universidad Nacional Autónoma de México
Antonio Castro Leal,Miembro de,El Colegio Nacional
Pedro Ramírez Vázquez,Obra notable,Museo Olímpico
Luis Calderón Vega,Lugar de nacimiento,Q200252
Luis Calderón Vega,Ocupación,escritor
Luis Calderón Vega,Ciudadanía,México
Luis Calderón Vega,Educado en,Universidad Nacional Autónoma de México
Luis Calderón Vega,Cargo,diputado de México
Luis Calderón Vega,Fecha de nacimiento,1911-02-27
Luis Calderón Vega,Fecha de defunción,1989-12-07
Luis Calderón Vega,Ocupación,político
Luis Calderón Vega,Ocupación,profesor universitario
Diego Rivera,Obra notable,Allegory of California
Diego Rivera,Obra notable,The Making of a Fresco Showing the Building of a City
Carlos Salinas de Gortari,Educado en,Escuela de Gobierno John F. Kennedy
Diego Rivera,Obra notable,El Cargador de Hojas de Plátano
Diego Rivera,Obra notable,Retrato de Ramón Gómez de la Serna
Luis Nishizawa Flores,Lugar de nacimiento,Cuautitlán Municipality
Luis Nishizawa Flores,Ocupación,pintor
Luis Nishizawa Flores,Ciudadanía,México
Luis Nishizawa Flores,Educado en,Academia de San Carlos
Luis Nishizawa Flores,Empleador,Universidad Nacional Autónoma de México
Luis Nishizawa Flores,Premio recibido,Premio Nacional de Ciencias y Artes
Luis Nishizawa Flores,Fecha de nacimiento,1918-02-02
Luis Nishizawa Flores,Fecha de defunción,2014-09-29
Luis Nishizawa Flores,Ocupación,escultor
Luis Nishizawa Flores,Ocupación,profesor universitario
Francisco Zúñiga,Lugar de nacimiento,San José
Francisco Zúñiga,Ocupación,pintor
Francisco Zúñiga,Ciudadanía,México
Francisco Zúñiga,Obra notable,Seated Yucatan Woman
Francisco Zúñiga,Premio recibido,Premio Nacional de Ciencias y Artes
Francisco Zúñiga,Fecha de nacimiento,1912-12-26
Francisco Zúñiga,Fecha de defunción,1998-08-09
Francisco Zúñiga,Ocupación,escultor
Francisco Zúñiga,Ocupación,profesor universitario
Francisco Zúñiga,Ocupación,grabador
Francisco Zúñiga,Ocupación,dibujante
Francisco Zúñiga,Fecha de nacimiento,1912-12-27
Francisco Zúñiga,Ciudadanía,Costa Rica
Francisco Eduardo Tresguerras,Lugar de nacimiento,Celaya
Francisco Eduardo Tresguerras,Ocupación,escritor
Francisco Eduardo Tresguerras,Ciudadanía,México
Francisco Eduardo Tresguerras,Fecha de nacimiento,1759-10-13
Francisco Eduardo Tresguerras,Fecha de defunción,1833-08-01
Francisco Eduardo Tresguerras,Ocupación,arquitecto
Francisco Eduardo Tresguerras,Ocupación,poeta
Francisco Eduardo Tresguerras,Ocupación,pintor
Francisco Eduardo Tresguerras,Ocupación,escultor
Gunther Gerzso,Lugar de nacimiento,Ciudad de México
Gunther Gerzso,Ocupación,guionista
Gunther Gerzso,Ciudadanía,México
Gunther Gerzso,Premio recibido,Premio Nacional de Ciencias y Artes
Gunther Gerzso,Fecha de nacimiento,1915-06-17
Gunther Gerzso,Fecha de defunción,2000-04-21
Gunther Gerzso,Ocupación,pintor
Gunther Gerzso,Ocupación,diseñador de vestuario
Gunther Gerzso,Ocupación,realizador
Gunther Gerzso,Ocupación,diseñador
Gunther Gerzso,Premio recibido,Beca Guggenheim
Adela Sequeyro,Lugar de nacimiento,Veracruz
Adela Sequeyro,Ocupación,guionista
Adela Sequeyro,Ciudadanía,México
Adela Sequeyro,Fecha de nacimiento,1901-03-11
Adela Sequeyro,Fecha de defunción,1992-12-24
Adela Sequeyro,Ocupación,actor
Adela Sequeyro,Ocupación,periodista
Adela Sequeyro,Ocupación,director de cine
Adela Sequeyro,Ocupación,productor de cine
Arturo Chaires,Lugar de nacimiento,Guadalajara
Arturo Chaires,Ocupación,futbolista
Arturo Chaires,Ciudadanía,México
Arturo Chaires,Fecha de nacimiento,1937-03-14
Arturo Chaires,Fecha de defunción,2020-06-18
Guillermo Sepúlveda,Lugar de nacimiento,Guadalajara
Guillermo Sepúlveda,Ocupación,futbolista
Guillermo Sepúlveda,Ciudadanía,México
Guillermo Sepúlveda,Fecha de nacimiento,1934-11-29
Guillermo Sepúlveda,Fecha de defunción,2021-05-19
Arnoldo Martínez Verdugo,Lugar de nacimiento,Sinaloa
Arnoldo Martínez Verdugo,Ocupación,político
Arnoldo Martínez Verdugo,Ciudadanía,México
Arnoldo Martínez Verdugo,Cargo,diputado de México
Arnoldo Martínez Verdugo,Fecha de nacimiento,1925-01-12
Arnoldo Martínez Verdugo,Fecha de defunción,2013-05-24
Oswaldo Sánchez,Lugar de nacimiento,Guadalajara
Oswaldo Sánchez,Ocupación,futbolista
Oswaldo Sánchez,Ciudadanía,México
Oswaldo Sánchez,Fecha de nacimiento,1973-09-21
Anastasio Bustamante,Lugar de nacimiento,Municipality of Jiquilpan
Anastasio Bustamante,Ocupación,médico
Anastasio Bustamante,Ciudadanía,México
Anastasio Bustamante,Cargo,presidente de México
Anastasio Bustamante,Fecha de nacimiento,1780-07-27
Anastasio Bustamante,Fecha de defunción,1853-02-06
Anastasio Bustamante,Ocupación,militar
Anastasio Bustamante,Ocupación,político
Ciudad de Panamá,jefe de gobierno,Mayer Mizrachi
Ciudad de Panamá,país,Panamá
Ciudad de Panamá,instancia de,ciudad
Ciudad de Panamá,instancia de,gran ciudad
Ciudad de Panamá,instancia de,área metropolitana
periodista de opinión,instancia de,profesión
periodista de opinión,subclase de,comentarista
periodista de opinión,subclase de,periodista
periodista de opinión,ámbito de la ocupación,periodismo de opinión
periodista de opinión,categoría principal del tema,Categoría:Periodistas de opinión
Universidad Nacional Autónoma de México,país,México
Universidad Nacional Autónoma de México,instancia de,universidad
Universidad Nacional Autónoma de México,instancia de,editor de acceso abierto
Universidad Nacional Autónoma de México,instancia de,universidad pública de investigación
Universidad Nacional Autónoma de México,situado en la entidad territorial administrativa,Ciudad de México
Universidad Harvard,filial,Escuela de Medicina Harvard
Universidad Harvard,filial,Escuela de Derecho Harvard
Universidad Harvard,filial,Escuela de Negocios Harvard
Universidad Harvard,filial,Escuela de Gobierno John F. Kennedy
Tlacotalpan,país,México
Tlacotalpan,instancia de,localidad de México
Tlacotalpan,situado en la entidad territorial administrativa,Municipio de Tlacotalpan
Tlacotalpan,categoría principal del tema,Categoría:Tlacotalpan
Tlacotalpan,descrito en la fuente,Diccionario Enciclopédico Brockhaus y Efron
Universidad Veracruzana,país,México
Universidad Veracruzana,instancia de,universidad pública
Universidad Veracruzana,instancia de,editor de acceso abierto
Universidad Veracruzana,situado en la entidad territorial administrativa,Veracruz
Universidad Veracruzana,situado en la entidad territorial administrativa,Xalapa-Enríquez
Saltillo,categoría para las personas que fallecieron aquí,Categoría:Fallecidos en Saltillo
Saltillo,categoría de personas relacionadas,Categoría:Personas de Saltillo
Saltillo,diferente de,Saltillo
Saltillo,país,México
Saltillo,instancia de,gran ciudad
diputado de México,país,México
diputado de México,instancia de,cargo
diputado de México,subclase de,diputado
diputado de México,forma parte de,Cámara de Diputados de México
diputado de México,categoría principal del tema,Categoría:Diputados de México
Instituto de Ciencias y Artes de Oaxaca,país,México
Instituto de Ciencias y Artes de Oaxaca,instancia de,institución educativa
Instituto de Ciencias y Artes de Oaxaca,categoría para las personas que estudiaron en esta institución,Categoría:Alumnado del Instituto de Ciencias y Artes de Oaxaca
ministro,instancia de,cargo público
ministro,instancia de,cargo
ministro,categoría principal del tema,Categoría:Ministros de estado
Durango,jefe de gobierno,José Rosas Aispuro
Durango,país,México
Durango,continente,América del Norte
Durango,instancia de,estado de México
Durango,capital,Victoria de Durango
Pontificia Universidad Gregoriana,país,Italia
Pontificia Universidad Gregoriana,instancia de,universidad pontificia
Pontificia Universidad Gregoriana,instancia de,universidad jesuita
Pontificia Universidad Gregoriana,fundador,Ignacio de Loyola
Pontificia Universidad Gregoriana,situado en la entidad territorial administrativa,Roma
cardenal presbítero,instancia de,cargo
cardenal presbítero,instancia de,orden episcopal
cardenal presbítero,instancia de,función episcopal
cardenal presbítero,nombrado en referencia a,presbítero
cardenal presbítero,nombrado en referencia a,Presbitero
modelo,instancia de,profesión
modelo,subclase de,profesional de la moda
modelo,ámbito de la ocupación,modelaje
modelo,categoría principal del tema,Categoría:Modelos
San Fernando,país,Argentina
San Fernando,instancia de,sede de gobierno
San Fernando,instancia de,localidad
San Fernando,instancia de,ciudad de Argentina
San Fernando,situado en la entidad territorial administrativa,Partido de San Fernando
Argentina,se encuentra en el huso horario,Hora oficial argentina
Argentina,miembro de,Organización de las Naciones Unidas
Argentina,miembro de,Unión de Naciones Suramericanas
Argentina,miembro de,Mercosur
Argentina,miembro de,UNESCO
Ciudad de Guatemala,jefe de gobierno,Ricardo Quiñónez Lemus
Ciudad de Guatemala,país,Guatemala
Ciudad de Guatemala,continente,América del Norte
Ciudad de Guatemala,instancia de,ciudad
Ciudad de Guatemala,instancia de,asentamiento
Universidad de San Carlos de Guatemala,país,Guatemala
Universidad de San Carlos de Guatemala,instancia de,universidad pública
Universidad de San Carlos de Guatemala,instancia de,editor de acceso abierto
Universidad de San Carlos de Guatemala,himno,Gaudeamus igitur
Universidad de San Carlos de Guatemala,fundador,Carlos II de España
Guanajuato,continente,América del Norte
Guanajuato,instancia de,estado de México
Guanajuato,capital,Guanajuato
Guanajuato,comparte fronteras con,Jalisco
Conservatorio Nacional de Música de México,país,México
Conservatorio Nacional de Música de México,instancia de,conservatorio de música
Conservatorio Nacional de Música de México,situado en la entidad territorial administrativa,Ciudad de México
Conservatorio Nacional de Música de México,situado en la calle,Avenida Presidente Masaryk
Lagos de Moreno,país,México
Lagos de Moreno,instancia de,localidad de México
Lagos de Moreno,ciudad hermana,Victoria de Durango
ciclista,instancia de,profesión
ciclista,instancia de,deportista
ciclista,subclase de,ciclista
ciclista,ámbito de la ocupación,ciclismo de competición
Estado de Veracruz,país,México
Estado de Veracruz,instancia de,estado de México
Estado de Veracruz,capital,Xalapa-Enríquez
Estado de Veracruz,comparte fronteras con,Estado de Oaxaca
Estado de Veracruz,comparte fronteras con,Chiapas
Academia Mexicana de la Lengua,país,México
Academia Mexicana de la Lengua,instancia de,academia
Academia Mexicana de la Lengua,instancia de,academia nacional
Academia Mexicana de la Lengua,ubicación de la sede,Ciudad de México
Academia Mexicana de la Lengua,miembro de,Asociación de Academias de la Lengua Española
Monclova,país,México
Monclova,instancia de,localidad de México
Monclova,fundador,Alonso de León
Monclova,ciudad hermana,Laredo
maratonista,instancia de,profesión
maratonista,subclase de,fondista
maratonista,ámbito de la ocupación,maratón
maratonista,categoría principal del tema,Categoría:Maratonistas
España,jefe de gobierno,Pedro Sánchez
España,continente,Europa
España,instancia de,país
España,instancia de,Estado nación
España,instancia de,reino
Oporto,jefe de gobierno,Rui Moreira
Oporto,país,Portugal
Oporto,instancia de,municipio de Portugal
Oporto,capital,Porto
Oporto,comparte fronteras con,Vila Nova de Gaia
grabador,instancia de,profesión
grabador,subclase de,artista gráfico
grabador,ámbito de la ocupación,grabado
grabador,categoría principal del tema,Categoría:Estampadores
grabador,diferente de,grabador
Escuela al Aire Libre,país,Países Bajos
Escuela al Aire Libre,instancia de,edificio escolar
Escuela al Aire Libre,instancia de,complejo de edificios
Escuela al Aire Libre,arquitecto,Jan Duiker
Escuela al Aire Libre,situado en la entidad territorial administrativa,Amsterdam
Universidad del Sur de California,país,Estados Unidos
Universidad del Sur de California,instancia de,universidad privada
Universidad del Sur de California,instancia de,universidad de investigación
Universidad del Sur de California,instancia de,institución educativa privada sin fines de lucro
Universidad del Sur de California,instancia de,editor de acceso abierto
Ciudad Serdán,país,México
Ciudad Serdán,instancia de,localidad de México
Ciudad Serdán,situado en la entidad territorial administrativa,Chalchicomula de Sesma
Ciudad Serdán,ciudad hermana,Orizaba
Ciudad Serdán,capital de,Chalchicomula de Sesma
Benemérita Universidad Autónoma de Puebla,país,México
Benemérita Universidad Autónoma de Puebla,instancia de,universidad
Benemérita Universidad Autónoma de Puebla,situado en la entidad territorial administrativa,Puebla de Zaragoza
Benemérita Universidad Autónoma de Puebla,miembro de,Asociación Nacional de Universidades e Instituciones de Educación Superior
Benemérita Universidad Autónoma de Puebla,miembro de,ORCID
Paysandú,país,Uruguay
Paysandú,instancia de,ciudad
Paysandú,instancia de,ciudad fronteriza
Paysandú,idioma oficial,español
Paysandú,situado en la entidad territorial administrativa,Departamento de Paysandú
Uruguay,forma parte de,América del Sur
Uruguay,forma parte de,América Latina
Uruguay,forma parte de,Cono Sur
Uruguay,forma parte de,Anexo:Paraísos fiscales según la Unión Europea
Uruguay,se encuentra en el huso horario,UTC−3
Concordia,país,México
Concordia,instancia de,asentamiento
Concordia,fundador,Francisco de Ibarra
Concordia,situado en la entidad territorial administrativa,Concordia (municipio)
Antiguo Colegio de San Ildefonso,país,México
Antiguo Colegio de San Ildefonso,instancia de,museo
Antiguo Colegio de San Ildefonso,instancia de,edificio de museo
Antiguo Colegio de San Ildefonso,instancia de,colegio jesuíta desaparecido
Antiguo Colegio de San Ildefonso,situado en la entidad territorial administrativa,Ciudad de México
presidente de México,país,México
presidente de México,instancia de,cargo público
presidente de México,subclase de,presidente de la Republica
presidente de México,subclase de,comandante en jefe
presidente de México,subclase de,jefe del Gobierno
músico,instancia de,ocupación
músico,instancia de,profesión musical
músico,ocupación,pintor
músico,subclase de,artista
músico,ámbito de la ocupación,música
Berklee College of Music,país,Estados Unidos
Berklee College of Music,instancia de,universidad privada
Berklee College of Music,instancia de,academia de música
Berklee College of Music,instancia de,institución educativa privada sin fines de lucro
Berklee College of Music,fundador,Lawrence Berk
Premio Grammy Latino del Consejo Directivo,instancia de,categoría de premio de música
Premio Grammy Latino del Consejo Directivo,forma parte de,Premios Grammy Latinos
Premio Grammy Latino del Consejo Directivo,mantenido por el wikiproyecto,Wikiproyecto:Música latina
Tlapa de Comonfort,país,México
Tlapa de Comonfort,instancia de,asentamiento
Tlapa de Comonfort,se encuentra en el huso horario,UTC−6
Amnesty International Menschenrechtspreis,país,Alemania
Amnesty International Menschenrechtspreis,instancia de,distinción
Bajina Bašta,país,Serbia
Bajina Bašta,instancia de,villa
Bajina Bašta,instancia de,asentamiento
Tepetitán,país,México
Tepetitán,instancia de,localidad de México
Tepetitán,situado en la entidad territorial administrativa,Macuspana
Tepetitán,se encuentra en el huso horario,UTC−6
Estados Unidos,forma de gobierno,república
Estados Unidos,forma de gobierno,presidencialismo
Estados Unidos,forma de gobierno,república federal
Estados Unidos,nombrado en referencia a,América
Estados Unidos,subdividido en (división administrativa),California
adiestrador canino,instancia de,profesión
adiestrador canino,instancia de,ocupación
adiestrador canino,subclase de,adiestrador
adiestrador canino,ámbito de la ocupación,adiestramiento de perros
adiestrador canino,categoría principal del tema,Categoría:Entrenadores de perros
médico,lista de interés para el proyecto Wikimedia,Wikipedia:Lista de artículos que toda Wikipedia debería tener/Expandida
médico,instancia de,profesión sanitaria
médico,instancia de,cargo
médico,instancia de,ocupación
economista,instancia de,profesión
economista,instancia de,grupo de ocupaciones de la CIUO
economista,subclase de,científico social
economista,subclase de,profesionales sociales y religiosos
economista,ámbito de la ocupación,economía
Toluca de Lerdo,país,México
Toluca de Lerdo,instancia de,ciudad
Toluca de Lerdo,instancia de,gran ciudad
Toluca de Lerdo,instancia de,localidad de México
cardenal,instancia de,título
cardenal,instancia de,cargo
cardenal,instancia de,vocación católica
cardenal,título nobiliario,titulus
cardenal,religión,catolicismo
Universidad del Valle de Atemajac,país,México
Universidad del Valle de Atemajac,instancia de,universidad
Universidad del Valle de Atemajac,situado en la entidad territorial administrativa,Zapopan
Universidad del Valle de Atemajac,miembro de,Asociación Nacional de Universidades e Instituciones de Educación Superior
San Luis Potosí,país,México
San Luis Potosí,instancia de,ciudad
San Luis Potosí,instancia de,gran ciudad
San Luis Potosí,instancia de,localidad de México
San Luis Potosí,situado en la entidad territorial administrativa,Municipio de San Luis Potosí
Matamoros,país,México
Matamoros,instancia de,municipio de México
Matamoros,capital,Heroica Matamoros
Matamoros,situado en la entidad territorial administrativa,Tamaulipas
Matamoros,se encuentra en el huso horario,UTC−6
RBD,instancia de,grupo musical
RBD,género,pop
RBD,sello discográfico,Universal Music Group
RBD,sello discográfico,Capitol Records
RBD,sello discográfico,EMI
obispo diocesano,instancia de,cargo eclesiástico
obispo diocesano,instancia de,función episcopal
obispo diocesano,subclase de,obispo
obispo diocesano,subclase de,pastor
obispo diocesano,subclase de,ordinario
Presidente Municipal de Monterrey,país,México
Presidente Municipal de Monterrey,instancia de,cargo público
Presidente Municipal de Monterrey,subclase de,presidente municipal
Presidente Municipal de Monterrey,forma parte de,Gabinete de Monterrey
Presidente Municipal de Monterrey,categoría principal del tema,Categoría:Alcaldes de Monterrey
Chicontepec,país,México
Chicontepec,instancia de,municipio de México
Chicontepec,capital,Chicontepec
Chicontepec,situado en la entidad territorial administrativa,Estado de Veracruz
Chicontepec,núcleo de población,La Puerta
IX Distrito de París,jefe de gobierno,Delphine Bürkli
IX Distrito de París,país,Francia
IX Distrito de París,instancia de,distrito municipal
IX Distrito de París,comparte fronteras con,I Distrito de París
IX Distrito de París,comparte fronteras con,X Distrito de París
poeta,instancia de,profesión
poeta,subclase de,escritor
poeta,ámbito de la ocupación,poesía
poeta,categoría principal del tema,Categoría:Poetas
Francia,jefe de gobierno,Sébastien Lecornu
Francia,continente,Europa
Francia,instancia de,país
Francia,instancia de,república
Francia,instancia de,estado soberano
Beca Guggenheim,país,Estados Unidos
Beca Guggenheim,instancia de,beca
Beca Guggenheim,instancia de,evento anual
Beca Guggenheim,campo de trabajo,ciencia
Beca Guggenheim,campo de trabajo,música
Instituto Nacional de Bellas Artes y Literatura,país,México
Instituto Nacional de Bellas Artes y Literatura,instancia de,institución educativa
Instituto Nacional de Bellas Artes y Literatura,situado en la entidad territorial administrativa,Ciudad de México
Instituto Nacional de Bellas Artes y Literatura,ubicación de la sede,Paseo de la Reforma
Instituto Nacional de Bellas Artes y Literatura,miembro de,Asociación Nacional de Universidades e Instituciones de Educación Superior
Escuela Preparatoria Belmont,país,Estados Unidos
Escuela Preparatoria Belmont,instancia de,escuela secundaria superior
Escuela Preparatoria Belmont,instancia de,escuela pública
Escuela Preparatoria Belmont,situado en la entidad territorial administrativa,California
Escuela Preparatoria Belmont,distrito escolar,Distrito Escolar Unificado de Los Ángeles
Caballero de la Orden del Santo Sepulcro de Jerusalén,instancia de,grado de una orden
Caballero de la Orden del Santo Sepulcro de Jerusalén,subclase de,caballero
Caballero de la Orden del Santo Sepulcro de Jerusalén,forma parte de,Orden del Santo Sepulcro de Jerusalén
Caballero de la Orden del Santo Sepulcro de Jerusalén,categoría para los galardonados con este premio,Categoría:Caballeros de la Orden del Santo Sepulcro de Jerusalén
Italia,miembro de,OTAN
Italia,miembro de,Fondo Monetario Internacional
Italia,miembro de,UNESCO
Italia,miembro de,Organización Mundial de la Salud
Italia,miembro de,Organización Mundial del Comercio
Ciudad López Mateos,país,México
Ciudad López Mateos,instancia de,localidad de México
Universidad Autónoma del Estado de México,país,México
Universidad Autónoma del Estado de México,instancia de,universidad
Universidad Autónoma del Estado de México,instancia de,editorial
Universidad Autónoma del Estado de México,instancia de,editor de acceso abierto
Universidad Autónoma del Estado de México,situado en la entidad territorial administrativa,Estado de México
Cholula,capital de,San Pedro Cholula
Cholula,país,México
Cholula,instancia de,ciudad
Cholula,instancia de,localidad de México
Cholula,situado en la entidad territorial administrativa,San Pedro Cholula
Popotla,país,México
Popotla,instancia de,colonia de la Ciudad de México
director de orquesta,instancia de,profesión
director de orquesta,instancia de,cargo
director de orquesta,instancia de,profesión musical
director de orquesta,subclase de,músico
director de orquesta,subclase de,artista escénico
Escuela de Economía y Ciencia Política de Londres,filial,TRIUM Global Executive MBA
Escuela de Economía y Ciencia Política de Londres,filial,Systemic Risk Centre
Escuela de Economía y Ciencia Política de Londres,forma parte de,Universidad de Londres
Huajuapan de León,país,México
Huajuapan de León,instancia de,localidad de México
Huajuapan de León,nombrado en referencia a,Antonio de León
Huajuapan de León,ciudad hermana,Oaxaca de Juárez
Białystok,instancia de,ciudad con derechos de distrito
Białystok,instancia de,destino turístico
Białystok,instancia de,gran ciudad
Polonia,miembro de,Consejo de Europa
Polonia,miembro de,Unión Postal Universal
Polonia,miembro de,Organización para la Cooperación y el Desarrollo Económico
Polonia,miembro de,Pacto de Varsovia
Polonia,miembro de,Agencia Espacial Europea
Premio Nacional de Ciencias y Artes,país,México
Premio Nacional de Ciencias y Artes,instancia de,premio literario
Premio Nacional de Ciencias y Artes,instancia de,premio artístico
Premio Nacional de Ciencias y Artes,instancia de,premio científico
Premio Nacional de Ciencias y Artes,instancia de,premio nacional
Ciudad Guzmán,país,México
Ciudad Guzmán,instancia de,ciudad
Ciudad Guzmán,instancia de,localidad de México
Ciudad Guzmán,ciudad hermana,Guadalajara
Academia de San Carlos,país,México
Academia de San Carlos,instancia de,museo de arte
Academia de San Carlos,instancia de,Universidad Nacional Autónoma de México
Academia de San Carlos,instancia de,academia de bellas artes
Academia de San Carlos,instancia de,galería de arte
El demagogo,instancia de,pintura
El demagogo,género,arte figurativo
El demagogo,nombrado en referencia a,demagogo
El demagogo,creador,José Clemente Orozco
El demagogo,representa a,esqueleto
Cemex,país,México
Cemex,instancia de,empresa de capital abierto
Cemex,instancia de,negocio
Sensemayá,instancia de,obra de composición musical
Sensemayá,música de,Silvestre Revueltas
Sensemayá,país de origen,México
Sensemayá,instrumentación,orquesta
Universidad Yale,país,Estados Unidos
Universidad Yale,instancia de,universidad privada
Universidad Yale,instancia de,Colegios coloniales
Universidad Yale,instancia de,empresa productora
Universidad Yale,instancia de,universidad de investigación
Gobernador del Banco de México,país,México
Gobernador del Banco de México,instancia de,cargo público
Gobernador del Banco de México,subclase de,gobernador de banco central
Gobernador del Banco de México,organización dirigida desde este cargo,Banco de México
Lima,jefe de gobierno,Rafael López Aliaga
Lima,país,Perú
Lima,continente,América del Sur
Lima,instancia de,ciudad
Lima,instancia de,megaciudad
árbitro de fútbol,instancia de,profesión
árbitro de fútbol,subclase de,árbitro
árbitro de fútbol,subclase de,oficial del partido
Premio Grammy Latino a la Excelencia Musical,país,Estados Unidos
Premio Grammy Latino a la Excelencia Musical,instancia de,Premios Grammy Latinos
Premio Grammy Latino a la Excelencia Musical,forma parte de,Premios Grammy Latinos
Premio Grammy Latino a la Excelencia Musical,categoría principal del tema,Categoría:Ganadores del Premio Grammy Latino a la Excelencia Musical
Premio Grammy Latino a la Excelencia Musical,conferido por,Academia Latina de Artes y Ciencias de la Grabación
obispo auxiliar,instancia de,función episcopal
obispo auxiliar,instancia de,vocación católica
obispo auxiliar,religión,catolicismo
obispo auxiliar,subclase de,obispo
obispo auxiliar,subclase de,obispo católico
Universidad Autónoma de Nuevo León,país,México
Universidad Autónoma de Nuevo León,instancia de,universidad
Universidad Autónoma de Nuevo León,instancia de,editor de acceso abierto
Universidad Autónoma de Nuevo León,miembro de,biblioteca del patrimonio de la biodiversidad
Gobernantes de Nuevo León,país,México
Gobernantes de Nuevo León,instancia de,cargo público
Gobernantes de Nuevo León,subclase de,gobernador de estado de México
Gobernantes de Nuevo León,forma parte de,gobernador y gabinete de Nuevo León
Gobernantes de Nuevo León,categoría principal del tema,Categoría:Gobernadores de Nuevo León
Tacuba,país,México
Tacuba,instancia de,ciudad-Estado
Tacuba,instancia de,altépetl
Tacuba,forma parte de,Imperio azteca
director de cine,instancia de,profesión
director de cine,instancia de,profesión del cine
director de cine,subclase de,artista visual
director de cine,subclase de,profesional del cine
director de cine,subclase de,realizador
América Móvil,propietario de,Claro Sports
América Móvil,propietario de,Uno TV
América Móvil,país,México
América Móvil,instancia de,empresa de capital abierto
América Móvil,instancia de,negocio
Los Ángeles,jefe de gobierno,Karen Bass
Los Ángeles,país,Estados Unidos
Los Ángeles,continente,América del Norte
Los Ángeles,instancia de,ciudad
Los Ángeles,instancia de,megaciudad
Murales de la Industria de Detroit,país,Estados Unidos
Murales de la Industria de Detroit,instancia de,fresco
Murales de la Industria de Detroit,situado en la entidad territorial administrativa,Detroit
Murales de la Industria de Detroit,creador,Diego Rivera
Murales de la Industria de Detroit,representa a,trabajo
diseñador,instancia de,profesión
diseñador,subclase de,profesional creativo
diseñador,ámbito de la ocupación,diseño
diseñador,categoría principal del tema,Categoría:Diseñadores
Municipio de Chiautla,país,México
Municipio de Chiautla,instancia de,municipio
Municipio de Chiautla,instancia de,municipio de México
Municipio de Chiautla,capital,Chiautla de Tapia
Municipio de Chiautla,situado en la entidad territorial administrativa,Puebla
Orden de la Estrella Polar,país,Suecia
Orden de la Estrella Polar,instancia de,orden
Orden de la Estrella Polar,instancia de,orden de caballería
Orden de la Estrella Polar,nombrado en referencia a,Estrella Polar
Liga de estudiantes de arte de Nueva York,país,Estados Unidos
Liga de estudiantes de arte de Nueva York,instancia de,academia de bellas artes
Liga de estudiantes de arte de Nueva York,instancia de,recinto artístico
Liga de estudiantes de arte de Nueva York,fundador,Helena de Kay Gilder
Liga de estudiantes de arte de Nueva York,situado en la entidad territorial administrativa,Nueva York
Universidad de Columbia,país,Estados Unidos
Universidad de Columbia,instancia de,universidad privada
Universidad de Columbia,instancia de,Colegios coloniales
Universidad de Columbia,instancia de,universidad de investigación
Universidad de Columbia,instancia de,institución educativa privada sin fines de lucro
Villa de Álvarez,país,México
Villa de Álvarez,instancia de,gran ciudad
Villa de Álvarez,instancia de,localidad de México
Villa de Álvarez,se encuentra en el huso horario,UTC−6
Gobernador de Colima,país,México
Gobernador de Colima,instancia de,cargo público
Gobernador de Colima,subclase de,gobernador de estado de México
Gobernador de Colima,forma parte de,gobernador y gabinete de Colima
Gobernador de Colima,categoría principal del tema,Categoría:Gobernadores de Colima
Los de abajo,instancia de,obra literaria
Los de abajo,autor,Mariano Azuela
Los de abajo,ilustrador,José Clemente Orozco
Los de abajo,idioma de la obra o del nombre,español
Los de abajo,país de origen,México
El Colegio Nacional,país,México
El Colegio Nacional,instancia de,academia
El Colegio Nacional,fundador,Manuel Ávila Camacho
El Colegio Nacional,situado en la entidad territorial administrativa,Ciudad de México
El Colegio Nacional,ubicación de la sede,Ciudad de México
San Luis Potosí,instancia de,estado de México
San Luis Potosí,capital,San Luis Potosí
San Luis Potosí,comparte fronteras con,Nuevo León
San Luis Potosí,comparte fronteras con,Guanajuato
Organización de las Naciones Unidas,objetivo del proyecto o de la acción,paz
Organización de las Naciones Unidas,objetivo del proyecto o de la acción,donación
Organización de las Naciones Unidas,secretario general,António Guterres
Organización de las Naciones Unidas,categoría para empleados de la organización,Categoría:Directivos de la Organización de las Naciones Unidas
San José,jefe de gobierno,Diego Miranda Méndez
San José,país,Costa Rica
San José,instancia de,ciudad
San José,instancia de,entidad territorial administrativa
San José,instancia de,gran ciudad
Miguel de la Madrid,Lugar de nacimiento,Colima
Miguel de la Madrid,Ocupación,político
Miguel de la Madrid,Ciudadanía,México
Miguel de la Madrid,Educado en,Universidad Harvard
Miguel de la Madrid,Empleador,Universidad Nacional Autónoma de México
Miguel de la Madrid,Cargo,ministro
Miguel de la Madrid,Premio recibido,Orden Mexicana del Águila Azteca
Miguel de la Madrid,Fecha de nacimiento,1934-12-12
Miguel de la Madrid,Fecha de defunción,2012-04-01
Miguel de la Madrid,Ocupación,abogado
Miguel de la Madrid,Premio recibido,Orden de la Estrella Yugoslava
Miguel de la Madrid,Premio recibido,Orden de las Palmas Académicas
Miguel de la Madrid,Premio recibido,Orden de Isabel la Católica
Miguel de la Madrid,Premio recibido,Orden El Sol del Perú
Miguel de la Madrid,Educado en,Escuela de Gobierno John F. Kennedy
Miguel de la Madrid,Educado en,Universidad Nacional Autónoma de México
Miguel de la Madrid,Cargo,presidente de México
Miguel de la Madrid,Cargo,Fondo de Cultura Económica
Miguel de la Madrid,Cargo,Candidato presidencial por el Partido Revolucionario Institucional
Rosario Castellanos,Lugar de nacimiento,Ciudad de México
Rosario Castellanos,Ocupación,profesor universitario
Rosario Castellanos,Ciudadanía,México
Rosario Castellanos,Educado en,Facultad de Filosofía y Letras (Universidad Nacional Autónoma de México)
Rosario Castellanos,Empleador,Universidad Nacional Autónoma de México
Rosario Castellanos,Obra notable,Rito de iniciación
Rosario Castellanos,Cargo,embajador de México en Israel
Rosario Castellanos,Premio recibido,Premio Legión del Libro
Rosario Castellanos,Fecha de nacimiento,1925-05-25
Rosario Castellanos,Fecha de defunción,1974-08-07
Rosario Castellanos,Ocupación,periodista
Rosario Castellanos,Ocupación,especialista en literatura
Rosario Castellanos,Ocupación,guionista
Rosario Castellanos,Obra notable,El eterno femenino
Rosario Castellanos,Premio recibido,Premio Xavier Villaurrutia
Rosario Castellanos,Ocupación,escritor
Rosario Castellanos,Ocupación,poeta
Rosario Castellanos,Ocupación,diplomático
Rosario Castellanos,Ocupación,dramaturgo
Cecilia Gabriela,Lugar de nacimiento,Ciudad de México
Cecilia Gabriela,Ocupación,actor
Cecilia Gabriela,Ciudadanía,México
Cecilia Gabriela,Fecha de nacimiento,1962-01-09
Cecilia Gabriela,Ocupación,actor de teatro
Cecilia Gabriela,Ocupación,actor de televisión
Cecilia Gabriela,Ocupación,actor de cine
Elena Poniatowska,Lugar de nacimiento,París
Elena Poniatowska,Ocupación,escritor
Elena Poniatowska,Ciudadanía,México
Elena Poniatowska,Educado en,Universidad Nacional Autónoma de México
Elena Poniatowska,Obra notable,La noche de Tlatelolco:Testimonios de historia oral
Elena Poniatowska,Premio recibido,Premio María Moors Cabot
Elena Poniatowska,Fecha de nacimiento,1932-05-19
Elena Poniatowska,Premio recibido,Premio Miguel de Cervantes
Elena Poniatowska,Premio recibido,Premio Nacional de Ciencias y Artes
Elena Poniatowska,Premio recibido,Premio Rómulo Gallegos
Elena Poniatowska,Premio recibido,Premio Alfaguara de Novela
Elena Poniatowska,Premio recibido,Beca Guggenheim
Elena Poniatowska,Premio recibido,Premio Carlos Fuentes
Elena Poniatowska,Premio recibido,Premio Nacional de Periodismo de México
Elena Poniatowska,Premio recibido,"Premio Nacional de Literatura ""José Fuentes Mares"""
Elena Poniatowska,Premio recibido,Caballero de la Orden Nacional de la Legión de Honor
Elena Poniatowska,Premio recibido,doctor honoris causa
Elena Poniatowska,Premio recibido,doctor honoris causa por la Universidad Complutense de Madrid
Elena Poniatowska,Premio recibido,doctorado honoris causa por la Universidad Nacional Autónoma de México
Elena Poniatowska,Premio recibido,doctor honoris causa de la Universidad de París-VIII
Elena Poniatowska,Premio recibido,doctorado honoris causa por la Universidad de Pau y de los Países del Adour
Elena Poniatowska,Premio recibido,IWMF Lifetime Achievement Award
Elena Poniatowska,Premio recibido,Escritor/a Gallego/a Universal
Elena Poniatowska,Ciudadanía,Francia
Dominika Paleta,Lugar de nacimiento,Cracovia
Dominika Paleta,Ocupación,actor de televisión
Dominika Paleta,Ciudadanía,Polonia
Dominika Paleta,Educado en,Universidad Iberoamericana
Dominika Paleta,Fecha de nacimiento,1972-10-23
Dominika Paleta,Ocupación,actor de cine
Dominika Paleta,Ciudadanía,México
Rafael Romo Muñoz,Lugar de nacimiento,Torreón
Rafael Romo Muñoz,Ocupación,sacerdote católico
Rafael Romo Muñoz,Ciudadanía,México
Rafael Romo Muñoz,Cargo,obispo diocesano
Rafael Romo Muñoz,Fecha de nacimiento,1940-11-22
Rafael Romo Muñoz,Ocupación,obispo católico
Rafael Romo Muñoz,Cargo,arzobispo de Tijuana
Katy Jurado,Lugar de nacimiento,Guadalajara
Katy Jurado,Ocupación,actor
Katy Jurado,Ciudadanía,México
Katy Jurado,Premio recibido,Globo de Oro a la mejor actriz de reparto
Katy Jurado,Fecha de nacimiento,1924-01-16
Katy Jurado,Fecha de defunción,2002-07-05
Katy Jurado,Ocupación,periodista
Katy Jurado,Ocupación,actor de teatro
Katy Jurado,Ocupación,crítico
Katy Jurado,Ocupación,actor de televisión
Katy Jurado,Ocupación,actor de cine
Katy Jurado,Premio recibido,Anexo:Premio Ariel de Oro
Katy Jurado,Premio recibido,Premio Ariel a mejor actriz
Katy Jurado,Premio recibido,Estrella del Paseo de la Fama de Hollywood
Kate del Castillo,Lugar de nacimiento,Ciudad de México
Kate del Castillo,Ocupación,actor de teatro
Kate del Castillo,Ciudadanía,Estados Unidos
Kate del Castillo,Fecha de nacimiento,1972-10-23
Kate del Castillo,Ocupación,actor de voz
Kate del Castillo,Ocupación,actor de televisión
Kate del Castillo,Ocupación,actor de cine
Kate del Castillo,Ciudadanía,México
Antonio Jasso,Lugar de nacimiento,Ciudad de México
Antonio Jasso,Ocupación,futbolista
Antonio Jasso,Ciudadanía,México
Antonio Jasso,Fecha de nacimiento,1935-03-11
Antonio Jasso,Fecha de defunción,2013-06-26
Rosario Castellanos,Obra notable,Balún Canán
Rosario Castellanos,Obra notable,Oficio de tinieblas
Rosario Castellanos,Obra notable,Ciudad Real
Ernesto Zedillo,Lugar de nacimiento,Ciudad de México
Ernesto Zedillo,Ocupación,economista
Ernesto Zedillo,Ciudadanía,México
Ernesto Zedillo,Educado en,Universidad Yale
Ernesto Zedillo,Empleador,Universidad Yale
Ernesto Zedillo,Miembro de,Club de Roma
Ernesto Zedillo,Cargo,presidente de México
Ernesto Zedillo,Premio recibido,doctor honoris causa por la Universidad de Harvard
Ernesto Zedillo,Fecha de nacimiento,1951-12-27
Ernesto Zedillo,Ocupación,autor
Ernesto Zedillo,Ocupación,profesor universitario
Ernesto Zedillo,Ocupación,político
Ernesto Zedillo,Premio recibido,Medalla de la República Oriental del Uruguay
Ernesto Zedillo,Premio recibido,honorary doctor of the University of Miami
Ernesto Zedillo,Educado en,Instituto Politécnico Nacional
Ernesto Zedillo,Empleador,Citigroup
Ernesto Zedillo,Empleador,Instituto Politécnico Nacional
Ernesto Zedillo,Miembro de,G30
Elena Poniatowska,Lugar de nacimiento,XVI Distrito de París
Elena Poniatowska,Ocupación,poeta
Elena Poniatowska,Ocupación,periodista
Elena Poniatowska,Ocupación,novelista
Elena Poniatowska,Ocupación,escritor de cuentos
Juan Pérez 'Kichi',Lugar de nacimiento,Tijuana
Juan Pérez 'Kichi',Ocupación,futbolista
Juan Pérez 'Kichi',Ciudadanía,México
Juan Pérez 'Kichi',Fecha de nacimiento,1985-05-05
Aarón Padilla Gutiérrez,Lugar de nacimiento,Ciudad de México
Aarón Padilla Gutiérrez,Ocupación,futbolista
Aarón Padilla Gutiérrez,Ciudadanía,México
Aarón Padilla Gutiérrez,Fecha de nacimiento,1942-07-10
Aarón Padilla Gutiérrez,Fecha de defunción,2020-06-14
Dominika Paleta,Ocupación,actor de teatro
Dominika Paleta,Ocupación,modelo
Emilio Carlos Berlie Belaunzarán,Lugar de nacimiento,Aguascalientes
Emilio Carlos Berlie Belaunzarán,Ocupación,sacerdote católico
Emilio Carlos Berlie Belaunzarán,Ciudadanía,México
Emilio Carlos Berlie Belaunzarán,Educado en,Pontificia Universidad Gregoriana
Emilio Carlos Berlie Belaunzarán,Cargo,obispo diocesano
Emilio Carlos Berlie Belaunzarán,Fecha de nacimiento,1939-11-04
Emilio Carlos Berlie Belaunzarán,Ocupación,obispo católico
Emilio Carlos Berlie Belaunzarán,Cargo,arzobispo de Yucatán
Alan Stone,Lugar de nacimiento,Ciudad de México
Alan Stone,Ocupación,luchador profesional
Alan Stone,Ciudadanía,México
Alan Stone,Fecha de nacimiento,1977-05-23
Gabriel Soto,Lugar de nacimiento,Ciudad de México
Gabriel Soto,Ocupación,actor de cine
Gabriel Soto,Ciudadanía,México
Gabriel Soto,Educado en,Edron Academy
Gabriel Soto,Miembro de,Kairo
Gabriel Soto,Fecha de nacimiento,1975-04-17
Salvador Zubirán,Lugar de nacimiento,Chihuahua
Salvador Zubirán,Ocupación,médico
Salvador Zubirán,Ciudadanía,México
Salvador Zubirán,Empleador,Universidad Nacional Autónoma de México
Salvador Zubirán,Premio recibido,Medalla Belisario Domínguez
Salvador Zubirán,Fecha de nacimiento,1898-12-23
Salvador Zubirán,Fecha de defunción,1998-06-10
Salvador Zubirán,Ocupación,cirujano
Salvador Zubirán,Ocupación,profesor universitario
Salvador Zubirán,Premio recibido,Premio Nacional de Ciencias y Artes
Salvador Zubirán,Premio recibido,doctorado honoris causa por la Universidad Nacional Autónoma de México
José Luis Trejo,Lugar de nacimiento,Q2450298
José Luis Trejo,Ocupación,entrenador
José Luis Trejo,Ciudadanía,México
José Luis Trejo,Fecha de nacimiento,1951-08-04
José Luis Trejo,Ocupación,futbolista
Luis Donaldo Colosio,Lugar de nacimiento,Magdalena de Kino
Luis Donaldo Colosio,Ocupación,político
Luis Donaldo Colosio,Ciudadanía,México
Luis Donaldo Colosio,Educado en,"Universidad Nacional Autónoma de México, Instituto de Investigaciones Filológicas"
Luis Donaldo Colosio,Empleador,Universidad Nacional Autónoma de México
Luis Donaldo Colosio,Cargo,diputado de México
Luis Donaldo Colosio,Fecha de nacimiento,1950-01-10
Luis Donaldo Colosio,Fecha de defunción,1994-03-23
Luis Donaldo Colosio,Ocupación,economista
Luis Donaldo Colosio,Fecha de nacimiento,1950-02-10
Luis Donaldo Colosio,Cargo,senador de México
Luis Donaldo Colosio,Cargo,secretario de Bienestar
Luis Donaldo Colosio,Cargo,Candidato presidencial por el Partido Revolucionario Institucional
Lupe Pintor,Lugar de nacimiento,Cuajimalpa de Morelos
Lupe Pintor,Ocupación,boxeador
Lupe Pintor,Ciudadanía,México
Lupe Pintor,Premio recibido,The Ring magazine Comeback of the Year
Lupe Pintor,Fecha de nacimiento,1955-04-13
Enrique Carral Icaza,Lugar de nacimiento,Ciudad de México
Enrique Carral Icaza,Ocupación,arquitecto
Enrique Carral Icaza,Ciudadanía,México
Enrique Carral Icaza,Educado en,Universidad Nacional Autónoma de México
Enrique Carral Icaza,Empleador,Universidad Nacional Autónoma de México
Enrique Carral Icaza,Fecha de nacimiento,1914-07-14
Enrique Carral Icaza,Fecha de defunción,1976-01-01
Enrique Carral Icaza,Ocupación,pintor
Enrique Carral Icaza,Ocupación,profesor universitario
Juan Pablo Rodríguez,Lugar de nacimiento,Zapopan
Juan Pablo Rodríguez,Ocupación,futbolista
Juan Pablo Rodríguez,Ciudadanía,México
Juan Pablo Rodríguez,Fecha de nacimiento,1979-08-07
Leonardo Márquez,Lugar de nacimiento,Ciudad de México
Leonardo Márquez,Ocupación,militar
Leonardo Márquez,Ciudadanía,México
Leonardo Márquez,Cargo,embajador
Leonardo Márquez,Fecha de nacimiento,1820-01-08
Leonardo Márquez,Fecha de defunción,1913-07-05
Leonardo Márquez,Ocupación,político
Leonardo Márquez,Ocupación,diplomático
Alexander Salkind,Lugar de nacimiento,Gdansk
Alexander Salkind,Ocupación,productor de cine
Alexander Salkind,Ciudadanía,México
Alexander Salkind,Fecha de nacimiento,1921-06-02
Alexander Salkind,Fecha de defunción,1997-03-08
Alexander Salkind,Ciudadanía,Francia
Alexander Salkind,Ciudadanía,Rusia
Miguel Ángel Biaggio,Lugar de nacimiento,San Luis Potosí
Miguel Ángel Biaggio,Ocupación,actor
Miguel Ángel Biaggio,Ciudadanía,México
Miguel Ángel Biaggio,Miembro de,Mercurio
Miguel Ángel Biaggio,Fecha de nacimiento,1977-09-03
Miguel Ángel Biaggio,Ocupación,cantante
Andrés Carevic,Lugar de nacimiento,Carreras
Andrés Carevic,Ocupación,entrenador
Andrés Carevic,Ciudadanía,Argentina
Andrés Carevic,Fecha de nacimiento,1978-12-13
Andrés Carevic,Ocupación,futbolista
Guadalupe Marín,Lugar de nacimiento,Jalisco
Guadalupe Marín,Ocupación,escritor
Guadalupe Marín,Ciudadanía,México
Guadalupe Marín,Miembro de,Academia Mexicana de Ciencias
Guadalupe Marín,Fecha de nacimiento,1895-10-16
Guadalupe Marín,Fecha de defunción,1983-02-07
Guadalupe Marín,Ocupación,modelo
Guadalupe Marín,Ocupación,novelista
Gabriel Soto,Ocupación,actor
Gabriel Soto,Ocupación,cantante
Gabriel Soto,Ocupación,actor de televisión
Victoriano Huerta,Lugar de nacimiento,Colotlán
Victoriano Huerta,Ocupación,diplomático
Victoriano Huerta,Ciudadanía,Estados Unidos
Victoriano Huerta,Educado en,Heroico Colegio Militar
Victoriano Huerta,Cargo,presidente de México
Victoriano Huerta,Fecha de nacimiento,1850-12-22
Victoriano Huerta,Fecha de defunción,1916-01-13
Victoriano Huerta,Ocupación,militar
Victoriano Huerta,Fecha de nacimiento,1854-12-22
Victoriano Huerta,Ocupación,político
Victoriano Huerta,Ciudadanía,México
Victoriano Huerta,Cargo,ministro de Relaciones Exteriores
Victoriano Huerta,Cargo,Secretario de Relaciones Exteriores de México
Vikki Carr,Lugar de nacimiento,El Paso
Vikki Carr,Ocupación,cantante
Vikki Carr,Ciudadanía,Estados Unidos
Vikki Carr,Educado en,Rosemead High School
Vikki Carr,Premio recibido,Estrella del Paseo de la Fama de Hollywood
Vikki Carr,Fecha de nacimiento,1941-07-19
Vikki Carr,Ocupación,artista discográfico
Vikki Carr,Premio recibido,Premio Grammy Latino a la Excelencia Musical
Vikki Carr,Ciudadanía,México
Zuria Vega,Lugar de nacimiento,Ciudad de México
Zuria Vega,Ocupación,actor de teatro
Zuria Vega,Ciudadanía,México
Zuria Vega,Fecha de nacimiento,1989-01-10
Zuria Vega,Ocupación,actor de televisión
Zuria Vega,Ocupación,actor de cine
Ana de la Reguera,Lugar de nacimiento,Estado de Veracruz
Ana de la Reguera,Ocupación,actor
Ana de la Reguera,Ciudadanía,México
Ana de la Reguera,Educado en,Televisa San Ángel
Ana de la Reguera,Fecha de nacimiento,1977-04-08
Ana de la Reguera,Ocupación,modelo
Ana de la Reguera,Ocupación,actor de televisión
Ana de la Reguera,Ocupación,actor de cine
Fray Tormenta,Lugar de nacimiento,Q3845529
Fray Tormenta,Ocupación,sacerdote católico
Fray Tormenta,Ciudadanía,México
Fray Tormenta,Fecha de nacimiento,1945-05-29
Fray Tormenta,Ocupación,luchador profesional
María del Rosario Espinoza Espinoza,Lugar de nacimiento,La Brecha
María del Rosario Espinoza Espinoza,Ocupación,taekwondista
María del Rosario Espinoza Espinoza,Ciudadanía,México
María del Rosario Espinoza Espinoza,Premio recibido,Premio Nacional del Deporte
María del Rosario Espinoza Espinoza,Fecha de nacimiento,1987-11-27
Anthony Quinn,Lugar de nacimiento,Chihuahua
Anthony Quinn,Ocupación,actor de cine
Anthony Quinn,Ciudadanía,Estados Unidos
Anthony Quinn,Educado en,Estudio de actuación Stella Adler
Anthony Quinn,Premio recibido,Anexo:Oscar al mejor actor de reparto
Anthony Quinn,Fecha de nacimiento,1915-04-21
Anthony Quinn,Fecha de defunción,2001-06-03
Anthony Quinn,Ocupación,actor
Anthony Quinn,Premio recibido,Premio Cecil B. DeMille
Anthony Quinn,Ocupación,escritor
Anthony Quinn,Ocupación,pintor
Anthony Quinn,Ocupación,escultor
Anthony Quinn,Ocupación,actor de teatro
Anthony Quinn,Ocupación,director de cine
Anthony Quinn,Ocupación,actor de televisión
Anthony Quinn,Premio recibido,Premio Donostia del Festival de San Sebastián
Anthony Quinn,Premio recibido,Estrella del Paseo de la Fama de Hollywood
Anthony Quinn,Ciudadanía,México
Rudolf Jan Slaby,Lugar de nacimiento,Černošice
Rudolf Jan Slaby,Ocupación,traductor
Rudolf Jan Slaby,Ciudadanía,México
Rudolf Jan Slaby,Educado en,Universidad Carolina de Praga
Rudolf Jan Slaby,Miembro de,Real Academia de la Lengua Vasca
Rudolf Jan Slaby,Fecha de nacimiento,1885-01-25
Rudolf Jan Slaby,Fecha de defunción,1957-07-02
Rudolf Jan Slaby,Lugar de nacimiento,Černožice
Rudolf Jan Slaby,Ocupación,romanista
Rudolf Jan Slaby,Ocupación,lexicógrafo
Rudolf Jan Slaby,Ciudadanía,Alemania
Rudolf Jan Slaby,Educado en,Facultad de Artes de la Universidad Carolina
Ernesto Zedillo,Cargo,Secretaría de Educación Pública de México
Ernesto Zedillo,Cargo,ministro de Educación
Ernesto Zedillo,Miembro de,The Elders
Ernesto Zedillo,Cargo,Candidato presidencial por el Partido Revolucionario Institucional
Salvador de Iturbide y Marzán,Lugar de nacimiento,Ciudad de México
Salvador de Iturbide y Marzán,Ocupación,aristócrata
Salvador de Iturbide y Marzán,Ciudadanía,México
Salvador de Iturbide y Marzán,Fecha de nacimiento,1849-09-18
Salvador de Iturbide y Marzán,Fecha de defunción,1895-02-26
Salvador de Iturbide y Marzán,Fecha de nacimiento,1849-09-28
Eduardo Fentanes,Lugar de nacimiento,Estado de Veracruz
Eduardo Fentanes,Ocupación,entrenador
Eduardo Fentanes,Ciudadanía,México
Eduardo Fentanes,Fecha de nacimiento,1977-07-09
Eduardo Fentanes,Ocupación,futbolista
Sabine Moussier,Lugar de nacimiento,Leverkusen
Sabine Moussier,Ocupación,actor de teatro
Sabine Moussier,Ciudadanía,México
Sabine Moussier,Educado en,Centro de Educación Artística
Sabine Moussier,Fecha de nacimiento,1966-07-12
Sabine Moussier,Ocupación,modelo
Sabine Moussier,Ocupación,actor de televisión
Sabine Moussier,Ocupación,actor de cine
Sabine Moussier,Ciudadanía,Alemania
Olga Costa,Lugar de nacimiento,Leipzig
Olga Costa,Ocupación,pintor
Olga Costa,Ciudadanía,México
Olga Costa,Premio recibido,Premio Nacional de Ciencias y Artes
Olga Costa,Fecha de nacimiento,1913-08-28
Olga Costa,Fecha de defunción,1993-06-28
Olga Costa,Ocupación,artista gráfico
Olga Costa,Ocupación,grabador
Olga Costa,Ciudadanía,Alemania
Alberto Del Rio,Lugar de nacimiento,San Luis Potosí
Alberto Del Rio,Ocupación,luchador de artes marciales mixtas
Alberto Del Rio,Ciudadanía,Estados Unidos
Alberto Del Rio,Educado en,Universidad Autónoma de San Luis Potosí
Alberto Del Rio,Fecha de nacimiento,1977-05-25
Alberto Del Rio,Ocupación,luchador
Alberto Del Rio,Ocupación,luchador profesional
Alberto Del Rio,Ciudadanía,México
María Santos Gorrostieta Salazar,Lugar de nacimiento,Tiquicheo de Nicolás Romero Municipality
María Santos Gorrostieta Salazar,Ocupación,político
María Santos Gorrostieta Salazar,Ciudadanía,México
María Santos Gorrostieta Salazar,Educado en,Universidad Michoacana de San Nicolás de Hidalgo
María Santos Gorrostieta Salazar,Fecha de nacimiento,1976-01-01
María Santos Gorrostieta Salazar,Fecha de defunción,2012-11-20
Óscar Dautt,Lugar de nacimiento,Guasave
Óscar Dautt,Ocupación,futbolista
Óscar Dautt,Ciudadanía,México
Óscar Dautt,Fecha de nacimiento,1976-05-08
Óscar Dautt,Fecha de nacimiento,1976-06-08
Sergio Pérez,Lugar de nacimiento,Guadalajara
Sergio Pérez,Ocupación,piloto de automovilismo
Sergio Pérez,Ciudadanía,México
Sergio Pérez,Fecha de nacimiento,1990-01-26
Sergio Pérez,Ocupación,piloto de Fórmula Uno
Anthony Quinn,Educado en,Escuela Preparatoria Belmont
Miguel Ángel Biaggio,Ocupación,actor de televisión
Miguel Ángel Biaggio,Ocupación,actor de cine
Ximena Navarrete,Lugar de nacimiento,Guadalajara
Ximena Navarrete,Ocupación,actor
Ximena Navarrete,Ciudadanía,México
Ximena Navarrete,Educado en,Academia Asiática de Cine y Televisión
Ximena Navarrete,Premio recibido,Miss Universo
Ximena Navarrete,Fecha de nacimiento,1988-02-22
Ximena Navarrete,Ocupación,modelo
Ximena Navarrete,Ocupación,actor de cine
Ximena Navarrete,Ocupación,participante en concursos de belleza
Ximena Navarrete,Premio recibido,Miss New Mexico Teen USA
Ximena Navarrete,Premio recibido,Nuestra Belleza México 2009
Dulce María Sauri Riancho,Lugar de nacimiento,Mérida
Dulce María Sauri Riancho,Ocupación,político
Dulce María Sauri Riancho,Ciudadanía,México
Dulce María Sauri Riancho,Educado en,Universidad Iberoamericana
Dulce María Sauri Riancho,Cargo,gobernador de Yucatán
Dulce María Sauri Riancho,Fecha de nacimiento,1951-08-14
Dulce María Sauri Riancho,Ocupación,sociólogo
Dulce María Sauri Riancho,Cargo,Presidente de la Cámara de Diputados de México
Dulce María Sauri Riancho,Cargo,diputado de México
Dulce María Sauri Riancho,Cargo,senador de México
Dulce María Sauri Riancho,Cargo,Presidente del Partido Revolucionario Institucional
Dolores Heredia,Lugar de nacimiento,La Paz
Dolores Heredia,Ocupación,actor de televisión
Dolores Heredia,Ciudadanía,México
Dolores Heredia,Fecha de nacimiento,1966-10-06
Dolores Heredia,Ocupación,actor de cine
Giselle Itié,Lugar de nacimiento,Ciudad de México
Giselle Itié,Ocupación,actor
Giselle Itié,Ciudadanía,México
Giselle Itié,Obra notable,"Bela, a Feia"
Giselle Itié,Premio recibido,Brazil Quality Art Award
Giselle Itié,Fecha de nacimiento,1981-10-03
Giselle Itié,Ocupación,actor de televisión
Giselle Itié,Ocupación,actor de cine
Giselle Itié,Premio recibido,Contigo! Award for performance by a best newcomer actor/actress
Giselle Itié,Ciudadanía,Brasil
Giselle Itié,Obra notable,Moisés y los diez mandamientos
Felipe Colombo,Lugar de nacimiento,Ciudad de México
Felipe Colombo,Ocupación,portavoz
Felipe Colombo,Ciudadanía,México
Felipe Colombo,Obra notable,Rebelde Way
Felipe Colombo,Miembro de,Erreway
Felipe Colombo,Fecha de nacimiento,1983-01-08
Felipe Colombo,Ocupación,actor
Felipe Colombo,Ocupación,compositor
Felipe Colombo,Ocupación,cantante
Felipe Colombo,Ocupación,cantautor
Felipe Colombo,Ocupación,presentador de televisión
Felipe Colombo,Ocupación,actor de teatro
Felipe Colombo,Ocupación,modelo
Felipe Colombo,Ocupación,bailarín
Felipe Colombo,Ocupación,actor de televisión
Felipe Colombo,Ocupación,actor de cine
Felipe Colombo,Obra notable,Son de Fierro
Elsa Benítez,Lugar de nacimiento,Hermosillo
Elsa Benítez,Ocupación,modelo
Elsa Benítez,Ciudadanía,México
Elsa Benítez,Fecha de nacimiento,1977-12-08
Elsa Benítez,Ocupación,presentador
Cara Buono,Lugar de nacimiento,El Bronx
Cara Buono,Ocupación,guionista
Cara Buono,Ciudadanía,México
Cara Buono,Educado en,Universidad de Columbia
Cara Buono,Obra notable,Stranger Things
Cara Buono,Fecha de nacimiento,1971-03-01
Cara Buono,Ocupación,actor de teatro
Cara Buono,Ocupación,director de cine
Cara Buono,Ocupación,productor de cine
Cara Buono,Ocupación,actor de televisión
Cara Buono,Ocupación,actor de cine
Cara Buono,Fecha de nacimiento,1974-03-01
Cara Buono,Educado en,Escuela Secundaria Fiorello H. LaGuardia
Laura Sánchez Soto,Lugar de nacimiento,Ciudad de México
Laura Sánchez Soto,Ocupación,saltador
Laura Sánchez Soto,Ciudadanía,México
Laura Sánchez Soto,Fecha de nacimiento,1985-10-16
María Rojo,Lugar de nacimiento,Ciudad de México
María Rojo,Ocupación,actor
María Rojo,Ciudadanía,México
María Rojo,Cargo,diputado de México
María Rojo,Premio recibido,Premio Ariel a mejor actriz
María Rojo,Fecha de nacimiento,1943-08-15
Miguel de la Madrid,Premio recibido,Orden Nacional José Martí
Miguel de la Madrid,Premio recibido,Orden de Jamaica
Miguel de la Madrid,Premio recibido,Collar de la Orden de Isabel la Católica
Lázaro Cárdenas,Lugar de nacimiento,Q6202949
Lázaro Cárdenas,Ocupación,militar
Lázaro Cárdenas,Ciudadanía,México
Lázaro Cárdenas,Miembro de,Orden de Isabel la Católica
Lázaro Cárdenas,Cargo,presidente de México
Lázaro Cárdenas,Premio recibido,Orden Mexicana del Águila Azteca
Lázaro Cárdenas,Fecha de nacimiento,1895-05-21
Lázaro Cárdenas,Fecha de defunción,1970-10-19
Lázaro Cárdenas,Ocupación,político
Lázaro Cárdenas,Premio recibido,Premio Lenin de la Paz
Lázaro Cárdenas,Premio recibido,Orden Playa Girón
Lázaro Cárdenas,Premio recibido,Orden de Carlos Manuel de Céspedes
Lázaro Cárdenas,Premio recibido,Gran Cruz de la Orden de Isabel la Católica
Lázaro Cárdenas,Cargo,ministro de Defensa
Lázaro Cárdenas,Cargo,Gobernador de Michoacán
Elizabeth Catlett,Lugar de nacimiento,Washington D. C.
Elizabeth Catlett,Ocupación,educador de arte
Elizabeth Catlett,Ciudadanía,Estados Unidos
Elizabeth Catlett,Educado en,Universidad de Iowa
Elizabeth Catlett,Empleador,Dillard University
Elizabeth Catlett,Obra notable,Students Aspire
Elizabeth Catlett,Miembro de,Taller de Gráfica Popular
Elizabeth Catlett,Premio recibido,honorary degree from Spelman College
Elizabeth Catlett,Fecha de nacimiento,1915-04-15
Elizabeth Catlett,Fecha de defunción,2012-04-02
Elizabeth Catlett,Ocupación,profesor
Elizabeth Catlett,Ciudadanía,México
Elizabeth Catlett,Premio recibido,Premio Caucus
Elizabeth Catlett,Ocupación,ilustrador
Elizabeth Catlett,Ocupación,pintor
Elizabeth Catlett,Ocupación,escultor
Elizabeth Catlett,Ocupación,grabador
Elizabeth Catlett,Premio recibido,Candace Award
Elizabeth Catlett,Empleador,Universidad Prairie View A&M
Elizabeth Catlett,Obra notable,Black Unity
Elizabeth Catlett,Empleador,Works Progress Administration
Elizabeth Catlett,Educado en,"Escuela Nacional de Pintura, Escultura y Grabado La Esmeralda"
Elizabeth Catlett,Educado en,Universidad Howard
Elizabeth Catlett,Educado en,Dunbar High School
Lázaro Cárdenas,Cargo,Secretario de la Defensa Nacional de México
Enrique Peña Nieto,Lugar de nacimiento,Q8208384
Enrique Peña Nieto,Ocupación,abogado
Enrique Peña Nieto,Ciudadanía,México
Enrique Peña Nieto,Educado en,Universidad Panamericana
Enrique Peña Nieto,Cargo,presidente de México
Enrique Peña Nieto,Premio recibido,Orden Nacional Juan Mora Fernández
Enrique Peña Nieto,Fecha de nacimiento,1966-07-20
Enrique Peña Nieto,Ocupación,político
Enrique Peña Nieto,Premio recibido,Orden de Abdulaziz al Saud
Enrique Peña Nieto,Premio recibido,Orden de Mubarak el Grande
Enrique Peña Nieto,Premio recibido,Orden del Elefante
Enrique Peña Nieto,Premio recibido,Orden al Mérito de la República Italiana
Enrique Peña Nieto,Premio recibido,Orden del Quetzal
Enrique Peña Nieto,Premio recibido,Gran Cruz de la Orden Nacional de la Legión de Honor
Enrique Peña Nieto,Premio recibido,Caballero de Gran Cruz con collar de la Orden al Mérito de la República Italiana
Enrique Peña Nieto,Premio recibido,Collar de la Orden de Isabel la Católica
Enrique Peña Nieto,Premio recibido,gran collar de la orden del Infante Don Enrique
Enrique Peña Nieto,Premio recibido,Caballero del collar de la Orden de Carlos III
Enrique Peña Nieto,Premio recibido,Gran Collar de la Orden Nacional de la Cruz del Sur
Enrique Peña Nieto,Premio recibido,Gran Cruz con Collar de la Orden de la Rosa Blanca de Finlandia
Enrique Peña Nieto,Premio recibido,Gran Cruz con Diamantes de la Orden del Sol del Perú
Enrique Peña Nieto,Premio recibido,Global Citizen Awards
Enrique Peña Nieto,Premio recibido,Medalla de la República Oriental del Uruguay
Enrique Peña Nieto,Premio recibido,Gran Cruz de la Orden del Baño
Enrique Peña Nieto,Educado en,Instituto Tecnológico y de Estudios Superiores de Monterrey
Enrique Peña Nieto,Cargo,Gobernantes del Estado de México
Lola Beltrán,Lugar de nacimiento,El Rosario
Lola Beltrán,Ocupación,actor
Lola Beltrán,Ciudadanía,México
Lola Beltrán,Fecha de nacimiento,1935-03-07
Lola Beltrán,Fecha de defunción,1996-03-24
Lola Beltrán,Ocupación,cantante
Lola Beltrán,Ocupación,actor de televisión
Lola Beltrán,Ocupación,actor de cine
Marga López,Lugar de nacimiento,San Miguel de Tucumán
Marga López,Ocupación,actor de televisión
Marga López,Ciudadanía,México
Marga López,Premio recibido,Anexo:Premio Ariel de Oro
Marga López,Fecha de nacimiento,1924-06-21
Marga López,Fecha de defunción,2005-07-04
Marga López,Ocupación,actor de cine
Marga López,Premio recibido,Premio Ariel a mejor actriz
Horacio López Salgado,Lugar de nacimiento,Taxco de Alarcón
Horacio López Salgado,Ocupación,futbolista
Horacio López Salgado,Ciudadanía,México
Horacio López Salgado,Fecha de nacimiento,1948-09-15
Samadhi Zendejas,Lugar de nacimiento,Ciudad de México
Samadhi Zendejas,Ocupación,actor
Samadhi Zendejas,Ciudadanía,México
Samadhi Zendejas,Fecha de nacimiento,1994-12-27
Lola Beltrán,Ocupación,presentador
Ernesto Zedillo,Premio recibido,Gran Cruz de la Orden del Mérito de Hungría
Ernesto Zedillo,Premio recibido,Medalla Cruz Wilbur
Ernesto Zedillo,Premio recibido,Caballero de Gran Cruz con collar de la Orden al Mérito de la República Italiana
Ernesto Zedillo,Premio recibido,Collar de la Orden de Isabel la Católica
Ernesto Zedillo,Premio recibido,Premio Libertad
Ernesto Zedillo,Premio recibido,Collar de la Orden de la Estrella de Rumania
Ernesto Zedillo,Premio recibido,gran collar de la orden del Infante Don Enrique
Ernesto Zedillo,Premio recibido,Collar de la Orden de la Cruz de Terra Mariana
Ernesto Zedillo,Premio recibido,Gran Cruz con Collar de la Orden de la Rosa Blanca de Finlandia
Ernesto Zedillo,Premio recibido,Gran Cruz con Diamantes de la Orden del Sol del Perú
Ernesto Zedillo,Premio recibido,"Orden del Príncipe Yaroslav el Sabio, 1° grado"
Dr. Atl,Lugar de nacimiento,Guadalajara
Dr. Atl,Ocupación,escritor
Dr. Atl,Ciudadanía,México
Dr. Atl,Miembro de,El Colegio Nacional
Dr. Atl,Premio recibido,Medalla Belisario Domínguez
Dr. Atl,Fecha de nacimiento,1875-10-03
Dr. Atl,Fecha de defunción,1964-08-15
Dr. Atl,Ocupación,pintor
Dr. Atl,Ocupación,filósofo
Dr. Atl,Ocupación,vulcanólogo
Dr. Atl,Premio recibido,Premio Nacional de Ciencias y Artes
Edith Márquez,Lugar de nacimiento,Municipio de Puebla
Edith Márquez,Ocupación,cantante
Edith Márquez,Ciudadanía,México
Edith Márquez,Miembro de,Timbiriche
Edith Márquez,Fecha de nacimiento,1973-01-27
Edith Márquez,Ocupación,actor de teatro
Edith Márquez,Ocupación,actor de televisión
Edith Márquez,Ocupación,actor de cine
Bernardo Gutiérrez de Lara,Ocupación,político
Bernardo Gutiérrez de Lara,Ciudadanía,México
Bernardo Gutiérrez de Lara,Cargo,Gobernantes de Tamaulipas
Bernardo Gutiérrez de Lara,Fecha de nacimiento,1774-08-20
Bernardo Gutiérrez de Lara,Fecha de defunción,1841-05-13
Bernardo Gutiérrez de Lara,Ocupación,diplomático
Martín Luis Guzmán,Lugar de nacimiento,Chihuahua
Martín Luis Guzmán,Ocupación,escritor
Martín Luis Guzmán,Ciudadanía,México
Martín Luis Guzmán,Miembro de,Academia Mexicana de la Lengua
Martín Luis Guzmán,Cargo,diputado de México
Martín Luis Guzmán,Premio recibido,Premio Nacional de Ciencias y Artes
Martín Luis Guzmán,Fecha de nacimiento,1887-10-06
Martín Luis Guzmán,Fecha de defunción,1976-12-22
Martín Luis Guzmán,Ocupación,militar
Martín Luis Guzmán,Ocupación,político
Martín Luis Guzmán,Ocupación,diplomático
Martín Luis Guzmán,Ocupación,periodista
Martín Luis Guzmán,Cargo,senador de México
Lupe Vélez,Lugar de nacimiento,San Luis Potosí
Lupe Vélez,Ocupación,actor de teatro
Lupe Vélez,Ciudadanía,México
Lupe Vélez,Premio recibido,Estrella del Paseo de la Fama de Hollywood
Lupe Vélez,Fecha de nacimiento,1906-07-18
Lupe Vélez,Fecha de defunción,1944-12-13
Lupe Vélez,Ocupación,actor de televisión
Lupe Vélez,Ocupación,actor de cine
Lupe Vélez,Fecha de nacimiento,1908-07-18
Felipe Arriaga,Lugar de nacimiento,Michoacán
Felipe Arriaga,Ocupación,actor
Felipe Arriaga,Ciudadanía,México
Felipe Arriaga,Fecha de nacimiento,1937-09-27
Felipe Arriaga,Fecha de defunción,1988-11-03
Felipe Arriaga,Ocupación,cantante
Felipe Arriaga,Ocupación,actor de cine
Lupe Jones,Lugar de nacimiento,Mexicali
Lupe Jones,Ocupación,actor
Lupe Jones,Ciudadanía,México
Lupe Jones,Premio recibido,Libro Guinness de los récords
Lupe Jones,Fecha de nacimiento,1967-09-06
Lupe Jones,Ocupación,empresario
Lupe Jones,Ocupación,político
Lupe Jones,Ocupación,modelo
Lupe Jones,Ocupación,actor de televisión
Lupe Jones,Ocupación,participante en concursos de belleza
Lupe Jones,Premio recibido,Miss Universo 1991
Lupe Jones,Premio recibido,Señorita México 1990
Inés Efron,Lugar de nacimiento,Ciudad de México
Inés Efron,Ocupación,actor
Inés Efron,Ciudadanía,México
Inés Efron,Fecha de nacimiento,1985-06-21
Inés Efron,Ocupación,artista escénico
Inés Efron,Ocupación,actor de cine
Inés Efron,Ciudadanía,Argentina
Luz María Aguilar,Lugar de nacimiento,Ojinaga
Luz María Aguilar,Ocupación,actor de teatro
Luz María Aguilar,Ciudadanía,México
Luz María Aguilar,Fecha de nacimiento,1935-03-26
Luz María Aguilar,Ocupación,actor de televisión
Luz María Aguilar,Ocupación,actor de cine
Édgar García de Dios,Lugar de nacimiento,Ciudad de México
Édgar García de Dios,Ocupación,futbolista
Édgar García de Dios,Ciudadanía,México
Édgar García de Dios,Fecha de nacimiento,1977-09-01
Édgar García de Dios,Fecha de defunción,2010-06-26
Édgar García de Dios,Fecha de defunción,2010-06-27
Margo Glantz,Lugar de nacimiento,Ciudad de México
Margo Glantz,Ocupación,escritor
Margo Glantz,Ciudadanía,México
Margo Glantz,Educado en,Facultad de Filosofía y Letras (Universidad Nacional Autónoma de México)
Margo Glantz,Empleador,Universidad Nacional Autónoma de México
Margo Glantz,Miembro de,Academia Mexicana de la Lengua
Margo Glantz,Premio recibido,Premio Nacional de Ciencias y Artes
Margo Glantz,Fecha de nacimiento,1930-01-28
Margo Glantz,Ocupación,diplomático
Dominika Paleta,Ocupación,actor
Jessica Coch,Lugar de nacimiento,Puebla de Zaragoza
Jessica Coch,Ocupación,actor
Jessica Coch,Ciudadanía,México
Jessica Coch,Fecha de nacimiento,1979-11-04
Jessica Coch,Ocupación,actor de teatro
Jessica Coch,Ocupación,actor de televisión
Jessica Coch,Ocupación,actor de cine
Jessica Coch,Ciudadanía,Argentina
Cesáreo Victorino Mungaray,Lugar de nacimiento,Ciudad de México
Cesáreo Victorino Mungaray,Ocupación,futbolista
Cesáreo Victorino Mungaray,Ciudadanía,México
Cesáreo Victorino Mungaray,Fecha de nacimiento,1979-03-19
Lydia Cacho,Lugar de nacimiento,Ciudad de México
Lydia Cacho,Ocupación,escritor
Lydia Cacho,Ciudadanía,México
Lydia Cacho,Obra notable,Los demonios del Edén
Lydia Cacho,Premio recibido,Premio al coraje civil de la Fundación Train
Lydia Cacho,Fecha de nacimiento,1963-04-12
Lydia Cacho,Ocupación,activista por los derechos humanos
Lydia Cacho,Ocupación,periodista
Lydia Cacho,Premio recibido,Premio Kurt Tucholsky
Lydia Cacho,Premio recibido,Premio Olof Palme
Lydia Cacho,Premio recibido,Premio Mundial de la Libertad de Prensa Unesco - Guillermo Cano
Lydia Cacho,Premio recibido,International Press Institute World Press Freedom Heroes
Lydia Cacho,Premio recibido,Oxfam Novib/PEN Award
Lydia Cacho,Premio recibido,Premio Ginetta Sagan
Lydia Cacho,Premio recibido,Premio Una Humanidad
Lydia Cacho,Premio recibido,Premio a la Valentía en el Periodismo
Lydia Cacho,Premio recibido,Pinter International Writer of Courage Award
Lydia Cacho,Premio recibido,Escritor/a Gallego/a Universal
Felipe Buergo Elcuaz,Lugar de nacimiento,Ciudad de México
Felipe Buergo Elcuaz,Ocupación,árbitro de fútbol
Felipe Buergo Elcuaz,Ciudadanía,México
Edith González,Lugar de nacimiento,Ciudad de México
Edith González,Ocupación,actor
Edith González,Ciudadanía,México
Edith González,Educado en,La Sorbona
Edith González,Fecha de nacimiento,1964-12-10
Edith González,Fecha de defunción,2019-06-13
Edith González,Educado en,Neighborhood Playhouse School of the Theatre
Edith González,Educado en,Instituto de Teatro y Cine Lee Strasberg
Antonio Carbajal,Lugar de nacimiento,Ciudad de México
Antonio Carbajal,Ocupación,entrenador
Antonio Carbajal,Ciudadanía,México
Antonio Carbajal,Fecha de nacimiento,1929-06-07
Antonio Carbajal,Fecha de defunción,2023-05-09
Antonio Carbajal,Ocupación,futbolista
Eduardo Capetillo,Lugar de nacimiento,Ciudad de México
Eduardo Capetillo,Ocupación,actor
Eduardo Capetillo,Ciudadanía,México
Eduardo Capetillo,Miembro de,Timbiriche
Eduardo Capetillo,Fecha de nacimiento,1970-04-13
Eduardo Capetillo,Ocupación,cantante
Eduardo Capetillo,Ocupación,actor de televisión
Eduardo Capetillo,Ocupación,actor de cine
Alberto Valdés Ramos,Lugar de nacimiento,Ciudad de México
Alberto Valdés Ramos,Ocupación,jinete hípico
Alberto Valdés Ramos,Ciudadanía,México
Alberto Valdés Ramos,Fecha de nacimiento,1919-06-25
Alberto Valdés Ramos,Fecha de defunción,2013-04-14
Margo Glantz,Ocupación,profesor universitario
Margo Glantz,Ocupación,crítico literario
Margo Glantz,Premio recibido,Premio Xavier Villaurrutia
Margo Glantz,Premio recibido,Beca Guggenheim
Margo Glantz,Premio recibido,Premio FIL de Literatura en Lenguas Romances
Margo Glantz,Premio recibido,Premio Iberoamericano de Narrativa Manuel Rojas
Margo Glantz,Premio recibido,Reconocimiento Sor Juana Inés de la Cruz
Margo Glantz,Premio recibido,doctor honoris causa por la Universidad de Alicante
Margo Glantz,Premio recibido,doctorado honoris causa por la Universidad Nacional Autónoma de México
Margo Glantz,Empleador,Universidad Estatal de Montclair
Laurette Séjourné,Lugar de nacimiento,Italia
Laurette Séjourné,Ocupación,escritor
Laurette Séjourné,Ciudadanía,México
Laurette Séjourné,Premio recibido,Premio Internacional Alfonso Reyes
Laurette Séjourné,Fecha de nacimiento,1911-10-19
Laurette Séjourné,Fecha de defunción,2003-05-25
Laurette Séjourné,Ocupación,etnólogo
Laurette Séjourné,Ocupación,Q54755137
Laurette Séjourné,Ciudadanía,Francia
Élmer Mendoza,Lugar de nacimiento,Culiacán
Élmer Mendoza,Ocupación,escritor
Élmer Mendoza,Ciudadanía,México
Élmer Mendoza,Educado en,Universidad Nacional Autónoma de México
Élmer Mendoza,Fecha de nacimiento,1949-12-06
Élmer Mendoza,Ocupación,dramaturgo
Carmen Romero Rubio,Lugar de nacimiento,Tamaulipas
Carmen Romero Rubio,Ocupación,político
Carmen Romero Rubio,Ciudadanía,México
Carmen Romero Rubio,Fecha de nacimiento,1864-01-20
Carmen Romero Rubio,Fecha de defunción,1944-06-25
Andrés Carevic,Ciudadanía,México
Samadhi Zendejas,Ocupación,actor de televisión
Yolanda Ramírez,Lugar de nacimiento,Teziutlán
Yolanda Ramírez,Ocupación,tenista
Yolanda Ramírez,Ciudadanía,México
Yolanda Ramírez,Fecha de nacimiento,1935-03-01
Yolanda Ramírez,Fecha de defunción,2025-03-09
Óscar Rojas Castellón,Lugar de nacimiento,Ciudad de México
Óscar Rojas Castellón,Ocupación,futbolista
Óscar Rojas Castellón,Ciudadanía,México
Óscar Rojas Castellón,Fecha de nacimiento,1981-08-02
Óscar Bonfiglio,Lugar de nacimiento,Heroica Guaymas
Óscar Bonfiglio,Ocupación,militar
Óscar Bonfiglio,Ciudadanía,México
Óscar Bonfiglio,Fecha de nacimiento,1905-10-05
Óscar Bonfiglio,Fecha de defunción,1987-01-14
Óscar Bonfiglio,Ocupación,entrenador
Óscar Bonfiglio,Ocupación,futbolista
Óscar E. Duplán Maldonado,Lugar de nacimiento,Q1953094
Óscar E. Duplán Maldonado,Ocupación,diplomático
Óscar E. Duplán Maldonado,Ciudadanía,México
Óscar E. Duplán Maldonado,Cargo,embajador
Óscar E. Duplán Maldonado,Fecha de nacimiento,1890-04-17
Óscar E. Duplán Maldonado,Fecha de defunción,1942-04-23
Óscar González César,Lugar de nacimiento,Estado de México
Óscar González César,Ocupación,diplomático
Óscar González César,Ciudadanía,México
Óscar González César,Cargo,ambassador of Mexico to Algeria
Óscar González César,Fecha de nacimiento,1941-11-09
Óscar Osvaldo García Montoya,Lugar de nacimiento,Guasave
Óscar Osvaldo García Montoya,Ocupación,militar
Óscar Osvaldo García Montoya,Ciudadanía,México
Óscar Osvaldo García Montoya,Fecha de nacimiento,1974-01-01
Óscar Osvaldo García Montoya,Ocupación,agente de policía
Óscar Osvaldo García Montoya,Ocupación,asesino en serie
Óscar Osvaldo García Montoya,Fecha de nacimiento,1975-01-01
Oscar Pérez Rojas,Lugar de nacimiento,Ciudad de México
Oscar Pérez Rojas,Ocupación,futbolista
Oscar Pérez Rojas,Ciudadanía,México
Oscar Pérez Rojas,Fecha de nacimiento,1973-02-01
Óscar Salazar Blanco,Lugar de nacimiento,Ciudad de México
Óscar Salazar Blanco,Ocupación,taekwondista
Óscar Salazar Blanco,Ciudadanía,México
Óscar Salazar Blanco,Fecha de nacimiento,1977-11-03
Óscar Valdez,Lugar de nacimiento,Suaqui
Óscar Valdez,Ocupación,boxeador
Óscar Valdez,Ciudadanía,México
Óscar Valdez,Premio recibido,WBO World Featherweight Champion
Óscar Valdez,Fecha de nacimiento,1990-12-22
Óscar de la Hoya,Lugar de nacimiento,Este de Los Ángeles
Óscar de la Hoya,Ocupación,boxeador
Óscar de la Hoya,Ciudadanía,Estados Unidos
Óscar de la Hoya,Educado en,Escuela Preparatoria Garfield
Óscar de la Hoya,Premio recibido,WBO World Middleweight Champion
Óscar de la Hoya,Fecha de nacimiento,1973-02-04
Óscar de la Hoya,Ocupación,promotor de boxeo
Óscar de la Hoya,Premio recibido,WBO World Lightweight Champion
Óscar de la Hoya,Premio recibido,WBO World Junior Lightweight Champion
Óscar de la Hoya,Ciudadanía,México
María Rojo,Ocupación,político
María Rojo,Cargo,senador de México
Colima,jefe de gobierno,Indira Vizcaíno Silva
Colima,jefe de gobierno,Morena
Colima,país,México
Colima,instancia de,estado de México
Colima,capital,Colima
Facultad de Filosofía y Letras (Universidad Nacional Autónoma de México),país,México
Facultad de Filosofía y Letras (Universidad Nacional Autónoma de México),instancia de,facultad universitaria
Facultad de Filosofía y Letras (Universidad Nacional Autónoma de México),instancia de,facultad de filosofía
Facultad de Filosofía y Letras (Universidad Nacional Autónoma de México),instancia de,facultad de literatura
Facultad de Filosofía y Letras (Universidad Nacional Autónoma de México),situado en la entidad territorial administrativa,Ciudad de México
París,jefe de gobierno,Anne Hidalgo
París,país,Francia
París,continente,Europa
París,instancia de,departamento de Francia
París,instancia de,megaciudad
La noche de Tlatelolco:Testimonios de historia oral,instancia de,obra literaria
La noche de Tlatelolco:Testimonios de historia oral,autor,Elena Poniatowska
La noche de Tlatelolco:Testimonios de historia oral,género,crónica
La noche de Tlatelolco:Testimonios de historia oral,género,no ficción
La noche de Tlatelolco:Testimonios de historia oral,idioma de la obra o del nombre,español
Cracovia,continente,Europa
Cracovia,instancia de,ciudad de la Liga Hanseática
Cracovia,instancia de,ciudad con derechos de distrito
Cracovia,instancia de,destino turístico
Cracovia,instancia de,gran ciudad
actor de televisión,instancia de,profesión
actor de televisión,subclase de,actor
actor de televisión,ámbito de la ocupación,actuación para la televisión
actor de televisión,categoría principal del tema,Categoría:Actores de televisión
Universidad Iberoamericana,categoría para las personas que estudiaron en esta institución,Categoría:Alumnado de la Universidad Iberoamericana
Universidad Iberoamericana,país,México
Universidad Iberoamericana,instancia de,universidad
Universidad Iberoamericana,instancia de,universidad jesuita
Universidad Iberoamericana,situado en la entidad territorial administrativa,Ciudad de México
Globo de Oro a la mejor actriz de reparto,ganador,Winona Ryder
Globo de Oro a la mejor actriz de reparto,ganador,Sigourney Weaver
Globo de Oro a la mejor actriz de reparto,ganador,Jennifer Connelly
Globo de Oro a la mejor actriz de reparto,ganador,Lauren Bacall
Globo de Oro a la mejor actriz de reparto,ganador,Renée Zellweger
actor de voz,instancia de,profesión
actor de voz,subclase de,actor
actor de voz,ámbito de la ocupación,actuación de voz
actor de voz,se dice que es lo mismo que,seiyū
actor de voz,categoría principal del tema,Categoría:Actores de voz
Tijuana,país,México
Tijuana,instancia de,ciudad
Tijuana,instancia de,localidad de México
Tijuana,comparte fronteras con,San Diego
Kairo,instancia de,grupo musical
Kairo,género,pop
Kairo,país de origen,México
Kairo,diferente de,Kairo
Chihuahua,subdividido en (división administrativa),Municipio de Rosales
Medalla Belisario Domínguez,país,México
Medalla Belisario Domínguez,instancia de,medalla
Medalla Belisario Domínguez,nombrado en referencia a,Belisario Domínguez Palencia
Medalla Belisario Domínguez,conferido por,Senado de México
Magdalena de Kino,país,México
Magdalena de Kino,instancia de,localidad de México
Magdalena de Kino,situado en la entidad territorial administrativa,Magdalena
Magdalena de Kino,ciudad hermana,Guadalajara
Cuajimalpa de Morelos,jefe de gobierno,Carlos Orvañanos Rea
Cuajimalpa de Morelos,país,México
Cuajimalpa de Morelos,instancia de,demarcación territorial de la Ciudad de México
Cuajimalpa de Morelos,situado en la entidad territorial administrativa,Ciudad de México
Cuajimalpa de Morelos,ciudad hermana,Zapopan
Zapopan,jefe de gobierno,Juan José Frangie
Zapopan,país,México
Zapopan,instancia de,ciudad
Zapopan,instancia de,metrópoli
Zapopan,instancia de,gran ciudad
embajador,instancia de,rango diplomático
embajador,instancia de,título de autoridad
embajador,instancia de,cargo
embajador,texto regulador principal,Convención de Viena sobre Relaciones Diplomáticas
embajador,subclase de,jefe de misión
Mercurio,instancia de,grupo musical
Mercurio,país de origen,México
Carreras,país,Argentina
Carreras,instancia de,municipio
Carreras,situado en la entidad territorial administrativa,Departamento General López
Carreras,se encuentra en el huso horario,UTC−3
Academia Mexicana de Ciencias,país,México
Academia Mexicana de Ciencias,instancia de,academia de ciencias
Academia Mexicana de Ciencias,situado en la entidad territorial administrativa,Ciudad de México
Academia Mexicana de Ciencias,ubicación de la sede,Ciudad de México
Colotlán,país,México
Colotlán,instancia de,localidad de México
Colotlán,se encuentra en el huso horario,UTC−6
Heroico Colegio Militar,país,México
Heroico Colegio Militar,instancia de,academia militar
Heroico Colegio Militar,situado en la entidad territorial administrativa,Tlalpan
Heroico Colegio Militar,rama militar,Fuerzas Armadas de México
Heroico Colegio Militar,afiliación,Secretaría de la Defensa Nacional
El Paso,país,Estados Unidos
El Paso,instancia de,sede de condado
El Paso,instancia de,ciudad fronteriza
El Paso,instancia de,ciudad de Estados Unidos
Estrella del Paseo de la Fama de Hollywood,país,Estados Unidos
Estrella del Paseo de la Fama de Hollywood,representa a,estrella
Estrella del Paseo de la Fama de Hollywood,subclase de,distinción
Estrella del Paseo de la Fama de Hollywood,subclase de,placa conmemorativa
Estrella del Paseo de la Fama de Hollywood,forma parte de,Paseo de la Fama de Hollywood
historiador del arte,instancia de,profesión
historiador del arte,instancia de,ocupación
historiador del arte,subclase de,historiador
historiador del arte,subclase de,académico de humanidades
historiador del arte,ámbito de la ocupación,estudio de la historia del arte
Los cuatro acuerdos,instancia de,obra literaria
Los cuatro acuerdos,autor,Miguel Ángel Ruiz Macías
Los cuatro acuerdos,idioma de la obra o del nombre,inglés
Los cuatro acuerdos,tema principal de la obra,desarrollo personal
Televisa San Ángel,país,México
Televisa San Ángel,instancia de,estudio de cine
Televisa San Ángel,fundador,Grupo Televisa
Televisa San Ángel,propiedad de,Grupo Televisa
Televisa San Ángel,uso,televisor
La Brecha,país,México
La Brecha,instancia de,localidad de México
La Brecha,situado en la entidad territorial administrativa,Municipio de Guasave
taekwondista,instancia de,profesión
taekwondista,instancia de,ocupación
taekwondista,subclase de,deportista
taekwondista,ámbito de la ocupación,taekwondo
taekwondista,ámbito de la ocupación,taekwondo adaptado
Premio Nacional del Deporte,país,México
Premio Nacional del Deporte,instancia de,distinción
Premio Nacional del Deporte,categoría principal del tema,Categoría:Premio Nacional del Deporte (México)
Premio Nacional del Deporte,conferido por,Comisión Nacional de Cultura Física y Deporte
Estudio de actuación Stella Adler,país,Estados Unidos
Estudio de actuación Stella Adler,instancia de,escuela de arte dramático
Estudio de actuación Stella Adler,situado en la entidad territorial administrativa,Nueva York
Estudio de actuación Stella Adler,nombrado en referencia a,Stella Adler
Estudio de actuación Stella Adler,ubicación de la sede,Nueva York
Anexo:Oscar al mejor actor de reparto,ganador,Edmond O'Brien
Anexo:Oscar al mejor actor de reparto,ganador,Michael Caine
Anexo:Oscar al mejor actor de reparto,ganador,Javier Bardem
Anexo:Oscar al mejor actor de reparto,ganador,Cuba Gooding
Anexo:Oscar al mejor actor de reparto,ganador,J. K. Simmons
Černošice,país,República Checa
Černošice,instancia de,municipio de la República Checa
Černošice,instancia de,municipio con poder ampliado
Černošice,instancia de,municipio con oficina municipal autorizada
traductor,instancia de,profesión
traductor,subclase de,escritor
traductor,subclase de,mediador lingüístico
traductor,ámbito de la ocupación,traducción
Universidad Carolina de Praga,país,República Checa
Universidad Carolina de Praga,instancia de,universidad
Universidad Carolina de Praga,instancia de,organización
Universidad Carolina de Praga,instancia de,universidad pública
Universidad Carolina de Praga,instancia de,editorial
Real Academia de la Lengua Vasca,faceta de,onomástica
Real Academia de la Lengua Vasca,descrito en la fuente,base de datos
Real Academia de la Lengua Vasca,característica de,euskera
Real Academia de la Lengua Vasca,país,España
Real Academia de la Lengua Vasca,país,Francia
Universidad Técnica de Berlín,país,Alemania
Universidad Técnica de Berlín,instancia de,universidad técnica
Universidad Técnica de Berlín,instancia de,universidad pública de investigación
Universidad Técnica de Berlín,situado en la entidad territorial administrativa,Berlín
Universidad Libre de Berlín,país,Alemania
Universidad Libre de Berlín,instancia de,editor de acceso abierto
Universidad Libre de Berlín,instancia de,universidad pública de investigación
Mannheim,forma parte de,Región de Karlsruhe
Mannheim,forma parte de,Bertha Benz Memorial Route
Mannheim,forma parte de,Región Metropolitana Rhein-Neckar
aristócrata,instancia de,clase social
aristócrata,instancia de,ocupación
aristócrata,nombrado en referencia a,aristocracia
aristócrata,subclase de,persona que tiene una actividad
aristócrata,ámbito de la ocupación,aristocracia
Leverkusen,jefe de gobierno,Uwe Richrath
Leverkusen,país,Alemania
Leverkusen,instancia de,gran ciudad
Leverkusen,instancia de,municipio urbano de Alemania
Centro de Educación Artística,país,México
Centro de Educación Artística,instancia de,institución educativa
Centro de Educación Artística,fundador,Eugenio Cobo Peña
Centro de Educación Artística,propiedad de,Grupo Televisa
Centro de Educación Artística,situado en la entidad territorial administrativa,Ciudad de México
Leipzig,se encuentra en el huso horario,UTC+01:00
Leipzig,se encuentra en el huso horario,UTC+02:00
Leipzig,miembro de,Alcaldes por la Paz
Leipzig,miembro de,Alianza del Clima
luchador de artes marciales mixtas,instancia de,profesión
luchador de artes marciales mixtas,subclase de,artista marcial
luchador de artes marciales mixtas,ámbito de la ocupación,artes marciales mixtas
luchador de artes marciales mixtas,categoría principal del tema,Categoría:Practicantes de artes marciales mixtas
Universidad Autónoma de San Luis Potosí,país,México
Universidad Autónoma de San Luis Potosí,instancia de,universidad pública
Universidad Autónoma de San Luis Potosí,situado en la entidad territorial administrativa,San Luis Potosí
Universidad Autónoma de San Luis Potosí,miembro de,Asociación Nacional de Universidades e Instituciones de Educación Superior
Universidad Autónoma de San Luis Potosí,miembro de,ORCID
Universidad Michoacana de San Nicolás de Hidalgo,país,México
Universidad Michoacana de San Nicolás de Hidalgo,instancia de,universidad pública
Universidad Michoacana de San Nicolás de Hidalgo,instancia de,editor de acceso abierto
Universidad Michoacana de San Nicolás de Hidalgo,miembro de,Asociación Nacional de Universidades e Instituciones de Educación Superior
Guasave,país,México
Guasave,instancia de,localidad de México
Guasave,situado en la entidad territorial administrativa,Municipio de Guasave
Guasave,se encuentra en el huso horario,Tiempo de la montaña
Guasave,categoría principal del tema,Categoría:Guasave
piloto de automovilismo,instancia de,profesión
piloto de automovilismo,instancia de,ocupación
piloto de automovilismo,elemento operado,automóvil de carreras
piloto de automovilismo,subclase de,piloto de carreras
piloto de automovilismo,ámbito de la ocupación,automovilismo
Academia Asiática de Cine y Televisión,país,India
Academia Asiática de Cine y Televisión,instancia de,estudio de cine
Academia Asiática de Cine y Televisión,instancia de,escuela de cine
Academia Asiática de Cine y Televisión,situado en la entidad territorial administrativa,Noida
Miss Universo,país,Estados Unidos
Miss Universo,país,Tailandia
Miss Universo,instancia de,concurso de belleza
Miss Universo,instancia de,concurso de belleza femenina
Miss Universo,idioma oficial,inglés
Mérida,país,México
Mérida,instancia de,ciudad
Mérida,instancia de,gran ciudad
Mérida,instancia de,localidad de México
Mérida,situado en la entidad territorial administrativa,Mérida
gobernador de Yucatán,país,México
gobernador de Yucatán,instancia de,cargo público
gobernador de Yucatán,subclase de,gobernador de estado de México
gobernador de Yucatán,forma parte de,gobernador y gabinete de Yucatán
gobernador de Yucatán,categoría principal del tema,Categoría:Gobernadores de Yucatán
"Bela, a Feia",instancia de,serie de televisión
"Bela, a Feia",género,telenovela
"Bela, a Feia",basado en,"Yo soy Betty, la fea"
"Bela, a Feia",empresa productora,Record
"Bela, a Feia",idioma de la película o programa de televisión,portugués brasileño
portavoz,instancia de,profesión
portavoz,instancia de,cargo
portavoz,subclase de,trabajador de cuello blanco
portavoz,subclase de,representante
Rebelde Way,instancia de,serie de televisión
Rebelde Way,guionista,Cris Morena
Rebelde Way,música de,Erreway
Rebelde Way,género,telenovela
Rebelde Way,miembro del reparto,Luisana Lopilato
Erreway,instancia de,grupo musical
Erreway,género,pop latino
Erreway,sello discográfico,Sony Music
Erreway,discografía,discografía de Erreway
Erreway,país de origen,Argentina
presentador,instancia de,profesión
presentador,subclase de,creador
presentador,subclase de,moderador
presentador,categoría principal del tema,Categoría:Presentadores
presentador,parcialmente coincidente con,conferencista
El Bronx,categoría para las personas que fallecieron aquí,Categoría:Fallecidos en El Bronx
El Bronx,categoría de personas relacionadas,Categoría:Bronxeños
Premio Ariel a mejor actriz,país,México
Premio Ariel a mejor actriz,instancia de,Premio Ariel
Premio Ariel a mejor actriz,instancia de,categoría de un premio de cine
Premio Ariel a mejor actriz,instancia de,premio a la mejor actriz protagonista
Premio Ariel a mejor actriz,conferido por,Academia Mexicana de Artes y Ciencias Cinematográficas
Orden de Isabel la Católica,país,España
Orden de Isabel la Católica,instancia de,orden
Orden de Isabel la Católica,instancia de,condecoración civil
Orden de Isabel la Católica,fundador,Fernando VII de España
Orden de Isabel la Católica,compuesto por,Gran Cruz de la Orden de Isabel la Católica
educador de arte,instancia de,profesión
educador de arte,instancia de,cargo
educador de arte,instancia de,ocupación
educador de arte,subclase de,profesor especialista
educador de arte,ámbito de la ocupación,educación artística
Universidad de Iowa,país,Estados Unidos
Universidad de Iowa,instancia de,universidad
Universidad de Iowa,instancia de,institución educativa pública de los Estados Unidos
Universidad de Iowa,instancia de,universidad pública de investigación
Universidad de Iowa,ubicación de la sede,Iowa City
Universidad Panamericana,país,México
Universidad Panamericana,instancia de,universidad
Universidad Panamericana,instancia de,universidad católica
Universidad Panamericana,instancia de,editor de acceso abierto
Universidad Panamericana,situado en la entidad territorial administrativa,Ciudad de México
El Rosario,país,México
El Rosario,instancia de,localidad de México
El Rosario,situado en la entidad territorial administrativa,Rosario (municipio)
El Rosario,capital de,Rosario (municipio)
San Miguel de Tucumán,categoría para las personas que nacieron aquí,Categoría:Personas de San Miguel de Tucumán
San Miguel de Tucumán,país,Argentina
San Miguel de Tucumán,instancia de,gran ciudad
Anexo:Premio Ariel de Oro,país,México
Anexo:Premio Ariel de Oro,instancia de,Premio Ariel
Anexo:Premio Ariel de Oro,instancia de,categoría de un premio
Anexo:Premio Ariel de Oro,subclase de,premio honorífico
Anexo:Premio Ariel de Oro,conferido por,Academia Mexicana de Artes y Ciencias Cinematográficas
Taxco de Alarcón,país,México
Taxco de Alarcón,instancia de,ciudad
Taxco de Alarcón,situado en la entidad territorial administrativa,Guerrero
Taxco de Alarcón,ciudad hermana,Cancún
Municipio de Puebla,jefe de gobierno,Claudia Rivera Vivanco GM
Municipio de Puebla,país,México
Municipio de Puebla,instancia de,municipio de México
Municipio de Puebla,capital,Puebla de Zaragoza
Municipio de Puebla,situado en la entidad territorial administrativa,Puebla
Timbiriche,instancia de,grupo musical
Timbiriche,género,pop latino
Timbiriche,discografía,discografía de Timbiriche
Timbiriche,país de origen,México
Timbiriche,lugar de formación,Ciudad de México
Gobernantes de Tamaulipas,país,México
Gobernantes de Tamaulipas,instancia de,cargo público
Gobernantes de Tamaulipas,subclase de,gobernador de estado de México
Gobernantes de Tamaulipas,forma parte de,gobernador y gabinete de Tamaulipas
Gobernantes de Tamaulipas,categoría principal del tema,Categoría:Gobernadores de Tamaulipas
Michoacán,geografía,geografía de Michoacán
Michoacán,idioma usado,mazahua
Michoacán,idioma usado,purépecha
Michoacán,idioma usado,náhuatl michoacano
Mexicali,país,México
Mexicali,instancia de,ciudad fronteriza
Mexicali,instancia de,gran ciudad
Mexicali,instancia de,localidad de México
Libro Guinness de los récords,instancia de,distinción
Libro Guinness de los récords,instancia de,publicación periódica
Libro Guinness de los récords,instancia de,obra literaria
Libro Guinness de los récords,editor,Norris McWhirter
Libro Guinness de los récords,editor,Ross McWhirter
artista escénico,instancia de,profesión
artista escénico,instancia de,ocupación
artista escénico,subclase de,artista
artista escénico,ámbito de la ocupación,artes escénicas
artista escénico,se dice que es lo mismo que,actor
Ojinaga,país,México
Ojinaga,instancia de,localidad de México
Ojinaga,se encuentra en el huso horario,UTC−7
Puebla de Zaragoza,jefe de gobierno,Claudia Rivera Vivanco GM
Puebla de Zaragoza,país,México
Puebla de Zaragoza,instancia de,ciudad
Puebla de Zaragoza,instancia de,gran ciudad
Puebla de Zaragoza,instancia de,localidad de México
Los demonios del Edén,instancia de,periodismo
Los demonios del Edén,instancia de,obra literaria
Los demonios del Edén,autor,Lydia Cacho
Los demonios del Edén,género,no ficción
Los demonios del Edén,idioma de la obra o del nombre,español
Premio al coraje civil de la Fundación Train,país,Estados Unidos
Premio al coraje civil de la Fundación Train,instancia de,distinción
Premio al coraje civil de la Fundación Train,inspirado por,Aleksandr Solzhenitsyn
Premio al coraje civil de la Fundación Train,faceta de,derechos humanos
Premio al coraje civil de la Fundación Train,lista de interés para el proyecto Wikimedia,Wikiproyecto:Derechos humanos
La Sorbona,país,Francia
La Sorbona,instancia de,institución educativa universitaria
La Sorbona,instancia de,edificio escolar
La Sorbona,propiedad de,municipalidad de París
jinete hípico,instancia de,profesión
jinete hípico,instancia de,ocupación
jinete hípico,subclase de,deportista
jinete hípico,subclase de,jinete
jinete hípico,ámbito de la ocupación,deporte ecuestre
Premio Internacional Alfonso Reyes,país,México
Premio Internacional Alfonso Reyes,instancia de,premio literario
Premio Internacional Alfonso Reyes,nombrado en referencia a,Alfonso Reyes
Premio Internacional Alfonso Reyes,creador,Alicia Zendejas
Premio Internacional Alfonso Reyes,categoría para los galardonados con este premio,Categoría:Premio Internacional Alfonso Reyes
Tamaulipas,país,México
Tamaulipas,continente,América del Norte
Tamaulipas,continente,América
Tamaulipas,instancia de,estado de México
Tamaulipas,capital,Ciudad Victoria
Teziutlán,país,México
Teziutlán,instancia de,localidad de México
Teziutlán,situado en la entidad territorial administrativa,Municipio de Teziutlán
Teziutlán,capital de,Municipio de Teziutlán
Estado de México,jefe de gobierno,Alfredo del Mazo Maza
Estado de México,país,México
Estado de México,instancia de,estado de México
Estado de México,capital,Toluca de Lerdo
Estado de México,comparte fronteras con,Ciudad de México
agente de policía,instancia de,profesión
agente de policía,nombrado en referencia a,Robert Peel
agente de policía,nombrado en referencia a,Pitufo
agente de policía,forma parte de,policía
Suaqui,país,México
Suaqui,instancia de,pueblo
Suaqui,situado en la entidad territorial administrativa,Baviácora
Este de Los Ángeles,país,Estados Unidos
Este de Los Ángeles,instancia de,lugar designado por el censo en los Estados Unidos
Este de Los Ángeles,instancia de,comunidad no incorporada en los Estados Unidos
Este de Los Ángeles,comparte fronteras con,Los Ángeles
Este de Los Ángeles,situado en la entidad territorial administrativa,condado de Los Ángeles
Escuela Preparatoria Garfield,país,Estados Unidos
Escuela Preparatoria Garfield,instancia de,escuela secundaria superior
Escuela Preparatoria Garfield,instancia de,escuela pública
Escuela Preparatoria Garfield,situado en la entidad territorial administrativa,Este de Los Ángeles
Escuela Preparatoria Garfield,distrito escolar,Distrito Escolar Unificado de Los Ángeles
periodista,instancia de,profesión
periodista,instancia de,cargo
periodista,instancia de,ocupación
periodista,instancia de,grupo de ocupaciones de la CIUO
periodista,subclase de,autor
Guadalajara,ciudad hermana,Daejeon
Guadalajara,ciudad hermana,Liverpool
Guadalajara,ciudad hermana,Pristina
Guadalajara,ciudad hermana,Lansing
Guadalajara,ciudad hermana,Agaña
Fernando Hernandez Leyva,Lugar de nacimiento,Q204245
Fernando Hernandez Leyva,Ocupación,asesino en serie
Fernando Hernandez Leyva,Ciudadanía,México
Fernando Hernandez Leyva,Fecha de nacimiento,1964-05-07
Ángel Luis Ortiz Monasterio Castellanos,Lugar de nacimiento,Ciudad de México
Ángel Luis Ortiz Monasterio Castellanos,Ocupación,diplomático
Ángel Luis Ortiz Monasterio Castellanos,Ciudadanía,México
Ángel Luis Ortiz Monasterio Castellanos,Cargo,embajador
Ángel Luis Ortiz Monasterio Castellanos,Fecha de nacimiento,1942-11-06
Ángel Reyna,Lugar de nacimiento,Aguascalientes
Ángel Reyna,Ocupación,futbolista
Ángel Reyna,Ciudadanía,México
Ángel Reyna,Fecha de nacimiento,1984-09-19
Ángel Romero Llamas,Lugar de nacimiento,Municipio de Teul de González Ortega
Ángel Romero Llamas,Ocupación,ciclista
Ángel Romero Llamas,Ciudadanía,México
Ángel Romero Llamas,Fecha de nacimiento,1932-10-01
Ángel Romero Llamas,Fecha de defunción,2007-09-21
Ángel Segura,Lugar de nacimiento,México
Ángel Segura,Ocupación,futbolista
Ángel Segura,Ciudadanía,México
Ángel Segura,Fecha de nacimiento,2000-01-01
Ángel Segura,Fecha de defunción,http://www.wikidata.org/.well-known/genid/e2d36286182c4be09c40fdc10d82a8e1
Ángel Zárraga,Lugar de nacimiento,Victoria de Durango
Ángel Zárraga,Ocupación,pintor
Ángel Zárraga,Ciudadanía,México
Ángel Zárraga,Educado en,Escuela Nacional Preparatoria
Ángel Zárraga,Obra notable,Still Life with Boat and Shell
Ángel Zárraga,Fecha de nacimiento,1886-08-16
Ángel Zárraga,Fecha de defunción,1946-09-22
Ángel Zárraga,Obra notable,Girl with Cherry Tart
Ángel Zárraga,Obra notable,La bailarina desnuda
Juventud Guerrera,Lugar de nacimiento,Ciudad de México
Juventud Guerrera,Ocupación,luchador profesional
Juventud Guerrera,Ciudadanía,México
Juventud Guerrera,Fecha de nacimiento,1974-11-23
Ángela Gurría,Lugar de nacimiento,Ciudad de México
Ángela Gurría,Ocupación,pintor
Ángela Gurría,Ciudadanía,México
Ángela Gurría,Educado en,Universidad Nacional Autónoma de México
Ángela Gurría,Miembro de,Academia de Artes (México)
Ángela Gurría,Premio recibido,Premio Nacional de Ciencias y Artes
Ángela Gurría,Fecha de nacimiento,1929-03-24
Ángela Gurría,Fecha de defunción,2023-02-17
Ángela Gurría,Ocupación,escultor
Ángeles Mastretta,Lugar de nacimiento,Puebla de Zaragoza
Ángeles Mastretta,Ocupación,escritor
Ángeles Mastretta,Ciudadanía,México
Ángeles Mastretta,Educado en,Universidad Nacional Autónoma de México
Ángeles Mastretta,Premio recibido,Premio Rómulo Gallegos
Ángeles Mastretta,Fecha de nacimiento,1949-10-09
Ángeles Mastretta,Ocupación,periodista
Ángeles Mastretta,Premio recibido,Premio Mazatlán de Literatura
Enrique del Moral,Lugar de nacimiento,Irapuato
Enrique del Moral,Ocupación,arquitecto
Enrique del Moral,Ciudadanía,México
Enrique del Moral,Educado en,Universidad Nacional Autónoma de México
Enrique del Moral,Premio recibido,Premio Nacional de Ciencias y Artes
Enrique del Moral,Fecha de nacimiento,1906-01-20
Enrique del Moral,Fecha de defunción,1987-06-11
Enrique del Moral,Ocupación,pintor
Enrique del Moral,Premio recibido,doctorado honoris causa por la Universidad Nacional Autónoma de México
XVI Distrito de París,jefe de gobierno,Danièle Giazzi
XVI Distrito de París,país,Francia
XVI Distrito de París,instancia de,distrito municipal
XVI Distrito de París,comparte fronteras con,XV distrito de París
XVI Distrito de París,comparte fronteras con,XVII Distrito de París
Japón,nombrado en referencia a,amanecer
Japón,religión,budismo
Japón,religión,cristianismo
Japón,religión,sintoísmo
Japón,subdividido en (división administrativa),Tokio
Universidad de Tokio,país,Japón
Universidad de Tokio,instancia de,universidad nacional
Universidad de Tokio,mantenido por,Japón
Universidad de Tokio,situado en la entidad territorial administrativa,Hongō
Universidad Transylvania,país,Estados Unidos
Universidad Transylvania,instancia de,universidad privada
Universidad Transylvania,instancia de,institución educativa privada sin fines de lucro
Universidad Transylvania,situado en la entidad territorial administrativa,Lexington
Universidad Transylvania,nombrado en referencia a,Transilvania (Norteamérica)
"Escuela Nacional de Pintura, Escultura y Grabado La Esmeralda",país,México
"Escuela Nacional de Pintura, Escultura y Grabado La Esmeralda",instancia de,institución académica
"Escuela Nacional de Pintura, Escultura y Grabado La Esmeralda",situado en la entidad territorial administrativa,Ciudad de México
"Escuela Nacional de Pintura, Escultura y Grabado La Esmeralda",forma parte de,Instituto Nacional de Bellas Artes y Literatura
"Escuela Nacional de Pintura, Escultura y Grabado La Esmeralda",categoría principal del tema,"Categoría:Escuela Nacional de Pintura, Escultura y Grabado ""La Esmeralda"""
Universidad Pontificia de Santo Tomás de Aquino,país,Ciudad del Vaticano
Universidad Pontificia de Santo Tomás de Aquino,instancia de,universidad pontificia
Universidad Pontificia de Santo Tomás de Aquino,nombrado en referencia a,Tomás de Aquino
Universidad Pontificia de Santo Tomás de Aquino,ubicación de la sede,Roma
Universidad Pontificia de Santo Tomás de Aquino,miembro de,Unión Romana de Bibliotecas Eclesiásticas
superior general,rango inmediatamente inferior,superior
superior general,instancia de,cargo eclesiástico
superior general,subclase de,ordinario
superior general,subclase de,superior
superior general,subclase de,superior jerárquico
Universidad de Míchigan,país,Estados Unidos
Universidad de Míchigan,instancia de,institución educativa pública de los Estados Unidos
Universidad de Míchigan,instancia de,universidad pública de investigación
Universidad de Míchigan,fundador,Gabriel Richard
Universidad de Míchigan,situado en la entidad territorial administrativa,Ann Arbor
asesino en serie,instancia de,ocupación
asesino en serie,subclase de,asesino
asesino en serie,ámbito de la ocupación,asesinato en serie
asesino en serie,categoría principal del tema,Categoría:Asesinos en serie
embajador,lista de interés para el proyecto Wikimedia,Wikipedia:Lista de artículos que toda Wikipedia debería tener/Expandida
Aguascalientes,instancia de,localidad
Aguascalientes,instancia de,localidad de México
Municipio de Teul de González Ortega,país,México
Municipio de Teul de González Ortega,instancia de,municipio de México
Municipio de Teul de González Ortega,capital,Teúl de González Ortega
Municipio de Teul de González Ortega,situado en la entidad territorial administrativa,Zacatecas
Municipio de Teul de González Ortega,se encuentra en el huso horario,UTC−6
Escuela Nacional Preparatoria,país,México
Escuela Nacional Preparatoria,instancia de,escuela
Escuela Nacional Preparatoria,fundador,Gabino Barreda
Escuela Nacional Preparatoria,situado en la entidad territorial administrativa,Ciudad de México
Academia de Artes (México),país,México
Academia de Artes (México),instancia de,institución académica
Academia de Artes (México),situado en la entidad territorial administrativa,Ciudad de México
Premio Rómulo Gallegos,país,Venezuela
Premio Rómulo Gallegos,instancia de,premio literario
Premio Rómulo Gallegos,nombrado en referencia a,Rómulo Gallegos
Premio Rómulo Gallegos,ubicación,Caracas
Premio Rómulo Gallegos,categoría principal del tema,Categoría:Premio Rómulo Gallegos
Globo de Oro a la mejor actriz de reparto,país,Estados Unidos
Globo de Oro a la mejor actriz de reparto,instancia de,premio Globo de Oro
Globo de Oro a la mejor actriz de reparto,instancia de,premio a la mejor actriz de reparto
Globo de Oro a la mejor actriz de reparto,forma parte de,premio Globo de Oro
Globo de Oro a la mejor actriz de reparto,categoría principal del tema,Categoría:Ganadoras del Globo de Oro a la mejor actriz de reparto (cine)
Carmen Boullosa,Lugar de nacimiento,Ciudad de México
Carmen Boullosa,Ocupación,guionista
Carmen Boullosa,Ciudadanía,México
Carmen Boullosa,Empleador,Universidad de Columbia
Carmen Boullosa,Premio recibido,Premio Xavier Villaurrutia
Carmen Boullosa,Fecha de nacimiento,1954-09-04
Carmen Boullosa,Ocupación,escritor
Carmen Boullosa,Ocupación,poeta
Carmen Boullosa,Ocupación,dramaturgo
Carmen Boullosa,Premio recibido,Beca Guggenheim
Carmen Boullosa,Premio recibido,Premio Café Gijón
Carmen Boullosa,Premio recibido,Premio Rosalía de Castro
Carmen Boullosa,Empleador,Universidad de Nueva York
Carmen Boullosa,Empleador,Universidad de Georgetown
Carmen Boullosa,Empleador,William E. Macaulay Honors College
Kevin O'Connor,Lugar de nacimiento,Dublín
Kevin O'Connor,Ocupación,futbolista
Kevin O'Connor,Ciudadanía,México
Kevin O'Connor,Fecha de nacimiento,1985-10-19
Maribel Domínguez,Lugar de nacimiento,Ciudad de México
Maribel Domínguez,Ocupación,futbolista
Maribel Domínguez,Ciudadanía,México
Maribel Domínguez,Fecha de nacimiento,1978-11-18
Casper,Ciudadanía,México
Casper,Cargo,Ajaw of Palenque
Casper,Fecha de nacimiento,0422-08-08
Casper,Fecha de defunción,0487-01-01
Beatriz Paredes Rangel,Lugar de nacimiento,San Esteban Tizatlán
Beatriz Paredes Rangel,Ocupación,político
Beatriz Paredes Rangel,Ciudadanía,México
Beatriz Paredes Rangel,Educado en,Universidad Nacional Autónoma de México
Beatriz Paredes Rangel,Cargo,embajador
Beatriz Paredes Rangel,Premio recibido,Gran Cruz de la Orden de Isabel la Católica
Beatriz Paredes Rangel,Fecha de nacimiento,1953-08-18
Beatriz Paredes Rangel,Ocupación,diplomático
Beatriz Paredes Rangel,Ocupación,sociólogo
Beatriz Paredes Rangel,Cargo,Gobernador de Tlaxcala
Beatriz Paredes Rangel,Cargo,Presidente de la Cámara de Diputados de México
Beatriz Paredes Rangel,Cargo,diputado de México
Beatriz Paredes Rangel,Cargo,senador de México
Beatriz Paredes Rangel,Cargo,Presidente del Partido Revolucionario Institucional
Alvin Mendoza,Lugar de nacimiento,Ciudad de México
Alvin Mendoza,Ocupación,futbolista
Alvin Mendoza,Ciudadanía,México
Alvin Mendoza,Fecha de nacimiento,1984-07-27
Beatriz Zavala Peniche,Lugar de nacimiento,Mérida
Beatriz Zavala Peniche,Ocupación,político
Beatriz Zavala Peniche,Ciudadanía,México
Beatriz Zavala Peniche,Educado en,Universidad Autónoma de Yucatán
Beatriz Zavala Peniche,Cargo,diputado de México
Beatriz Zavala Peniche,Fecha de nacimiento,1957-10-23
Beatriz Zavala Peniche,Ocupación,ministro
Beatriz Zavala Peniche,Cargo,senador de México
Olivia Harrison,Lugar de nacimiento,Los Ángeles
Olivia Harrison,Ocupación,productor discográfico
Olivia Harrison,Ciudadanía,Estados Unidos
Olivia Harrison,Premio recibido,Premios Grammy
Olivia Harrison,Fecha de nacimiento,1948-05-18
Olivia Harrison,Ocupación,productor de cine
Olivia Harrison,Ocupación,productor
Olivia Harrison,Premio recibido,Premios Emmy
Olivia Harrison,Ciudadanía,México
Olivia Harrison,Ciudadanía,Reino Unido
Carlton Cuse,Lugar de nacimiento,Ciudad de México
Carlton Cuse,Ocupación,guionista
Carlton Cuse,Ciudadanía,Estados Unidos
Carlton Cuse,Educado en,Universidad Harvard
Carlton Cuse,Miembro de,Sindicato de Guionistas del Oeste de los Estados Unidos
Carlton Cuse,Premio recibido,Premios WGA
Carlton Cuse,Fecha de nacimiento,1959-03-22
Carlton Cuse,Ocupación,actor
Carlton Cuse,Ocupación,escritor
Carlton Cuse,Ocupación,productor de televisión
Carlton Cuse,Ocupación,showrunner
Carlton Cuse,Ocupación,realizador de televisión
Carlton Cuse,Ocupación,director de cine
Carlton Cuse,Ocupación,productor de cine
Carlton Cuse,Ciudadanía,México
Carlton Cuse,Educado en,The Putney School
Comandanta Ramona,Lugar de nacimiento,Chiapas
Comandanta Ramona,Ocupación,político
Comandanta Ramona,Ciudadanía,México
Comandanta Ramona,Fecha de nacimiento,1959-01-01
Comandanta Ramona,Fecha de defunción,2006-01-06
Comandanta Ramona,Ocupación,revolucionario
Helia Bravo Hollis,Lugar de nacimiento,Mixcoac
Helia Bravo Hollis,Ocupación,director
Helia Bravo Hollis,Ciudadanía,México
Helia Bravo Hollis,Educado en,Universidad Nacional Autónoma de México
Helia Bravo Hollis,Empleador,Universidad Nacional Autónoma de México
Helia Bravo Hollis,Premio recibido,Cactus d'or
Helia Bravo Hollis,Fecha de nacimiento,1901-09-30
Helia Bravo Hollis,Fecha de defunción,2001-09-26
Helia Bravo Hollis,Ocupación,profesor universitario
Helia Bravo Hollis,Ocupación,recolector de plantas
Helia Bravo Hollis,Ocupación,botánico
Helia Bravo Hollis,Premio recibido,doctorado honoris causa por la Universidad Nacional Autónoma de México
Helia Bravo Hollis,Educado en,Instituto Politécnico Nacional
Rolando Villazón,Lugar de nacimiento,Ciudad Satélite
Rolando Villazón,Ocupación,actor
Rolando Villazón,Ciudadanía,México
Rolando Villazón,Educado en,Conservatorio Nacional de Música de México
Rolando Villazón,Empleador,Deutsche Oper Berlin
Rolando Villazón,Obra notable,Cabrini
Rolando Villazón,Miembro de,Colegio de Patafísica
Rolando Villazón,Premio recibido,Oso de Berlín
Rolando Villazón,Fecha de nacimiento,1972-02-22
Rolando Villazón,Ocupación,cantante de ópera
Rolando Villazón,Premio recibido,caballero de las Artes y las Letras
Rolando Villazón,Premio recibido,Echo Klassik – Male Singer of the Year
Rolando Villazón,Premio recibido,Echo Klassik – Classical Music without Borders
Pedro Bermúdez,Lugar de nacimiento,Granada
Pedro Bermúdez,Ocupación,compositor
Pedro Bermúdez,Ciudadanía,España
Pedro Bermúdez,Fecha de nacimiento,1558-01-01
Pedro Bermúdez,Fecha de defunción,1605-01-01
Pedro Bermúdez,Ciudadanía,México
Pedro Bermúdez,Ciudadanía,Imperio Español
Griselda Álvarez,Lugar de nacimiento,Guadalajara
Griselda Álvarez,Ocupación,escritor
Griselda Álvarez,Ciudadanía,México
Griselda Álvarez,Educado en,Universidad Nacional Autónoma de México
Griselda Álvarez,Cargo,Gobernador de Colima
Griselda Álvarez,Premio recibido,Medalla Belisario Domínguez
Griselda Álvarez,Fecha de nacimiento,1913-04-05
Griselda Álvarez,Fecha de defunción,2009-03-26
Griselda Álvarez,Ocupación,poeta
Griselda Álvarez,Ocupación,político
Griselda Álvarez,Cargo,senador de México
Filippa Giordano,Lugar de nacimiento,Palermo
Filippa Giordano,Ocupación,cantante de ópera
Filippa Giordano,Ciudadanía,Italia
Filippa Giordano,Premio recibido,Echo Klassik – Classical Music without Borders
Filippa Giordano,Fecha de nacimiento,1974-02-14
Filippa Giordano,Ciudadanía,México
Elena Garro,Lugar de nacimiento,Puebla de Zaragoza
Elena Garro,Ocupación,guionista
Elena Garro,Ciudadanía,México
Elena Garro,Educado en,Facultad de Filosofía y Letras (Universidad Nacional Autónoma de México)
Elena Garro,Obra notable,La culpa es de los tlaxcaltecas
Elena Garro,Premio recibido,Premio Xavier Villaurrutia
Elena Garro,Fecha de nacimiento,1916-12-11
Elena Garro,Fecha de defunción,1998-08-22
Elena Garro,Ocupación,escritor
Elena Garro,Ocupación,dramaturgo
Elena Garro,Ocupación,periodista
Elena Garro,Ocupación,prosista
Elena Garro,Premio recibido,Premio Bellas Artes de Narrativa Colima para Obra Publicada
Elena Garro,Obra notable,Los recuerdos del por venir
Sandra Cisneros,Lugar de nacimiento,Chicago
Sandra Cisneros,Ocupación,escritor
Sandra Cisneros,Ciudadanía,Estados Unidos
Sandra Cisneros,Educado en,Universidad de Iowa
Sandra Cisneros,Empleador,Universidad de Míchigan
Sandra Cisneros,Obra notable,La casa en Mango Street
Sandra Cisneros,Miembro de,Academia Estadounidense de las Artes y las Ciencias
Sandra Cisneros,Premio recibido,Premios American Book
Sandra Cisneros,Fecha de nacimiento,1954-12-20
Sandra Cisneros,Ocupación,profesor
Sandra Cisneros,Ocupación,poeta
Sandra Cisneros,Ocupación,novelista
Sandra Cisneros,Ocupación,ensayista
Sandra Cisneros,Ocupación,escritor de cuentos
Sandra Cisneros,Ocupación,arts administrator
Sandra Cisneros,Premio recibido,Ruth Lilly Poetry Prize
Sandra Cisneros,Premio recibido,Beca MacArthur
Sandra Cisneros,Premio recibido,Medalla Nacional de las Artes
Sandra Cisneros,Premio recibido,Premio Anisfield-Wolf
Sandra Cisneros,Premio recibido,Miembro de la Academia Estadounidense de las Artes y las Ciencias
Sandra Cisneros,Premio recibido,Premio Ivan Sandrof a la trajectoria profesional
Sandra Cisneros,Ciudadanía,México
Sandra Cisneros,Educado en,Universidad Loyola Chicago
Sandra Cisneros,Educado en,Universidad de La Punta
Paloma Baeza,Lugar de nacimiento,Londres
Paloma Baeza,Ocupación,director de cine
Paloma Baeza,Ciudadanía,México
Paloma Baeza,Educado en,Universidad de Brístol
Paloma Baeza,Fecha de nacimiento,1975-05-01
Paloma Baeza,Ocupación,actor de cine
Paloma Baeza,Ciudadanía,Reino Unido
Julieta Campos,Lugar de nacimiento,La Habana
Julieta Campos,Ocupación,escritor
Julieta Campos,Ciudadanía,México
Julieta Campos,Educado en,Universidad de La Habana
Julieta Campos,Premio recibido,Premio Xavier Villaurrutia
Julieta Campos,Fecha de nacimiento,1932-05-08
Julieta Campos,Fecha de defunción,2007-09-05
Julieta Campos,Ocupación,traductor
Julieta Campos,Ciudadanía,Cuba
Sandra Cisneros,Educado en,Universidad de Chicago
Sandra Cisneros,Obra notable,Woman Hollering Creek and Other Stories
Romary Rifka,Lugar de nacimiento,Poza Rica
Romary Rifka,Ocupación,atleta
Romary Rifka,Ciudadanía,México
Romary Rifka,Fecha de nacimiento,1970-12-23
Luis Rojas Mena,Lugar de nacimiento,Jalpa de Cánovas
Luis Rojas Mena,Ocupación,sacerdote católico
Luis Rojas Mena,Ciudadanía,México
Luis Rojas Mena,Cargo,obispo auxiliar
Luis Rojas Mena,Fecha de nacimiento,1917-06-21
Luis Rojas Mena,Fecha de defunción,2009-03-18
Luis Rojas Mena,Ocupación,obispo católico
Luis Rojas Mena,Cargo,obispo titular
Luis Rojas Mena,Cargo,obispo diocesano
Luis Herrera de la Fuente,Lugar de nacimiento,Ciudad de México
Luis Herrera de la Fuente,Ocupación,compositor
Luis Herrera de la Fuente,Ciudadanía,México
Luis Herrera de la Fuente,Educado en,Universidad Nacional Autónoma de México
Luis Herrera de la Fuente,Premio recibido,Premio Nacional de Ciencias y Artes
Luis Herrera de la Fuente,Fecha de nacimiento,1916-04-25
Luis Herrera de la Fuente,Fecha de defunción,2014-12-05
Luis Herrera de la Fuente,Ocupación,director de orquesta
Luis Herrera de la Fuente,Ocupación,pianista
Luis Herrera de la Fuente,Ocupación,violinista
Paris Pişmiş,Lugar de nacimiento,Constantinopla
Paris Pişmiş,Ocupación,astrónomo
Paris Pişmiş,Ciudadanía,Turquía
Paris Pişmiş,Educado en,Universidad Harvard
Paris Pişmiş,Empleador,Universidad Harvard
Paris Pişmiş,Miembro de,Unión Astronómica Internacional
Paris Pişmiş,Premio recibido,Beca Guggenheim
Paris Pişmiş,Fecha de nacimiento,1911-01-30
Paris Pişmiş,Fecha de defunción,1999-08-01
Paris Pişmiş,Ocupación,profesor universitario
Paris Pişmiş,Ciudadanía,México
Paris Pişmiş,Educado en,Universidad de Estambul
Paris Pişmiş,Educado en,Üsküdar American Academy
Paris Pişmiş,Empleador,Universidad Nacional Autónoma de México
Paris Pişmiş,Empleador,Observatorio Astrofísico Nacional de Tonantzintla
Paris Pişmiş,Empleador,Getronagan Armenian High School
Miguel Miramón,Lugar de nacimiento,Ciudad de México
Miguel Miramón,Ocupación,militar
Miguel Miramón,Ciudadanía,México
Miguel Miramón,Educado en,Heroico Colegio Militar
Miguel Miramón,Cargo,presidente de México
Miguel Miramón,Fecha de nacimiento,1832-09-29
Miguel Miramón,Fecha de defunción,1867-06-19
Miguel Miramón,Ocupación,político
Claudio Suárez,Lugar de nacimiento,Texcoco de Mora
Claudio Suárez,Ocupación,futbolista
Claudio Suárez,Ciudadanía,México
Claudio Suárez,Fecha de nacimiento,1968-12-17
Demián Bichir,Lugar de nacimiento,Torreón
Demián Bichir,Ocupación,actor
Demián Bichir,Ciudadanía,Estados Unidos
Demián Bichir,Premio recibido,Premios de la Asociación de Críticos y Periodistas Teatrales
Demián Bichir,Fecha de nacimiento,1963-08-01
Demián Bichir,Ocupación,actor de teatro
Demián Bichir,Ocupación,actor de televisión
Demián Bichir,Ocupación,actor de cine
Demián Bichir,Ciudadanía,México
Jonny Magallón,Lugar de nacimiento,Ocotlán
Jonny Magallón,Ocupación,futbolista
Jonny Magallón,Ciudadanía,México
Jonny Magallón,Fecha de nacimiento,1981-11-21
Beatriz Zavala Peniche,Ocupación,profesor universitario
Ignacio Comonfort,Lugar de nacimiento,Puebla de Zaragoza
Ignacio Comonfort,Ocupación,militar
Ignacio Comonfort,Ciudadanía,México
Ignacio Comonfort,Cargo,presidente de México
Ignacio Comonfort,Fecha de nacimiento,1812-03-12
Ignacio Comonfort,Fecha de defunción,1863-11-03
Ignacio Comonfort,Ocupación,político
Ignacio Comonfort,Ocupación,ministro
Carmen Boullosa,Premio recibido,Premio Anna Seghers
Angélica María,Lugar de nacimiento,Nueva Orleans
Angélica María,Ocupación,actor de televisión
Angélica María,Ciudadanía,Estados Unidos
Angélica María,Educado en,Escuela de Ballet estadounidense
Angélica María,Premio recibido,Premio Grammy Latino a la Excelencia Musical
Angélica María,Fecha de nacimiento,1944-09-27
Angélica María,Ocupación,actor de cine
Angélica María,Ocupación,cantante
Angélica María,Ciudadanía,México
Angélica María,Premio recibido,Estrella del Paseo de la Fama de Hollywood
Angélica María,Ocupación,compositor de canciones
Angélica María,Ocupación,actor de teatro
Jonny Magallón,Fecha de nacimiento,1981-10-21
Gummy,Lugar de nacimiento,Ciudad de México
Gummy,Ocupación,cantante
Gummy,Ciudadanía,México
Gummy,Educado en,Universidad de Mujeres Dongduk
Gummy,Fecha de nacimiento,1981-04-08
Gummy,Educado en,Sehwa Girls' High School
Verónica Segura,Lugar de nacimiento,Ciudad de México
Verónica Segura,Ocupación,actor de televisión
Verónica Segura,Ciudadanía,México
Verónica Segura,Educado en,Universidad Estatal de Texas
Verónica Segura,Fecha de nacimiento,1973-12-26
Verónica Segura,Ocupación,actor de cine
María Sabina,Lugar de nacimiento,Municipality of Huautla de Jiménez
María Sabina,Ocupación,chamán
María Sabina,Ciudadanía,México
María Sabina,Fecha de nacimiento,1894-07-22
María Sabina,Fecha de defunción,1985-11-22
María Sabina,Ocupación,sanador tradicional
Anastasia Acosta,Lugar de nacimiento,San José
Anastasia Acosta,Ocupación,actor de teatro
Anastasia Acosta,Ciudadanía,México
Anastasia Acosta,Fecha de nacimiento,1974-10-18
Anastasia Acosta,Ocupación,modelo
Anastasia Acosta,Ocupación,actor de televisión
Anastasia Acosta,Ocupación,actor de cine
Angélica María,Educado en,New York University Tisch School of the Arts
Mónica Ocampo,Lugar de nacimiento,Jojutla Municipality
Mónica Ocampo,Ocupación,futbolista
Mónica Ocampo,Ciudadanía,México
Mónica Ocampo,Premio recibido,National Women's Soccer League Player of the Month
Mónica Ocampo,Fecha de nacimiento,1987-01-04
Mario Arturo Acosta Chaparro,Lugar de nacimiento,Ciudad de México
Mario Arturo Acosta Chaparro,Ocupación,paracaidista militar
Mario Arturo Acosta Chaparro,Ciudadanía,México
Mario Arturo Acosta Chaparro,Empleador,Secretaría de la Defensa Nacional
Mario Arturo Acosta Chaparro,Fecha de nacimiento,1942-01-19
Mario Arturo Acosta Chaparro,Fecha de defunción,2012-04-20
Gloria Marín,Lugar de nacimiento,Ciudad de México
Gloria Marín,Ocupación,actor de teatro
Gloria Marín,Ciudadanía,México
Gloria Marín,Obra notable,Mecánica nacional
Gloria Marín,Premio recibido,Diosas de Plata
Gloria Marín,Fecha de nacimiento,1919-04-19
Gloria Marín,Fecha de defunción,1983-04-13
Gloria Marín,Ocupación,actor de televisión
Gloria Marín,Ocupación,actor de cine
Gloria Marín,Obra notable,Mundo de juguete
Gloria Marín,Obra notable,Presagio
Gloria Marín,Obra notable,Si Adelita se fuera con otro
Hérculez Gómez,Lugar de nacimiento,Los Ángeles
Hérculez Gómez,Ocupación,futbolista
Hérculez Gómez,Ciudadanía,Estados Unidos
Hérculez Gómez,Educado en,Escuela Secundaria de Las Vegas
Hérculez Gómez,Fecha de nacimiento,1982-04-06
Hérculez Gómez,Ocupación,jugador de fútbol sala
Hérculez Gómez,Ciudadanía,México
Mariano Paredes y Arrillaga,Lugar de nacimiento,Ciudad de México
Mariano Paredes y Arrillaga,Ocupación,militar
Mariano Paredes y Arrillaga,Ciudadanía,México
Mariano Paredes y Arrillaga,Cargo,presidente de México
Mariano Paredes y Arrillaga,Fecha de nacimiento,1797-01-07
Mariano Paredes y Arrillaga,Fecha de defunción,1849-09-07
Mariano Paredes y Arrillaga,Ocupación,político
Mariano Paredes y Arrillaga,Ocupación,ministro
Sabina Berman,Lugar de nacimiento,Ciudad de México
Sabina Berman,Ocupación,guionista
Sabina Berman,Ciudadanía,México
Sabina Berman,Educado en,Universidad Iberoamericana
Sabina Berman,Fecha de nacimiento,1955-08-21
Sabina Berman,Ocupación,escritor
Sabina Berman,Ocupación,poeta
Sabina Berman,Ocupación,psicólogo
Sabina Berman,Ocupación,dramaturgo
Sabina Berman,Ocupación,periodista
Sabina Berman,Ocupación,director de cine
Jesús Mena Campos,Lugar de nacimiento,Gómez Palacio
Jesús Mena Campos,Ocupación,nadador
Jesús Mena Campos,Ciudadanía,México
Jesús Mena Campos,Fecha de nacimiento,1968-05-28
Jesús Mena Campos,Ocupación,saltador
Premio Xavier Villaurrutia,país,México
Premio Xavier Villaurrutia,instancia de,premio literario
Premio Xavier Villaurrutia,nombrado en referencia a,Xavier Villaurrutia
Premio Xavier Villaurrutia,conferido por,Instituto Nacional de Bellas Artes y Literatura
Premio Xavier Villaurrutia,conferido por,Consejo Nacional para la Cultura y las Artes
Dublín,jefe de gobierno,Paul McAuliffe
Dublín,país,Irlanda
Dublín,continente,Europa
Dublín,instancia de,gran ciudad
Dublín,instancia de,asentamiento portuario
San Esteban Tizatlán,país,México
San Esteban Tizatlán,instancia de,localidad de México
San Esteban Tizatlán,situado en la entidad territorial administrativa,Tlaxcala
Universidad Autónoma de Yucatán,país,México
Universidad Autónoma de Yucatán,instancia de,universidad
Universidad Autónoma de Yucatán,instancia de,editor de acceso abierto
Universidad Autónoma de Yucatán,situado en la entidad territorial administrativa,Mérida
Universidad Autónoma de Yucatán,miembro de,Asociación Nacional de Universidades e Instituciones de Educación Superior
productor discográfico,instancia de,profesión musical
productor discográfico,subclase de,músico
productor discográfico,subclase de,productor
Premios Grammy,país,Estados Unidos
Premios Grammy,instancia de,premio de música
Premios Grammy,instancia de,ceremonia anual de premios musicales
Premios Grammy,instancia de,grupo de premios
Premios Grammy,fundador,The Recording Academy
Sindicato de Guionistas del Oeste de los Estados Unidos,país,Estados Unidos
Sindicato de Guionistas del Oeste de los Estados Unidos,instancia de,sindicato de trabajadores
Sindicato de Guionistas del Oeste de los Estados Unidos,forma parte de,Writers Guild of America
Mixcoac,país,México
Mixcoac,instancia de,región administrativa
Mixcoac,instancia de,colonia de México
Mixcoac,situado en la entidad territorial administrativa,Benito Juárez
Mixcoac,categoría principal del tema,Categoría:Mixcoac
director,instancia de,profesión
director,instancia de,función
director,instancia de,cargo
director,instancia de,ocupación
Ciudad Satélite,país,México
Ciudad Satélite,instancia de,barrio
Deutsche Oper Berlin,país,Alemania
Deutsche Oper Berlin,instancia de,teatro de ópera
Deutsche Oper Berlin,arquitecto,Fritz Bornemann
Deutsche Oper Berlin,situado en la entidad territorial administrativa,Berlín
Deutsche Oper Berlin,situado en la entidad territorial administrativa,Charlottenburg-Wilmersdorf
Granada,jefe de gobierno,Marifrán Carazo
Granada,país,España
Granada,continente,Europa
Granada,instancia de,municipio de España
Granada,capital,Ciudad de Granada
Palermo,jefe de gobierno,Roberto Lagalla
Palermo,país,Italia
Palermo,instancia de,ciudad
Palermo,instancia de,comuna de Italia
Palermo,instancia de,gran ciudad
cantante de ópera,instancia de,ocupación
cantante de ópera,instancia de,profesión musical
cantante de ópera,subclase de,cantante
cantante de ópera,subclase de,cantante de música clásica
La culpa es de los tlaxcaltecas,instancia de,obra literaria
La culpa es de los tlaxcaltecas,autor,Elena Garro
La culpa es de los tlaxcaltecas,movimiento,realismo mágico
La culpa es de los tlaxcaltecas,género,realismo mágico
La culpa es de los tlaxcaltecas,idioma de la obra o del nombre,español mexicano
Chicago,jefe de gobierno,Brandon Johnson
Chicago,país,Estados Unidos
Chicago,continente,América del Norte
Chicago,instancia de,ciudad global
Chicago,instancia de,gran ciudad
Londres,jefe de gobierno,Sadiq Khan
Londres,país,Reino Unido
Londres,continente,Europa
Londres,instancia de,ciudad
Londres,instancia de,megaciudad
Universidad de Brístol,país,Reino Unido
Universidad de Brístol,instancia de,universidad pública
Universidad de Brístol,instancia de,organización educativa
Universidad de Brístol,instancia de,universidad de investigación
La Habana,jefe de gobierno,Marta Hernández Romero
La Habana,jefe de gobierno,Reynaldo García Zapata
La Habana,país,Cuba
La Habana,instancia de,ciudad
La Habana,instancia de,ciudad más grande
Universidad de La Habana,país,Cuba
Universidad de La Habana,instancia de,universidad pública
Universidad de La Habana,instancia de,editor de acceso abierto
Universidad de La Habana,fundador,Inocencio XIII
Universidad de La Habana,situado en la entidad territorial administrativa,La Habana
Poza Rica,país,México
Poza Rica,instancia de,localidad de México
Poza Rica,situado en la entidad territorial administrativa,Poza Rica de Hidalgo
Poza Rica,se encuentra en el huso horario,UTC−6
Poza Rica,categoría principal del tema,Categoría:Poza Rica de Hidalgo
atleta,instancia de,ocupación
atleta,subclase de,deportista
atleta,ámbito de la ocupación,atletismo
atleta,ámbito de la ocupación,Máster
atleta,ámbito de la ocupación,atletismo de pista y campo
Jalpa de Cánovas,país,México
Jalpa de Cánovas,instancia de,asentamiento
Constantinopla,país,Turquía
Constantinopla,continente,Europa
Constantinopla,continente,Asia
Constantinopla,instancia de,ciudad
Constantinopla,instancia de,entidad territorial administrativa
astrónomo,instancia de,profesión
astrónomo,subclase de,científico
astrónomo,ámbito de la ocupación,astronomía
