entidad,relacion,objeto
Federico Escobar,Lugar de nacimiento,Ciudad de Panamá
Federico Escobar,Ocupación,poeta
Federico Escobar,Ciudadanía,Panamá
Federico Escobar,Fecha de nacimiento,1861-07-16
Federico Escobar,Fecha de defunción,1912-08-02
Roberto Antonio Nurse,Lugar de nacimiento,Q204245
Roberto Antonio Nurse,Ocupación,futbolista
Roberto Antonio Nurse,Ciudadanía,México
Roberto Antonio Nurse,Fecha de nacimiento,1983-12-16
Roberto Antonio Nurse,Ciudadanía,Panamá
Abdiel J. Adames,Lugar de nacimiento,Ciudad de Panamá
Abdiel J. Adames,Ocupación,químico
Abdiel J. Adames,Ciudadanía,Panamá
Abdiel J. Adames,Educado en,Universidad de Panamá
Abdiel J. Adames,Fecha de nacimiento,1938-03-18
Abdiel J. Adames,Fecha de defunción,2005-06-16
Abdiel J. Adames,Ocupación,biólogo
Abel Bravo,Lugar de nacimiento,Ciudad de Panamá
Abel Bravo,Ocupación,político
Abel Bravo,Ciudadanía,Panamá
Abel Bravo,Fecha de nacimiento,1861-01-02
Abel Bravo,Fecha de defunción,1934-09-15
Abel Bravo,Ocupación,catedrático
Abel Castillo Pérez,Lugar de nacimiento,Parita
Abel Castillo Pérez,Ocupación,escritor
Abel Castillo Pérez,Ciudadanía,Panamá
Abel Castillo Pérez,Educado en,Universidad de Panamá
Abel Castillo Pérez,Fecha de nacimiento,1939-02-16
Abel Castillo Pérez,Fecha de defunción,2015-03-05
Acracia Sarasqueta,Lugar de nacimiento,Ciudad de Panamá
Acracia Sarasqueta,Ocupación,escritor
Acracia Sarasqueta,Ciudadanía,Panamá
Acracia Sarasqueta,Educado en,Universidad de Panamá
Acracia Sarasqueta,Fecha de nacimiento,1913-04-14
Acracia Sarasqueta,Fecha de defunción,2000-09-17
Acracia Sarasqueta,Ocupación,abogado
Adán Gordón,Lugar de nacimiento,Taboga
Adán Gordón,Ocupación,nadador
Adán Gordón,Ciudadanía,Panamá
Adán Gordón,Fecha de nacimiento,1906-06-21
Adán Gordón,Fecha de defunción,1966-03-08
Harold Cummings,Lugar de nacimiento,Ciudad de Panamá
Harold Cummings,Ocupación,futbolista
Harold Cummings,Ciudadanía,Panamá
Harold Cummings,Fecha de nacimiento,1992-03-01
Agustín Del Rosario,Lugar de nacimiento,Ciudad de Panamá
Agustín Del Rosario,Ocupación,poeta
Agustín Del Rosario,Ciudadanía,Panamá
Agustín Del Rosario,Educado en,Universidad de Panamá
Agustín Del Rosario,Fecha de nacimiento,1945-05-20
Agustín Del Rosario,Fecha de defunción,2010-08-05
Agustín Del Rosario,Ocupación,dramaturgo
Agustín Del Rosario,Ocupación,pedagogo
Agustín Del Rosario,Ocupación,crítico de arte
Alberto Dutary,Lugar de nacimiento,Ciudad de Panamá
Alberto Dutary,Ocupación,pintor
Alberto Dutary,Ciudadanía,Panamá
Alberto Dutary,Fecha de nacimiento,1928-01-01
Alberto Dutary,Fecha de defunción,1997-01-01
Alberto Dutary,Ocupación,dibujante
Alberto Dutary,Fecha de nacimiento,1932-01-01
Alberto Dutary,Fecha de defunción,1998-01-01
Alberto S. Taylor,Ocupación,botánico
Alberto S. Taylor,Ciudadanía,Panamá
Alberto S. Taylor,Educado en,Universidad de Pensilvania en Indiana
Alberto S. Taylor,Empleador,Universidad de Panamá
Alberto S. Taylor,Fecha de nacimiento,1932-01-01
Alberto S. Taylor,Educado en,Universidad de Panamá
Alejandro Lagrotta,Ocupación,cantante
Alejandro Lagrotta,Ciudadanía,Panamá
Alejandro Lagrotta,Fecha de nacimiento,1975-12-05
Alexander Andreve,Lugar de nacimiento,Ciudad de Panamá
Alexander Andreve,Ocupación,futbolista
Alexander Andreve,Ciudadanía,Panamá
Alexander Andreve,Fecha de nacimiento,1987-04-26
Alfredo Cantón,Lugar de nacimiento,Nuevo Emperador
Alfredo Cantón,Ocupación,escritor
Alfredo Cantón,Ciudadanía,Panamá
Alfredo Cantón,Fecha de nacimiento,1910-06-09
Alfredo Cantón,Fecha de defunción,1967-07-08
Alfredo Cantón,Fecha de nacimiento,1910-09-06
Alfredo Phillips,Lugar de nacimiento,Ciudad de Panamá
Alfredo Phillips,Ocupación,futbolista
Alfredo Phillips,Ciudadanía,Panamá
Alfredo Phillips,Fecha de nacimiento,1988-10-30
Amelia Denis de Icaza,Ocupación,escritor
Amelia Denis de Icaza,Ciudadanía,Panamá
Amelia Denis de Icaza,Fecha de nacimiento,1836-11-28
Amelia Denis de Icaza,Fecha de defunción,1911-07-16
Amelia Denis de Icaza,Ocupación,poeta
Simón Urbina,Lugar de nacimiento,Ciudad de Colón
Simón Urbina,Ocupación,compositor
Simón Urbina,Ciudadanía,Panamá
Simón Urbina,Fecha de nacimiento,1889-05-01
Simón Urbina,Fecha de defunción,1974-07-20
Simón Urbina,Ocupación,director de orquesta
Améth Ramírez,Lugar de nacimiento,Ciudad de Panamá
Améth Ramírez,Ocupación,futbolista
Améth Ramírez,Ciudadanía,Panamá
Améth Ramírez,Fecha de nacimiento,1993-06-19
Ana Isabel Illueca,Lugar de nacimiento,Ciudad de Panamá
Ana Isabel Illueca,Ocupación,escritor
Ana Isabel Illueca,Ciudadanía,Panamá
Ana Isabel Illueca,Fecha de nacimiento,1903-03-14
Ana Isabel Illueca,Fecha de defunción,1994-09-25
Ana Isabel Illueca,Ocupación,poeta
Arysteides Turpana,Lugar de nacimiento,Río Azúcar
Arysteides Turpana,Ocupación,escritor
Arysteides Turpana,Ciudadanía,Panamá
Arysteides Turpana,Educado en,Universidad Federal de Bahía
Arysteides Turpana,Fecha de nacimiento,1943-12-24
Arysteides Turpana,Fecha de defunción,2020-10-13
Arysteides Turpana,Ocupación,profesor
Arysteides Turpana,Ocupación,poeta
Arysteides Turpana,Educado en,Universidad de Panamá
Ciudad de Panamá,jefe de gobierno,Mayer Mizrachi
Ciudad de Panamá,país,Panamá
Ciudad de Panamá,instancia de,ciudad
Ciudad de Panamá,instancia de,gran ciudad
Ciudad de Panamá,instancia de,área metropolitana
poeta,instancia de,profesión
poeta,subclase de,escritor
poeta,ámbito de la ocupación,poesía
poeta,categoría principal del tema,Categoría:Poetas
Panamá,forma parte de,América Latina
Panamá,forma parte de,América Central
Panamá,forma parte de,América Central continental
Panamá,forma parte de,Anexo:Paraísos fiscales según la Unión Europea
Panamá,se encuentra en el huso horario,UTC-05:00
futbolista,instancia de,profesión
futbolista,instancia de,ocupación
futbolista,subclase de,jugador competitivo
futbolista,subclase de,Jugador de fútbol
México,miembro de,Organización de las Naciones Unidas
México,miembro de,Mercosur
México,miembro de,Movimiento Internacional de la Cruz Roja y de la Media Luna Roja
México,miembro de,UNESCO
México,miembro de,Organización Mundial de la Salud
químico,lista de interés para el proyecto Wikimedia,Wikipedia:Lista de artículos que toda Wikipedia debería tener/Expandida
químico,elemento ejemplo,Marie Curie
químico,categoría que contiene subcategorías epónimas,Categoría:Categorías de químicos
químico,categoría relacionada,Categoría:Ingenieros químicos
químico,instancia de,profesión
Universidad de Panamá,categoría para las personas que estudiaron en esta institución,Categoría:Alumnado de la Universidad de Panamá
Universidad de Panamá,país,Panamá
Universidad de Panamá,instancia de,universidad
Universidad de Panamá,situado en la entidad territorial administrativa,Ciudad de Panamá
Universidad de Panamá,miembro de,Consejo Superior Universitario Centroamericano
político,instancia de,profesión
político,instancia de,frecuentemente
político,subclase de,profesional
político,ámbito de la ocupación,política
político,categoría principal del tema,Categoría:Políticos
Parita,país,Panamá
Parita,instancia de,Comunidad de Panamá
Parita,situado en la entidad territorial administrativa,Parita
Parita,se encuentra en el huso horario,UTC-05:00
Parita,capital de,Parita
escritor,instancia de,profesión
escritor,instancia de,ocupación
escritor,subclase de,autor
escritor,subclase de,artista
nadador,instancia de,ocupación
nadador,subclase de,deportista
nadador,ámbito de la ocupación,natación
pintor,instancia de,ocupación
pintor,instancia de,profesión artística
pintor,subclase de,artista visual
pintor,santo patrón,Lucas el Evangelista
pintor,ámbito de la ocupación,pintura
botánico,instancia de,profesión
botánico,subclase de,biólogo
botánico,ámbito de la ocupación,botánica
botánico,categoría principal del tema,Categoría:Botánicos
botánico,plantilla principal del tema,Plantilla:Botánico
Universidad de Pensilvania en Indiana,calendario académico,semestre
Universidad de Pensilvania en Indiana,país,Estados Unidos
Universidad de Pensilvania en Indiana,instancia de,universidad
Universidad de Pensilvania en Indiana,instancia de,institución educativa pública de los Estados Unidos
Universidad de Pensilvania en Indiana,situado en la entidad territorial administrativa,Pensilvania
cantante,instancia de,grupo de ocupaciones de la CIUO
cantante,instancia de,ocupación en la música
cantante,subclase de,músico
cantante,ámbito de la ocupación,canto
Nuevo Emperador,país,Panamá
Nuevo Emperador,instancia de,Comunidad de Panamá
Nuevo Emperador,situado en la entidad territorial administrativa,Arraiján
Ciudad de Colón,jefe de gobierno,Federico Policani
Ciudad de Colón,país,Panamá
Ciudad de Colón,instancia de,ciudad
Ciudad de Colón,instancia de,gran ciudad
Ciudad de Colón,situado en la entidad territorial administrativa,Provincia de Colón
compositor,instancia de,ocupación
compositor,instancia de,profesión musical
compositor,subclase de,autor
compositor,subclase de,músico
compositor,santo patrón,Cecilia de Roma
Río Azúcar,país,Panamá
Río Azúcar,instancia de,isla
Río Azúcar,instancia de,localidad
Río Azúcar,situado en la entidad territorial administrativa,Guna Yala
Universidad Federal de Bahía,país,Brasil
Universidad Federal de Bahía,instancia de,editor de acceso abierto
Universidad Federal de Bahía,situado en la entidad territorial administrativa,Salvador
Universidad Federal de Bahía,ubicación de la sede,Salvador
Bolívar Urrutia Parrilla,Lugar de nacimiento,Las Tablas
Bolívar Urrutia Parrilla,Ocupación,político
Bolívar Urrutia Parrilla,Ciudadanía,Panamá
Bolívar Urrutia Parrilla,Fecha de nacimiento,1918-12-01
Bolívar Urrutia Parrilla,Fecha de defunción,2005-06-02
Herasto Reyes,Ocupación,escritor
Herasto Reyes,Ciudadanía,Panamá
Herasto Reyes,Educado en,Universidad de Panamá
Herasto Reyes,Fecha de nacimiento,1952-10-10
Herasto Reyes,Fecha de defunción,2005-01-01
Herasto Reyes,Ocupación,político
Herasto Reyes,Ocupación,periodista
Buenaventura Correoso,Ocupación,militar
Buenaventura Correoso,Ciudadanía,Panamá
Buenaventura Correoso,Fecha de nacimiento,1831-07-14
Buenaventura Correoso,Fecha de defunción,1911-01-12
Buenaventura Correoso,Ocupación,educador
Carlos Oriel Wynter Melo,Lugar de nacimiento,Ciudad de Panamá
Carlos Oriel Wynter Melo,Ocupación,escritor
Carlos Oriel Wynter Melo,Ciudadanía,Panamá
Carlos Oriel Wynter Melo,Fecha de nacimiento,1971-01-01
Catherine,Ocupación,cantante
Catherine,Ciudadanía,Panamá
Catherine,Fecha de nacimiento,1985-09-15
Diógenes Cedeño Cenci,Ocupación,político
Diógenes Cedeño Cenci,Ciudadanía,Panamá
Diógenes Cedeño Cenci,Fecha de nacimiento,1927-03-06
Diógenes Cedeño Cenci,Fecha de defunción,2010-06-23
Diógenes Cedeño Cenci,Ocupación,educador
Chantal Martínez,Lugar de nacimiento,David
Chantal Martínez,Ocupación,boxeador
Chantal Martínez,Ciudadanía,Panamá
Chantal Martínez,Fecha de nacimiento,1990-12-28
Chavelita Pinzón,Lugar de nacimiento,Panamá
Chavelita Pinzón,Ocupación,cantante
Chavelita Pinzón,Ciudadanía,Panamá
Chavelita Pinzón,Educado en,Universidad de Panamá
Chavelita Pinzón,Fecha de nacimiento,1931-02-13
Chavelita Pinzón,Fecha de defunción,2024-03-18
Chavelita Pinzón,Ocupación,folclorista
Cienfue,Ocupación,cantante
Cienfue,Ciudadanía,Panamá
Cienfue,Fecha de nacimiento,2000-01-01
Damián Castillo Durán,Ocupación,político
Damián Castillo Durán,Ciudadanía,Panamá
Damián Castillo Durán,Fecha de nacimiento,1926-04-14
Damián Castillo Durán,Fecha de defunción,2011-07-01
Danger Man,Lugar de nacimiento,Ancón
Danger Man,Ciudadanía,Panamá
Danger Man,Fecha de nacimiento,1972-12-08
Danger Man,Fecha de defunción,2008-02-21
Demetrio Herrera Sevillano,Lugar de nacimiento,Ciudad de Panamá
Demetrio Herrera Sevillano,Ocupación,escritor
Demetrio Herrera Sevillano,Ciudadanía,Panamá
Demetrio Herrera Sevillano,Fecha de nacimiento,1902-11-27
Demetrio Herrera Sevillano,Fecha de defunción,1950-10-09
Demetrio Herrera Sevillano,Ocupación,poeta
Demetrio Korsi,Lugar de nacimiento,Ciudad de Panamá
Demetrio Korsi,Ocupación,poeta
Demetrio Korsi,Ciudadanía,Panamá
Demetrio Korsi,Fecha de nacimiento,1899-01-13
Demetrio Korsi,Fecha de defunción,1957-10-30
Demetrio Korsi,Ocupación,diplomático
Demetrio Korsi,Ocupación,periodista
Erika Ender,Lugar de nacimiento,Ciudad de Panamá
Erika Ender,Ocupación,actor
Erika Ender,Ciudadanía,Panamá
Erika Ender,Premio recibido,Premio Grammy Latino a la canción del año
Erika Ender,Fecha de nacimiento,1974-12-21
Erika Ender,Ocupación,cantante
Erika Ender,Ocupación,cantautor
Erika Ender,Ocupación,filántropo
Erika Ender,Premio recibido,Pabellón de la Fama de los Compositores Latinos
Erika Ender,Premio recibido,Leading Ladies of Entertainment
Dimitri Sucre Benjamin,Lugar de nacimiento,Ciudad de Panamá
Dimitri Sucre Benjamin,Ocupación,recolector de plantas
Dimitri Sucre Benjamin,Ciudadanía,Brasil
Dimitri Sucre Benjamin,Fecha de nacimiento,1936-01-01
Dimitri Sucre Benjamin,Fecha de defunción,2000-08-28
Dimitri Sucre Benjamin,Ocupación,botánico
Dimitri Sucre Benjamin,Ciudadanía,Panamá
Manuel María Ayala,Lugar de nacimiento,Chepo
Manuel María Ayala,Ocupación,escritor
Manuel María Ayala,Ciudadanía,Panamá
Manuel María Ayala,Fecha de nacimiento,1800-10-13
Manuel María Ayala,Fecha de defunción,1838-01-01
Manuel María Ayala,Ocupación,militar
Manuel María Ayala,Ocupación,tesorero
Diógenes de la Rosa,Lugar de nacimiento,Ciudad de Panamá
Diógenes de la Rosa,Ocupación,político
Diógenes de la Rosa,Ciudadanía,Panamá
Diógenes de la Rosa,Fecha de nacimiento,1904-01-01
Diógenes de la Rosa,Fecha de defunción,1998-01-01
Diógenes de la Rosa,Ocupación,diplomático
Diógenes de la Rosa,Ocupación,periodista
Diógenes de la Rosa,Fecha de nacimiento,1904-01-26
Diógenes de la Rosa,Fecha de defunción,1998-07-19
Dolores Caballero Núñez,Ocupación,político
Dolores Caballero Núñez,Ciudadanía,España
Dolores Caballero Núñez,Fecha de nacimiento,1890-12-09
Dolores Caballero Núñez,Fecha de defunción,1948-01-01
Dolores Caballero Núñez,Ciudadanía,Panamá
Dora Pérez de Zárate,Lugar de nacimiento,Ciudad de Panamá
Dora Pérez de Zárate,Ocupación,escritor
Dora Pérez de Zárate,Ciudadanía,Panamá
Dora Pérez de Zárate,Educado en,Universidad de Panamá
Dora Pérez de Zárate,Fecha de nacimiento,1912-03-09
Dora Pérez de Zárate,Fecha de defunción,2001-03-29
Dora Pérez de Zárate,Ocupación,poeta
Edgar Soberón Torchia,Lugar de nacimiento,Panamá
Edgar Soberón Torchia,Ocupación,actor
Edgar Soberón Torchia,Ciudadanía,Panamá
Edgar Soberón Torchia,Educado en,Escuela Internacional de Cine y Televisión
Edgar Soberón Torchia,Empleador,Escuela Internacional de Cine y Televisión
Edgar Soberón Torchia,Fecha de nacimiento,1951-02-06
Edgar Soberón Torchia,Ocupación,escritor
Edgar Soberón Torchia,Ocupación,director de teatro
Edgar Soberón Torchia,Educado en,Universidad Interamericana de Puerto Rico
Edgar Soberón Torchia,Educado en,Talleres Varan
Edgar Soberón Torchia,Empleador,Universidad Veritas
Las Tablas,país,Panamá
Las Tablas,instancia de,ciudad
Las Tablas,instancia de,Comunidad de Panamá
Las Tablas,situado en la entidad territorial administrativa,Provincia de Los Santos
militar,instancia de,profesión
militar,instancia de,ocupación
militar,subclase de,empleado
militar,subclase de,guerrero
militar,opuesto a,civil
educador,instancia de,profesión
educador,subclase de,personal educativo
educador,subclase de,profesionales de la enseñanza
educador,ámbito de la ocupación,educación
educador,ámbito de la ocupación,enseñanza
David,país,Panamá
David,instancia de,ciudad
David,instancia de,gran ciudad
David,instancia de,Comunidad de Panamá
David,situado en la entidad territorial administrativa,Distrito de David
boxeador,instancia de,profesión
boxeador,subclase de,deportista
boxeador,subclase de,artista marcial
boxeador,ámbito de la ocupación,boxeo
boxeador,ámbito de la ocupación,boxeo aficionado
Ancón,país,Panamá
Ancón,instancia de,Comunidad de Panamá
Ancón,situado en la entidad territorial administrativa,Distrito de Panamá
actor,instancia de,profesión
actor,instancia de,ocupación
actor,instancia de,grupo de ocupaciones de la CIUO
actor,subclase de,artista escénico
Premio Grammy Latino a la canción del año,país,Estados Unidos
Premio Grammy Latino a la canción del año,instancia de,categoría de un premio
Premio Grammy Latino a la canción del año,forma parte de,Premios Grammy Latinos
recolector de plantas,instancia de,ocupación
recolector de plantas,subclase de,recolector científico
recolector de plantas,ámbito de la ocupación,botánica
recolector de plantas,ámbito de la ocupación,coleccionismo de plantas
Brasil,comparte fronteras con,Uruguay
Brasil,comparte fronteras con,Francia
Brasil,comparte fronteras con,Argentina
Brasil,comparte fronteras con,Perú
Brasil,comparte fronteras con,Venezuela
Chepo,país,Panamá
Chepo,instancia de,Comunidad de Panamá
Chepo,situado en la entidad territorial administrativa,Chepo
Chepo,se encuentra en el huso horario,UTC-05:00
España,jefe de gobierno,Pedro Sánchez
España,continente,Europa
España,instancia de,país
España,instancia de,Estado nación
España,instancia de,reino
Escuela Internacional de Cine y Televisión,país,Cuba
Escuela Internacional de Cine y Televisión,instancia de,escuela de cine
Escuela Internacional de Cine y Televisión,situado en la entidad territorial administrativa,San Antonio de los Baños
Escuela Internacional de Cine y Televisión,premio recibido,Orden del Mérito Cultural
Eduard Benitez,Lugar de nacimiento,La Chorrera
Eduard Benitez,Ocupación,futbolista
Eduard Benitez,Ciudadanía,Panamá
Eduard Benitez,Fecha de nacimiento,1991-11-19
Eduardo Charpentier de Castro,Lugar de nacimiento,Ciudad de Panamá
Eduardo Charpentier de Castro,Ocupación,compositor
Eduardo Charpentier de Castro,Ciudadanía,Panamá
Eduardo Charpentier de Castro,Fecha de nacimiento,1927-03-12
Eduardo Charpentier de Castro,Fecha de defunción,2019-07-13
Eduardo Charpentier de Castro,Ocupación,director de orquesta
Eduardo Charpentier de Castro,Ocupación,flautista
Eduardo Charpentier de Castro,Ocupación,profesor de música
Eduardo Jiménez,Lugar de nacimiento,Ciudad de Panamá
Eduardo Jiménez,Ocupación,futbolista
Eduardo Jiménez,Ciudadanía,Panamá
Eduardo Jiménez,Fecha de nacimiento,1986-02-01
Elsie Alvarado de Ricord,Lugar de nacimiento,David
Elsie Alvarado de Ricord,Ocupación,escritor
Elsie Alvarado de Ricord,Ciudadanía,Panamá
Elsie Alvarado de Ricord,Educado en,Universidad de Panamá
Elsie Alvarado de Ricord,Premio recibido,Grand Officer of Order of Manuel Amador Guerrero
Elsie Alvarado de Ricord,Fecha de nacimiento,1928-03-23
Elsie Alvarado de Ricord,Fecha de defunción,2005-05-18
Elsie Alvarado de Ricord,Ocupación,poeta
Enrique Jaramillo Levi,Lugar de nacimiento,Ciudad de Colón
Enrique Jaramillo Levi,Ocupación,escritor
Enrique Jaramillo Levi,Ciudadanía,Panamá
Enrique Jaramillo Levi,Educado en,Universidad de Panamá
Enrique Jaramillo Levi,Empleador,Universidad de Panamá
Enrique Jaramillo Levi,Fecha de nacimiento,1944-12-11
Enrique Jaramillo Levi,Ocupación,poeta
Eric Hughes,Lugar de nacimiento,La Chorrera
Eric Hughes,Ocupación,futbolista
Eric Hughes,Ciudadanía,Panamá
Eric Hughes,Fecha de nacimiento,1986-07-11
Ernesto Jaén Guardia,Ocupación,político
Ernesto Jaén Guardia,Ciudadanía,Panamá
Ernesto Jaén Guardia,Fecha de nacimiento,1895-11-27
Ernesto Jaén Guardia,Fecha de defunción,1961-04-18
Pedro J. Sosa,Lugar de nacimiento,Ciudad de Panamá
Pedro J. Sosa,Ocupación,ingeniero
Pedro J. Sosa,Ciudadanía,Panamá
Pedro J. Sosa,Fecha de nacimiento,1851-05-19
Pedro J. Sosa,Fecha de defunción,1898-07-04
Esther Neira de Calvo,Lugar de nacimiento,Penonomé
Esther Neira de Calvo,Ocupación,político
Esther Neira de Calvo,Ciudadanía,Panamá
Esther Neira de Calvo,Fecha de nacimiento,1890-05-01
Esther Neira de Calvo,Fecha de defunción,1978-03-24
Esther Neira de Calvo,Ocupación,educador
Esther Neira de Calvo,Ocupación,activista por los derechos de las mujeres
Eusebio Antonio Morales,Lugar de nacimiento,Bolívar
Eusebio Antonio Morales,Ocupación,abogado
Eusebio Antonio Morales,Ciudadanía,Panamá
Eusebio Antonio Morales,Fecha de nacimiento,1865-01-01
Eusebio Antonio Morales,Fecha de defunción,1929-02-08
Eusebio Antonio Morales,Fecha de nacimiento,1865-02-05
Eustaciano Arias,Ocupación,deportista
Eustaciano Arias,Ciudadanía,Panamá
Eustaciano Arias,Fecha de nacimiento,1981-01-01
Gil Colunje,Lugar de nacimiento,Ciudad de Panamá
Gil Colunje,Ocupación,escritor
Gil Colunje,Ciudadanía,Colombia
Gil Colunje,Fecha de nacimiento,1831-09-01
Gil Colunje,Fecha de defunción,1899-01-06
Gil Colunje,Ocupación,poeta
Gil Colunje,Ocupación,político
Gil Colunje,Ocupación,periodista
Gil Colunje,Ocupación,novelista
Gil Colunje,Ciudadanía,Panamá
Giovanna Benedetti,Lugar de nacimiento,Ciudad de Panamá
Giovanna Benedetti,Ocupación,poeta
Giovanna Benedetti,Ciudadanía,Panamá
Giovanna Benedetti,Educado en,Universidad Autónoma de Barcelona
Giovanna Benedetti,Fecha de nacimiento,1949-01-01
Giovanna Benedetti,Ocupación,escultor
Giovanna Benedetti,Educado en,Universidad de Panamá
Gringo el Original,Ocupación,cantante
Gringo el Original,Ciudadanía,Panamá
Gringo el Original,Fecha de nacimiento,1968-10-16
Gumercinda Páez,Lugar de nacimiento,Ciudad de Panamá
Gumercinda Páez,Ocupación,político
Gumercinda Páez,Ciudadanía,Panamá
Gumercinda Páez,Educado en,Universidad de Panamá
Gumercinda Páez,Fecha de nacimiento,1910-01-13
Gumercinda Páez,Fecha de defunción,1991-01-01
Gumercinda Páez,Ocupación,suffragette
Japanese,Lugar de nacimiento,Ciudad de Colón
Japanese,Ocupación,cantante
Japanese,Ciudadanía,Panamá
Japanese,Fecha de nacimiento,1973-03-09
Javier Alvarado,Lugar de nacimiento,Santiago de Veraguas
Javier Alvarado,Ocupación,escritor
Javier Alvarado,Ciudadanía,Panamá
Javier Alvarado,Educado en,Universidad de Panamá
Javier Alvarado,Premio recibido,Concurso Nacional de Literatura Ricardo Miró
Javier Alvarado,Fecha de nacimiento,1982-08-28
Javier Alvarado,Ocupación,poeta
Javier Alvarado,Premio recibido,Premio Centroamericano de Literatura Rogelio Sinán
Javier Alvarado,Premio recibido,Premio Nacional de Poesía Gustavo Batista Cedeño
Javier Alvarado,Premio recibido,premio Internacional de Poesía Rubén Darío
Javier Romero Hernández,Ocupación,escritor
Javier Romero Hernández,Ciudadanía,Panamá
Javier Romero Hernández,Fecha de nacimiento,1983-09-02
Javier Romero Hernández,Ocupación,poeta
Jean McLean,Lugar de nacimiento,Ciudad de Panamá
Jean McLean,Ocupación,futbolista
Jean McLean,Ciudadanía,Panamá
Jean McLean,Fecha de nacimiento,1984-01-16
Jeptha Brawner Duncan Guillén-Arosemena,Ocupación,político
Jeptha Brawner Duncan Guillén-Arosemena,Ciudadanía,Panamá
Jeptha Brawner Duncan Guillén-Arosemena,Educado en,Sorbonne Universidad de París
Jeptha Brawner Duncan Guillén-Arosemena,Fecha de nacimiento,1885-02-20
Jeptha Brawner Duncan Guillén-Arosemena,Fecha de defunción,1978-08-23
La Chorrera,país,Panamá
La Chorrera,instancia de,ciudad
La Chorrera,situado en la entidad territorial administrativa,Provincia de Panamá Oeste
La Chorrera,capital de,Provincia de Panamá Oeste
ingeniero,categoría relacionada,Categoría:Ingenieros químicos
ingeniero,instancia de,profesión
ingeniero,instancia de,cargo
ingeniero,elemento operado,producto
Penonomé,país,Panamá
Penonomé,instancia de,ciudad
Penonomé,instancia de,Comunidad de Panamá
Penonomé,situado en la entidad territorial administrativa,Provincia de Coclé
Penonomé,categoría principal del tema,Categoría:Penonomé
Bolívar,país,Colombia
Bolívar,instancia de,departamento de Colombia
Bolívar,comparte fronteras con,Antioquia
Bolívar,comparte fronteras con,Magdalena
Bolívar,comparte fronteras con,Atlántico
abogado,instancia de,profesión jurídica
abogado,subclase de,jurista
abogado,santo patrón,Catalina de Alejandría
abogado,santo patrón,Alfonso María de Ligorio
abogado,santo patrón,Raimundo de Peñafort
deportista,instancia de,profesión
deportista,instancia de,ocupación
deportista,subclase de,personalidad del deporte
deportista,santo patrón,Sebastián de Milán
deportista,ámbito de la ocupación,deporte
Colombia,jefe de gobierno,Gustavo Petro
Colombia,continente,América del Sur
Colombia,instancia de,país
Colombia,instancia de,república
Colombia,instancia de,Estado laico
Universidad Autónoma de Barcelona,país,España
Universidad Autónoma de Barcelona,instancia de,organización
Universidad Autónoma de Barcelona,instancia de,universidad pública
Universidad Autónoma de Barcelona,instancia de,editor de acceso abierto
Universidad Autónoma de Barcelona,situado en la entidad territorial administrativa,Sardañola del Vallés
Santiago de Veraguas,país,Panamá
Santiago de Veraguas,instancia de,ciudad
Santiago de Veraguas,instancia de,Comunidad de Panamá
Santiago de Veraguas,situado en la entidad territorial administrativa,Provincia de Chiriquí
Santiago de Veraguas,ciudad hermana,Santiago de Chile
Concurso Nacional de Literatura Ricardo Miró,país,Panamá
Concurso Nacional de Literatura Ricardo Miró,instancia de,distinción
Concurso Nacional de Literatura Ricardo Miró,nombrado en referencia a,Ricardo Miró
Concurso Nacional de Literatura Ricardo Miró,categoría principal del tema,Categoría:Premio Ricardo Miró
Sorbonne Universidad de París,país,Francia
Sorbonne Universidad de París,instancia de,universidad en Francia
Sorbonne Universidad de París,instancia de,entidad desaparecida
Sorbonne Universidad de París,nombrado en referencia a,París
Sorbonne Universidad de París,nombrado en referencia a,Roberto de Sorbón
Joaquín Beleño,Lugar de nacimiento,Ciudad de Panamá
Joaquín Beleño,Ocupación,escritor
Joaquín Beleño,Ciudadanía,Panamá
Joaquín Beleño,Fecha de nacimiento,1921-02-05
Joaquín Beleño,Fecha de defunción,1988-02-05
Joaquín Beleño,Ocupación,periodista
Joaquín Beleño,Ocupación,sindicalista
Joel Santos Ureña,Lugar de nacimiento,Ciudad de Panamá
Joel Santos Ureña,Ocupación,futbolista
Joel Santos Ureña,Ciudadanía,Panamá
Joel Santos Ureña,Fecha de nacimiento,1992-10-30
Q5932808,Lugar de nacimiento,Boquete
Q5932808,Ocupación,cantante
Q5932808,Ciudadanía,Panamá
Q5932808,Fecha de nacimiento,1982-05-03
Johnny Ruiz,Lugar de nacimiento,Panamá
Johnny Ruiz,Ocupación,futbolista
Johnny Ruiz,Ciudadanía,Panamá
Johnny Ruiz,Fecha de nacimiento,1981-09-13
Jorge Conte Porras,Lugar de nacimiento,Penonomé
Jorge Conte Porras,Ocupación,escritor
Jorge Conte Porras,Ciudadanía,Panamá
Jorge Conte Porras,Fecha de nacimiento,1929-12-06
Jorge Conte Porras,Fecha de defunción,2006-05-03
Jorge Turner,Lugar de nacimiento,Ciudad de Panamá
Jorge Turner,Ocupación,escritor
Jorge Turner,Ciudadanía,Panamá
Jorge Turner,Educado en,Instituto Nacional de Panamá
Jorge Turner,Fecha de nacimiento,1922-01-01
Jorge Turner,Fecha de defunción,2011-09-07
Jorge Turner,Ocupación,periodista
José Abdul Pinto,Lugar de nacimiento,Ciudad de Panamá
José Abdul Pinto,Ocupación,futbolista
José Abdul Pinto,Ciudadanía,Panamá
José Abdul Pinto,Fecha de nacimiento,1982-05-10
José Antonio Marín,Lugar de nacimiento,Ciudad de Colón
José Antonio Marín,Ocupación,futbolista
José Antonio Marín,Ciudadanía,Panamá
José Antonio Marín,Fecha de nacimiento,1979-10-12
José Daniel Crespo,Lugar de nacimiento,Pesé
José Daniel Crespo,Ocupación,escritor
José Daniel Crespo,Ciudadanía,Panamá
José Daniel Crespo,Educado en,Universidad de Columbia
José Daniel Crespo,Fecha de nacimiento,1890-08-02
José Daniel Crespo,Fecha de defunción,1958-06-07
José Daniel Crespo,Ocupación,político
José Daniel Crespo,Ocupación,diplomático
José Daniel Crespo,Ocupación,educador
José Diego Álvarez P.,Lugar de nacimiento,David
José Diego Álvarez P.,Ocupación,futbolista
José Diego Álvarez P.,Ciudadanía,Panamá
José Diego Álvarez P.,Fecha de nacimiento,1992-08-25
José Dolores Moscote,Lugar de nacimiento,Cartagena de Indias
José Dolores Moscote,Ocupación,abogado
José Dolores Moscote,Ciudadanía,Panamá
José Dolores Moscote,Fecha de nacimiento,1879-01-01
José Dolores Moscote,Fecha de defunción,1956-01-01
José Dolores Moscote,Ocupación,educador
José Dolores Moscote,Fecha de nacimiento,1879-04-04
José Dolores Moscote,Fecha de defunción,1956-04-04
José Dolores Urriola,Lugar de nacimiento,Ciudad de Panamá
José Dolores Urriola,Ocupación,poeta
José Dolores Urriola,Ciudadanía,Panamá
José Dolores Urriola,Fecha de nacimiento,1834-01-01
José Dolores Urriola,Fecha de defunción,1883-05-05
Humberto Ivaldi,Lugar de nacimiento,Panamá
Humberto Ivaldi,Ocupación,pintor
Humberto Ivaldi,Ciudadanía,Panamá
Humberto Ivaldi,Fecha de nacimiento,1909-12-24
Humberto Ivaldi,Fecha de defunción,1947-03-10
José Justavino,Lugar de nacimiento,Ciudad de Panamá
José Justavino,Ocupación,futbolista
José Justavino,Ciudadanía,Panamá
José Justavino,Fecha de nacimiento,1981-12-02
José Marmolejo,Lugar de nacimiento,Ciudad de Panamá
José Marmolejo,Ocupación,futbolista
José Marmolejo,Ciudadanía,Panamá
José Marmolejo,Fecha de nacimiento,1990-11-14
José María Alemán,Lugar de nacimiento,Ciudad de Panamá
José María Alemán,Ocupación,escritor
José María Alemán,Ciudadanía,Panamá
José María Alemán,Fecha de nacimiento,1830-03-17
José María Alemán,Fecha de defunción,1887-08-04
José María Alemán,Ocupación,poeta
José María Alemán,Ocupación,político
José María Alemán,Ocupación,periodista
José de Fábrega,Lugar de nacimiento,Ciudad de Panamá
José de Fábrega,Ocupación,político
José de Fábrega,Ciudadanía,Panamá
José de Fábrega,Premio recibido,Real y Militar Orden de San Hermenegildo
José de Fábrega,Fecha de nacimiento,1774-10-18
José de Fábrega,Fecha de defunción,1841-03-11
Julio Medina,Lugar de nacimiento,Panamá
Julio Medina,Ocupación,futbolista
Julio Medina,Ciudadanía,Panamá
Julio Medina,Fecha de nacimiento,1976-07-14
Julio Segundo,Lugar de nacimiento,Ciudad de Panamá
Julio Segundo,Ocupación,futbolista
Julio Segundo,Ciudadanía,Panamá
Julio Segundo,Fecha de nacimiento,1993-09-21
Julio Segundo,Fecha de nacimiento,1993-09-26
Luis Concepción,Lugar de nacimiento,Ciudad de Panamá
Luis Concepción,Ocupación,boxeador
Luis Concepción,Ciudadanía,Panamá
Luis Concepción,Fecha de nacimiento,1985-06-06
Boquete,país,Panamá
Boquete,instancia de,Distritos de Panamá
Boquete,capital,Bajo Boquete (corregimiento de Boquete)
Boquete,situado en la entidad territorial administrativa,Provincia de Chiriquí
Boquete,se encuentra en el huso horario,UTC-05:00
Instituto Nacional de Panamá,país,Panamá
Instituto Nacional de Panamá,instancia de,escuela
Instituto Nacional de Panamá,situado en la entidad territorial administrativa,Provincia de Panamá
Pesé,país,Panamá
Pesé,instancia de,Comunidad de Panamá
Pesé,situado en la entidad territorial administrativa,Pesé
Pesé,se encuentra en el huso horario,UTC-05:00
Pesé,capital de,Pesé
Universidad de Columbia,país,Estados Unidos
Universidad de Columbia,instancia de,universidad privada
Universidad de Columbia,instancia de,Colegios coloniales
Universidad de Columbia,instancia de,universidad de investigación
Universidad de Columbia,instancia de,institución educativa privada sin fines de lucro
Cartagena de Indias,país,Colombia
Cartagena de Indias,instancia de,gran ciudad
Cartagena de Indias,instancia de,municipio de Colombia
Cartagena de Indias,instancia de,ciudad de Colombia
Cartagena de Indias,comparte fronteras con,Clemencia
Real y Militar Orden de San Hermenegildo,país,España
Real y Militar Orden de San Hermenegildo,instancia de,condecoración militar
Real y Militar Orden de San Hermenegildo,fundador,Fernando VII de España
Real y Militar Orden de San Hermenegildo,nombrado en referencia a,Hermenegildo
Real y Militar Orden de San Hermenegildo,precedido por,Cruz a la Constancia en el Servicio
I. Roberto Eisenmann Jr.,Ocupación,periodista
I. Roberto Eisenmann Jr.,Ciudadanía,Panamá
I. Roberto Eisenmann Jr.,Premio recibido,Premio María Moors Cabot
I. Roberto Eisenmann Jr.,Fecha de nacimiento,1901-01-01
Lucho Azcarraga,Lugar de nacimiento,Ciudad de Panamá
Lucho Azcarraga,Ocupación,compositor
Lucho Azcarraga,Ciudadanía,Panamá
Lucho Azcarraga,Fecha de nacimiento,1912-01-01
Lucho Azcarraga,Fecha de defunción,1996-11-11
Lucy Jaén,Lugar de nacimiento,Las Tablas
Lucy Jaén,Ocupación,cantante
Lucy Jaén,Ciudadanía,Panamá
Lucy Jaén,Fecha de nacimiento,1928-01-17
Lucy Jaén,Fecha de defunción,2011-10-27
Luisita Aguilera Patiño,Lugar de nacimiento,Antón
Luisita Aguilera Patiño,Ocupación,escritor
Luisita Aguilera Patiño,Ciudadanía,Panamá
Luisita Aguilera Patiño,Fecha de nacimiento,1914-01-01
Manuel Bonilla Atencio,Lugar de nacimiento,Panamá
Manuel Bonilla Atencio,Ocupación,futbolista
Manuel Bonilla Atencio,Ciudadanía,Panamá
Manuel Bonilla Atencio,Fecha de nacimiento,1988-04-04
Manuel José Hurtado,Lugar de nacimiento,Ciudad de Panamá
Manuel José Hurtado,Ocupación,educador
Manuel José Hurtado,Ciudadanía,Panamá
Manuel José Hurtado,Fecha de nacimiento,1821-10-01
Manuel José Hurtado,Fecha de defunción,1887-02-08
Manuel Torres,Lugar de nacimiento,Panamá
Manuel Torres,Ocupación,futbolista
Manuel Torres,Ciudadanía,Panamá
Manuel Torres,Fecha de nacimiento,1978-11-25
Manuel Torres,Lugar de nacimiento,Ciudad de Panamá
Marcos G. McGrath,Lugar de nacimiento,Ciudad de Panamá
Marcos G. McGrath,Ocupación,sacerdote católico
Marcos G. McGrath,Ciudadanía,Panamá
Marcos G. McGrath,Educado en,Universidad de Notre Dame
Marcos G. McGrath,Miembro de,Congregación de Santa Cruz
Marcos G. McGrath,Cargo,obispo auxiliar
Marcos G. McGrath,Fecha de nacimiento,1924-02-10
Marcos G. McGrath,Fecha de defunción,2000-08-04
Marcos G. McGrath,Ocupación,obispo católico
Marcos G. McGrath,Ocupación,diácono católico
Marcos G. McGrath,Educado en,Universidad Pontificia de Santo Tomás de Aquino
Marcos G. McGrath,Cargo,obispo titular
Marcos G. McGrath,Cargo,Arzobispo de Panamá
Marcos G. McGrath,Cargo,obispo de Santiago de Veraguas
Marta Matamoros,Lugar de nacimiento,Provincia de Panamá
Marta Matamoros,Ocupación,sindicalista
Marta Matamoros,Ciudadanía,Panamá
Marta Matamoros,Fecha de nacimiento,1909-02-17
Marta Matamoros,Fecha de defunción,2005-12-28
María Natividad Sánchez de Stapf,Lugar de nacimiento,Ciudad de Panamá
María Natividad Sánchez de Stapf,Ocupación,catedrático
María Natividad Sánchez de Stapf,Ciudadanía,Panamá
María Natividad Sánchez de Stapf,Educado en,Universidad Estatal de Feira de Santana
María Natividad Sánchez de Stapf,Empleador,Organización de las Naciones Unidas para la Alimentación y la Agricultura
María Natividad Sánchez de Stapf,Fecha de nacimiento,1970-01-01
María Natividad Sánchez de Stapf,Ocupación,botánico
María Natividad Sánchez de Stapf,Educado en,Universidad Católica Santa María La Antigua de Panamá
María Natividad Sánchez de Stapf,Educado en,Universidad de Panamá
María Natividad Sánchez de Stapf,Empleador,Instituto Smithsonian de Investigaciones Tropicales
María Natividad Sánchez de Stapf,Empleador,Universidad de Panamá
María de la Ossa de Amador,Lugar de nacimiento,Sahagún
María de la Ossa de Amador,Ocupación,primera dama
María de la Ossa de Amador,Ciudadanía,Panamá
María de la Ossa de Amador,Cargo,Primera dama de Panamá
María de la Ossa de Amador,Fecha de nacimiento,1855-03-02
María de la Ossa de Amador,Fecha de defunción,1948-07-05
Mateo Iturralde,Lugar de nacimiento,Ciudad de Panamá
Mateo Iturralde,Ocupación,abogado
Mateo Iturralde,Ciudadanía,Panamá
Mateo Iturralde,Fecha de nacimiento,1821-09-21
Mateo Iturralde,Fecha de defunción,1896-07-22
Mateo Iturralde,Ocupación,político
Matilde Real de González,Ocupación,escritor
Matilde Real de González,Ciudadanía,Panamá
Matilde Real de González,Educado en,Universidad Complutense de Madrid
Matilde Real de González,Fecha de nacimiento,1924-09-02
Matilde Real de González,Ocupación,poeta
Mayín Correa,Lugar de nacimiento,Macaracas
Mayín Correa,Ocupación,político
Mayín Correa,Ciudadanía,Panamá
Mayín Correa,Educado en,Universidad de Panamá
Mayín Correa,Fecha de nacimiento,1935-10-23
Mayín Correa,Ocupación,periodista
Melitón Martín Villalta,Lugar de nacimiento,Zaragoza
Melitón Martín Villalta,Ocupación,religioso
Melitón Martín Villalta,Ciudadanía,España
Melitón Martín Villalta,Fecha de nacimiento,1866-01-01
Melitón Martín Villalta,Fecha de defunción,1939-01-01
Melitón Martín Villalta,Ciudadanía,Panamá
Miguel Tello,Lugar de nacimiento,Ciudad de Panamá
Miguel Tello,Ocupación,futbolista
Miguel Tello,Ciudadanía,Panamá
Miguel Tello,Fecha de nacimiento,1971-01-01
Miguel Tello,Fecha de defunción,1990-03-11
Miguel Ángel Barcasnegras,Lugar de nacimiento,Panamá
Miguel Ángel Barcasnegras,Ocupación,compositor
Miguel Ángel Barcasnegras,Ciudadanía,Panamá
Miguel Ángel Barcasnegras,Fecha de nacimiento,1933-12-30
Miguel Ángel Barcasnegras,Fecha de defunción,2021-11-28
Miguel Ángel Barcasnegras,Ocupación,cantante
Miguel Ángel Barcasnegras,Ocupación,compositor de canciones
Mitchell Doens,Lugar de nacimiento,Ciudad de Colón
Mitchell Doens,Ocupación,político
Mitchell Doens,Ciudadanía,Panamá
Mitchell Doens,Fecha de nacimiento,1946-09-26
Mitchell Doens,Ocupación,economista
Moisés Giroldi Vera,Lugar de nacimiento,Ciudad de Panamá
Moisés Giroldi Vera,Ocupación,militar
Moisés Giroldi Vera,Ciudadanía,Panamá
Moisés Giroldi Vera,Fecha de nacimiento,1950-05-09
Moisés Giroldi Vera,Fecha de defunción,1989-10-04
Moisés Pinzón Martínez,Ocupación,escritor
Moisés Pinzón Martínez,Ciudadanía,Panamá
Moisés Pinzón Martínez,Fecha de nacimiento,1958-12-13
Moisés Pinzón Martínez,Ocupación,empresario
Moisés Pinzón Martínez,Ocupación,político
periodista,instancia de,profesión
periodista,instancia de,cargo
periodista,instancia de,ocupación
periodista,instancia de,grupo de ocupaciones de la CIUO
periodista,subclase de,autor
Premio María Moors Cabot,país,Estados Unidos
Premio María Moors Cabot,instancia de,premio de periodismo
Premio María Moors Cabot,nombrado en referencia a,Maria Moors Cabot
Premio María Moors Cabot,categoría principal del tema,Categoría:Premio Maria Moors Cabot
Premio María Moors Cabot,conferido por,Universidad de Columbia
Antón,país,Panamá
Antón,instancia de,Comunidad de Panamá
Antón,situado en la entidad territorial administrativa,Provincia de Coclé
Antón,se encuentra en el huso horario,UTC-05:00
Antón,capital de,Antón
sacerdote católico,instancia de,vocación católica
sacerdote católico,religión,catolicismo
sacerdote católico,religión,Iglesia católica
sacerdote católico,subclase de,sacerdote
sacerdote católico,subclase de,presbítero
Universidad de Notre Dame,país,Estados Unidos
Universidad de Notre Dame,instancia de,universidad católica
Universidad de Notre Dame,instancia de,universidad privada
Universidad de Notre Dame,instancia de,institución educativa privada sin fines de lucro
Universidad de Notre Dame,instancia de,editor de acceso abierto
Congregación de Santa Cruz,instancia de,congregación religiosa católica
Congregación de Santa Cruz,instancia de,organización religiosa
Congregación de Santa Cruz,instancia de,organización católica
Congregación de Santa Cruz,fundador,Basil Moreau
Congregación de Santa Cruz,ubicación de la sede,Roma
Provincia de Panamá,país,Panamá
Provincia de Panamá,instancia de,provincia de Panamá
Provincia de Panamá,capital,Ciudad de Panamá
Provincia de Panamá,comparte fronteras con,Provincia de Darién
Provincia de Panamá,comparte fronteras con,Provincia de Colón
sindicalista,instancia de,ocupación
sindicalista,subclase de,activista social
sindicalista,subclase de,activista político
sindicalista,ámbito de la ocupación,sindicalismo
catedrático,instancia de,título de autoridad
catedrático,instancia de,rango académico
catedrático,instancia de,tratamiento protocolario
catedrático,instancia de,ocupación
catedrático,sucedido por,profesor emérito
Universidad Estatal de Feira de Santana,categoría para las personas que estudiaron en esta institución,Categoría:Alumnado de la Universidad Estatal de Feira de Santana
Universidad Estatal de Feira de Santana,país,Brasil
Universidad Estatal de Feira de Santana,instancia de,editor de acceso abierto
Organización de las Naciones Unidas para la Alimentación y la Agricultura,país,Italia
Organización de las Naciones Unidas para la Alimentación y la Agricultura,instancia de,agencia de la ONU
Organización de las Naciones Unidas para la Alimentación y la Agricultura,ubicación de la sede,Roma
Sahagún,país,Colombia
Sahagún,instancia de,municipio de Colombia
Sahagún,situado en la entidad territorial administrativa,Córdoba
Sahagún,propietario de,Estadio Armando Tuirán Paternina
primera dama,instancia de,título honorífico
primera dama,instancia de,cargo
primera dama,subclase de,mujer
primera dama,subclase de,consorte
Primera dama de Panamá,país,Panamá
Primera dama de Panamá,instancia de,cargo
Primera dama de Panamá,subclase de,primera dama
Primera dama de Panamá,categoría principal del tema,Categoría:Primeras damas de Panamá
Primera dama de Panamá,aplica a la jurisdicción,Panamá
Universidad Complutense de Madrid,país,España
Universidad Complutense de Madrid,instancia de,universidad pública
Universidad Complutense de Madrid,situado en la entidad territorial administrativa,Madrid
Universidad Complutense de Madrid,ubicación de la sede,Rectorado de la UCM
Universidad Complutense de Madrid,filial,Centro Universitario Villanueva
Macaracas,país,Panamá
Macaracas,instancia de,Comunidad de Panamá
Macaracas,situado en la entidad territorial administrativa,Macaracas
Macaracas,se encuentra en el huso horario,UTC-05:00
Zaragoza,jefe de gobierno,Jorge Azcón Navarro
Zaragoza,país,España
Zaragoza,continente,Europa
Zaragoza,instancia de,municipio de España
Zaragoza,capital,Ciudad de Zaragoza
religioso,instancia de,ocupación
religioso,subclase de,religioso
religioso,subclase de,creyente
religioso,ámbito de la ocupación,religión
religioso,categoría principal del tema,Categoría:Trabajadores religiosos
economista,instancia de,profesión
economista,instancia de,grupo de ocupaciones de la CIUO
economista,subclase de,científico social
economista,subclase de,profesionales sociales y religiosos
economista,ámbito de la ocupación,economía
empresario,instancia de,profesión
empresario,instancia de,persona jurídica
empresario,instancia de,ocupación
empresario,instancia de,concepto económico
Apache Ness,Ocupación,artista
Apache Ness,Ciudadanía,Panamá
Apache Ness,Fecha de nacimiento,1971-06-08
Aquilino Boyd,Lugar de nacimiento,Panamá
Aquilino Boyd,Ocupación,abogado
Aquilino Boyd,Ciudadanía,Panamá
Aquilino Boyd,Educado en,College of the Holy Cross
Aquilino Boyd,Cargo,parlamentario
Aquilino Boyd,Fecha de nacimiento,1921-03-30
Aquilino Boyd,Fecha de defunción,2004-09-04
Aquilino Boyd,Ocupación,político
Aquilino Boyd,Ocupación,diplomático
Aquilino Boyd,Cargo,ambassador of Panama to the United States
Aramis Haywood,Lugar de nacimiento,Ciudad de Panamá
Aramis Haywood,Ocupación,futbolista
Aramis Haywood,Ciudadanía,Panamá
Aramis Haywood,Fecha de nacimiento,1985-04-03
Armando Dely Valdés,Lugar de nacimiento,Ciudad de Colón
Armando Dely Valdés,Ocupación,futbolista
Armando Dely Valdés,Ciudadanía,Panamá
Armando Dely Valdés,Fecha de nacimiento,1964-01-04
Armando Dely Valdés,Fecha de defunción,2004-08-17
Armando Polo,Lugar de nacimiento,Ciudad de Panamá
Armando Polo,Ocupación,futbolista
Armando Polo,Ciudadanía,Panamá
Armando Polo,Fecha de nacimiento,1990-04-02
Arquimedes Nieto,Lugar de nacimiento,Ciudad de Panamá
Arquimedes Nieto,Ocupación,beisbolista
Arquimedes Nieto,Ciudadanía,Panamá
Arquimedes Nieto,Fecha de nacimiento,1989-04-28
Arturo Tejada,Lugar de nacimiento,Panamá
Arturo Tejada,Ocupación,futbolista
Arturo Tejada,Ciudadanía,Panamá
Arturo Tejada,Fecha de nacimiento,1988-10-31
Arturo Vallarino,Lugar de nacimiento,Ciudad de Panamá
Arturo Vallarino,Ocupación,abogado
Arturo Vallarino,Ciudadanía,Panamá
Arturo Vallarino,Fecha de nacimiento,1943-12-15
Arturo Vallarino,Ocupación,político
Arturo Worrell,Lugar de nacimiento,Panamá
Arturo Worrell,Ocupación,karateca
Arturo Worrell,Ciudadanía,Panamá
Arturo Worrell,Fecha de nacimiento,1950-08-04
Audes de León,Ocupación,beisbolista
Audes de León,Ciudadanía,Panamá
Audes de León,Fecha de nacimiento,1979-06-26
Augusto Aurelio Fábrega Donado,Lugar de nacimiento,Aguadulce
Augusto Aurelio Fábrega Donado,Ocupación,diplomático
Augusto Aurelio Fábrega Donado,Ciudadanía,Panamá
Augusto Aurelio Fábrega Donado,Educado en,Universidad Rusa de la Amistad de los Pueblos
Augusto Aurelio Fábrega Donado,Premio recibido,Medalla Pushkin
Augusto Aurelio Fábrega Donado,Fecha de nacimiento,1940-09-10
Avelino Asprilla,Lugar de nacimiento,Ciudad de Panamá
Avelino Asprilla,Ocupación,beisbolista
Avelino Asprilla,Ciudadanía,Panamá
Avelino Asprilla,Fecha de nacimiento,1981-01-01
Barbra Higgins,Lugar de nacimiento,Ciudad de Panamá
Barbra Higgins,Ocupación,esgrimista
Barbra Higgins,Ciudadanía,Panamá
Barbra Higgins,Fecha de nacimiento,1957-01-01
Ben Oglivie,Lugar de nacimiento,Ciudad de Colón
Ben Oglivie,Ocupación,beisbolista
Ben Oglivie,Ciudadanía,Panamá
Ben Oglivie,Educado en,Theodore Roosevelt High School
Ben Oglivie,Fecha de nacimiento,1949-02-11
Bernardino González Ruiz,Lugar de nacimiento,Las Tablas
Bernardino González Ruiz,Ocupación,médico
Bernardino González Ruiz,Ciudadanía,Panamá
Bernardino González Ruiz,Fecha de nacimiento,1911-01-11
Bernardino González Ruiz,Fecha de defunción,2012-03-15
Bernardino González Ruiz,Ocupación,diplomático
Bienvenido Cedeño,Lugar de nacimiento,Bocas del Toro
Bienvenido Cedeño,Ocupación,beisbolista
Bienvenido Cedeño,Ciudadanía,Panamá
Bienvenido Cedeño,Fecha de nacimiento,1969-01-01
Bill Haywood,Lugar de nacimiento,Ciudad de Colón
Bill Haywood,Ocupación,beisbolista
Bill Haywood,Ciudadanía,Estados Unidos
Bill Haywood,Educado en,Universidad de Carolina del Norte en Chapel Hill
Bill Haywood,Fecha de nacimiento,1937-04-21
Bill Haywood,Ciudadanía,Panamá
Braulio Baeza,Lugar de nacimiento,Panama City
Braulio Baeza,Ocupación,jockey
Braulio Baeza,Ciudadanía,Panamá
Braulio Baeza,Premio recibido,Eclipse Award for Outstanding Jockey
Braulio Baeza,Fecha de nacimiento,1940-03-26
Braulio Baeza,Premio recibido,George Woolf Memorial Jockey Award
Braulio Baeza,Premio recibido,Champion Jockey
Brunet Francisco Hay,Lugar de nacimiento,Ciudad de Panamá
Brunet Francisco Hay,Ocupación,futbolista
Brunet Francisco Hay,Ciudadanía,Panamá
Brunet Francisco Hay,Fecha de nacimiento,1984-09-07
Calito Soul,Lugar de nacimiento,Ciudad de Panamá
Calito Soul,Ocupación,artista
Calito Soul,Ciudadanía,Panamá
Calito Soul,Fecha de nacimiento,1963-10-29
artista,instancia de,ocupación
artista,instancia de,profesión artística
artista,subclase de,creador
artista,santo patrón,Fra Angelico
College of the Holy Cross,país,Estados Unidos
College of the Holy Cross,continente,América del Norte
College of the Holy Cross,instancia de,universidad
College of the Holy Cross,instancia de,universidad de artes liberales
College of the Holy Cross,instancia de,institución educativa privada sin fines de lucro
parlamentario,instancia de,cargo
parlamentario,subclase de,legislador
parlamentario,subclase de,afiliado
parlamentario,subclase de,persona elegida
parlamentario,forma parte de,parlamento
beisbolista,instancia de,profesión
beisbolista,subclase de,deportista
beisbolista,subclase de,jugador competitivo
beisbolista,ámbito de la ocupación,béisbol
karateca,instancia de,profesión
karateca,instancia de,ocupación
karateca,subclase de,artista marcial
karateca,ámbito de la ocupación,karate
karateca,categoría principal del tema,Categoría:Karatecas
Aguadulce,país,Panamá
Aguadulce,instancia de,Comunidad de Panamá
Aguadulce,situado en la entidad territorial administrativa,Aguadulce
Aguadulce,se encuentra en el huso horario,UTC-05:00
diplomático,instancia de,profesión
diplomático,instancia de,título corporativo
diplomático,subclase de,estadista
diplomático,subclase de,alto cargo
diplomático,ámbito de la ocupación,diplomacia
Universidad Rusa de la Amistad de los Pueblos,categoría para las personas que estudiaron en esta institución,Categoría:Alumnado de la Universidad Rusa de la Amistad de los Pueblos
Universidad Rusa de la Amistad de los Pueblos,país,Rusia
Universidad Rusa de la Amistad de los Pueblos,instancia de,universidad
Medalla Pushkin,país,Rusia
Medalla Pushkin,instancia de,medalla
Medalla Pushkin,instancia de,distinción
Medalla Pushkin,nombrado en referencia a,Aleksandr Pushkin
Medalla Pushkin,categoría para los galardonados con este premio,Categoría:Ganadores de la Medalla Pushkin
esgrimista,instancia de,ocupación
esgrimista,subclase de,deportista
esgrimista,ámbito de la ocupación,esgrima
esgrimista,categoría principal del tema,Categoría:Esgrimidores
médico,lista de interés para el proyecto Wikimedia,Wikipedia:Lista de artículos que toda Wikipedia debería tener/Expandida
médico,instancia de,profesión sanitaria
médico,instancia de,cargo
médico,instancia de,ocupación
Bocas del Toro,diferente de,Bocas del Toro
Bocas del Toro,país,Panamá
Bocas del Toro,instancia de,ciudad
Bocas del Toro,instancia de,Comunidad de Panamá
Estados Unidos,forma de gobierno,república
Estados Unidos,forma de gobierno,presidencialismo
Estados Unidos,forma de gobierno,república federal
Estados Unidos,nombrado en referencia a,América
Estados Unidos,subdividido en (división administrativa),California
Universidad de Carolina del Norte en Chapel Hill,país,Estados Unidos
Universidad de Carolina del Norte en Chapel Hill,instancia de,institución educativa pública de los Estados Unidos
Universidad de Carolina del Norte en Chapel Hill,instancia de,universidad pública de investigación
Universidad de Carolina del Norte en Chapel Hill,fundador,William Richardson Davie
Universidad de Carolina del Norte en Chapel Hill,situado en la entidad territorial administrativa,Chapel Hill
Panama City,país,Estados Unidos
Panama City,instancia de,sede de condado
Panama City,instancia de,ciudad de Estados Unidos
Panama City,comparte fronteras con,Lynn Haven
jockey,instancia de,profesión
jockey,subclase de,Steeplechase (caballos)
jockey,subclase de,jinete hípico
jockey,ámbito de la ocupación,turf
Carlos Afu,Lugar de nacimiento,Las Tablas
Carlos Afu,Ocupación,político
Carlos Afu,Ciudadanía,Panamá
Carlos Afu,Fecha de nacimiento,1949-05-25
Carlos Afu,Ocupación,comerciante
Carlos Duque,Lugar de nacimiento,Ciudad de Panamá
Carlos Duque,Ocupación,actor
Carlos Duque,Ciudadanía,Panamá
Carlos Duque,Fecha de nacimiento,1930-03-12
Carlos Duque,Fecha de defunción,2014-10-31
Carlos Melo,Lugar de nacimiento,Ciudad de Panamá
Carlos Melo,Ocupación,boxeador
Carlos Melo,Ciudadanía,Panamá
Carlos Melo,Fecha de nacimiento,1982-09-22
Carlos Muñoz,Ocupación,beisbolista
Carlos Muñoz,Ciudadanía,Panamá
Carlos Muñoz,Fecha de nacimiento,1979-10-16
Carlos Muñoz,Fecha de nacimiento,1979-10-19
Carlota Lozano,Lugar de nacimiento,Provincia de Colón
Carlota Lozano,Ocupación,entrenador personal
Carlota Lozano,Ciudadanía,Panamá
Carlota Lozano,Fecha de nacimiento,1945-09-07
Carolina Demetiev,Lugar de nacimiento,Ciudad de Panamá
Carolina Demetiev,Ocupación,participante en concursos de belleza
Carolina Demetiev,Ciudadanía,Panamá
Carolina Demetiev,Fecha de nacimiento,1989-02-01
Marta McGonagle,Ocupación,actor
Marta McGonagle,Ciudadanía,Panamá
Marta McGonagle,Fecha de nacimiento,1980-07-14
Marta McGonagle,Ocupación,director de cine
Chick Parsons,Lugar de nacimiento,Shelbyville
Chick Parsons,Ocupación,oficial militar
Chick Parsons,Ciudadanía,Estados Unidos
Chick Parsons,Premio recibido,Cruz de la Armada
Chick Parsons,Fecha de nacimiento,1902-04-01
Chick Parsons,Fecha de defunción,1988-03-01
Chick Parsons,Ocupación,diplomático
Chick Parsons,Premio recibido,Estrella de Bronce
Chick Parsons,Ciudadanía,Panamá
Chico Salmón,Lugar de nacimiento,Ciudad de Colón
Chico Salmón,Ocupación,beisbolista
Chico Salmón,Ciudadanía,Panamá
Chico Salmón,Fecha de nacimiento,1940-12-03
Chico Salmón,Fecha de defunción,2000-09-17
Christian Bethancourt,Lugar de nacimiento,Ciudad de Panamá
Christian Bethancourt,Ocupación,beisbolista
Christian Bethancourt,Ciudadanía,Panamá
Christian Bethancourt,Fecha de nacimiento,1991-09-02
Christie Bodden,Lugar de nacimiento,Ciudad de Panamá
Christie Bodden,Ocupación,nadador
Christie Bodden,Ciudadanía,Panamá
Christie Bodden,Fecha de nacimiento,1990-03-03
Clinton Kelly,Lugar de nacimiento,Ciudad de Panamá
Clinton Kelly,Ocupación,periodista
Clinton Kelly,Ciudadanía,Estados Unidos
Clinton Kelly,Educado en,Boston College
Clinton Kelly,Fecha de nacimiento,1969-02-22
Clinton Kelly,Ocupación,estilista de moda
Clinton Kelly,Ocupación,diseñador de moda
Clinton Kelly,Ciudadanía,Panamá
Clinton Kelly,Educado en,Universidad del Noroeste
Clinton Kelly,Educado en,Medill School of Journalism
Clive Trotman,Lugar de nacimiento,Ciudad de Colón
Clive Trotman,Ocupación,futbolista
Clive Trotman,Ciudadanía,Panamá
Clive Trotman,Fecha de nacimiento,1983-04-29
Cornelio Velásquez,Lugar de nacimiento,Ciudad de Panamá
Cornelio Velásquez,Ocupación,jockey
Cornelio Velásquez,Ciudadanía,Estados Unidos
Cornelio Velásquez,Fecha de nacimiento,1968-09-28
Cornelio Velásquez,Ciudadanía,Panamá
César Quintero,Lugar de nacimiento,Chitré
César Quintero,Ocupación,beisbolista
César Quintero,Ciudadanía,Panamá
César Quintero,Fecha de nacimiento,1982-11-16
Dalys la Caribeña,Lugar de nacimiento,Panamá
Dalys la Caribeña,Ocupación,luchador profesional
Dalys la Caribeña,Ciudadanía,Panamá
Dalys la Caribeña,Fecha de nacimiento,1975-02-20
Daniel Delgado,Ocupación,político
Daniel Delgado,Ciudadanía,Panamá
Daniel Delgado,Educado en,Colegio Interamericano de Defensa
Daniel Delgado,Fecha de defunción,2021-07-30
Dave Roberts,Lugar de nacimiento,Ciudad de Panamá
Dave Roberts,Ocupación,beisbolista
Dave Roberts,Ciudadanía,Panamá
Dave Roberts,Fecha de nacimiento,1933-06-30
Dave Roberts,Fecha de defunción,2021-10-03
Davis Peralta,Lugar de nacimiento,El Chorrillo
Davis Peralta,Ocupación,baloncestista
Davis Peralta,Ciudadanía,Panamá
Davis Peralta,Fecha de nacimiento,1948-06-14
Davis Peralta,Fecha de nacimiento,1948-06-15
Demitrius Omphroy,Lugar de nacimiento,Alameda
Demitrius Omphroy,Ocupación,futbolista
Demitrius Omphroy,Ciudadanía,Estados Unidos
Demitrius Omphroy,Educado en,Universidad de California en Berkeley
Demitrius Omphroy,Fecha de nacimiento,1989-05-30
Demitrius Omphroy,Ciudadanía,Panamá
Demitrius Omphroy,Ciudadanía,Filipinas
comerciante,instancia de,profesión
comerciante,instancia de,clase social
comerciante,subclase de,empresario
comerciante,subclase de,agente económico
comerciante,subclase de,distribuidor
actor,subclase de,actor
actor,ámbito de la ocupación,actuación
actor,se dice que es lo mismo que,actor
actor,opuesto a,actriz
Provincia de Colón,país,Panamá
Provincia de Colón,instancia de,provincia de Panamá
Provincia de Colón,capital,Ciudad de Colón
Provincia de Colón,comparte fronteras con,Provincia de Panamá
Provincia de Colón,comparte fronteras con,Provincia de Veraguas
entrenador personal,instancia de,profesión
entrenador personal,instancia de,ocupación
entrenador personal,subclase de,entrenador
entrenador personal,subclase de,entrenador personal
participante en concursos de belleza,instancia de,ocupación
participante en concursos de belleza,subclase de,animador
participante en concursos de belleza,subclase de,modelo
participante en concursos de belleza,subclase de,concursante
participante en concursos de belleza,ámbito de la ocupación,concurso de belleza
director de cine,instancia de,profesión
director de cine,instancia de,profesión del cine
director de cine,subclase de,artista visual
director de cine,subclase de,profesional del cine
director de cine,subclase de,realizador
Shelbyville,país,Estados Unidos
Shelbyville,instancia de,ciudad de Estados Unidos
Shelbyville,situado en la entidad territorial administrativa,condado de Bedford
Shelbyville,se encuentra en el huso horario,Hora estándar del centro
oficial militar,instancia de,rango militar
oficial militar,instancia de,profesión militar
oficial militar,subclase de,militar
oficial militar,subclase de,oficial
oficial militar,opuesto a,personal militar alistado
Cruz de la Armada,país,Estados Unidos
Cruz de la Armada,instancia de,cruz
Cruz de la Armada,instancia de,distinción a la valentía
Cruz de la Armada,categoría para los galardonados con este premio,Categoría:Ganadores de la Cruz del la Armada
Boston College,país,Estados Unidos
Boston College,instancia de,universidad
Boston College,instancia de,college
Boston College,instancia de,institución educativa privada sin fines de lucro
Boston College,instancia de,editor de acceso abierto
Chitré,país,Panamá
Chitré,instancia de,ciudad
Chitré,instancia de,Comunidad de Panamá
Chitré,situado en la entidad territorial administrativa,Provincia de Herrera
Chitré,categoría principal del tema,Categoría:Chitré
luchador profesional,instancia de,profesión
luchador profesional,subclase de,luchador
luchador profesional,subclase de,atleta profesional
luchador profesional,ámbito de la ocupación,lucha libre profesional
luchador profesional,ámbito de la ocupación,puroresu
Colegio Interamericano de Defensa,país,Estados Unidos
Colegio Interamericano de Defensa,instancia de,college
Colegio Interamericano de Defensa,instancia de,academia militar
Colegio Interamericano de Defensa,situado en la entidad territorial administrativa,Washington D. C.
El Chorrillo,país,Panamá
El Chorrillo,instancia de,Comunidad de Panamá
El Chorrillo,situado en la entidad territorial administrativa,Provincia de Panamá
baloncestista,instancia de,profesión
baloncestista,subclase de,deportista
baloncestista,subclase de,jugador competitivo
baloncestista,forma parte de,club de baloncesto
baloncestista,ámbito de la ocupación,baloncesto
Alameda,país,Estados Unidos
Alameda,instancia de,ciudad de Estados Unidos
Alameda,instancia de,ciudad chárter
Alameda,comparte fronteras con,San Francisco
Alameda,comparte fronteras con,Oakland
Universidad de California en Berkeley,filial,Computer Systems Research Group
Universidad de California en Berkeley,filial,Escuela de Negocios Haas
Carlos Ruiz,Lugar de nacimiento,David
Carlos Ruiz,Ocupación,beisbolista
Carlos Ruiz,Ciudadanía,Panamá
Carlos Ruiz,Fecha de nacimiento,1979-01-22
Guillermo Endara Galimany,Lugar de nacimiento,Ciudad de Panamá
Guillermo Endara Galimany,Ocupación,abogado
Guillermo Endara Galimany,Ciudadanía,Panamá
Guillermo Endara Galimany,Educado en,Universidad de Nueva York
Guillermo Endara Galimany,Cargo,Presidente de Panamá
Guillermo Endara Galimany,Fecha de nacimiento,1936-05-12
Guillermo Endara Galimany,Fecha de defunción,2009-09-28
Guillermo Endara Galimany,Ocupación,político
Guillermo Endara Galimany,Educado en,Black-Foxe Military Institute
Guillermo Endara Galimany,Educado en,Universidad de Panamá
José Luis Rodríguez Pittí,Lugar de nacimiento,Ciudad de Panamá
José Luis Rodríguez Pittí,Ocupación,guionista
José Luis Rodríguez Pittí,Ciudadanía,Panamá
José Luis Rodríguez Pittí,Fecha de nacimiento,1971-03-29
José Luis Rodríguez Pittí,Ocupación,fotógrafo
José Luis Rodríguez Pittí,Ocupación,escritor
José Luis Rodríguez Pittí,Ocupación,poeta
José Luis Rodríguez Pittí,Ocupación,ingeniero
José Luis Rodríguez Pittí,Ocupación,productor de televisión
José Luis Rodríguez Pittí,Ocupación,pintor
Francisco A. Rodríguez,Lugar de nacimiento,Provincia de Herrera
Francisco A. Rodríguez,Ocupación,político
Francisco A. Rodríguez,Ciudadanía,Panamá
Francisco A. Rodríguez,Fecha de nacimiento,1938-11-24
Rubén Blades,Lugar de nacimiento,Ciudad de Panamá
Rubén Blades,Ocupación,actor
Rubén Blades,Ciudadanía,Panamá
Rubén Blades,Educado en,Escuela de Derecho Harvard
Rubén Blades,Miembro de,Academia Estadounidense de las Artes y las Ciencias
Rubén Blades,Premio recibido,Medalla de Oro al Mérito en las Bellas Artes
Rubén Blades,Fecha de nacimiento,1948-07-16
Rubén Blades,Ocupación,abogado
Rubén Blades,Ocupación,político
Rubén Blades,Ocupación,ministro
Rubén Blades,Ocupación,cantautor
Rubén Blades,Ocupación,músico
Rubén Blades,Premio recibido,premio Grammy al mejor álbum latino tropical
Rubén Blades,Premio recibido,International Latin Music Hall of Fame
Rubén Blades,Premio recibido,Premio Grammy Latino al álbum del año
Rubén Blades,Premio recibido,Premio Grammy latino por mejor álbum cantautor
Rubén Blades,Premio recibido,Premio Grammy latino por mejor canción tropical
Rubén Blades,Premio recibido,Persona del Año de La Academia Latina de la Grabación
Rubén Blades,Premio recibido,Premio Grammy latino por mejor álbum de salsa
Rubén Blades,Premio recibido,Salón de Fama del Grammy Latino
Rubén Blades,Miembro de,Willie Colón & Rubén Blades
Manny Acosta,Lugar de nacimiento,Ciudad de Colón
Manny Acosta,Ocupación,beisbolista
Manny Acosta,Ciudadanía,Panamá
Manny Acosta,Fecha de nacimiento,1981-05-01
Carolena Carstens,Lugar de nacimiento,Winfield
Carolena Carstens,Ocupación,taekwondista
Carolena Carstens,Ciudadanía,Panamá
Carolena Carstens,Fecha de nacimiento,1996-01-18
Carlos Antonio Mendoza,Lugar de nacimiento,Ciudad de Panamá
Carlos Antonio Mendoza,Ocupación,abogado
Carlos Antonio Mendoza,Ciudadanía,Panamá
Carlos Antonio Mendoza,Educado en,Universidad Nacional de Colombia
Carlos Antonio Mendoza,Fecha de nacimiento,1856-10-31
Carlos Antonio Mendoza,Fecha de defunción,1916-02-13
Carlos Antonio Mendoza,Ocupación,político
Carlos Antonio Mendoza,Educado en,Universidad del Rosario
Guillermo Ford,Lugar de nacimiento,Ciudad de Panamá
Guillermo Ford,Ocupación,político
Guillermo Ford,Ciudadanía,Panamá
Guillermo Ford,Fecha de nacimiento,1936-11-11
Guillermo Ford,Fecha de defunción,2011-03-19
Lorenzo Charles,Lugar de nacimiento,Brooklyn
Lorenzo Charles,Ocupación,baloncestista
Lorenzo Charles,Ciudadanía,Estados Unidos
Lorenzo Charles,Educado en,Universidad Estatal de Carolina del Norte
Lorenzo Charles,Fecha de nacimiento,1963-11-25
Lorenzo Charles,Fecha de defunción,2011-06-27
Lorenzo Charles,Ciudadanía,Panamá
Lorenzo Charles,Educado en,Escuela secundaria técnica de Brooklyn
Maricely González,Lugar de nacimiento,Ciudad de Panamá
Maricely González,Ocupación,modelo
Maricely González,Ciudadanía,Panamá
Maricely González,Fecha de nacimiento,1988-02-28
Maricely González,Ocupación,participante en concursos de belleza
Jose Domingo Ulloa Mendieta,Lugar de nacimiento,Chitré
Jose Domingo Ulloa Mendieta,Ocupación,sacerdote católico
Jose Domingo Ulloa Mendieta,Ciudadanía,Panamá
Jose Domingo Ulloa Mendieta,Educado en,Universidad Pontificia de Salamanca
Jose Domingo Ulloa Mendieta,Cargo,obispo auxiliar
Jose Domingo Ulloa Mendieta,Fecha de nacimiento,1956-12-24
Jose Domingo Ulloa Mendieta,Ocupación,fraile
Jose Domingo Ulloa Mendieta,Ocupación,obispo católico
Jose Domingo Ulloa Mendieta,Cargo,obispo titular
Jose Domingo Ulloa Mendieta,Cargo,Arzobispo de Panamá
Julio César Dely Valdés,Lugar de nacimiento,Ciudad de Colón
Julio César Dely Valdés,Ocupación,entrenador
Julio César Dely Valdés,Ciudadanía,Panamá
Julio César Dely Valdés,Premio recibido,Orden de Vasco Núñez de Balboa
Julio César Dely Valdés,Fecha de nacimiento,1967-03-12
Julio César Dely Valdés,Ocupación,futbolista
Manuel Amador Guerrero,Lugar de nacimiento,Turbaco
Manuel Amador Guerrero,Ocupación,político
Manuel Amador Guerrero,Ciudadanía,Panamá
Manuel Amador Guerrero,Fecha de nacimiento,1833-06-30
Manuel Amador Guerrero,Fecha de defunción,1909-05-02
José Calderón,Lugar de nacimiento,Ciudad de Panamá
José Calderón,Ocupación,futbolista
José Calderón,Ciudadanía,Panamá
José Calderón,Fecha de nacimiento,1985-08-14
Jaime Murrell,Lugar de nacimiento,Ciudad de Panamá
Jaime Murrell,Ocupación,compositor
Jaime Murrell,Ciudadanía,Panamá
Jaime Murrell,Fecha de nacimiento,1949-10-31
Jaime Murrell,Fecha de defunción,2021-02-04
Jaime Murrell,Ocupación,cantante
Arnulfo Arias Madrid,Lugar de nacimiento,Penonomé
Arnulfo Arias Madrid,Ocupación,médico
Arnulfo Arias Madrid,Ciudadanía,Panamá
Arnulfo Arias Madrid,Educado en,Escuela de Medicina Harvard
Arnulfo Arias Madrid,Cargo,Presidente de Panamá
Arnulfo Arias Madrid,Fecha de nacimiento,1901-08-15
Arnulfo Arias Madrid,Fecha de defunción,1988-08-10
Arnulfo Arias Madrid,Ocupación,político
Arnulfo Arias Madrid,Educado en,Universidad de Chicago
Arnulfo Arias Madrid,Cargo,ambassador of Panama to the United Kingdom
DJ Black,Ocupación,productor discográfico
DJ Black,Ciudadanía,Panamá
DJ Black,Fecha de nacimiento,1972-07-02
DJ Black,Ocupación,compositor de canciones
Dámaso Espino,Lugar de nacimiento,Provincia de Los Santos
Dámaso Espino,Ocupación,beisbolista
Dámaso Espino,Ciudadanía,Panamá
Dámaso Espino,Fecha de nacimiento,1983-05-08
Roberto Kelly,Lugar de nacimiento,Ciudad de Panamá
Roberto Kelly,Ocupación,beisbolista
Roberto Kelly,Ciudadanía,Panamá
Roberto Kelly,Fecha de nacimiento,1964-10-01
Universidad de Nueva York,país,Estados Unidos
Universidad de Nueva York,instancia de,escuela
Universidad de Nueva York,instancia de,lugar de trabajo
Universidad de Nueva York,instancia de,universidad privada
Universidad de Nueva York,instancia de,universidad de investigación
Presidente de Panamá,país,Panamá
Presidente de Panamá,instancia de,cargo elegido
Presidente de Panamá,residencia oficial,Palacio de Las Garzas
Presidente de Panamá,subclase de,presidente
Presidente de Panamá,subclase de,jefe del Gobierno
guionista,instancia de,profesión del cine
guionista,género,guion
guionista,subclase de,escritor
guionista,ámbito de la ocupación,escritura de guiones
guionista,categoría principal del tema,Categoría:Guionistas
fotógrafo,instancia de,ocupación
fotógrafo,instancia de,agente
fotógrafo,subclase de,artista visual
fotógrafo,santo patrón,Verónica
Provincia de Herrera,país,Panamá
Provincia de Herrera,instancia de,provincia de Panamá
Escuela de Derecho Harvard,país,Estados Unidos
Escuela de Derecho Harvard,instancia de,facultad de derecho
Escuela de Derecho Harvard,instancia de,editorial
Escuela de Derecho Harvard,instancia de,escuela de postgrado
Escuela de Derecho Harvard,situado en la entidad territorial administrativa,Cambridge
Academia Estadounidense de las Artes y las Ciencias,país,Estados Unidos
Academia Estadounidense de las Artes y las Ciencias,instancia de,organización sin fines de lucro
Academia Estadounidense de las Artes y las Ciencias,instancia de,sociedad erudita
Academia Estadounidense de las Artes y las Ciencias,instancia de,editorial académica
Academia Estadounidense de las Artes y las Ciencias,campo de trabajo,política pública
Winfield,país,Estados Unidos
Winfield,instancia de,villa de Illinois
Winfield,situado en la entidad territorial administrativa,Illinois
Winfield,situado en la entidad territorial administrativa,Condado de DuPage
Winfield,situado en la entidad territorial administrativa,Municipio de Milton
taekwondista,instancia de,profesión
taekwondista,instancia de,ocupación
taekwondista,subclase de,deportista
taekwondista,ámbito de la ocupación,taekwondo
taekwondista,ámbito de la ocupación,taekwondo adaptado
Universidad Nacional de Colombia,país,Colombia
Universidad Nacional de Colombia,instancia de,universidad pública
Universidad Nacional de Colombia,instancia de,editor de acceso abierto
Universidad Nacional de Colombia,situado en la entidad territorial administrativa,Bogotá
Universidad Nacional de Colombia,organización matriz,Universidad Nacional de Colombia
Brooklyn,jefe de gobierno,Antonio Reynoso
Brooklyn,país,Estados Unidos
Brooklyn,instancia de,Distritos de la ciudad de Nueva York
Brooklyn,comparte fronteras con,Manhattan
Universidad Estatal de Carolina del Norte,país,Estados Unidos
Universidad Estatal de Carolina del Norte,instancia de,Universidad de concesión de tierras
Universidad Estatal de Carolina del Norte,instancia de,institución educativa pública de los Estados Unidos
Universidad Estatal de Carolina del Norte,instancia de,editor de acceso abierto
Universidad Estatal de Carolina del Norte,instancia de,universidad pública de investigación
modelo,instancia de,profesión
modelo,subclase de,profesional de la moda
modelo,ámbito de la ocupación,modelaje
modelo,categoría principal del tema,Categoría:Modelos
Universidad Pontificia de Salamanca,país,España
Universidad Pontificia de Salamanca,instancia de,universidad privada
Universidad Pontificia de Salamanca,instancia de,universidad pontificia
Universidad Pontificia de Salamanca,instancia de,editor de acceso abierto
Universidad Pontificia de Salamanca,situado en la entidad territorial administrativa,Salamanca
obispo auxiliar,instancia de,función episcopal
obispo auxiliar,instancia de,vocación católica
obispo auxiliar,religión,catolicismo
obispo auxiliar,subclase de,obispo
obispo auxiliar,subclase de,obispo católico
entrenador,instancia de,profesión
entrenador,instancia de,ocupación
entrenador,ámbito de la ocupación,fútbol
entrenador,deporte,fútbol
Orden de Vasco Núñez de Balboa,país,Panamá
Orden de Vasco Núñez de Balboa,instancia de,orden
Orden de Vasco Núñez de Balboa,nombrado en referencia a,Vasco Núñez de Balboa
Orden de Vasco Núñez de Balboa,categoría para los galardonados con este premio,Categoría:Ganadores de la Orden de Vasco Núñez de Balboa
Orden de Vasco Núñez de Balboa,rango inmediatamente superior,Orden de Manuel Amador Guerrero
Turbaco,país,Colombia
Turbaco,continente,América del Sur
Turbaco,instancia de,municipio de Colombia
Turbaco,situado en la entidad territorial administrativa,Bolívar
Turbaco,se encuentra en el huso horario,UTC-05:00
Escuela de Medicina Harvard,país,Estados Unidos
Escuela de Medicina Harvard,instancia de,escuela de medicina
Escuela de Medicina Harvard,situado en la entidad territorial administrativa,Boston
Escuela de Medicina Harvard,ubicación,Boston
Escuela de Medicina Harvard,forma parte de,Universidad Harvard
productor discográfico,instancia de,profesión musical
productor discográfico,subclase de,músico
productor discográfico,subclase de,productor
compositor de canciones,instancia de,profesión musical
compositor de canciones,subclase de,compositor
compositor de canciones,subclase de,autor
compositor de canciones,ámbito de la ocupación,composición de canciones
compositor de canciones,se dice que es lo mismo que,letrista
Provincia de Los Santos,país,Panamá
Provincia de Los Santos,instancia de,provincia de Panamá
Eric Vásquez,Lugar de nacimiento,Ciudad de Panamá
Eric Vásquez,Ocupación,futbolista
Eric Vásquez,Ciudadanía,Panamá
Eric Vásquez,Fecha de nacimiento,1988-01-08
Eric Vásquez,Fecha de nacimiento,1988-02-08
Ascanio Arosemena,Lugar de nacimiento,Ciudad de Panamá
Ascanio Arosemena,Ciudadanía,Panamá
Ascanio Arosemena,Fecha de nacimiento,1943-12-22
Ascanio Arosemena,Fecha de defunción,1964-01-09
Ernesto Marcel,Lugar de nacimiento,Ciudad de Colón
Ernesto Marcel,Ocupación,boxeador
Ernesto Marcel,Ciudadanía,Panamá
Ernesto Marcel,Fecha de nacimiento,1948-05-23
Ernesto Marcel,Fecha de defunción,2020-06-29
Ernesto Sinclair,Lugar de nacimiento,Ciudad de Panamá
Ernesto Sinclair,Ocupación,futbolista
Ernesto Sinclair,Ciudadanía,Panamá
Ernesto Sinclair,Fecha de nacimiento,1989-03-10
Ernesto Sinclair,Fecha de nacimiento,1989-05-10
Manuel Mosquera,Lugar de nacimiento,Ciudad de Panamá
Manuel Mosquera,Ocupación,futbolista
Manuel Mosquera,Ciudadanía,Panamá
Manuel Mosquera,Fecha de nacimiento,1984-10-14
Escolastico Calvo,Ocupación,periodista
Escolastico Calvo,Ciudadanía,Panamá
Rubén Arosemena,Ocupación,político
Rubén Arosemena,Ciudadanía,Panamá
Rubén Arosemena,Cargo,Speaker of the National Assembly of Panama
Rubén Arosemena,Fecha de nacimiento,1961-04-11
Fernando Eleta Almarán,Lugar de nacimiento,Ciudad de Panamá
Fernando Eleta Almarán,Ocupación,empresario
Fernando Eleta Almarán,Ciudadanía,Panamá
Fernando Eleta Almarán,Premio recibido,Gran Cruz de la Orden de Isabel la Católica
Fernando Eleta Almarán,Fecha de nacimiento,1921-08-10
Fernando Eleta Almarán,Fecha de defunción,2011-08-12
Fernando Eleta Almarán,Ocupación,político
Fernando Eleta Almarán,Premio recibido,Gran Oficial de la Orden El Sol del Perú
Eybir Bonaga,Lugar de nacimiento,Provincia de Chiriquí
Eybir Bonaga,Ocupación,futbolista
Eybir Bonaga,Ciudadanía,Panamá
Eybir Bonaga,Fecha de nacimiento,1986-05-19
Federico Plummer,Ocupación,boxeador
Federico Plummer,Ciudadanía,Panamá
Federico Plummer,Fecha de nacimiento,1929-04-10
Federico Plummer,Fecha de defunción,2004-01-01
Federico Visuetti,Ocupación,diseñador de moda
Federico Visuetti,Ciudadanía,Panamá
Fernando Jara,Lugar de nacimiento,Chitré
Fernando Jara,Ocupación,jockey
Fernando Jara,Ciudadanía,Estados Unidos
Fernando Jara,Fecha de nacimiento,1987-12-18
Fernando Jara,Ciudadanía,Panamá
Fernando Ramsey,Ocupación,beisbolista
Fernando Ramsey,Ciudadanía,Panamá
Fernando Ramsey,Educado en,Universidad Estatal de Nuevo México
Fernando Ramsey,Fecha de nacimiento,1965-12-20
Fernando Seguignol,Lugar de nacimiento,Provincia de Bocas del Toro
Fernando Seguignol,Ocupación,beisbolista
Fernando Seguignol,Ciudadanía,Panamá
Fernando Seguignol,Fecha de nacimiento,1975-01-19
Florencio Flores Aguilar,Ocupación,militar
Florencio Flores Aguilar,Ciudadanía,Panamá
Florencio Flores Aguilar,Fecha de nacimiento,1933-09-24
Florencio Flores Aguilar,Fecha de defunción,2020-03-28
Florencio Flores Aguilar,Ocupación,político
Adán Ríos,Lugar de nacimiento,Santiago de Veraguas
Adán Ríos,Ocupación,oncólogo
Adán Ríos,Ciudadanía,Panamá
Adán Ríos,Educado en,Universidad de Panamá
Adán Ríos,Empleador,Centro Oncológico MD Anderson de la Universidad de Texas
Adán Ríos,Premio recibido,Orden de Vasco Núñez de Balboa
Adán Ríos,Fecha de nacimiento,1947-09-27
Adán Ríos,Empleador,Instituto Conmemorativo Gorgas
Adán Ríos,Empleador,Instituto Oncológico Nacional
Adán Ríos,Empleador,Ministerio de Salud de Panamá
Francisco Checa,Lugar de nacimiento,Ciudad de Panamá
Francisco Checa,Ocupación,baloncestista
Francisco Checa,Ciudadanía,Panamá
Francisco Checa,Fecha de nacimiento,1940-02-04
Francisco Checa,Fecha de nacimiento,1968-02-04
Francisco Vicente de la Espriella,Lugar de nacimiento,Cartagena de Indias
Francisco Vicente de la Espriella,Ocupación,político
Francisco Vicente de la Espriella,Ciudadanía,Panamá
Francisco Vicente de la Espriella,Fecha de nacimiento,1844-04-05
Francisco Vicente de la Espriella,Fecha de defunción,1916-04-22
Francisco Vicente de la Espriella,Ocupación,ministro
Frank Davis,Lugar de nacimiento,Nueva York
Frank Davis,Ocupación,jugador de fútbol americano
Frank Davis,Ciudadanía,Estados Unidos
Frank Davis,Educado en,Universidad del Sur de Florida
Frank Davis,Fecha de nacimiento,1981-08-22
Frank Davis,Ciudadanía,Panamá
Freddy Herrera,Lugar de nacimiento,Santiago de Veraguas
Freddy Herrera,Ocupación,beisbolista
Freddy Herrera,Ciudadanía,Panamá
Freddy Herrera,Fecha de nacimiento,1973-12-17
Gran Cruz de la Orden de Isabel la Católica,país,España
Gran Cruz de la Orden de Isabel la Católica,instancia de,grado de una orden
Gran Cruz de la Orden de Isabel la Católica,subclase de,Gran Cruz
Gran Cruz de la Orden de Isabel la Católica,forma parte de,Orden de Isabel la Católica
Gran Cruz de la Orden de Isabel la Católica,categoría para los galardonados con este premio,Categoría:Caballeros grandes cruces de la Orden de Isabel la Católica
Provincia de Chiriquí,país,Panamá
Provincia de Chiriquí,instancia de,provincia de Panamá
Provincia de Chiriquí,capital,David
Provincia de Chiriquí,situado en la entidad territorial administrativa,Panamá
Provincia de Chiriquí,bandera,Bandera de Chiriquí
diseñador de moda,instancia de,profesión
diseñador de moda,instancia de,ocupación
diseñador de moda,subclase de,diseñador
diseñador de moda,subclase de,profesional de la moda
Universidad Estatal de Nuevo México,país,Estados Unidos
Universidad Estatal de Nuevo México,instancia de,Universidad de concesión de tierras
Universidad Estatal de Nuevo México,instancia de,universidad pública
Universidad Estatal de Nuevo México,instancia de,institución educativa pública de los Estados Unidos
Universidad Estatal de Nuevo México,instancia de,editor de acceso abierto
Provincia de Bocas del Toro,país,Panamá
Provincia de Bocas del Toro,instancia de,provincia de Panamá
Provincia de Bocas del Toro,capital,Bocas del Toro
Provincia de Bocas del Toro,comparte fronteras con,Provincia de Limón
Provincia de Bocas del Toro,comparte fronteras con,Comarca Ngäbe-Buglé
oncólogo,instancia de,profesión
oncólogo,subclase de,médico especialista
oncólogo,ámbito de la ocupación,oncología
oncólogo,categoría principal del tema,Categoría:Oncólogos
oncólogo,diferente de,investigador del cáncer
Centro Oncológico MD Anderson de la Universidad de Texas,país,Estados Unidos
Centro Oncológico MD Anderson de la Universidad de Texas,instancia de,universidad
Centro Oncológico MD Anderson de la Universidad de Texas,instancia de,hospital
Centro Oncológico MD Anderson de la Universidad de Texas,instancia de,institución educativa pública de los Estados Unidos
Centro Oncológico MD Anderson de la Universidad de Texas,fundador,Monroe Dunaway Anderson
Nueva York,ciudad hermana,Seúl
Nueva York,ciudad hermana,Shanghái
Nueva York,ciudad hermana,Tel Aviv
Nueva York,ciudad hermana,Johannesburgo
Nueva York,ciudad hermana,Santo Domingo
jugador de fútbol americano,instancia de,profesión
jugador de fútbol americano,subclase de,jugador de fútbol gridiron
jugador de fútbol americano,forma parte de,club de fútbol americano
jugador de fútbol americano,ámbito de la ocupación,fútbol americano
jugador de fútbol americano,deporte,fútbol americano
Universidad del Sur de Florida,país,Estados Unidos
Universidad del Sur de Florida,instancia de,universidad pública
Universidad del Sur de Florida,instancia de,institución educativa pública de los Estados Unidos
Universidad del Sur de Florida,instancia de,editor de acceso abierto
Universidad del Sur de Florida,color oficial,verde
Manuel Amador Terreros,Lugar de nacimiento,Estados Unidos de Colombia
Manuel Amador Terreros,Ocupación,lingüista
Manuel Amador Terreros,Ciudadanía,Panamá
Manuel Amador Terreros,Obra notable,Panamane
Manuel Amador Terreros,Fecha de nacimiento,1869-03-25
Manuel Amador Terreros,Fecha de defunción,1952-11-12
Manuel José Pérez,Lugar de nacimiento,Ciudad de Panamá
Manuel José Pérez,Ocupación,poeta
Manuel José Pérez,Ciudadanía,Panamá
Manuel José Pérez,Fecha de nacimiento,1837-12-13
Manuel José Pérez,Fecha de defunción,1895-09-28
Julio Zuleta,Lugar de nacimiento,Ciudad de Panamá
Julio Zuleta,Ocupación,beisbolista
Julio Zuleta,Ciudadanía,Panamá
Julio Zuleta,Fecha de nacimiento,1975-03-28
Manuel Amador Terreros,Ocupación,pintor
Manuel Amador Terreros,Lugar de nacimiento,Santiago de Veraguas
Anselmo Moreno,Ocupación,boxeador
Anselmo Moreno,Ciudadanía,Panamá
Anselmo Moreno,Fecha de nacimiento,1985-06-28
Ricardo Martinelli,Lugar de nacimiento,Ciudad de Panamá
Ricardo Martinelli,Ocupación,político
Ricardo Martinelli,Ciudadanía,Italia
Ricardo Martinelli,Educado en,Universidad de Arkansas
Ricardo Martinelli,Cargo,Presidente de Panamá
Ricardo Martinelli,Premio recibido,Orden Nacional de Honor y Mérito
Ricardo Martinelli,Fecha de nacimiento,1952-03-29
Ricardo Martinelli,Ocupación,emprendedor
Ricardo Martinelli,Premio recibido,Sagrada Orden Militar Constantiniana de San Jorge
Ricardo Martinelli,Premio recibido,Orden José Cecilio del Valle
Ricardo Martinelli,Premio recibido,Orden del Jade Brillante
Ricardo Martinelli,Premio recibido,doctor honoris causa
Ricardo Martinelli,Premio recibido,gran collar de la orden del Infante Don Enrique
Ricardo Martinelli,Premio recibido,Gran Collar de la Orden del Sol del Perú
Ricardo Martinelli,Ciudadanía,Panamá
Ricardo Martinelli,Educado en,Staunton Military Academy
Manuel Solís Palma,Lugar de nacimiento,Provincia de Los Santos
Manuel Solís Palma,Ocupación,político
Manuel Solís Palma,Ciudadanía,Panamá
Manuel Solís Palma,Fecha de nacimiento,1917-12-03
Manuel Solís Palma,Fecha de defunción,2009-11-06
Marco Aurelio Robles,Lugar de nacimiento,Aguadulce
Marco Aurelio Robles,Ocupación,político
Marco Aurelio Robles,Ciudadanía,Panamá
Marco Aurelio Robles,Educado en,Universidad de Panamá
Marco Aurelio Robles,Cargo,Presidente de Panamá
Marco Aurelio Robles,Fecha de nacimiento,1905-11-08
Marco Aurelio Robles,Fecha de defunción,1990-04-14
Marco Aurelio Robles,Fecha de defunción,1990-04-19
Marco Aurelio Robles,Cargo,ambassador of Panama to the United Kingdom
José Ramón Guizado Valdés,Lugar de nacimiento,Panamá
José Ramón Guizado Valdés,Ocupación,político
José Ramón Guizado Valdés,Ciudadanía,Panamá
José Ramón Guizado Valdés,Premio recibido,Orden del Imperio británico
José Ramón Guizado Valdés,Fecha de nacimiento,1899-08-13
José Ramón Guizado Valdés,Fecha de defunción,1964-11-02
José Ramón Guizado Valdés,Premio recibido,Gran Cruz de la Orden Civil de Alfonso X el Sabio
Ernesto Pérez Balladares,Lugar de nacimiento,Ciudad de Panamá
Ernesto Pérez Balladares,Ocupación,político
Ernesto Pérez Balladares,Ciudadanía,Panamá
Ernesto Pérez Balladares,Educado en,Universidad de Notre Dame
Ernesto Pérez Balladares,Premio recibido,Collar de la Orden de Isabel la Católica
Ernesto Pérez Balladares,Fecha de nacimiento,1946-06-29
Ernesto Pérez Balladares,Educado en,Universidad de las Artes
Ernesto Pérez Balladares,Educado en,Wharton Business School
Alcibíades Arosemena,Lugar de nacimiento,Provincia de Los Santos
Alcibíades Arosemena,Ocupación,político
Alcibíades Arosemena,Ciudadanía,Panamá
Alcibíades Arosemena,Premio recibido,Gran Cruz de la Orden de Isabel la Católica
Alcibíades Arosemena,Fecha de nacimiento,1883-11-20
Alcibíades Arosemena,Fecha de defunción,1958-04-08
José María Pinilla,Lugar de nacimiento,Panamá
José María Pinilla,Ocupación,político
José María Pinilla,Ciudadanía,Panamá
José María Pinilla,Fecha de nacimiento,1919-11-28
José María Pinilla,Fecha de defunción,1979-08-10
José Domingo De Obaldía,Lugar de nacimiento,David
José Domingo De Obaldía,Ocupación,político
José Domingo De Obaldía,Ciudadanía,Panamá
José Domingo De Obaldía,Educado en,Universidad del Rosario
José Domingo De Obaldía,Fecha de nacimiento,1845-01-30
José Domingo De Obaldía,Fecha de defunción,1910-03-01
José Antonio Remón Cantera,Lugar de nacimiento,Ciudad de Panamá
José Antonio Remón Cantera,Ocupación,político
José Antonio Remón Cantera,Ciudadanía,Panamá
José Antonio Remón Cantera,Premio recibido,Orden del Imperio británico
José Antonio Remón Cantera,Fecha de nacimiento,1908-04-11
José Antonio Remón Cantera,Fecha de defunción,1955-01-02
José Antonio Remón Cantera,Ocupación,agente de policía
José Antonio Remón Cantera,Premio recibido,Gran Cruz de la Orden de Isabel la Católica
Roberto F. Chiari,Lugar de nacimiento,Ciudad de Panamá
Roberto F. Chiari,Ocupación,político
Roberto F. Chiari,Ciudadanía,Panamá
Roberto F. Chiari,Premio recibido,Orden de Vasco Núñez de Balboa
Roberto F. Chiari,Fecha de nacimiento,1905-03-02
Roberto F. Chiari,Fecha de defunción,1981-03-01
Pablo Arosemena Alba,Lugar de nacimiento,Ciudad de Panamá
Pablo Arosemena Alba,Ocupación,político
Pablo Arosemena Alba,Ciudadanía,Panamá
Pablo Arosemena Alba,Cargo,Presidente de Panamá
Pablo Arosemena Alba,Fecha de nacimiento,1836-09-24
Pablo Arosemena Alba,Fecha de defunción,1920-08-19
Pablo Arosemena Alba,Ocupación,periodista
Demetrio Basilio Lakas,Lugar de nacimiento,Ciudad de Colón
Demetrio Basilio Lakas,Ocupación,ingeniero
Demetrio Basilio Lakas,Ciudadanía,Panamá
Demetrio Basilio Lakas,Educado en,Universidad Tecnológica de Texas
Demetrio Basilio Lakas,Premio recibido,Gran Cruz de la Orden de Isabel la Católica
Demetrio Basilio Lakas,Fecha de nacimiento,1925-08-29
Demetrio Basilio Lakas,Fecha de defunción,1999-11-02
Demetrio Basilio Lakas,Ocupación,político
Demetrio Basilio Lakas,Premio recibido,Collar de la Orden de Isabel la Católica
Ricardo de la Espriella,Lugar de nacimiento,Ciudad de Panamá
Ricardo de la Espriella,Ocupación,abogado
Ricardo de la Espriella,Ciudadanía,Panamá
Ricardo de la Espriella,Educado en,Universidad de Panamá
Ricardo de la Espriella,Premio recibido,Gran Cruz de la Orden de Isabel la Católica
Ricardo de la Espriella,Fecha de nacimiento,1934-09-05
Ricardo de la Espriella,Ocupación,político
Ricardo de la Espriella,Ocupación,economista
Carlos Rivera,Lugar de nacimiento,Ciudad de Panamá
Carlos Rivera,Ocupación,futbolista
Carlos Rivera,Ciudadanía,Panamá
Carlos Rivera,Fecha de nacimiento,1979-05-30
Tony Taylor,Lugar de nacimiento,Long Beach
Tony Taylor,Ocupación,futbolista
Tony Taylor,Ciudadanía,Estados Unidos
Tony Taylor,Educado en,Bishop Kenny High School
Tony Taylor,Fecha de nacimiento,1989-07-13
Tony Taylor,Ciudadanía,Panamá
Manuel Amador Terreros,Ocupación,diplomático
Manuel Amador Terreros,Obra notable,Bandera de Panamá
Manuel Amador Terreros,Ocupación,esperantista
Estados Unidos de Colombia,continente,América del Sur
Estados Unidos de Colombia,instancia de,federación
Estados Unidos de Colombia,instancia de,estado desaparecido
Estados Unidos de Colombia,capital,Bogotá
Estados Unidos de Colombia,idioma oficial,español
lingüista,instancia de,profesión
lingüista,instancia de,ocupación
lingüista,instancia de,profesión académica
lingüista,subclase de,filólogo
Panamane,instancia de,lengua construida
Panamane,descubridor o inventor,Manuel Amador Terreros
Italia,miembro de,OTAN
Italia,miembro de,Fondo Monetario Internacional
Italia,miembro de,UNESCO
Italia,miembro de,Organización Mundial de la Salud
Italia,miembro de,Organización Mundial del Comercio
Universidad de Arkansas,idioma usado,inglés
Universidad de Arkansas,categoría para las personas que estudiaron en esta institución,Categoría:Alumnado de la Universidad de Arkansas
Universidad de Arkansas,calendario académico,semestre
Universidad de Arkansas,país,Estados Unidos
Orden del Imperio británico,país,Reino Unido
Orden del Imperio británico,instancia de,distinción
Orden del Imperio británico,instancia de,orden de caballería
Orden del Imperio británico,instancia de,título honorífico
Orden del Imperio británico,fundador,Jorge V del Reino Unido
Collar de la Orden de Isabel la Católica,país,España
Collar de la Orden de Isabel la Católica,instancia de,grado de una orden
Collar de la Orden de Isabel la Católica,subclase de,collar
Collar de la Orden de Isabel la Católica,forma parte de,Orden de Isabel la Católica
Collar de la Orden de Isabel la Católica,categoría para los galardonados con este premio,Categoría:Caballeros del collar de la Orden de Isabel la Católica
Universidad del Rosario,idioma usado,español
Universidad del Rosario,categoría para las personas que estudiaron en esta institución,Categoría:Alumnado de la Universidad del Rosario
Universidad del Rosario,categoría para empleados de la organización,Categoría:Profesores de la Universidad del Rosario
Universidad del Rosario,financiador,Open Society Foundations
ingeniero,subclase de,trabajador
ingeniero,ámbito de la ocupación,ingeniería
Universidad Tecnológica de Texas,calendario académico,semestre
Universidad Tecnológica de Texas,país,Estados Unidos
Universidad Tecnológica de Texas,instancia de,institución educativa pública de los Estados Unidos
Long Beach,país,Estados Unidos
Long Beach,instancia de,ciudad de Estados Unidos
Long Beach,instancia de,gran ciudad
Long Beach,instancia de,ciudad chárter
Davis Romero,Lugar de nacimiento,Provincia de Coclé
Davis Romero,Ocupación,beisbolista
Davis Romero,Ciudadanía,Panamá
Davis Romero,Fecha de nacimiento,1983-03-30
Ricardo Clarke,Lugar de nacimiento,Ciudad de Panamá
Ricardo Clarke,Ocupación,futbolista
Ricardo Clarke,Ciudadanía,Panamá
Ricardo Clarke,Fecha de nacimiento,1992-09-27
Balbina Herrera,Lugar de nacimiento,Ciudad de Panamá
Balbina Herrera,Ocupación,político
Balbina Herrera,Ciudadanía,Panamá
Balbina Herrera,Educado en,Universidad de Panamá
Balbina Herrera,Fecha de nacimiento,1954-11-24
Armando Gun,Lugar de nacimiento,Ciudad de Panamá
Armando Gun,Ocupación,futbolista
Armando Gun,Ciudadanía,Panamá
Armando Gun,Fecha de nacimiento,1986-01-17
Rubén Douglas,Lugar de nacimiento,Pasadena
Rubén Douglas,Ocupación,baloncestista
Rubén Douglas,Ciudadanía,Estados Unidos
Rubén Douglas,Educado en,Universidad de Arizona
Rubén Douglas,Fecha de nacimiento,1979-10-30
Rubén Douglas,Fecha de defunción,2024-04-12
Rubén Douglas,Ciudadanía,Panamá
Rubén Douglas,Educado en,Bellarmine-Jefferson High School
Irving Saladino,Lugar de nacimiento,Ciudad de Colón
Irving Saladino,Ocupación,saltador de longitud
Irving Saladino,Ciudadanía,Panamá
Irving Saladino,Fecha de nacimiento,1983-01-23
Ramón Maximiliano Valdés,Lugar de nacimiento,Penonomé
Ramón Maximiliano Valdés,Ocupación,escritor
Ramón Maximiliano Valdés,Ciudadanía,Panamá
Ramón Maximiliano Valdés,Fecha de nacimiento,1867-10-13
Ramón Maximiliano Valdés,Fecha de defunción,1918-06-03
Ramón Maximiliano Valdés,Ocupación,político
Pedro Antonio Díaz,Lugar de nacimiento,Panamá
Pedro Antonio Díaz,Ocupación,político
Pedro Antonio Díaz,Ciudadanía,Panamá
Pedro Antonio Díaz,Fecha de nacimiento,1852-07-05
Pedro Antonio Díaz,Fecha de defunción,1919-05-08
Ricardo Arias Espinosa,Lugar de nacimiento,Washington D. C.
Ricardo Arias Espinosa,Ocupación,político
Ricardo Arias Espinosa,Ciudadanía,Estados Unidos
Ricardo Arias Espinosa,Educado en,Edmund A. Walsh School of Foreign Service
Ricardo Arias Espinosa,Cargo,Presidente de Panamá
Ricardo Arias Espinosa,Fecha de nacimiento,1912-04-05
Ricardo Arias Espinosa,Fecha de defunción,1993-03-15
Ricardo Arias Espinosa,Ocupación,diplomático
Ricardo Arias Espinosa,Ciudadanía,Panamá
Ricardo Arias Espinosa,Educado en,Universidad de Georgetown
Ricardo Arias Espinosa,Educado en,Pontificia Universidad Católica de Chile
Ricardo Arias Espinosa,Cargo,ambassador of Panama to the United States
Jorge Dely Valdés,Lugar de nacimiento,Ciudad de Colón
Jorge Dely Valdés,Ocupación,entrenador
Jorge Dely Valdés,Ciudadanía,Panamá
Jorge Dely Valdés,Fecha de nacimiento,1967-03-12
Jorge Dely Valdés,Ocupación,futbolista
Manuel Noriega,Lugar de nacimiento,Ciudad de Panamá
Manuel Noriega,Ocupación,militar
Manuel Noriega,Ciudadanía,Panamá
Manuel Noriega,Educado en,Instituto del Hemisferio Occidental para la Cooperación en Seguridad
Manuel Noriega,Premio recibido,Comandante de la Orden Nacional de la Legión de Honor
Manuel Noriega,Fecha de nacimiento,1934-02-11
Manuel Noriega,Fecha de defunción,2017-05-29
Manuel Noriega,Ocupación,político
Manuel Noriega,Ocupación,ingeniero militar
Manuel Noriega,Ocupación,libertador de la patria
Manuel Noriega,Educado en,Escuela Militar de Chorrillos
Nicolás Ardito Barletta Vallarino,Lugar de nacimiento,Aguadulce
Nicolás Ardito Barletta Vallarino,Ocupación,político
Nicolás Ardito Barletta Vallarino,Ciudadanía,Panamá
Nicolás Ardito Barletta Vallarino,Educado en,Universidad Estatal de Carolina del Norte
Nicolás Ardito Barletta Vallarino,Fecha de nacimiento,1938-08-21
Nicolás Ardito Barletta Vallarino,Ocupación,economista
Carlos Garnett,Lugar de nacimiento,Zona del Canal de Panamá
Carlos Garnett,Ocupación,compositor
Carlos Garnett,Ciudadanía,Panamá
Carlos Garnett,Fecha de nacimiento,1938-12-01
Carlos Garnett,Fecha de defunción,2023-03-03
Carlos Garnett,Ocupación,saxofonista
Carlos Garnett,Ocupación,músico de jazz
Jordana Brewster,Lugar de nacimiento,Ciudad de Panamá
Jordana Brewster,Ocupación,actor
Jordana Brewster,Ciudadanía,Estados Unidos
Jordana Brewster,Educado en,Universidad Yale
Jordana Brewster,Fecha de nacimiento,1980-04-26
Jordana Brewster,Ocupación,actor de cine
Jordana Brewster,Ciudadanía,Brasil
Jordana Brewster,Ciudadanía,Panamá
Jordana Brewster,Educado en,Berkeley College
Mireya Moscoso,Lugar de nacimiento,Pedasí
Mireya Moscoso,Ocupación,político
Mireya Moscoso,Ciudadanía,Panamá
Mireya Moscoso,Educado en,Miami Dade College
Mireya Moscoso,Cargo,Presidente de Panamá
Mireya Moscoso,Fecha de nacimiento,1946-07-01
Alfredo Layne,Lugar de nacimiento,Ciudad de Panamá
Alfredo Layne,Ocupación,boxeador
Alfredo Layne,Ciudadanía,Panamá
Alfredo Layne,Fecha de nacimiento,1959-10-09
Alfredo Layne,Fecha de defunción,1999-06-25
Rosa María Britton,Lugar de nacimiento,Chimán
Rosa María Britton,Ocupación,escritor
Rosa María Britton,Ciudadanía,Panamá
Rosa María Britton,Educado en,Universidad Complutense de Madrid
Rosa María Britton,Fecha de nacimiento,1936-07-28
Rosa María Britton,Fecha de defunción,2019-07-16
Rosa María Britton,Ocupación,médico-escritor
Martín Torrijos Espino,Lugar de nacimiento,Chitré
Martín Torrijos Espino,Ocupación,político
Martín Torrijos Espino,Ciudadanía,Panamá
Martín Torrijos Espino,Educado en,Universidad de Texas A&M
Martín Torrijos Espino,Cargo,Presidente de Panamá
Martín Torrijos Espino,Premio recibido,"Orden al Mérito de Duarte, Sánchez y Mella"
Martín Torrijos Espino,Fecha de nacimiento,1963-07-18
Martín Torrijos Espino,Ocupación,economista
Martín Torrijos Espino,Premio recibido,Orden Mexicana del Águila Azteca
Martín Torrijos Espino,Premio recibido,Orden de Isabel la Católica
Martín Torrijos Espino,Premio recibido,Orden de la República Oriental del Uruguay
Martín Torrijos Espino,Premio recibido,Orden Nacional José Martí
Martín Torrijos Espino,Premio recibido,Orden de Manuel Amador Guerrero
Martín Torrijos Espino,Premio recibido,Orden de Vasco Núñez de Balboa
Martín Torrijos Espino,Premio recibido,Collar de la Orden de Isabel la Católica
Martín Torrijos Espino,Premio recibido,Medalla de la República Oriental del Uruguay
Martín Torrijos Espino,Educado en,Academia Militar St. John's Northwestern
Vicente Mosquera,Lugar de nacimiento,Ciudad de Panamá
Vicente Mosquera,Ocupación,boxeador
Vicente Mosquera,Ciudadanía,Panamá
Vicente Mosquera,Fecha de nacimiento,1979-12-09
Rolando Blackman,Lugar de nacimiento,Ciudad de Panamá
Rolando Blackman,Ocupación,baloncestista
Rolando Blackman,Ciudadanía,Estados Unidos
Rolando Blackman,Educado en,Universidad Estatal de Kansas
Rolando Blackman,Miembro de,Kappa Alpha Psi
Rolando Blackman,Fecha de nacimiento,1959-02-26
Rolando Blackman,Ocupación,entrenador de baloncesto
Rolando Blackman,Ciudadanía,Panamá
Rolando Blackman,Educado en,William E. Grady CTE High School
Provincia de Coclé,país,Panamá
Provincia de Coclé,instancia de,provincia de Panamá
Provincia de Coclé,capital,Penonomé
Provincia de Coclé,comparte fronteras con,Provincia de Panamá
Provincia de Coclé,situado en la entidad territorial administrativa,Panamá
Pasadena,jefe de gobierno,Victor Gordo
Pasadena,país,Estados Unidos
Pasadena,instancia de,gran ciudad
Pasadena,instancia de,ciudad de California
Universidad de Arizona,país,Estados Unidos
Universidad de Arizona,instancia de,Universidad de concesión de tierras
Universidad de Arizona,instancia de,universidad pública
Universidad de Arizona,instancia de,institución educativa pública de los Estados Unidos
Universidad de Arizona,instancia de,editor de acceso abierto
saltador de longitud,instancia de,profesión
saltador de longitud,subclase de,atleta
saltador de longitud,ámbito de la ocupación,salto de longitud
saltador de longitud,categoría principal del tema,Categoría:Saltadores de longitud
Washington D. C.,jefe de gobierno,Muriel Bowser
Washington D. C.,país,Estados Unidos
Washington D. C.,continente,América del Norte
Washington D. C.,instancia de,capital federal
Washington D. C.,comparte fronteras con,Alexandria
Edmund A. Walsh School of Foreign Service,organización matriz,Universidad de Georgetown
Edmund A. Walsh School of Foreign Service,afiliación,Association of Professional Schools of International Affairs
Instituto del Hemisferio Occidental para la Cooperación en Seguridad,país,Estados Unidos
Instituto del Hemisferio Occidental para la Cooperación en Seguridad,instancia de,escuela
Instituto del Hemisferio Occidental para la Cooperación en Seguridad,instancia de,escuela militar
Instituto del Hemisferio Occidental para la Cooperación en Seguridad,situado en la entidad territorial administrativa,Columbus
Instituto del Hemisferio Occidental para la Cooperación en Seguridad,operador,Ejército de los Estados Unidos
Comandante de la Orden Nacional de la Legión de Honor,país,Francia
Comandante de la Orden Nacional de la Legión de Honor,instancia de,grado de una orden
Comandante de la Orden Nacional de la Legión de Honor,subclase de,comendador
Comandante de la Orden Nacional de la Legión de Honor,forma parte de,Orden Nacional de la Legión de Honor
Zona del Canal de Panamá,país,Estados Unidos
Zona del Canal de Panamá,continente,América del Norte
Zona del Canal de Panamá,instancia de,territorio no incorporado de los Estados Unidos
Zona del Canal de Panamá,nombrado en referencia a,Canal de Panamá
Zona del Canal de Panamá,categoría principal del tema,Categoría:Zona del Canal de Panamá
Universidad Yale,país,Estados Unidos
Universidad Yale,instancia de,universidad privada
Universidad Yale,instancia de,Colegios coloniales
Universidad Yale,instancia de,empresa productora
Universidad Yale,instancia de,universidad de investigación
Pedasí,país,Panamá
Pedasí,instancia de,Distritos de Panamá
Pedasí,capital,Pedasí
Pedasí,situado en la entidad territorial administrativa,Provincia de Los Santos
Miami Dade College,país,Estados Unidos
Miami Dade College,instancia de,college
Miami Dade College,instancia de,institución educativa pública de los Estados Unidos
Miami Dade College,situado en la entidad territorial administrativa,Miami
Miami Dade College,miembro de,American Council on Education
Chimán,país,Panamá
Chimán,instancia de,Comunidad de Panamá
Chimán,situado en la entidad territorial administrativa,Chimán
Chimán,capital de,Chimán
Universidad de Texas A&M,país,Estados Unidos
Universidad de Texas A&M,instancia de,universidad
Universidad de Texas A&M,instancia de,Universidad de concesión de tierras
Universidad de Texas A&M,instancia de,institución educativa pública de los Estados Unidos
Universidad Estatal de Kansas,país,Estados Unidos
Universidad Estatal de Kansas,instancia de,Universidad de concesión de tierras
Universidad Estatal de Kansas,instancia de,universidad pública
Universidad Estatal de Kansas,instancia de,institución educativa pública de los Estados Unidos
Universidad Estatal de Kansas,situado en la entidad territorial administrativa,Manhattan
Diego Castillo,Ocupación,nadador
Diego Castillo,Ciudadanía,Panamá
Diego Castillo,Fecha de nacimiento,1991-07-05
Dominador Baldomero Bazán,Ocupación,político
Dominador Baldomero Bazán,Ciudadanía,Panamá
Dominador Baldomero Bazán,Fecha de nacimiento,1937-12-13
Dominador Baldomero Bazán,Fecha de defunción,2006-08-08
Dora Boyd de Pérez Balladares,Ocupación,primera dama
Dora Boyd de Pérez Balladares,Ciudadanía,Panamá
Dora Boyd de Pérez Balladares,Premio recibido,Gran Cruz de la Orden de Isabel la Católica
Dora Boyd de Pérez Balladares,Fecha de nacimiento,1948-10-11
Earl Agnoly,Ocupación,beisbolista
Earl Agnoly,Ciudadanía,Panamá
Earl Agnoly,Fecha de nacimiento,1975-11-18
Ed Acosta,Lugar de nacimiento,Bajo Boquete (corregimiento de Boquete)
Ed Acosta,Ocupación,beisbolista
Ed Acosta,Ciudadanía,Estados Unidos
Ed Acosta,Fecha de nacimiento,1944-03-09
Ed Acosta,Fecha de defunción,2025-09-18
Ed Acosta,Ciudadanía,Panamá
Eddie Castro,Lugar de nacimiento,Provincia de Los Santos
Eddie Castro,Ocupación,jockey
Eddie Castro,Ciudadanía,Panamá
Eddie Castro,Fecha de nacimiento,1959-04-10
Eddy Lover,Lugar de nacimiento,Ciudad de Panamá
Eddy Lover,Ocupación,cantante
Eddy Lover,Ciudadanía,Panamá
Eddy Lover,Fecha de nacimiento,1990-03-16
Édgar Crespo,Lugar de nacimiento,Ciudad de Panamá
Édgar Crespo,Ocupación,nadador
Édgar Crespo,Ciudadanía,Panamá
Édgar Crespo,Fecha de nacimiento,1989-05-11
Eduardo Arias,Lugar de nacimiento,Ustupu
Eduardo Arias,Ocupación,funcionario
Eduardo Arias,Ciudadanía,Panamá
Eduardo Arias,Fecha de nacimiento,1956-01-01
Eduardo Arias,Fecha de defunción,2020-08-01
Edward Gaskin,Ocupación,sindicalista
Edward Gaskin,Ciudadanía,Panamá
Edward Gaskin,Fecha de nacimiento,1918-02-03
Edward Gaskin,Fecha de defunción,2001-08-10
Eileen Coparropa,Lugar de nacimiento,Ciudad de Panamá
Eileen Coparropa,Ocupación,nadador
Eileen Coparropa,Ciudadanía,Panamá
Eileen Coparropa,Fecha de nacimiento,1981-03-31
Einar Díaz,Lugar de nacimiento,Provincia de Chiriquí
Einar Díaz,Ocupación,beisbolista
Einar Díaz,Ciudadanía,Panamá
Einar Díaz,Fecha de nacimiento,1972-12-28
El Roockie,Lugar de nacimiento,El Chorrillo
El Roockie,Ocupación,cantante
El Roockie,Ciudadanía,Panamá
El Roockie,Fecha de nacimiento,1977-08-07
El Roockie,Ocupación,compositor de canciones
Eliécer Ellis,Lugar de nacimiento,Santiago de Veraguas
Eliécer Ellis,Ocupación,baloncestista
Eliécer Ellis,Ciudadanía,Panamá
Eliécer Ellis,Fecha de nacimiento,1945-12-13
Elvis Trujillo,Lugar de nacimiento,Ciudad de Panamá
Elvis Trujillo,Ocupación,jockey
Elvis Trujillo,Ciudadanía,Estados Unidos
Elvis Trujillo,Fecha de nacimiento,1983-10-07
Elvis Trujillo,Ciudadanía,Panamá
Emita Arosemena,Lugar de nacimiento,Las Tablas
Emita Arosemena,Ocupación,participante en concursos de belleza
Emita Arosemena,Ciudadanía,Panamá
Emita Arosemena,Fecha de nacimiento,1931-01-01
Engie Mitre,Lugar de nacimiento,Ciudad de Panamá
Engie Mitre,Ocupación,futbolista
Engie Mitre,Ciudadanía,Panamá
Engie Mitre,Fecha de nacimiento,1981-10-16
Enrique Burgos,Lugar de nacimiento,La Chorrera
Enrique Burgos,Ocupación,beisbolista
Enrique Burgos,Ciudadanía,Panamá
Enrique Burgos,Fecha de nacimiento,1965-10-07
Enrique Geenzier,Lugar de nacimiento,Chitré
Enrique Geenzier,Ocupación,poeta
Enrique Geenzier,Ciudadanía,Panamá
Enrique Geenzier,Fecha de nacimiento,1887-06-12
Enrique Geenzier,Fecha de defunción,1943-09-21
Enrique Geenzier,Ocupación,político
Enrique Geenzier,Ocupación,diplomático
Eric Herrera,Lugar de nacimiento,Panamá
Eric Herrera,Ocupación,futbolista
Eric Herrera,Ciudadanía,Panamá
Eric Herrera,Fecha de nacimiento,1992-02-16
Bajo Boquete (corregimiento de Boquete),país,Panamá
Bajo Boquete (corregimiento de Boquete),instancia de,villa
Bajo Boquete (corregimiento de Boquete),instancia de,Comunidad de Panamá
Bajo Boquete (corregimiento de Boquete),situado en la entidad territorial administrativa,Boquete
Bajo Boquete (corregimiento de Boquete),forma parte de,Provincia de Chiriquí
Ustupu,país,Panamá
Ustupu,instancia de,asentamiento
Ustupu,situado en la entidad territorial administrativa,Guna Yala
Ustupu,se encuentra en el huso horario,UTC-05:00
funcionario,instancia de,profesión
funcionario,instancia de,alto cargo
funcionario,instancia de,cargo
funcionario,subclase de,persona jurídica
funcionario,subclase de,burócrata
Chris Warren,Lugar de nacimiento,Garland
Chris Warren,Ocupación,baloncestista
Chris Warren,Ciudadanía,Estados Unidos
Chris Warren,Educado en,Universidad de Carolina del Sur
Chris Warren,Fecha de nacimiento,1981-01-19
Chris Warren,Ciudadanía,Panamá
Chris Warren,Educado en,Lakeview Centennial High School
Arístides Royo,Lugar de nacimiento,La Chorrera
Arístides Royo,Ocupación,escritor
Arístides Royo,Ciudadanía,Panamá
Arístides Royo,Educado en,Universidad de Bolonia
Arístides Royo,Empleador,Universidad de Panamá
Arístides Royo,Miembro de,Academia Panameña de la Lengua
Arístides Royo,Cargo,Presidente de Panamá
Arístides Royo,Premio recibido,Orden de Isabel la Católica
Arístides Royo,Fecha de nacimiento,1940-08-14
Arístides Royo,Ocupación,abogado
Arístides Royo,Ocupación,político
Arístides Royo,Ocupación,diplomático
Arístides Royo,Ocupación,profesor universitario
Arístides Royo,Premio recibido,Collar de la Orden de Isabel la Católica
Arístides Royo,Premio recibido,Gran Cruz de la Orden Civil de Alfonso X el Sabio
Arístides Royo,Premio recibido,Gran Cruz de la Orden de San Raimundo de Peñafort
Arístides Royo,Educado en,Universidad de Salamanca
Arístides Royo,Educado en,Instituto Nacional de Panamá
Arístides Royo,Cargo,embajador de Panamá
Arístides Royo,Cargo,Ministro para Asuntos del Canal de Panamá
Jorge Illueca,Lugar de nacimiento,Ciudad de Panamá
Jorge Illueca,Ocupación,abogado
Jorge Illueca,Ciudadanía,Panamá
Jorge Illueca,Educado en,Universidad Harvard
Jorge Illueca,Empleador,Organización de las Naciones Unidas
Jorge Illueca,Cargo,embajador
Jorge Illueca,Premio recibido,Beca Guggenheim
Jorge Illueca,Fecha de nacimiento,1918-09-17
Jorge Illueca,Fecha de defunción,2012-05-03
Jorge Illueca,Ocupación,político
Jorge Illueca,Ocupación,ministro
Jorge Illueca,Ocupación,diplomático
Jorge Illueca,Ocupación,profesor universitario
Jorge Illueca,Premio recibido,Orden de Manuel Amador Guerrero
Jorge Illueca,Premio recibido,Gran Cruz de la Orden de Isabel la Católica
Jorge Illueca,Educado en,Universidad de Chicago
Jorge Illueca,Educado en,Universidad de Panamá
Lloyd LaBeach,Lugar de nacimiento,Ciudad de Panamá
Lloyd LaBeach,Ocupación,velocista
Lloyd LaBeach,Ciudadanía,Panamá
Lloyd LaBeach,Fecha de nacimiento,1922-06-28
Lloyd LaBeach,Fecha de defunción,1999-02-19
Juan Demóstenes Arosemena,Lugar de nacimiento,Ciudad de Panamá
Juan Demóstenes Arosemena,Ocupación,político
Juan Demóstenes Arosemena,Ciudadanía,Panamá
Juan Demóstenes Arosemena,Fecha de nacimiento,1879-06-24
Juan Demóstenes Arosemena,Fecha de defunción,1939-12-16
Harmodio Arias Madrid,Lugar de nacimiento,Penonomé
Harmodio Arias Madrid,Ocupación,político
Harmodio Arias Madrid,Ciudadanía,Panamá
Harmodio Arias Madrid,Educado en,Escuela de Economía y Ciencia Política de Londres
Harmodio Arias Madrid,Cargo,Presidente de Panamá
Harmodio Arias Madrid,Fecha de nacimiento,1886-07-03
Harmodio Arias Madrid,Fecha de defunción,1962-12-23
Ernesto de la Guardia,Lugar de nacimiento,Ciudad de Panamá
Ernesto de la Guardia,Ocupación,político
Ernesto de la Guardia,Ciudadanía,Panamá
Ernesto de la Guardia,Educado en,Dartmouth College
Ernesto de la Guardia,Premio recibido,Caballero de Gran Cruz con collar de la Orden al Mérito de la República Italiana
Ernesto de la Guardia,Fecha de nacimiento,1904-03-30
Ernesto de la Guardia,Fecha de defunción,1983-05-02
Ernesto de la Guardia,Ocupación,diplomático
Eusebio Pedroza,Lugar de nacimiento,Ciudad de Panamá
Eusebio Pedroza,Ocupación,boxeador
Eusebio Pedroza,Ciudadanía,Panamá
Eusebio Pedroza,Fecha de nacimiento,1956-03-02
Eusebio Pedroza,Fecha de defunción,2019-03-01
Rodolfo Chiari,Lugar de nacimiento,Aguadulce
Rodolfo Chiari,Ocupación,político
Rodolfo Chiari,Ciudadanía,Panamá
Rodolfo Chiari,Cargo,Presidente de Panamá
Rodolfo Chiari,Premio recibido,Gran Cruz de la Orden El Sol del Perú
Rodolfo Chiari,Fecha de nacimiento,1869-11-15
Rodolfo Chiari,Fecha de defunción,1937-08-16
Ezequiel Fernández Jaén,Lugar de nacimiento,Penonomé
Ezequiel Fernández Jaén,Ocupación,político
Ezequiel Fernández Jaén,Ciudadanía,Panamá
Ezequiel Fernández Jaén,Cargo,embajador
Ezequiel Fernández Jaén,Fecha de nacimiento,1886-03-03
Ezequiel Fernández Jaén,Fecha de defunción,1946-03-26
Ezequiel Fernández Jaén,Ocupación,diplomático
Ezequiel Fernández Jaén,Cargo,Presidente de Panamá
Ernesto Tisdel Lefevre,Lugar de nacimiento,Panamá
Ernesto Tisdel Lefevre,Ocupación,político
Ernesto Tisdel Lefevre,Ciudadanía,Panamá
Ernesto Tisdel Lefevre,Fecha de nacimiento,1876-01-01
Ernesto Tisdel Lefevre,Fecha de defunción,1922-04-19
Eric Arturo Delvalle,Lugar de nacimiento,Ciudad de Panamá
Eric Arturo Delvalle,Ocupación,político
Eric Arturo Delvalle,Ciudadanía,Panamá
Eric Arturo Delvalle,Educado en,Universidad Estatal de Luisiana
Eric Arturo Delvalle,Cargo,Presidente de Panamá
Eric Arturo Delvalle,Fecha de nacimiento,1937-02-02
Eric Arturo Delvalle,Fecha de defunción,2015-10-02
Audilio Aguilar Aguilar,Lugar de nacimiento,Cañazas
Audilio Aguilar Aguilar,Ocupación,sacerdote católico
Audilio Aguilar Aguilar,Ciudadanía,Panamá
Audilio Aguilar Aguilar,Cargo,obispo diocesano
Audilio Aguilar Aguilar,Fecha de nacimiento,1963-08-04
Audilio Aguilar Aguilar,Ocupación,obispo católico
Audilio Aguilar Aguilar,Ocupación,teólogo
Audilio Aguilar Aguilar,Cargo,obispo de Santiago de Veraguas
Alberto Quintero Medina,Lugar de nacimiento,Ciudad de Panamá
Alberto Quintero Medina,Ocupación,futbolista
Alberto Quintero Medina,Ciudadanía,Panamá
Alberto Quintero Medina,Fecha de nacimiento,1987-12-18
Augusto Samuel Boyd,Lugar de nacimiento,Ciudad de Panamá
Augusto Samuel Boyd,Ocupación,médico
Augusto Samuel Boyd,Ciudadanía,Panamá
Augusto Samuel Boyd,Fecha de nacimiento,1879-08-01
Augusto Samuel Boyd,Fecha de defunción,1957-06-17
Augusto Samuel Boyd,Ocupación,político
Luis Moreno,Lugar de nacimiento,Ciudad de Panamá
Luis Moreno,Ocupación,futbolista
Luis Moreno,Ciudadanía,Panamá
Luis Moreno,Fecha de nacimiento,1981-03-19
Bayano Kamani,Lugar de nacimiento,Houston
Bayano Kamani,Ocupación,atleta
Bayano Kamani,Ciudadanía,Estados Unidos
Bayano Kamani,Educado en,Escuela Preparatoria Westbury
Bayano Kamani,Fecha de nacimiento,1980-04-17
Bayano Kamani,Ciudadanía,Panamá
Big Fletchit,Lugar de nacimiento,Ciudad de Colón
Big Fletchit,Ocupación,baterista
Big Fletchit,Ciudadanía,Panamá
Big Fletchit,Fecha de nacimiento,1916-05-16
Big Fletchit,Fecha de defunción,1983-09-15
Big Fletchit,Ocupación,músico
Bruce Chen,Lugar de nacimiento,Ciudad de Panamá
Bruce Chen,Ocupación,beisbolista
Bruce Chen,Ciudadanía,Panamá
Bruce Chen,Educado en,Instituto de Tecnología de Georgia
Bruce Chen,Fecha de nacimiento,1977-06-19
Garland,país,Estados Unidos
Garland,instancia de,ciudad de Estados Unidos
Garland,instancia de,gran ciudad
Garland,situado en la entidad territorial administrativa,condado de Dallas
Universidad de Carolina del Sur,país,Estados Unidos
Universidad de Carolina del Sur,instancia de,universidad pública
Universidad de Carolina del Sur,instancia de,universidad de investigación
Universidad de Carolina del Sur,instancia de,institución educativa pública de los Estados Unidos
Universidad de Carolina del Sur,situado en la entidad territorial administrativa,Columbia
Universidad de Bolonia,país,Italia
Universidad de Bolonia,instancia de,universidad pública
Universidad de Bolonia,instancia de,editor de acceso abierto
Universidad de Bolonia,situado en la entidad territorial administrativa,Bolonia
Universidad de Bolonia,ubicación de la sede,Bolonia
Universidad Harvard,filial,Escuela de Medicina Harvard
Universidad Harvard,filial,Escuela de Derecho Harvard
Universidad Harvard,filial,Escuela de Negocios Harvard
Universidad Harvard,filial,Escuela de Gobierno John F. Kennedy
Organización de las Naciones Unidas,forma jurídica,organización intergubernamental
Organización de las Naciones Unidas,diferente de,BMT
Organización de las Naciones Unidas,diferente de,United Nations
velocista,instancia de,profesión
velocista,instancia de,disciplina deportiva
velocista,subclase de,corredor
velocista,ámbito de la ocupación,carrera de velocidad
velocista,deporte,atletismo
Escuela de Economía y Ciencia Política de Londres,categoría para las personas que estudiaron en esta institución,Categoría:Alumnado de la London School of Economics
Escuela de Economía y Ciencia Política de Londres,categoría para empleados de la organización,Categoría:Académicos de la London School of Economics
Escuela de Economía y Ciencia Política de Londres,condado histórico,Middlesex
Escuela de Economía y Ciencia Política de Londres,financiador,Open Society Foundations
Dartmouth College,país,Estados Unidos
Dartmouth College,instancia de,universidad privada
Dartmouth College,instancia de,Colegios coloniales
Dartmouth College,instancia de,universidad de investigación
Dartmouth College,instancia de,institución educativa privada sin fines de lucro
Caballero de Gran Cruz con collar de la Orden al Mérito de la República Italiana,país,Italia
Caballero de Gran Cruz con collar de la Orden al Mérito de la República Italiana,instancia de,grado de una orden
Caballero de Gran Cruz con collar de la Orden al Mérito de la República Italiana,subclase de,collar
Caballero de Gran Cruz con collar de la Orden al Mérito de la República Italiana,subclase de,Caballero Gran Cruz de la Orden al Mérito de la República Italiana
Caballero de Gran Cruz con collar de la Orden al Mérito de la República Italiana,subclase de,Gran Cruz con Collar
Gran Cruz de la Orden El Sol del Perú,país,Perú
Gran Cruz de la Orden El Sol del Perú,instancia de,grado de una orden
Gran Cruz de la Orden El Sol del Perú,subclase de,Gran Cruz
Gran Cruz de la Orden El Sol del Perú,forma parte de,Orden El Sol del Perú
Gran Cruz de la Orden El Sol del Perú,categoría para los galardonados con este premio,Categoría:Grandes cruces de la Orden El Sol del Perú
embajador,instancia de,rango diplomático
embajador,instancia de,título de autoridad
embajador,instancia de,cargo
embajador,texto regulador principal,Convención de Viena sobre Relaciones Diplomáticas
embajador,subclase de,jefe de misión
Universidad Estatal de Luisiana,país,Estados Unidos
Universidad Estatal de Luisiana,instancia de,Universidad de concesión de tierras
Universidad Estatal de Luisiana,instancia de,universidad pública
Universidad Estatal de Luisiana,instancia de,universidad de investigación
Universidad Estatal de Luisiana,instancia de,institución educativa pública de los Estados Unidos
Cañazas,país,Panamá
Cañazas,instancia de,Comunidad de Panamá
Cañazas,situado en la entidad territorial administrativa,Provincia de Veraguas
Cañazas,capital de,Cañazas
obispo diocesano,instancia de,cargo eclesiástico
obispo diocesano,instancia de,función episcopal
obispo diocesano,subclase de,obispo
obispo diocesano,subclase de,pastor
obispo diocesano,subclase de,ordinario
Houston,jefe de gobierno,John Whitmire
Houston,país,Estados Unidos
Houston,instancia de,sede de condado
Houston,instancia de,ciudad de Estados Unidos
Houston,instancia de,gran ciudad
atleta,categoría principal del tema,Categoría:Atletas
atleta,descrito en la fuente,Pauly-Wissowa
atleta,plantilla principal del tema,Plantilla:Ficha de corredor
atleta,diferente de,deportista
Escuela Preparatoria Westbury,país,Estados Unidos
Escuela Preparatoria Westbury,instancia de,escuela secundaria superior
Escuela Preparatoria Westbury,situado en la entidad territorial administrativa,Texas
baterista,instancia de,ocupación
baterista,instancia de,profesión musical
baterista,subclase de,percusionista
baterista,se dice que es lo mismo que,tambor
Instituto de Tecnología de Georgia,país,Estados Unidos
Instituto de Tecnología de Georgia,instancia de,universidad técnica
Instituto de Tecnología de Georgia,instancia de,institución educativa pública de los Estados Unidos
Instituto de Tecnología de Georgia,instancia de,universidad pública de investigación
Instituto de Tecnología de Georgia,situado en la entidad territorial administrativa,Atlanta
José Quintero,Lugar de nacimiento,Ciudad de Panamá
José Quintero,Ocupación,realizador
José Quintero,Ciudadanía,Panamá
José Quintero,Educado en,Colegio de la ciudad de Los Ángeles
José Quintero,Premio recibido,Premio Tony a la mejor dirección en una obra de teatro
José Quintero,Fecha de nacimiento,1924-10-15
José Quintero,Fecha de defunción,1999-02-26
Jorge Luján,Lugar de nacimiento,Ciudad de Colón
Jorge Luján,Ocupación,boxeador
Jorge Luján,Ciudadanía,Panamá
Jorge Luján,Fecha de nacimiento,1955-03-18
José Quintero,Ocupación,director de cine
José Quintero,Educado en,Universidad del Sur de California
José Quintero,Ocupación,director de teatro
realizador,instancia de,profesión
realizador,subclase de,artista
realizador,subclase de,gerente
realizador,subclase de,creador
realizador,ámbito de la ocupación,montaje
Colegio de la ciudad de Los Ángeles,país,Estados Unidos
Colegio de la ciudad de Los Ángeles,instancia de,colegio universitario
Colegio de la ciudad de Los Ángeles,instancia de,institución educativa pública de los Estados Unidos
Colegio de la ciudad de Los Ángeles,situado en la entidad territorial administrativa,Los Ángeles
Premio Tony a la mejor dirección en una obra de teatro,país,Estados Unidos
Premio Tony a la mejor dirección en una obra de teatro,instancia de,premio de teatro
Premio Tony a la mejor dirección en una obra de teatro,instancia de,categoría de un premio
Premio Tony a la mejor dirección en una obra de teatro,precedido por,Premio Tony al mejor director
Premio Tony a la mejor dirección en una obra de teatro,ubicación,Nueva York
beisbolista,ámbito de la ocupación,béisbol femenino
Universidad Rusa de la Amistad de los Pueblos,instancia de,editor de acceso abierto
Universidad Rusa de la Amistad de los Pueblos,situado en la entidad territorial administrativa,Moscú
artista,ámbito de la ocupación,arte
Eduardo Dasent,Lugar de nacimiento,Ciudad de Panamá
Eduardo Dasent,Ocupación,futbolista
Eduardo Dasent,Ciudadanía,Panamá
Eduardo Dasent,Fecha de nacimiento,1988-10-12
Rubén Tejada,Lugar de nacimiento,Santiago de Veraguas
Rubén Tejada,Ocupación,beisbolista
Rubén Tejada,Ciudadanía,Panamá
Rubén Tejada,Fecha de nacimiento,1989-10-27
Jerónimo de la Ossa,Lugar de nacimiento,Ciudad de Panamá
Jerónimo de la Ossa,Ocupación,poeta
Jerónimo de la Ossa,Ciudadanía,Panamá
Jerónimo de la Ossa,Fecha de nacimiento,1847-04-09
Jerónimo de la Ossa,Fecha de defunción,1907-09-07
Jerónimo de la Ossa,Ocupación,ingeniero
Jerónimo de la Ossa,Ocupación,diplomático
Ramón Carretero,Lugar de nacimiento,Ciudad de Panamá
Ramón Carretero,Ocupación,ciclista
Ramón Carretero,Ciudadanía,Panamá
Ramón Carretero,Fecha de nacimiento,1990-11-26
Omar Simmonds Pea,Lugar de nacimiento,Ciudad de Panamá
Omar Simmonds Pea,Ocupación,yudoca
Omar Simmonds Pea,Ciudadanía,Panamá
Omar Simmonds Pea,Fecha de nacimiento,1981-08-15
Rómulo de la Cruz Emiliani Sánchez,Lugar de nacimiento,Ciudad de Colón
Rómulo de la Cruz Emiliani Sánchez,Ocupación,sacerdote católico
Rómulo de la Cruz Emiliani Sánchez,Ciudadanía,Panamá
Rómulo de la Cruz Emiliani Sánchez,Cargo,obispo auxiliar
Rómulo de la Cruz Emiliani Sánchez,Fecha de nacimiento,1948-05-03
Rómulo de la Cruz Emiliani Sánchez,Ocupación,obispo católico
Rómulo de la Cruz Emiliani Sánchez,Cargo,obispo titular
Rómulo de la Cruz Emiliani Sánchez,Cargo,vicario apostólico
Justine Pasek,Lugar de nacimiento,Járkov
Justine Pasek,Ocupación,participante en concursos de belleza
Justine Pasek,Ciudadanía,Panamá
Justine Pasek,Educado en,Instituto Tecnológico y de Estudios Superiores de Monterrey
Justine Pasek,Premio recibido,Miss Universo 2002
Justine Pasek,Fecha de nacimiento,1979-08-29
Justine Pasek,Ocupación,artista de concepto
Justine Pasek,Premio recibido,Señorita Panamá 2001
Lorna,Lugar de nacimiento,Panamá
Lorna,Ocupación,cantante
Lorna,Ciudadanía,Panamá
Lorna,Fecha de nacimiento,1983-05-11
Lorna,Ocupación,rapero
Stuart Gray,Lugar de nacimiento,Zona del Canal de Panamá
Stuart Gray,Ocupación,baloncestista
Stuart Gray,Ciudadanía,Estados Unidos
Stuart Gray,Educado en,Universidad de California en Los Ángeles
Stuart Gray,Fecha de nacimiento,1963-05-27
Stuart Gray,Ciudadanía,Panamá
Stuart Gray,Educado en,John F. Kennedy High School
Ismael Laguna,Lugar de nacimiento,Ciudad de Colón
Ismael Laguna,Ocupación,boxeador
Ismael Laguna,Ciudadanía,Panamá
Ismael Laguna,Fecha de nacimiento,1943-06-28
Celestino Caballero,Lugar de nacimiento,Ciudad de Colón
Celestino Caballero,Ocupación,boxeador
Celestino Caballero,Ciudadanía,Panamá
Celestino Caballero,Fecha de nacimiento,1976-06-21
Luis Mejía,Lugar de nacimiento,Ciudad de Panamá
Luis Mejía,Ocupación,futbolista
Luis Mejía,Ciudadanía,Panamá
Luis Mejía,Fecha de nacimiento,1991-03-16
Felipe Baloy,Lugar de nacimiento,Ciudad de Panamá
Felipe Baloy,Ocupación,futbolista
Felipe Baloy,Ciudadanía,Panamá
Felipe Baloy,Fecha de nacimiento,1981-02-24
Uriah Ashley,Lugar de nacimiento,Almirante
Uriah Ashley,Ocupación,sacerdote católico
Uriah Ashley,Ciudadanía,Panamá
Uriah Ashley,Cargo,obispo auxiliar
Uriah Ashley,Fecha de nacimiento,1944-02-01
Uriah Ashley,Fecha de defunción,2020-11-25
Uriah Ashley,Ocupación,obispo católico
Uriah Ashley,Cargo,obispo titular
Uriah Ashley,Cargo,obispo diocesano
Blas Pérez,Lugar de nacimiento,Ciudad de Panamá
Blas Pérez,Ocupación,futbolista
Blas Pérez,Ciudadanía,Panamá
Blas Pérez,Fecha de nacimiento,1981-03-13
Yelko Gómez,Lugar de nacimiento,Provincia de Chiriquí
Yelko Gómez,Ocupación,ciclista
Yelko Gómez,Ciudadanía,Panamá
Yelko Gómez,Fecha de nacimiento,1989-03-09
Walter Philip Leber,Lugar de nacimiento,San Luis
Walter Philip Leber,Ocupación,político
Walter Philip Leber,Ciudadanía,Estados Unidos
Walter Philip Leber,Educado en,Universidad George Washington
Walter Philip Leber,Cargo,Governor of the Panama Canal Zone
Walter Philip Leber,Fecha de nacimiento,1918-09-12
Walter Philip Leber,Fecha de defunción,2009-08-03
Walter Philip Leber,Ciudadanía,Panamá
Walter Philip Leber,Educado en,Missouri University of Science and Technology
José Luis Garcés,Lugar de nacimiento,Ciudad de Panamá
José Luis Garcés,Ocupación,futbolista
José Luis Garcés,Ciudadanía,Panamá
José Luis Garcés,Fecha de nacimiento,1981-05-06
José Luis Garcés,Fecha de nacimiento,1981-05-09
Román torres,Lugar de nacimiento,Ciudad de Panamá
Román torres,Ocupación,futbolista
Román torres,Ciudadanía,Panamá
Román torres,Fecha de nacimiento,1986-03-20
Rubén Garcés,Lugar de nacimiento,Ciudad de Colón
Rubén Garcés,Ocupación,baloncestista
Rubén Garcés,Ciudadanía,España
Rubén Garcés,Educado en,Providence College
Rubén Garcés,Fecha de nacimiento,1973-10-17
Rubén Garcés,Ciudadanía,Argentina
Rubén Garcés,Ciudadanía,Panamá
Rubén Garcés,Educado en,Navarro College
ciclista,instancia de,profesión
ciclista,instancia de,deportista
ciclista,subclase de,ciclista
ciclista,ámbito de la ocupación,ciclismo de competición
yudoca,instancia de,profesión
yudoca,instancia de,ocupación
yudoca,subclase de,deportista
yudoca,subclase de,artista marcial
Járkov,ciudad hermana,Kaunas
Járkov,órgano legislativo,ayuntamiento de Járkov
Járkov,situado cerca del cuerpo de agua,río Járkov
Járkov,escudo de armas,Escudo de Járkov
Járkov,se encuentra en el huso horario,UTC+02:00
Instituto Tecnológico y de Estudios Superiores de Monterrey,idioma usado,español
Instituto Tecnológico y de Estudios Superiores de Monterrey,idioma usado,inglés
Instituto Tecnológico y de Estudios Superiores de Monterrey,categoría para las personas que estudiaron en esta institución,Categoría:Alumnado del Instituto Tecnológico y de Estudios Superiores de Monterrey
Instituto Tecnológico y de Estudios Superiores de Monterrey,categoría para empleados de la organización,Categoría:Académicos e investigadores del Instituto Tecnológico y de Estudios Superiores de Monterrey
Miss Universo 2002,instancia de,edición de concurso de belleza
Miss Universo 2002,serie,Miss Universo
Miss Universo 2002,ubicación,Coliseo Roberto Clemente
Miss Universo 2002,presentador,Brook Lee
Miss Universo 2002,presentador,Daisy Fuentes
rapero,instancia de,ocupación
rapero,instancia de,profesión musical
rapero,subclase de,vocalista
rapero,subclase de,músico de hip-hop
Universidad de California en Los Ángeles,país,Estados Unidos
Universidad de California en Los Ángeles,instancia de,universidad
Universidad de California en Los Ángeles,instancia de,organización
Universidad de California en Los Ángeles,instancia de,campus
Universidad de California en Los Ángeles,instancia de,institución educativa pública de los Estados Unidos
Almirante,país,Panamá
Almirante,instancia de,corregimiento
Almirante,situado en la entidad territorial administrativa,Almirante
Almirante,se encuentra en el huso horario,UTC-05:00
Almirante,capital de,Almirante
San Luis,jefe de gobierno,Tishaura Jones
San Luis,país,Estados Unidos
San Luis,instancia de,ciudad de Estados Unidos
San Luis,instancia de,ciudad independiente de los Estados Unidos
San Luis,instancia de,gran ciudad
Universidad George Washington,país,Estados Unidos
Universidad George Washington,instancia de,universidad privada
Universidad George Washington,instancia de,universidad de investigación
Universidad George Washington,instancia de,institución educativa privada sin fines de lucro
Universidad George Washington,instancia de,editor de acceso abierto
Providence College,calendario académico,semestre
Providence College,país,Estados Unidos
Providence College,instancia de,universidad
Providence College,instancia de,institución educativa privada sin fines de lucro
Providence College,situado en la entidad territorial administrativa,Providence
William Everett Potter,Lugar de nacimiento,Oshkosh
William Everett Potter,Ocupación,político
William Everett Potter,Ciudadanía,Estados Unidos
William Everett Potter,Educado en,Academia Militar de los Estados Unidos
William Everett Potter,Empleador,Universidad del Estado de Ohio
William Everett Potter,Cargo,Governor of the Panama Canal Zone
William Everett Potter,Premio recibido,Leyendas Disney
William Everett Potter,Fecha de nacimiento,1905-07-17
William Everett Potter,Fecha de defunción,1988-12-05
William Everett Potter,Ocupación,profesor universitario
William Everett Potter,Ciudadanía,Panamá
Lía Victoria Borrero González,Lugar de nacimiento,Las Tablas
Lía Victoria Borrero González,Ocupación,modelo
Lía Victoria Borrero González,Ciudadanía,Panamá
Lía Victoria Borrero González,Fecha de nacimiento,1976-08-22
Lía Victoria Borrero González,Ocupación,participante en concursos de belleza
Hilario Zapata,Lugar de nacimiento,Ciudad de Panamá
Hilario Zapata,Ocupación,boxeador
Hilario Zapata,Ciudadanía,Panamá
Hilario Zapata,Fecha de nacimiento,1958-08-19
Pedro Rebolledo,Lugar de nacimiento,Ciudad de Panamá
Pedro Rebolledo,Ocupación,compositor
Pedro Rebolledo,Ciudadanía,Panamá
Pedro Rebolledo,Fecha de nacimiento,1895-04-27
Pedro Rebolledo,Fecha de defunción,1963-10-03
Kenneth Clark,Lugar de nacimiento,Zona del Canal de Panamá
Kenneth Clark,Ocupación,psicólogo
Kenneth Clark,Ciudadanía,Estados Unidos
Kenneth Clark,Educado en,Universidad de Columbia
Kenneth Clark,Miembro de,Academia Estadounidense de las Artes y las Ciencias
Kenneth Clark,Cargo,President of the American Psychological Association
Kenneth Clark,Premio recibido,Spingarn Medal
Kenneth Clark,Fecha de nacimiento,1914-07-14
Kenneth Clark,Fecha de defunción,2005-05-01
Kenneth Clark,Ocupación,activista por los derechos humanos
Kenneth Clark,Premio recibido,Premio Anisfield-Wolf
Kenneth Clark,Premio recibido,Medal of Liberty
Kenneth Clark,Premio recibido,Premio Cuatro Libertades Libertad de expresión
Kenneth Clark,Premio recibido,Kurt Lewin Award
Kenneth Clark,Premio recibido,APA Award for Outstanding Lifetime Contributions to Psychology
Kenneth Clark,Premio recibido,doctor honoris causa por la Universidad de Columbia
Kenneth Clark,Premio recibido,The Hillman Prize for Book Journalism
Kenneth Clark,Premio recibido,Phoenix Award
Kenneth Clark,Fecha de defunción,2005-05-02
Kenneth Clark,Ciudadanía,Panamá
Kenneth Clark,Educado en,Universidad Howard
Kenneth Clark,Miembro de,National Association for the Advancement of Colored People
Camilo Azuquita,Lugar de nacimiento,Ciudad de Colón
Camilo Azuquita,Ocupación,cantante
Camilo Azuquita,Ciudadanía,Panamá
Camilo Azuquita,Fecha de nacimiento,1946-02-18
Camilo Azuquita,Fecha de defunción,2022-12-25
Héctor M. Collado,Lugar de nacimiento,Ciudad de Panamá
Héctor M. Collado,Ocupación,escritor
Héctor M. Collado,Ciudadanía,Panamá
Héctor M. Collado,Premio recibido,Concurso Nacional de Literatura Ricardo Miró
Héctor M. Collado,Fecha de nacimiento,1959-08-28
Héctor M. Collado,Ocupación,poeta
Héctor M. Collado,Fecha de nacimiento,1960-08-28
Adolfo Medrick,Lugar de nacimiento,Ciudad de Panamá
Adolfo Medrick,Ocupación,baloncestista
Adolfo Medrick,Ciudadanía,Uruguay
Adolfo Medrick,Fecha de nacimiento,1955-01-01
Adolfo Medrick,Fecha de defunción,2018-11-12
Adolfo Medrick,Fecha de nacimiento,1956-01-02
Adolfo Medrick,Ciudadanía,Panamá
Alfredo Martín Peterson,Lugar de nacimiento,Ciudad de Panamá
Alfredo Martín Peterson,Ocupación,taekwondista
Alfredo Martín Peterson,Ciudadanía,Panamá
Alfredo Martín Peterson,Fecha de nacimiento,1968-01-01
Michael Ellis,Lugar de nacimiento,Ciudad de Panamá
Michael Ellis,Ocupación,compositor
Michael Ellis,Ciudadanía,Panamá
Michael Ellis,Fecha de nacimiento,1959-05-12
Michael Ellis,Fecha de defunción,2014-12-06
Michael Ellis,Ocupación,cantante
Michael Ellis,Ocupación,productor discográfico
Keeani Lei,Lugar de nacimiento,Denver
Keeani Lei,Ocupación,actor pornográfico
Keeani Lei,Ciudadanía,Estados Unidos
Keeani Lei,Fecha de nacimiento,1981-03-16
Keeani Lei,Ciudadanía,Panamá
Jaime Penedo,Lugar de nacimiento,Ciudad de Panamá
Jaime Penedo,Ocupación,futbolista
Jaime Penedo,Ciudadanía,España
Jaime Penedo,Fecha de nacimiento,1981-09-26
Jaime Penedo,Ciudadanía,Panamá
Rolando Blackburn,Lugar de nacimiento,Ciudad de Panamá
Rolando Blackburn,Ocupación,futbolista
Rolando Blackburn,Ciudadanía,Panamá
Rolando Blackburn,Fecha de nacimiento,1990-01-09
Aníbal Godoy,Lugar de nacimiento,Ciudad de Panamá
Aníbal Godoy,Ocupación,futbolista
Aníbal Godoy,Ciudadanía,Estados Unidos
Aníbal Godoy,Fecha de nacimiento,1990-02-10
Aníbal Godoy,Ciudadanía,Panamá
Jorman Aguilar,Lugar de nacimiento,Ciudad de Panamá
Jorman Aguilar,Ocupación,futbolista
Jorman Aguilar,Ciudadanía,Panamá
Jorman Aguilar,Fecha de nacimiento,1994-09-11
Alfonso Frazer,Lugar de nacimiento,Ciudad de Panamá
Alfonso Frazer,Ocupación,boxeador
Alfonso Frazer,Ciudadanía,Panamá
Alfonso Frazer,Fecha de nacimiento,1948-01-04
Casey Parker,Lugar de nacimiento,Ciudad de Panamá
Casey Parker,Ocupación,actor pornográfico
Casey Parker,Ciudadanía,Estados Unidos
Casey Parker,Fecha de nacimiento,1986-05-20
Casey Parker,Ocupación,director de cine
Casey Parker,Ciudadanía,Panamá
Emilio Muñoz Barrios,Ocupación,pianista
Emilio Muñoz Barrios,Ciudadanía,Panamá
Emilio Muñoz Barrios,Fecha de nacimiento,1922-12-14
Emilio Muñoz Barrios,Ocupación,organista
Amílcar Henríquez,Lugar de nacimiento,Ciudad de Panamá
Amílcar Henríquez,Ocupación,futbolista
Amílcar Henríquez,Ciudadanía,Panamá
Amílcar Henríquez,Fecha de nacimiento,1983-08-02
Amílcar Henríquez,Fecha de defunción,2017-04-15
Camilo Azuquita,Fecha de nacimiento,1945-01-01
Oshkosh,país,Estados Unidos
Oshkosh,instancia de,sede de condado
Oshkosh,instancia de,ciudad de Estados Unidos
Academia Militar de los Estados Unidos,país,Estados Unidos
Academia Militar de los Estados Unidos,instancia de,academia militar
Academia Militar de los Estados Unidos,instancia de,museo militar
Academia Militar de los Estados Unidos,instancia de,institución educativa pública de los Estados Unidos
Universidad del Estado de Ohio,país,Estados Unidos
Universidad del Estado de Ohio,instancia de,Universidad de concesión de tierras
Universidad del Estado de Ohio,instancia de,institución educativa pública de los Estados Unidos
Universidad del Estado de Ohio,instancia de,universidad pública de investigación
Universidad del Estado de Ohio,situado en la entidad territorial administrativa,Columbus
psicólogo,elemento ejemplo,psicólogo clínico
psicólogo,instancia de,profesión
psicólogo,instancia de,grupo de ocupaciones de la CIUO
Uruguay,forma parte de,América del Sur
Uruguay,forma parte de,América Latina
Uruguay,forma parte de,Cono Sur
Uruguay,forma parte de,Anexo:Paraísos fiscales según la Unión Europea
Uruguay,se encuentra en el huso horario,UTC−3
Denver,ubicación de la sede,Denver
Denver,jefe de gobierno,Michael Johnston
Denver,país,Estados Unidos
Denver,instancia de,ciudad de Estados Unidos
Denver,instancia de,gran ciudad
actor pornográfico,instancia de,ocupación
actor pornográfico,subclase de,trabajador sexual
actor pornográfico,subclase de,actor de cine
actor pornográfico,forma parte de,pornografía
actor pornográfico,ámbito de la ocupación,industria pornográfica
pianista,instancia de,cargo
pianista,instancia de,ocupación
pianista,instancia de,profesión musical
pianista,subclase de,tecladista
organista,instancia de,cargo
organista,instancia de,ocupación
organista,instancia de,profesión musical
organista,subclase de,músico
Clarence Self Ridley,Lugar de nacimiento,Corydon
Clarence Self Ridley,Ocupación,ingeniero
Clarence Self Ridley,Ciudadanía,Estados Unidos
Clarence Self Ridley,Educado en,Academia Militar de los Estados Unidos
Clarence Self Ridley,Cargo,Governor of the Panama Canal Zone
Clarence Self Ridley,Fecha de nacimiento,1883-06-22
Clarence Self Ridley,Fecha de defunción,1969-07-26
Clarence Self Ridley,Ocupación,político
Clarence Self Ridley,Ciudadanía,Panamá
Clarence Self Ridley,Educado en,United States Army War College
Clarence Self Ridley,Educado en,Colegio de Comando y Estado Mayor General del Ejército de los Estados Unidos
Clarence Self Ridley,Educado en,Dwight D. Eisenhower School for National Security and Resource Strategy
Gabriela Deleuze,Lugar de nacimiento,Ciudad de Panamá
Gabriela Deleuze,Ocupación,participante en concursos de belleza
Gabriela Deleuze,Ciudadanía,México
Gabriela Deleuze,Fecha de nacimiento,1965-01-01
Gabriela Deleuze,Ciudadanía,Panamá
Gary Mason,Ocupación,compositor
Gary Mason,Ciudadanía,Panamá
Gary Mason,Fecha de nacimiento,1901-01-01
Gary Mason,Ocupación,productor discográfico
Gary Mason,Ocupación,promotor musical
Gary Stempel,Lugar de nacimiento,Ciudad de Panamá
Gary Stempel,Ocupación,entrenador
Gary Stempel,Ciudadanía,Reino Unido
Gary Stempel,Fecha de nacimiento,1957-01-26
Gary Stempel,Ocupación,futbolista
Gary Stempel,Ocupación,director técnico
Gary Stempel,Fecha de nacimiento,1957-11-15
Gary Stempel,Ciudadanía,Panamá
Antonio «Toño» Díaz,Lugar de nacimiento,Ciudad de Panamá
Antonio «Toño» Díaz,Ocupación,periodista
Antonio «Toño» Díaz,Ciudadanía,Panamá
Antonio «Toño» Díaz,Fecha de nacimiento,1941-08-27
Antonio «Toño» Díaz,Fecha de defunción,2001-10-22
Gerardo González Vernaza,Lugar de nacimiento,Provincia de Veraguas
Gerardo González Vernaza,Ocupación,político
Gerardo González Vernaza,Ciudadanía,Panamá
Gerardo González Vernaza,Educado en,Universidad de Chile
Gerardo González Vernaza,Fecha de nacimiento,1929-04-13
Gerardo González Vernaza,Fecha de defunción,2006-10-21
Gerardo González Vernaza,Educado en,Universidad de Panamá
Gil Garrido,Lugar de nacimiento,Ciudad de Panamá
Gil Garrido,Ocupación,beisbolista
Gil Garrido,Ciudadanía,Panamá
Gil Garrido,Fecha de nacimiento,1941-06-26
Giosue Cozzarelli,Lugar de nacimiento,Provincia de Chiriquí
Giosue Cozzarelli,Ocupación,modelo
Giosue Cozzarelli,Ciudadanía,Panamá
Giosue Cozzarelli,Fecha de nacimiento,1989-04-17
Giselle González Aranda,Lugar de nacimiento,Provincia de Veraguas
Giselle González Aranda,Ocupación,participante en concursos de belleza
Giselle González Aranda,Ciudadanía,Panamá
Giselle González Aranda,Fecha de nacimiento,2000-01-01
Gloria Guardia,Ocupación,escritor
Gloria Guardia,Ciudadanía,Panamá
Gloria Guardia,Educado en,Universidad de Columbia
Gloria Guardia,Fecha de nacimiento,1940-03-12
Gloria Guardia,Fecha de defunción,2019-05-13
Gloria Guardia,Ocupación,periodista
Gloria Guardia,Ciudadanía,Nicaragua
Gloria Guardia,Educado en,Universidad Complutense de Madrid
Gloria Guardia,Educado en,Vassar College
Gloria Guardia,Educado en,Roycemore School
Ricardo Miró,Lugar de nacimiento,Ciudad de Panamá
Ricardo Miró,Ocupación,escritor
Ricardo Miró,Ciudadanía,Panamá
Ricardo Miró,Fecha de nacimiento,1882-11-05
Ricardo Miró,Fecha de defunción,1940-03-02
Ricardo Miró,Ocupación,poeta
Ricardo Miró,Ocupación,diplomático
Nicolle Garay,Lugar de nacimiento,Panamá
Nicolle Garay,Ocupación,escritor
Nicolle Garay,Ciudadanía,Panamá
Nicolle Garay,Fecha de nacimiento,1873-09-10
Nicolle Garay,Fecha de defunción,1928-06-19
Nicolle Garay,Ocupación,poeta
Graciela Dixon,Lugar de nacimiento,Ciudad de Colón
Graciela Dixon,Ocupación,juez
Graciela Dixon,Ciudadanía,Panamá
Graciela Dixon,Educado en,Universidad Católica Santa María La Antigua de Panamá
Graciela Dixon,Empleador,Corte Suprema de Justicia de Panamá
Graciela Dixon,Fecha de nacimiento,1955-03-21
Graciela Dixon,Ocupación,abogado
Graciela Dixon,Educado en,Universidad de Panamá
Guillermo Trujillo,Ocupación,pintor
Guillermo Trujillo,Ciudadanía,Panamá
Guillermo Trujillo,Fecha de nacimiento,1927-01-01
Guillermo Trujillo,Fecha de defunción,2018-01-01
Gyno Pomare,Lugar de nacimiento,Oceanside
Gyno Pomare,Ocupación,baloncestista
Gyno Pomare,Ciudadanía,Estados Unidos
Gyno Pomare,Educado en,Universidad de San Diego
Gyno Pomare,Fecha de nacimiento,1986-04-05
Gyno Pomare,Ciudadanía,Panamá
Gyno Pomare,Educado en,El Camino High School
Álvaro Acevedo,Lugar de nacimiento,Panamá
Álvaro Acevedo,Ocupación,músico
Álvaro Acevedo,Ciudadanía,Panamá
Álvaro Acevedo,Miembro de,Los Rabanes
Álvaro Acevedo,Fecha de nacimiento,1901-01-01
Álvaro Acevedo,Ocupación,publicista
Víctor René Mendieta Ocampo,Lugar de nacimiento,Panamá
Víctor René Mendieta Ocampo,Ocupación,entrenador
Víctor René Mendieta Ocampo,Ciudadanía,Panamá
Víctor René Mendieta Ocampo,Fecha de nacimiento,1961-06-16
Víctor René Mendieta Ocampo,Lugar de nacimiento,Ciudad de Panamá
Víctor René Mendieta Ocampo,Ocupación,futbolista
Abner Benaim,Lugar de nacimiento,Ciudad de Panamá
Abner Benaim,Ocupación,guionista
Abner Benaim,Ciudadanía,Panamá
Abner Benaim,Fecha de nacimiento,1971-01-01
Abner Benaim,Ocupación,productor de televisión
Abner Benaim,Ocupación,director de cine
Universidad del Sur de California,país,Estados Unidos
Universidad del Sur de California,instancia de,universidad privada
Universidad del Sur de California,instancia de,universidad de investigación
Universidad del Sur de California,instancia de,institución educativa privada sin fines de lucro
Universidad del Sur de California,instancia de,editor de acceso abierto
Corydon,país,Estados Unidos
Corydon,instancia de,pueblo de Estados Unidos
México,relación diplomática,Serbia
México,relación diplomática,Australia
México,relación diplomática,Argentina
México,relación diplomática,Perú
México,relación diplomática,Corea del Norte
productor discográfico,se dice que es lo mismo que,ejecutivo discográfico
promotor musical,instancia de,profesión
promotor musical,subclase de,promotor de eventos
Reino Unido,miembro de,Organización para la Cooperación y el Desarrollo Económico
Reino Unido,miembro de,Agencia Espacial Europea
Reino Unido,miembro de,Programa de exención de visa
Reino Unido,miembro de,Organización para la Seguridad y la Cooperación en Europa
Reino Unido,miembro de,Observatorio Europeo del Sur
Provincia de Veraguas,país,Panamá
Provincia de Veraguas,instancia de,provincia de Panamá
Provincia de Veraguas,capital,Santiago de Veraguas
Provincia de Veraguas,comparte fronteras con,Provincia de Chiriquí
Provincia de Veraguas,comparte fronteras con,Provincia de Colón
Universidad de Chile,categoría para las personas que estudiaron en esta institución,Categoría:Alumnado de la Universidad de Chile
Universidad de Chile,categoría para empleados de la organización,Categoría:Profesores de la Universidad de Chile
Universidad de Chile,confiere,magíster en ciencias con mención en computación
Universidad de Chile,país,Chile
juez,instancia de,embede
juez,instancia de,profesión jurídica
juez,instancia de,grupo de ocupaciones de la CIUO
juez,subclase de,jurista
Universidad Católica Santa María La Antigua de Panamá,país,Panamá
Universidad Católica Santa María La Antigua de Panamá,instancia de,universidad privada
Universidad Católica Santa María La Antigua de Panamá,situado en la entidad territorial administrativa,Ciudad de Panamá
Corte Suprema de Justicia de Panamá,país,Panamá
Corte Suprema de Justicia de Panamá,instancia de,corte suprema
Oceanside,país,Estados Unidos
Oceanside,instancia de,ciudad de Estados Unidos
Oceanside,instancia de,gran ciudad
Universidad de San Diego,país,Estados Unidos
Universidad de San Diego,instancia de,universidad privada
Universidad de San Diego,instancia de,institución educativa privada sin fines de lucro
Universidad de San Diego,situado en la entidad territorial administrativa,San Diego
Universidad de San Diego,religión,Iglesia católica
músico,instancia de,ocupación
músico,instancia de,profesión musical
músico,ocupación,pintor
músico,subclase de,artista
músico,ámbito de la ocupación,música
Los Rabanes,instancia de,agrupación musical
Los Rabanes,género,ska punk
Los Rabanes,sello discográfico,Sony Music
Los Rabanes,país de origen,Panamá
Los Rabanes,lugar de formación,Chitré
productor de televisión,instancia de,profesión
productor de televisión,instancia de,cargo
productor de televisión,subclase de,profesional de medios
productor de televisión,subclase de,productor
productor de televisión,forma parte de,equipo de televisión
Guy Abrahams,Lugar de nacimiento,Panamá
Guy Abrahams,Ocupación,atleta
Guy Abrahams,Ciudadanía,Panamá
Guy Abrahams,Educado en,Universidad del Sur de California
Guy Abrahams,Fecha de nacimiento,1953-03-07
Luis Tejada,Lugar de nacimiento,Ciudad de Panamá
Luis Tejada,Ocupación,futbolista
Luis Tejada,Ciudadanía,Panamá
Luis Tejada,Fecha de nacimiento,1982-03-28
Luis Tejada,Fecha de defunción,2024-01-28
Óscar McFarlane,Lugar de nacimiento,Ciudad de Panamá
Óscar McFarlane,Ocupación,futbolista
Óscar McFarlane,Ciudadanía,Panamá
Óscar McFarlane,Fecha de nacimiento,1980-11-29
Máximo Arrates Boza,Lugar de nacimiento,Santiago de Cuba
Máximo Arrates Boza,Ocupación,compositor
Máximo Arrates Boza,Ciudadanía,Cuba
Máximo Arrates Boza,Fecha de nacimiento,1859-11-06
Máximo Arrates Boza,Fecha de defunción,1936-08-09
Máximo Arrates Boza,Ciudadanía,Panamá
George Maycock,Lugar de nacimiento,Provincia de Colón
George Maycock,Ocupación,pianista
George Maycock,Ciudadanía,Panamá
George Maycock,Fecha de nacimiento,1917-09-09
George Maycock,Fecha de defunción,1979-08-20
Rommel Fernández,Lugar de nacimiento,El Chorrillo
Rommel Fernández,Ocupación,futbolista
Rommel Fernández,Ciudadanía,Panamá
Rommel Fernández,Fecha de nacimiento,1966-01-15
Rommel Fernández,Fecha de defunción,1993-05-06
Mario Alberto Molina Palma,Lugar de nacimiento,Ciudad de Panamá
Mario Alberto Molina Palma,Ocupación,sacerdote católico
Mario Alberto Molina Palma,Ciudadanía,Panamá
Mario Alberto Molina Palma,Cargo,obispo diocesano
Mario Alberto Molina Palma,Fecha de nacimiento,1948-10-13
Mario Alberto Molina Palma,Ocupación,obispo católico
Mario Alberto Molina Palma,Cargo,arzobispo metropolitano católico romano
Gabriel Gómez,Lugar de nacimiento,Ciudad de Panamá
Gabriel Gómez,Ocupación,futbolista
Gabriel Gómez,Ciudadanía,Panamá
Gabriel Gómez,Fecha de nacimiento,1984-05-29
Juan Carlos Varela,Lugar de nacimiento,Ciudad de Panamá
Juan Carlos Varela,Ocupación,político
Juan Carlos Varela,Ciudadanía,Panamá
Juan Carlos Varela,Educado en,Instituto de Tecnología de Georgia
Juan Carlos Varela,Cargo,Presidente de Panamá
Juan Carlos Varela,Premio recibido,Orden de la Estrella Brillante
Juan Carlos Varela,Fecha de nacimiento,1963-12-12
Juan Carlos Varela,Ocupación,ministro
Juan Carlos Varela,Ocupación,emprendedor
Juan Carlos Varela,Premio recibido,Collar pro Merito Melitensi
Juan Carlos Varela,Premio recibido,honorary doctor of the Renmin University of China
Juan Carlos Varela,Educado en,"Xavier College, Panama"
Juan Carlos Varela,Cargo,Vicepresidente de Panamá
Juan Carlos Varela,Cargo,Ministro de Relaciones Exteriores de Panamá
J.R. Pinnock,Lugar de nacimiento,Fort Hood
J.R. Pinnock,Ocupación,baloncestista
J.R. Pinnock,Ciudadanía,Estados Unidos
J.R. Pinnock,Educado en,Universidad George Washington
J.R. Pinnock,Fecha de nacimiento,1983-12-11
J.R. Pinnock,Ciudadanía,Panamá
J.R. Pinnock,Educado en,Eagle's Landing High School
Danilo Pérez,Lugar de nacimiento,Ciudad de Panamá
Danilo Pérez,Ocupación,compositor
Danilo Pérez,Ciudadanía,Panamá
Danilo Pérez,Educado en,Berklee College of Music
Danilo Pérez,Empleador,Berklee College of Music
Danilo Pérez,Premio recibido,Orden de Vasco Núñez de Balboa
Danilo Pérez,Fecha de nacimiento,1966-12-29
Danilo Pérez,Ocupación,pianista
Danilo Pérez,Ocupación,músico de jazz
Danilo Pérez,Ocupación,profesor de música
Danilo Pérez,Empleador,Conservatorio de Música de Nueva Inglaterra
Carlos Lee,Lugar de nacimiento,Aguadulce
Carlos Lee,Ocupación,beisbolista
Carlos Lee,Ciudadanía,Panamá
Carlos Lee,Fecha de nacimiento,1976-06-20
Jorge Sylvester,Lugar de nacimiento,Ciudad de Colón
Jorge Sylvester,Ocupación,saxofonista
Jorge Sylvester,Ciudadanía,Panamá
Jorge Sylvester,Fecha de nacimiento,1954-01-01
Marco A. Gandásegui,Lugar de nacimiento,Ciudad de Panamá
Marco A. Gandásegui,Ocupación,profesor universitario
Marco A. Gandásegui,Ciudadanía,Panamá
Marco A. Gandásegui,Educado en,Universidad de Chile
Marco A. Gandásegui,Empleador,Universidad de Panamá
Marco A. Gandásegui,Miembro de,Asociación Latinoamericana de Sociología
Marco A. Gandásegui,Fecha de nacimiento,1943-04-28
Marco A. Gandásegui,Fecha de defunción,2020-04-24
Marco A. Gandásegui,Ocupación,periodista
Marco A. Gandásegui,Ocupación,sociólogo
Marco A. Gandásegui,Educado en,Universidad Estatal de Nueva York
Eduardo Pedroza,Lugar de nacimiento,Ciudad de Panamá
Eduardo Pedroza,Ocupación,jockey
Eduardo Pedroza,Ciudadanía,Panamá
Eduardo Pedroza,Fecha de nacimiento,1974-07-30
Rod Carew,Lugar de nacimiento,Gatún (ciudad)
Rod Carew,Ocupación,entrenador de béisbol
Rod Carew,Ciudadanía,Panamá
Rod Carew,Educado en,George Washington Educational Campus
Rod Carew,Premio recibido,Most Valuable Player
Rod Carew,Fecha de nacimiento,1945-10-01
Rod Carew,Ocupación,beisbolista
El Chombo,Lugar de nacimiento,Panamá
El Chombo,Ocupación,compositor
El Chombo,Ciudadanía,Panamá
El Chombo,Fecha de nacimiento,1969-11-27
El Chombo,Ocupación,productor discográfico
El Chombo,Ocupación,youtuber
Guillermo Jones,Lugar de nacimiento,Ciudad de Colón
Guillermo Jones,Ocupación,boxeador
Guillermo Jones,Ciudadanía,Panamá
Guillermo Jones,Fecha de nacimiento,1972-05-05
Luis Russell,Lugar de nacimiento,Panamá
Luis Russell,Ocupación,compositor
Luis Russell,Ciudadanía,Panamá
Luis Russell,Fecha de nacimiento,1902-08-06
Luis Russell,Fecha de defunción,1963-12-11
Luis Russell,Lugar de nacimiento,Bocas del Toro
Luis Russell,Ocupación,director de orquesta
Luis Russell,Ocupación,pianista
Luis Russell,Ocupación,trombón
Luis Russell,Ocupación,líder de banda
Luis Russell,Ocupación,guitarrista
Luis Russell,Ocupación,violinista
Luis Russell,Ocupación,músico de jazz
Miryam Roper,Lugar de nacimiento,Aquisgrán
Miryam Roper,Ocupación,yudoca
Miryam Roper,Ciudadanía,Alemania
Miryam Roper,Fecha de nacimiento,1982-06-26
Miryam Roper,Ciudadanía,Panamá
Santiago de Cuba,país,Cuba
Santiago de Cuba,instancia de,ciudad
Santiago de Cuba,instancia de,municipio de Cuba
Santiago de Cuba,instancia de,gran ciudad
Santiago de Cuba,comparte fronteras con,Guamá
Cuba,miembro de,Organización Mundial de la Salud
Cuba,miembro de,Organización Mundial del Comercio
Cuba,miembro de,Interpol
Cuba,miembro de,Alianza Bolivariana para América
Cuba,miembro de,Unión Postal Universal
Fort Hood,país,Estados Unidos
Fort Hood,instancia de,base militar
Fort Hood,instancia de,lugar designado por el censo en los Estados Unidos
Fort Hood,comparte fronteras con,Killeen
Fort Hood,situado en la entidad territorial administrativa,condado de Bell
Berklee College of Music,país,Estados Unidos
Berklee College of Music,instancia de,universidad privada
Berklee College of Music,instancia de,academia de música
Berklee College of Music,instancia de,institución educativa privada sin fines de lucro
Berklee College of Music,fundador,Lawrence Berk
saxofonista,instancia de,ocupación
saxofonista,instancia de,profesión musical
saxofonista,subclase de,intérprete de instrumento de viento-madera
profesor universitario,instancia de,profesión académica
profesor universitario,subclase de,profesor
profesor universitario,subclase de,académico
profesor universitario,ámbito de la ocupación,enseñanza
Gatún (ciudad),país,Panamá
Gatún (ciudad),instancia de,asentamiento
Gatún (ciudad),situado en la entidad territorial administrativa,Provincia de Colón
entrenador de béisbol,instancia de,profesión
entrenador de béisbol,subclase de,entrenador
entrenador de béisbol,ámbito de la ocupación,béisbol
Most Valuable Player,país,Canadá
Most Valuable Player,país,Estados Unidos
Most Valuable Player,instancia de,Jugador Más Valioso
Most Valuable Player,deporte,béisbol
Most Valuable Player,categoría principal del tema,Categoría:Most Valuable Player
Aquisgrán,forma parte de,Renania
Aquisgrán,santo patrón,Asunción de María
Aquisgrán,se encuentra en el huso horario,UTC+01:00
Aquisgrán,se encuentra en el huso horario,UTC+02:00
Aquisgrán,se encuentra en el huso horario,Hora de verano de Europa Central
Alemania,miembro de,Organización para la Cooperación y el Desarrollo Económico
Alemania,miembro de,Organismo Internacional de Energía Atómica
Alemania,miembro de,Agencia Espacial Europea
Alemania,miembro de,Programa de exención de visa
Alemania,miembro de,Organización Internacional del Trabajo
Roderick Esquivel,Lugar de nacimiento,Provincia de Chiriquí
Roderick Esquivel,Ocupación,médico
Roderick Esquivel,Ciudadanía,Panamá
Roderick Esquivel,Fecha de nacimiento,1927-05-12
Roderick Esquivel,Fecha de defunción,2010-10-28
Roderick Esquivel,Ocupación,político
Roderick Esquivel,Ocupación,catedrático
Herbert de Castro,Lugar de nacimiento,Ciudad de Panamá
Herbert de Castro,Ocupación,compositor
Herbert de Castro,Ciudadanía,Panamá
Herbert de Castro,Fecha de nacimiento,1905-01-18
Herbert de Castro,Fecha de defunción,1969-01-01
Herbert de Castro,Ocupación,director de orquesta
Héctor Daley,Ocupación,atleta
Héctor Daley,Ciudadanía,Panamá
Héctor Daley,Fecha de nacimiento,1961-10-22
Héctor Daley,Fecha de nacimiento,1961-11-22
Oscar Mario Brown Jiménez,Lugar de nacimiento,Ciudad de Panamá
Oscar Mario Brown Jiménez,Ocupación,sacerdote católico
Oscar Mario Brown Jiménez,Ciudadanía,Panamá
Oscar Mario Brown Jiménez,Cargo,obispo auxiliar
Oscar Mario Brown Jiménez,Fecha de nacimiento,1937-08-06
Oscar Mario Brown Jiménez,Ocupación,obispo católico
Oscar Mario Brown Jiménez,Cargo,obispo titular
Oscar Mario Brown Jiménez,Cargo,obispo de Santiago de Veraguas
Jarl Ricardo Babot,Lugar de nacimiento,Ciudad de Panamá
Jarl Ricardo Babot,Ocupación,escritor
Jarl Ricardo Babot,Ciudadanía,Panamá
Jarl Ricardo Babot,Premio recibido,Concurso Nacional de Literatura Ricardo Miró
Jarl Ricardo Babot,Fecha de nacimiento,1946-01-01
Jarl Ricardo Babot,Ocupación,dramaturgo
José Luis Lacunza Maestrojuán,Lugar de nacimiento,Pamplona
José Luis Lacunza Maestrojuán,Ocupación,sacerdote católico
José Luis Lacunza Maestrojuán,Ciudadanía,España
José Luis Lacunza Maestrojuán,Educado en,Universidad de Zaragoza
José Luis Lacunza Maestrojuán,Cargo,obispo auxiliar
José Luis Lacunza Maestrojuán,Fecha de nacimiento,1944-02-24
José Luis Lacunza Maestrojuán,Ocupación,fraile
José Luis Lacunza Maestrojuán,Ocupación,obispo católico
José Luis Lacunza Maestrojuán,Ocupación,misionero católico
José Luis Lacunza Maestrojuán,Ciudadanía,Panamá
José Luis Lacunza Maestrojuán,Cargo,obispo titular
José Luis Lacunza Maestrojuán,Cargo,obispo diocesano
José Luis Lacunza Maestrojuán,Cargo,cardenal presbítero
José Agustín Arango,Lugar de nacimiento,Ciudad de Panamá
José Agustín Arango,Ocupación,abogado
José Agustín Arango,Ciudadanía,Panamá
José Agustín Arango,Cargo,presidente
José Agustín Arango,Fecha de nacimiento,1841-02-24
José Agustín Arango,Fecha de defunción,1909-05-10
José Agustín Arango,Ocupación,político
José Agustín Arango,Cargo,secretario
José Dimas Cedeño Delgado,Lugar de nacimiento,Peña Blanca
José Dimas Cedeño Delgado,Ocupación,sacerdote católico
José Dimas Cedeño Delgado,Ciudadanía,Panamá
José Dimas Cedeño Delgado,Cargo,administrador apostólico
José Dimas Cedeño Delgado,Fecha de nacimiento,1933-07-23
José Dimas Cedeño Delgado,Ocupación,obispo católico
José Dimas Cedeño Delgado,Cargo,Arzobispo de Panamá
José Dimas Cedeño Delgado,Cargo,obispo de Santiago de Veraguas
José P. Tamborini,Lugar de nacimiento,Buenos Aires
José P. Tamborini,Ocupación,médico
José P. Tamborini,Ciudadanía,Panamá
José P. Tamborini,Educado en,"Facultad de Ciencias Médicas, Universidad de Buenos Aires"
José P. Tamborini,Cargo,diputado de Argentina
José P. Tamborini,Fecha de nacimiento,1886-02-22
José P. Tamborini,Fecha de defunción,1955-09-25
José P. Tamborini,Ocupación,político
José P. Tamborini,Educado en,Colegio Nacional de Buenos Aires
José P. Tamborini,Cargo,senador de Argentina
Julio César Terán Dutari,Lugar de nacimiento,Soná
Julio César Terán Dutari,Ocupación,sacerdote católico
Julio César Terán Dutari,Ciudadanía,Panamá
Julio César Terán Dutari,Cargo,obispo auxiliar
Julio César Terán Dutari,Fecha de nacimiento,1933-08-15
Julio César Terán Dutari,Ocupación,obispo católico
Julio César Terán Dutari,Cargo,obispo titular
Julio César Terán Dutari,Cargo,administrador apostólico
Julio César Terán Dutari,Cargo,obispo de Ibarra
Luis Henríquez,Lugar de nacimiento,Ciudad de Panamá
Luis Henríquez,Ocupación,futbolista
Luis Henríquez,Ciudadanía,Panamá
Luis Henríquez,Fecha de nacimiento,1981-11-23
Marcos Sánchez,Lugar de nacimiento,Ciudad de Panamá
Marcos Sánchez,Ocupación,futbolista
Marcos Sánchez,Ciudadanía,Panamá
Marcos Sánchez,Fecha de nacimiento,1989-12-23
Tristán Solarte,Lugar de nacimiento,Bocas del Toro
Tristán Solarte,Ocupación,escritor
Tristán Solarte,Ciudadanía,Panamá
Tristán Solarte,Educado en,Universidad de Costa Rica
Tristán Solarte,Miembro de,Academia Panameña de la Lengua
Tristán Solarte,Premio recibido,Premio María Moors Cabot
Tristán Solarte,Fecha de nacimiento,1924-06-01
Tristán Solarte,Fecha de defunción,2019-02-24
Tristán Solarte,Ocupación,poeta
Tristán Solarte,Ocupación,periodista
Tristán Solarte,Ocupación,novelista
Tristán Solarte,Premio recibido,Orden de Manuel Amador Guerrero
Tristán Solarte,Premio recibido,Concurso Nacional de Literatura Ricardo Miró
Roberto Vásquez,Lugar de nacimiento,Ciudad de Panamá
Roberto Vásquez,Ocupación,boxeador
Roberto Vásquez,Ciudadanía,Panamá
Roberto Vásquez,Fecha de nacimiento,1983-05-26
Sheldry Sáez,Lugar de nacimiento,Chitré
Sheldry Sáez,Ocupación,modelo
Sheldry Sáez,Ciudadanía,Panamá
Sheldry Sáez,Fecha de nacimiento,1992-01-15
Sheldry Sáez,Ocupación,participante en concursos de belleza
Juan Huertas,Lugar de nacimiento,Ciudad de Panamá
Juan Huertas,Ocupación,boxeador
Juan Huertas,Ciudadanía,Panamá
Juan Huertas,Fecha de nacimiento,1994-06-24
Roberto Arias,Lugar de nacimiento,Panamá
Roberto Arias,Ocupación,político
Roberto Arias,Ciudadanía,Panamá
Roberto Arias,Educado en,Saint John's College
Roberto Arias,Cargo,embajador
Roberto Arias,Fecha de nacimiento,1918-10-26
Roberto Arias,Fecha de defunción,1989-11-22
Roberto Arias,Ocupación,periodista
Roberto Arias,Educado en,Peddie School
Armando Cooper,Lugar de nacimiento,Ciudad de Colón
Armando Cooper,Ocupación,futbolista
Armando Cooper,Ciudadanía,Argentina
Armando Cooper,Fecha de nacimiento,1987-11-26
Armando Cooper,Ciudadanía,Panamá
Pedro Alcázar,Ocupación,boxeador
Pedro Alcázar,Ciudadanía,Panamá
Pedro Alcázar,Premio recibido,WBO World Junior Bantamweight Champion
Pedro Alcázar,Fecha de nacimiento,1975-09-16
Pedro Alcázar,Fecha de defunción,2002-06-24
Luis Gabriel Rentería,Lugar de nacimiento,Panamá
Luis Gabriel Rentería,Ocupación,futbolista
Luis Gabriel Rentería,Ciudadanía,Panamá
Luis Gabriel Rentería,Fecha de nacimiento,1988-09-13
Luis Gabriel Rentería,Fecha de defunción,2014-03-06
Pamplona,jefe de gobierno,Enrique Maya
Pamplona,jefe de gobierno,Yolanda Barcina
Pamplona,jefe de gobierno,Joseba Asirón
Pamplona,jefe de gobierno,Cristina Ibarrola
Pamplona,país,España
Universidad de Zaragoza,país,España
Universidad de Zaragoza,diferente de,Universidad Pontificia de Zaragoza
Universidad de Zaragoza,cargo ocupado por el dirigente,Rector de la Universidad de Zaragoza
Universidad de Zaragoza,idioma usado,español
Universidad de Zaragoza,categoría para las personas que estudiaron en esta institución,Categoría:Alumnado de la Universidad de Zaragoza
presidente,instancia de,cargo público
presidente,instancia de,cargo
presidente,precedido por,presidente electo
presidente,subclase de,jefe de Estado
presidente,subclase de,político
Peña Blanca,país,Estados Unidos
Peña Blanca,instancia de,lugar designado por el censo en los Estados Unidos
Peña Blanca,instancia de,comunidad no incorporada en los Estados Unidos
Peña Blanca,situado en la entidad territorial administrativa,condado de Sandoval
Peña Blanca,situado cerca del cuerpo de agua,Río Bravo
administrador apostólico,instancia de,cargo
administrador apostólico,instancia de,cargo eclesiástico
administrador apostólico,subclase de,sacerdote católico
administrador apostólico,subclase de,administrador
administrador apostólico,subclase de,prelado territorial
Buenos Aires,país,Argentina
Buenos Aires,continente,América
Buenos Aires,instancia de,entidad territorial administrativa
Buenos Aires,instancia de,circunscripción electoral
Buenos Aires,instancia de,capital federal
"Facultad de Ciencias Médicas, Universidad de Buenos Aires",país,Argentina
"Facultad de Ciencias Médicas, Universidad de Buenos Aires",instancia de,facultad universitaria
"Facultad de Ciencias Médicas, Universidad de Buenos Aires",instancia de,institución educativa
"Facultad de Ciencias Médicas, Universidad de Buenos Aires",situado en la entidad territorial administrativa,Buenos Aires
"Facultad de Ciencias Médicas, Universidad de Buenos Aires",ubicación de la sede,Recoleta
diputado de Argentina,país,Argentina
diputado de Argentina,instancia de,cargo
diputado de Argentina,instancia de,ocupación
diputado de Argentina,subclase de,diputado
diputado de Argentina,forma parte de,Cámara de Diputados de la Nación Argentina
Soná,país,Panamá
Soná,instancia de,Comunidad de Panamá
Soná,situado en la entidad territorial administrativa,Provincia de Veraguas
Soná,se encuentra en el huso horario,UTC-05:00
Soná,capital de,Soná
Universidad de Costa Rica,país,Costa Rica
Universidad de Costa Rica,instancia de,universidad
Universidad de Costa Rica,instancia de,editor de acceso abierto
Universidad de Costa Rica,situado en la entidad territorial administrativa,Cantón de Montes de Oca
Universidad de Costa Rica,filial,"Vicerrectoría de Investigación, Universidad de Costa Rica"
Academia Panameña de la Lengua,país,Panamá
Academia Panameña de la Lengua,instancia de,academia
Academia Panameña de la Lengua,situado en la entidad territorial administrativa,Provincia de Panamá
Academia Panameña de la Lengua,ubicación de la sede,Academia Panameña de la Lengua
Saint John's College,país,Reino Unido
Saint John's College,instancia de,college de la Universidad de Cambridge
Saint John's College,instancia de,edificio universitario
Saint John's College,fundador,Margarita Beaufort
Argentina,se encuentra en el huso horario,Hora oficial argentina
Argentina,miembro de,Organización de las Naciones Unidas
Argentina,miembro de,Unión de Naciones Suramericanas
Argentina,miembro de,Mercosur
Argentina,miembro de,UNESCO
Alberto Blanco,Lugar de nacimiento,Ciudad de Panamá
Alberto Blanco,Ocupación,futbolista
Alberto Blanco,Ciudadanía,Panamá
Alberto Blanco,Fecha de nacimiento,1978-01-08
Nahil Carroll,Lugar de nacimiento,Ciudad de Panamá
Nahil Carroll,Ocupación,futbolista
Nahil Carroll,Ciudadanía,Panamá
Nahil Carroll,Fecha de nacimiento,1983-09-09
Nicanor de Obarrio,Lugar de nacimiento,Nueva York
Nicanor de Obarrio,Ocupación,militar
Nicanor de Obarrio,Ciudadanía,Panamá
Nicanor de Obarrio,Fecha de nacimiento,1873-06-03
Nicanor de Obarrio,Fecha de defunción,1941-01-16
Nicanor de Obarrio,Ocupación,político
Nicanor de Obarrio,Ocupación,diplomático
Paul Cordero,Lugar de nacimiento,Ciudad de Colón
Paul Cordero,Ocupación,futbolista
Paul Cordero,Ciudadanía,Panamá
Paul Cordero,Fecha de nacimiento,1991-03-28
Nueva York,jefe de gobierno,Eric Adams
Nueva York,país,Estados Unidos
Nueva York,continente,América del Norte
Nueva York,instancia de,ciudad
Nueva York,instancia de,megaciudad
Orden del Imperio británico,categoría para los galardonados con este premio,Categoría:Orden del Imperio Británico
Orden del Imperio británico,rango inmediatamente inferior,Orden de la Corona de la India
Orden del Imperio británico,rango inmediatamente superior,Real Orden Victoriana
Universidad del Rosario,país,Colombia
Universidad del Rosario,instancia de,universidad privada
Universidad del Rosario,instancia de,editor de acceso abierto
Universidad del Rosario,situado en la entidad territorial administrativa,Bogotá
Universidad del Rosario,miembro de,Federación Internacional de Asociaciones de Bibliotecarios y Bibliotecas
Bandera de Panamá,instancia de,bandera nacional
Bandera de Panamá,representa a,campo
Bandera de Panamá,representa a,estrella de cinco puntas
Bandera de Panamá,color,azul
Bandera de Panamá,color,rojo
Pedro Bejarano Palacios,Lugar de nacimiento,Río Chorcha
Pedro Bejarano Palacios,Ocupación,político
Pedro Bejarano Palacios,Ciudadanía,Costa Rica
Pedro Bejarano Palacios,Cargo,cacique
Pedro Bejarano Palacios,Fecha de nacimiento,1901-01-01
Pedro Bejarano Palacios,Fecha de defunción,2012-10-06
Pedro Bejarano Palacios,Ocupación,líder militar
Pedro Bejarano Palacios,Ciudadanía,Panamá
Irene Núñez,Lugar de nacimiento,Ciudad de Panamá
Irene Núñez,Ocupación,modelo
Irene Núñez,Ciudadanía,Panamá
Irene Núñez,Fecha de nacimiento,1987-06-11
Irene Núñez,Ocupación,participante en concursos de belleza
Irving Berry,Lugar de nacimiento,Ciudad de Panamá
Irving Berry,Ocupación,boxeador
Irving Berry,Ciudadanía,Panamá
Irving Berry,Fecha de nacimiento,1986-01-11
Porfirio Meléndez,Lugar de nacimiento,Ciudad de Panamá
Porfirio Meléndez,Ocupación,político
Porfirio Meléndez,Ciudadanía,Panamá
Porfirio Meléndez,Cargo,diputado
Porfirio Meléndez,Fecha de nacimiento,1854-01-01
Porfirio Meléndez,Fecha de defunción,1915-01-01
Porfirio Meléndez,Ocupación,emprendedor
Ismael Ortiz,Lugar de nacimiento,Ciudad de Panamá
Ismael Ortiz,Ocupación,nadador
Ismael Ortiz,Ciudadanía,Panamá
Ismael Ortiz,Educado en,Universidad Drury
Ismael Ortiz,Fecha de nacimiento,1982-10-22
Pércival Piggott,Lugar de nacimiento,Ciudad de Panamá
Pércival Piggott,Ocupación,entrenador
Pércival Piggott,Ciudadanía,Panamá
Pércival Piggott,Fecha de nacimiento,1966-11-23
Pércival Piggott,Ocupación,futbolista
Rafael Aizpuru,Ciudadanía,Panamá
Rafael Aizpuru,Fecha de nacimiento,1843-01-01
Rafael Aizpuru,Fecha de defunción,1919-01-01
Iván Murrell,Lugar de nacimiento,Almirante
Iván Murrell,Ocupación,beisbolista
Iván Murrell,Ciudadanía,Panamá
Iván Murrell,Fecha de nacimiento,1943-04-24
Iván Murrell,Fecha de defunción,2006-10-08
Ivette Cordovez,Lugar de nacimiento,Ciudad de Panamá
Ivette Cordovez,Ocupación,actor
Ivette Cordovez,Ciudadanía,Panamá
Ivette Cordovez,Fecha de nacimiento,1979-06-24
Ivette Cordovez,Ocupación,participante en concursos de belleza
Ramón Fonseca Mora,Lugar de nacimiento,Ciudad de Panamá
Ramón Fonseca Mora,Ocupación,político
Ramón Fonseca Mora,Ciudadanía,Panamá
Ramón Fonseca Mora,Educado en,Escuela de Economía y Ciencia Política de Londres
Ramón Fonseca Mora,Empleador,Conferencia de las Naciones Unidas sobre Comercio y Desarrollo
Ramón Fonseca Mora,Fecha de nacimiento,1952-07-14
Ramón Fonseca Mora,Fecha de defunción,2024-05-08
Ramón Fonseca Mora,Ocupación,ejecutivo de empresa
Ramón Fonseca Mora,Educado en,Universidad del Valle de Guatemala
Ramón Fonseca Mora,Educado en,Universidad de Panamá
Ramón Fonseca Mora,Empleador,Mossack Fonseca
Ramón H. Jurado,Ocupación,escritor
Ramón H. Jurado,Ciudadanía,Panamá
Ramón H. Jurado,Fecha de nacimiento,1922-05-29
Ramón H. Jurado,Fecha de defunción,1978-01-01
Ramón H. Jurado,Ocupación,músico
Reggie Arosemena,Lugar de nacimiento,Panamá
Reggie Arosemena,Ocupación,futbolista
Reggie Arosemena,Ciudadanía,Panamá
Reggie Arosemena,Fecha de nacimiento,1986-09-09
Reina Torres de Araúz,Lugar de nacimiento,Ciudad de Panamá
Reina Torres de Araúz,Ocupación,antropólogo
Reina Torres de Araúz,Ciudadanía,Argentina
Reina Torres de Araúz,Educado en,Facultad de Filosofía y Letras (UBA)
Reina Torres de Araúz,Fecha de nacimiento,1932-10-30
Reina Torres de Araúz,Fecha de defunción,1982-02-26
Reina Torres de Araúz,Ciudadanía,Panamá
Reynaldo Anderson,Lugar de nacimiento,Ciudad de Colón
Reynaldo Anderson,Ocupación,futbolista
Reynaldo Anderson,Ciudadanía,Panamá
Reynaldo Anderson,Fecha de nacimiento,1986-04-12
Ricardo Arango,Lugar de nacimiento,Ciudad de Panamá
Ricardo Arango,Ocupación,político
Ricardo Arango,Ciudadanía,Panamá
Ricardo Arango,Fecha de nacimiento,1839-02-19
Ricardo Arango,Fecha de defunción,1898-10-09
Ricardo Arango,Ocupación,comerciante
Ricardo Buitrago,Lugar de nacimiento,Panamá
Ricardo Buitrago,Ocupación,futbolista
Ricardo Buitrago,Ciudadanía,Panamá
Ricardo Buitrago,Fecha de nacimiento,1985-03-10
Rigoman,Ocupación,cantante
Rigoman,Ciudadanía,Panamá
Rigoman,Fecha de nacimiento,1969-09-01
Roberto Chen,Lugar de nacimiento,Ciudad de Panamá
Roberto Chen,Ocupación,futbolista
Roberto Chen,Ciudadanía,Panamá
Roberto Chen,Fecha de nacimiento,1994-05-24
Roberto Fernández Iglesias,Lugar de nacimiento,Ciudad de Panamá
Roberto Fernández Iglesias,Ocupación,poeta
Roberto Fernández Iglesias,Ciudadanía,Panamá
Roberto Fernández Iglesias,Fecha de nacimiento,1941-08-27
Roberto Fernández Iglesias,Fecha de defunción,2019-04-23
Roberto Fernández Iglesias,Ocupación,periodista
Roberto Fernández Iglesias,Ocupación,crítico literario
Roberto Pérez-Franco,Lugar de nacimiento,Chitré
Roberto Pérez-Franco,Ocupación,escritor
Roberto Pérez-Franco,Ciudadanía,Panamá
Roberto Pérez-Franco,Educado en,Instituto Tecnológico de Massachusetts
Roberto Pérez-Franco,Premio recibido,"Premio Nacional de Cuento ""José María Sánchez"""
Roberto Pérez-Franco,Fecha de nacimiento,1976-04-26
Roberto Pérez-Franco,Ocupación,poeta
Roberto Pérez-Franco,Ocupación,investigador
Roberto Pérez-Franco,Ocupación,escritor de cuentos
Roberto Pérez-Franco,Educado en,Universidad Tecnológica de Panamá
Río Chorcha,país,Panamá
Río Chorcha,instancia de,arroyo
Río Chorcha,situado en la entidad territorial administrativa,Provincia de Chiriquí
Costa Rica,santo patrón,Virgen de los Ángeles
Costa Rica,se encuentra en el huso horario,UTC−6
Costa Rica,miembro de,Organización de las Naciones Unidas
Costa Rica,miembro de,UNESCO
cacique,país,Brasil
cacique,país,Imperio Español
cacique,instancia de,cargo
cacique,instancia de,ocupación
cacique,subclase de,político
diputado,instancia de,cargo público
diputado,instancia de,designación profesional
diputado,subclase de,parlamentario
diputado,subclase de,legislador
diputado,forma parte de,cámara baja
Universidad Drury,país,Estados Unidos
Universidad Drury,instancia de,universidad
Universidad Drury,instancia de,institución educativa privada sin fines de lucro
Universidad Drury,situado en la entidad territorial administrativa,Springfield
Universidad Drury,ubicación de la sede,Springfield
Almirante,instancia de,Distritos de Panamá
Almirante,capital,Almirante
Almirante,situado en la entidad territorial administrativa,Provincia de Bocas del Toro
Escuela de Economía y Ciencia Política de Londres,filial,TRIUM Global Executive MBA
Escuela de Economía y Ciencia Política de Londres,filial,Systemic Risk Centre
Escuela de Economía y Ciencia Política de Londres,forma parte de,Universidad de Londres
Conferencia de las Naciones Unidas sobre Comercio y Desarrollo,país,Suiza
Conferencia de las Naciones Unidas sobre Comercio y Desarrollo,instancia de,organización de las Naciones Unidas
Conferencia de las Naciones Unidas sobre Comercio y Desarrollo,ubicación de la sede,Ginebra
Conferencia de las Naciones Unidas sobre Comercio y Desarrollo,forma parte de,Sistema de las Naciones Unidas
Conferencia de las Naciones Unidas sobre Comercio y Desarrollo,organización matriz,Asamblea General de las Naciones Unidas
antropólogo,instancia de,profesión
antropólogo,subclase de,científico social
antropólogo,ámbito de la ocupación,antropología
antropólogo,categoría principal del tema,Categoría:Antropólogos
Facultad de Filosofía y Letras (UBA),país,Argentina
Facultad de Filosofía y Letras (UBA),instancia de,facultad universitaria
Facultad de Filosofía y Letras (UBA),instancia de,facultad de filosofía
Facultad de Filosofía y Letras (UBA),situado en la entidad territorial administrativa,Caballito
Facultad de Filosofía y Letras (UBA),filial,"Instituto de Arqueología, Facultad de Filosofía y Letras, Universidad de Buenos Aires"
Instituto Tecnológico de Massachusetts,país,Estados Unidos
Instituto Tecnológico de Massachusetts,instancia de,universidad
Instituto Tecnológico de Massachusetts,instancia de,universidad técnica
Instituto Tecnológico de Massachusetts,instancia de,instituto tecnológico
"Premio Nacional de Cuento ""José María Sánchez""",país,Panamá
"Premio Nacional de Cuento ""José María Sánchez""",instancia de,distinción
"Premio Nacional de Cuento ""José María Sánchez""",nombrado en referencia a,José María Sánchez Borbón
"Premio Nacional de Cuento ""José María Sánchez""",conferido por,Universidad Tecnológica de Panamá
Rodolfo Caicedo,Ocupación,poeta
Rodolfo Caicedo,Ciudadanía,Panamá
Rodolfo Caicedo,Fecha de nacimiento,1868-03-01
Rodolfo Caicedo,Fecha de defunción,1905-09-26
Jacinto Vásquez,Lugar de nacimiento,Panamá
Jacinto Vásquez,Ocupación,jockey
Jacinto Vásquez,Ciudadanía,Estados Unidos
Jacinto Vásquez,Fecha de nacimiento,1944-01-04
Jacinto Vásquez,Ciudadanía,Panamá
Rolando Frazer,Lugar de nacimiento,Ciudad de Panamá
Rolando Frazer,Ocupación,baloncestista
Rolando Frazer,Ciudadanía,Panamá
Rolando Frazer,Educado en,Briar Cliff University
Rolando Frazer,Fecha de nacimiento,1958-07-03
Roque Javier Laurenza,Lugar de nacimiento,Chitré
Roque Javier Laurenza,Ocupación,poeta
Roque Javier Laurenza,Ciudadanía,Panamá
Roque Javier Laurenza,Fecha de nacimiento,1910-12-03
Roque Javier Laurenza,Fecha de defunción,1984-12-08
Roque Javier Laurenza,Ocupación,diplomático
Roque Javier Laurenza,Ocupación,periodista
Roque Javier Laurenza,Ocupación,crítico literario
Salomón Ponce Aguilera,Lugar de nacimiento,Antón
Salomón Ponce Aguilera,Ocupación,escritor
Salomón Ponce Aguilera,Ciudadanía,Panamá
Salomón Ponce Aguilera,Fecha de nacimiento,1868-12-01
Salomón Ponce Aguilera,Fecha de defunción,1945-07-05
Salomón Ponce Aguilera,Ocupación,abogado
Salomón Ponce Aguilera,Ocupación,periodista
Sandra Silvera,Ocupación,pintor
Sandra Silvera,Ciudadanía,Panamá
Sandra Silvera,Fecha de nacimiento,1901-01-01
Santos Jorge,Lugar de nacimiento,España
Santos Jorge,Ocupación,compositor
Santos Jorge,Ciudadanía,España
Santos Jorge,Fecha de nacimiento,1870-11-01
Santos Jorge,Fecha de defunción,1941-12-22
Santos Jorge,Ocupación,director de orquesta
Santos Jorge,Ciudadanía,Panamá
Jahphet Landis,Lugar de nacimiento,Panamá
Jahphet Landis,Ocupación,músico
Jahphet Landis,Ciudadanía,Panamá
Jahphet Landis,Fecha de nacimiento,1984-06-13
Jaime Alemán Healy,Lugar de nacimiento,Ciudad de Panamá
Jaime Alemán Healy,Ocupación,abogado
Jaime Alemán Healy,Ciudadanía,Panamá
Jaime Alemán Healy,Educado en,Universidad de Notre Dame
Jaime Alemán Healy,Empleador,"Alemán, Cordero, Galindo & Lee"
Jaime Alemán Healy,Cargo,ambassador of Panama to the United States
Jaime Alemán Healy,Fecha de nacimiento,1953-11-14
Jaime Alemán Healy,Ocupación,diplomático
Jaime Alemán Healy,Educado en,Duke University School of Law
Jaime Jaen,Lugar de nacimiento,Provincia de Los Santos
Jaime Jaen,Ocupación,beisbolista
Jaime Jaen,Ciudadanía,Panamá
Jaime Jaen,Fecha de nacimiento,1978-10-04
Sofía Santim,Lugar de nacimiento,Ciudad de Panamá
Sofía Santim,Ocupación,escritor
Sofía Santim,Ciudadanía,Panamá
Sofía Santim,Fecha de nacimiento,1982-01-01
Sofía Santim,Ocupación,poeta
Stella Sierra,Lugar de nacimiento,Aguadulce
Stella Sierra,Ocupación,escritor
Stella Sierra,Ciudadanía,Panamá
Stella Sierra,Educado en,Universidad de Panamá
Stella Sierra,Fecha de nacimiento,1917-07-05
Stella Sierra,Fecha de defunción,1997-10-19
Stella Sierra,Ocupación,poeta
Len Picota,Lugar de nacimiento,Ciudad de Panamá
Len Picota,Ocupación,beisbolista
Len Picota,Ciudadanía,Panamá
Len Picota,Fecha de nacimiento,1966-07-23
Tomás Miró Rubini,Ocupación,poeta
Tomás Miró Rubini,Ciudadanía,Panamá
Tomás Miró Rubini,Fecha de nacimiento,1800-12-21
Tomás Miró Rubini,Fecha de defunción,1881-04-14
Víctor Mendieta Jr.,Lugar de nacimiento,Ciudad de Panamá
Víctor Mendieta Jr.,Ocupación,futbolista
Víctor Mendieta Jr.,Ciudadanía,Panamá
Víctor Mendieta Jr.,Fecha de nacimiento,1982-09-06
Virginia Hernández,Lugar de nacimiento,Ciudad de Panamá
Virginia Hernández,Ocupación,modelo
Virginia Hernández,Ciudadanía,Panamá
Virginia Hernández,Fecha de nacimiento,1990-05-26
Virginia Hernández,Ocupación,participante en concursos de belleza
Javier Castillo,Lugar de nacimiento,Chitré
Javier Castillo,Ocupación,beisbolista
Javier Castillo,Ciudadanía,Panamá
Javier Castillo,Fecha de nacimiento,1983-08-29
Víctor Levi Sasso,Lugar de nacimiento,Ciudad de Colón
Víctor Levi Sasso,Ocupación,escritor
Víctor Levi Sasso,Ciudadanía,Panamá
Víctor Levi Sasso,Premio recibido,Orden de Vasco Núñez de Balboa
Víctor Levi Sasso,Fecha de nacimiento,1931-07-12
Víctor Levi Sasso,Fecha de defunción,1995-10-04
Víctor de la Guardia y Ayala,Ocupación,político
Víctor de la Guardia y Ayala,Ciudadanía,España
Víctor de la Guardia y Ayala,Cargo,Presidente de Nicaragua
Víctor de la Guardia y Ayala,Fecha de nacimiento,1772-01-01
Víctor de la Guardia y Ayala,Fecha de defunción,1824-01-01
Víctor de la Guardia y Ayala,Ocupación,dramaturgo
Víctor de la Guardia y Ayala,Ciudadanía,Panamá
Zoraida Díaz de Schtronn,Lugar de nacimiento,Las Tablas
Zoraida Díaz de Schtronn,Ocupación,escritor
Zoraida Díaz de Schtronn,Ciudadanía,Panamá
Zoraida Díaz de Schtronn,Fecha de nacimiento,1880-03-01
Zoraida Díaz de Schtronn,Fecha de defunción,1948-06-14
Zoraida Díaz de Schtronn,Ocupación,poeta
Zoraida Díaz de Schtronn,Ocupación,educador
"Alemán, Cordero, Galindo & Lee",país,Panamá
"Alemán, Cordero, Galindo & Lee",instancia de,firma de abogados
"Alemán, Cordero, Galindo & Lee",instancia de,empresa
"Alemán, Cordero, Galindo & Lee",fundador,Jaime Alemán Healy
"Alemán, Cordero, Galindo & Lee",ubicación de la sede,Ciudad de Panamá
Aguadulce,instancia de,Distritos de Panamá
Aguadulce,situado en la entidad territorial administrativa,Provincia de Coclé
Presidente de Nicaragua,país,Nicaragua
Presidente de Nicaragua,instancia de,cargo público
Presidente de Nicaragua,subclase de,presidente
Presidente de Nicaragua,subclase de,jefe del Gobierno
Ángel Lombardo,Lugar de nacimiento,Ciudad de Panamá
Ángel Lombardo,Ocupación,futbolista
Ángel Lombardo,Ciudadanía,Panamá
Ángel Lombardo,Fecha de nacimiento,1983-02-13
Joel Solanilla,Lugar de nacimiento,Ciudad de Panamá
Joel Solanilla,Ocupación,futbolista
Joel Solanilla,Ciudadanía,Panamá
Joel Solanilla,Fecha de nacimiento,1983-12-24
Jorge Tejeira,Lugar de nacimiento,Panamá
Jorge Tejeira,Ocupación,jockey
Jorge Tejeira,Ciudadanía,Estados Unidos
Jorge Tejeira,Fecha de nacimiento,1940-01-01
Jorge Tejeira,Ciudadanía,Panamá
Jorge Velásquez,Lugar de nacimiento,Chepo
Jorge Velásquez,Ocupación,jockey
Jorge Velásquez,Ciudadanía,Estados Unidos
Jorge Velásquez,Premio recibido,George Woolf Memorial Jockey Award
Jorge Velásquez,Fecha de nacimiento,1946-12-28
Jorge Velásquez,Ciudadanía,Panamá
José Lezcano,Lugar de nacimiento,Puerto Armuelles
José Lezcano,Ocupación,jockey
José Lezcano,Ciudadanía,Panamá
José Lezcano,Fecha de nacimiento,1985-04-20
José Antonio Sossa,Ocupación,político
José Antonio Sossa,Ciudadanía,Panamá
José Ardines,Lugar de nacimiento,Ciudad de Panamá
José Ardines,Ocupación,futbolista
José Ardines,Ciudadanía,Panamá
José Ardines,Fecha de nacimiento,1968-08-07
José Franco,Lugar de nacimiento,Calobre
José Franco,Ocupación,escritor
José Franco,Ciudadanía,Paraguay
José Franco,Educado en,Universidad Central del Ecuador
José Franco,Premio recibido,doctor honoris causa
José Franco,Fecha de nacimiento,1936-03-24
José Franco,Fecha de defunción,2022-05-09
José Franco,Ocupación,abogado
José Franco,Ocupación,poeta
José Franco,Ocupación,diplomático
José Franco,Ocupación,periodista
José Franco,Ciudadanía,Panamá
José Franco,Educado en,Universidad de Panamá
José Luis Rodríguez Vélez,Lugar de nacimiento,Santiago de Veraguas
José Luis Rodríguez Vélez,Ocupación,compositor
José Luis Rodríguez Vélez,Ciudadanía,Panamá
José Luis Rodríguez Vélez,Fecha de nacimiento,1915-03-12
José Luis Rodríguez Vélez,Fecha de defunción,1984-12-21
José Luis Rodríguez Vélez,Ocupación,director de orquesta
José Luis Rodríguez Vélez,Ocupación,saxofonista
José Miguel Alemán,Lugar de nacimiento,Ciudad de Panamá
José Miguel Alemán,Ocupación,diplomático
José Miguel Alemán,Ciudadanía,Panamá
José Miguel Alemán,Cargo,ambassador of Panama to the United States
José Miguel Alemán,Fecha de nacimiento,1956-05-08
Joyce Jacobi,Lugar de nacimiento,Ciudad de Panamá
Joyce Jacobi,Ocupación,participante en concursos de belleza
Joyce Jacobi,Ciudadanía,Panamá
Joyce Jacobi,Fecha de nacimiento,1988-01-01
Juan Berenguer,Lugar de nacimiento,Aguadulce
Juan Berenguer,Ocupación,beisbolista
Juan Berenguer,Ciudadanía,Panamá
Juan Berenguer,Fecha de nacimiento,1954-11-30
Juan Carlos Navarro,Lugar de nacimiento,Ciudad de Panamá
Juan Carlos Navarro,Ocupación,político
Juan Carlos Navarro,Ciudadanía,Panamá
Juan Carlos Navarro,Educado en,Dartmouth College
Juan Carlos Navarro,Fecha de nacimiento,1961-10-19
Juan Carlos Navarro,Ocupación,ambientalista
Juan Carlos Navarro,Educado en,Escuela de Gobierno John F. Kennedy
Juan Materno Vásquez de León,Ocupación,historiador
Juan Materno Vásquez de León,Ciudadanía,Panamá
Juan Materno Vásquez de León,Fecha de nacimiento,1927-09-14
Juan Materno Vásquez de León,Fecha de defunción,1999-06-21
Juan Materno Vásquez de León,Ocupación,magistrado
Julio Linares,Ocupación,abogado
Julio Linares,Ciudadanía,Panamá
Julio Linares,Educado en,Universidad de Panamá
Julio Linares,Fecha de nacimiento,1930-08-07
Julio Linares,Fecha de defunción,1993-10-27
Julio Linares,Ocupación,político
Julio Medina III,Lugar de nacimiento,Panamá
Julio Medina III,Ocupación,entrenador
Julio Medina III,Ciudadanía,Panamá
Julio Medina III,Fecha de nacimiento,1976-07-14
Julio Medina III,Ocupación,futbolista
Julio Mosquera,Lugar de nacimiento,Ciudad de Panamá
Julio Mosquera,Ocupación,beisbolista
Julio Mosquera,Ciudadanía,Panamá
Julio Mosquera,Fecha de nacimiento,1972-01-29
Julio Osorio,Lugar de nacimiento,Ciudad de Panamá
Julio Osorio,Ocupación,baloncestista
Julio Osorio,Ciudadanía,Panamá
Julio Osorio,Fecha de nacimiento,1939-10-02
Julio Osorio,Fecha de defunción,2022-09-28
Justo Arosemena Quesada,Lugar de nacimiento,Ciudad de Panamá
Justo Arosemena Quesada,Ocupación,escritor
Justo Arosemena Quesada,Ciudadanía,Panamá
Justo Arosemena Quesada,Educado en,Colegio Mayor de San Bartolomé
Justo Arosemena Quesada,Cargo,ambassador of Panama to the United Kingdom
Justo Arosemena Quesada,Fecha de nacimiento,1817-08-09
Justo Arosemena Quesada,Fecha de defunción,1896-02-23
Justo Arosemena Quesada,Ocupación,abogado
Justo Arosemena Quesada,Ocupación,político
Justo Arosemena Quesada,Ocupación,economista
Justo Arosemena Quesada,Ocupación,diplomático
Justo Arosemena Quesada,Ocupación,estadista
Justo Arroyo,Lugar de nacimiento,Ciudad de Colón
Justo Arroyo,Ocupación,escritor
Justo Arroyo,Ciudadanía,México
Justo Arroyo,Educado en,Universidad Nacional Autónoma de México
Justo Arroyo,Premio recibido,Premio Centroamericano de Literatura Rogelio Sinán
Justo Arroyo,Fecha de nacimiento,1936-01-05
Justo Arroyo,Ocupación,diplomático
Justo Arroyo,Ciudadanía,Panamá
Justo Arroyo,Educado en,Universidad de Panamá
Puerto Armuelles,país,Panamá
Puerto Armuelles,instancia de,ciudad
Puerto Armuelles,instancia de,asentamiento
Puerto Armuelles,instancia de,Comunidad de Panamá
Puerto Armuelles,situado en la entidad territorial administrativa,Provincia de Chiriquí
Calobre,país,Panamá
Calobre,instancia de,Distritos de Panamá
Calobre,situado en la entidad territorial administrativa,Provincia de Veraguas
Paraguay,país,Paraguay
Paraguay,jefe de gobierno,Santiago Peña Palacios
Paraguay,continente,América del Sur
Paraguay,instancia de,país
Paraguay,instancia de,estado soberano
Universidad Central del Ecuador,país,Ecuador
Universidad Central del Ecuador,instancia de,universidad
Universidad Central del Ecuador,instancia de,editor de acceso abierto
Universidad Central del Ecuador,fundador,Felipe IV de España
doctor honoris causa,instancia de,título honorífico
doctor honoris causa,subclase de,honoris causa
doctor honoris causa,subclase de,doctor
doctor honoris causa,categoría principal del tema,Categoría:Graduado honorario
doctor honoris causa,descrito en la fuente,Enciclopedia de Otto
historiador,categoría que contiene subcategorías epónimas,Categoría:Categorías de historiadores
historiador,instancia de,profesión
historiador,subclase de,académico de humanidades
historiador,ámbito de la ocupación,historiografía
magistrado,instancia de,profesión jurídica
magistrado,subclase de,jurista
magistrado,ámbito de la ocupación,poder judicial
Colegio Mayor de San Bartolomé,país,Colombia
Colegio Mayor de San Bartolomé,instancia de,escuela pública
Colegio Mayor de San Bartolomé,instancia de,bien cultural
Colegio Mayor de San Bartolomé,instancia de,colegio jesuita
Colegio Mayor de San Bartolomé,fundador,Bartolomé Lobo Guerrero
Universidad Nacional Autónoma de México,país,México
Universidad Nacional Autónoma de México,instancia de,universidad
Universidad Nacional Autónoma de México,instancia de,editor de acceso abierto
Universidad Nacional Autónoma de México,instancia de,universidad pública de investigación
Universidad Nacional Autónoma de México,situado en la entidad territorial administrativa,Ciudad de México
Premio Centroamericano de Literatura Rogelio Sinán,país,Panamá
Premio Centroamericano de Literatura Rogelio Sinán,instancia de,premio literario
Premio Centroamericano de Literatura Rogelio Sinán,nombrado en referencia a,Rogelio Sinán
Premio Centroamericano de Literatura Rogelio Sinán,conferido por,Universidad Tecnológica de Panamá
Karen Jordán,Lugar de nacimiento,Provincia de Chiriquí
Karen Jordán,Ocupación,modelo
Karen Jordán,Ciudadanía,Panamá
Karen Jordán,Fecha de nacimiento,1989-01-28
Karen Jordán,Ocupación,participante en concursos de belleza
Karina Pinilla,Lugar de nacimiento,Panamá
Karina Pinilla,Ocupación,participante en concursos de belleza
Karina Pinilla,Ciudadanía,Panamá
Karina Pinilla,Fecha de nacimiento,1985-06-03
Keity Drennan,Lugar de nacimiento,Ciudad de Panamá
Keity Drennan,Ocupación,modelo
Keity Drennan,Ciudadanía,Panamá
Keity Drennan,Fecha de nacimiento,1990-07-24
Kevin Daley,Lugar de nacimiento,Río Abajo
Kevin Daley,Ocupación,baloncestista
Kevin Daley,Ciudadanía,Estados Unidos
Kevin Daley,Educado en,Universidad de Nevada en Reno
Kevin Daley,Fecha de nacimiento,1976-10-07
Kevin Daley,Ciudadanía,Panamá
Kevin Melgar,Lugar de nacimiento,Ciudad de Panamá
Kevin Melgar,Ocupación,futbolista
Kevin Melgar,Ciudadanía,Panamá
Kevin Melgar,Fecha de nacimiento,1992-11-19
Kevin Ramos,Lugar de nacimiento,Ciudad de Panamá
Kevin Ramos,Ocupación,beisbolista
Kevin Ramos,Ciudadanía,Panamá
Kevin Ramos,Educado en,Union Commonwealth University
Kevin Ramos,Fecha de nacimiento,1986-06-06
Guillermo Cochez,Lugar de nacimiento,Ciudad de Panamá
Guillermo Cochez,Ocupación,abogado
Guillermo Cochez,Ciudadanía,Panamá
Guillermo Cochez,Educado en,Universidad Tulane de Luisiana
Guillermo Cochez,Fecha de nacimiento,1945-09-21
Guillermo Cochez,Ocupación,político
Guillermo Cochez,Educado en,Universidad de Panamá
Javier Stanziola,Lugar de nacimiento,Panamá
Javier Stanziola,Ocupación,economista
Javier Stanziola,Ciudadanía,Panamá
Javier Stanziola,Obra notable,De mangos y albaricoques
Javier Stanziola,Premio recibido,Concurso Nacional de Literatura Ricardo Miró
Javier Stanziola,Fecha de nacimiento,1971-06-24
Javier Stanziola,Ocupación,dramaturgo
Latin Fresh,Lugar de nacimiento,Ciudad de Panamá
Latin Fresh,Ocupación,compositor
Latin Fresh,Ciudadanía,Panamá
Latin Fresh,Fecha de nacimiento,1975-03-15
Latin Fresh,Ocupación,cantante
Liz De León,Lugar de nacimiento,Ciudad de Panamá
Liz De León,Ocupación,participante en concursos de belleza
Liz De León,Ciudadanía,Panamá
Liz De León,Fecha de nacimiento,1969-12-02
Luis Anderson McNeil,Ocupación,político
Luis Anderson McNeil,Ciudadanía,Panamá
Luis Anderson McNeil,Fecha de nacimiento,1941-02-09
Luis Anderson McNeil,Fecha de defunción,2003-11-15
Luis Gallardo,Lugar de nacimiento,Paso Canoas
Luis Gallardo,Ocupación,futbolista
Luis Gallardo,Ciudadanía,Panamá
Luis Gallardo,Fecha de nacimiento,1986-06-27
Luis Jaramillo,Lugar de nacimiento,Ciudad de Panamá
Luis Jaramillo,Ocupación,futbolista
Luis Jaramillo,Ciudadanía,Panamá
Luis Jaramillo,Fecha de nacimiento,1988-04-25
Luis Mendoza,Lugar de nacimiento,Panamá
Luis Mendoza,Ocupación,futbolista
Luis Mendoza,Ciudadanía,Panamá
Luis Mendoza,Fecha de nacimiento,1983-05-18
Luis Molina,Ocupación,beisbolista
Luis Molina,Ciudadanía,Panamá
Luis Molina,Fecha de nacimiento,1974-03-22
Luis Sinclair,Lugar de nacimiento,Ciudad de Panamá
Luis Sinclair,Ocupación,baloncestista
Luis Sinclair,Ciudadanía,Panamá
Luis Sinclair,Fecha de nacimiento,1947-09-28
Manuel Barrios,Lugar de nacimiento,Ciudad de Panamá
Manuel Barrios,Ocupación,beisbolista
Manuel Barrios,Ciudadanía,Panamá
Manuel Barrios,Fecha de nacimiento,1974-09-21
Manuel Campos,Lugar de nacimiento,Chitré
Manuel Campos,Ocupación,beisbolista
Manuel Campos,Ciudadanía,Panamá
Manuel Campos,Fecha de nacimiento,1990-01-12
Manuel Espinosa Batista,Lugar de nacimiento,Cartagena de Indias
Manuel Espinosa Batista,Ocupación,político
Manuel Espinosa Batista,Ciudadanía,Panamá
Manuel Espinosa Batista,Fecha de nacimiento,1857-09-12
Manuel Espinosa Batista,Fecha de defunción,1919-11-27
Marelissa Him,Lugar de nacimiento,Ciudad de Panamá
Marelissa Him,Ocupación,modelo
Marelissa Him,Ciudadanía,Panamá
Marelissa Him,Fecha de nacimiento,1988-07-02
Marelissa Him,Ocupación,participante en concursos de belleza
Río Abajo,país,Panamá
Río Abajo,instancia de,arroyo
Río Abajo,situado en la entidad territorial administrativa,Provincia de Panamá
Universidad de Nevada en Reno,país,Estados Unidos
Universidad de Nevada en Reno,instancia de,Universidad de concesión de tierras
Universidad de Nevada en Reno,instancia de,institución educativa pública de los Estados Unidos
Universidad de Nevada en Reno,instancia de,universidad pública de investigación
Universidad de Nevada en Reno,situado en la entidad territorial administrativa,Reno
Universidad Tulane de Luisiana,financiador,privat
Universidad Tulane de Luisiana,calendario académico,semestre
Universidad Tulane de Luisiana,país,Estados Unidos
Universidad Tulane de Luisiana,instancia de,universidad
Universidad Tulane de Luisiana,instancia de,campus
De mangos y albaricoques,instancia de,obra literaria
De mangos y albaricoques,autor,Javier Stanziola
De mangos y albaricoques,premio recibido,Concurso Nacional de Literatura Ricardo Miró
De mangos y albaricoques,representa a,protagonista LGBT
De mangos y albaricoques,idioma de la obra o del nombre,español
Paso Canoas,país,Costa Rica
Paso Canoas,país,Panamá
Paso Canoas,instancia de,asentamiento
Paso Canoas,instancia de,ciudad fronteriza
Paso Canoas,situado en la entidad territorial administrativa,Provincia de Puntarenas
Margarita Henríquez,Lugar de nacimiento,La Villa de Los Santos
Margarita Henríquez,Ocupación,cantante
Margarita Henríquez,Ciudadanía,Panamá
Margarita Henríquez,Fecha de nacimiento,1991-04-17
Mario Butler,Lugar de nacimiento,Ciudad de Panamá
Mario Butler,Ocupación,baloncestista
Mario Butler,Ciudadanía,Panamá
Mario Butler,Educado en,Briar Cliff University
Mario Butler,Fecha de nacimiento,1957-01-15
Mario Méndez,Lugar de nacimiento,David
Mario Méndez,Ocupación,entrenador
Mario Méndez,Ciudadanía,Panamá
Mario Méndez,Fecha de nacimiento,1977-01-05
Mario Méndez,Ocupación,futbolista
Marta DuBois,Lugar de nacimiento,David
Marta DuBois,Ocupación,actor
Marta DuBois,Ciudadanía,Panamá
Marta DuBois,Fecha de nacimiento,1952-12-15
Marta DuBois,Fecha de defunción,2018-05-08
Marta Linares de Martinelli,Lugar de nacimiento,Ciudad de Panamá
Marta Linares de Martinelli,Ocupación,político
Marta Linares de Martinelli,Ciudadanía,Panamá
Marta Linares de Martinelli,Educado en,Saint Mary-of-the-Woods College
Marta Linares de Martinelli,Fecha de nacimiento,1956-09-02
Marta Linares de Martinelli,Ocupación,primera dama
Marta Linares de Martinelli,Educado en,Universidad de Panamá
Martín Gómez,Lugar de nacimiento,Provincia de Chiriquí
Martín Gómez,Ocupación,futbolista
Martín Gómez,Ciudadanía,Panamá
Martín Gómez,Fecha de nacimiento,1989-05-14
María Alessandra Mezquita,Lugar de nacimiento,Ciudad de Panamá
María Alessandra Mezquita,Ocupación,reportero
María Alessandra Mezquita,Ciudadanía,Panamá
María Alessandra Mezquita,Educado en,Universidad Estatal de Florida
María Alessandra Mezquita,Empleador,SERTV Canal 11
María Alessandra Mezquita,Fecha de nacimiento,1983-11-01
María Alessandra Mezquita,Ocupación,presentador de televisión
María Alessandra Mezquita,Ocupación,participante en concursos de belleza
María Alessandra Mezquita,Ocupación,dirigente deportivo
María Alessandra Mezquita,Ocupación,personalidad televisiva
María Alessandra Mezquita,Educado en,Universidad Latina de Panamá
María Alessandra Mezquita,Empleador,Albavisión
María Alessandra Mezquita,Empleador,Tigo Sports
María Alessandra Mezquita,Empleador,XXIV Juegos Centroamericanos y del Caribe
María Alessandra Mezquita,Empleador,Medcom
María Sofía Velásquez,Lugar de nacimiento,Ciudad de Panamá
María Sofía Velásquez,Ocupación,participante en concursos de belleza
María Sofía Velásquez,Ciudadanía,Panamá
María Sofía Velásquez,Fecha de nacimiento,1971-01-01
Mateo Edward,Lugar de nacimiento,Ciudad de Colón
Mateo Edward,Ocupación,atleta
Mateo Edward,Ciudadanía,Panamá
Mateo Edward,Fecha de nacimiento,1993-05-01
Mayte Sánchez,Lugar de nacimiento,Ciudad de Panamá
Mayte Sánchez,Ocupación,participante en concursos de belleza
Mayte Sánchez,Ciudadanía,Panamá
Mayte Sánchez,Fecha de nacimiento,1984-01-01
Michele Sage,Lugar de nacimiento,Ciudad de Panamá
Michele Sage,Ocupación,participante en concursos de belleza
Michele Sage,Ciudadanía,Panamá
Michele Sage,Fecha de nacimiento,1969-11-12
Miguel Gómez,Lugar de nacimiento,Ciudad de Panamá
Miguel Gómez,Ocupación,beisbolista
Miguel Gómez,Ciudadanía,Panamá
Miguel Gómez,Fecha de nacimiento,1974-05-31
Mike Eden,Lugar de nacimiento,Fuerte Clayton
Mike Eden,Ocupación,beisbolista
Mike Eden,Ciudadanía,Estados Unidos
Mike Eden,Educado en,Universidad del Sur de Illinois Carbondale
Mike Eden,Fecha de nacimiento,1949-05-22
Mike Eden,Ciudadanía,Panamá
Mike Eden,Educado en,Southern Illinois University
Nando Boom,Lugar de nacimiento,Panamá
Nando Boom,Ocupación,cantante
Nando Boom,Ciudadanía,Panamá
Nando Boom,Fecha de nacimiento,1953-01-01
Nele Kantule,Ocupación,político
Nele Kantule,Ciudadanía,Panamá
Nele Kantule,Fecha de nacimiento,1868-01-01
Nele Kantule,Fecha de defunción,1944-09-01
Nele Kantule,Ocupación,revolucionario
Nicole Morrell,Lugar de nacimiento,Ciudad de Panamá
Nicole Morrell,Ocupación,participante en concursos de belleza
Nicole Morrell,Ciudadanía,Panamá
Nicole Morrell,Fecha de nacimiento,1990-08-02
Norris Webb,Lugar de nacimiento,Ciudad de Panamá
Norris Webb,Ocupación,baloncestista
Norris Webb,Ciudadanía,Panamá
Norris Webb,Fecha de nacimiento,1945-10-29
Reggie Grenald,Lugar de nacimiento,Río Abajo
Reggie Grenald,Ocupación,baloncestista
Reggie Grenald,Ciudadanía,Panamá
Reggie Grenald,Fecha de nacimiento,1959-01-01
Reggie Grenald,Ocupación,entrenador de baloncesto
Eduardo Archibold,Lugar de nacimiento,Ciudad de Panamá
Eduardo Archibold,Ocupación,baloncestista
Eduardo Archibold,Ciudadanía,Panamá
Eduardo Archibold,Fecha de nacimiento,1987-05-19
Joel Tesis,Lugar de nacimiento,Ciudad de Colón
Joel Tesis,Ocupación,baloncestista
Joel Tesis,Ciudadanía,Panamá
Joel Tesis,Fecha de nacimiento,1982-03-19
La Villa de Los Santos,país,Panamá
La Villa de Los Santos,instancia de,asentamiento
La Villa de Los Santos,instancia de,Comunidad de Panamá
La Villa de Los Santos,situado en la entidad territorial administrativa,Provincia de Los Santos
La Villa de Los Santos,se encuentra en el huso horario,UTC-05:00
reportero,instancia de,profesión
reportero,instancia de,cargo
reportero,subclase de,periodista
reportero,ámbito de la ocupación,periodismo
reportero,categoría principal del tema,Categoría:Corresponsales y enviados especiales
Universidad Estatal de Florida,país,Estados Unidos
Universidad Estatal de Florida,instancia de,escuela
Universidad Estatal de Florida,instancia de,universidad pública
Universidad Estatal de Florida,instancia de,institución educativa pública de los Estados Unidos
Universidad Estatal de Florida,situado en la entidad territorial administrativa,Tallahassee
SERTV Canal 11,instancia de,emisora de televisión
SERTV Canal 11,ubicación de la sede,Ciudad de Panamá
atleta,instancia de,ocupación
atleta,subclase de,deportista
atleta,ámbito de la ocupación,atletismo
atleta,ámbito de la ocupación,Máster
atleta,ámbito de la ocupación,atletismo de pista y campo
Fuerte Clayton,país,Panamá
Fuerte Clayton,instancia de,fuerte
Universidad del Sur de Illinois Carbondale,país,Estados Unidos
Universidad del Sur de Illinois Carbondale,instancia de,universidad pública
Universidad del Sur de Illinois Carbondale,instancia de,institución educativa pública de los Estados Unidos
Universidad del Sur de Illinois Carbondale,situado en la entidad territorial administrativa,Carbondale
Universidad del Sur de Illinois Carbondale,miembro de,American Council on Education
revolucionario,elemento ejemplo,Che Guevara
revolucionario,instancia de,ocupación
revolucionario,subclase de,activista político
revolucionario,subclase de,faccioso
Río Abajo,instancia de,Comunidad de Panamá
Río Abajo,situado en la entidad territorial administrativa,Distrito de Panamá
entrenador de baloncesto,instancia de,profesión
entrenador de baloncesto,instancia de,cargo
entrenador de baloncesto,instancia de,Terminología del baloncesto
entrenador de baloncesto,subclase de,entrenador
entrenador de baloncesto,ámbito de la ocupación,baloncesto
Angel Kadhir Herrera Whitehead,Ocupación,baloncestista
Angel Kadhir Herrera Whitehead,Ciudadanía,Panamá
Angel Kadhir Herrera Whitehead,Fecha de nacimiento,2003-11-18
Justin Diaz,Ocupación,baloncestista
Justin Diaz,Ciudadanía,Panamá
Justin Diaz,Fecha de nacimiento,2002-03-11
Fernando Morales,Ocupación,baloncestista
Fernando Morales,Ciudadanía,Panamá
Fernando Morales,Fecha de nacimiento,2002-01-18
Arturo Molina,Ocupación,baloncestista
Arturo Molina,Ciudadanía,Panamá
Arturo Molina,Fecha de nacimiento,2003-10-23
Rodolfo Espada,Ocupación,baloncestista
Rodolfo Espada,Ciudadanía,Panamá
Rodolfo Espada,Fecha de nacimiento,2003-09-22
Randal Aguilar,Ocupación,baloncestista
Randal Aguilar,Ciudadanía,Panamá
Randal Aguilar,Fecha de nacimiento,2001-10-03
Alberto Duque,Ocupación,baloncestista
Alberto Duque,Ciudadanía,Panamá
Alberto Duque,Fecha de nacimiento,2001-11-02
Daniela Teresa Reyes Jimenez,Ocupación,baloncestista
Daniela Teresa Reyes Jimenez,Ciudadanía,Panamá
Daniela Teresa Reyes Jimenez,Fecha de nacimiento,2003-11-15
Hermione Hicks,Ocupación,baloncestista
Hermione Hicks,Ciudadanía,Panamá
Hermione Hicks,Fecha de nacimiento,2003-09-05
Genesis Lilian Juarez Arosemena,Ocupación,baloncestista
Genesis Lilian Juarez Arosemena,Ciudadanía,Panamá
Genesis Lilian Juarez Arosemena,Fecha de nacimiento,2003-04-13
Nashua Cecilia Staff Abrego,Ocupación,baloncestista
Nashua Cecilia Staff Abrego,Ciudadanía,Panamá
Nashua Cecilia Staff Abrego,Fecha de nacimiento,2003-10-13
Sabina Michelle Pereira Motta,Ocupación,baloncestista
Sabina Michelle Pereira Motta,Ciudadanía,Panamá
Sabina Michelle Pereira Motta,Fecha de nacimiento,2003-05-07
Maria Garcia,Ocupación,baloncestista
Maria Garcia,Ciudadanía,Panamá
Maria Garcia,Fecha de nacimiento,2004-07-13
Vivian Alexandra Galagarza Fernandez,Ocupación,baloncestista
Vivian Alexandra Galagarza Fernandez,Ciudadanía,Panamá
Vivian Alexandra Galagarza Fernandez,Fecha de nacimiento,2003-02-24
Andrea Isabella De los Rios Juliao,Ocupación,baloncestista
Andrea Isabella De los Rios Juliao,Ciudadanía,Panamá
Andrea Isabella De los Rios Juliao,Fecha de nacimiento,2003-05-08
Ana Lucia De Leon Ospina,Ocupación,baloncestista
Ana Lucia De Leon Ospina,Ciudadanía,Panamá
Ana Lucia De Leon Ospina,Fecha de nacimiento,2004-12-09
Mariangel Concha,Ocupación,baloncestista
Mariangel Concha,Ciudadanía,Panamá
Mariangel Concha,Fecha de nacimiento,2004-04-20
Valeria Sofia Batista Gomez,Ocupación,baloncestista
Valeria Sofia Batista Gomez,Ciudadanía,Panamá
Valeria Sofia Batista Gomez,Fecha de nacimiento,2005-08-08
Wyneth Gislayne Acevedo Agrazal,Ocupación,baloncestista
Wyneth Gislayne Acevedo Agrazal,Ciudadanía,Panamá
Wyneth Gislayne Acevedo Agrazal,Fecha de nacimiento,2003-07-16
Sebastian Bosquez,Ocupación,baloncestista
Sebastian Bosquez,Ciudadanía,Panamá
Sebastian Bosquez,Fecha de nacimiento,2005-06-14
José Raúl Mulino,Lugar de nacimiento,David
José Raúl Mulino,Ocupación,diplomático
José Raúl Mulino,Ciudadanía,Panamá
José Raúl Mulino,Educado en,Universidad Tulane de Luisiana
José Raúl Mulino,Cargo,Ministro de Seguridad Pública de Panamá
José Raúl Mulino,Premio recibido,Orden de Manuel Amador Guerrero
José Raúl Mulino,Fecha de nacimiento,1959-06-13
José Raúl Mulino,Ocupación,abogado
José Raúl Mulino,Premio recibido,Orden de Vasco Núñez de Balboa
José Raúl Mulino,Ocupación,político
José Raúl Mulino,Educado en,Universidad Católica Santa María La Antigua de Panamá
José Raúl Mulino,Premio recibido,Orden del Libertador San Martín
José Raúl Mulino,Premio recibido,Orden de Boyacá
Gerald Thorne,Ocupación,beisbolista
Gerald Thorne,Ciudadanía,Panamá
Gerald Thorne,Fecha de nacimiento,1926-01-01
Oris Sanjur Fonseca,Ocupación,biólogo molecular
Oris Sanjur Fonseca,Ciudadanía,Panamá
Oris Sanjur Fonseca,Educado en,Universidad Rutgers
Oris Sanjur Fonseca,Empleador,Instituto Smithsonian de Investigaciones Tropicales
Oris Sanjur Fonseca,Ocupación,biólogo evolutivo
Oris Sanjur Fonseca,Ocupación,science administrator
Joselyne Edwards,Lugar de nacimiento,Ciudad de Panamá
Joselyne Edwards,Ocupación,luchador de artes marciales mixtas
Joselyne Edwards,Ciudadanía,Panamá
Joselyne Edwards,Fecha de nacimiento,1995-09-29
Omar Córdoba,Lugar de nacimiento,Ciudad de Panamá
Omar Córdoba,Ocupación,futbolista
Omar Córdoba,Ciudadanía,Panamá
Omar Córdoba,Fecha de nacimiento,1994-06-13
Félix Cuevas (docente),Lugar de nacimiento,Ciudad de Panamá
Félix Cuevas (docente),Ocupación,escritor
Félix Cuevas (docente),Ciudadanía,Panamá
Félix Cuevas (docente),Educado en,Universidad de Panamá
Félix Cuevas (docente),Fecha de nacimiento,1943-07-29
Félix Cuevas (docente),Ocupación,docente
Antonio Domínguez Richa,Ocupación,político
Antonio Domínguez Richa,Ciudadanía,Panamá
Antonio Domínguez Richa,Fecha de nacimiento,1932-05-16
Antonio Domínguez Richa,Fecha de defunción,2020-04-15
Antonio Domínguez Richa,Ocupación,diplomático
Amir Soto,Lugar de nacimiento,Ciudad de Panamá
Amir Soto,Ocupación,futbolista
Amir Soto,Ciudadanía,Panamá
Amir Soto,Fecha de nacimiento,1997-11-04
Ana Guardia,Lugar de nacimiento,Ciudad de Panamá
Ana Guardia,Ocupación,futbolista
Ana Guardia,Ciudadanía,Panamá
Ana Guardia,Fecha de nacimiento,1990-11-12
Emanuel Gonzalez Revilla Hijo,Ciudadanía,Panamá
Antonio Domínguez Álvarez,Ocupación,empresario
Antonio Domínguez Álvarez,Ciudadanía,Panamá
Antonio Domínguez Álvarez,Fecha de nacimiento,1957-06-26
Jose Antonio Dominguez,Ocupación,embajador
Jose Antonio Dominguez,Ciudadanía,Panamá
Jose Antonio Dominguez,Fecha de nacimiento,1960-08-23
Jose Antonio Dominguez,Ocupación,diputado
Rubén Hernández,Lugar de nacimiento,Ciudad de Panamá
Rubén Hernández,Ocupación,jockey
Rubén Hernández,Ciudadanía,Panamá
Rubén Hernández,Fecha de nacimiento,1950-11-21
Emily Santos,Ocupación,nadador
Emily Santos,Ciudadanía,Panamá
Emily Santos,Fecha de nacimiento,2005-07-15
Tyler Christianson,Ocupación,nadador
Tyler Christianson,Ciudadanía,Panamá
Tyler Christianson,Educado en,Universidad de Notre Dame
Tyler Christianson,Fecha de nacimiento,2001-12-09
Miguel Iriarte,Lugar de nacimiento,Ciudad de Colón
Miguel Iriarte,Ocupación,boxeador
Miguel Iriarte,Ciudadanía,Panamá
Miguel Iriarte,Fecha de nacimiento,1901-01-01
Edward José,Lugar de nacimiento,Ciudad de Panamá
Edward José,Ocupación,cantante
Edward José,Ciudadanía,Panamá
Edward José,Fecha de nacimiento,2003-10-28
Edward José,Ocupación,compositor de canciones
Markelda Montenegro de Herrera,Lugar de nacimiento,San Lorenzo
Markelda Montenegro de Herrera,Ocupación,funcionario
Markelda Montenegro de Herrera,Ciudadanía,Panamá
Markelda Montenegro de Herrera,Educado en,Universidad de Panamá
Markelda Montenegro de Herrera,Fecha de nacimiento,1957-01-30
Alberto Baldonado,Lugar de nacimiento,Ciudad de Colón
Alberto Baldonado,Ocupación,beisbolista
Alberto Baldonado,Ciudadanía,Panamá
Alberto Baldonado,Fecha de nacimiento,1993-02-01
Galileo Solís,Ciudadanía,Panamá
Galileo Solís,Cargo,Ministro de Relaciones Exteriores de Panamá
Galileo Solís,Premio recibido,Gran Cruz de la Orden de Isabel la Católica
José Raúl Mulino,Cargo,Presidente de Panamá
José Raúl Mulino,Cargo,Ministro de Relaciones Exteriores de Panamá
José Raúl Mulino,Cargo,Ministro de Gobierno de Panamá
Ministro de Seguridad Pública de Panamá,país,Panamá
Ministro de Seguridad Pública de Panamá,instancia de,cargo público
Ministro de Seguridad Pública de Panamá,subclase de,ministro
Ministro de Seguridad Pública de Panamá,forma parte de,Consejo de Ministros de Panamá
Ministro de Seguridad Pública de Panamá,aplica a la jurisdicción,Panamá
biólogo molecular,instancia de,profesión
biólogo molecular,subclase de,biólogo
biólogo molecular,ámbito de la ocupación,biología molecular
biólogo molecular,categoría principal del tema,Categoría:Biólogos moleculares
Universidad Rutgers,país,Estados Unidos
Universidad Rutgers,instancia de,Universidad de concesión de tierras
Universidad Rutgers,instancia de,Colegios coloniales
Universidad Rutgers,instancia de,universidad pública de investigación
Instituto Smithsonian de Investigaciones Tropicales,país,Panamá
Instituto Smithsonian de Investigaciones Tropicales,instancia de,instituto de investigación
Instituto Smithsonian de Investigaciones Tropicales,instancia de,organización
Instituto Smithsonian de Investigaciones Tropicales,campo de trabajo,trabajo de campo
Instituto Smithsonian de Investigaciones Tropicales,situado en la entidad territorial administrativa,Ciudad de Panamá
biólogo evolutivo,instancia de,profesión
biólogo evolutivo,instancia de,ocupación
biólogo evolutivo,subclase de,biólogo
biólogo evolutivo,ámbito de la ocupación,biología evolutiva
biólogo evolutivo,categoría principal del tema,Categoría:Biólogos evolucionistas
luchador de artes marciales mixtas,instancia de,profesión
luchador de artes marciales mixtas,subclase de,artista marcial
luchador de artes marciales mixtas,ámbito de la ocupación,artes marciales mixtas
luchador de artes marciales mixtas,categoría principal del tema,Categoría:Practicantes de artes marciales mixtas
San Lorenzo,país,Panamá
San Lorenzo,instancia de,Distritos de Panamá
San Lorenzo,situado en la entidad territorial administrativa,Provincia de Chiriquí
Ministro de Relaciones Exteriores de Panamá,país,Panamá
Ministro de Relaciones Exteriores de Panamá,instancia de,cargo
Ministro de Relaciones Exteriores de Panamá,subclase de,ministro de Relaciones Exteriores
Ministro de Relaciones Exteriores de Panamá,forma parte de,Consejo de Ministros de Panamá
Ministro de Relaciones Exteriores de Panamá,aplica a la jurisdicción,Panamá
Freddy Góndola,Lugar de nacimiento,Ciudad de Panamá
Freddy Góndola,Ocupación,futbolista
Freddy Góndola,Ciudadanía,Panamá
Freddy Góndola,Fecha de nacimiento,1995-09-18
Carina Baltrip-Reyes,Lugar de nacimiento,Austin
Carina Baltrip-Reyes,Ocupación,futbolista
Carina Baltrip-Reyes,Ciudadanía,Estados Unidos
Carina Baltrip-Reyes,Fecha de nacimiento,1998-07-01
Carina Baltrip-Reyes,Ciudadanía,Panamá
Juan Tejada,Ocupación,beisbolista
Juan Tejada,Ciudadanía,Panamá
Juan Tejada,Fecha de nacimiento,1943-03-08
Lupita Barriga,Lugar de nacimiento,Panamá
Lupita Barriga,Ocupación,diseñador
Lupita Barriga,Ciudadanía,Panamá
Luis Hurtado,Ocupación,futbolista
Luis Hurtado,Ciudadanía,Panamá
Luis Hurtado,Fecha de nacimiento,1992-09-07
Luis Pulido Ritter,Lugar de nacimiento,Ciudad de Panamá
Luis Pulido Ritter,Ocupación,escritor
Luis Pulido Ritter,Ciudadanía,Panamá
Luis Pulido Ritter,Fecha de nacimiento,1961-01-01
Luis Pulido Ritter,Ocupación,poeta
Luis Pulido Ritter,Ocupación,profesor universitario
Luis Pulido Ritter,Ocupación,sociólogo
Luis Pulido Ritter,Ocupación,filósofo
Luis Pulido Ritter,Ocupación,hombre de letras
Luis Pulido Ritter,Ocupación,especialista en literatura
Edwin Domínguez,Ocupación,entomólogo
Edwin Domínguez,Ciudadanía,Panamá
Edwin Domínguez,Educado en,Universidad de Costa Rica
Edwin Domínguez,Empleador,Universidad de Panamá
Edwin Domínguez,Educado en,Universidad Federal de Viçosa
Edwin Domínguez,Educado en,Universidad de Panamá
Susan Moore,Ocupación,pintor
Susan Moore,Ciudadanía,Panamá
Susan Moore,Fecha de nacimiento,1953-01-01
Crispiano Adames,Lugar de nacimiento,Mateo Iturralde
Crispiano Adames,Ocupación,político
Crispiano Adames,Ciudadanía,Panamá
Crispiano Adames,Cargo,Speaker of the National Assembly of Panama
Crispiano Adames,Fecha de nacimiento,1961-08-18
Crispiano Adames,Ocupación,doctor
Herbert Cousins,Lugar de nacimiento,Ciudad de Panamá
Herbert Cousins,Ocupación,baloncestista
Herbert Cousins,Ciudadanía,Estados Unidos
Herbert Cousins,Fecha de nacimiento,1948-07-11
Herbert Cousins,Ciudadanía,Panamá
Andrew Donald Morrison,Lugar de nacimiento,Panamá
Andrew Donald Morrison,Ocupación,escritor
Andrew Donald Morrison,Ciudadanía,Reino Unido
Andrew Donald Morrison,Empleador,Universidad de Glasgow
Andrew Donald Morrison,Ocupación,profesor universitario
Andrew Donald Morrison,Ocupación,filólogo clásico
Andrew Donald Morrison,Ocupación,helenista
Andrew Donald Morrison,Ciudadanía,Panamá
Andrew Donald Morrison,Empleador,Universidad de Mánchester
Christopher Cragwell,Lugar de nacimiento,Ciudad de Colón
Christopher Cragwell,Ocupación,futbolista
Christopher Cragwell,Ciudadanía,Panamá
Christopher Cragwell,Fecha de nacimiento,2001-06-26
Orman Davis,Lugar de nacimiento,Bocas del Toro
Orman Davis,Ocupación,futbolista
Orman Davis,Ciudadanía,Panamá
Orman Davis,Fecha de nacimiento,2002-12-25
Carlos R. Ordóñez,Ocupación,físico
Carlos R. Ordóñez,Ciudadanía,Panamá
Carlos R. Ordóñez,Educado en,Universidad de Texas en Austin
Carlos R. Ordóñez,Empleador,Universidad Vanderbilt
Carlos R. Ordóñez,Miembro de,National Society of Hispanic Physicists
Carlos R. Ordóñez,Premio recibido,Beca Guggenheim
Carlos R. Ordóñez,Ocupación,investigador
Carlos R. Ordóñez,Premio recibido,Miembro de la Sociedad Estadounidense de Física
Carlos R. Ordóñez,Premio recibido,Edward A. Bouchet Award
Carlos R. Ordóñez,Premio recibido,John Wheatley Award
Carlos R. Ordóñez,Educado en,Universidad de Panamá
Carlos R. Ordóñez,Empleador,universidad de Houston
Carlos R. Ordóñez,Empleador,Universidad de Panamá
Pantaleón Henríquez Bernal,Lugar de nacimiento,La Villa de Los Santos
Pantaleón Henríquez Bernal,Ocupación,escritor
Pantaleón Henríquez Bernal,Ciudadanía,Panamá
Pantaleón Henríquez Bernal,Educado en,Universidad de Panamá
Pantaleón Henríquez Bernal,Fecha de nacimiento,1915-01-04
Pantaleón Henríquez Bernal,Fecha de defunción,2002-06-11
Pantaleón Henríquez Bernal,Ocupación,político
Pantaleón Henríquez Bernal,Ocupación,periodista
Al Smith,Lugar de nacimiento,Albany
Al Smith,Ocupación,baloncestista
Al Smith,Ciudadanía,Estados Unidos
Al Smith,Fecha de nacimiento,1955-01-01
Al Smith,Ciudadanía,Panamá
Bernabé Vergara,Ocupación,yudoca
Bernabé Vergara,Ciudadanía,Panamá
Bernabé Vergara,Fecha de nacimiento,1997-08-26
Diego Dominguez,Ocupación,profesor universitario
Diego Dominguez,Ciudadanía,Panamá
Diego Dominguez,Educado en,Universidad de Panamá
Diego Dominguez,Empleador,Universidad de Panamá
Diego Dominguez,Premio recibido,Beca Guggenheim
Diego Dominguez,Fecha de nacimiento,1915-01-01
Diego Dominguez,Fecha de defunción,2011-01-01
Diego Dominguez,Ocupación,filósofo
David Checa,Lugar de nacimiento,Ciudad de Panamá
David Checa,Ocupación,futbolista
David Checa,Ciudadanía,Panamá
David Checa,Fecha de nacimiento,2001-11-14
Karoline Castillo,Ocupación,taekwondista
Karoline Castillo,Ciudadanía,Panamá
Karoline Castillo,Fecha de nacimiento,2000-12-26
Austin,ubicación de la sede,Austin
Austin,jefe de gobierno,Kirk Watson
Austin,país,Estados Unidos
Austin,instancia de,sede de condado
Austin,instancia de,ciudad de Estados Unidos
diseñador,instancia de,profesión
diseñador,subclase de,profesional creativo
diseñador,ámbito de la ocupación,diseño
diseñador,categoría principal del tema,Categoría:Diseñadores
entomólogo,instancia de,profesión
entomólogo,instancia de,cargo
entomólogo,instancia de,ocupación
entomólogo,subclase de,zoólogo de invertebrados
entomólogo,ámbito de la ocupación,entomología
Universidad Federal de Viçosa,país,Brasil
Universidad Federal de Viçosa,instancia de,universidad
Universidad Federal de Viçosa,instancia de,universidad pública
Universidad Federal de Viçosa,instancia de,institución educativa pública
Universidad Federal de Viçosa,instancia de,editor de acceso abierto
Mateo Iturralde,país,Panamá
Mateo Iturralde,instancia de,Comunidad de Panamá
Mateo Iturralde,situado en la entidad territorial administrativa,Provincia de Panamá
Universidad de Glasgow,país,Reino Unido
Universidad de Glasgow,instancia de,editor de acceso abierto
Universidad de Glasgow,instancia de,universidad pública de investigación
Universidad de Glasgow,situado en la entidad territorial administrativa,Ciudad de Glasgow
Universidad de Glasgow,ubicación de la sede,Glasgow
físico,instancia de,profesión
físico,subclase de,científico físico
físico,ámbito de la ocupación,física
físico,categoría principal del tema,Categoría:Físicos
físico,diferente de,médico
Universidad de Texas en Austin,país,Estados Unidos
Universidad de Texas en Austin,instancia de,institución educativa pública de los Estados Unidos
Universidad de Texas en Austin,instancia de,universidad pública de investigación
Universidad de Texas en Austin,situado en la entidad territorial administrativa,Austin
Universidad de Texas en Austin,ubicación de la sede,Austin
Universidad Vanderbilt,descrito en la fuente,The Encyclopedia Americana (1920)
Universidad Vanderbilt,descrito en la fuente,Medvik
Albany,jefe de gobierno,Bo Dorough
Albany,país,Estados Unidos
Albany,instancia de,sede de condado
Albany,instancia de,ciudad de Estados Unidos
Albany,instancia de,municipio de Georgia (USA)
Beca Guggenheim,país,Estados Unidos
Beca Guggenheim,instancia de,beca
Beca Guggenheim,instancia de,evento anual
Beca Guggenheim,campo de trabajo,ciencia
Beca Guggenheim,campo de trabajo,música
Eymie Estefania Gayle Alvarez,Ocupación,baloncestista
Eymie Estefania Gayle Alvarez,Ciudadanía,Panamá
Eymie Estefania Gayle Alvarez,Fecha de nacimiento,1989-09-19
Annya Nedelys Castillo Acosta,Ocupación,baloncestista
Annya Nedelys Castillo Acosta,Ciudadanía,Panamá
Annya Nedelys Castillo Acosta,Fecha de nacimiento,1988-05-04
Lourdes Estefania Borbua Perea,Ocupación,baloncestista
Lourdes Estefania Borbua Perea,Ciudadanía,Panamá
Lourdes Estefania Borbua Perea,Fecha de nacimiento,1989-04-16
Arantxa Chizel Rodriguez Hall,Ocupación,baloncestista
Arantxa Chizel Rodriguez Hall,Ciudadanía,Panamá
Arantxa Chizel Rodriguez Hall,Fecha de nacimiento,1989-05-10
Angela Alexandra Williams Phillips,Ocupación,baloncestista
Angela Alexandra Williams Phillips,Ciudadanía,Panamá
Angela Alexandra Williams Phillips,Fecha de nacimiento,1988-04-09
Katerin Adriana Corinealdi Julio,Ocupación,baloncestista
Katerin Adriana Corinealdi Julio,Ciudadanía,Panamá
Katerin Adriana Corinealdi Julio,Fecha de nacimiento,1988-03-12
Cindy Elizabeth Sotillo Shephard,Ocupación,baloncestista
Cindy Elizabeth Sotillo Shephard,Ciudadanía,Panamá
Cindy Elizabeth Sotillo Shephard,Fecha de nacimiento,1988-11-05
Heydikel Del Carmen Carvajal Rodriguez,Ocupación,baloncestista
Heydikel Del Carmen Carvajal Rodriguez,Ciudadanía,Panamá
Heydikel Del Carmen Carvajal Rodriguez,Fecha de nacimiento,1989-07-28
Anibal Salazar,Ocupación,baloncestista
Anibal Salazar,Ciudadanía,Panamá
Anibal Salazar,Fecha de nacimiento,1988-01-29
Joel Jamir Brown Coronado,Ocupación,baloncestista
Joel Jamir Brown Coronado,Ciudadanía,Panamá
Joel Jamir Brown Coronado,Fecha de nacimiento,1988-08-10
Darrell Joel St. Rose Knight,Ocupación,baloncestista
Darrell Joel St. Rose Knight,Ciudadanía,Panamá
Darrell Joel St. Rose Knight,Fecha de nacimiento,1988-10-21
Edgardo Antonio Arrocha Gomez,Ocupación,baloncestista
Edgardo Antonio Arrocha Gomez,Ciudadanía,Panamá
Edgardo Antonio Arrocha Gomez,Fecha de nacimiento,1988-11-30
Marlon Worrell Simons,Ocupación,baloncestista
Marlon Worrell Simons,Ciudadanía,Panamá
Marlon Worrell Simons,Fecha de nacimiento,1989-09-05
Carlos Alberto Johnson,Ocupación,baloncestista
Carlos Alberto Johnson,Ciudadanía,Panamá
Carlos Alberto Johnson,Fecha de nacimiento,1988-11-15
Ciro Asuncion Andreve Aguilar,Ocupación,baloncestista
Ciro Asuncion Andreve Aguilar,Ciudadanía,Panamá
Ciro Asuncion Andreve Aguilar,Fecha de nacimiento,1988-12-01
Eduardo Andres Russo Oliveira,Ocupación,baloncestista
Eduardo Andres Russo Oliveira,Ciudadanía,Panamá
Eduardo Andres Russo Oliveira,Fecha de nacimiento,1988-04-25
Alejandro Cajar,Ocupación,baloncestista
Alejandro Cajar,Ciudadanía,Panamá
Alejandro Cajar,Fecha de nacimiento,1978-09-26
Oscar Jayson Fox,Ocupación,baloncestista
Oscar Jayson Fox,Ciudadanía,Panamá
Oscar Jayson Fox,Fecha de nacimiento,1979-08-12
Alex De Leon,Ocupación,baloncestista
Alex De Leon,Ciudadanía,Panamá
Alex De Leon,Fecha de nacimiento,1976-01-04
Jimmy Ray Allen Douglas,Ocupación,baloncestista
Jimmy Ray Allen Douglas,Ciudadanía,Panamá
Jimmy Ray Allen Douglas,Fecha de nacimiento,1978-11-24
Olga Francesca Linares,Lugar de nacimiento,Panamá
Olga Francesca Linares,Ocupación,profesor universitario
Olga Francesca Linares,Ciudadanía,Estados Unidos
Olga Francesca Linares,Educado en,Universidad Harvard
Olga Francesca Linares,Empleador,Universidad Harvard
Olga Francesca Linares,Miembro de,Academia Nacional de Ciencias de los Estados Unidos
Olga Francesca Linares,Cargo,investigador
Olga Francesca Linares,Fecha de nacimiento,1936-11-10
Olga Francesca Linares,Fecha de defunción,2014-12-02
Olga Francesca Linares,Lugar de nacimiento,David
Olga Francesca Linares,Ocupación,arqueólogo
Olga Francesca Linares,Ocupación,antropólogo
Olga Francesca Linares,Ocupación,ecólogo
Olga Francesca Linares,Ciudadanía,Panamá
Olga Francesca Linares,Educado en,Vassar College
Olga Francesca Linares,Empleador,Universidad de Pensilvania
Olga Francesca Linares,Empleador,Universidad de Texas en Austin
Olga Francesca Linares,Empleador,Institución Smithsonian
Olga Francesca Linares,Cargo,investigador científico
Olga Francesca Linares,Cargo,Scientist Emeritus
Olga Francesca Linares,Empleador,Instituto Smithsonian de Investigaciones Tropicales
Olga Sinclair,Ocupación,pintor
Olga Sinclair,Ciudadanía,Panamá
Olga Sinclair,Fecha de nacimiento,1957-02-14
Olmedo Sáenz,Lugar de nacimiento,Chitré
Olmedo Sáenz,Ocupación,beisbolista
Olmedo Sáenz,Ciudadanía,Panamá
Olmedo Sáenz,Fecha de nacimiento,1970-10-08
Yinneth Kellyam Cubilla,Ocupación,ciclista
Yinneth Kellyam Cubilla,Ciudadanía,Panamá
Yinneth Kellyam Cubilla,Fecha de nacimiento,1993-04-12
Gary Anthony Stennette,Lugar de nacimiento,Ciudad de Panamá
Gary Anthony Stennette,Ocupación,actor
Gary Anthony Stennette,Ciudadanía,Panamá
Gary Anthony Stennette,Fecha de nacimiento,1973-06-06
Darrell Baker Jr.,Lugar de nacimiento,Ciudad de Panamá
Darrell Baker Jr.,Ocupación,jugador de fútbol americano
Darrell Baker Jr.,Ciudadanía,Estados Unidos
Darrell Baker Jr.,Fecha de nacimiento,1998-03-27
Darrell Baker Jr.,Ciudadanía,Panamá
Cristopher Miranda,Ocupación,ciclista
Cristopher Miranda,Ciudadanía,Panamá
Cristopher Miranda,Fecha de nacimiento,2003-08-30
Lucy Quintero,Lugar de nacimiento,Parita
Lucy Quintero,Ocupación,cantante
Lucy Quintero,Ciudadanía,Panamá
Lucy Quintero,Fecha de nacimiento,1948-03-04
Lucy Quintero,Fecha de defunción,2023-02-01
George Stewart,Ocupación,tenista
George Stewart,Ciudadanía,Estados Unidos
George Stewart,Ciudadanía,Panamá
Randish Abdul Lorenzo,Ocupación,ciclista
Randish Abdul Lorenzo,Ciudadanía,Panamá
Randish Abdul Lorenzo,Fecha de nacimiento,1997-05-24
Said David,Lugar de nacimiento,Ciudad de Panamá
Said David,Ocupación,futbolista
Said David,Ciudadanía,Canadá
Said David,Fecha de nacimiento,2006-04-01
Said David,Ciudadanía,Panamá
Riley Tanner,Lugar de nacimiento,Grand Rapids
Riley Tanner,Ocupación,futbolista
Riley Tanner,Ciudadanía,Estados Unidos
Riley Tanner,Educado en,Universidad de Alabama
Riley Tanner,Fecha de nacimiento,1999-10-15
Riley Tanner,Ciudadanía,Panamá
Riley Tanner,Educado en,Universidad de Carolina del Sur
Riley Tanner,Educado en,East Kentwood High School
Jose Pitti,Ocupación,ciclista
Jose Pitti,Ciudadanía,Panamá
Jose Pitti,Fecha de nacimiento,2003-07-03
Noémie Potier,Ocupación,futbolista
Noémie Potier,Ciudadanía,Suiza
Noémie Potier,Fecha de nacimiento,2005-09-12
Noémie Potier,Ciudadanía,Panamá
Emerson Dimas,Lugar de nacimiento,La Chorrera
Emerson Dimas,Ocupación,futbolista
Emerson Dimas,Ciudadanía,Panamá
Emerson Dimas,Fecha de nacimiento,2001-08-10
Gilberto Hernández,Lugar de nacimiento,Ciudad de Colón
Gilberto Hernández,Ocupación,futbolista
Gilberto Hernández,Ciudadanía,Panamá
Gilberto Hernández,Fecha de nacimiento,1997-06-26
Gilberto Hernández,Fecha de defunción,2023-09-03
Edgardo Fariña,Lugar de nacimiento,Ciudad de Panamá
Edgardo Fariña,Ocupación,futbolista
Edgardo Fariña,Ciudadanía,Panamá
Edgardo Fariña,Fecha de nacimiento,2001-10-19
Michael Casazola,Lugar de nacimiento,David
Michael Casazola,Ocupación,futbolista
Michael Casazola,Ciudadanía,Panamá
Michael Casazola,Fecha de nacimiento,1993-04-27
José Francisco de la Ossa,Lugar de nacimiento,Ciudad de Panamá
José Francisco de la Ossa,Ocupación,abogado
José Francisco de la Ossa,Ciudadanía,Panamá
José Francisco de la Ossa,Fecha de nacimiento,1856-09-15
José Francisco de la Ossa,Fecha de defunción,1936-04-15
José Francisco de la Ossa,Ocupación,político
Eduardo Anderson,Lugar de nacimiento,Ciudad de Panamá
Eduardo Anderson,Ocupación,futbolista
Eduardo Anderson,Ciudadanía,Panamá
Eduardo Anderson,Fecha de nacimiento,2001-01-31
tenista,instancia de,profesión
tenista,subclase de,deportista
tenista,subclase de,jugador competitivo
tenista,ámbito de la ocupación,tenis
tenista,ámbito de la ocupación,tenis femenino
Canadá,miembro de,Organización para la Seguridad y la Cooperación en Europa
Canadá,miembro de,Organización de los Estados Americanos
Canadá,miembro de,Organización Internacional de la Francofonía
Canadá,miembro de,Organización Meteorológica Mundial
Canadá,miembro de,Foro de Cooperación Económica Asia-Pacífico
Grand Rapids,jefe de gobierno,Rosalynn Bliss
Grand Rapids,país,Estados Unidos
Grand Rapids,categoría para las personas que nacieron aquí,Categoría:Nacidos en Grand Rapids (Míchigan)
Grand Rapids,categoría para las personas que fallecieron aquí,Categoría:Fallecidos en Grand Rapids (Míchigan)
Grand Rapids,categoría de personas relacionadas,Categoría:Personas de Grand Rapids (Míchigan)
Universidad de Alabama,P2643,"de cuatro años, a tiempo completo, más selectivo, con menor transferencia"
Suiza,capital,Berna
Suiza,idioma oficial,francés
Suiza,idioma oficial,alemán
Suiza,idioma oficial,italiano
Suiza,idioma oficial,romanche
Omar Navarro Rutinelly,Lugar de nacimiento,Provincia de Chiriquí
Omar Navarro Rutinelly,Ocupación,futbolista
Omar Navarro Rutinelly,Ciudadanía,Panamá
Omar Navarro Rutinelly,Fecha de nacimiento,1975-04-04
Orlando Miller,Lugar de nacimiento,Changuinola
Orlando Miller,Ocupación,beisbolista
Orlando Miller,Ciudadanía,Panamá
Orlando Miller,Fecha de nacimiento,1969-01-13
Orlando Rodríguez,Lugar de nacimiento,Ciudad de Colón
Orlando Rodríguez,Ocupación,futbolista
Orlando Rodríguez,Ciudadanía,Panamá
Orlando Rodríguez,Fecha de nacimiento,1984-08-09
Oscar Levis,Ocupación,beisbolista
Oscar Levis,Ciudadanía,Panamá
Oscar Levis,Fecha de nacimiento,1899-08-07
Oscar Levis,Fecha de defunción,1983-05-01
Oscar Willis Layne,Lugar de nacimiento,Ciudad de Panamá
Oscar Willis Layne,Ocupación,ciclista
Oscar Willis Layne,Ciudadanía,Panamá
Oscar Willis Layne,Fecha de nacimiento,1918-06-12
Oscar Willis Layne,Fecha de defunción,2016-02-24
Ossie Chavarria,Lugar de nacimiento,Ciudad de Colón
Ossie Chavarria,Ocupación,beisbolista
Ossie Chavarria,Ciudadanía,Panamá
Ossie Chavarria,Fecha de nacimiento,1937-08-05
Pablo Cuéllar,Ocupación,ajedrecista
Pablo Cuéllar,Ciudadanía,Panamá
Pablo Cuéllar,Fecha de nacimiento,1952-01-01
Paola Vaprio,Lugar de nacimiento,Ciudad de Panamá
Paola Vaprio,Ocupación,participante en concursos de belleza
Paola Vaprio,Ciudadanía,Panamá
Paola Vaprio,Fecha de nacimiento,1986-06-12
Paolo Espino,Lugar de nacimiento,Ciudad de Panamá
Paolo Espino,Ocupación,beisbolista
Paolo Espino,Ciudadanía,Panamá
Paolo Espino,Fecha de nacimiento,1987-01-10
Pat Scantlebury,Lugar de nacimiento,Lago Gatún
Pat Scantlebury,Ocupación,beisbolista
Pat Scantlebury,Ciudadanía,Panamá
Pat Scantlebury,Fecha de nacimiento,1917-11-11
Pat Scantlebury,Fecha de defunción,1991-05-24
Patricia Alvarado Nuñez,Lugar de nacimiento,Ciudad de Panamá
Patricia Alvarado Nuñez,Ocupación,escritor
Patricia Alvarado Nuñez,Ciudadanía,Estados Unidos
Patricia Alvarado Nuñez,Educado en,Emerson College
Patricia Alvarado Nuñez,Fecha de nacimiento,1967-01-01
Patricia Alvarado Nuñez,Ocupación,productor de televisión
Patricia Alvarado Nuñez,Ocupación,periodista
Patricia Alvarado Nuñez,Ciudadanía,Panamá
Patricia Alvarado Nuñez,Educado en,Universidad de Panamá
Patricia de Leon,Lugar de nacimiento,Ciudad de Panamá
Patricia de Leon,Ocupación,actor
Patricia de Leon,Ciudadanía,Panamá
Patricia de Leon,Fecha de nacimiento,1976-01-02
Patricia de Leon,Ocupación,modelo
Patricia de Leon,Fecha de nacimiento,1978-01-02
Pedro Altamiranda,Ocupación,compositor
Pedro Altamiranda,Ciudadanía,Panamá
Pedro Altamiranda,Educado en,Sorbonne Universidad de París
Pedro Altamiranda,Fecha de nacimiento,1935-11-30
Pedro Altamiranda,Fecha de defunción,2024-03-07
Pedro Altamiranda,Ocupación,cantante
Pedro Altamiranda,Ocupación,publicista
Pedro Altamiranda,Ocupación,filólogo
Pedro Altamiranda,Educado en,Universidad de Panamá
Pedro Heilbron,Lugar de nacimiento,Ciudad de Colón
Pedro Heilbron,Ocupación,director ejecutivo
Pedro Heilbron,Ciudadanía,Panamá
Pedro Heilbron,Educado en,Universidad George Washington
Pedro Heilbron,Fecha de nacimiento,1958-01-01
Pedro Heilbron,Educado en,College of the Holy Cross
Pedro Miguel González,Ocupación,político
Pedro Miguel González,Ciudadanía,Panamá
Pedro Miguel González,Cargo,Speaker of the National Assembly of Panama
Pedro Miguel González,Fecha de nacimiento,1965-01-01
Pedro Rivas,Lugar de nacimiento,Ciudad de Colón
Pedro Rivas,Ocupación,baloncestista
Pedro Rivas,Ciudadanía,Panamá
Pedro Rivas,Fecha de nacimiento,1945-11-24
Pedro Rivas,Fecha de defunción,2007-06-23
Percibal Blades,Lugar de nacimiento,Ciudad de Panamá
Percibal Blades,Ocupación,baloncestista
Percibal Blades,Ciudadanía,Panamá
Percibal Blades,Fecha de nacimiento,1943-04-01
Predikador,Ocupación,compositor
Predikador,Ciudadanía,Panamá
Predikador,Fecha de nacimiento,1983-12-27
Predikador,Ocupación,productor discográfico
Ángela de Liechtenstein,Lugar de nacimiento,Bocas del Toro
Ángela de Liechtenstein,Ocupación,director creativo
Ángela de Liechtenstein,Ciudadanía,Liechtenstein
Ángela de Liechtenstein,Educado en,Parsons The New School for Design
Ángela de Liechtenstein,Fecha de nacimiento,1958-02-03
Ángela de Liechtenstein,Ocupación,aristócrata
Ángela de Liechtenstein,Ocupación,estilista de moda
Ángela de Liechtenstein,Ocupación,diseñador de moda
Ángela de Liechtenstein,Ciudadanía,Panamá
Publio Rodriguez,Lugar de nacimiento,Ciudad de Colón
Publio Rodriguez,Ocupación,futbolista
Publio Rodriguez,Ciudadanía,Panamá
Publio Rodriguez,Fecha de nacimiento,1986-10-02
Changuinola,país,Panamá
Changuinola,instancia de,Comunidad de Panamá
Changuinola,situado en la entidad territorial administrativa,Changuinola
Changuinola,capital de,Changuinola
ajedrecista,instancia de,profesión
ajedrecista,subclase de,deportista
ajedrecista,subclase de,jugador de juego de tablero
Lago Gatún,país,Panamá
Lago Gatún,instancia de,embalse
Lago Gatún,situado en la entidad territorial administrativa,Panamá
Lago Gatún,alimentación,Río Chagres
Emerson College,país,Estados Unidos
Emerson College,instancia de,universidad
Emerson College,instancia de,institución educativa privada sin fines de lucro
Emerson College,fundador,Charles Wesley Emerson
Emerson College,situado en la entidad territorial administrativa,Massachusetts
director ejecutivo,instancia de,profesión
director ejecutivo,instancia de,concepto jurídico
director ejecutivo,instancia de,título corporativo
director ejecutivo,instancia de,ocupación
director ejecutivo,subclase de,ejecutivo
director creativo,instancia de,profesión
director creativo,instancia de,trabajador de cuello blanco
director creativo,instancia de,título corporativo
director creativo,subclase de,realizador
Liechtenstein,país,Liechtenstein
Liechtenstein,jefe de gobierno,Daniel Risch
Liechtenstein,continente,Europa
Liechtenstein,instancia de,país
Liechtenstein,instancia de,estado soberano
Parsons The New School for Design,país,Estados Unidos
Parsons The New School for Design,instancia de,college
Parsons The New School for Design,instancia de,escuela de diseño
Parsons The New School for Design,fundador,William Merritt Chase
Parsons The New School for Design,situado en la entidad territorial administrativa,Estados Unidos
Ligia Herrera Jurado,Lugar de nacimiento,Provincia de Chiriquí
Ligia Herrera Jurado,Ocupación,geógrafo
Ligia Herrera Jurado,Ciudadanía,Panamá
Ligia Herrera Jurado,Fecha de nacimiento,1918-05-04
Ligia Herrera Jurado,Fecha de defunción,2023-01-20
Ligia Herrera Jurado,Ocupación,filósofo
Marixa Lasso,Ocupación,historiador
Marixa Lasso,Ciudadanía,Panamá
Marixa Lasso,Ocupación,investigador
Rosa E. Palacio Navas,Lugar de nacimiento,Ancón
Rosa E. Palacio Navas,Ocupación,arquitecto
Rosa E. Palacio Navas,Ciudadanía,Panamá
Rosa E. Palacio Navas,Educado en,Universidad de Washington
Rosa E. Palacio Navas,Fecha de nacimiento,1912-01-01
Rosa E. Palacio Navas,Fecha de defunción,1980-01-01
Rosa E. Palacio Navas,Ocupación,urbanista
Catherina Caballero-George,Lugar de nacimiento,David
Catherina Caballero-George,Ocupación,investigador
Catherina Caballero-George,Ciudadanía,Panamá
Catherina Caballero-George,Educado en,Universidad de Amberes
Catherina Caballero-George,Empleador,Instituto Smithsonian de Investigaciones Tropicales
Catherina Caballero-George,Fecha de nacimiento,1975-01-01
Catherina Caballero-George,Ocupación,farmacólogo
Catherina Caballero-George,Educado en,Universidad de Panamá
Catherina Caballero-George,Empleador,Instituto de Investigaciones Científicas y Servicios de Alta Tecnología
Anilena Mejía,Lugar de nacimiento,Ciudad de Panamá
Anilena Mejía,Ocupación,psicólogo
Anilena Mejía,Ciudadanía,Panamá
Anilena Mejía,Educado en,Universidad de Mánchester
Anilena Mejía,Empleador,Unicef
Anilena Mejía,Fecha de nacimiento,1985-06-18
Anilena Mejía,Ocupación,investigador
Anilena Mejía,Educado en,Universidad Católica Santa María La Antigua de Panamá
Anilena Mejía,Empleador,Instituto de Investigaciones Científicas y Servicios de Alta Tecnología
José Caballero,Lugar de nacimiento,Las Tablas
José Caballero,Ocupación,beisbolista
José Caballero,Ciudadanía,Panamá
José Caballero,Educado en,Chipola College
José Caballero,Fecha de nacimiento,1996-08-30
Carlos Rodríguez Salguero,Lugar de nacimiento,Ciudad de Panamá
Carlos Rodríguez Salguero,Ocupación,futbolista
Carlos Rodríguez Salguero,Ciudadanía,Panamá
Carlos Rodríguez Salguero,Fecha de nacimiento,2001-05-17
Yoameth Murillo,Lugar de nacimiento,Ciudad de Panamá
Yoameth Murillo,Ocupación,futbolista
Yoameth Murillo,Ciudadanía,Panamá
Yoameth Murillo,Fecha de nacimiento,2001-11-07
Armando Fortune,Lugar de nacimiento,Ciudad de Panamá
Armando Fortune,Ocupación,investigador
Armando Fortune,Ciudadanía,Panamá
Armando Fortune,Fecha de nacimiento,1921-02-16
Armando Fortune,Fecha de defunción,1979-03-26
Leo Jiménez,Lugar de nacimiento,Chitré
Leo Jiménez,Ocupación,beisbolista profesional
Leo Jiménez,Ciudadanía,Panamá
Leo Jiménez,Fecha de nacimiento,2001-05-17
Bryan More,Lugar de nacimiento,Ciudad de Panamá
Bryan More,Ocupación,futbolista
Bryan More,Ciudadanía,República Dominicana
Bryan More,Fecha de nacimiento,2003-05-29
Bryan More,Ciudadanía,Panamá
Juan M. Lambert,Lugar de nacimiento,David
Juan M. Lambert,Ocupación,político
Juan M. Lambert,Ciudadanía,Panamá
Juan M. Lambert,Fecha de nacimiento,1851-06-23
Juan M. Lambert,Fecha de defunción,1915-05-22
José Matos,Lugar de nacimiento,Penonomé
José Matos,Ocupación,futbolista
José Matos,Ciudadanía,Panamá
José Matos,Fecha de nacimiento,2002-03-08
Insano,Lugar de nacimiento,Ciudad de Panamá
Insano,Ciudadanía,Panamá
Insano,Fecha de nacimiento,1987-09-18
Martanoemí Noriega,Lugar de nacimiento,Ciudad de Panamá
Martanoemí Noriega,Ciudadanía,Panamá
Carlos Pineda Jiménez,Ocupación,futbolista
Carlos Pineda Jiménez,Ciudadanía,Panamá
Carlos Pineda Jiménez,Fecha de nacimiento,1993-03-27
Emmanuel Chanis,Lugar de nacimiento,Ciudad de Panamá
Emmanuel Chanis,Ocupación,futbolista
Emmanuel Chanis,Ciudadanía,Panamá
Emmanuel Chanis,Fecha de nacimiento,1998-12-21
Manuel Gamboa,Lugar de nacimiento,Metetí
Manuel Gamboa,Ocupación,futbolista
Manuel Gamboa,Ciudadanía,Panamá
Manuel Gamboa,Fecha de nacimiento,1999-02-05
Rodolfo Vega,Lugar de nacimiento,Ciudad de Panamá
Rodolfo Vega,Ocupación,futbolista
Rodolfo Vega,Ciudadanía,Panamá
Rodolfo Vega,Fecha de nacimiento,2003-06-12
Jordán Girón,Lugar de nacimiento,Ciudad de Panamá
Jordán Girón,Ocupación,futbolista
Jordán Girón,Ciudadanía,Panamá
Jordán Girón,Fecha de nacimiento,2000-12-21
geógrafo,instancia de,profesión
geógrafo,subclase de,científico de la Tierra
geógrafo,ámbito de la ocupación,geografía
geógrafo,categoría principal del tema,Categoría:Geógrafos
investigador,instancia de,cargo
investigador,instancia de,ocupación
investigador,subclase de,escritor de no ficción
investigador,subclase de,profesional de la academia
investigador,ámbito de la ocupación,investigación
arquitecto,instancia de,profesión
arquitecto,instancia de,título corporativo
arquitecto,instancia de,ocupación
arquitecto,instancia de,grupo de ocupaciones de la CIUO
Universidad de Washington,filial,Institute for Health Metrics and Evaluation
Universidad de Amberes,país,Bélgica
Universidad de Amberes,instancia de,universidad
Universidad de Amberes,instancia de,organización
Universidad de Amberes,instancia de,institución educativa
Universidad de Amberes,situado en la entidad territorial administrativa,Amberes
psicólogo,subclase de,profesionales sociales y religiosos
psicólogo,ámbito de la ocupación,psicología
psicólogo,ámbito de la ocupación,psicoterapia
Universidad de Mánchester,país,Reino Unido
Universidad de Mánchester,instancia de,universidad
Universidad de Mánchester,instancia de,organización educativa
Universidad de Mánchester,instancia de,editor de acceso abierto
Universidad de Mánchester,ubicación de la sede,Mánchester
Unicef,país,Estados Unidos
Unicef,instancia de,organización de las Naciones Unidas
Unicef,fundador,Asamblea General de las Naciones Unidas
Unicef,fundador,Ludwik Rajchman
Unicef,ubicación de la sede,Nueva York
beisbolista profesional,instancia de,profesión
beisbolista profesional,subclase de,beisbolista
beisbolista profesional,subclase de,atleta profesional
beisbolista profesional,ámbito de la ocupación,beisbol profesional
beisbolista profesional,diferente de,beisbolista
República Dominicana,país,República Dominicana
República Dominicana,jefe de gobierno,Luis Abinader
República Dominicana,continente,América del Norte
República Dominicana,instancia de,país
República Dominicana,instancia de,país insular
Metetí,país,Panamá
Metetí,instancia de,Comunidad de Panamá
Metetí,situado en la entidad territorial administrativa,Provincia de Darién
Metetí,situado en la entidad territorial administrativa,Pinogana
Metetí,se encuentra en el huso horario,UTC-05:00
Carlos Alberto Rivera,Lugar de nacimiento,Panamá
Carlos Alberto Rivera,Ocupación,futbolista
Carlos Alberto Rivera,Ciudadanía,Panamá
Carlos Alberto Rivera,Fecha de nacimiento,2003-02-24
Lamar Bailey Karamañites,Lugar de nacimiento,Ciudad de Panamá
Lamar Bailey Karamañites,Ocupación,facilitador
Lamar Bailey Karamañites,Ciudadanía,Estados Unidos
Lamar Bailey Karamañites,Educado en,Universidad Harvard
Lamar Bailey Karamañites,Fecha de nacimiento,1901-01-01
Lamar Bailey Karamañites,Ocupación,cineasta
Lamar Bailey Karamañites,Ocupación,director de cine
Lamar Bailey Karamañites,Ocupación,activista
Lamar Bailey Karamañites,Ciudadanía,Panamá
Lamar Bailey Karamañites,Educado en,Baruch College
Lamar Bailey Karamañites,Educado en,Universidad Politécnica de Valencia
Ashley Reid,Lugar de nacimiento,Ciudad de Panamá
Ashley Reid,Ocupación,baloncestista
Ashley Reid,Ciudadanía,Estados Unidos
Ashley Reid,Educado en,Wichita State University
Ashley Reid,Fecha de nacimiento,1998-01-03
Ashley Reid,Ciudadanía,Panamá
Ashley Reid,Educado en,Universidad Tecnológica de Luisiana
Marina Saiz Salazar,Ocupación,compositor
Marina Saiz Salazar,Ciudadanía,Panamá
Marina Saiz Salazar,Fecha de defunción,1990-01-01
Ericka Sanchez,Ocupación,ciclista
Ericka Sanchez,Ciudadanía,Panamá
Ericka Sanchez,Fecha de nacimiento,1999-10-23
Emily Cedeño,Lugar de nacimiento,Puerto Armuelles
Emily Cedeño,Ocupación,futbolista
Emily Cedeño,Ciudadanía,Panamá
Emily Cedeño,Fecha de nacimiento,2003-11-22
Nicole De Obaldía,Lugar de nacimiento,Ciudad de Panamá
Nicole De Obaldía,Ocupación,futbolista
Nicole De Obaldía,Ciudadanía,Panamá
Nicole De Obaldía,Fecha de nacimiento,2000-03-16
Carmen Montenegro,Lugar de nacimiento,Provincia de Panamá Oeste
Carmen Montenegro,Ocupación,futbolista
Carmen Montenegro,Ciudadanía,Panamá
Carmen Montenegro,Fecha de nacimiento,2000-12-05
Kimberly Wing,Ocupación,ciclista
Kimberly Wing,Ciudadanía,Panamá
Kimberly Wing,Fecha de nacimiento,2003-09-24
Maraya Lopez,Ocupación,ciclista
Maraya Lopez,Ciudadanía,Panamá
Maraya Lopez,Fecha de nacimiento,2003-08-16
Jamall Dickens,Ocupación,futbolista
Jamall Dickens,Ciudadanía,Panamá
Jamall Dickens,Fecha de nacimiento,2002-05-28
Reymundo Williams,Ocupación,futbolista
Reymundo Williams,Ciudadanía,Panamá
Reymundo Williams,Fecha de nacimiento,2004-01-07
Ricaurte Vásquez Morales,Ciudadanía,Panamá
Ricaurte Vásquez Morales,Educado en,Instituto Politécnico Rensselaer
Ricaurte Vásquez Morales,Fecha de nacimiento,1952-10-28
Ricaurte Vásquez Morales,Educado en,Universidad Estatal de Carolina del Norte
Ricaurte Vásquez Morales,Educado en,Universidad Villanova
Roberto Guardia Rabell,Ocupación,empresario
Roberto Guardia Rabell,Ciudadanía,Panamá
Alberts Fruto,Lugar de nacimiento,Ciudad de Panamá
Alberts Fruto,Ocupación,futbolista
Alberts Fruto,Ciudadanía,Panamá
Alberts Fruto,Fecha de nacimiento,2001-01-02
Samir Taylor,Lugar de nacimiento,Changuinola
Samir Taylor,Ocupación,futbolista
Samir Taylor,Ciudadanía,Costa Rica
Samir Taylor,Fecha de nacimiento,2004-02-04
Samir Taylor,Ciudadanía,Panamá
Emmanuel Gomez,Lugar de nacimiento,San Miguelito
Emmanuel Gomez,Ocupación,futbolista
Emmanuel Gomez,Ciudadanía,Panamá
Emmanuel Gomez,Fecha de nacimiento,2000-05-17
Emmanuel Gomez,Ciudadanía,Nicaragua
Alcides Díaz,Lugar de nacimiento,Pacora
Alcides Díaz,Ocupación,futbolista
Alcides Díaz,Ciudadanía,Panamá
Alcides Díaz,Fecha de nacimiento,2001-07-04
facilitador,instancia de,ocupación
Provincia de Panamá Oeste,país,Panamá
Provincia de Panamá Oeste,instancia de,provincia de Panamá
Provincia de Panamá Oeste,capital,La Chorrera
Provincia de Panamá Oeste,situado en la entidad territorial administrativa,Panamá
Provincia de Panamá Oeste,bandera,Bandera de Panamá Oeste
Instituto Politécnico Rensselaer,país,Estados Unidos
Instituto Politécnico Rensselaer,instancia de,universidad privada
Instituto Politécnico Rensselaer,instancia de,institución educativa privada sin fines de lucro
Instituto Politécnico Rensselaer,fundador,Stephen Van Rensselaer
Instituto Politécnico Rensselaer,situado en la entidad territorial administrativa,Nueva York
Universidad Villanova,país,Estados Unidos
Universidad Villanova,instancia de,universidad católica
Universidad Villanova,instancia de,universidad privada
Universidad Villanova,instancia de,institución educativa privada sin fines de lucro
Universidad Villanova,instancia de,editor de acceso abierto
Changuinola,instancia de,Distritos de Panamá
Changuinola,capital,Changuinola
Changuinola,situado en la entidad territorial administrativa,Provincia de Bocas del Toro
San Miguelito,país,Panamá
San Miguelito,instancia de,villa
San Miguelito,instancia de,Distritos de Panamá
San Miguelito,situado en la entidad territorial administrativa,Provincia de Panamá
San Miguelito,se encuentra en el huso horario,UTC-05:00
Nicaragua,forma parte de,América Latina
Nicaragua,forma parte de,América Central
Nicaragua,se encuentra en el huso horario,UTC−6
Nicaragua,miembro de,Organización de las Naciones Unidas
Pacora,país,Panamá
Pacora,instancia de,villa
Pacora,instancia de,asentamiento
Pacora,instancia de,Comunidad de Panamá
Pacora,situado en la entidad territorial administrativa,Provincia de Panamá
Rafael Mosquera,Lugar de nacimiento,Ciudad de Panamá
Rafael Mosquera,Ocupación,futbolista
Rafael Mosquera,Ciudadanía,Panamá
Rafael Mosquera,Fecha de nacimiento,2005-05-24
Carmen Damaris Chea Cedeño,Ocupación,agrónomo
Carmen Damaris Chea Cedeño,Ciudadanía,Panamá
Carmen Damaris Chea Cedeño,Fecha de nacimiento,1940-06-05
Sergia Melita Rodríguez Solís,Lugar de nacimiento,Chitré
Sergia Melita Rodríguez Solís,Ocupación,investigador
Sergia Melita Rodríguez Solís,Ciudadanía,Panamá
Sergia Melita Rodríguez Solís,Fecha de nacimiento,1944-01-25
Zoila Yadira Guerra de Castillo,Lugar de nacimiento,La Concepción
Zoila Yadira Guerra de Castillo,Ocupación,científico
Zoila Yadira Guerra de Castillo,Ciudadanía,Panamá
Zoila Yadira Guerra de Castillo,Fecha de nacimiento,1957-06-29
Zoila Yadira Guerra de Castillo,Ocupación,inventor
Zoila Yadira Guerra de Castillo,Ocupación,ingeniero industrial
Zoila Yadira Guerra de Castillo,Ocupación,Aitzindari
Kevin Mosquera,Lugar de nacimiento,Ciudad de Panamá
Kevin Mosquera,Ocupación,futbolista
Kevin Mosquera,Ciudadanía,Panamá
Kevin Mosquera,Fecha de nacimiento,1999-10-07
José Eduardo Bernal,Lugar de nacimiento,David
José Eduardo Bernal,Ocupación,futbolista
José Eduardo Bernal,Ciudadanía,Panamá
José Eduardo Bernal,Fecha de nacimiento,2002-08-20
Kevin Berkeley,Lugar de nacimiento,Ciudad de Panamá
Kevin Berkeley,Ocupación,futbolista
Kevin Berkeley,Ciudadanía,Panamá
Kevin Berkeley,Fecha de nacimiento,2002-05-21
Érick Díaz,Ocupación,futbolista
Érick Díaz,Ciudadanía,Panamá
Érick Díaz,Fecha de nacimiento,2006-03-04
Gabriel Brown Martínez,Lugar de nacimiento,Provincia de Colón
Gabriel Brown Martínez,Ocupación,futbolista
Gabriel Brown Martínez,Ciudadanía,Panamá
Gabriel Brown Martínez,Fecha de nacimiento,1998-07-14
Juan Villalobos,Lugar de nacimiento,Ciudad de Colón
Juan Villalobos,Ocupación,futbolista
Juan Villalobos,Ciudadanía,Panamá
Juan Villalobos,Fecha de nacimiento,2000-09-25
Luis Alberto Zúñiga,Lugar de nacimiento,San Miguelito
Luis Alberto Zúñiga,Ocupación,futbolista
Luis Alberto Zúñiga,Ciudadanía,Panamá
Luis Alberto Zúñiga,Fecha de nacimiento,1997-01-27
Josimar Burker,Ocupación,cantante
Josimar Burker,Ciudadanía,Panamá
Josimar Burker,Fecha de nacimiento,1995-01-19
Josimar Burker,Ocupación,futbolista
Josimar Burker,Ocupación,influencer
Josimar Burker,Ocupación,participante de reality shows
Jonathan Ceceña,Lugar de nacimiento,El Chorrillo
Jonathan Ceceña,Ocupación,futbolista
Jonathan Ceceña,Ciudadanía,Panamá
Jonathan Ceceña,Fecha de nacimiento,1999-03-01
Rafael Águila,Lugar de nacimiento,Ciudad de Panamá
Rafael Águila,Ocupación,futbolista
Rafael Águila,Ciudadanía,Panamá
Rafael Águila,Fecha de nacimiento,1997-01-29
Daniel Aparicio,Lugar de nacimiento,San Miguelito
Daniel Aparicio,Ocupación,futbolista
Daniel Aparicio,Ciudadanía,Panamá
Daniel Aparicio,Fecha de nacimiento,2000-04-17
Ana Quintero,Ocupación,futbolista
Ana Quintero,Ciudadanía,Panamá
Ana Quintero,Fecha de nacimiento,2004-08-14
Natasha Vargas,Lugar de nacimiento,Las Tablas
Natasha Vargas,Ocupación,modelo
Natasha Vargas,Ciudadanía,Panamá
Natasha Vargas,Fecha de nacimiento,1997-07-01
Natasha Vargas,Ocupación,participante en concursos de belleza
David Mojica,Ocupación,empresario
David Mojica,Ciudadanía,Panamá
Raiza Gutiérrez,Lugar de nacimiento,Ciudad de Panamá
Raiza Gutiérrez,Ocupación,futbolista
Raiza Gutiérrez,Ciudadanía,Panamá
Raiza Gutiérrez,Fecha de nacimiento,1983-06-26
Edward Cedeño,Lugar de nacimiento,Ciudad de Panamá
Edward Cedeño,Ocupación,futbolista
Edward Cedeño,Ciudadanía,Panamá
Edward Cedeño,Fecha de nacimiento,2003-07-05
agrónomo,instancia de,profesión
agrónomo,instancia de,ocupación
agrónomo,subclase de,ingeniero
agrónomo,ámbito de la ocupación,agronomía
La Concepción,país,Panamá
La Concepción,instancia de,Comunidad de Panamá
La Concepción,situado en la entidad territorial administrativa,Bugaba
La Concepción,se encuentra en el huso horario,UTC-05:00
La Concepción,capital de,Bugaba
científico,instancia de,profesión
científico,instancia de,cargo
científico,subclase de,investigador
científico,subclase de,erudito
científico,ámbito de la ocupación,ciencia
inventor,instancia de,profesión
inventor,instancia de,ocupación
inventor,subclase de,ingeniero
inventor,subclase de,creador
inventor,ámbito de la ocupación,invento
influencer,instancia de,profesión
influencer,subclase de,mercadotécnico
influencer,subclase de,celebridad de Internet
influencer,ámbito de la ocupación,marketing influyente
influencer,categoría principal del tema,Categoría:Influencers
Vladimir Vargas,Lugar de nacimiento,Ciudad de Panamá
Vladimir Vargas,Ocupación,futbolista
Vladimir Vargas,Ciudadanía,Panamá
Vladimir Vargas,Fecha de nacimiento,1980-07-23
Webbo Clarke,Lugar de nacimiento,Ciudad de Colón
Webbo Clarke,Ocupación,beisbolista
Webbo Clarke,Ciudadanía,Panamá
Webbo Clarke,Fecha de nacimiento,1928-06-08
Webbo Clarke,Fecha de defunción,1970-06-14
Henrique Santos,Lugar de nacimiento,Funchal
Henrique Santos,Ocupación,fondista
Henrique Santos,Ciudadanía,Estados Unidos
Henrique Santos,Fecha de nacimiento,1908-03-21
Henrique Santos,Fecha de defunción,1981-07-23
Henrique Santos,Ocupación,atleta
Henrique Santos,Ocupación,esgrimista
Henrique Santos,Ciudadanía,Portugal
Henrique Santos,Ciudadanía,Panamá
Priscila Moreno,Ocupación,vocalista
Priscila Moreno,Ciudadanía,Panamá
Priscila Moreno,Fecha de nacimiento,1979-11-24
Víctor Miranda,Lugar de nacimiento,La Chorrera
Víctor Miranda,Ocupación,futbolista
Víctor Miranda,Ciudadanía,Panamá
Víctor Miranda,Fecha de nacimiento,1982-07-27
Jean Carlos Cedeño,Lugar de nacimiento,Panamá
Jean Carlos Cedeño,Ocupación,futbolista
