entidad,relacion,objeto
Mario Testino,Lugar de nacimiento,Lima
Mario Testino,Ocupación,fotógrafo
Mario Testino,Ciudadanía,Reino Unido
Mario Testino,Educado en,Universidad del Pacífico
Mario Testino,Miembro de,Royal Photographic Society
Mario Testino,Premio recibido,Oficial de la Orden Nacional de la Legión de Honor
Mario Testino,Fecha de nacimiento,1954-10-30
Mario Testino,Ocupación,fotógrafo de modas
Mario Testino,Ciudadanía,Perú
Mario Testino,Premio recibido,Orden al Mérito por Servicios Distinguidos
Mario Testino,Premio recibido,Oficial de la Orden del Imperio Británico
Miguel Núñez de Sanabria,Lugar de nacimiento,Lima
Miguel Núñez de Sanabria,Ocupación,abogado
Miguel Núñez de Sanabria,Ciudadanía,España
Miguel Núñez de Sanabria,Educado en,Universidad Nacional Mayor de San Marcos
Miguel Núñez de Sanabria,Cargo,virrey del Perú
Miguel Núñez de Sanabria,Fecha de nacimiento,1645-07-30
Miguel Núñez de Sanabria,Fecha de defunción,1729-01-01
Miguel Núñez de Sanabria,Ocupación,político
Miguel Núñez de Sanabria,Ciudadanía,Perú
Héctor Bailetti,Lugar de nacimiento,Chincha Alta
Héctor Bailetti,Ocupación,entrenador
Héctor Bailetti,Ciudadanía,Perú
Héctor Bailetti,Fecha de nacimiento,1947-11-27
Héctor Bailetti,Ocupación,futbolista
Mario Testino,Educado en,Pontificia Universidad Católica del Perú
Mario Testino,Educado en,Universidad de California en San Diego
Hernán Barcos,Lugar de nacimiento,Bell Ville
Hernán Barcos,Ocupación,futbolista
Hernán Barcos,Ciudadanía,Argentina
Hernán Barcos,Fecha de nacimiento,1984-04-11
Hernán Barcos,Ciudadanía,Perú
Edwin Retamoso,Lugar de nacimiento,Abancay
Edwin Retamoso,Ocupación,entrenador
Edwin Retamoso,Ciudadanía,Perú
Edwin Retamoso,Fecha de nacimiento,1982-02-23
Edwin Retamoso,Ocupación,futbolista
Luis Solari,Lugar de nacimiento,Lima
Luis Solari,Ocupación,médico
Luis Solari,Ciudadanía,Perú
Luis Solari,Educado en,Universidad Nacional Mayor de San Marcos
Luis Solari,Cargo,Presidente del Consejo de Ministros del Perú
Luis Solari,Premio recibido,Gran Cruz de la Orden de Isabel la Católica
Luis Solari,Fecha de nacimiento,1948-01-28
Luis Solari,Ocupación,político
Luis Solari,Premio recibido,Gran Cruz de la Orden El Sol del Perú
Luis Solari,Educado en,Colegio de la Inmaculada
Luis Solari,Cargo,Ministro de Salud del Perú
Luis Solari,Cargo,congresista del Perú
Pedro Gonzales,Lugar de nacimiento,Lima
Pedro Gonzales,Ocupación,futbolista
Pedro Gonzales,Ciudadanía,Perú
Pedro Gonzales,Fecha de nacimiento,1943-05-19
Carlos Noriega,Lugar de nacimiento,Lima
Carlos Noriega,Ocupación,astronauta
Carlos Noriega,Ciudadanía,Perú
Carlos Noriega,Educado en,Universidad del Sur de California
Carlos Noriega,Empleador,Administración Nacional de Aeronáutica y del Espacio
Carlos Noriega,Premio recibido,Medalla del Aire
Carlos Noriega,Fecha de nacimiento,1959-10-08
Carlos Noriega,Ocupación,oficial militar
Carlos Noriega,Premio recibido,Comendador de la Orden del Sol del Perú
Carlos Noriega,Premio recibido,Premio Grandes Inmigrantes
Carlos Noriega,Educado en,Naval Postgraduate School
Carlos Noriega,Educado en,Adrian C. Wilcox High School
Luis Giampietri,Lugar de nacimiento,Callao
Luis Giampietri,Ocupación,político
Luis Giampietri,Ciudadanía,Perú
Luis Giampietri,Educado en,Escuela Naval del Perú
Luis Giampietri,Cargo,Vicepresidente del Perú
Luis Giampietri,Premio recibido,Gran Cruz de la Orden El Sol del Perú
Luis Giampietri,Fecha de nacimiento,1940-12-31
Luis Giampietri,Fecha de defunción,2023-10-04
Luis Giampietri,Ocupación,oficial naval
Luis Giampietri,Cargo,congresista del Perú
Alberto Barton,Lugar de nacimiento,Buenos Aires
Alberto Barton,Ocupación,médico
Alberto Barton,Ciudadanía,Argentina
Alberto Barton,Educado en,Universidad Nacional Mayor de San Marcos
Alberto Barton,Empleador,Universidad Nacional Mayor de San Marcos
Alberto Barton,Fecha de nacimiento,1870-07-18
Alberto Barton,Fecha de defunción,1950-10-25
Alberto Barton,Ocupación,microbiólogo
Alberto Barton,Ciudadanía,Perú
Hildebrando Castro Pozo,Lugar de nacimiento,Ayabaca
Hildebrando Castro Pozo,Ocupación,profesor
Hildebrando Castro Pozo,Ciudadanía,Perú
Hildebrando Castro Pozo,Educado en,Universidad Nacional Mayor de San Marcos
Hildebrando Castro Pozo,Fecha de nacimiento,1890-01-01
Hildebrando Castro Pozo,Fecha de defunción,1945-01-01
Hildebrando Castro Pozo,Ocupación,político
Hildebrando Castro Pozo,Ocupación,sociólogo
Alberto Borea,Lugar de nacimiento,Lima
Alberto Borea,Ocupación,escritor
Alberto Borea,Ciudadanía,Perú
Alberto Borea,Educado en,Pontificia Universidad Católica del Perú
Alberto Borea,Miembro de,Comisión de Estudio de las Bases de la Reforma Constitucional del Perú
Alberto Borea,Cargo,embajador
Alberto Borea,Fecha de nacimiento,1951-12-01
Alberto Borea,Ocupación,abogado
Alberto Borea,Ocupación,político
Alberto Borea,Ocupación,diplomático
Alberto Borea,Cargo,diputado de Perú
Alberto Borea,Cargo,senador de Perú
José Gálvez Egúsquiza,Lugar de nacimiento,Departamento de Cajamarca
José Gálvez Egúsquiza,Ocupación,abogado
José Gálvez Egúsquiza,Ciudadanía,Perú
José Gálvez Egúsquiza,Educado en,Universidad Nacional Mayor de San Marcos
José Gálvez Egúsquiza,Cargo,diputado de Perú
José Gálvez Egúsquiza,Fecha de nacimiento,1819-03-17
José Gálvez Egúsquiza,Fecha de defunción,1866-05-02
José Gálvez Egúsquiza,Ocupación,militar
José Gálvez Egúsquiza,Ocupación,político
Antonio Brack Egg,Lugar de nacimiento,Distrito de Villa Rica
Antonio Brack Egg,Ocupación,escritor
Antonio Brack Egg,Ciudadanía,Perú
Antonio Brack Egg,Educado en,Universidad de Wurzburgo
Antonio Brack Egg,Empleador,Universidad Nacional Agraria La Molina
Antonio Brack Egg,Cargo,Ministro del Ambiente del Perú
Antonio Brack Egg,Premio recibido,Beca Guggenheim
Antonio Brack Egg,Fecha de nacimiento,1940-06-03
Antonio Brack Egg,Fecha de defunción,2014-12-30
Antonio Brack Egg,Ocupación,ingeniero
Antonio Brack Egg,Ocupación,político
Antonio Brack Egg,Ocupación,biólogo
Antonio Brack Egg,Ocupación,presentador de televisión
Antonio Brack Egg,Ocupación,profesor universitario
Antonio Brack Egg,Premio recibido,Premio Esteban Campodónico
John Hinostroza,Lugar de nacimiento,Lima
John Hinostroza,Ocupación,entrenador
John Hinostroza,Ciudadanía,Perú
John Hinostroza,Fecha de nacimiento,1980-02-22
John Hinostroza,Ocupación,futbolista
Nixa,Lugar de nacimiento,Distrito de San José
Nixa,Ocupación,escritor
Nixa,Ciudadanía,Perú
Nixa,Fecha de nacimiento,1902-09-16
Nixa,Fecha de defunción,2009-03-15
Nixa,Ocupación,poeta
Nixa,Ocupación,periodista
Marcio Valverde,Lugar de nacimiento,Lima
Marcio Valverde,Ocupación,entrenador
Marcio Valverde,Ciudadanía,Perú
Marcio Valverde,Fecha de nacimiento,1987-10-23
Marcio Valverde,Ocupación,futbolista
Manfred Oettl Reyes,Lugar de nacimiento,Múnich
Manfred Oettl Reyes,Ocupación,esquiador alpino
Manfred Oettl Reyes,Ciudadanía,Alemania
Manfred Oettl Reyes,Fecha de nacimiento,1993-10-23
Manfred Oettl Reyes,Ciudadanía,Perú
Denisse Fajardo,Lugar de nacimiento,Lima
Denisse Fajardo,Ocupación,voleibolista
Denisse Fajardo,Ciudadanía,Perú
Denisse Fajardo,Fecha de nacimiento,1964-07-01
Denisse Fajardo,Ocupación,jugador de voleibol de playa
Ottorino Sartor,Lugar de nacimiento,Distrito de Chancay
Ottorino Sartor,Ocupación,entrenador
Ottorino Sartor,Ciudadanía,Perú
Ottorino Sartor,Fecha de nacimiento,1945-09-18
Ottorino Sartor,Fecha de defunción,2021-06-02
Ottorino Sartor,Ocupación,futbolista
Lima,jefe de gobierno,Rafael López Aliaga
Lima,país,Perú
Lima,continente,América del Sur
Lima,instancia de,ciudad
Lima,instancia de,megaciudad
fotógrafo,instancia de,ocupación
fotógrafo,instancia de,agente
fotógrafo,subclase de,artista visual
fotógrafo,santo patrón,Verónica
Reino Unido,miembro de,Organización para la Cooperación y el Desarrollo Económico
Reino Unido,miembro de,Agencia Espacial Europea
Reino Unido,miembro de,Programa de exención de visa
Reino Unido,miembro de,Organización para la Seguridad y la Cooperación en Europa
Reino Unido,miembro de,Observatorio Europeo del Sur
Universidad del Pacífico,país,Perú
Universidad del Pacífico,instancia de,universidad
Universidad del Pacífico,instancia de,editor de acceso abierto
Universidad del Pacífico,instancia de,universidad jesuita
Universidad del Pacífico,situado en la entidad territorial administrativa,Lima
Royal Photographic Society,país,Reino Unido
Royal Photographic Society,instancia de,sociedad erudita
Royal Photographic Society,fundador,Roger Fenton
Royal Photographic Society,fundador,Charles Lock Eastlake
abogado,instancia de,profesión jurídica
abogado,subclase de,jurista
abogado,santo patrón,Catalina de Alejandría
abogado,santo patrón,Alfonso María de Ligorio
abogado,santo patrón,Raimundo de Peñafort
España,jefe de gobierno,Pedro Sánchez
España,continente,Europa
España,instancia de,país
España,instancia de,Estado nación
España,instancia de,reino
Universidad Nacional Mayor de San Marcos,país,Perú
Universidad Nacional Mayor de San Marcos,instancia de,monumento histórico
Universidad Nacional Mayor de San Marcos,instancia de,bien cultural
Universidad Nacional Mayor de San Marcos,instancia de,editor de acceso abierto
Universidad Nacional Mayor de San Marcos,instancia de,universidad pública de investigación
virrey del Perú,instancia de,cargo histórico
virrey del Perú,subclase de,virrey
virrey del Perú,designado por,titular de la corona de España
virrey del Perú,categoría principal del tema,Categoría:Virreyes de Perú
virrey del Perú,aplica a la jurisdicción,Virreinato del Perú
Chincha Alta,país,Perú
Chincha Alta,instancia de,ciudad
Chincha Alta,situado en la entidad territorial administrativa,Chincha
Chincha Alta,categoría principal del tema,Categoría:Chincha
entrenador,instancia de,profesión
entrenador,instancia de,ocupación
entrenador,ámbito de la ocupación,fútbol
entrenador,deporte,fútbol
Perú,jefe de gobierno,José Jerí
Perú,continente,América del Sur
Perú,instancia de,país
Perú,instancia de,estado soberano
Perú,jefe de Estado,José Jerí
futbolista,instancia de,profesión
futbolista,instancia de,ocupación
futbolista,subclase de,jugador competitivo
futbolista,subclase de,Jugador de fútbol
Bell Ville,país,Argentina
Bell Ville,instancia de,ciudad
Bell Ville,instancia de,municipio
Bell Ville,situado en la entidad territorial administrativa,Departamento Unión
Bell Ville,ciudad hermana,Bricherasio
Argentina,se encuentra en el huso horario,Hora oficial argentina
Argentina,miembro de,Organización de las Naciones Unidas
Argentina,miembro de,Unión de Naciones Suramericanas
Argentina,miembro de,Mercosur
Argentina,miembro de,UNESCO
Abancay,país,Perú
Abancay,instancia de,ciudad
Abancay,situado en la entidad territorial administrativa,Departamento de Apurímac
Abancay,categoría principal del tema,Categoría:Abancay
Abancay,descrito en la fuente,Enciclopedia de Otto
médico,lista de interés para el proyecto Wikimedia,Wikipedia:Lista de artículos que toda Wikipedia debería tener/Expandida
médico,instancia de,profesión sanitaria
médico,instancia de,cargo
médico,instancia de,ocupación
Presidente del Consejo de Ministros del Perú,país,Perú
Presidente del Consejo de Ministros del Perú,instancia de,cargo
Presidente del Consejo de Ministros del Perú,subclase de,ministro
Presidente del Consejo de Ministros del Perú,forma parte de,Consejo de Ministros del Perú
Presidente del Consejo de Ministros del Perú,designado por,presidente del Perú
astronauta,instancia tiene partes de la clase,especialista de misión
astronauta,instancia tiene partes de la clase,comandante
astronauta,instancia tiene partes de la clase,cosmonauta
Universidad del Sur de California,país,Estados Unidos
Universidad del Sur de California,instancia de,universidad privada
Universidad del Sur de California,instancia de,universidad de investigación
Universidad del Sur de California,instancia de,institución educativa privada sin fines de lucro
Universidad del Sur de California,instancia de,editor de acceso abierto
Administración Nacional de Aeronáutica y del Espacio,filial,Space Telescope Science Institute
Callao,país,Perú
Callao,instancia de,ciudad
Callao,instancia de,gran ciudad
Callao,instancia de,puerto marítimo
Callao,situado en la entidad territorial administrativa,Provincia Constitucional del Callao
político,instancia de,profesión
político,instancia de,frecuentemente
político,subclase de,profesional
político,ámbito de la ocupación,política
político,categoría principal del tema,Categoría:Políticos
Escuela Naval del Perú,país,Perú
Escuela Naval del Perú,instancia de,academia naval
Escuela Naval del Perú,situado en la entidad territorial administrativa,La Punta
Vicepresidente del Perú,país,Perú
Vicepresidente del Perú,instancia de,cargo público
Vicepresidente del Perú,subclase de,vicepresidente
Vicepresidente del Perú,categoría principal del tema,Categoría:Vicepresidentes de Perú
Vicepresidente del Perú,aplica a la jurisdicción,Perú
Buenos Aires,país,Argentina
Buenos Aires,continente,América
Buenos Aires,instancia de,entidad territorial administrativa
Buenos Aires,instancia de,circunscripción electoral
Buenos Aires,instancia de,capital federal
Ayabaca,país,Perú
Ayabaca,instancia de,ciudad
Ayabaca,situado en la entidad territorial administrativa,Departamento de Piura
Ayabaca,se encuentra en el huso horario,UTC-05:00
Ayabaca,capital de,Provincia de Ayabaca
profesor,instancia de,profesión
profesor,instancia de,cargo
profesor,instancia de,ocupación
profesor,subclase de,educador
profesor,subclase de,académico
escritor,instancia de,profesión
escritor,instancia de,ocupación
escritor,subclase de,autor
escritor,subclase de,artista
Pontificia Universidad Católica del Perú,país,Perú
Pontificia Universidad Católica del Perú,instancia de,instituto de investigación
Pontificia Universidad Católica del Perú,instancia de,universidad católica
Pontificia Universidad Católica del Perú,instancia de,universidad privada
Pontificia Universidad Católica del Perú,instancia de,universidad pontificia
Comisión de Estudio de las Bases de la Reforma Constitucional del Perú,país,Perú
Comisión de Estudio de las Bases de la Reforma Constitucional del Perú,instancia de,comisión gubernamental
Comisión de Estudio de las Bases de la Reforma Constitucional del Perú,instancia de,comisión
Comisión de Estudio de las Bases de la Reforma Constitucional del Perú,presidente,Diego García-Sayán
Comisión de Estudio de las Bases de la Reforma Constitucional del Perú,designado por,Valentín Paniagua
Departamento de Cajamarca,categoría para las personas que nacieron aquí,Categoría:Nacidos en el departamento de Cajamarca
Departamento de Cajamarca,categoría para las personas que fallecieron aquí,Categoría:Fallecidos en el departamento de Cajamarca
Departamento de Cajamarca,categoría de personas relacionadas,Categoría:Personas del departamento de Cajamarca
Departamento de Cajamarca,idioma usado,quechua cajamarquino
diputado de Perú,país,Perú
diputado de Perú,instancia de,cargo
diputado de Perú,subclase de,diputado
diputado de Perú,subclase de,congresista del Perú
diputado de Perú,forma parte de,Cámara de Diputados del Perú
Distrito de Villa Rica,país,Perú
Distrito de Villa Rica,instancia de,distrito de Perú
Distrito de Villa Rica,capital,Villa Rica
Distrito de Villa Rica,comparte fronteras con,Distrito de Oxapampa
Distrito de Villa Rica,comparte fronteras con,Distrito de Chanchamayo
Universidad de Wurzburgo,país,Alemania
Universidad de Wurzburgo,instancia de,universidad pública
Universidad de Wurzburgo,situado en la entidad territorial administrativa,Wurzburgo
Universidad Nacional Agraria La Molina,país,Perú
Universidad Nacional Agraria La Molina,instancia de,universidad
Universidad Nacional Agraria La Molina,situado en la entidad territorial administrativa,Lima
Universidad Nacional Agraria La Molina,miembro de,ORCID
Universidad Nacional Agraria La Molina,compuesto por,"Herbario ""Augusto Weberbauer"""
Distrito de San José,país,Perú
Distrito de San José,instancia de,distrito de Perú
Distrito de San José,capital,San José de Tecapa
Distrito de San José,comparte fronteras con,Distrito de San Pedro de Lloc
Distrito de San José,comparte fronteras con,Distrito de Guadalupe
Múnich,comparte fronteras con,Aschheim
Múnich,comparte fronteras con,Haar
Múnich,comparte fronteras con,Gräfelfing
esquiador alpino,instancia de,profesión
esquiador alpino,subclase de,esquiador
esquiador alpino,ámbito de la ocupación,esquí alpino
esquiador alpino,ámbito de la ocupación,Supergigante (esquí)
Alemania,relación diplomática,Estonia
Alemania,relación diplomática,Letonia
Alemania,relación diplomática,Ucrania
Alemania,relación diplomática,República Checa
Alemania,relación diplomática,Eslovaquia
voleibolista,instancia de,profesión
voleibolista,subclase de,deportista
voleibolista,subclase de,jugador competitivo
voleibolista,ámbito de la ocupación,voleibol
voleibolista,ámbito de la ocupación,voleibol sentado
jugador de voleibol de playa,instancia de,profesión
jugador de voleibol de playa,instancia de,ocupación
jugador de voleibol de playa,subclase de,voleibolista
jugador de voleibol de playa,ámbito de la ocupación,voleibol de playa
jugador de voleibol de playa,deporte,voleibol de playa
Distrito de Chancay,país,Perú
Distrito de Chancay,instancia de,distrito de Perú
Distrito de Chancay,capital,Chancay
Distrito de Chancay,comparte fronteras con,Distrito de Huaral
Distrito de Chancay,comparte fronteras con,Distrito de Huacho
Juan Landázuri Ricketts,Lugar de nacimiento,Arequipa
Juan Landázuri Ricketts,Ocupación,obispo católico
Juan Landázuri Ricketts,Ciudadanía,Perú
Juan Landázuri Ricketts,Educado en,Universidad Nacional de San Agustín de Arequipa
Juan Landázuri Ricketts,Cargo,cardenal
Juan Landázuri Ricketts,Premio recibido,Doctores honoris causa por la Pontificia Universidad Católica del Perú
Juan Landázuri Ricketts,Fecha de nacimiento,1913-12-19
Juan Landázuri Ricketts,Fecha de defunción,1997-01-16
Juan Landázuri Ricketts,Ocupación,religioso cristiano
Juan Landázuri Ricketts,Cargo,arzobispo titular
Juan Landázuri Ricketts,Cargo,Arzobispo de Lima
César Calvo,Lugar de nacimiento,Iquitos
César Calvo,Ocupación,guionista
César Calvo,Ciudadanía,Perú
César Calvo,Educado en,Universidad Nacional Mayor de San Marcos
César Calvo,Premio recibido,Premio El Poeta Joven del Perú
César Calvo,Fecha de nacimiento,1940-07-26
César Calvo,Fecha de defunción,2000-08-18
César Calvo,Ocupación,escritor
César Calvo,Ocupación,poeta
César Calvo,Ocupación,periodista
Juan Reynoso,Lugar de nacimiento,Lima
Juan Reynoso,Ocupación,entrenador
Juan Reynoso,Ciudadanía,Perú
Juan Reynoso,Fecha de nacimiento,1969-12-28
Juan Reynoso,Ocupación,futbolista
Jorge Chávez,Lugar de nacimiento,París
Jorge Chávez,Ocupación,ingeniero
Jorge Chávez,Ciudadanía,Francia
Jorge Chávez,Educado en,Lycée Carnot
Jorge Chávez,Premio recibido,Medalla Aeronáutica
Jorge Chávez,Fecha de nacimiento,1887-06-13
Jorge Chávez,Fecha de defunción,1910-09-27
Jorge Chávez,Ocupación,aviador militar
Jorge Chávez,Premio recibido,Héroe Nacional del Perú
Jorge Chávez,Premio recibido,Gran Oficial de la Medalla de Honor del Congreso de la República
Jorge Chávez,Premio recibido,Gran Cruz de la Cruz Peruana al Mérito Aeronáutico
Jorge Chávez,Ciudadanía,Perú
Jorge Chávez,Educado en,École d'ingénieurs en génie des systèmes industriels
Diego Valverde Villena,Lugar de nacimiento,Lima
Diego Valverde Villena,Ocupación,escritor
Diego Valverde Villena,Ciudadanía,Perú
Diego Valverde Villena,Educado en,Universidad Complutense de Madrid
Diego Valverde Villena,Fecha de nacimiento,1967-04-06
Diego Valverde Villena,Ocupación,poeta
Diego Valverde Villena,Ocupación,traductor
Diego Valverde Villena,Ocupación,ensayista
Diego Valverde Villena,Ocupación,lingüista
Diego Valverde Villena,Educado en,Universidad de Salamanca
Diego Valverde Villena,Educado en,Universidad de Valladolid
Carlos Ferrero Costa,Lugar de nacimiento,Lima
Carlos Ferrero Costa,Ocupación,abogado
Carlos Ferrero Costa,Ciudadanía,Perú
Carlos Ferrero Costa,Educado en,Pontificia Universidad Católica del Perú
Carlos Ferrero Costa,Cargo,Presidente del Consejo de Ministros del Perú
Carlos Ferrero Costa,Premio recibido,Gran Cruz de la Orden de Isabel la Católica
Carlos Ferrero Costa,Fecha de nacimiento,1941-02-07
Carlos Ferrero Costa,Fecha de defunción,2025-01-31
Carlos Ferrero Costa,Ocupación,político
Carlos Ferrero Costa,Cargo,presidente del Congreso de la República del Perú
Carlos Ferrero Costa,Cargo,congresista del Perú
Carlos Ferrero Costa,Cargo,miembro del Congreso Constituyente Democrático
Alberto Andrade Carmona,Lugar de nacimiento,Lima
Alberto Andrade Carmona,Ocupación,abogado
Alberto Andrade Carmona,Ciudadanía,Perú
Alberto Andrade Carmona,Educado en,Universidad Nacional Mayor de San Marcos
Alberto Andrade Carmona,Cargo,alcalde de Lima
Alberto Andrade Carmona,Premio recibido,Gran Cruz de la Orden de Isabel la Católica
Alberto Andrade Carmona,Fecha de nacimiento,1943-12-24
Alberto Andrade Carmona,Fecha de defunción,2009-06-19
Alberto Andrade Carmona,Ocupación,empresario
Alberto Andrade Carmona,Ocupación,político
Alberto Andrade Carmona,Cargo,congresista del Perú
Esteban Canal,Lugar de nacimiento,Chiclayo
Esteban Canal,Ocupación,ajedrecista
Esteban Canal,Ciudadanía,Italia
Esteban Canal,Fecha de nacimiento,1896-04-19
Esteban Canal,Fecha de defunción,1981-02-14
Esteban Canal,Ciudadanía,Perú
Esteban Canal,Ciudadanía,Reino de Italia
Alberto Pandolfi,Lugar de nacimiento,Lima
Alberto Pandolfi,Ocupación,empresario
Alberto Pandolfi,Ciudadanía,Perú
Alberto Pandolfi,Educado en,Universidad Nacional de Ingeniería
Alberto Pandolfi,Cargo,Presidente del Consejo de Ministros del Perú
Alberto Pandolfi,Fecha de nacimiento,1940-04-20
Alberto Pandolfi,Ocupación,político
Alberto Pandolfi,Ocupación,funcionario
Alberto Pandolfi,Cargo,Ministro de Energía y Minas del Perú
Fernando García López,Lugar de nacimiento,Distrito de Pimentel
Fernando García López,Ocupación,entrenador
Fernando García López,Ciudadanía,Perú
Fernando García López,Fecha de nacimiento,1987-07-21
Fernando García López,Ocupación,futbolista
Saby Kamalich,Lugar de nacimiento,Lima
Saby Kamalich,Ocupación,actor
Saby Kamalich,Ciudadanía,Perú
Saby Kamalich,Fecha de nacimiento,1939-05-13
Saby Kamalich,Fecha de defunción,2017-09-13
Saby Kamalich,Ocupación,actor de televisión
Saby Kamalich,Ocupación,actor de cine
Miguel Ángel de la Flor Valle,Lugar de nacimiento,Chiclayo
Miguel Ángel de la Flor Valle,Ocupación,militar
Miguel Ángel de la Flor Valle,Ciudadanía,Perú
Miguel Ángel de la Flor Valle,Cargo,Ministro de Relaciones Exteriores del Perú
Miguel Ángel de la Flor Valle,Premio recibido,Gran Cruz de la Orden El Sol del Perú
Miguel Ángel de la Flor Valle,Fecha de nacimiento,1924-11-20
Miguel Ángel de la Flor Valle,Fecha de defunción,2010-01-12
Miguel Ángel de la Flor Valle,Ocupación,diplomático
Luis Alberto Sánchez,Lugar de nacimiento,Lima
Luis Alberto Sánchez,Ocupación,abogado
Luis Alberto Sánchez,Ciudadanía,Perú
Luis Alberto Sánchez,Educado en,Universidad Nacional Mayor de San Marcos
Luis Alberto Sánchez,Cargo,Presidente del Consejo de Ministros del Perú
Luis Alberto Sánchez,Premio recibido,Orden de las Palmas Magisteriales
Luis Alberto Sánchez,Fecha de nacimiento,1900-10-12
Luis Alberto Sánchez,Fecha de defunción,1994-02-06
Luis Alberto Sánchez,Ocupación,político
Luis Alberto Sánchez,Ocupación,historiador
Luis Alberto Sánchez,Ocupación,traductor
Luis Alberto Sánchez,Ocupación,profesor universitario
Luis Alberto Sánchez,Ocupación,periodista
Luis Alberto Sánchez,Ocupación,crítico literario
Luis Alberto Sánchez,Ocupación,ensayista
Luis Alberto Sánchez,Premio recibido,comendador de las Artes y las Letras
Luis Alberto Sánchez,Premio recibido,Gran Cruz de la Orden de Isabel la Católica
Luis Alberto Sánchez,Cargo,Vicepresidente del Perú
Luis Alberto Sánchez,Cargo,diputado de Perú
Luis Alberto Sánchez,Cargo,senador de Perú
Luis Alberto Sánchez,Cargo,presidente del Senado de Perú
Luis Alberto Sánchez,Cargo,Ministro de la Presidencia del Perú
Luis Alberto Sánchez,Cargo,miembro de la Asamblea Constituyente del Perú
María Rostworowski,Lugar de nacimiento,Lima
María Rostworowski,Ocupación,científico
María Rostworowski,Ciudadanía,Perú
María Rostworowski,Educado en,Universidad Nacional Mayor de San Marcos
María Rostworowski,Premio recibido,Beca Guggenheim
María Rostworowski,Fecha de nacimiento,1915-08-08
María Rostworowski,Fecha de defunción,2016-03-06
María Rostworowski,Ocupación,historiador
Juan Landázuri Ricketts,Ocupación,arzobispo
Juan Landázuri Ricketts,Ocupación,sacerdote católico
Juan Landázuri Ricketts,Premio recibido,Gran Cruz de la Orden El Sol del Perú
Juan Landázuri Ricketts,Premio recibido,Gran Cruz de la Orden de San Raimundo de Peñafort
Juan Landázuri Ricketts,Premio recibido,doctor honoris causa de la Universidad Nacional Mayor de San Marcos
María Rostworowski,Ocupación,etnólogo
María Rostworowski,Premio recibido,Orden de las Palmas Magisteriales
María Rostworowski,Premio recibido,Premio Southern
María Rostworowski,Premio recibido,Comandante con Estrella de la Orden del Mérito de la República Polaca
María Rostworowski,Premio recibido,Comendador de la Orden del Sol del Perú
María Rostworowski,Premio recibido,Orden al Mérito de la Mujer
María Rostworowski,Premio recibido,Orden del Árbol de la Quina
Waldir Sáenz,Lugar de nacimiento,Lima
Waldir Sáenz,Ocupación,entrenador
Waldir Sáenz,Ciudadanía,Perú
Waldir Sáenz,Fecha de nacimiento,1973-05-15
Waldir Sáenz,Ocupación,futbolista
Alejandro Villanueva,Lugar de nacimiento,Lima
Alejandro Villanueva,Ocupación,entrenador
Alejandro Villanueva,Ciudadanía,Perú
Alejandro Villanueva,Premio recibido,Laureles Deportivos del Perú
Alejandro Villanueva,Fecha de nacimiento,1908-06-04
Alejandro Villanueva,Fecha de defunción,1944-04-11
Alejandro Villanueva,Ocupación,futbolista
Orlando Prado,Lugar de nacimiento,Lima
Orlando Prado,Ocupación,futbolista
Orlando Prado,Ciudadanía,Perú
Orlando Prado,Fecha de nacimiento,1972-02-16
Guillermo Salas,Lugar de nacimiento,Nuevo Chimbote
Guillermo Salas,Ocupación,entrenador
Guillermo Salas,Ciudadanía,Perú
Guillermo Salas,Educado en,Universidad Stanford
Guillermo Salas,Fecha de nacimiento,1974-10-21
Guillermo Salas,Ocupación,futbolista
Alberto Pizango,Lugar de nacimiento,Perú
Alberto Pizango,Ocupación,académico
Alberto Pizango,Ciudadanía,Perú
Alberto Pizango,Fecha de nacimiento,1964-08-31
José Luis Carranza,Lugar de nacimiento,Lima
José Luis Carranza,Ocupación,futbolista
José Luis Carranza,Ciudadanía,Perú
José Luis Carranza,Fecha de nacimiento,1964-01-08
Juan Landázuri Ricketts,Premio recibido,Orden de las Palmas Magisteriales
Juan Landázuri Ricketts,Premio recibido,Caballero Gran Cruz de la Orden al Mérito de la República Italiana
Juan Landázuri Ricketts,Premio recibido,Gran Cruz de la Orden de Isabel la Católica
Juan Landázuri Ricketts,Premio recibido,Gran Cruz de la Orden de Carlos III
Arequipa,jefe de gobierno,Omar Candia Aguilar
Arequipa,país,Perú
Arequipa,instancia de,asentamiento
Arequipa,instancia de,gran ciudad
Arequipa,fundador,Garci Manuel de Carbajal
obispo católico,instancia de,función episcopal
obispo católico,instancia de,vocación católica
obispo católico,religión,Iglesia católica
obispo católico,subclase de,obispo
obispo católico,subclase de,sacerdote
Universidad Nacional de San Agustín de Arequipa,país,Perú
Universidad Nacional de San Agustín de Arequipa,instancia de,universidad pública
Universidad Nacional de San Agustín de Arequipa,situado en la entidad territorial administrativa,Distrito de Arequipa
Universidad Nacional de San Agustín de Arequipa,ubicación de la sede,Arequipa
Universidad Nacional de San Agustín de Arequipa,categoría para las personas que estudiaron en esta institución,Categoría:Alumnado de la Universidad Nacional de San Agustín
cardenal,instancia de,título
cardenal,instancia de,cargo
cardenal,instancia de,vocación católica
cardenal,título nobiliario,titulus
cardenal,religión,catolicismo
Iquitos,país,Perú
Iquitos,instancia de,ciudad
Iquitos,instancia de,gran ciudad
guionista,sujeto tiene rol,escritor
guionista,instancia de,profesión del cine
guionista,género,guion
guionista,subclase de,escritor
Premio El Poeta Joven del Perú,país,Perú
Premio El Poeta Joven del Perú,instancia de,premio de poesía
París,forma jurídica,comuna de Francia con estatus específico
París,lista de monumentos,Anexo:Atracciones turísticas de París
París,lista de monumentos,lista de monumentos históricos de París
París,categoría para las personas que nacieron aquí,Categoría:Nacidos en París
París,categoría para las personas que fallecieron aquí,Categoría:Fallecidos en París
ingeniero,instancia de,profesión
ingeniero,instancia de,cargo
ingeniero,elemento operado,producto
ingeniero,subclase de,trabajador
ingeniero,ámbito de la ocupación,ingeniería
Francia,jefe de gobierno,Sébastien Lecornu
Francia,continente,Europa
Francia,instancia de,país
Francia,instancia de,república
Francia,instancia de,estado soberano
Lycée Carnot,país,Francia
Lycée Carnot,instancia de,edificio escolar
Lycée Carnot,instancia de,lycée
Lycée Carnot,situado en la entidad territorial administrativa,París
Medalla Aeronáutica,país,Francia
Medalla Aeronáutica,instancia de,medalla
Medalla Aeronáutica,instancia de,condecoración militar
Medalla Aeronáutica,lugar de formación,París
Universidad Complutense de Madrid,país,España
Universidad Complutense de Madrid,instancia de,universidad pública
Universidad Complutense de Madrid,situado en la entidad territorial administrativa,Madrid
Universidad Complutense de Madrid,ubicación de la sede,Rectorado de la UCM
Universidad Complutense de Madrid,filial,Centro Universitario Villanueva
alcalde de Lima,país,Perú
alcalde de Lima,instancia de,cargo público
alcalde de Lima,subclase de,alcalde de Perú
alcalde de Lima,categoría principal del tema,Categoría:Alcaldes de Lima
alcalde de Lima,aplica a la jurisdicción,Lima
Chiclayo,país,Perú
Chiclayo,instancia de,ciudad
Chiclayo,instancia de,gran ciudad
Chiclayo,situado en la entidad territorial administrativa,Departamento de Lambayeque
Chiclayo,ciudad hermana,Juanjuí
ajedrecista,instancia de,profesión
ajedrecista,subclase de,deportista
ajedrecista,subclase de,jugador de juego de tablero
Italia,miembro de,OTAN
Italia,miembro de,Fondo Monetario Internacional
Italia,miembro de,UNESCO
Italia,miembro de,Organización Mundial de la Salud
Italia,miembro de,Organización Mundial del Comercio
empresario,instancia de,profesión
empresario,instancia de,persona jurídica
empresario,instancia de,ocupación
empresario,instancia de,concepto económico
Universidad Nacional de Ingeniería,país,Perú
Universidad Nacional de Ingeniería,instancia de,universidad pública
Universidad Nacional de Ingeniería,fundador,Eduardo de Habich
Universidad Nacional de Ingeniería,situado en la entidad territorial administrativa,Lima
Universidad Nacional de Ingeniería,categoría principal del tema,Categoría:Universidad Nacional de Ingeniería (Perú)
Distrito de Pimentel,país,Perú
Distrito de Pimentel,instancia de,distrito de Perú
Distrito de Pimentel,capital,Pimentel
Distrito de Pimentel,comparte fronteras con,Distrito de José Leonardo Ortiz
Distrito de Pimentel,comparte fronteras con,Distrito de Santa Rosa
actor,instancia de,profesión
actor,instancia de,ocupación
actor,instancia de,grupo de ocupaciones de la CIUO
actor,subclase de,artista escénico
militar,instancia de,profesión
militar,instancia de,ocupación
militar,subclase de,empleado
militar,subclase de,guerrero
militar,opuesto a,civil
Ministro de Relaciones Exteriores del Perú,país,Perú
Ministro de Relaciones Exteriores del Perú,instancia de,cargo
Ministro de Relaciones Exteriores del Perú,subclase de,ministro de Relaciones Exteriores
Ministro de Relaciones Exteriores del Perú,forma parte de,Consejo de Ministros del Perú
Ministro de Relaciones Exteriores del Perú,categoría principal del tema,Categoría:Ministros de Relaciones Exteriores de Perú
Gran Cruz de la Orden El Sol del Perú,país,Perú
Gran Cruz de la Orden El Sol del Perú,instancia de,grado de una orden
Gran Cruz de la Orden El Sol del Perú,subclase de,Gran Cruz
Gran Cruz de la Orden El Sol del Perú,forma parte de,Orden El Sol del Perú
Gran Cruz de la Orden El Sol del Perú,categoría para los galardonados con este premio,Categoría:Grandes cruces de la Orden El Sol del Perú
científico,instancia de,profesión
científico,instancia de,cargo
científico,subclase de,investigador
científico,subclase de,erudito
científico,ámbito de la ocupación,ciencia
Beca Guggenheim,país,Estados Unidos
Beca Guggenheim,instancia de,beca
Beca Guggenheim,instancia de,evento anual
Beca Guggenheim,campo de trabajo,ciencia
Beca Guggenheim,campo de trabajo,música
Laureles Deportivos del Perú,país,Perú
Laureles Deportivos del Perú,instancia de,distinción
Laureles Deportivos del Perú,conferido por,Instituto Peruano del Deporte
Laureles Deportivos del Perú,categoría para los galardonados con este premio,Categoría:Laureles deportivos
Nuevo Chimbote,país,Perú
Nuevo Chimbote,instancia de,distrito de Perú
Nuevo Chimbote,capital,Buenos Aires
Nuevo Chimbote,comparte fronteras con,Distrito de Nepeña
Nuevo Chimbote,comparte fronteras con,Chimbote
académico,instancia de,profesión
académico,instancia de,cargo
académico,subclase de,científico
académico,subclase de,cuadro profesional
académico,subclase de,erudito
Alejandra Monteverde,Ocupación,badmintonista
Alejandra Monteverde,Ciudadanía,Perú
Alejandra Monteverde,Fecha de nacimiento,1988-09-29
Jesús Mateo Calderón Barrueto,Lugar de nacimiento,Cajabamba
Jesús Mateo Calderón Barrueto,Ocupación,sacerdote católico
Jesús Mateo Calderón Barrueto,Ciudadanía,Perú
Jesús Mateo Calderón Barrueto,Cargo,obispo auxiliar
Jesús Mateo Calderón Barrueto,Fecha de nacimiento,1920-09-21
Jesús Mateo Calderón Barrueto,Fecha de defunción,2010-10-28
Jesús Mateo Calderón Barrueto,Ocupación,obispo católico
Jesús Mateo Calderón Barrueto,Cargo,obispo titular
Jesús Mateo Calderón Barrueto,Cargo,obispo de Puno
Jesús Moliné Labarta,Lugar de nacimiento,La Puebla de Alfindén
Jesús Moliné Labarta,Ocupación,sacerdote católico
Jesús Moliné Labarta,Ciudadanía,España
Jesús Moliné Labarta,Educado en,Universidad de Navarra
Jesús Moliné Labarta,Empleador,Universidad de Piura
Jesús Moliné Labarta,Cargo,obispo de Chiclayo
Jesús Moliné Labarta,Fecha de nacimiento,1939-01-29
Jesús Moliné Labarta,Ocupación,obispo católico
Jesús Moliné Labarta,Ciudadanía,Perú
Jesús Moliné Labarta,Educado en,Seminario Metropolitano de Zaragoza
Jesús Moliné Labarta,Educado en,Seminario menor de Aragón
Jimena Misayauri,Ocupación,atleta
Jimena Misayauri,Ciudadanía,Perú
Jimena Misayauri,Fecha de nacimiento,1978-12-11
John Earls,Lugar de nacimiento,Sídney
John Earls,Ocupación,historiador
John Earls,Ciudadanía,Australia
John Earls,Educado en,Universidad de Illinois en Urbana-Champaign
John Earls,Empleador,Pontificia Universidad Católica del Perú
John Earls,Premio recibido,Beca Guggenheim
John Earls,Fecha de nacimiento,1934-09-20
John Earls,Ocupación,profesor universitario
John Earls,Ocupación,antropólogo
John Earls,Ciudadanía,Perú
Pedro Barreto,Lugar de nacimiento,Lima
Pedro Barreto,Ocupación,sacerdote católico
Pedro Barreto,Ciudadanía,Perú
Pedro Barreto,Educado en,Colegio de la Inmaculada
Pedro Barreto,Cargo,cardenal
Pedro Barreto,Fecha de nacimiento,1944-02-12
Pedro Barreto,Ocupación,obispo católico
Pedro Barreto,Ocupación,profesor universitario
Pedro Barreto,Ocupación,ambientalista
Pedro Barreto,Cargo,obispo titular
Pedro Barreto,Cargo,vicario apostólico
Pedro Barreto,Cargo,Arzobispo de Huancayo
José Abelardo Quiñones Gonzales,Lugar de nacimiento,Distrito de Pimentel
José Abelardo Quiñones Gonzales,Ocupación,militar
José Abelardo Quiñones Gonzales,Ciudadanía,Perú
José Abelardo Quiñones Gonzales,Fecha de nacimiento,1914-04-22
José Abelardo Quiñones Gonzales,Fecha de defunción,1941-07-23
José Abelardo Quiñones Gonzales,Ocupación,piloto de aviación
José Antonio Iturriaga,Ocupación,badmintonista
José Antonio Iturriaga,Ciudadanía,Perú
José Antonio Iturriaga,Premio recibido,campeón nacional
José Antonio Iturriaga,Fecha de nacimiento,1970-04-22
José Bernardo Alzedo,Lugar de nacimiento,Lima
José Bernardo Alzedo,Ocupación,compositor
José Bernardo Alzedo,Ciudadanía,Perú
José Bernardo Alzedo,Educado en,Universidad Nacional Mayor de San Marcos
José Bernardo Alzedo,Obra notable,Himno Nacional del Perú
José Bernardo Alzedo,Fecha de nacimiento,1788-08-20
José Bernardo Alzedo,Fecha de defunción,1878-12-28
José Eduardo Velásquez Tarazona,Lugar de nacimiento,Caraz
José Eduardo Velásquez Tarazona,Ocupación,sacerdote católico
José Eduardo Velásquez Tarazona,Ciudadanía,Perú
José Eduardo Velásquez Tarazona,Cargo,obispo auxiliar
José Eduardo Velásquez Tarazona,Fecha de nacimiento,1947-09-02
José Eduardo Velásquez Tarazona,Ocupación,obispo católico
José Eduardo Velásquez Tarazona,Ocupación,filósofo
José Eduardo Velásquez Tarazona,Cargo,obispo coadjutor
José Eduardo Velásquez Tarazona,Cargo,obispo titular
José Eduardo Velásquez Tarazona,Cargo,Obispo de Huaraz
José Farías,Ocupación,atleta
José Farías,Ciudadanía,Perú
José Farías,Fecha de nacimiento,1909-10-20
José Farías,Fecha de defunción,1964-06-08
Hugo Garaycoa,Lugar de nacimiento,Callao
Hugo Garaycoa,Ocupación,sacerdote católico
Hugo Garaycoa,Ciudadanía,Perú
Hugo Garaycoa,Educado en,Pontificia Universidad Católica del Perú
Hugo Garaycoa,Cargo,obispo auxiliar
Hugo Garaycoa,Fecha de nacimiento,1930-06-02
Hugo Garaycoa,Fecha de defunción,2018-03-27
Hugo Garaycoa,Ocupación,obispo católico
Hugo Garaycoa,Cargo,obispo titular
Hugo Garaycoa,Cargo,obispo diocesano
José María Ortega Trinidad,Lugar de nacimiento,Provincia de Oyón
José María Ortega Trinidad,Ocupación,sacerdote católico
José María Ortega Trinidad,Ciudadanía,Perú
José María Ortega Trinidad,Fecha de nacimiento,1950-12-30
José María Ortega Trinidad,Ocupación,obispo católico
José Paulino Ríos Reynoso,Lugar de nacimiento,Distrito de Imperial
José Paulino Ríos Reynoso,Ocupación,sacerdote católico
José Paulino Ríos Reynoso,Ciudadanía,Perú
José Paulino Ríos Reynoso,Cargo,Arzobispo de Arequipa
José Paulino Ríos Reynoso,Fecha de nacimiento,1944-10-04
José Paulino Ríos Reynoso,Ocupación,obispo católico
José Paulino Ríos Reynoso,Cargo,Arzobispo de Huancayo
Juan Antonio Ugarte Pérez,Lugar de nacimiento,Lima
Juan Antonio Ugarte Pérez,Ocupación,sacerdote católico
Juan Antonio Ugarte Pérez,Ciudadanía,Perú
Juan Antonio Ugarte Pérez,Educado en,Universidad de Navarra
Juan Antonio Ugarte Pérez,Cargo,obispo auxiliar
Juan Antonio Ugarte Pérez,Fecha de nacimiento,1938-09-16
Juan Antonio Ugarte Pérez,Ocupación,obispo católico
Juan Antonio Ugarte Pérez,Cargo,obispo titular
Juan Antonio Ugarte Pérez,Cargo,Arzobispo del Cuzco
Juan Jiménez Mayor,Lugar de nacimiento,Lima
Juan Jiménez Mayor,Ocupación,abogado
Juan Jiménez Mayor,Ciudadanía,Perú
Juan Jiménez Mayor,Educado en,Pontificia Universidad Católica del Perú
Juan Jiménez Mayor,Empleador,Pontificia Universidad Católica del Perú
Juan Jiménez Mayor,Cargo,Presidente del Consejo de Ministros del Perú
Juan Jiménez Mayor,Fecha de nacimiento,1964-08-05
Juan Jiménez Mayor,Ocupación,político
Juan Jiménez Mayor,Cargo,ministro de Justicia y Derechos Humanos del Perú
Juan de Zavala y de la Puente,Lugar de nacimiento,Lima
Juan de Zavala y de la Puente,Ocupación,militar
Juan de Zavala y de la Puente,Ciudadanía,España
Juan de Zavala y de la Puente,Cargo,gobernador civil de la provincia de Barcelona
Juan de Zavala y de la Puente,Premio recibido,Gran Cruz de la Orden de San Carlos
Juan de Zavala y de la Puente,Fecha de nacimiento,1804-12-27
Juan de Zavala y de la Puente,Fecha de defunción,1879-12-29
Juan de Zavala y de la Puente,Ocupación,político
Juan de Zavala y de la Puente,Ocupación,ministro
Juan de Zavala y de la Puente,Ocupación,diplomático
Juan de Zavala y de la Puente,Premio recibido,Caballero de la Orden del Toisón de Oro
Juan de Zavala y de la Puente,Premio recibido,Gran Cruz de la Orden de San Hermenegildo
Juan de Zavala y de la Puente,Premio recibido,Cruz Laureada de San Fernando
Juan de Zavala y de la Puente,Ciudadanía,Perú
Juan de Zavala y de la Puente,Cargo,Ministro de Marina de España
Juan de Zavala y de la Puente,Cargo,ministro de la Guerra
Juan de Zavala y de la Puente,Cargo,presidente del Consejo de Ministros
Juan de Zavala y de la Puente,Cargo,ministro de Estado
Juan de Zavala y de la Puente,Cargo,Capitán General de Valencia
Juan de Zavala y de la Puente,Cargo,capitán general de Andalucía
Kevin Joseph Farrell,Lugar de nacimiento,Dublín
Kevin Joseph Farrell,Ocupación,filósofo
Kevin Joseph Farrell,Ciudadanía,Perú
Kevin Joseph Farrell,Educado en,Universidad Pontificia de Salamanca
Kevin Joseph Farrell,Cargo,obispo titular
Kevin Joseph Farrell,Fecha de nacimiento,1947-09-02
Kevin Joseph Farrell,Ocupación,legionario de Cristo
Kevin Joseph Farrell,Ocupación,misionero
Kevin Joseph Farrell,Educado en,Universidad Pontificia de Santo Tomás de Aquino
Kevin Joseph Farrell,Ocupación,obispo católico
Kevin Joseph Farrell,Ocupación,presbítero católico de rito latino
Kevin Joseph Farrell,Educado en,Pontificia Universidad Gregoriana
Kevin Joseph Farrell,Educado en,Universidad de Notre Dame
Kevin Joseph Farrell,Cargo,cardenal diácono
Kevin Joseph Farrell,Cargo,camarlengo de la Cámara Apostólica
Kevin Joseph Farrell,Cargo,"Prefecto del Dicasterio para los Laicos, la Familia y la Vida"
Kevin Joseph Farrell,Cargo,obispo de Dallas
Ernesto Palacio,Lugar de nacimiento,Lima
Ernesto Palacio,Ocupación,cantante de ópera
Ernesto Palacio,Ciudadanía,Perú
Ernesto Palacio,Fecha de nacimiento,1946-10-19
Juan de Zavala y de la Puente,Cargo,Jefe del Cuarto Militar de la Casa de Su Majestad el Rey
Juan de Zavala y de la Puente,Cargo,Q135670164
Katherine Winder,Ocupación,badmintonista
Katherine Winder,Ciudadanía,Perú
Katherine Winder,Premio recibido,campeón nacional
Katherine Winder,Fecha de nacimiento,1992-04-23
Katherine Winder,Premio recibido,South American champion
Katherine Winder,Premio recibido,South American Games champion
Kevin Joseph Farrell,Cargo,obispo auxiliar
badmintonista,instancia de,profesión
badmintonista,subclase de,deportista
badmintonista,subclase de,jugador competitivo
badmintonista,ámbito de la ocupación,bádminton
Cajabamba,país,Perú
Cajabamba,instancia de,ciudad
Cajabamba,situado en la entidad territorial administrativa,Distrito de Cajabamba
Cajabamba,capital de,Provincia de Cajabamba
Cajabamba,capital de,Distrito de Cajabamba
sacerdote católico,instancia de,vocación católica
sacerdote católico,religión,catolicismo
sacerdote católico,religión,Iglesia católica
sacerdote católico,subclase de,sacerdote
sacerdote católico,subclase de,presbítero
obispo auxiliar,instancia de,función episcopal
obispo auxiliar,instancia de,vocación católica
obispo auxiliar,religión,catolicismo
obispo auxiliar,subclase de,obispo
obispo auxiliar,subclase de,obispo católico
La Puebla de Alfindén,jefe de gobierno,Nuria Loris Sánchez
La Puebla de Alfindén,país,España
La Puebla de Alfindén,instancia de,municipio de Aragón
La Puebla de Alfindén,capital,Puebla de Alfindén
La Puebla de Alfindén,idioma oficial,español
Universidad de Navarra,país,España
Universidad de Navarra,instancia de,organización
Universidad de Navarra,instancia de,universidad católica
Universidad de Navarra,instancia de,universidad privada
Universidad de Navarra,instancia de,editor de acceso abierto
Universidad de Piura,país,Perú
Universidad de Piura,instancia de,universidad
Universidad de Piura,instancia de,universidad católica
Universidad de Piura,instancia de,editor de acceso abierto
Universidad de Piura,fundador,Josemaría Escrivá de Balaguer
atleta,instancia de,ocupación
atleta,subclase de,deportista
atleta,ámbito de la ocupación,atletismo
atleta,ámbito de la ocupación,Máster
atleta,ámbito de la ocupación,atletismo de pista y campo
Sídney,jefe de gobierno,Clover Moore
Sídney,país,Australia
Sídney,continente,Australia
Sídney,instancia de,ciudad
Sídney,instancia de,metrópoli
historiador,categoría que contiene subcategorías epónimas,Categoría:Categorías de historiadores
historiador,instancia de,profesión
historiador,subclase de,académico de humanidades
historiador,ámbito de la ocupación,historiografía
Australia,jefe de gobierno,Anthony Albanese
Australia,continente,Oceanía
Australia,instancia de,país
Australia,instancia de,federación
Australia,instancia de,estado soberano
Universidad de Illinois en Urbana-Champaign,país,Estados Unidos
Universidad de Illinois en Urbana-Champaign,instancia de,universidad
Universidad de Illinois en Urbana-Champaign,instancia de,Universidad de concesión de tierras
Universidad de Illinois en Urbana-Champaign,instancia de,institución educativa pública de los Estados Unidos
Universidad de Illinois en Urbana-Champaign,instancia de,universidad pública de investigación
Colegio de la Inmaculada,país,Perú
Colegio de la Inmaculada,instancia de,escuela privada
Colegio de la Inmaculada,instancia de,colegio jesuita
Colegio de la Inmaculada,situado en la entidad territorial administrativa,Santiago de Surco
campeón nacional,instancia de,título deportivo
campeón nacional,instancia de,"título, grado o estatus"
campeón nacional,subclase de,campeón
campeón nacional,subclase de,jugador competitivo
compositor,instancia de,ocupación
compositor,instancia de,profesión musical
compositor,subclase de,autor
compositor,subclase de,músico
compositor,santo patrón,Cecilia de Roma
Himno Nacional del Perú,país,Perú
Himno Nacional del Perú,instancia de,himno nacional
Himno Nacional del Perú,música de,José Bernardo Alzedo
Himno Nacional del Perú,música de,Claudio Rebagliati
Himno Nacional del Perú,música de,Leopold Weninger
Caraz,país,Perú
Caraz,instancia de,ciudad
Caraz,situado en la entidad territorial administrativa,Huaylas
Caraz,ciudad hermana,Mesa
Caraz,capital de,Huaylas
Provincia de Oyón,país,Perú
Provincia de Oyón,instancia de,provincia del Perú
Provincia de Oyón,capital,Oyón
Provincia de Oyón,comparte fronteras con,Lauricocha
Provincia de Oyón,comparte fronteras con,Pasco
Distrito de Imperial,país,Perú
Distrito de Imperial,instancia de,distrito de Perú
Distrito de Imperial,capital,Imperial
Distrito de Imperial,comparte fronteras con,Distrito de Quilmaná
Distrito de Imperial,comparte fronteras con,Distrito de Cerro Azul
Arzobispo de Arequipa,país,Perú
Arzobispo de Arequipa,instancia de,función episcopal
Arzobispo de Arequipa,subclase de,ordinario
Arzobispo de Arequipa,subclase de,arzobispo metropolitano católico romano
Arzobispo de Arequipa,forma parte de,Conferencia Episcopal Peruana
gobernador civil de la provincia de Barcelona,país,España
gobernador civil de la provincia de Barcelona,instancia de,cargo público
gobernador civil de la provincia de Barcelona,instancia de,cargo histórico
gobernador civil de la provincia de Barcelona,subclase de,gobernador civil
gobernador civil de la provincia de Barcelona,categoría principal del tema,Categoría:Gobernadores civiles de Barcelona
Gran Cruz de la Orden de San Carlos,país,Mónaco
Gran Cruz de la Orden de San Carlos,instancia de,grado de una orden
Gran Cruz de la Orden de San Carlos,subclase de,Gran Cruz
Gran Cruz de la Orden de San Carlos,forma parte de,Orden de San Carlos
Gran Cruz de la Orden de San Carlos,categoría para los galardonados con este premio,Categoría:Caballeros grandes cruces de la Orden de San Carlos (Mónaco)
Dublín,jefe de gobierno,Paul McAuliffe
Dublín,país,Irlanda
Dublín,continente,Europa
Dublín,instancia de,gran ciudad
Dublín,instancia de,asentamiento portuario
filósofo,instancia de,ocupación
filósofo,subclase de,académico de humanidades
filósofo,santo patrón,Tomás de Aquino
filósofo,santo patrón,Alberto Magno
filósofo,santo patrón,Catalina de Alejandría
Universidad Pontificia de Salamanca,país,España
Universidad Pontificia de Salamanca,instancia de,universidad privada
Universidad Pontificia de Salamanca,instancia de,universidad pontificia
Universidad Pontificia de Salamanca,instancia de,editor de acceso abierto
Universidad Pontificia de Salamanca,situado en la entidad territorial administrativa,Salamanca
obispo titular,instancia de,cargo
obispo titular,instancia de,cargo eclesiástico
obispo titular,instancia de,función episcopal
obispo titular,instancia de,vocación católica
obispo titular,subclase de,obispo católico
cantante de ópera,instancia de,ocupación
cantante de ópera,instancia de,profesión musical
cantante de ópera,subclase de,cantante
cantante de ópera,subclase de,cantante de música clásica
Gustavo Gutiérrez,Lugar de nacimiento,Lima
Gustavo Gutiérrez,Ocupación,profesor universitario
Gustavo Gutiérrez,Ciudadanía,Perú
Gustavo Gutiérrez,Educado en,Universidad Católica de Lyon
Gustavo Gutiérrez,Empleador,Universidad de Notre Dame
Gustavo Gutiérrez,Obra notable,Teología de la liberación. Perspectivas
Gustavo Gutiérrez,Miembro de,Academia Estadounidense de las Artes y las Ciencias
Gustavo Gutiérrez,Premio recibido,Gittler Prize
Gustavo Gutiérrez,Fecha de nacimiento,1928-06-08
Gustavo Gutiérrez,Fecha de defunción,2024-10-22
Gustavo Gutiérrez,Ocupación,filósofo
Gustavo Gutiérrez,Ocupación,teólogo católico
Gustavo Gutiérrez,Ocupación,sacerdote católico
Gustavo Gutiérrez,Premio recibido,doctor honoris causa por la Universidad de Tubinga
Gustavo Gutiérrez,Ocupación,teólogo
Gustavo Gutiérrez,Educado en,Universidad Nacional Mayor de San Marcos
Gustavo Gutiérrez,Educado en,Pontificia Universidad Gregoriana
Gustavo Gutiérrez,Educado en,Instituto Católico de París
Gustavo Gutiérrez,Empleador,Pontificia Universidad Católica del Perú
Gustavo Gutiérrez,Miembro de,Academia Peruana de la Lengua
Gustavo Gutiérrez,Premio recibido,doctor honoris causa de la Universidad Nacional Mayor de San Marcos
Gustavo Gutiérrez,Premio recibido,Doctor honoris causa de la Universidad de Friburgo
Gustavo Gutiérrez,Premio recibido,Premio Nacional de Cultura
Gustavo Gutiérrez,Premio recibido,Premio Princesa de Asturias de Comunicación y Humanidades
Gustavo Gutiérrez,Premio recibido,Orden de las Palmas Magisteriales
Gustavo Gutiérrez,Premio recibido,Caballero de la Orden Nacional de la Legión de Honor
Rodolfo Cerrón Palomino,Lugar de nacimiento,Chongos Bajo
Rodolfo Cerrón Palomino,Ocupación,profesor universitario
Rodolfo Cerrón Palomino,Ciudadanía,Perú
Rodolfo Cerrón Palomino,Educado en,Universidad Cornell
Rodolfo Cerrón Palomino,Empleador,Pontificia Universidad Católica del Perú
Rodolfo Cerrón Palomino,Miembro de,Instituto Riva-Agüero
Rodolfo Cerrón Palomino,Premio recibido,Beca Guggenheim
Rodolfo Cerrón Palomino,Fecha de nacimiento,1940-02-10
Rodolfo Cerrón Palomino,Ocupación,filólogo
Rodolfo Cerrón Palomino,Ocupación,lingüista
Rodolfo Cerrón Palomino,Premio recibido,Hijo Predilecto
Rodolfo Cerrón Palomino,Premio recibido,hijo ilustre
Rodolfo Cerrón Palomino,Educado en,Universidad Nacional Mayor de San Marcos
Rodolfo Cerrón Palomino,Educado en,Universidad de Illinois en Urbana-Champaign
Rodolfo Cerrón Palomino,Empleador,Universidad Nacional Mayor de San Marcos
Rodolfo Cerrón Palomino,Empleador,Universidad Mayor de San Simón
Rodolfo Cerrón Palomino,Empleador,Universidad Nacional del Altiplano de Puno
Rodolfo Cerrón Palomino,Miembro de,Sociedad Geográfica de Lima
Abraham Valdelomar,Lugar de nacimiento,Ica
Abraham Valdelomar,Ocupación,periodista
Abraham Valdelomar,Ciudadanía,Perú
Abraham Valdelomar,Educado en,Universidad Nacional Mayor de San Marcos
Abraham Valdelomar,Fecha de nacimiento,1888-04-27
Abraham Valdelomar,Fecha de defunción,1919-11-03
Kristian Kreković,Lugar de nacimiento,"Koprivna, Modriča"
Kristian Kreković,Ocupación,pintor
Kristian Kreković,Ciudadanía,Perú
Kristian Kreković,Fecha de nacimiento,1901-02-28
Kristian Kreković,Fecha de defunción,1985-11-21
Rodolfo Cerrón Palomino,Miembro de,Academia Peruana de la Lengua
Akio Tamashiro,Lugar de nacimiento,Lima
Akio Tamashiro,Ocupación,karateca
Akio Tamashiro,Ciudadanía,Perú
Akio Tamashiro,Educado en,Universidad Nacional Mayor de San Marcos
Akio Tamashiro,Premio recibido,Laureles Deportivos del Perú
Akio Tamashiro,Fecha de nacimiento,1979-06-25
Piermaria Oddone,Lugar de nacimiento,Arequipa
Piermaria Oddone,Ocupación,físico de partículas
Piermaria Oddone,Ciudadanía,Estados Unidos
Piermaria Oddone,Educado en,Universidad de Princeton
Piermaria Oddone,Empleador,Lawrence Berkeley National Laboratory
Piermaria Oddone,Miembro de,Academia Nacional de Ciencias de los Estados Unidos
Piermaria Oddone,Premio recibido,Premio Panofsky
Piermaria Oddone,Fecha de nacimiento,1944-03-26
Piermaria Oddone,Premio recibido,Miembro de la Sociedad Estadounidense de Física
Piermaria Oddone,Ciudadanía,Perú
Piermaria Oddone,Educado en,Instituto Tecnológico de Massachusetts
Piermaria Oddone,Miembro de,Academia Estadounidense de las Artes y las Ciencias
Martín Chambi,Lugar de nacimiento,Distrito de Coasa
Martín Chambi,Ocupación,fotógrafo
Martín Chambi,Ciudadanía,Perú
Martín Chambi,Obra notable,Retrato de campesinos en Cusco
Martín Chambi,Fecha de nacimiento,1891-11-05
Martín Chambi,Fecha de defunción,1973-09-13
Hilda Gadea,Lugar de nacimiento,Lima
Hilda Gadea,Ocupación,escritor
Hilda Gadea,Ciudadanía,Cuba
Hilda Gadea,Educado en,Universidad Nacional Mayor de San Marcos
Hilda Gadea,Fecha de nacimiento,1925-03-21
Hilda Gadea,Fecha de defunción,1974-02-11
Hilda Gadea,Ocupación,economista
Hilda Gadea,Ocupación,activista político
Hilda Gadea,Ciudadanía,Perú
Henry Ian Cusick,Lugar de nacimiento,Trujillo
Henry Ian Cusick,Ocupación,actor
Henry Ian Cusick,Ciudadanía,Reino Unido
Henry Ian Cusick,Educado en,Conservatorio Real de Escocia
Henry Ian Cusick,Miembro de,Sindicato de Actores
Henry Ian Cusick,Fecha de nacimiento,1967-04-17
Henry Ian Cusick,Ocupación,realizador de televisión
Henry Ian Cusick,Ocupación,actor de teatro
Henry Ian Cusick,Ocupación,actor de televisión
Henry Ian Cusick,Ocupación,actor de cine
Henry Ian Cusick,Ciudadanía,Perú
Henry Ian Cusick,Educado en,"Presentation College, San Fernando"
Henry Ian Cusick,Miembro de,SAG-AFTRA
Jefferson Farfán,Lugar de nacimiento,Lima
Jefferson Farfán,Ocupación,futbolista
Jefferson Farfán,Ciudadanía,Perú
Jefferson Farfán,Fecha de nacimiento,1984-10-26
Alberto Tejada,Lugar de nacimiento,Lima
Alberto Tejada,Ocupación,árbitro de fútbol
Alberto Tejada,Ciudadanía,Perú
Alberto Tejada,Fecha de nacimiento,1924-09-20
Alberto Tejada,Fecha de defunción,2018-01-20
Honorio Delgado,Lugar de nacimiento,Arequipa
Honorio Delgado,Ocupación,psiquiatra
Honorio Delgado,Ciudadanía,Perú
Honorio Delgado,Educado en,Universidad Nacional Mayor de San Marcos
Honorio Delgado,Premio recibido,Orden de las Palmas Magisteriales
Honorio Delgado,Fecha de nacimiento,1892-09-27
Honorio Delgado,Fecha de defunción,1969-11-27
Honorio Delgado,Ocupación,filósofo
Honorio Delgado,Premio recibido,Cruz federal de la República de Alemania al mérito
Honorio Delgado,Premio recibido,Gran Cruz de la Orden Civil de Alfonso X el Sabio
Honorio Delgado,Educado en,Universidad Nacional de San Agustín de Arequipa
Juan Manuel Vargas,Lugar de nacimiento,Lima
Juan Manuel Vargas,Ocupación,futbolista
Juan Manuel Vargas,Ciudadanía,Perú
Juan Manuel Vargas,Fecha de nacimiento,1983-10-05
Teófilo Cubillas,Lugar de nacimiento,Lima
Teófilo Cubillas,Ocupación,futbolista
Teófilo Cubillas,Ciudadanía,Perú
Teófilo Cubillas,Premio recibido,Laureles Deportivos del Perú
Teófilo Cubillas,Fecha de nacimiento,1949-03-08
Juan Velasco Alvarado,Lugar de nacimiento,Distrito de Castilla
Juan Velasco Alvarado,Ocupación,político
Juan Velasco Alvarado,Ciudadanía,Perú
Juan Velasco Alvarado,Educado en,Instituto del Hemisferio Occidental para la Cooperación en Seguridad
Juan Velasco Alvarado,Cargo,presidente del Perú
Juan Velasco Alvarado,Premio recibido,Orden del Cóndor de los Andes
Juan Velasco Alvarado,Fecha de nacimiento,1910-06-16
Juan Velasco Alvarado,Fecha de defunción,1977-12-24
Juan Velasco Alvarado,Ocupación,oficial militar
Juan Velasco Alvarado,Premio recibido,Orden de Isabel la Católica
Juan Velasco Alvarado,Premio recibido,Orden del Libertador San Martín
Juan Velasco Alvarado,Premio recibido,Orden de Bernardo O'Higgins
Juan Velasco Alvarado,Premio recibido,Orden del Libertador
Juan Velasco Alvarado,Premio recibido,Estrella de la República Socialista de Rumanía
Juan Velasco Alvarado,Educado en,Escuela Militar de Chorrillos
Rodolfo Cerrón Palomino,Empleador,Centro de Estudios Regionales Andinos Bartolomé de Las Casas
Rodolfo Cerrón Palomino,Miembro de,Sociedad Lingüística de Estados Unidos
Rodolfo Cerrón Palomino,Miembro de,Academia Nacional de la Historia
Juan Velasco Alvarado,Educado en,Colegio San Miguel de Piura
Juan Velasco Alvarado,Cargo,Comandante General del Ejército del Perú
Abimael Guzmán,Lugar de nacimiento,Mollendo
Abimael Guzmán,Ocupación,político
Abimael Guzmán,Ciudadanía,Perú
Abimael Guzmán,Educado en,Universidad Nacional de San Agustín de Arequipa
Abimael Guzmán,Empleador,Universidad Nacional de San Cristóbal de Huamanga
Abimael Guzmán,Cargo,secretario general
Abimael Guzmán,Fecha de nacimiento,1934-12-03
Abimael Guzmán,Fecha de defunción,2021-09-11
Abimael Guzmán,Ocupación,profesor universitario
Abimael Guzmán,Ocupación,filósofo
Abimael Guzmán,Ocupación,terrorista
Édgar Valcárcel,Lugar de nacimiento,Puno
Édgar Valcárcel,Ocupación,compositor
Édgar Valcárcel,Ciudadanía,Perú
Édgar Valcárcel,Premio recibido,Beca Guggenheim
Édgar Valcárcel,Fecha de nacimiento,1932-12-04
Édgar Valcárcel,Fecha de defunción,2010-03-10
Édgar Valcárcel,Ocupación,pianista
Édgar Valcárcel,Fecha de defunción,2010-03-11
Arturo Yamasaki,Lugar de nacimiento,Lima
Arturo Yamasaki,Ocupación,árbitro de fútbol
Arturo Yamasaki,Ciudadanía,México
Arturo Yamasaki,Fecha de nacimiento,1929-05-11
Arturo Yamasaki,Fecha de defunción,2013-07-23
Arturo Yamasaki,Ciudadanía,Perú
Abraham Valdelomar,Ocupación,escritor
Abraham Valdelomar,Ocupación,historietista
Rodolfo Cerrón Palomino,Miembro de,Asociación de Lingüística y Filología de América Latina
Manco Inca,Lugar de nacimiento,Cusco
Manco Inca,Ocupación,monarca
Manco Inca,Ciudadanía,Perú
Manco Inca,Cargo,emperador
Manco Inca,Fecha de nacimiento,1500-01-01
Manco Inca,Fecha de defunción,1544-01-01
Manco Inca,Ocupación,Inca
Manco Inca,Fecha de nacimiento,1515-01-01
Manco Inca,Fecha de defunción,1545-01-01
Andrés Avelino Cáceres,Lugar de nacimiento,Ayacucho
Andrés Avelino Cáceres,Ocupación,militar
Andrés Avelino Cáceres,Ciudadanía,Perú
Andrés Avelino Cáceres,Cargo,presidente del Perú
Andrés Avelino Cáceres,Fecha de nacimiento,1833-02-04
Andrés Avelino Cáceres,Fecha de defunción,1923-10-10
Andrés Avelino Cáceres,Ocupación,político
Andrés Avelino Cáceres,Ocupación,embajador
Andrés Avelino Cáceres,Ocupación,diplomático
profesor universitario,instancia de,profesión académica
profesor universitario,subclase de,profesor
profesor universitario,subclase de,académico
profesor universitario,ámbito de la ocupación,enseñanza
Universidad Católica de Lyon,categoría para las personas que estudiaron en esta institución,Categoría:Alumnado de la Universidad Católica de Lyon
Universidad Católica de Lyon,país,Francia
Universidad Católica de Lyon,instancia de,universidad católica
Universidad Católica de Lyon,instancia de,universidad privada
Universidad Católica de Lyon,ubicación de la sede,Segundo Distrito de Lyon
Universidad de Notre Dame,país,Estados Unidos
Universidad de Notre Dame,instancia de,universidad católica
Universidad de Notre Dame,instancia de,universidad privada
Universidad de Notre Dame,instancia de,institución educativa privada sin fines de lucro
Universidad de Notre Dame,instancia de,editor de acceso abierto
Chongos Bajo,país,Perú
Chongos Bajo,instancia de,villa
Chongos Bajo,situado en la entidad territorial administrativa,Distrito de Chongos Bajo
Chongos Bajo,capital de,Distrito de Chongos Bajo
Universidad Cornell,país,Estados Unidos
Universidad Cornell,instancia de,Universidad de concesión de tierras
Universidad Cornell,instancia de,universidad privada
Universidad Cornell,instancia de,universidad de investigación
Ica,país,Perú
Ica,instancia de,ciudad
Ica,instancia de,gran ciudad
Ica,situado en la entidad territorial administrativa,Ica
Ica,ciudad hermana,Miami Beach
periodista,instancia de,profesión
periodista,instancia de,cargo
periodista,instancia de,ocupación
periodista,instancia de,grupo de ocupaciones de la CIUO
periodista,subclase de,autor
pintor,instancia de,ocupación
pintor,instancia de,profesión artística
pintor,subclase de,artista visual
pintor,santo patrón,Lucas el Evangelista
pintor,ámbito de la ocupación,pintura
karateca,instancia de,profesión
karateca,instancia de,ocupación
karateca,subclase de,artista marcial
karateca,ámbito de la ocupación,karate
karateca,categoría principal del tema,Categoría:Karatecas
físico de partículas,instancia de,profesión
físico de partículas,subclase de,físico
físico de partículas,ámbito de la ocupación,física de partículas
Estados Unidos,forma de gobierno,república
Estados Unidos,forma de gobierno,presidencialismo
Estados Unidos,forma de gobierno,república federal
Estados Unidos,nombrado en referencia a,América
Estados Unidos,subdividido en (división administrativa),California
Universidad de Princeton,país,Estados Unidos
Universidad de Princeton,instancia de,universidad privada
Universidad de Princeton,instancia de,Colegios coloniales
Universidad de Princeton,instancia de,universidad de investigación
Universidad de Princeton,instancia de,institución educativa privada sin fines de lucro
Lawrence Berkeley National Laboratory,país,Estados Unidos
Lawrence Berkeley National Laboratory,instancia de,laboratorio
Lawrence Berkeley National Laboratory,situado en la entidad territorial administrativa,California
Lawrence Berkeley National Laboratory,nombrado en referencia a,Ernest Lawrence
Distrito de Coasa,país,Perú
Distrito de Coasa,instancia de,distrito de Perú
Distrito de Coasa,capital,Coasa
Distrito de Coasa,comparte fronteras con,Distrito de Ajoyani
Distrito de Coasa,comparte fronteras con,Distrito de Ituata
Retrato de campesinos en Cusco,instancia de,fotografía
Retrato de campesinos en Cusco,creador,Martín Chambi
Retrato de campesinos en Cusco,material empleado,papel a la gelatina de plata
Retrato de campesinos en Cusco,colección,Museo de Arte Moderno de Nueva York
Retrato de campesinos en Cusco,ubicación,Museo de Arte Moderno de Nueva York
Cuba,miembro de,Organización Mundial de la Salud
Cuba,miembro de,Organización Mundial del Comercio
Cuba,miembro de,Interpol
Cuba,miembro de,Alianza Bolivariana para América
Cuba,miembro de,Unión Postal Universal
Trujillo,país,Perú
Trujillo,instancia de,ciudad
Trujillo,instancia de,gran ciudad
Trujillo,fundador,Diego de Almagro
Trujillo,situado en la entidad territorial administrativa,Departamento de La Libertad
Conservatorio Real de Escocia,país,Reino Unido
Conservatorio Real de Escocia,instancia de,conservatorio de música
Conservatorio Real de Escocia,instancia de,editor de acceso abierto
Conservatorio Real de Escocia,campo de trabajo,artes escénicas
Conservatorio Real de Escocia,situado en la entidad territorial administrativa,Ciudad de Glasgow
Sindicato de Actores,país,Estados Unidos
Sindicato de Actores,instancia de,sindicato de trabajadores
Sindicato de Actores,premio recibido,Estrella del Paseo de la Fama de Hollywood
Sindicato de Actores,reemplazado por,SAG-AFTRA
árbitro de fútbol,instancia de,profesión
árbitro de fútbol,subclase de,árbitro
árbitro de fútbol,subclase de,oficial del partido
psiquiatra,instancia de,profesión
psiquiatra,instancia de,cargo
psiquiatra,subclase de,médico especialista
psiquiatra,subclase de,profesional de la salud mental
psiquiatra,ámbito de la ocupación,psiquiatría
Orden de las Palmas Magisteriales,país,Perú
Orden de las Palmas Magisteriales,instancia de,orden
Orden de las Palmas Magisteriales,categoría principal del tema,Categoría:Orden de las Palmas Magisteriales
Orden de las Palmas Magisteriales,conferido por,Ministerio de Educación del Perú
Orden de las Palmas Magisteriales,categoría para los galardonados con este premio,Categoría:Orden de las Palmas Magisteriales
Distrito de Castilla,país,Perú
Distrito de Castilla,instancia de,distrito de Perú
Distrito de Castilla,capital,Castilla
Distrito de Castilla,comparte fronteras con,Distrito de Chulucanas
Distrito de Castilla,comparte fronteras con,Distrito de Tambogrande
Instituto del Hemisferio Occidental para la Cooperación en Seguridad,país,Estados Unidos
Instituto del Hemisferio Occidental para la Cooperación en Seguridad,instancia de,escuela
Instituto del Hemisferio Occidental para la Cooperación en Seguridad,instancia de,escuela militar
Instituto del Hemisferio Occidental para la Cooperación en Seguridad,situado en la entidad territorial administrativa,Columbus
Instituto del Hemisferio Occidental para la Cooperación en Seguridad,operador,Ejército de los Estados Unidos
presidente del Perú,país,Perú
presidente del Perú,instancia de,cargo público
presidente del Perú,residencia oficial,Palacio de Gobierno del Perú
presidente del Perú,subclase de,presidente de la Republica
presidente del Perú,subclase de,jefe del Gobierno
Mollendo,país,Perú
Mollendo,instancia de,ciudad
Mollendo,situado en la entidad territorial administrativa,Departamento de Arequipa
Mollendo,descrito en la fuente,New International Encyclopedia
Mollendo,descrito en la fuente,"Nuevo diccionario enciclopédico, 1911-1916"
Universidad Nacional de San Cristóbal de Huamanga,país,Perú
Universidad Nacional de San Cristóbal de Huamanga,instancia de,universidad pública
Universidad Nacional de San Cristóbal de Huamanga,fundador,Cristóbal de Castilla y Zamora
Universidad Nacional de San Cristóbal de Huamanga,situado en la entidad territorial administrativa,Ayacucho
Puno,jefe de gobierno,Walter Aduviri Calisaya
Puno,país,Perú
Puno,instancia de,ciudad
Puno,instancia de,gran ciudad
Puno,situado en la entidad territorial administrativa,Puno
México,miembro de,Organización de las Naciones Unidas
México,miembro de,Mercosur
México,miembro de,Movimiento Internacional de la Cruz Roja y de la Media Luna Roja
México,miembro de,UNESCO
México,miembro de,Organización Mundial de la Salud
Cusco,jefe de gobierno,Luis Pantoja Calvo
Cusco,país,Perú
Cusco,instancia de,ciudad
Cusco,instancia de,espacio urbano
Cusco,instancia de,gran ciudad
monarca,instancia de,título nobiliario
monarca,instancia de,cargo
monarca,subclase de,soberano
monarca,forma parte de,monarquía
monarca,se dice que es lo mismo que,valí
emperador,instancia de,profesión
emperador,instancia de,título nobiliario
emperador,instancia de,cargo
emperador,subclase de,monarca
emperador,se dice que es lo mismo que,Shahanshah
Ayacucho,país,Perú
Ayacucho,instancia de,ciudad
Ayacucho,instancia de,gran ciudad
Ayacucho,situado en la entidad territorial administrativa,Huamanga
Ayacucho,ciudad hermana,Verona
Pedro Gárezon,Lugar de nacimiento,Lima
Pedro Gárezon,Ocupación,oficial naval
Pedro Gárezon,Ciudadanía,Perú
Pedro Gárezon,Fecha de nacimiento,1851-02-23
Pedro Gárezon,Fecha de defunción,1927-05-27
Jaime Duarte,Lugar de nacimiento,Lima
Jaime Duarte,Ocupación,entrenador
Jaime Duarte,Ciudadanía,Perú
Jaime Duarte,Fecha de nacimiento,1955-02-27
Jaime Duarte,Ocupación,futbolista
Jonathan Maicelo,Lugar de nacimiento,Callao
Jonathan Maicelo,Ocupación,boxeador
Jonathan Maicelo,Ciudadanía,Perú
Jonathan Maicelo,Fecha de nacimiento,1983-08-10
Óscar Ramírez Durand,Lugar de nacimiento,Departamento de Arequipa
Óscar Ramírez Durand,Ocupación,político
Óscar Ramírez Durand,Ciudadanía,Perú
Óscar Ramírez Durand,Educado en,Universidad Nacional de Ingeniería
Óscar Ramírez Durand,Fecha de nacimiento,1953-03-16
Óscar Ramírez Durand,Ocupación,revolucionario
Óscar Ramírez Durand,Ocupación,terrorista
Iván Santillán,Lugar de nacimiento,Talara
Iván Santillán,Ocupación,entrenador
Iván Santillán,Ciudadanía,Perú
Iván Santillán,Fecha de nacimiento,1991-05-06
Iván Santillán,Ocupación,futbolista
Néstor Cerpa,Lugar de nacimiento,Lima
Néstor Cerpa,Ocupación,profesor universitario
Néstor Cerpa,Ciudadanía,Perú
Néstor Cerpa,Miembro de,Movimiento Revolucionario Túpac Amaru
Néstor Cerpa,Fecha de nacimiento,1953-08-14
Néstor Cerpa,Fecha de defunción,1997-04-22
Néstor Cerpa,Miembro de,Comando Edgar Sánchez
Hernán Rengifo,Lugar de nacimiento,Chachapoyas
Hernán Rengifo,Ocupación,futbolista
Hernán Rengifo,Ciudadanía,Perú
Hernán Rengifo,Fecha de nacimiento,1983-04-18
Antonio Gálvez Ronceros,Lugar de nacimiento,El Carmen
Antonio Gálvez Ronceros,Ocupación,escritor
Antonio Gálvez Ronceros,Ciudadanía,Perú
Antonio Gálvez Ronceros,Premio recibido,Premio Casa de la Literatura Peruana
Antonio Gálvez Ronceros,Fecha de nacimiento,1932-01-01
Antonio Gálvez Ronceros,Fecha de defunción,2023-06-20
Antonio Gálvez Ronceros,Ocupación,profesor universitario
Alberto Denegri,Lugar de nacimiento,Lima
Alberto Denegri,Ocupación,entrenador
Alberto Denegri,Ciudadanía,Perú
Alberto Denegri,Fecha de nacimiento,1901-08-11
Alberto Denegri,Fecha de defunción,1973-05-18
Alberto Denegri,Ocupación,futbolista
Alberto Denegri,Fecha de nacimiento,1906-08-07
Jaime Yoshiyama,Lugar de nacimiento,Huancayo
Jaime Yoshiyama,Ocupación,empresario
Jaime Yoshiyama,Ciudadanía,Perú
Jaime Yoshiyama,Educado en,Escuela de Gobierno John F. Kennedy
Jaime Yoshiyama,Cargo,presidente del Congreso de la República del Perú
Jaime Yoshiyama,Fecha de nacimiento,1944-07-23
Jaime Yoshiyama,Ocupación,político
Jaime Yoshiyama,Ocupación,ingeniero industrial
Jaime Yoshiyama,Educado en,Universidad Estatal de Míchigan
Jaime Yoshiyama,Educado en,Universidad Nacional de Ingeniería
Jaime Yoshiyama,Educado en,Universidad ESAN
Jaime Yoshiyama,Cargo,Ministro de Transportes y Comunicaciones del Perú
Jaime Yoshiyama,Cargo,Ministro de la Presidencia del Perú
Jaime Yoshiyama,Cargo,Ministro de Energía y Minas del Perú
Jaime Yoshiyama,Cargo,miembro del Congreso Constituyente Democrático
José de La Mar,Lugar de nacimiento,Cuenca
José de La Mar,Ocupación,político
José de La Mar,Ciudadanía,Perú
José de La Mar,Cargo,presidente del Congreso de la República del Perú
José de La Mar,Fecha de nacimiento,1778-05-12
José de La Mar,Fecha de defunción,1830-10-11
José de La Mar,Ocupación,oficial militar
José de La Mar,Ciudadanía,Gran Colombia
Isabel Sabogal,Lugar de nacimiento,Lima
Isabel Sabogal,Ocupación,escritor
Isabel Sabogal,Ciudadanía,Polonia
Isabel Sabogal,Educado en,Pontificia Universidad Católica del Perú
Isabel Sabogal,Premio recibido,Bene Merito
Isabel Sabogal,Fecha de nacimiento,1958-10-14
Isabel Sabogal,Ocupación,poeta
Isabel Sabogal,Ocupación,astrólogo
Isabel Sabogal,Ocupación,traductor
Isabel Sabogal,Ocupación,novelista
Isabel Sabogal,Ciudadanía,Perú
Antonio Arenas,Lugar de nacimiento,Lima
Antonio Arenas,Ocupación,juez
Antonio Arenas,Ciudadanía,Perú
Antonio Arenas,Educado en,Universidad Nacional Mayor de San Marcos
Antonio Arenas,Cargo,Ministro de Relaciones Exteriores del Perú
Antonio Arenas,Fecha de nacimiento,1808-07-13
Antonio Arenas,Fecha de defunción,1891-12-27
Antonio Arenas,Ocupación,abogado
Antonio Arenas,Ocupación,político
Antonio Cornejo Polar,Lugar de nacimiento,Lima
Antonio Cornejo Polar,Ocupación,escritor
Antonio Cornejo Polar,Ciudadanía,Perú
Antonio Cornejo Polar,Educado en,Universidad Nacional de San Agustín de Arequipa
Antonio Cornejo Polar,Fecha de nacimiento,1936-12-23
Antonio Cornejo Polar,Fecha de defunción,1997-05-18
Antonio Cornejo Polar,Ocupación,profesor universitario
Alfonso Yáñez Ramírez,Lugar de nacimiento,Callao
Alfonso Yáñez Ramírez,Ocupación,futbolista
Alfonso Yáñez Ramírez,Ciudadanía,Perú
Alfonso Yáñez Ramírez,Fecha de nacimiento,1970-03-20
Antonio Máro,Lugar de nacimiento,Catacaos
Antonio Máro,Ocupación,pintor
Antonio Máro,Ciudadanía,Perú
Antonio Máro,Fecha de nacimiento,1928-01-01
Antonio de Vinatea,Ocupación,badmintonista
Antonio de Vinatea,Ciudadanía,Perú
Antonio de Vinatea,Premio recibido,campeón nacional
Antonio de Vinatea,Fecha de nacimiento,1988-12-28
Antonio de Vinatea,Premio recibido,South American Games champion
Camarada Artemio,Lugar de nacimiento,Perú
Camarada Artemio,Ocupación,político
Camarada Artemio,Ciudadanía,Perú
Camarada Artemio,Cargo,líder
Camarada Artemio,Fecha de nacimiento,1965-09-08
Camarada Artemio,Ocupación,narcotraficante
Camarada Artemio,Ocupación,terrorista
Juan Diego Gonzales-Vigil,Lugar de nacimiento,Lima
Juan Diego Gonzales-Vigil,Ocupación,futbolista
Juan Diego Gonzales-Vigil,Ciudadanía,Italia
Juan Diego Gonzales-Vigil,Fecha de nacimiento,1985-02-18
Juan Diego Gonzales-Vigil,Ciudadanía,Perú
Claudia Ortiz de Zevallos,Lugar de nacimiento,Arequipa
Claudia Ortiz de Zevallos,Ocupación,modelo
Claudia Ortiz de Zevallos,Ciudadanía,Perú
Claudia Ortiz de Zevallos,Fecha de nacimiento,1981-11-09
Claudia Ortiz de Zevallos,Ocupación,participante en concursos de belleza
Pedro Gárezon,Ocupación,diplomático
oficial naval,instancia de,profesión
oficial naval,instancia de,profesión militar
oficial naval,instancia de,ocupación marítima
oficial naval,subclase de,oficial militar
oficial naval,subclase de,personal de la Armada
boxeador,instancia de,profesión
boxeador,subclase de,deportista
boxeador,subclase de,artista marcial
boxeador,ámbito de la ocupación,boxeo
boxeador,ámbito de la ocupación,boxeo aficionado
Departamento de Arequipa,idioma usado,quechua cuzqueño
Departamento de Arequipa,idioma usado,quechua puneño
Talara,país,Perú
Talara,instancia de,ciudad
Talara,situado en la entidad territorial administrativa,Provincia de Talara
Talara,ciudad hermana,Paita
Talara,se encuentra en el huso horario,UTC-05:00
Movimiento Revolucionario Túpac Amaru,país,Perú
Movimiento Revolucionario Túpac Amaru,instancia de,organización política
Movimiento Revolucionario Túpac Amaru,instancia de,organización terrorista
Movimiento Revolucionario Túpac Amaru,presidente,Néstor Cerpa
Movimiento Revolucionario Túpac Amaru,presidente,Víctor Polay Campos
Chachapoyas,país,Perú
Chachapoyas,instancia de,ciudad
Chachapoyas,situado en la entidad territorial administrativa,Departamento de Amazonas
Chachapoyas,situado en la entidad territorial administrativa,Chachapoyas
El Carmen,país,Perú
El Carmen,instancia de,pueblo
El Carmen,situado en la entidad territorial administrativa,Distrito de El Carmen
El Carmen,capital de,Distrito de El Carmen
Premio Casa de la Literatura Peruana,país,Perú
Premio Casa de la Literatura Peruana,instancia de,premio literario
Premio Casa de la Literatura Peruana,conferido por,Casa de la Literatura Peruana
Huancayo,país,Perú
Huancayo,instancia de,ciudad
Huancayo,instancia de,gran ciudad
Huancayo,situado en la entidad territorial administrativa,Huancayo
Huancayo,ciudad hermana,San José
Escuela de Gobierno John F. Kennedy,país,Estados Unidos
Escuela de Gobierno John F. Kennedy,instancia de,escuela privada
Escuela de Gobierno John F. Kennedy,instancia de,escuela de política pública
Escuela de Gobierno John F. Kennedy,fundador,Richard Neustadt
presidente del Congreso de la República del Perú,país,Perú
presidente del Congreso de la República del Perú,instancia de,cargo público
presidente del Congreso de la República del Perú,instancia de,cargo
presidente del Congreso de la República del Perú,precedido por,presidente del Senado de Perú
presidente del Congreso de la República del Perú,precedido por,presidente de la Cámara de Diputados de Perú
Cuenca,capital,Cuenca
Cuenca,jefe de gobierno,Cristian Zamora
Cuenca,país,Ecuador
Cuenca,continente,América del Sur
Cuenca,instancia de,ciudad
Polonia,miembro de,Consejo de Europa
Polonia,miembro de,Unión Postal Universal
Polonia,miembro de,Organización para la Cooperación y el Desarrollo Económico
Polonia,miembro de,Pacto de Varsovia
Polonia,miembro de,Agencia Espacial Europea
juez,instancia de,embede
juez,instancia de,profesión jurídica
juez,instancia de,grupo de ocupaciones de la CIUO
juez,subclase de,jurista
Catacaos,país,Perú
Catacaos,instancia de,ciudad
Catacaos,situado en la entidad territorial administrativa,Departamento de Piura
Catacaos,capital de,Distrito de Catacaos
líder,instancia de,cargo
líder,instancia de,ocupación
líder,subclase de,persona
líder,ámbito de la ocupación,liderazgo
líder,se dice que es lo mismo que,presidente
modelo,instancia de,profesión
modelo,subclase de,profesional de la moda
modelo,ámbito de la ocupación,modelaje
modelo,categoría principal del tema,Categoría:Modelos
participante en concursos de belleza,instancia de,ocupación
participante en concursos de belleza,subclase de,animador
participante en concursos de belleza,subclase de,modelo
participante en concursos de belleza,subclase de,concursante
participante en concursos de belleza,ámbito de la ocupación,concurso de belleza
Alan García,Lugar de nacimiento,Lima
Alan García,Ocupación,escritor
Alan García,Ciudadanía,Perú
Alan García,Educado en,Universidad Sorbona Nueva-París 3
Alan García,Cargo,presidente del Perú
Alan García,Premio recibido,Orden del Mérito de la República de Hungría
Alan García,Fecha de nacimiento,1949-05-23
Alan García,Fecha de defunción,2019-04-17
Alan García,Ocupación,abogado
Alan García,Ocupación,político
Alan García,Ocupación,jurista
Alan García,Ocupación,sociólogo
Alan García,Premio recibido,Orden del Libertador San Martín
Alan García,Premio recibido,Collar de la Orden de Isabel la Católica
Alan García,Educado en,Universidad París I Panthéon-Sorbonne
Alan García,Cargo,diputado de Perú
Alan García,Cargo,miembro de la Asamblea Constituyente del Perú
Alberto Fujimori,Lugar de nacimiento,Lima
Alberto Fujimori,Ocupación,escritor
Alberto Fujimori,Ciudadanía,Japón
Alberto Fujimori,Educado en,Universidad de Wisconsin–Milwaukee
Alberto Fujimori,Cargo,presidente del Perú
Alberto Fujimori,Premio recibido,Gran Cruz de la Orden del Mérito de Hungría
Alberto Fujimori,Fecha de nacimiento,1938-07-26
Alberto Fujimori,Fecha de defunción,2024-09-11
Alberto Fujimori,Ocupación,político
Alberto Fujimori,Ocupación,presentador de televisión
Alberto Fujimori,Ocupación,profesor universitario
Alberto Fujimori,Ocupación,ingeniero agrónomo
Alberto Fujimori,Premio recibido,Orden del Elefante
Alberto Fujimori,Premio recibido,Orden de Sikatuna
Alberto Fujimori,Premio recibido,Order of Al-Khalifa
Alberto Fujimori,Premio recibido,Caballero Gran Cruz de la Orden del León Holandés
Alberto Fujimori,Premio recibido,Estrella de la República de Indonesia
Alberto Fujimori,Premio recibido,Orden de Estado de la República de Turquía
Alberto Fujimori,Premio recibido,Caballero de la Gran Cruz de la Orden de San Miguel y San Jorge
Alberto Fujimori,Premio recibido,Gran Cruz de la Orden de San Olaf
Alberto Fujimori,Premio recibido,Gran Cordón de la Orden de Leopoldo
Alberto Fujimori,Premio recibido,Grand Collar of the Order of Good Hope
Alberto Fujimori,Premio recibido,Collar de la Orden de Isabel la Católica
Alberto Fujimori,Premio recibido,Grand Star of the Decoration for Services to the Republic of Austria
Alberto Fujimori,Premio recibido,Collar de la Orden de la Estrella de Rumania
Alberto Fujimori,Premio recibido,gran collar de la orden del Infante Don Enrique
Alberto Fujimori,Premio recibido,Gran Collar de la Orden Nacional de la Cruz del Sur
Alberto Fujimori,Premio recibido,Grand Cross with Collar of the Order of the Falcon
Alberto Fujimori,Educado en,Universidad Nacional Agraria La Molina
Alberto Fujimori,Ciudadanía,Perú
Alberto Fujimori,Educado en,Universidad de Estrasburgo
David Samanez Ocampo,Lugar de nacimiento,Distrito de Huancarama
David Samanez Ocampo,Ocupación,político
David Samanez Ocampo,Ciudadanía,Perú
David Samanez Ocampo,Cargo,presidente del Perú
David Samanez Ocampo,Fecha de nacimiento,1866-11-04
David Samanez Ocampo,Fecha de defunción,1947-07-13
David Samanez Ocampo,Cargo,diputado de Perú
Ricardo Leoncio Elías Arias,Lugar de nacimiento,Pisco
Ricardo Leoncio Elías Arias,Ocupación,abogado
Ricardo Leoncio Elías Arias,Ciudadanía,Perú
Ricardo Leoncio Elías Arias,Educado en,Universidad Nacional Mayor de San Marcos
Ricardo Leoncio Elías Arias,Cargo,presidente del Perú
Ricardo Leoncio Elías Arias,Fecha de nacimiento,1874-09-12
Ricardo Leoncio Elías Arias,Fecha de defunción,1951-03-20
Ricardo Leoncio Elías Arias,Ocupación,político
Ricardo Leoncio Elías Arias,Ocupación,magistrado
Ricardo Leoncio Elías Arias,Cargo,Presidente de la Corte Suprema del Perú
Manuel María Ponce Brousset,Lugar de nacimiento,Arequipa
Manuel María Ponce Brousset,Ocupación,político
Manuel María Ponce Brousset,Ciudadanía,Perú
Manuel María Ponce Brousset,Cargo,presidente del Perú
Manuel María Ponce Brousset,Fecha de nacimiento,1874-04-05
Manuel María Ponce Brousset,Fecha de defunción,1966-07-18
Manuel María Ponce Brousset,Ocupación,oficial militar
Gustavo Jiménez,Lugar de nacimiento,Cerro de Pasco
Gustavo Jiménez,Ocupación,político
Gustavo Jiménez,Ciudadanía,Perú
Gustavo Jiménez,Educado en,Escuela Militar de Chorrillos
Gustavo Jiménez,Cargo,presidente del Perú
Gustavo Jiménez,Fecha de nacimiento,1886-04-05
Gustavo Jiménez,Fecha de defunción,1933-03-14
Gustavo Jiménez,Ocupación,oficial militar
Augusto Leguía,Lugar de nacimiento,Lambayeque
Augusto Leguía,Ocupación,empresario
Augusto Leguía,Ciudadanía,Perú
Augusto Leguía,Cargo,Presidente del Consejo de Ministros del Perú
Augusto Leguía,Premio recibido,Orden del Águila Blanca
Augusto Leguía,Fecha de nacimiento,1863-02-19
Augusto Leguía,Fecha de defunción,1932-02-07
Augusto Leguía,Ocupación,político
Augusto Leguía,Ocupación,economista
Augusto Leguía,Premio recibido,Suprema Orden de Cristo
Augusto Leguía,Premio recibido,Caballero de la Gran Cruz de la Orden de Pío IX
Augusto Leguía,Cargo,Ministro de Economía y Finanzas del Perú
Augusto Leguía,Cargo,presidente del Perú
Alberto Fujimori,Premio recibido,Gran Cruz de la Rosa Blanca de Finlandia
Alberto Fujimori,Premio recibido,Gran Cruz con Diamantes de la Orden del Sol del Perú
Alberto Fujimori,Premio recibido,"Orden del Príncipe Yaroslav el Sabio, 1° grado"
Alberto Fujimori,Premio recibido,Collar de la Orden Mexicana del Águila Azteca
Alberto Fujimori,Premio recibido,Gran Cruz de la Orden del Quetzal
Alberto Fujimori,Premio recibido,doctor honoris causa of Keiō University
Alberto Fujimori,Premio recibido,Grand Cordon of the Order of the White Elephant
Alberto Fujimori,Premio recibido,Grand Cross of the Order of the Liberator General San Martín
Alberto Fujimori,Premio recibido,honorary doctor of Lincoln University
Serapio Calderón,Lugar de nacimiento,Paucartambo
Serapio Calderón,Ocupación,profesor universitario
Serapio Calderón,Ciudadanía,Perú
Serapio Calderón,Educado en,Universidad Nacional de San Antonio Abad del Cusco
Serapio Calderón,Empleador,Universidad Nacional de San Antonio Abad del Cusco
Serapio Calderón,Cargo,Vicepresidente del Perú
Serapio Calderón,Fecha de nacimiento,1843-09-14
Serapio Calderón,Fecha de defunción,1922-04-03
Serapio Calderón,Cargo,presidente del Perú
Serapio Calderón,Cargo,diputado de Perú
Eduardo López de Romaña,Lugar de nacimiento,Arequipa
Eduardo López de Romaña,Ocupación,empresario
Eduardo López de Romaña,Ciudadanía,Perú
Eduardo López de Romaña,Educado en,Stonyhurst College
Eduardo López de Romaña,Cargo,presidente del Perú
Eduardo López de Romaña,Premio recibido,Gran Cruz del Mérito Naval con distintivo blanco
Eduardo López de Romaña,Fecha de nacimiento,1847-03-19
Eduardo López de Romaña,Fecha de defunción,1912-05-26
Eduardo López de Romaña,Ocupación,ingeniero
Eduardo López de Romaña,Ocupación,político
Eduardo López de Romaña,Cargo,diputado de Perú
José Pardo y Barreda,Lugar de nacimiento,Lima
José Pardo y Barreda,Ocupación,abogado
José Pardo y Barreda,Ciudadanía,Perú
José Pardo y Barreda,Educado en,Universidad Nacional Mayor de San Marcos
José Pardo y Barreda,Cargo,Presidente del Consejo de Ministros del Perú
José Pardo y Barreda,Fecha de nacimiento,1864-02-24
José Pardo y Barreda,Fecha de defunción,1947-08-03
José Pardo y Barreda,Ocupación,político
José Pardo y Barreda,Ocupación,diplomático
José Pardo y Barreda,Cargo,Ministro de Relaciones Exteriores del Perú
José Pardo y Barreda,Cargo,presidente del Perú
José Pardo y Barreda,Cargo,rector de la Universidad Nacional Mayor de San Marcos
Guillermo Billinghurst,Lugar de nacimiento,Arica
Guillermo Billinghurst,Ocupación,empresario
Guillermo Billinghurst,Ciudadanía,Perú
Guillermo Billinghurst,Cargo,Vicepresidente del Perú
Guillermo Billinghurst,Fecha de nacimiento,1851-07-27
Guillermo Billinghurst,Fecha de defunción,1915-06-28
Guillermo Billinghurst,Ocupación,político
Guillermo Billinghurst,Ocupación,periodista
Guillermo Billinghurst,Cargo,presidente del Perú
Guillermo Billinghurst,Cargo,alcalde de Lima
Guillermo Billinghurst,Cargo,senador de Perú
Guillermo Billinghurst,Cargo,presidente del Senado de Perú
Damaris,Lugar de nacimiento,Huancayo
Damaris,Ocupación,compositor
Damaris,Ciudadanía,Perú
Damaris,Fecha de nacimiento,1986-01-26
Damaris,Ocupación,cantante
Damaris,Ocupación,presentador
Gastón Acurio,Lugar de nacimiento,Lima
Gastón Acurio,Ocupación,escritor
Gastón Acurio,Ciudadanía,Perú
Gastón Acurio,Educado en,Le Cordon Bleu
Gastón Acurio,Cargo,embajador de buena voluntad de Unicef
Gastón Acurio,Premio recibido,Premio Príncipe Claus
Gastón Acurio,Fecha de nacimiento,1967-10-30
Gastón Acurio,Ocupación,empresario
Gastón Acurio,Ocupación,cocinero
Gastón Acurio,Ocupación,presentador de televisión
Gastón Acurio,Ocupación,chef
Gastón Acurio,Ocupación,conferenciante
Gastón Acurio,Premio recibido,Orden al Mérito por Servicios Distinguidos
Gastón Acurio,Premio recibido,Eckart Witzigmann Prize
Susana Baca,Lugar de nacimiento,Distrito de Chorrillos
Susana Baca,Ocupación,compositor
Susana Baca,Ciudadanía,Perú
Susana Baca,Educado en,Universidad Nacional de Educación Enrique Guzmán y Valle
Susana Baca,Cargo,Ministro de Cultura del Perú
Susana Baca,Premio recibido,Orden de las Artes y las Letras
Susana Baca,Fecha de nacimiento,1944-05-24
Susana Baca,Ocupación,político
Susana Baca,Ocupación,cantante
Susana Baca,Ocupación,etnomusicólogo
Susana Baca,Premio recibido,Premio Grammy Latino a la grabación del año
Susana Baca,Premio recibido,Orden al Mérito por Servicios Distinguidos
Susana Baca,Premio recibido,Premio Grammy latino por mejor álbum folclórico
Alberto Fujimori,Educado en,Colegio Nacional Alfonso Ugarte
Susana Baca,Premio recibido,Premio Grammy Latino a la Excelencia Musical
Paolo Guerrero,Lugar de nacimiento,Lima
Paolo Guerrero,Ocupación,futbolista
Paolo Guerrero,Ciudadanía,Perú
Paolo Guerrero,Fecha de nacimiento,1984-01-01
Ronald Gamarra,Lugar de nacimiento,Lima
Ronald Gamarra,Ocupación,juez
Ronald Gamarra,Ciudadanía,Perú
Ronald Gamarra,Educado en,Universidad Nacional Mayor de San Marcos
Ronald Gamarra,Empleador,Universidad Nacional Mayor de San Marcos
Ronald Gamarra,Fecha de nacimiento,1958-12-10
Ronald Gamarra,Ocupación,abogado
Ronald Gamarra,Ocupación,político
Ronald Gamarra,Ocupación,profesor universitario
Ronald Gamarra,Ocupación,activista LGBTI
Juan Diego Flórez,Lugar de nacimiento,Lima
Juan Diego Flórez,Ocupación,músico
Juan Diego Flórez,Ciudadanía,Perú
Juan Diego Flórez,Educado en,Instituto de Música Curtis
Juan Diego Flórez,Premio recibido,Kammersänger
Juan Diego Flórez,Fecha de nacimiento,1973-01-13
Juan Diego Flórez,Ocupación,cantante de ópera
Juan Diego Flórez,Premio recibido,International Opera Award
Juan Diego Flórez,Premio recibido,Österreichischer Kammersänger
Juan Diego Flórez,Premio recibido,Gran Cruz de la Orden El Sol del Perú
Juan Diego Flórez,Premio recibido,Knight of the Order of Cultural Merit
Juan Diego Flórez,Premio recibido,Medalla de Honor del Congreso de la República del Perú
Juan Diego Flórez,Educado en,Music Academy of the West
Juan Diego Flórez,Educado en,Conservatorio Nacional de Música
Rufino Lecca,Lugar de nacimiento,Callao
Rufino Lecca,Ocupación,futbolista
Rufino Lecca,Ciudadanía,Perú
Rufino Lecca,Fecha de nacimiento,1920-11-16
Rufino Lecca,Fecha de defunción,2002-05-25
Manuel Scorza,Lugar de nacimiento,Lima
Manuel Scorza,Ocupación,poeta
Manuel Scorza,Ciudadanía,Perú
Manuel Scorza,Educado en,Universidad Nacional Mayor de San Marcos
Manuel Scorza,Fecha de nacimiento,1928-09-09
Manuel Scorza,Fecha de defunción,1983-11-27
Manuel Scorza,Ocupación,novelista
Manuel Scorza,Ocupación,indigenista
Manuel Scorza,Ocupación,activista político
Manuel Scorza,Educado en,Colegio Militar Leoncio Prado
Alan García,Educado en,Pontificia Universidad Católica del Perú
Alan García,Educado en,Universidad Complutense de Madrid
Alan García,Educado en,Universidad Nacional Mayor de San Marcos
Marco Arana,Lugar de nacimiento,Cajamarca
Marco Arana,Ocupación,político
Marco Arana,Ciudadanía,Perú
Marco Arana,Educado en,Pontificia Universidad Gregoriana
Marco Arana,Cargo,congresista del Perú
Marco Arana,Premio recibido,Aachen peace prize
Marco Arana,Fecha de nacimiento,1962-10-20
Marco Arana,Ocupación,sacerdote católico
Marco Arana,Ocupación,profesor universitario
Marco Arana,Ocupación,sociólogo
Marco Arana,Educado en,Universidad Nacional de Cajamarca
Serapio Calderón,Ocupación,abogado
Serapio Calderón,Ocupación,político
Universidad Sorbona Nueva-París 3,confiere,doctorado honoris causa por la Universidad Sorbona Nueva-París 3
Universidad Sorbona Nueva-París 3,país,Francia
Universidad Sorbona Nueva-París 3,instancia de,editorial
Universidad Sorbona Nueva-París 3,instancia de,universidad en Francia
Japón,nombrado en referencia a,amanecer
Japón,religión,budismo
Japón,religión,cristianismo
Japón,religión,sintoísmo
Japón,subdividido en (división administrativa),Tokio
Universidad de Wisconsin–Milwaukee,país,Estados Unidos
Universidad de Wisconsin–Milwaukee,instancia de,universidad pública
Universidad de Wisconsin–Milwaukee,instancia de,universidad de investigación
Universidad de Wisconsin–Milwaukee,instancia de,institución educativa pública de los Estados Unidos
Universidad de Wisconsin–Milwaukee,situado en la entidad territorial administrativa,Milwaukee
Distrito de Huancarama,país,Perú
Distrito de Huancarama,instancia de,distrito de Perú
Distrito de Huancarama,capital,Huancarama
Distrito de Huancarama,comparte fronteras con,Distrito de Kishuara
Distrito de Huancarama,comparte fronteras con,Distrito de Pacobamba
Pisco,país,Perú
Pisco,instancia de,ciudad
Pisco,instancia de,gran ciudad
Pisco,situado en la entidad territorial administrativa,Pisco
Pisco,ciudad hermana,Jerez de la Frontera
Cerro de Pasco,país,Perú
Cerro de Pasco,instancia de,ciudad
Cerro de Pasco,situado en la entidad territorial administrativa,Departamento de Pasco
Cerro de Pasco,ciudad hermana,Dubrovnik
Cerro de Pasco,categoría principal del tema,Categoría:Cerro de Pasco
Escuela Militar de Chorrillos,país,Perú
Escuela Militar de Chorrillos,instancia de,academia militar
Escuela Militar de Chorrillos,situado en la entidad territorial administrativa,Distrito de Chorrillos
Escuela Militar de Chorrillos,ubicación de la sede,Local de la antigua escuela militar de Chorrillos
Escuela Militar de Chorrillos,rama militar,Ejército del Perú
Lambayeque,país,Perú
Lambayeque,instancia de,ciudad
Lambayeque,idioma oficial,español
Lambayeque,situado en la entidad territorial administrativa,Departamento de Lambayeque
Lambayeque,se encuentra en el huso horario,UTC-05:00
Orden del Águila Blanca,país,Polonia
Orden del Águila Blanca,país,Gran Ducado de Varsovia
Orden del Águila Blanca,país,República de las Dos Naciones
Orden del Águila Blanca,país,Segunda República polaca
Orden del Águila Blanca,país,Zarato de Polonia (1815-1915)
Paucartambo,país,Perú
Paucartambo,instancia de,ciudad
Paucartambo,situado en la entidad territorial administrativa,Departamento de Cusco
Paucartambo,situado en la entidad territorial administrativa,Distrito de Paucartambo
Paucartambo,capital de,Provincia de Paucartambo
Universidad Nacional de San Antonio Abad del Cusco,país,Perú
Universidad Nacional de San Antonio Abad del Cusco,instancia de,universidad pública
Universidad Nacional de San Antonio Abad del Cusco,fundador,Inocencio XII
Universidad Nacional de San Antonio Abad del Cusco,situado en la entidad territorial administrativa,Perú
Universidad Nacional de San Antonio Abad del Cusco,situado en la entidad territorial administrativa,Departamento de Cusco
Stonyhurst College,país,Reino Unido
Stonyhurst College,instancia de,internado
Stonyhurst College,instancia de,asociación caritativa
Stonyhurst College,instancia de,edificio escolar
Stonyhurst College,instancia de,escuela privada
Arica,país,Chile
Arica,instancia de,gran ciudad
Arica,instancia de,ciudad de Chile
Arica,situado en la entidad territorial administrativa,Arica
Arica,ciudad hermana,La Paz
cantante,instancia de,grupo de ocupaciones de la CIUO
cantante,instancia de,ocupación en la música
cantante,subclase de,músico
cantante,ámbito de la ocupación,canto
Le Cordon Bleu,país,Francia
Le Cordon Bleu,instancia de,Gran Escuela
Le Cordon Bleu,instancia de,institución educativa
Le Cordon Bleu,situado en la entidad territorial administrativa,París
embajador de buena voluntad de Unicef,instancia de,profesión
embajador de buena voluntad de Unicef,instancia de,título de autoridad
embajador de buena voluntad de Unicef,instancia de,título honorífico
embajador de buena voluntad de Unicef,instancia de,cargo
embajador de buena voluntad de Unicef,subclase de,Embajador de Buena Voluntad
Distrito de Chorrillos,país,Perú
Distrito de Chorrillos,instancia de,distrito de Perú
Distrito de Chorrillos,capital,Chorrillos
Distrito de Chorrillos,comparte fronteras con,Santiago de Surco
Distrito de Chorrillos,comparte fronteras con,Distrito de Villa El Salvador
Universidad Nacional de Educación Enrique Guzmán y Valle,país,Perú
Universidad Nacional de Educación Enrique Guzmán y Valle,instancia de,universidad
Universidad Nacional de Educación Enrique Guzmán y Valle,fundador,José de San Martín
Universidad Nacional de Educación Enrique Guzmán y Valle,situado en la entidad territorial administrativa,Lima
Universidad Nacional de Educación Enrique Guzmán y Valle,categoría para las personas que estudiaron en esta institución,Categoría:Alumnado de la Universidad Nacional de Educación Enrique Guzmán y Valle
Ministro de Cultura del Perú,país,Perú
Ministro de Cultura del Perú,instancia de,cargo público
Ministro de Cultura del Perú,subclase de,ministro de Cultura
Ministro de Cultura del Perú,forma parte de,Consejo de Ministros del Perú
Ministro de Cultura del Perú,categoría principal del tema,Categoría:Ministros de Cultura de Perú
músico,instancia de,ocupación
músico,instancia de,profesión musical
músico,ocupación,pintor
músico,subclase de,artista
músico,ámbito de la ocupación,música
Instituto de Música Curtis,país,Estados Unidos
Instituto de Música Curtis,instancia de,conservatorio de música
Instituto de Música Curtis,instancia de,academia de música
Instituto de Música Curtis,instancia de,institución educativa privada sin fines de lucro
Instituto de Música Curtis,fundador,Mary Louise Curtis Bok Zimbalist
Kammersänger,país,Suecia
Kammersänger,país,Alemania
Kammersänger,instancia de,título honorífico
poeta,instancia de,profesión
poeta,subclase de,escritor
poeta,ámbito de la ocupación,poesía
poeta,categoría principal del tema,Categoría:Poetas
Cajamarca,país,Perú
Cajamarca,instancia de,ciudad
Cajamarca,instancia de,gran ciudad
Cajamarca,situado en la entidad territorial administrativa,Departamento de Cajamarca
Cajamarca,ciudad hermana,Spoleto
Pontificia Universidad Gregoriana,país,Italia
Pontificia Universidad Gregoriana,instancia de,universidad pontificia
Pontificia Universidad Gregoriana,instancia de,universidad jesuita
Pontificia Universidad Gregoriana,fundador,Ignacio de Loyola
Pontificia Universidad Gregoriana,situado en la entidad territorial administrativa,Roma
congresista del Perú,país,Perú
congresista del Perú,instancia de,cargo
congresista del Perú,subclase de,parlamentario
congresista del Perú,forma parte de,Congreso de la República del Perú
congresista del Perú,categoría principal del tema,Categoría:Miembros del Congreso de la República de Perú
Yma Súmac,Lugar de nacimiento,Callao
Yma Súmac,Ocupación,productor discográfico
Yma Súmac,Ciudadanía,Perú
Yma Súmac,Premio recibido,Orden El Sol del Perú
Yma Súmac,Fecha de nacimiento,1922-09-13
Yma Súmac,Fecha de defunción,2008-11-01
Yma Súmac,Ocupación,modelo
Yma Súmac,Ocupación,actor
Yma Súmac,Premio recibido,Estrella del Paseo de la Fama de Hollywood
Yma Súmac,Ocupación,compositor
Yma Súmac,Ocupación,cantante
Alexis Amore,Lugar de nacimiento,Lima
Alexis Amore,Ocupación,actor
Alexis Amore,Ciudadanía,Estados Unidos
Alexis Amore,Premio recibido,Premio NightMoves
Alexis Amore,Fecha de nacimiento,1978-12-29
Alexis Amore,Ocupación,enfermero
Alexis Amore,Ocupación,actor pornográfico
Alexis Amore,Ocupación,periodista
Alexis Amore,Ocupación,director de cine
Alexis Amore,Ocupación,modelo erótica
Alexis Amore,Ocupación,modelo
Alexis Amore,Ocupación,actor de cine
Alexis Amore,Ciudadanía,Perú
Álvaro Vargas Llosa,Lugar de nacimiento,Lima
Álvaro Vargas Llosa,Ocupación,escritor
Álvaro Vargas Llosa,Ciudadanía,Perú
Álvaro Vargas Llosa,Fecha de nacimiento,1966-03-18
Álvaro Vargas Llosa,Ocupación,politólogo
Álvaro Vargas Llosa,Ocupación,periodista
Álvaro Vargas Llosa,Ocupación,ensayista
María Julia Mantilla,Lugar de nacimiento,Trujillo
María Julia Mantilla,Ocupación,actor
María Julia Mantilla,Ciudadanía,Perú
María Julia Mantilla,Educado en,Universidad Nacional de Trujillo
María Julia Mantilla,Fecha de nacimiento,1984-07-10
María Julia Mantilla,Ocupación,empresario
María Julia Mantilla,Ocupación,presentador de televisión
María Julia Mantilla,Ocupación,deportista
María Julia Mantilla,Ocupación,modelo
María Julia Mantilla,Ocupación,participante en concursos de belleza
Lourdes Flores Nano,Lugar de nacimiento,Lima
Lourdes Flores Nano,Ocupación,abogado
Lourdes Flores Nano,Ciudadanía,Perú
Lourdes Flores Nano,Educado en,Pontificia Universidad Católica del Perú
Lourdes Flores Nano,Empleador,Universidad de Lima
Lourdes Flores Nano,Cargo,congresista del Perú
Lourdes Flores Nano,Fecha de nacimiento,1959-10-07
Lourdes Flores Nano,Ocupación,político
Lourdes Flores Nano,Educado en,Universidad Complutense de Madrid
Lourdes Flores Nano,Empleador,Pontificia Universidad Católica del Perú
Lourdes Flores Nano,Empleador,Universidad San Ignacio de Loyola
Lourdes Flores Nano,Cargo,diputado de Perú
Lourdes Flores Nano,Cargo,miembro del Congreso Constituyente Democrático
Lourdes Flores Nano,Ocupación,profesor universitario
Luis Castañeda Lossio,Lugar de nacimiento,Chiclayo
Luis Castañeda Lossio,Ocupación,abogado
Luis Castañeda Lossio,Ciudadanía,Perú
Luis Castañeda Lossio,Educado en,Pontificia Universidad Católica del Perú
Luis Castañeda Lossio,Cargo,alcalde de Lima
Luis Castañeda Lossio,Premio recibido,Gran Cruz de la Orden de Isabel la Católica
Luis Castañeda Lossio,Fecha de nacimiento,1945-06-21
Luis Castañeda Lossio,Fecha de defunción,2022-01-12
Luis Castañeda Lossio,Ocupación,político
Luis Castañeda Lossio,Premio recibido,Gran Cruz de la Orden El Sol del Perú
Luis Castañeda Lossio,Educado en,Universidad de San Martín de Porres
Andrés Mendoza,Lugar de nacimiento,Chincha Alta
Andrés Mendoza,Ocupación,futbolista
Andrés Mendoza,Ciudadanía,Perú
Andrés Mendoza,Fecha de nacimiento,1978-04-26
Susana Higuchi,Lugar de nacimiento,Lima
Susana Higuchi,Ocupación,político
Susana Higuchi,Ciudadanía,Perú
Susana Higuchi,Educado en,Universidad Nacional de Ingeniería
Susana Higuchi,Cargo,Primera dama de Perú
Susana Higuchi,Premio recibido,Gran Cruz de la Orden de Isabel la Católica
Susana Higuchi,Fecha de nacimiento,1950-04-26
Susana Higuchi,Fecha de defunción,2021-12-08
Susana Higuchi,Ocupación,ingeniero civil
Susana Higuchi,Cargo,congresista del Perú
José María Arguedas,Lugar de nacimiento,Andahuaylas
José María Arguedas,Ocupación,poeta
José María Arguedas,Ciudadanía,Perú
José María Arguedas,Educado en,Universidad Nacional Mayor de San Marcos
José María Arguedas,Empleador,Universidad Nacional Mayor de San Marcos
José María Arguedas,Obra notable,Los ríos profundos
José María Arguedas,Fecha de nacimiento,1911-01-18
José María Arguedas,Fecha de defunción,1969-12-02
José María Arguedas,Ocupación,político
José María Arguedas,Ocupación,traductor
José María Arguedas,Ocupación,etnólogo
José María Arguedas,Ocupación,profesor universitario
José María Arguedas,Ocupación,periodista
José María Arguedas,Ocupación,antropólogo
José María Arguedas,Ocupación,novelista
José María Arguedas,Ocupación,indigenista
José María Arguedas,Ocupación,ensayista
José María Arguedas,Ocupación,escritor de cuentos
José María Arguedas,Empleador,Universidad Nacional Agraria La Molina
José María Arguedas,Obra notable,Todas las sangres
José María Arguedas,Obra notable,El Sexto
José María Arguedas,Obra notable,El zorro de arriba y el zorro de abajo
César Vallejo,Lugar de nacimiento,Santiago de Chuco
César Vallejo,Ocupación,periodista
César Vallejo,Ciudadanía,Perú
César Vallejo,Educado en,Universidad Nacional de Trujillo
César Vallejo,Obra notable,Los heraldos negros
César Vallejo,Fecha de nacimiento,1892-03-16
César Vallejo,Fecha de defunción,1938-04-15
César Vallejo,Ocupación,novelista
César Vallejo,Ocupación,ensayista
César Vallejo,Ocupación,escritor de cuentos
César Vallejo,Ocupación,escritor
César Vallejo,Educado en,Universidad Nacional Mayor de San Marcos
César Vallejo,Obra notable,Paco Yunque
César Vallejo,Ocupación,poeta
César Vallejo,Ocupación,dramaturgo
César Vallejo,Ocupación,traductor
Keiko Fujimori,Lugar de nacimiento,Lima
Keiko Fujimori,Ocupación,político
Keiko Fujimori,Ciudadanía,Perú
Keiko Fujimori,Educado en,Universidad de Columbia
Keiko Fujimori,Cargo,Primera dama de Perú
Keiko Fujimori,Fecha de nacimiento,1975-05-25
Keiko Fujimori,Educado en,Universidad de Boston
Keiko Fujimori,Educado en,Columbia Business School
Keiko Fujimori,Educado en,Universidad de Stony Brook
Keiko Fujimori,Educado en,Questrom School of Business
Keiko Fujimori,Educado en,Colegio Sagrados Corazones Recoleta
Keiko Fujimori,Educado en,Stony Brook University College of Business
Keiko Fujimori,Cargo,congresista del Perú
Yma Súmac,Ciudadanía,Estados Unidos
Yma Súmac,Premio recibido,Libro Guinness de los récords
Alejandro Toledo,Lugar de nacimiento,Cabana
Alejandro Toledo,Ocupación,conferenciante
Alejandro Toledo,Ciudadanía,Perú
Alejandro Toledo,Educado en,Stanford Graduate School of Education
Alejandro Toledo,Empleador,Universidad Stanford
Alejandro Toledo,Cargo,presidente del Perú
Alejandro Toledo,Premio recibido,Gran Cruz de la Orden del Mérito de la República de Polonia
Alejandro Toledo,Fecha de nacimiento,1945-03-28
Alejandro Toledo,Ocupación,político
Alejandro Toledo,Premio recibido,Gran Cruz con Diamantes de la Orden del Sol del Perú
Alejandro Toledo,Ocupación,economista
Alejandro Toledo,Premio recibido,doctorado honoris causa por la universidad de Beijing
Alejandro Toledo,Premio recibido,Gran Cruz de la Orden al Mérito de Chile
Alejandro Toledo,Premio recibido,Gran Collar de la Orden de Boyacá
Alejandro Toledo,Premio recibido,Grand Cordon of the Order of the White Elephant
Maria Reiche,Lugar de nacimiento,Dresde
Maria Reiche,Ocupación,matemático
Maria Reiche,Ciudadanía,Alemania
Maria Reiche,Educado en,Universidad Técnica de Dresde
Maria Reiche,Obra notable,Líneas de Nazca
Maria Reiche,Premio recibido,Orden de las Palmas Magisteriales
Maria Reiche,Fecha de nacimiento,1903-05-15
Maria Reiche,Fecha de defunción,1998-06-08
Maria Reiche,Ocupación,arqueólogo
Maria Reiche,Ocupación,profesor de lengua
Maria Reiche,Premio recibido,Cruz de Oficial de la Orden del Mérito de la República Federal de Alemania
Maria Reiche,Premio recibido,Gran Cruz de la Orden El Sol del Perú
Maria Reiche,Premio recibido,doctor honoris causa de la Universidad Nacional Mayor de San Marcos
Maria Reiche,Ciudadanía,Perú
César Vallejo,Obra notable,"España, aparta de mí este cáliz"
César Vallejo,Obra notable,El tungsteno
César Vallejo,Obra notable,Trilce
Rafael Hoyos Rubio,Lugar de nacimiento,Cajamarca
Rafael Hoyos Rubio,Ocupación,militar
Rafael Hoyos Rubio,Ciudadanía,Perú
Rafael Hoyos Rubio,Educado en,Escuela Militar de Chorrillos
Rafael Hoyos Rubio,Fecha de nacimiento,1924-01-01
Rafael Hoyos Rubio,Fecha de defunción,1981-01-01
José Antonio Chang,Lugar de nacimiento,Lima
José Antonio Chang,Ocupación,político
José Antonio Chang,Ciudadanía,Perú
José Antonio Chang,Educado en,Universidad Nacional Federico Villarreal
José Antonio Chang,Cargo,Presidente del Consejo de Ministros del Perú
José Antonio Chang,Premio recibido,Gran Cruz de la Orden El Sol del Perú
José Antonio Chang,Fecha de nacimiento,1958-05-19
Alejandro Toledo,Premio recibido,Grand Star of the Decoration for Services to the Republic of Austria
Valeria Silva,Lugar de nacimiento,Lima
Valeria Silva,Ocupación,nadador
Valeria Silva,Ciudadanía,Perú
Valeria Silva,Educado en,Universidad de Míchigan
Valeria Silva,Fecha de nacimiento,1985-09-04
Nicolás de Piérola,Lugar de nacimiento,Arequipa
Nicolás de Piérola,Ocupación,político
Nicolás de Piérola,Ciudadanía,Perú
Nicolás de Piérola,Cargo,Ministro de Economía y Finanzas del Perú
Nicolás de Piérola,Fecha de nacimiento,1839-01-05
Nicolás de Piérola,Fecha de defunción,1913-06-23
Manuel Candamo Iriarte,Lugar de nacimiento,Lima
Manuel Candamo Iriarte,Ocupación,empresario
Manuel Candamo Iriarte,Ciudadanía,Perú
Manuel Candamo Iriarte,Educado en,Universidad Nacional Mayor de San Marcos
Manuel Candamo Iriarte,Cargo,presidente del Perú
Manuel Candamo Iriarte,Fecha de nacimiento,1841-12-14
Manuel Candamo Iriarte,Fecha de defunción,1904-05-07
Manuel Candamo Iriarte,Ocupación,político
Alfonso Grados Bertorini,Lugar de nacimiento,Pisco
Alfonso Grados Bertorini,Ocupación,escritor
Alfonso Grados Bertorini,Ciudadanía,Perú
Alfonso Grados Bertorini,Educado en,Universidad Nacional Mayor de San Marcos
Alfonso Grados Bertorini,Cargo,Ministro de Trabajo y Promoción del Empleo del Perú
Alfonso Grados Bertorini,Premio recibido,Gran Cruz de la Orden El Sol del Perú
Alfonso Grados Bertorini,Fecha de nacimiento,1925-04-27
Alfonso Grados Bertorini,Fecha de defunción,2010-10-04
Alfonso Grados Bertorini,Ocupación,político
Alfonso Grados Bertorini,Ocupación,periodista
Alfonso Grados Bertorini,Cargo,congresista del Perú
Lina Medina,Lugar de nacimiento,Distrito de Ticrapo
Lina Medina,Ocupación,estenógrafo
Lina Medina,Ciudadanía,Perú
Lina Medina,Fecha de nacimiento,1933-09-23
Alejandro Toledo,Educado en,Universidad Stanford
Alejandro Toledo,Premio recibido,Gran Orden del rey Tomislav
Alejandro Toledo,Premio recibido,Caballero de Gran Cruz con collar de la Orden al Mérito de la República Italiana
Alejandro Toledo,Premio recibido,Gran Cruz de la Orden de San Carlos
Alejandro Toledo,Premio recibido,Orden del Mérito Nacional
Alejandro Toledo,Premio recibido,Collar de la Orden de Isabel la Católica
Alejandro Toledo,Educado en,Universidad de San Francisco
productor discográfico,instancia de,profesión musical
productor discográfico,subclase de,músico
productor discográfico,subclase de,productor
Orden El Sol del Perú,país,Perú
Orden El Sol del Perú,instancia de,orden estatal
Orden El Sol del Perú,fundador,José de San Martín
Orden El Sol del Perú,compuesto por,Comendador de la Orden del Sol del Perú
Orden El Sol del Perú,compuesto por,Gran Cruz de la Orden El Sol del Perú
Premio NightMoves,país,Estados Unidos
Premio NightMoves,ubicación,Área de la Bahía de Tampa
politólogo,instancia de,profesión
politólogo,subclase de,científico social
politólogo,ámbito de la ocupación,ciencia política
politólogo,ámbito de la ocupación,análisis político
Universidad Nacional de Trujillo,país,Perú
Universidad Nacional de Trujillo,instancia de,universidad
Universidad Nacional de Trujillo,instancia de,editor de acceso abierto
Universidad Nacional de Trujillo,fundador,Simón Bolívar
Universidad Nacional de Trujillo,situado en la entidad territorial administrativa,Trujillo
Universidad de Lima,país,Perú
Universidad de Lima,instancia de,universidad privada
Universidad de Lima,instancia de,editor de acceso abierto
Universidad de Lima,situado en la entidad territorial administrativa,Lima
Universidad de Lima,miembro de,Centro Interuniversitario de Desarrollo
Primera dama de Perú,país,Perú
Primera dama de Perú,instancia de,título
Primera dama de Perú,instancia de,cargo
Primera dama de Perú,residencia oficial,Palacio de Gobierno del Perú
Primera dama de Perú,subclase de,primera dama
Andahuaylas,país,Perú
Andahuaylas,instancia de,ciudad
Andahuaylas,situado en la entidad territorial administrativa,Andahuaylas
Andahuaylas,categoría principal del tema,Categoría:Andahuaylas
Andahuaylas,capital de,Andahuaylas
Santiago de Chuco,país,Perú
Santiago de Chuco,instancia de,ciudad
Santiago de Chuco,situado en la entidad territorial administrativa,Provincia de Santiago de Chuco
Santiago de Chuco,capital de,Distrito de Santiago de Chuco
Santiago de Chuco,capital de,Provincia de Santiago de Chuco
Los heraldos negros,instancia de,obra literaria
Los heraldos negros,autor,César Vallejo
Los heraldos negros,lugar de publicación,Lima
Los heraldos negros,idioma de la obra o del nombre,español
Los heraldos negros,país de origen,Perú
Universidad de Columbia,país,Estados Unidos
Universidad de Columbia,instancia de,universidad privada
Universidad de Columbia,instancia de,Colegios coloniales
Universidad de Columbia,instancia de,universidad de investigación
Universidad de Columbia,instancia de,institución educativa privada sin fines de lucro
Cabana,país,Perú
Cabana,instancia de,ciudad
Cabana,situado en la entidad territorial administrativa,Cabana
Cabana,capital de,Pallasca
Cabana,capital de,Cabana
conferenciante,instancia de,profesión
conferenciante,instancia de,cargo
conferenciante,subclase de,orador
conferenciante,se dice que es lo mismo que,orador
conferenciante,diferente de,conferencista
Stanford Graduate School of Education,país,Estados Unidos
Stanford Graduate School of Education,instancia de,organización
Stanford Graduate School of Education,instancia de,facultad universitaria
Stanford Graduate School of Education,instancia de,institución académica
Stanford Graduate School of Education,instancia de,escuela de postgrado
Dresde,jefe de gobierno,Dirk Hilbert
Dresde,país,Alemania
Dresde,instancia de,centro regional mayor
Dresde,instancia de,gran ciudad
Dresde,instancia de,municipio urbano de Alemania
matemático,lista de interés para el proyecto Wikimedia,Wikipedia:Lista de artículos que toda Wikipedia debería tener/Expandida
matemático,mantenido por el wikiproyecto,Wikiproyecto:Matemáticas
matemático,categoría que contiene subcategorías epónimas,Categoría:Categorías de matemáticos
matemático,instancia de,profesión
matemático,instancia de,ocupación
Alemania,miembro de,Organización para la Cooperación y el Desarrollo Económico
Alemania,miembro de,Organismo Internacional de Energía Atómica
Alemania,miembro de,Agencia Espacial Europea
Alemania,miembro de,Programa de exención de visa
Alemania,miembro de,Organización Internacional del Trabajo
Universidad Técnica de Dresde,país,Alemania
Universidad Técnica de Dresde,instancia de,organización
Universidad Técnica de Dresde,instancia de,universidad pública
Universidad Técnica de Dresde,instancia de,Fachhochschule
Universidad Técnica de Dresde,instancia de,universidad pública de investigación
Líneas de Nazca,país,Perú
Líneas de Nazca,instancia de,geoglifo
Líneas de Nazca,instancia de,yacimiento arqueológico
Líneas de Nazca,situado en la entidad territorial administrativa,Departamento de Ica
Líneas de Nazca,situado en la entidad territorial administrativa,Nasca
Universidad Nacional Federico Villarreal,país,Perú
Universidad Nacional Federico Villarreal,instancia de,universidad
Universidad Nacional Federico Villarreal,fundador,Javier Pulgar Vidal
Universidad Nacional Federico Villarreal,situado en la entidad territorial administrativa,Lima
Universidad Nacional Federico Villarreal,categoría principal del tema,Categoría:Universidad Nacional Federico Villarreal
nadador,instancia de,ocupación
nadador,subclase de,deportista
nadador,ámbito de la ocupación,natación
Universidad de Míchigan,país,Estados Unidos
Universidad de Míchigan,instancia de,institución educativa pública de los Estados Unidos
Universidad de Míchigan,instancia de,universidad pública de investigación
Universidad de Míchigan,fundador,Gabriel Richard
Universidad de Míchigan,situado en la entidad territorial administrativa,Ann Arbor
Ministro de Economía y Finanzas del Perú,país,Perú
Ministro de Economía y Finanzas del Perú,instancia de,cargo
Ministro de Economía y Finanzas del Perú,subclase de,ministro de finanzas
Ministro de Economía y Finanzas del Perú,forma parte de,Consejo de Ministros del Perú
Ministro de Economía y Finanzas del Perú,designado por,presidente del Perú
Ministro de Trabajo y Promoción del Empleo del Perú,país,Perú
Ministro de Trabajo y Promoción del Empleo del Perú,instancia de,cargo
Ministro de Trabajo y Promoción del Empleo del Perú,subclase de,ministro de Trabajo
Ministro de Trabajo y Promoción del Empleo del Perú,forma parte de,Consejo de Ministros del Perú
Ministro de Trabajo y Promoción del Empleo del Perú,categoría principal del tema,Categoría:Ministros de Trabajo y Promoción del Empleo de Perú
Distrito de Ticrapo,país,Perú
Distrito de Ticrapo,instancia de,distrito de Perú
Distrito de Ticrapo,capital,Ticrapo
Distrito de Ticrapo,comparte fronteras con,Distrito de Huancano
Distrito de Ticrapo,comparte fronteras con,Distrito de Castrovirreyna
estenógrafo,instancia de,profesión
estenógrafo,instancia de,cargo
estenógrafo,subclase de,auxiliar administrativo
estenógrafo,ámbito de la ocupación,taquigrafía
lingüista,instancia de,profesión
lingüista,instancia de,ocupación
lingüista,instancia de,profesión académica
lingüista,subclase de,filólogo
emperador,lista de interés para el proyecto Wikimedia,Wikipedia:Lista de artículos que toda Wikipedia debería tener/Expandida
José Luis Bustamante y Rivero,Lugar de nacimiento,Arequipa
José Luis Bustamante y Rivero,Ocupación,diplomático
José Luis Bustamante y Rivero,Ciudadanía,Perú
José Luis Bustamante y Rivero,Educado en,Universidad Nacional de San Antonio Abad del Cusco
José Luis Bustamante y Rivero,Empleador,Organización de las Naciones Unidas
José Luis Bustamante y Rivero,Cargo,ministro de Justicia y Derechos Humanos del Perú
José Luis Bustamante y Rivero,Premio recibido,Gran Cruz de la Orden de Carlos III
José Luis Bustamante y Rivero,Fecha de nacimiento,1894-01-15
José Luis Bustamante y Rivero,Fecha de defunción,1989-01-11
José Luis Bustamante y Rivero,Ocupación,profesor universitario
José Luis Bustamante y Rivero,Ocupación,juez
José Luis Bustamante y Rivero,Premio recibido,doctor honoris causa de la Universidad Nacional Mayor de San Marcos
José Luis Bustamante y Rivero,Ocupación,abogado
José Luis Bustamante y Rivero,Ocupación,político
José Luis Bustamante y Rivero,Educado en,Universidad Nacional de San Agustín de Arequipa
José Luis Bustamante y Rivero,Premio recibido,Orden de las Palmas Magisteriales
José Luis Bustamante y Rivero,Educado en,"Colegio San José, Arequipa, Peru"
José Luis Bustamante y Rivero,Cargo,presidente del Perú
José Luis Bustamante y Rivero,Cargo,senador de Perú
José Luis Bustamante y Rivero,Cargo,presidente de la Corte Internacional de Justicia
José Luis Bustamante y Rivero,Cargo,embajador de Perú en Uruguay
José Luis Bustamante y Rivero,Cargo,Juez de la Corte Internacional de Justicia
Gerardo Chávez,Lugar de nacimiento,Trujillo
Gerardo Chávez,Ocupación,artista
Gerardo Chávez,Ciudadanía,Perú
Gerardo Chávez,Educado en,Escuela Nacional Superior Autónoma de Bellas Artes del Perú
Gerardo Chávez,Premio recibido,Gran Oficial de la Orden El Sol del Perú
Gerardo Chávez,Fecha de nacimiento,1937-11-16
Gerardo Chávez,Fecha de defunción,2025-06-22
Gerardo Chávez,Ocupación,pintor
Valentín Paniagua,Lugar de nacimiento,Cusco
Valentín Paniagua,Ocupación,abogado
Valentín Paniagua,Ciudadanía,Perú
Valentín Paniagua,Educado en,Universidad Nacional Mayor de San Marcos
Valentín Paniagua,Cargo,ministro de Justicia y Derechos Humanos del Perú
Valentín Paniagua,Premio recibido,Orden al Mérito de Chile
Valentín Paniagua,Fecha de nacimiento,1936-09-23
Valentín Paniagua,Fecha de defunción,2006-10-16
Valentín Paniagua,Ocupación,político
Valentín Paniagua,Ocupación,jurista
Valentín Paniagua,Premio recibido,Orden de Mayo
Valentín Paniagua,Premio recibido,Orden de Boyacá
Valentín Paniagua,Premio recibido,Gran Cruz de la Orden del Cóndor de los Andes
Valentín Paniagua,Premio recibido,Gran Cruz de la Orden El Sol del Perú
Valentín Paniagua,Premio recibido,doctor honoris causa de la Universidad Nacional Mayor de San Marcos
Valentín Paniagua,Educado en,Universidad Nacional de San Antonio Abad del Cusco
Valentín Paniagua,Educado en,Colegio Salesiano del Cuzco
Valentín Paniagua,Cargo,presidente del Congreso de la República del Perú
Fernando Belaúnde Terry,Lugar de nacimiento,Lima
Fernando Belaúnde Terry,Ocupación,arquitecto
Fernando Belaúnde Terry,Ciudadanía,Perú
Fernando Belaúnde Terry,Educado en,Universidad de Miami
Fernando Belaúnde Terry,Empleador,Universidad Nacional de Ingeniería
Fernando Belaúnde Terry,Cargo,presidente del Perú
Fernando Belaúnde Terry,Premio recibido,Caballero de Gran Cruz con collar de la Orden al Mérito de la República Italiana
Fernando Belaúnde Terry,Fecha de nacimiento,1912-10-07
Fernando Belaúnde Terry,Fecha de defunción,2002-06-04
Fernando Belaúnde Terry,Ocupación,político
Fernando Belaúnde Terry,Ocupación,profesor universitario
Fernando Belaúnde Terry,Premio recibido,Gran Cruz de la Orden de Carlos III
Fernando Belaúnde Terry,Premio recibido,Gran Cruz con Diamantes de la Orden del Sol del Perú
Fernando Belaúnde Terry,Premio recibido,honorary doctor of the University of Miami
Fernando Belaúnde Terry,Educado en,Colegio Alexander von Humboldt
Fernando Belaúnde Terry,Educado en,Universidad Nacional de Ingeniería
Fernando Belaúnde Terry,Cargo,diputado de Perú
Fernando Belaúnde Terry,Cargo,senador de Perú
Manuel Prado Ugarteche,Lugar de nacimiento,Lima
Manuel Prado Ugarteche,Ocupación,político
Manuel Prado Ugarteche,Ciudadanía,Perú
Manuel Prado Ugarteche,Educado en,Universidad Nacional Mayor de San Marcos
Manuel Prado Ugarteche,Cargo,presidente del Perú
Manuel Prado Ugarteche,Premio recibido,Caballero de Gran Cruz con collar de la Orden al Mérito de la República Italiana
Manuel Prado Ugarteche,Fecha de nacimiento,1889-04-21
Manuel Prado Ugarteche,Fecha de defunción,1967-08-15
Manuel Prado Ugarteche,Ocupación,matemático
Manuel Prado Ugarteche,Ocupación,banquero
Manuel Prado Ugarteche,Ocupación,profesor universitario
Manuel Prado Ugarteche,Ocupación,ingeniero civil
Manuel Prado Ugarteche,Premio recibido,Collar de la Orden de Isabel la Católica
Manuel Prado Ugarteche,Educado en,Colegio de la Inmaculada
Manuel Prado Ugarteche,Premio recibido,"Gran Cruz, clase especial, del Mérito de La República Federal de Alemania"
Manuel Prado Ugarteche,Educado en,Universidad Nacional de Ingeniería
Manuel Prado Ugarteche,Cargo,diputado de Perú
Fernando Belaúnde Terry,Educado en,Universidad de Texas en Austin
Fernando Belaúnde Terry,Empleador,Pontificia Universidad Católica del Perú
Ricardo Pérez Godoy,Lugar de nacimiento,Lima
Ricardo Pérez Godoy,Ocupación,político
Ricardo Pérez Godoy,Ciudadanía,Perú
Ricardo Pérez Godoy,Educado en,Escuela Militar de Chorrillos
Ricardo Pérez Godoy,Cargo,presidente del Perú
Ricardo Pérez Godoy,Premio recibido,Gran Cruz de la Orden El Sol del Perú
Ricardo Pérez Godoy,Fecha de nacimiento,1905-06-09
Ricardo Pérez Godoy,Fecha de defunción,1982-07-27
Ricardo Pérez Godoy,Ocupación,oficial militar
Luis Miguel Sánchez Cerro,Lugar de nacimiento,Piura
Luis Miguel Sánchez Cerro,Ocupación,político
Luis Miguel Sánchez Cerro,Ciudadanía,Perú
Luis Miguel Sánchez Cerro,Cargo,presidente del Perú
Luis Miguel Sánchez Cerro,Premio recibido,Orden El Sol del Perú
Luis Miguel Sánchez Cerro,Fecha de nacimiento,1889-08-12
Luis Miguel Sánchez Cerro,Fecha de defunción,1933-04-30
Luis Miguel Sánchez Cerro,Ocupación,oficial militar
Valentín Paniagua,Cargo,Ministro de Educación del Perú
Valentín Paniagua,Cargo,congresista del Perú
Valentín Paniagua,Cargo,diputado de Perú
Valentín Paniagua,Cargo,presidente del Perú
Valentín Paniagua,Cargo,presidente de la Cámara de Diputados de Perú
Víctor Larco Herrera,Lugar de nacimiento,Trujillo
Víctor Larco Herrera,Ocupación,político
Víctor Larco Herrera,Ciudadanía,Perú
Víctor Larco Herrera,Cargo,alcalde de Trujillo
Víctor Larco Herrera,Fecha de nacimiento,1870-01-01
Víctor Larco Herrera,Fecha de defunción,1939-01-01
Víctor Larco Herrera,Fecha de defunción,1939-05-10
Adolfo Winternitz,Lugar de nacimiento,Viena
Adolfo Winternitz,Ocupación,pintor
Adolfo Winternitz,Ciudadanía,Austria
Adolfo Winternitz,Empleador,Pontificia Universidad Católica del Perú
Adolfo Winternitz,Premio recibido,Orden de las Palmas Magisteriales
Adolfo Winternitz,Fecha de nacimiento,1906-10-20
Adolfo Winternitz,Fecha de defunción,1993-06-17
Adolfo Winternitz,Ocupación,escultor
Adolfo Winternitz,Premio recibido,Comendador de la Orden del Sol del Perú
Adolfo Winternitz,Ciudadanía,Perú
Claudio Pizarro,Lugar de nacimiento,Callao
Claudio Pizarro,Ocupación,futbolista
Claudio Pizarro,Ciudadanía,Italia
Claudio Pizarro,Fecha de nacimiento,1978-10-03
Claudio Pizarro,Ciudadanía,Alemania
Claudio Pizarro,Ciudadanía,Perú
Junior Ross,Lugar de nacimiento,Callao
Junior Ross,Ocupación,entrenador
Junior Ross,Ciudadanía,Perú
Junior Ross,Fecha de nacimiento,1986-02-19
Junior Ross,Lugar de nacimiento,Bellavista
Junior Ross,Ocupación,futbolista
Nicolás Lindley,Lugar de nacimiento,Lima
Nicolás Lindley,Ocupación,político
Nicolás Lindley,Ciudadanía,Perú
Nicolás Lindley,Educado en,Escuela Militar de Chorrillos
Nicolás Lindley,Cargo,Presidente del Consejo de Ministros del Perú
Nicolás Lindley,Premio recibido,Caballero de la Orden Nacional de la Legión de Honor
Nicolás Lindley,Fecha de nacimiento,1908-11-16
Nicolás Lindley,Fecha de defunción,1995-02-03
Nicolás Lindley,Ocupación,oficial militar
Nicolás Lindley,Ocupación,diplomático
Nicolás Lindley,Premio recibido,comendador de la Legión al Mérito
Nicolás Lindley,Premio recibido,Gran Cruz de la Orden El Sol del Perú
Nicolás Lindley,Educado en,Colegio San Andrés
Nicolás Lindley,Cargo,presidente del Perú
Nicolás Lindley,Cargo,Comandante General del Ejército del Perú
Nicolás Lindley,Cargo,embajador de Perú en España
Francisco Morales Bermúdez,Lugar de nacimiento,Lima
Francisco Morales Bermúdez,Ocupación,político
Francisco Morales Bermúdez,Ciudadanía,Perú
Francisco Morales Bermúdez,Educado en,Escuela Militar de Chorrillos
Francisco Morales Bermúdez,Cargo,Presidente del Consejo de Ministros del Perú
Francisco Morales Bermúdez,Premio recibido,Collar de la Orden de Isabel la Católica
Francisco Morales Bermúdez,Fecha de nacimiento,1921-10-04
Francisco Morales Bermúdez,Fecha de defunción,2022-07-14
Francisco Morales Bermúdez,Ocupación,oficial militar
Francisco Morales Bermúdez,Premio recibido,Gran Cruz de la Orden El Sol del Perú
Francisco Morales Bermúdez,Cargo,Ministro de Economía y Finanzas del Perú
Francisco Morales Bermúdez,Cargo,presidente del Perú
Francisco Morales Bermúdez,Cargo,Comandante General del Ejército del Perú
Manuel Odría,Lugar de nacimiento,Tarma
Manuel Odría,Ocupación,político
Manuel Odría,Ciudadanía,Perú
Manuel Odría,Educado en,Universidad Nacional Mayor de San Marcos
Manuel Odría,Cargo,presidente del Perú
Manuel Odría,Premio recibido,Gran Cruz de la Orden de Carlos III
Manuel Odría,Fecha de nacimiento,1897-11-26
Manuel Odría,Fecha de defunción,1974-02-18
Manuel Odría,Cargo,ministro del Interior del Perú
Manuel Odría,Ocupación,oficial militar
Elexander Araujo,Lugar de nacimiento,Piura
Elexander Araujo,Ocupación,futbolista
Elexander Araujo,Ciudadanía,Perú
Elexander Araujo,Fecha de nacimiento,1981-01-16
Tongo,Lugar de nacimiento,El Tambo
Tongo,Ocupación,animador
Tongo,Ciudadanía,Perú
Tongo,Educado en,Colegio Nacional Pedro A. Labarthe
Tongo,Premio recibido,Play Button de Plata
Tongo,Fecha de nacimiento,1957-09-24
Tongo,Fecha de defunción,2023-03-10
Tongo,Ocupación,cantante
Tongo,Ocupación,cantautor
Tongo,Ocupación,compositor de canciones
Tongo,Ocupación,humorista
Tongo,Ocupación,youtuber
Tongo,Ocupación,tiktoker
Tongo,Premio recibido,Play Button de Oro
Deyair Reyes,Lugar de nacimiento,Lima
Deyair Reyes,Ocupación,futbolista
Deyair Reyes,Ciudadanía,Perú
Deyair Reyes,Empleador,Club Sporting Cristal
Deyair Reyes,Fecha de nacimiento,1992-03-04
Tarek Carranza,Lugar de nacimiento,Lima
Tarek Carranza,Ocupación,futbolista
Tarek Carranza,Ciudadanía,Perú
Tarek Carranza,Empleador,Club Sporting Cristal
Tarek Carranza,Fecha de nacimiento,1992-02-13
Tarek Carranza,Fecha de nacimiento,1992-05-24
Tarek Carranza,Empleador,Club Deportivo Sport Loreto
Óscar R. Benavides,Lugar de nacimiento,Lima
Óscar R. Benavides,Ocupación,diplomático
Óscar R. Benavides,Ciudadanía,Perú
Óscar R. Benavides,Cargo,presidente del Perú
Óscar R. Benavides,Premio recibido,Caballero de la Orden Nacional de la Legión de Honor
Óscar R. Benavides,Fecha de nacimiento,1876-03-15
Óscar R. Benavides,Fecha de defunción,1945-07-02
Óscar R. Benavides,Ocupación,político
Óscar R. Benavides,Premio recibido,Gran Cruz del Mérito Militar con distintivo blanco
Óscar R. Benavides,Ocupación,oficial militar
Manuel Odría,Premio recibido,"Gran Cruz, clase especial, del Mérito de La República Federal de Alemania"
Zenón Noriega,Lugar de nacimiento,Distrito de Jesús
Zenón Noriega,Ocupación,político
Zenón Noriega,Ciudadanía,Perú
Zenón Noriega,Educado en,Escuela Militar de Chorrillos
Zenón Noriega,Cargo,Presidente del Consejo de Ministros del Perú
Zenón Noriega,Fecha de nacimiento,1900-07-12
Zenón Noriega,Fecha de defunción,1957-05-07
Zenón Noriega,Ocupación,oficial militar
Zenón Noriega,Cargo,Vicepresidente del Perú
Zenón Noriega,Cargo,presidente del Perú
Zenón Noriega,Cargo,Ministro de Defensa del Perú
diplomático,instancia de,profesión
diplomático,instancia de,título corporativo
diplomático,subclase de,estadista
diplomático,subclase de,alto cargo
diplomático,ámbito de la ocupación,diplomacia
Organización de las Naciones Unidas,Estatuto de observador oficial en la organización,Organización Mundial de la Propiedad Intelectual
Organización de las Naciones Unidas,Estatuto de observador oficial en la organización,Organización Internacional para las Migraciones
Organización de las Naciones Unidas,Estatuto de observador oficial en la organización,Conferencia de Interacción y Medidas de Confianza en Asia
Organización de las Naciones Unidas,país,Estados Unidos
artista,instancia de,ocupación
artista,instancia de,profesión artística
artista,subclase de,creador
artista,santo patrón,Fra Angelico
Escuela Nacional Superior Autónoma de Bellas Artes del Perú,país,Perú
Escuela Nacional Superior Autónoma de Bellas Artes del Perú,instancia de,universidad
Escuela Nacional Superior Autónoma de Bellas Artes del Perú,instancia de,academia de bellas artes
Escuela Nacional Superior Autónoma de Bellas Artes del Perú,situado en la entidad territorial administrativa,Lima
Escuela Nacional Superior Autónoma de Bellas Artes del Perú,situado en la entidad territorial administrativa,Provincia de Lima
Gran Oficial de la Orden El Sol del Perú,país,Perú
Gran Oficial de la Orden El Sol del Perú,instancia de,grado de una orden
Gran Oficial de la Orden El Sol del Perú,subclase de,gran oficial
Gran Oficial de la Orden El Sol del Perú,forma parte de,Orden El Sol del Perú
Gran Oficial de la Orden El Sol del Perú,categoría para los galardonados con este premio,Categoría:Grandes oficiales de la Orden El Sol del Perú
ministro de Justicia y Derechos Humanos del Perú,país,Perú
ministro de Justicia y Derechos Humanos del Perú,instancia de,cargo
ministro de Justicia y Derechos Humanos del Perú,subclase de,ministro de Justicia
ministro de Justicia y Derechos Humanos del Perú,forma parte de,Consejo de Ministros del Perú
ministro de Justicia y Derechos Humanos del Perú,categoría principal del tema,Categoría:Ministros de Justicia de Perú
arquitecto,instancia de,profesión
arquitecto,instancia de,título corporativo
arquitecto,instancia de,ocupación
arquitecto,instancia de,grupo de ocupaciones de la CIUO
Universidad de Miami,financiador,Open Society Foundations
Universidad de Miami,calendario académico,semestre
Universidad de Miami,país,Estados Unidos
Universidad de Miami,instancia de,universidad
Universidad de Miami,instancia de,institución educativa privada sin fines de lucro
Piura,país,Perú
Piura,instancia de,ciudad
Piura,instancia de,gran ciudad
Piura,situado en la entidad territorial administrativa,Provincia de Piura
Piura,ciudad hermana,Oklahoma City
alcalde de Trujillo,país,Perú
alcalde de Trujillo,instancia de,cargo
alcalde de Trujillo,subclase de,alcalde
alcalde de Trujillo,categoría principal del tema,Categoría:Alcaldes de Trujillo
alcalde de Trujillo,aplica a la jurisdicción,Provincia de Trujillo
Viena,instancia de,capital federal
Viena,instancia de,estado de Austria
Viena,instancia de,ciudad estatutaria de Austria
Viena,instancia de,gemeinde de Austria
Viena,instancia de,distrito de Austria
Austria,forma parte de,Unión Europea
Austria,forma parte de,Espacio Económico Europeo
Austria,forma parte de,Europa Central
Austria,se encuentra en el huso horario,UTC+01:00
Austria,miembro de,Unión Europea
Bellavista,país,Perú
Bellavista,instancia de,ciudad
Bellavista,situado en la entidad territorial administrativa,Departamento de San Martín
Bellavista,capital de,Provincia de Bellavista
Bellavista,capital de,Distrito de Bellavista
Tarma,país,Perú
Tarma,instancia de,ciudad
Tarma,situado en la entidad territorial administrativa,Tarma
Tarma,categoría principal del tema,Categoría:Tarma
Tarma,capital de,Tarma
El Tambo,país,Perú
El Tambo,instancia de,distrito de Perú
El Tambo,capital,El Tambo
El Tambo,comparte fronteras con,Distrito de Pilcomayo
El Tambo,comparte fronteras con,Distrito de Comas
animador,instancia de,profesión
animador,instancia de,ocupación
animador,subclase de,artista escénico
animador,ámbito de la ocupación,entretenimiento
animador,se dice que es lo mismo que,artista escénico
Colegio Nacional Pedro A. Labarthe,país,Perú
Colegio Nacional Pedro A. Labarthe,instancia de,colegio emblemático
Colegio Nacional Pedro A. Labarthe,situado en la entidad territorial administrativa,Lima
Colegio Nacional Pedro A. Labarthe,nombrado en referencia a,Pedro Labarthe
Play Button de Plata,instancia de,categoría de un premio
Play Button de Plata,material empleado,carbono
Play Button de Plata,material empleado,níquel
Play Button de Plata,material empleado,zinc
Play Button de Plata,forma parte de,YouTube Play Button
Club Sporting Cristal,país,Perú
Club Sporting Cristal,instancia de,club de fútbol
Club Sporting Cristal,instancia de,club polideportivo
Club Sporting Cristal,fundador,Ricardo Bentín
Club Sporting Cristal,estadio,Estadio Alberto Gallardo
Caballero de la Orden Nacional de la Legión de Honor,país,Francia
Caballero de la Orden Nacional de la Legión de Honor,instancia de,grado de una orden
Caballero de la Orden Nacional de la Legión de Honor,subclase de,caballero
Caballero de la Orden Nacional de la Legión de Honor,forma parte de,Orden Nacional de la Legión de Honor
Distrito de Jesús,país,Perú
Distrito de Jesús,instancia de,distrito de Perú
Distrito de Jesús,capital,Jesús
Distrito de Jesús,comparte fronteras con,Distrito de Asunción
Distrito de Jesús,comparte fronteras con,Distrito de Cajamarca
guionista,ámbito de la ocupación,escritura de guiones
guionista,categoría principal del tema,Categoría:Guionistas
París,subdividido en (división administrativa),I Distrito de París
París,subdividido en (división administrativa),X Distrito de París
París,subdividido en (división administrativa),XI Distrito de París
París,subdividido en (división administrativa),XII Distrito de París
París,subdividido en (división administrativa),XIII Distrito de París
Alfredo Bryce Echenique,Lugar de nacimiento,Lima
Alfredo Bryce Echenique,Ocupación,escritor
Alfredo Bryce Echenique,Ciudadanía,Perú
Alfredo Bryce Echenique,Educado en,Universidad de París 8
Alfredo Bryce Echenique,Empleador,Universidad de París X Nanterre
Alfredo Bryce Echenique,Premio recibido,Premio Nacional de Narrativa
Alfredo Bryce Echenique,Fecha de nacimiento,1939-02-19
Alfredo Bryce Echenique,Ocupación,abogado
Alfredo Bryce Echenique,Ocupación,poeta abogado
Alfredo Bryce Echenique,Ocupación,novelista
Alfredo Bryce Echenique,Premio recibido,doctor honoris causa de la Universidad Nacional Mayor de San Marcos
Alfredo Bryce Echenique,Educado en,Facultad de Arte de París
Alfredo Bryce Echenique,Premio recibido,Beca Guggenheim
Alfredo Bryce Echenique,Premio recibido,Premio FIL de Literatura en Lenguas Romances
Alfredo Bryce Echenique,Premio recibido,Premio Planeta
Iván Miranda Chang,Lugar de nacimiento,Lima
Iván Miranda Chang,Ocupación,tenista
Iván Miranda Chang,Ciudadanía,Perú
Iván Miranda Chang,Fecha de nacimiento,1980-03-08
Jaime Bayly,Lugar de nacimiento,Lima
Jaime Bayly,Ocupación,escritor
Jaime Bayly,Ciudadanía,Estados Unidos
Jaime Bayly,Premio recibido,Premio San Clemente Rosalía-Abanca de novela española
Jaime Bayly,Fecha de nacimiento,1965-02-19
Jaime Bayly,Ocupación,presentador de televisión
Jaime Bayly,Ocupación,columnista
Jaime Bayly,Ocupación,periodista
Jaime Bayly,Ocupación,novelista
Jaime Bayly,Ocupación,actor de televisión
Jaime Bayly,Ocupación,youtuber
Jaime Bayly,Ciudadanía,Perú
Celso Garrido-Lecca,Lugar de nacimiento,Piura
Celso Garrido-Lecca,Ocupación,compositor
Celso Garrido-Lecca,Ciudadanía,Perú
Celso Garrido-Lecca,Educado en,Universidad de Chile
Celso Garrido-Lecca,Premio recibido,Beca Guggenheim
Celso Garrido-Lecca,Fecha de nacimiento,1926-03-09
Celso Garrido-Lecca,Fecha de defunción,2025-08-11
Celso Garrido-Lecca,Ocupación,profesor universitario
Celso Garrido-Lecca,Premio recibido,Premio Tomás Luis de Victoria
Celso Garrido-Lecca,Educado en,Conservatorio Nacional de Música
Jorge Eduardo Eielson,Lugar de nacimiento,Lima
Jorge Eduardo Eielson,Ocupación,artista
Jorge Eduardo Eielson,Ciudadanía,Perú
Jorge Eduardo Eielson,Educado en,Universidad Nacional Mayor de San Marcos
Jorge Eduardo Eielson,Premio recibido,Beca Guggenheim
Jorge Eduardo Eielson,Fecha de nacimiento,1924-04-13
Jorge Eduardo Eielson,Fecha de defunción,2006-03-08
Rinaldo Cruzado,Lugar de nacimiento,Lima
Rinaldo Cruzado,Ocupación,futbolista
Rinaldo Cruzado,Ciudadanía,Perú
Rinaldo Cruzado,Fecha de nacimiento,1984-09-21
Alonso Cueto,Lugar de nacimiento,Lima
Alonso Cueto,Ocupación,guionista
Alonso Cueto,Ciudadanía,Perú
Alonso Cueto,Educado en,Pontificia Universidad Católica del Perú
Alonso Cueto,Empleador,Pontificia Universidad Católica del Perú
Alonso Cueto,Premio recibido,Premio Anna Seghers
Alonso Cueto,Fecha de nacimiento,1954-04-30
Alonso Cueto,Ocupación,escritor
Alonso Cueto,Ocupación,profesor universitario
Alonso Cueto,Ocupación,periodista
Alonso Cueto,Ocupación,académico
Alonso Cueto,Ocupación,novelista
Alonso Cueto,Premio recibido,Beca Guggenheim
José Luis Granda Bravo,Lugar de nacimiento,Ica
José Luis Granda Bravo,Ocupación,futbolista
José Luis Granda Bravo,Ciudadanía,Perú
José Luis Granda Bravo,Fecha de nacimiento,1992-04-13
Roberto Jiménez Jiménez,Lugar de nacimiento,Piura
Roberto Jiménez Jiménez,Ocupación,entrenador
Roberto Jiménez Jiménez,Ciudadanía,Perú
Roberto Jiménez Jiménez,Fecha de nacimiento,1983-04-17
Roberto Jiménez Jiménez,Ocupación,futbolista
Julio Granda,Lugar de nacimiento,Camaná
Julio Granda,Ocupación,ajedrecista
Julio Granda,Ciudadanía,Perú
Julio Granda,Premio recibido,Laureles Deportivos del Perú
Julio Granda,Fecha de nacimiento,1967-02-25
Leao Butrón,Lugar de nacimiento,Lima
Leao Butrón,Ocupación,entrenador
Leao Butrón,Ciudadanía,Perú
Leao Butrón,Fecha de nacimiento,1977-03-06
Leao Butrón,Ocupación,futbolista
Orestes Rodríguez,Lugar de nacimiento,Lima
Orestes Rodríguez,Ocupación,ajedrecista
Orestes Rodríguez,Ciudadanía,España
Orestes Rodríguez,Fecha de nacimiento,1943-07-04
Orestes Rodríguez,Fecha de defunción,2024-11-17
Orestes Rodríguez,Ciudadanía,Perú
Claudia Zornoza,Lugar de nacimiento,Lima
Claudia Zornoza,Ocupación,badmintonista
Claudia Zornoza,Ciudadanía,Perú
Claudia Zornoza,Fecha de nacimiento,1990-02-12
Jorge Cori Tello,Lugar de nacimiento,Lima
Jorge Cori Tello,Ocupación,ajedrecista
Jorge Cori Tello,Ciudadanía,Perú
Jorge Cori Tello,Fecha de nacimiento,1995-07-30
José Watanabe,Lugar de nacimiento,Trujillo
José Watanabe,Ocupación,guionista
José Watanabe,Ciudadanía,Perú
José Watanabe,Educado en,Universidad Nacional Federico Villarreal
José Watanabe,Premio recibido,Premio El Poeta Joven del Perú
José Watanabe,Fecha de nacimiento,1945-03-17
José Watanabe,Fecha de defunción,2007-04-25
José Watanabe,Ocupación,poeta
José Watanabe,Premio recibido,Premio José Lezama Lima
Jaime Yzaga,Lugar de nacimiento,Lima
Jaime Yzaga,Ocupación,tenista
Jaime Yzaga,Ciudadanía,Perú
Jaime Yzaga,Fecha de nacimiento,1967-10-23
Jaime Yzaga,Ocupación,entrenador de tenis
Sergio Bambarén,Lugar de nacimiento,Lima
Sergio Bambarén,Ocupación,novelista
Sergio Bambarén,Ciudadanía,Perú
Sergio Bambarén,Educado en,Universidad de Texas A&M
Sergio Bambarén,Fecha de nacimiento,1960-12-01
Sergio Bambarén,Educado en,Colegio Markham
Manuel Ignacio de Vivanco,Lugar de nacimiento,Lima
Manuel Ignacio de Vivanco,Ocupación,político
Manuel Ignacio de Vivanco,Ciudadanía,Perú
Manuel Ignacio de Vivanco,Cargo,presidente del Perú
Manuel Ignacio de Vivanco,Fecha de nacimiento,1806-06-15
Manuel Ignacio de Vivanco,Fecha de defunción,1873-09-16
Manuel Ignacio de Vivanco,Ocupación,diplomático
Manuel Ignacio de Vivanco,Cargo,senador de Perú
Salomón Lerner Ghitis,Lugar de nacimiento,Lima
Salomón Lerner Ghitis,Ocupación,empresario
Salomón Lerner Ghitis,Ciudadanía,Perú
Salomón Lerner Ghitis,Educado en,Technion - Instituto Tecnológico de Israel
Salomón Lerner Ghitis,Cargo,Presidente del Consejo de Ministros del Perú
Salomón Lerner Ghitis,Fecha de nacimiento,1946-02-04
Salomón Lerner Ghitis,Ocupación,ingeniero
Salomón Lerner Ghitis,Ocupación,político
Salomón Lerner Ghitis,Educado en,Universidad Nacional de Ingeniería
Daniel Alomía Robles,Lugar de nacimiento,Huánuco
Daniel Alomía Robles,Ocupación,compositor
Daniel Alomía Robles,Ciudadanía,Perú
Daniel Alomía Robles,Educado en,Universidad Nacional Mayor de San Marcos
Daniel Alomía Robles,Obra notable,El cóndor pasa…
Daniel Alomía Robles,Fecha de nacimiento,1871-01-03
Daniel Alomía Robles,Fecha de defunción,1942-07-17
Daniel Alomía Robles,Ocupación,musicólogo
Daniel Alomía Robles,Ocupación,etnomusicólogo
Daniel Alomía Robles,Educado en,Colegio Nuestra Señora de Guadalupe
Alfredo Bryce Echenique,Educado en,Universidad Nacional Mayor de San Marcos
Universidad de París 8,país,Francia
Universidad de París 8,instancia de,EPSCP
Universidad de París 8,ubicación de la sede,Saint-Denis
Universidad de París X Nanterre,confiere,doctor honoris causa por la Universidad de París X Nanterre
Universidad de París X Nanterre,país,Francia
Universidad de París X Nanterre,instancia de,universidad en Francia
Universidad de París X Nanterre,ubicación de la sede,Nanterre
tenista,instancia de,profesión
tenista,subclase de,deportista
tenista,subclase de,jugador competitivo
tenista,ámbito de la ocupación,tenis
tenista,ámbito de la ocupación,tenis femenino
Premio San Clemente Rosalía-Abanca de novela española,país,España
Premio San Clemente Rosalía-Abanca de novela española,instancia de,premio literario
Premio San Clemente Rosalía-Abanca de novela española,nombrado en referencia a,Juan de Sanclemente Torquemada
Premio San Clemente Rosalía-Abanca de novela española,forma parte de,Premio San Clemente Rosalía-Abanca
Premio San Clemente Rosalía-Abanca de novela española,idioma de la obra o del nombre,español
Universidad de Chile,país,Chile
Universidad de Chile,instancia de,instituto de investigación
Universidad de Chile,instancia de,universidad pública
Universidad de Chile,instancia de,editor de acceso abierto
Universidad de Chile,fundador,Andrés Bello
Camaná,país,Perú
Camaná,instancia de,ciudad
Camaná,instancia de,asentamiento
Camaná,situado en la entidad territorial administrativa,Camaná
Camaná,capital de,Provincia de Camaná
entrenador de tenis,instancia de,profesión
entrenador de tenis,subclase de,entrenador
entrenador de tenis,ámbito de la ocupación,tenis
entrenador de tenis,deporte,tenis
entrenador de tenis,categoría principal del tema,Categoría:Entrenadores de tenis
novelista,instancia de,profesión
novelista,subclase de,escritor
novelista,ámbito de la ocupación,novela
novelista,ámbito de la ocupación,narrativa
novelista,categoría principal del tema,Categoría:Novelistas
Universidad de Texas A&M,país,Estados Unidos
Universidad de Texas A&M,instancia de,universidad
Universidad de Texas A&M,instancia de,Universidad de concesión de tierras
Universidad de Texas A&M,instancia de,institución educativa pública de los Estados Unidos
Technion - Instituto Tecnológico de Israel,país,Israel
Technion - Instituto Tecnológico de Israel,instancia de,universidad
Technion - Instituto Tecnológico de Israel,instancia de,editorial
Technion - Instituto Tecnológico de Israel,situado en la entidad territorial administrativa,Haifa
Technion - Instituto Tecnológico de Israel,ubicación de la sede,Haifa
Huánuco,país,Perú
Huánuco,instancia de,ciudad
Huánuco,instancia de,gran ciudad
Huánuco,situado en la entidad territorial administrativa,Departamento de Huánuco
Huánuco,situado cerca del cuerpo de agua,Huallaga
El cóndor pasa…,instancia de,obra dramático-musical
El cóndor pasa…,guionista,Julio Baudouin
El cóndor pasa…,música de,Daniel Alomía Robles
El cóndor pasa…,género,zarzuela
El cóndor pasa…,idioma de la obra o del nombre,español
Jorge Basadre,Lugar de nacimiento,Departamento de Tacna
Jorge Basadre,Ocupación,político
Jorge Basadre,Ciudadanía,Perú
Jorge Basadre,Educado en,Universidad Nacional Mayor de San Marcos
Jorge Basadre,Empleador,Biblioteca Nacional del Perú
Jorge Basadre,Obra notable,Historia de la República del Perú
Jorge Basadre,Cargo,Ministro de Educación del Perú
Jorge Basadre,Premio recibido,Orden de las Palmas Magisteriales
Jorge Basadre,Fecha de nacimiento,1903-02-12
Jorge Basadre,Fecha de defunción,1980-06-29
Jorge Basadre,Ocupación,bibliotecario
Jorge Basadre,Ocupación,historiador
Jorge Basadre,Premio recibido,Cruz federal de la República de Alemania al mérito
Jorge Basadre,Premio recibido,Gran Cruz de la Orden El Sol del Perú
Jorge Basadre,Ciudadanía,Chile
Jorge Basadre,Educado en,Colegio Alexander von Humboldt
Miguel Grau,Lugar de nacimiento,Piura
Miguel Grau,Ocupación,marino
Miguel Grau,Ciudadanía,Perú
Miguel Grau,Cargo,Comandante General de la Marina de Guerra del Perú
Miguel Grau,Fecha de nacimiento,1834-07-27
Miguel Grau,Fecha de defunción,1879-10-08
Miguel Grau,Ocupación,político
Miguel Grau,Cargo,diputado de Perú
Alberto Bustamante Belaúnde,Lugar de nacimiento,Arequipa
Alberto Bustamante Belaúnde,Ocupación,abogado
Alberto Bustamante Belaúnde,Ciudadanía,Perú
Alberto Bustamante Belaúnde,Educado en,Pontificia Universidad Católica del Perú
Alberto Bustamante Belaúnde,Empleador,Instituto Libertad y Democracia
Alberto Bustamante Belaúnde,Cargo,Presidente del Consejo de Ministros del Perú
Alberto Bustamante Belaúnde,Fecha de nacimiento,1950-09-12
Alberto Bustamante Belaúnde,Fecha de defunción,2008-02-07
Alberto Bustamante Belaúnde,Ocupación,político
Alberto Bustamante Belaúnde,Ocupación,funcionario
Alberto Bustamante Belaúnde,Educado en,Universidad de Wisconsin-Madison
Alberto Bustamante Belaúnde,Cargo,ministro de Justicia y Derechos Humanos del Perú
Jorge Pardón,Lugar de nacimiento,Arequipa
Jorge Pardón,Ocupación,entrenador
Jorge Pardón,Ciudadanía,Perú
Jorge Pardón,Fecha de nacimiento,1905-03-04
Jorge Pardón,Fecha de defunción,1977-12-19
Jorge Pardón,Ocupación,futbolista
Juan Francisco de Vidal La Hoz,Lugar de nacimiento,Supe
Juan Francisco de Vidal La Hoz,Ocupación,militar
Juan Francisco de Vidal La Hoz,Ciudadanía,Perú
Juan Francisco de Vidal La Hoz,Cargo,presidente del Perú
Juan Francisco de Vidal La Hoz,Fecha de nacimiento,1800-04-02
Juan Francisco de Vidal La Hoz,Fecha de defunción,1863-09-23
Juan Francisco de Vidal La Hoz,Ocupación,político
Juan Francisco de Vidal La Hoz,Cargo,diputado de Perú
Javier Del Río Alba,Lugar de nacimiento,Lima
Javier Del Río Alba,Ocupación,sacerdote católico
Javier Del Río Alba,Ciudadanía,Perú
Javier Del Río Alba,Educado en,Universidad Pontificia de Santo Tomás de Aquino
Javier Del Río Alba,Cargo,obispo auxiliar
Javier Del Río Alba,Fecha de nacimiento,1957-12-22
Javier Del Río Alba,Ocupación,obispo católico
Javier Del Río Alba,Educado en,Pontificia Universidad Gregoriana
Javier Del Río Alba,Cargo,obispo titular
Javier Del Río Alba,Cargo,Arzobispo de Arequipa
Javier Del Río Alba,Cargo,arzobispo coadjutor
José Carlos Fernández Piedra,Lugar de nacimiento,Trujillo
José Carlos Fernández Piedra,Ocupación,futbolista
José Carlos Fernández Piedra,Ciudadanía,Perú
José Carlos Fernández Piedra,Fecha de nacimiento,1983-05-14
Augusto Zúñiga,Lugar de nacimiento,Cajamarca
Augusto Zúñiga,Ocupación,abogado
Augusto Zúñiga,Ciudadanía,Perú
Augusto Zúñiga,Premio recibido,Premio Ludovic-Trarieux
Augusto Zúñiga,Fecha de nacimiento,1943-12-01
Augusto Zúñiga,Fecha de defunción,2005-05-18
Augusto Zúñiga,Ocupación,activista por los derechos humanos
Jenny de la Torre Castro,Lugar de nacimiento,Nazca
Jenny de la Torre Castro,Ocupación,cirujano
Jenny de la Torre Castro,Ciudadanía,Alemania
Jenny de la Torre Castro,Educado en,Universidad de Leipzig
Jenny de la Torre Castro,Premio recibido,Orden del Mérito de la República Federal de Alemania
Jenny de la Torre Castro,Fecha de nacimiento,1954-01-01
Jenny de la Torre Castro,Fecha de defunción,2025-06-10
Jenny de la Torre Castro,Ocupación,activista por los derechos humanos
Jenny de la Torre Castro,Premio recibido,Deutscher Stifterpreis
Jenny de la Torre Castro,Premio recibido,Louise-Schroeder-Medaille
Jenny de la Torre Castro,Ciudadanía,Perú
Jenny de la Torre Castro,Educado en,Universidad Nacional San Luis Gonzaga
Aurelio García y García,Lugar de nacimiento,Lima
Aurelio García y García,Ocupación,militar
Aurelio García y García,Ciudadanía,Perú
Aurelio García y García,Educado en,Universidad Nacional Mayor de San Marcos
Aurelio García y García,Cargo,Ministro de Relaciones Exteriores del Perú
Aurelio García y García,Fecha de nacimiento,1836-11-28
Aurelio García y García,Fecha de defunción,1888-06-25
Aurelio García y García,Ocupación,político
Aurelio García y García,Ocupación,diplomático
Julio César García Mezones,Lugar de nacimiento,Piura
Julio César García Mezones,Ocupación,futbolista
Julio César García Mezones,Ciudadanía,Perú
Julio César García Mezones,Fecha de nacimiento,1981-06-16
Bernie Paz,Lugar de nacimiento,Lima
Bernie Paz,Ocupación,actor
Bernie Paz,Ciudadanía,Perú
Bernie Paz,Fecha de nacimiento,1968-07-05
Bernie Paz,Ocupación,actor de televisión
Kerwin Peixoto,Lugar de nacimiento,Lima
Kerwin Peixoto,Ocupación,entrenador
Kerwin Peixoto,Ciudadanía,Perú
Kerwin Peixoto,Fecha de nacimiento,1988-02-21
Kerwin Peixoto,Ocupación,futbolista
Barton Zwiebach,Lugar de nacimiento,Lima
Barton Zwiebach,Ocupación,físico
Barton Zwiebach,Ciudadanía,Perú
Barton Zwiebach,Educado en,Instituto Tecnológico de Massachusetts
Barton Zwiebach,Empleador,Instituto Tecnológico de Massachusetts
Barton Zwiebach,Premio recibido,Beca Guggenheim
Barton Zwiebach,Fecha de nacimiento,1954-10-04
Barton Zwiebach,Ocupación,profesor universitario
Barton Zwiebach,Educado en,Instituto de Tecnología de California
Barton Zwiebach,Educado en,Universidad de California en Berkeley
Barton Zwiebach,Educado en,Universidad Nacional de Ingeniería
Barton Zwiebach,Empleador,Universidad de California en Berkeley
José Guillermo del Solar,Lugar de nacimiento,Lima
José Guillermo del Solar,Ocupación,entrenador
José Guillermo del Solar,Ciudadanía,Perú
José Guillermo del Solar,Fecha de nacimiento,1967-11-28
José Guillermo del Solar,Ocupación,futbolista
Alex Olmedo,Lugar de nacimiento,Arequipa
Alex Olmedo,Ocupación,tenista
Alex Olmedo,Ciudadanía,Estados Unidos
Alex Olmedo,Educado en,Universidad del Sur de California
Alex Olmedo,Premio recibido,Salón Internacional de la Fama del tenis
Alex Olmedo,Fecha de nacimiento,1936-03-24
Alex Olmedo,Fecha de defunción,2020-12-09
Alex Olmedo,Premio recibido,Laureles Deportivos del Perú
Alex Olmedo,Ciudadanía,Perú
Toribio Rodríguez de Mendoza,Lugar de nacimiento,Chachapoyas
Toribio Rodríguez de Mendoza,Ocupación,educador
Toribio Rodríguez de Mendoza,Ciudadanía,Perú
Toribio Rodríguez de Mendoza,Educado en,Universidad Nacional Mayor de San Marcos
Toribio Rodríguez de Mendoza,Fecha de nacimiento,1750-04-15
Toribio Rodríguez de Mendoza,Fecha de defunción,1825-01-01
Toribio Rodríguez de Mendoza,Ocupación,PER
Toribio Rodríguez de Mendoza,Ocupación,profesor universitario
Justiniano Borgoño,Lugar de nacimiento,Trujillo
Justiniano Borgoño,Ocupación,militar
Justiniano Borgoño,Ciudadanía,Perú
Justiniano Borgoño,Cargo,Presidente del Consejo de Ministros del Perú
Justiniano Borgoño,Fecha de nacimiento,1836-09-05
Justiniano Borgoño,Fecha de defunción,1921-01-27
Justiniano Borgoño,Ocupación,político
Óscar Valdés,Lugar de nacimiento,Lima
Óscar Valdés,Ocupación,empresario
Óscar Valdés,Ciudadanía,Perú
Óscar Valdés,Educado en,Escuela Militar de Chorrillos
Óscar Valdés,Cargo,Presidente del Consejo de Ministros del Perú
Óscar Valdés,Fecha de nacimiento,1949-04-03
Óscar Valdés,Ocupación,político
Óscar Valdés,Ocupación,oficial militar
Óscar Valdés,Educado en,Colegio de Comando y Estado Mayor General del Ejército de los Estados Unidos
Óscar Valdés,Cargo,ministro del Interior del Perú
Remigio Morales Bermúdez,Lugar de nacimiento,Pica
Remigio Morales Bermúdez,Ocupación,militar
Remigio Morales Bermúdez,Ciudadanía,Perú
Remigio Morales Bermúdez,Cargo,presidente del Perú
Remigio Morales Bermúdez,Fecha de nacimiento,1836-09-30
Remigio Morales Bermúdez,Fecha de defunción,1894-04-01
Remigio Morales Bermúdez,Ocupación,político
Jorge Basadre,Empleador,Pontificia Universidad Católica del Perú
Jorge Basadre,Empleador,Universidad Nacional Mayor de San Marcos
Departamento de Tacna,jefe de gobierno,Omar Jiménez
Departamento de Tacna,país,Perú
Departamento de Tacna,instancia de,departmento del Perú
Departamento de Tacna,capital,Tacna
Departamento de Tacna,comparte fronteras con,Región de Arica y Parinacota
Biblioteca Nacional del Perú,país,Perú
Biblioteca Nacional del Perú,instancia de,biblioteca nacional
Biblioteca Nacional del Perú,instancia de,organismo público ejecutor
Biblioteca Nacional del Perú,arquitecto,Michele Trefogli
Biblioteca Nacional del Perú,situado en la entidad territorial administrativa,Lima
marino,instancia de,profesión
marino,instancia de,ocupación marítima
marino,subclase de,tripulación de barco
marino,ámbito de la ocupación,navegación a vela
marino,ámbito de la ocupación,náutica
Comandante General de la Marina de Guerra del Perú,país,Perú
Comandante General de la Marina de Guerra del Perú,instancia de,cargo
Comandante General de la Marina de Guerra del Perú,instancia de,posición militar
Comandante General de la Marina de Guerra del Perú,subclase de,general en jefe
Comandante General de la Marina de Guerra del Perú,organización dirigida desde este cargo,Marina de Guerra del Perú
Instituto Libertad y Democracia,país,Perú
Instituto Libertad y Democracia,instancia de,think tank
Supe,país,Perú
Supe,instancia de,ciudad
Supe,situado en la entidad territorial administrativa,Distrito de Supe
Supe,capital de,Distrito de Supe
Universidad Pontificia de Santo Tomás de Aquino,país,Ciudad del Vaticano
Universidad Pontificia de Santo Tomás de Aquino,instancia de,universidad pontificia
Universidad Pontificia de Santo Tomás de Aquino,nombrado en referencia a,Tomás de Aquino
Universidad Pontificia de Santo Tomás de Aquino,ubicación de la sede,Roma
Universidad Pontificia de Santo Tomás de Aquino,miembro de,Unión Romana de Bibliotecas Eclesiásticas
Premio Ludovic-Trarieux,país,Francia
Premio Ludovic-Trarieux,instancia de,distinción
Premio Ludovic-Trarieux,nombrado en referencia a,Ludovic Trarieux
Nazca,país,Perú
Nazca,instancia de,ciudad
Nazca,situado en la entidad territorial administrativa,Nazca
Nazca,categoría principal del tema,Categoría:Nasca
Nazca,capital de,Nasca
cirujano,instancia de,grado académico
cirujano,instancia de,especialidad
cirujano,instancia de,cargo
cirujano,instancia de,disciplina académica
cirujano,instancia de,profesión medicina
Universidad de Leipzig,país,Alemania
Universidad de Leipzig,instancia de,universidad pública
Universidad de Leipzig,instancia de,Fachhochschule
Universidad de Leipzig,instancia de,editor de acceso abierto
Orden del Mérito de la República Federal de Alemania,país,Alemania
Orden del Mérito de la República Federal de Alemania,instancia de,orden de mérito
Orden del Mérito de la República Federal de Alemania,compuesto por,"Gran Cruz, clase especial, del Mérito de La República Federal de Alemania"
Orden del Mérito de la República Federal de Alemania,compuesto por,"Gran Cruz, edición especial, de la Orden del Mérito de la República Federal de Alemania"
Orden del Mérito de la República Federal de Alemania,compuesto por,Cruz federal de la República de Alemania al mérito
actor de televisión,instancia de,profesión
actor de televisión,subclase de,actor
actor de televisión,ámbito de la ocupación,actuación para la televisión
actor de televisión,categoría principal del tema,Categoría:Actores de televisión
físico,instancia de,profesión
físico,subclase de,científico físico
físico,ámbito de la ocupación,física
físico,categoría principal del tema,Categoría:Físicos
físico,diferente de,médico
Instituto Tecnológico de Massachusetts,país,Estados Unidos
Instituto Tecnológico de Massachusetts,instancia de,universidad
Instituto Tecnológico de Massachusetts,instancia de,universidad técnica
Instituto Tecnológico de Massachusetts,instancia de,instituto tecnológico
Salón Internacional de la Fama del tenis,categoría para los galardonados con este premio,Categoría:Miembros del Salón de la Fama del tenis
Salón Internacional de la Fama del tenis,acreditación,Alianza Americana de Museos
Salón Internacional de la Fama del tenis,categoría de miembros,Categoría:Miembros del Salón de la Fama del tenis
Salón Internacional de la Fama del tenis,país,Estados Unidos
Salón Internacional de la Fama del tenis,instancia de,organización sin fines de lucro
educador,instancia de,profesión
educador,subclase de,personal educativo
educador,subclase de,profesionales de la enseñanza
educador,ámbito de la ocupación,educación
educador,ámbito de la ocupación,enseñanza
Pica,país,Chile
Pica,instancia de,villa
Pica,instancia de,comuna de Chile
Pica,situado en la entidad territorial administrativa,Tamarugal
Belissa Andía Pérez,Lugar de nacimiento,Distrito de Atico
Belissa Andía Pérez,Ocupación,activista por los derechos humanos
Belissa Andía Pérez,Ciudadanía,Perú
Belissa Andía Pérez,Fecha de nacimiento,1953-07-07
Belissa Andía Pérez,Ocupación,ensayista
Belissa Andía Pérez,Ocupación,activista por los derechos de las personas transgénero
Christian Meier,Lugar de nacimiento,Lima
Christian Meier,Ocupación,guionista
Christian Meier,Ciudadanía,Perú
Christian Meier,Premio recibido,Premios Luces
Christian Meier,Fecha de nacimiento,1970-06-23
Christian Meier,Ocupación,actor
Christian Meier,Ocupación,compositor
Christian Meier,Ocupación,empresario
Christian Meier,Ocupación,cantante
Christian Meier,Ocupación,director de cine
Christian Meier,Ocupación,modelo
Christian Meier,Ocupación,actor de televisión
Javier de Belaunde Ruiz de Somocurcio,Lugar de nacimiento,Arequipa
Javier de Belaunde Ruiz de Somocurcio,Ocupación,abogado
Javier de Belaunde Ruiz de Somocurcio,Ciudadanía,Perú
Javier de Belaunde Ruiz de Somocurcio,Cargo,ministro de Justicia y Derechos Humanos del Perú
Javier de Belaunde Ruiz de Somocurcio,Fecha de nacimiento,1909-05-18
Javier de Belaunde Ruiz de Somocurcio,Fecha de defunción,2013-06-24
Javier de Belaunde Ruiz de Somocurcio,Ocupación,político
Javier de Belaunde Ruiz de Somocurcio,Cargo,diputado de Perú
Lizardo Montero Flores,Lugar de nacimiento,Ayabaca
Lizardo Montero Flores,Ocupación,militar
Lizardo Montero Flores,Ciudadanía,Perú
Lizardo Montero Flores,Cargo,Vicepresidente del Perú
Lizardo Montero Flores,Fecha de nacimiento,1832-05-27
Lizardo Montero Flores,Fecha de defunción,1905-02-05
Lizardo Montero Flores,Ocupación,político
Lizardo Montero Flores,Cargo,presidente del Perú
Lizardo Montero Flores,Cargo,alcalde de Lima
Felipe Santiago Salaverry,Lugar de nacimiento,Lima
Felipe Santiago Salaverry,Ocupación,militar
Felipe Santiago Salaverry,Ciudadanía,Perú
Felipe Santiago Salaverry,Educado en,Universidad Nacional Mayor de San Marcos
Felipe Santiago Salaverry,Fecha de nacimiento,1806-05-03
Felipe Santiago Salaverry,Fecha de defunción,1836-02-18
Felipe Santiago Salaverry,Ocupación,político
José Bernardo de Tagle,Lugar de nacimiento,Lima
José Bernardo de Tagle,Ocupación,político
José Bernardo de Tagle,Ciudadanía,España
José Bernardo de Tagle,Educado en,Convictorio de San Carlos
José Bernardo de Tagle,Cargo,alcalde de Lima
José Bernardo de Tagle,Fecha de nacimiento,1779-03-21
José Bernardo de Tagle,Fecha de defunción,1825-09-26
José Bernardo de Tagle,Ocupación,oficial militar
José Bernardo de Tagle,Ciudadanía,Perú
Antonio González,Lugar de nacimiento,Lima
Antonio González,Ocupación,entrenador
Antonio González,Ciudadanía,Perú
Antonio González,Fecha de nacimiento,1986-05-16
Antonio González,Ocupación,futbolista
Jean Deza,Lugar de nacimiento,Callao
Jean Deza,Ocupación,entrenador
Jean Deza,Ciudadanía,Perú
Jean Deza,Fecha de nacimiento,1993-06-09
Jean Deza,Ocupación,futbolista
César Orosco,Lugar de nacimiento,Lima
César Orosco,Ocupación,árbitro de fútbol
César Orosco,Ciudadanía,Perú
César Orosco,Fecha de nacimiento,1930-04-14
Diego Penny,Lugar de nacimiento,Lima
Diego Penny,Ocupación,entrenador
Diego Penny,Ciudadanía,Perú
Diego Penny,Fecha de nacimiento,1984-04-22
Diego Penny,Ocupación,futbolista
Renzo Revoredo,Lugar de nacimiento,Lima
Renzo Revoredo,Ocupación,futbolista
Renzo Revoredo,Ciudadanía,Perú
Renzo Revoredo,Fecha de nacimiento,1986-05-11
Rubén Toribio Díaz,Lugar de nacimiento,Lima
Rubén Toribio Díaz,Ocupación,entrenador
Rubén Toribio Díaz,Ciudadanía,Perú
Rubén Toribio Díaz,Fecha de nacimiento,1952-04-17
Rubén Toribio Díaz,Ocupación,futbolista
Demetrio Túpac Yupanqui,Lugar de nacimiento,Cusco
Demetrio Túpac Yupanqui,Ocupación,escritor
Demetrio Túpac Yupanqui,Ciudadanía,Perú
Demetrio Túpac Yupanqui,Educado en,Pontificia Universidad Católica del Perú
Demetrio Túpac Yupanqui,Fecha de nacimiento,1923-12-22
Demetrio Túpac Yupanqui,Fecha de defunción,2018-05-03
Demetrio Túpac Yupanqui,Ocupación,abogado
Demetrio Túpac Yupanqui,Ocupación,traductor
Demetrio Túpac Yupanqui,Ocupación,periodista
Demetrio Túpac Yupanqui,Ocupación,filósofo
Demetrio Túpac Yupanqui,Educado en,Universidad Nacional Mayor de San Marcos
Raúl Ruidíaz,Lugar de nacimiento,Lima
Raúl Ruidíaz,Ocupación,futbolista
Raúl Ruidíaz,Ciudadanía,Croacia
Raúl Ruidíaz,Fecha de nacimiento,1990-07-25
Raúl Ruidíaz,Ciudadanía,Perú
Roberto Palacios,Lugar de nacimiento,Lima
Roberto Palacios,Ocupación,futbolista
Roberto Palacios,Ciudadanía,Perú
Roberto Palacios,Fecha de nacimiento,1972-12-28
Juan Ossio,Lugar de nacimiento,Lima
Juan Ossio,Ocupación,político
Juan Ossio,Ciudadanía,Perú
Juan Ossio,Educado en,Universidad de Oxford
Juan Ossio,Empleador,Universidad Harvard
Juan Ossio,Cargo,Ministro de Cultura del Perú
Juan Ossio,Premio recibido,Beca Guggenheim
Juan Ossio,Fecha de nacimiento,1943-01-01
Juan Ossio,Ocupación,antropólogo
Juan Ossio,Educado en,Universidad Nacional Mayor de San Marcos
Juan Ossio,Empleador,Pontificia Universidad Católica del Perú
Dúber Zapata,Lugar de nacimiento,Zorritos
Dúber Zapata,Ocupación,futbolista
Dúber Zapata,Ciudadanía,Perú
Dúber Zapata,Fecha de nacimiento,1976-11-02
José Santos Chocano,Lugar de nacimiento,Lima
José Santos Chocano,Ocupación,escritor
José Santos Chocano,Ciudadanía,Perú
José Santos Chocano,Educado en,Universidad Nacional Mayor de San Marcos
José Santos Chocano,Fecha de nacimiento,1875-05-14
José Santos Chocano,Fecha de defunción,1934-12-13
José Santos Chocano,Ocupación,poeta
José Santos Chocano,Ocupación,cantante
José Santos Chocano,Ocupación,diplomático
José Santos Chocano,Ocupación,dramaturgo
José Santos Chocano,Ocupación,periodista
Doris Gibson,Lugar de nacimiento,Lima
Doris Gibson,Ocupación,periodista
Doris Gibson,Ciudadanía,Perú
Doris Gibson,Premio recibido,Gran Oficial de la Orden El Sol del Perú
Doris Gibson,Fecha de nacimiento,1910-04-28
Doris Gibson,Fecha de defunción,2008-08-23
Doris Gibson,Premio recibido,Orden al Mérito de la Mujer
Fernando Torres y Portugal,Lugar de nacimiento,Jaén
Fernando Torres y Portugal,Ocupación,político
Fernando Torres y Portugal,Ciudadanía,España
Fernando Torres y Portugal,Cargo,virrey del Perú
Fernando Torres y Portugal,Fecha de nacimiento,1600-01-01
Fernando Torres y Portugal,Fecha de defunción,1592-10-18
Fernando Torres y Portugal,Ciudadanía,Perú
Distrito de Atico,país,Perú
Distrito de Atico,instancia de,distrito de Perú
Distrito de Atico,capital,Atico
Distrito de Atico,comparte fronteras con,Distrito de Cahuacho
Distrito de Atico,comparte fronteras con,Distrito de Chaparra
activista por los derechos humanos,instancia de,ocupación
activista por los derechos humanos,subclase de,activista político
activista por los derechos humanos,categoría principal del tema,Categoría:Activistas por los derechos humanos
activista por los derechos humanos,lista de interés para el proyecto Wikimedia,Wikiproyecto:Derechos humanos
ensayista,instancia de,profesión
ensayista,subclase de,prosista
ensayista,ámbito de la ocupación,ensayo
ensayista,ámbito de la ocupación,escritura narrativa
ensayista,categoría principal del tema,Categoría:Ensayistas
Premios Luces,país,Perú
Premios Luces,instancia de,distinción
Premios Luces,instancia de,grupo de premios
Premios Luces,conferido por,El Comercio
Premios Luces,categoría para los galardonados con este premio,Categoría:Ganadores del premio Luces
Convictorio de San Carlos,país,Perú
Convictorio de San Carlos,instancia de,colegio mayor
Croacia,forma parte de,Unión Europea
Croacia,forma parte de,eurozona
Croacia,forma parte de,Europa del Sur
Croacia,forma parte de,espacio Schengen
Universidad de Oxford,situado en la entidad territorial administrativa,Oxford
Universidad de Oxford,ubicación de la sede,Oxford
Universidad de Oxford,escudo de armas,escudo de la Universidad de Oxford
Universidad de Oxford,ubicación,Oxfordshire
Universidad de Oxford,ubicación,Oxford
Universidad Harvard,filial,Escuela de Medicina Harvard
Universidad Harvard,filial,Escuela de Derecho Harvard
Universidad Harvard,filial,Escuela de Negocios Harvard
Universidad Harvard,filial,Escuela de Gobierno John F. Kennedy
Zorritos,país,Perú
Zorritos,instancia de,ciudad
Zorritos,instancia de,balneario
Zorritos,instancia de,ciudad balneario
Zorritos,situado en la entidad territorial administrativa,Departamento de Tumbes
Jaén,jefe de gobierno,Julio Millán Muñoz
Jaén,país,España
Jaén,continente,Europa
Jaén,instancia de,municipio de España
Jaén,capital,Ciudad de Jaén
Organización de las Naciones Unidas,objetivo del proyecto o de la acción,paz
Organización de las Naciones Unidas,objetivo del proyecto o de la acción,donación
Organización de las Naciones Unidas,secretario general,António Guterres
Organización de las Naciones Unidas,categoría para empleados de la organización,Categoría:Directivos de la Organización de las Naciones Unidas
banquero,instancia de,profesión
banquero,instancia de,ocupación
banquero,subclase de,empresario
banquero,santo patrón,San Mateo
oficial militar,instancia de,rango militar
oficial militar,instancia de,profesión militar
oficial militar,subclase de,militar
oficial militar,subclase de,oficial
oficial militar,opuesto a,personal militar alistado
Gran Cruz del Mérito Militar con distintivo blanco,país,España
Gran Cruz del Mérito Militar con distintivo blanco,instancia de,grado de una orden
Gran Cruz del Mérito Militar con distintivo blanco,subclase de,Gran Cruz
Luis Sánchez Moreno Lira,Lugar de nacimiento,Arequipa
Luis Sánchez Moreno Lira,Ocupación,abogado
Luis Sánchez Moreno Lira,Ciudadanía,Perú
Luis Sánchez Moreno Lira,Educado en,Universidad Nacional de San Agustín de Arequipa
Luis Sánchez Moreno Lira,Miembro de,Sociedad Sacerdotal de la Santa Cruz
Luis Sánchez Moreno Lira,Cargo,obispo auxiliar
Luis Sánchez Moreno Lira,Fecha de nacimiento,1925-11-12
Luis Sánchez Moreno Lira,Fecha de defunción,2009-09-28
Luis Sánchez Moreno Lira,Ocupación,sacerdote católico
Luis Sánchez Moreno Lira,Ocupación,obispo católico
Luis Sánchez Moreno Lira,Educado en,Universidad Pontificia de Santo Tomás de Aquino
Luis Sánchez Moreno Lira,Miembro de,Opus Dei
Luis Sánchez Moreno Lira,Cargo,obispo titular
Luis Sánchez Moreno Lira,Educado en,Universidad de Madrid
Luis Sánchez Moreno Lira,Cargo,Arzobispo de Arequipa
Juan Manuel Guillén,Lugar de nacimiento,Arequipa
Juan Manuel Guillén,Ocupación,político
Juan Manuel Guillén,Ciudadanía,Perú
Juan Manuel Guillén,Educado en,Universidad Nacional de San Agustín de Arequipa
Juan Manuel Guillén,Cargo,gobernador regional de Arequipa
Juan Manuel Guillén,Fecha de nacimiento,1941-11-24
Juan Manuel Guillén,Ocupación,filósofo
Manuel Márquez Sterling,Lugar de nacimiento,Lima
Manuel Márquez Sterling,Ocupación,político
Manuel Márquez Sterling,Ciudadanía,Cuba
Manuel Márquez Sterling,Cargo,embajador de Cuba
Manuel Márquez Sterling,Fecha de nacimiento,1872-08-28
Manuel Márquez Sterling,Fecha de defunción,1934-12-09
Manuel Márquez Sterling,Ocupación,diplomático
Manuel Márquez Sterling,Ocupación,periodista
Manuel Márquez Sterling,Ocupación,ajedrecista
Manuel Márquez Sterling,Ciudadanía,Perú
Manuel Márquez Sterling,Cargo,embajador de Cuba en Perú
Manuel Márquez Sterling,Cargo,embajador de Cuba en México
Miguel Villalta,Lugar de nacimiento,Distrito de Surco
Miguel Villalta,Ocupación,entrenador
Miguel Villalta,Ciudadanía,Perú
Miguel Villalta,Fecha de nacimiento,1981-06-16
Miguel Villalta,Ocupación,futbolista
Iván Bulos,Lugar de nacimiento,Lima
Iván Bulos,Ocupación,futbolista
Iván Bulos,Ciudadanía,Perú
Iván Bulos,Fecha de nacimiento,1993-05-20
Luis Trujillo,Lugar de nacimiento,Talara
Luis Trujillo,Ocupación,entrenador
Luis Trujillo,Ciudadanía,Perú
Luis Trujillo,Fecha de nacimiento,1990-12-27
Luis Trujillo,Ocupación,futbolista
Julio Rivera,Lugar de nacimiento,Lima
Julio Rivera,Ocupación,futbolista
Julio Rivera,Ciudadanía,Perú
Julio Rivera,Fecha de nacimiento,1967-04-12
Exar Rosales,Lugar de nacimiento,Lima
Exar Rosales,Ocupación,entrenador
Exar Rosales,Ciudadanía,Perú
Exar Rosales,Fecha de nacimiento,1984-05-20
Exar Rosales,Ocupación,futbolista
Nicole Faverón,Lugar de nacimiento,Lima
Nicole Faverón,Ocupación,modelo
Nicole Faverón,Ciudadanía,Perú
Nicole Faverón,Fecha de nacimiento,1988-02-24
Nicole Faverón,Ocupación,participante en concursos de belleza
Lucha Reyes,Lugar de nacimiento,Lima
Lucha Reyes,Ocupación,cantante
Lucha Reyes,Ciudadanía,Perú
Lucha Reyes,Fecha de nacimiento,1936-07-19
Lucha Reyes,Fecha de defunción,1973-10-31
Lucha Reyes,Ocupación,músico
Claudia Hernández,Lugar de nacimiento,Lima
Claudia Hernández,Ocupación,empresario
Claudia Hernández,Ciudadanía,Perú
Claudia Hernández,Educado en,Universidad San Ignacio de Loyola
Claudia Hernández,Fecha de nacimiento,1981-01-01
Claudia Hernández,Ocupación,modelo
Claudia Hernández,Ocupación,participante en concursos de belleza
Edith Noeding,Lugar de nacimiento,Distrito de Lobitos
Edith Noeding,Ocupación,atleta
Edith Noeding,Ciudadanía,Perú
Edith Noeding,Premio recibido,Laureles Deportivos del Perú
Edith Noeding,Fecha de nacimiento,1954-11-03
Ruth Shady,Lugar de nacimiento,Callao
Ruth Shady,Ocupación,profesor universitario
Ruth Shady,Ciudadanía,Perú
Ruth Shady,Educado en,Universidad Nacional Mayor de San Marcos
Ruth Shady,Empleador,Universidad Nacional Mayor de San Marcos
Ruth Shady,Premio recibido,Premios L'Oréal UNESCO para las Mujeres en Ciencia
Ruth Shady,Fecha de nacimiento,1946-12-29
Ruth Shady,Ocupación,arqueólogo
Ruth Shady,Ocupación,antropólogo
Ruth Shady,Premio recibido,Orden al Mérito por Servicios Distinguidos
Ruth Shady,Premio recibido,100 Mujeres de la BBC
Ruth Shady,Educado en,Institución Educativa Juana Alarco de Dammert
Lorena Blanco,Ocupación,badmintonista
Lorena Blanco,Ciudadanía,Perú
Lorena Blanco,Premio recibido,campeón nacional
Lorena Blanco,Fecha de nacimiento,1977-07-22
Lorena Blanco,Ocupación,deportista olímpico
Lorena Blanco,Premio recibido,South American champion
Karina Jordán,Lugar de nacimiento,Lima
Karina Jordán,Ocupación,actor de teatro
Karina Jordán,Ciudadanía,Perú
Karina Jordán,Educado en,Teatro de la Universidad Católica
Karina Jordán,Fecha de nacimiento,1985-12-18
Karina Jordán,Educado en,Colegio Sagrados Corazones Belén
Rafael Larco Hoyle,Lugar de nacimiento,Trujillo
Rafael Larco Hoyle,Ocupación,escritor
Rafael Larco Hoyle,Ciudadanía,Perú
Rafael Larco Hoyle,Educado en,Universidad Cornell
Rafael Larco Hoyle,Fecha de nacimiento,1901-05-18
Rafael Larco Hoyle,Fecha de defunción,1966-10-23
Rafael Larco Hoyle,Ocupación,empresario
Rafael Larco Hoyle,Ocupación,arqueólogo
Rafael Larco Hoyle,Ocupación,antropólogo
Rafael Larco Hoyle,Educado en,Universidad de Nueva York
Betty Missiego,Lugar de nacimiento,Lima
Betty Missiego,Ocupación,cantante
Betty Missiego,Ciudadanía,España
Betty Missiego,Fecha de nacimiento,1938-01-16
Betty Missiego,Ocupación,bailarín de ballet
Betty Missiego,Ciudadanía,Perú
Carlos Zambrano,Lugar de nacimiento,Callao
Carlos Zambrano,Ocupación,futbolista
Carlos Zambrano,Ciudadanía,Perú
Carlos Zambrano,Fecha de nacimiento,1989-07-10
Gladys Tejeda,Lugar de nacimiento,Jauja
Gladys Tejeda,Ocupación,profesor
Gladys Tejeda,Ciudadanía,Perú
Gladys Tejeda,Educado en,Universidad Nacional Mayor de San Marcos
Gladys Tejeda,Fecha de nacimiento,1985-09-30
Gladys Tejeda,Ocupación,maratonista
Hervé Kambou,Lugar de nacimiento,Abiyán
Hervé Kambou,Ocupación,futbolista
Hervé Kambou,Ciudadanía,Perú
Hervé Kambou,Fecha de nacimiento,1985-05-01
Hervé Kambou,Fecha de nacimiento,1986-05-21
Hervé Kambou,Ciudadanía,Costa de Marfil
Sociedad Sacerdotal de la Santa Cruz,instancia de,instituto religioso
Sociedad Sacerdotal de la Santa Cruz,instancia de,sindiaconía
Sociedad Sacerdotal de la Santa Cruz,instancia de,asociación clerical pública
Sociedad Sacerdotal de la Santa Cruz,fundador,Josemaría Escrivá de Balaguer
Sociedad Sacerdotal de la Santa Cruz,forma parte de,Opus Dei
gobernador regional de Arequipa,país,Perú
gobernador regional de Arequipa,instancia de,cargo
gobernador regional de Arequipa,subclase de,gobernador
gobernador regional de Arequipa,aplica a la jurisdicción,Departamento de Arequipa
embajador de Cuba,país,Cuba
embajador de Cuba,instancia de,clase de embajadores de un país
embajador de Cuba,subclase de,embajador de un país
embajador de Cuba,opuesto a,embajador en Cuba
embajador de Cuba,categoría principal del tema,Categoría:Embajadores de Cuba
Distrito de Surco,país,Perú
Distrito de Surco,instancia de,distrito de Perú
Distrito de Surco,comparte fronteras con,Distrito de San Damián
Distrito de Surco,comparte fronteras con,Distrito de San Andrés de Tupicocha
Distrito de Surco,comparte fronteras con,Distrito de San Bartolomé
Universidad San Ignacio de Loyola,país,Perú
Universidad San Ignacio de Loyola,instancia de,universidad
Universidad San Ignacio de Loyola,instancia de,editor de acceso abierto
Universidad San Ignacio de Loyola,fundador,Raúl Diez Canseco Terry
Universidad San Ignacio de Loyola,situado en la entidad territorial administrativa,Lima
Distrito de Lobitos,país,Perú
Distrito de Lobitos,instancia de,distrito de Perú
Distrito de Lobitos,capital,Lobitos
Distrito de Lobitos,comparte fronteras con,Distrito de El Alto
Distrito de Lobitos,comparte fronteras con,Pariñas
deportista olímpico,instancia de,profesión
deportista olímpico,instancia de,ocupación
deportista olímpico,subclase de,deportista
deportista olímpico,subclase de,competidor
deportista olímpico,ámbito de la ocupación,deporte olímpico
actor de teatro,instancia de,oficio del teatro
actor de teatro,subclase de,actor
actor de teatro,ámbito de la ocupación,teatro
Teatro de la Universidad Católica,país,Perú
Teatro de la Universidad Católica,instancia de,escuela de arte dramático
Teatro de la Universidad Católica,forma parte de,Pontificia Universidad Católica del Perú
bailarín de ballet,instancia de,profesión
bailarín de ballet,género,ballet
bailarín de ballet,subclase de,bailarín
bailarín de ballet,ámbito de la ocupación,ballet
bailarín de ballet,categoría principal del tema,Categoría:Bailarines de ballet
Jauja,país,Perú
Jauja,instancia de,ciudad
Jauja,situado en la entidad territorial administrativa,Jauja
Jauja,categoría principal del tema,Categoría:Jauja
Jauja,capital de,Jauja
Abiyán,país,Costa de Marfil
Abiyán,continente,África
Abiyán,instancia de,ciudad
Abiyán,instancia de,asentamiento
Abiyán,instancia de,gran ciudad
Clorinda Matto de Turner,Lugar de nacimiento,Coya
Clorinda Matto de Turner,Ocupación,escritor
Clorinda Matto de Turner,Ciudadanía,Perú
Clorinda Matto de Turner,Educado en,Colegio Educandas
Clorinda Matto de Turner,Empleador,Búcaro Americano
Clorinda Matto de Turner,Fecha de nacimiento,1854-11-11
Clorinda Matto de Turner,Fecha de defunción,1909-10-25
Clorinda Matto de Turner,Ocupación,dramaturgo
Clorinda Matto de Turner,Ocupación,traductor
Clorinda Matto de Turner,Ocupación,periodista
Clorinda Matto de Turner,Ocupación,novelista
Clorinda Matto de Turner,Ocupación,ensayista
Beatriz Merino,Lugar de nacimiento,Lima
Beatriz Merino,Ocupación,abogado
Beatriz Merino,Ciudadanía,Perú
Beatriz Merino,Educado en,Escuela de Derecho Harvard
Beatriz Merino,Empleador,Banco Mundial
Beatriz Merino,Miembro de,Comisión de Estudio de las Bases de la Reforma Constitucional del Perú
Beatriz Merino,Cargo,Presidente del Consejo de Ministros del Perú
Beatriz Merino,Premio recibido,Gran Cruz de la Orden El Sol del Perú
Beatriz Merino,Fecha de nacimiento,1947-11-15
Beatriz Merino,Ocupación,político
Beatriz Merino,Ocupación,profesor universitario
Beatriz Merino,Educado en,Escuela de Economía y Ciencia Política de Londres
Beatriz Merino,Educado en,Universidad Nacional Mayor de San Marcos
Beatriz Merino,Empleador,Universidad César Vallejo
Beatriz Merino,Empleador,Superintendencia Nacional de Aduanas y de Administración Tributaria
Beatriz Merino,Cargo,congresista del Perú
Beatriz Merino,Cargo,senador de Perú
Beatriz Merino,Cargo,Defensor del Pueblo
Daniel Alarcón,Lugar de nacimiento,Lima
Daniel Alarcón,Ocupación,escritor
Daniel Alarcón,Ciudadanía,Estados Unidos
Daniel Alarcón,Educado en,Universidad de Columbia
Daniel Alarcón,Miembro de,Academia Estadounidense de las Artes y las Ciencias
Daniel Alarcón,Premio recibido,Beca Guggenheim
Daniel Alarcón,Fecha de nacimiento,1977-03-05
Daniel Alarcón,Ocupación,periodista
Daniel Alarcón,Ocupación,antropólogo
Daniel Alarcón,Ocupación,novelista
Daniel Alarcón,Premio recibido,Beca MacArthur
Daniel Alarcón,Premio recibido,Miembro de la Academia Estadounidense de las Artes y las Ciencias
Daniel Alarcón,Ciudadanía,Perú
Daniel Alarcón,Educado en,Indian Springs School
Andrés de Santa Cruz,Lugar de nacimiento,La Paz
Andrés de Santa Cruz,Ocupación,diplomático
Andrés de Santa Cruz,Ciudadanía,Confederación Perú-Boliviana
Andrés de Santa Cruz,Cargo,Protector de la Confederación Perú-Boliviana
Andrés de Santa Cruz,Fecha de nacimiento,1792-12-05
Andrés de Santa Cruz,Fecha de defunción,1865-09-25
Andrés de Santa Cruz,Ocupación,comandante militar
Ciro Alegría,Lugar de nacimiento,Distrito de Sartimbamba
Ciro Alegría,Ocupación,escritor
Ciro Alegría,Ciudadanía,Perú
Ciro Alegría,Educado en,Universidad Nacional de Trujillo
Ciro Alegría,Obra notable,La serpiente de oro
Ciro Alegría,Cargo,diputado de Perú
Ciro Alegría,Fecha de nacimiento,1909-11-04
Ciro Alegría,Fecha de defunción,1967-02-17
Ciro Alegría,Ocupación,poeta
Ciro Alegría,Ocupación,político
Ciro Alegría,Ocupación,traductor
Ciro Alegría,Ocupación,profesor universitario
Ciro Alegría,Ocupación,periodista
Ciro Alegría,Ocupación,novelista
Ciro Alegría,Ocupación,escritor de cuentos
Ciro Alegría,Obra notable,El mundo es ancho y ajeno
Yehude Simon,Lugar de nacimiento,Lima
Yehude Simon,Ocupación,político
Yehude Simon,Ciudadanía,Perú
Yehude Simon,Educado en,Universidad Nacional Pedro Ruiz Gallo
Yehude Simon,Cargo,Presidente del Consejo de Ministros del Perú
Yehude Simon,Premio recibido,Gran Cruz de la Orden de Isabel la Católica
Yehude Simon,Fecha de nacimiento,1947-07-18
Yehude Simon,Ocupación,sociólogo
Yehude Simon,Cargo,congresista del Perú
Yehude Simon,Cargo,diputado de Perú
Yehude Simon,Cargo,gobernador regional de Lambayeque
Anderson Cueto,Lugar de nacimiento,Lima
Anderson Cueto,Ocupación,entrenador
Anderson Cueto,Ciudadanía,Perú
Anderson Cueto,Fecha de nacimiento,1989-05-29
Anderson Cueto,Ocupación,futbolista
Vicky Peláez,Lugar de nacimiento,Departamento de Cusco
Vicky Peláez,Ocupación,periodista
Vicky Peláez,Ciudadanía,Perú
Vicky Peláez,Educado en,Universidad Nacional Mayor de San Marcos
Vicky Peláez,Fecha de nacimiento,1956-01-01
Vicky Peláez,Ocupación,espía
Vicky Peláez,Ocupación,unregistered foreign agent
Magaly Solier,Lugar de nacimiento,Huanta
Magaly Solier,Ocupación,cantautor
Magaly Solier,Ciudadanía,Perú
Magaly Solier,Premio recibido,Premio Luces a la mejor actriz de televisión
Magaly Solier,Fecha de nacimiento,1986-06-11
Magaly Solier,Ocupación,compositor de canciones
Magaly Solier,Ocupación,actor
Magaly Solier,Premio recibido,Premio APRECI a la mejor actriz de reparto
Lautaro Murúa,Lugar de nacimiento,Tacna
Lautaro Murúa,Ocupación,guionista
Lautaro Murúa,Ciudadanía,Argentina
Lautaro Murúa,Premio recibido,Anexo:Premio Cóndor de Plata al mejor actor
Lautaro Murúa,Fecha de nacimiento,1926-12-29
Lautaro Murúa,Fecha de defunción,1995-12-03
Lautaro Murúa,Ocupación,actor
Lautaro Murúa,Ocupación,pintor
Lautaro Murúa,Ocupación,director de cine
Lautaro Murúa,Ocupación,actor de cine
Lautaro Murúa,Premio recibido,Anexo:Premio Cóndor de Plata al mejor director
Lautaro Murúa,Ciudadanía,Perú
Sayri Túpac,Lugar de nacimiento,Perú
Sayri Túpac,Ciudadanía,Perú
Sayri Túpac,Cargo,emperador
Sayri Túpac,Fecha de nacimiento,1535-01-01
Sayri Túpac,Fecha de defunción,1561-01-01
Sayri Túpac,Cargo,Estado neoincaico
Andrés de Santa Cruz,Ocupación,militar
Andrés de Santa Cruz,Ciudadanía,Perú
Andrés de Santa Cruz,Ocupación,político
Andrés de Santa Cruz,Ciudadanía,Bolivia
Clorinda Matto de Turner,Empleador,La Razón
Clorinda Matto de Turner,Empleador,El Perú Ilustrado
Hilaria Supa,Lugar de nacimiento,Distrito de Huarocondo
Hilaria Supa,Ocupación,trabajador doméstico
Hilaria Supa,Ciudadanía,Perú
Hilaria Supa,Cargo,congresista del Perú
Hilaria Supa,Fecha de nacimiento,1957-12-28
Hilaria Supa,Ocupación,político
Hilaria Supa,Ocupación,activista por los derechos humanos
Hilaria Supa,Ocupación,activista por los derechos de las mujeres
Hilaria Supa,Ocupación,activista por los derechos lingüísticos
Hilaria Supa,Cargo,parlamentario andino
Magaly Solier,Premio recibido,Premios Luces
Conchita Cintrón,Lugar de nacimiento,Antofagasta
Conchita Cintrón,Ocupación,torero
Conchita Cintrón,Ciudadanía,Portugal
Conchita Cintrón,Educado en,Academia Militar de los Estados Unidos
Conchita Cintrón,Fecha de nacimiento,1922-08-09
Conchita Cintrón,Fecha de defunción,2009-02-17
Conchita Cintrón,Ocupación,rejoneador
Conchita Cintrón,Ciudadanía,Perú
Claudia Rivero,Lugar de nacimiento,Lima
Claudia Rivero,Ocupación,badmintonista
Claudia Rivero,Ciudadanía,Perú
Claudia Rivero,Premio recibido,Pan American champion
Claudia Rivero,Fecha de nacimiento,1986-11-28
Claudia Rivero,Ocupación,deportista olímpico
Claudia Rivero,Premio recibido,campeón nacional
La Perricholi,Lugar de nacimiento,Lima
La Perricholi,Ocupación,emprendedor
La Perricholi,Ciudadanía,Perú
La Perricholi,Fecha de nacimiento,1748-09-28
La Perricholi,Fecha de defunción,1819-05-17
La Perricholi,Ocupación,cantante
La Perricholi,Ocupación,actor de teatro
Ornella Oettl Reyes,Lugar de nacimiento,Múnich
Ornella Oettl Reyes,Ocupación,esquiador alpino
Ornella Oettl Reyes,Ciudadanía,Alemania
Ornella Oettl Reyes,Fecha de nacimiento,1991-12-14
Ornella Oettl Reyes,Ciudadanía,Perú
Javier Velásquez Quesquén,Lugar de nacimiento,Distrito de Eten
Javier Velásquez Quesquén,Ocupación,abogado
Javier Velásquez Quesquén,Ciudadanía,Perú
Javier Velásquez Quesquén,Educado en,Pontificia Universidad Católica del Perú
Javier Velásquez Quesquén,Cargo,Presidente del Consejo de Ministros del Perú
Javier Velásquez Quesquén,Premio recibido,Gran Cruz de la Orden El Sol del Perú
Javier Velásquez Quesquén,Fecha de nacimiento,1960-03-12
Javier Velásquez Quesquén,Ocupación,político
Javier Velásquez Quesquén,Cargo,presidente del Congreso de la República del Perú
Javier Velásquez Quesquén,Cargo,congresista del Perú
Carlos di Laura,Lugar de nacimiento,Lima
Carlos di Laura,Ocupación,tenista
Carlos di Laura,Ciudadanía,Perú
Carlos di Laura,Educado en,Universidad Pepperdine
Carlos di Laura,Fecha de nacimiento,1964-10-19
María Sumire,Lugar de nacimiento,Sicuani
María Sumire,Ocupación,abogado
María Sumire,Ciudadanía,Perú
María Sumire,Cargo,congresista del Perú
María Sumire,Fecha de nacimiento,1951-04-09
María Sumire,Ocupación,político
María Sumire,Ocupación,activista por los derechos lingüísticos
Clorinda Matto de Turner,Empleador,La Nación
Clorinda Matto de Turner,Empleador,El Tiempo
Coya,país,Perú
Coya,instancia de,distrito de Perú
Coya,capital,Coya
Coya,comparte fronteras con,Distrito de Chinchero
Coya,comparte fronteras con,Distrito de Cusco
Colegio Educandas,país,Perú
Colegio Educandas,instancia de,escuela
Colegio Educandas,fundador,Simón Bolívar
Colegio Educandas,situado en la entidad territorial administrativa,Perú
Colegio Educandas,situado en la entidad territorial administrativa,Departamento de Cusco
Búcaro Americano,instancia de,revista
Búcaro Americano,idioma de la obra o del nombre,español
Escuela de Derecho Harvard,país,Estados Unidos
Escuela de Derecho Harvard,instancia de,facultad de derecho
Escuela de Derecho Harvard,instancia de,editorial
Escuela de Derecho Harvard,instancia de,escuela de postgrado
Escuela de Derecho Harvard,situado en la entidad territorial administrativa,Cambridge
Banco Mundial,país,Estados Unidos
Banco Mundial,instancia de,institución financiera internacional
Banco Mundial,instancia de,banco de desarrollo
Banco Mundial,idioma oficial,francés
Banco Mundial,idioma oficial,español
Opus Dei,instancia de,prelatura personal
Opus Dei,fundador,Josemaría Escrivá de Balaguer
Opus Dei,religión,Iglesia católica
Opus Dei,ubicación de la sede,Villa Tevere
Opus Dei,filial,Pontificia Universidad de la Santa Cruz
Academia Estadounidense de las Artes y las Ciencias,país,Estados Unidos
Academia Estadounidense de las Artes y las Ciencias,instancia de,organización sin fines de lucro
Academia Estadounidense de las Artes y las Ciencias,instancia de,sociedad erudita
Academia Estadounidense de las Artes y las Ciencias,instancia de,editorial académica
Academia Estadounidense de las Artes y las Ciencias,campo de trabajo,política pública
La Paz,jefe de gobierno,Iván Arias
La Paz,país,Bolivia
La Paz,instancia de,metrópoli
La Paz,instancia de,gran ciudad
La Paz,instancia de,sede de gobierno
Confederación Perú-Boliviana,compuesto por,Estado Nor-Peruano
Confederación Perú-Boliviana,compuesto por,Estado Sud-Peruano
Confederación Perú-Boliviana,categoría principal del tema,Categoría:Confederación Perú-Boliviana
Confederación Perú-Boliviana,país,Perú
Confederación Perú-Boliviana,país,Bolivia
Protector de la Confederación Perú-Boliviana,subclase de,jefe del Gobierno
Protector de la Confederación Perú-Boliviana,aplica a la jurisdicción,Confederación Perú-Boliviana
Distrito de Sartimbamba,país,Perú
Distrito de Sartimbamba,instancia de,distrito de Perú
Distrito de Sartimbamba,comparte fronteras con,Distrito de Bambamarca
Distrito de Sartimbamba,comparte fronteras con,Distrito de Chugay
Distrito de Sartimbamba,comparte fronteras con,Distrito de Cochorco
La serpiente de oro,instancia de,obra literaria
La serpiente de oro,autor,Ciro Alegría
La serpiente de oro,género,novela indigenista
La serpiente de oro,idioma de la obra o del nombre,español
La serpiente de oro,país de origen,Perú
Universidad Nacional Pedro Ruiz Gallo,país,Perú
Universidad Nacional Pedro Ruiz Gallo,instancia de,universidad
Universidad Nacional Pedro Ruiz Gallo,situado en la entidad territorial administrativa,Lambayeque
Universidad Nacional Pedro Ruiz Gallo,categoría principal del tema,Categoría:Universidad Nacional Pedro Ruiz Gallo
Universidad Nacional Pedro Ruiz Gallo,categoría para las personas que estudiaron en esta institución,Categoría:Alumnado de la Universidad Nacional Pedro Ruiz Gallo
Departamento de Cusco,jefe de gobierno,Werner Salcedo
Departamento de Cusco,país,Perú
Departamento de Cusco,instancia de,departmento del Perú
Departamento de Cusco,capital,Cusco
Departamento de Cusco,comparte fronteras con,Departamento de Arequipa
Huanta,país,Perú
Huanta,instancia de,ciudad
Huanta,situado en la entidad territorial administrativa,Distrito de Huanta
Huanta,capital de,Huanta
Huanta,capital de,Distrito de Huanta
cantautor,lista de interés para el proyecto Wikimedia,Wikipedia:Lista de artículos que toda Wikipedia debería tener/Expandida
cantautor,instancia de,ocupación
cantautor,instancia de,profesión musical
cantautor,subclase de,cantante
Premio Luces a la mejor actriz de televisión,país,Perú
Premio Luces a la mejor actriz de televisión,instancia de,categoría de un premio
Premio Luces a la mejor actriz de televisión,subclase de,premio a la mejor actriz protagonista
Premio Luces a la mejor actriz de televisión,faceta de,Premios Luces
Tacna,país,Perú
Tacna,instancia de,ciudad
Tacna,instancia de,ciudad fronteriza
Tacna,instancia de,gran ciudad
Tacna,situado en la entidad territorial administrativa,Tacna
Anexo:Premio Cóndor de Plata al mejor actor,país,Argentina
Anexo:Premio Cóndor de Plata al mejor actor,instancia de,Premios Cóndor de Plata
Anexo:Premio Cóndor de Plata al mejor actor,instancia de,premio al mejor actor protagonista
Anexo:Premio Cóndor de Plata al mejor actor,forma parte de,Premios Cóndor de Plata
Anexo:Premio Cóndor de Plata al mejor actor,opuesto a,Anexo:Premio Cóndor de Plata a la mejor actriz
Distrito de Huarocondo,país,Perú
Distrito de Huarocondo,instancia de,distrito de Perú
Distrito de Huarocondo,capital,Huarocondo
Distrito de Huarocondo,comparte fronteras con,Distrito de Ollantaytambo
Distrito de Huarocondo,comparte fronteras con,Distrito de Ancahuasi
trabajador doméstico,instancia de,profesión
trabajador doméstico,subclase de,personal doméstico
trabajador doméstico,subclase de,trabajador de cuello azul
trabajador doméstico,santo patrón,Zita de Lucca
Antofagasta,país,Chile
Antofagasta,instancia de,gran ciudad
Antofagasta,instancia de,ciudad de Chile
Antofagasta,situado en la entidad territorial administrativa,Antofagasta
Antofagasta,ciudad hermana,Split
torero,instancia de,profesión
torero,subclase de,artista
torero,subclase de,deportista
torero,ámbito de la ocupación,tauromaquia
torero,opuesto a,torera
Portugal,forma parte de,Unión Europea
Portugal,forma parte de,Espacio Económico Europeo
Portugal,forma parte de,Europa del suroeste
Portugal,santo patrón,San Jorge
Portugal,se encuentra en el huso horario,UTC±00:00
Academia Militar de los Estados Unidos,país,Estados Unidos
Academia Militar de los Estados Unidos,instancia de,academia militar
Academia Militar de los Estados Unidos,instancia de,museo militar
Academia Militar de los Estados Unidos,instancia de,institución educativa pública de los Estados Unidos
emprendedor,instancia de,profesión
emprendedor,instancia de,estatus legal
emprendedor,campo de trabajo,comercio
emprendedor,campo de trabajo,actividad económica
emprendedor,elemento operado,empresa
Distrito de Eten,país,Perú
Distrito de Eten,instancia de,distrito de Perú
Distrito de Eten,capital,Eten
Distrito de Eten,comparte fronteras con,Distrito de Santa Rosa
Distrito de Eten,comparte fronteras con,Distrito de Puerto Eten
Universidad Pepperdine,país,Estados Unidos
Universidad Pepperdine,instancia de,lugar designado por el censo en los Estados Unidos
Universidad Pepperdine,instancia de,universidad privada
Universidad Pepperdine,instancia de,institución educativa privada sin fines de lucro
Universidad Pepperdine,instancia de,editor de acceso abierto
Sicuani,país,Perú
Sicuani,instancia de,ciudad
Sicuani,situado en la entidad territorial administrativa,Departamento de Cusco
Sicuani,capital de,Provincia de Canchis
Sicuani,capital de,Distrito de Sicuani
Chile,forma parte de,América del Sur
Chile,forma parte de,Cono Sur
Chile,se encuentra en el huso horario,UTC-05:00
Chile,se encuentra en el huso horario,UTC−3
Chile,miembro de,Organización de las Naciones Unidas
Pedro Pablo Kuczynski,Lugar de nacimiento,Lima
Pedro Pablo Kuczynski,Ocupación,político
Pedro Pablo Kuczynski,Ciudadanía,Perú
Pedro Pablo Kuczynski,Educado en,Universidad de Princeton
Pedro Pablo Kuczynski,Empleador,Banco Central de Reserva del Perú
Pedro Pablo Kuczynski,Cargo,Presidente del Consejo de Ministros del Perú
Pedro Pablo Kuczynski,Premio recibido,Orden al Mérito por Servicios Distinguidos
Pedro Pablo Kuczynski,Fecha de nacimiento,1938-10-03
Pedro Pablo Kuczynski,Ocupación,economista
Pedro Pablo Kuczynski,Ocupación,banquero
Pedro Pablo Kuczynski,Premio recibido,doctor honoris causa
Pedro Pablo Kuczynski,Premio recibido,Gran Cruz de la Orden de Isabel la Católica
Pedro Pablo Kuczynski,Premio recibido,James Madison Medal
Pedro Pablo Kuczynski,Premio recibido,Gran Collar de la Orden del Cóndor de los Andes
Pedro Pablo Kuczynski,Premio recibido,Gran Cruz de la Orden El Sol del Perú
Pedro Pablo Kuczynski,Cargo,Ministro de Economía y Finanzas del Perú
Pedro Pablo Kuczynski,Cargo,presidente del Perú
Pedro Pablo Kuczynski,Cargo,Ministro de Energía y Minas del Perú
Pedro Pablo Kuczynski,Educado en,Rossall School
Pedro Pablo Kuczynski,Empleador,Banco Mundial
Pedro Pablo Kuczynski,Educado en,Colegio Markham
Pedro Pablo Kuczynski,Educado en,Universidad de Oxford
Pedro Pablo Kuczynski,Educado en,Universidad de Cambridge
Pedro Pablo Kuczynski,Educado en,Exeter College
Pedro Pablo Kuczynski,Educado en,Royal College of Music
Pedro Pablo Kuczynski,Educado en,Woodrow Wilson School of Public and International Affairs
Immortal Technique,Lugar de nacimiento,Lima
Immortal Technique,Ocupación,rapero
Immortal Technique,Ciudadanía,Estados Unidos
Immortal Technique,Educado en,Universidad Estatal de Pensilvania
Immortal Technique,Fecha de nacimiento,1978-02-19
Immortal Technique,Ocupación,activista
Immortal Technique,Ciudadanía,Perú
Immortal Technique,Educado en,Baruch College
Immortal Technique,Educado en,Hunter College High School
Luis Horna,Lugar de nacimiento,Lima
Luis Horna,Ocupación,tenista
Luis Horna,Ciudadanía,Perú
Luis Horna,Premio recibido,Laureles Deportivos del Perú
Luis Horna,Fecha de nacimiento,1980-09-14
Emilio Córdova,Lugar de nacimiento,Lima
Emilio Córdova,Ocupación,ajedrecista
Emilio Córdova,Ciudadanía,Perú
Emilio Córdova,Fecha de nacimiento,1991-07-08
Hernando de Soto,Lugar de nacimiento,Arequipa
Hernando de Soto,Ocupación,escritor
Hernando de Soto,Ciudadanía,Perú
Hernando de Soto,Educado en,International School of Geneva
Hernando de Soto,Obra notable,The Mystery of Capital - Why Capitalism Triumphs in the West and Fails Everywhere Else
Hernando de Soto,Premio recibido,Global Award for Entrepreneurship Research
Hernando de Soto,Fecha de nacimiento,1941-06-02
Hernando de Soto,Ocupación,político
Hernando de Soto,Ocupación,economista
Hernando de Soto,Premio recibido,Medalla Hayek
Jorge del Castillo,Lugar de nacimiento,Lima
Jorge del Castillo,Ocupación,abogado
Jorge del Castillo,Ciudadanía,Perú
Jorge del Castillo,Educado en,Pontificia Universidad Católica del Perú
Jorge del Castillo,Cargo,alcalde
Jorge del Castillo,Premio recibido,Gran Cruz de la Orden del Mérito Civil
Jorge del Castillo,Fecha de nacimiento,1950-07-02
Jorge del Castillo,Ocupación,político
Jorge del Castillo,Educado en,Universidad Nacional Mayor de San Marcos
Jorge del Castillo,Cargo,Presidente del Consejo de Ministros del Perú
Jorge del Castillo,Cargo,alcalde de Lima
Jorge del Castillo,Cargo,congresista del Perú
Jorge del Castillo,Cargo,diputado de Perú
Víctor Benítez,Lugar de nacimiento,Lima
Víctor Benítez,Ocupación,futbolista
Víctor Benítez,Ciudadanía,Perú
Víctor Benítez,Fecha de nacimiento,1935-10-20
Víctor Benítez,Fecha de defunción,2022-07-11
Tania Libertad,Lugar de nacimiento,Chiclayo
Tania Libertad,Ocupación,cantante
Tania Libertad,Ciudadanía,México
Tania Libertad,Premio recibido,Premio Grammy Latino a la Excelencia Musical
Tania Libertad,Fecha de nacimiento,1952-10-24
Tania Libertad,Ocupación,artista discográfico
Tania Libertad,Ciudadanía,Perú
Vanessa Jerí,Lugar de nacimiento,Lima
Vanessa Jerí,Ocupación,actor
Vanessa Jerí,Ciudadanía,Perú
Vanessa Jerí,Fecha de nacimiento,1983-12-02
Vanessa Jerí,Ocupación,presentador de televisión
Vanessa Jerí,Ocupación,modelo
Manuela Sáenz,Lugar de nacimiento,Quito
Manuela Sáenz,Ocupación,político
Manuela Sáenz,Ciudadanía,Perú
Manuela Sáenz,Premio recibido,Orden El Sol del Perú
Manuela Sáenz,Fecha de nacimiento,1797-12-27
Manuela Sáenz,Fecha de defunción,1856-11-23
Manuela Sáenz,Ocupación,oficial militar
Manuela Sáenz,Ocupación,revolucionario
Manuela Sáenz,Ocupación,activista político
Manuela Sáenz,Ciudadanía,Ecuador
Manuela Sáenz,Ciudadanía,Bolivia
Manuela Sáenz,Ciudadanía,Virreinato de Nueva Granada
Manuela Sáenz,Ciudadanía,Gran Colombia
Luisa María Cuculiza,Lugar de nacimiento,Provincia de Ambo
Luisa María Cuculiza,Ocupación,político
Luisa María Cuculiza,Ciudadanía,Perú
Luisa María Cuculiza,Educado en,Colegio Sagrados Corazones Belén
Luisa María Cuculiza,Cargo,congresista del Perú
Luisa María Cuculiza,Premio recibido,Gran Cruz de la Orden El Sol del Perú
Luisa María Cuculiza,Fecha de nacimiento,1942-03-09
Luisa María Cuculiza,Ocupación,enfermero
Luisa María Cuculiza,Cargo,Ministra de la Mujer y Poblaciones Vulnerables de Perú
John Galliquio,Lugar de nacimiento,Pisco
John Galliquio,Ocupación,futbolista
John Galliquio,Ciudadanía,Perú
John Galliquio,Fecha de nacimiento,1979-01-12
John Galliquio,Fecha de nacimiento,1979-12-01
Gilberto Hidalgo,Ocupación,árbitro de fútbol
Gilberto Hidalgo,Ciudadanía,Perú
Gilberto Hidalgo,Fecha de nacimiento,1961-06-26
Santiago Acasiete,Lugar de nacimiento,Callao
Santiago Acasiete,Ocupación,entrenador
Santiago Acasiete,Ciudadanía,España
Santiago Acasiete,Fecha de nacimiento,1977-11-22
Santiago Acasiete,Ocupación,futbolista
Santiago Acasiete,Ciudadanía,Perú
Javier Pulgar Vidal,Lugar de nacimiento,Departamento de Huánuco
Javier Pulgar Vidal,Ocupación,geógrafo
Javier Pulgar Vidal,Ciudadanía,Perú
Javier Pulgar Vidal,Educado en,Pontificia Universidad Católica del Perú
Javier Pulgar Vidal,Empleador,Universidad Nacional Mayor de San Marcos
Javier Pulgar Vidal,Premio recibido,Orden de las Palmas Magisteriales
Javier Pulgar Vidal,Fecha de nacimiento,1911-01-02
Javier Pulgar Vidal,Fecha de defunción,2003-05-18
Nolberto Solano,Lugar de nacimiento,Callao
Nolberto Solano,Ocupación,entrenador
Nolberto Solano,Ciudadanía,Perú
Nolberto Solano,Fecha de nacimiento,1974-12-12
Nolberto Solano,Ocupación,futbolista
Agustín Gamarra,Lugar de nacimiento,Cusco
Agustín Gamarra,Ocupación,militar
Agustín Gamarra,Ciudadanía,Perú
Agustín Gamarra,Educado en,Colegio San Francisco de Asís
Agustín Gamarra,Cargo,presidente del Perú
Agustín Gamarra,Fecha de nacimiento,1785-08-27
Agustín Gamarra,Fecha de defunción,1841-11-18
Agustín Gamarra,Ocupación,político
Lolo Fernández,Lugar de nacimiento,San Vicente de Cañete
Lolo Fernández,Ocupación,futbolista
Lolo Fernández,Ciudadanía,Perú
Lolo Fernández,Premio recibido,Laureles Deportivos del Perú
Lolo Fernández,Fecha de nacimiento,1913-05-20
Lolo Fernández,Fecha de defunción,1996-09-17
Víctor Raúl Haya de la Torre,Lugar de nacimiento,Trujillo
Víctor Raúl Haya de la Torre,Ocupación,abogado
Víctor Raúl Haya de la Torre,Ciudadanía,Perú
Víctor Raúl Haya de la Torre,Educado en,Universidad Nacional Mayor de San Marcos
Víctor Raúl Haya de la Torre,Cargo,presidente del Congreso de la República del Perú
Víctor Raúl Haya de la Torre,Premio recibido,Gran Cruz de la Orden El Sol del Perú
Víctor Raúl Haya de la Torre,Fecha de nacimiento,1895-02-22
Víctor Raúl Haya de la Torre,Fecha de defunción,1979-08-02
Víctor Raúl Haya de la Torre,Ocupación,político
Víctor Raúl Haya de la Torre,Ocupación,jurista
Víctor Raúl Haya de la Torre,Ocupación,activista político
Víctor Raúl Haya de la Torre,Ocupación,teórico político
Víctor Raúl Haya de la Torre,Educado en,Universidad Nacional de Trujillo
Víctor Raúl Haya de la Torre,Educado en,Colegio San Andrés
Víctor Raúl Haya de la Torre,Cargo,miembro de la Asamblea Constituyente del Perú
Titu Cusi Yupanqui,Lugar de nacimiento,Cusco
Titu Cusi Yupanqui,Ciudadanía,Perú
Titu Cusi Yupanqui,Obra notable,Q126343610
Titu Cusi Yupanqui,Cargo,emperador
Titu Cusi Yupanqui,Fecha de nacimiento,1526-01-01
Titu Cusi Yupanqui,Fecha de defunción,1571-01-01
Banco Central de Reserva del Perú,país,Perú
Banco Central de Reserva del Perú,instancia de,banco central
Banco Central de Reserva del Perú,instancia de,organismo constitucional autónomo
Banco Central de Reserva del Perú,ubicación de la sede,Lima
Banco Central de Reserva del Perú,presidente,Julio Velarde
rapero,instancia de,ocupación
rapero,instancia de,profesión musical
rapero,subclase de,vocalista
rapero,subclase de,músico de hip-hop
alcalde,instancia de,cargo
alcalde,subclase de,autoridad
alcalde,subclase de,órgano
alcalde,subclase de,jefe del Gobierno
alcalde,subclase de,político municipal
Premio Grammy Latino a la Excelencia Musical,país,Estados Unidos
Premio Grammy Latino a la Excelencia Musical,instancia de,Premios Grammy Latinos
Premio Grammy Latino a la Excelencia Musical,forma parte de,Premios Grammy Latinos
Premio Grammy Latino a la Excelencia Musical,categoría principal del tema,Categoría:Ganadores del Premio Grammy Latino a la Excelencia Musical
Premio Grammy Latino a la Excelencia Musical,conferido por,Academia Latina de Artes y Ciencias de la Grabación
presentador de televisión,instancia de,cargo
presentador de televisión,instancia de,ocupación mediática
presentador de televisión,subclase de,actor
presentador de televisión,subclase de,celebridad
presentador de televisión,subclase de,presentador
Provincia de Ambo,país,Perú
Provincia de Ambo,instancia de,provincia del Perú
Provincia de Ambo,capital,Ambo
Provincia de Ambo,comparte fronteras con,Lauricocha
Provincia de Ambo,comparte fronteras con,Pasco
Colegio Sagrados Corazones Belén,país,Perú
Colegio Sagrados Corazones Belén,instancia de,escuela privada
Colegio Sagrados Corazones Belén,instancia de,escuela católica
Colegio Sagrados Corazones Belén,situado en la entidad territorial administrativa,Lima
Departamento de Huánuco,idioma usado,quechua de Cajatambo
Departamento de Huánuco,idioma usado,quechua de Margos-Yarowilca-Lauricocha
geógrafo,instancia de,profesión
geógrafo,subclase de,científico de la Tierra
geógrafo,ámbito de la ocupación,geografía
geógrafo,categoría principal del tema,Categoría:Geógrafos
Colegio San Francisco de Asís,país,Perú
Colegio San Francisco de Asís,instancia de,escuela
Colegio San Francisco de Asís,instancia de,escuela católica
Colegio San Francisco de Asís,situado en la entidad territorial administrativa,Arequipa
San Vicente de Cañete,país,Perú
San Vicente de Cañete,instancia de,ciudad
San Vicente de Cañete,situado en la entidad territorial administrativa,Provincia de Cañete
San Vicente de Cañete,categoría principal del tema,Categoría:San Vicente de Cañete
San Vicente de Cañete,capital de,Provincia de Cañete
España,miembro de,Unión Europea
España,miembro de,Organización de las Naciones Unidas
España,miembro de,OTAN
España,miembro de,UNESCO
España,miembro de,Organización Mundial de la Salud
Juan Ramón Koenig,Lugar de nacimiento,Malinas
Juan Ramón Koenig,Ocupación,matemático
Juan Ramón Koenig,Ciudadanía,Perú
Juan Ramón Koenig,Educado en,Universidad Nacional Mayor de San Marcos
Juan Ramón Koenig,Fecha de nacimiento,1623-01-01
Juan Ramón Koenig,Fecha de defunción,1709-07-19
Malinas,jefe de gobierno,Bart Somers
Malinas,país,Bélgica
Malinas,instancia de,municipio de Bélgica
Malinas,instancia de,municipio con título de ciudad
Malinas,capital,Malinas
actor de teatro,categoría principal del tema,Categoría:Actores de teatro
Universidad de Chile,categoría para las personas que estudiaron en esta institución,Categoría:Alumnado de la Universidad de Chile
Universidad de Chile,categoría para empleados de la organización,Categoría:Profesores de la Universidad de Chile
Universidad de Chile,confiere,magíster en ciencias con mención en computación
artista,ámbito de la ocupación,arte
político,utiliza,terminología política
Pontificia Universidad Católica del Perú,miembro de,Asociación Internacional de Universidades
Pontificia Universidad Católica del Perú,miembro de,ORCID
Pontificia Universidad Católica del Perú,miembro de,Centro Interuniversitario de Desarrollo
Pontificia Universidad Católica del Perú,patrocinador,José de la Riva-Agüero y Osma
Pontificia Universidad Católica del Perú,categoría principal del tema,Categoría:Pontificia Universidad Católica del Perú
Telésforo Ramos,Lugar de nacimiento,Distrito de Huarmaca
Telésforo Ramos,Ocupación,político
Telésforo Ramos,Ciudadanía,Perú
Telésforo Ramos,Educado en,Universidad Nacional Pedro Ruiz Gallo
Telésforo Ramos,Fecha de nacimiento,1955-01-05
Telésforo Ramos,Fecha de defunción,2010-10-12
Guido Breña,Lugar de nacimiento,Puquio
Guido Breña,Ocupación,sacerdote católico
Guido Breña,Ciudadanía,Perú
Guido Breña,Cargo,obispo diocesano
Guido Breña,Fecha de nacimiento,1931-07-09
Guido Breña,Fecha de defunción,2013-07-09
Guido Breña,Ocupación,obispo católico
Richard Daniel Alarcón Urrutia,Lugar de nacimiento,Lima
Richard Daniel Alarcón Urrutia,Ocupación,sacerdote católico
Richard Daniel Alarcón Urrutia,Ciudadanía,Perú
Richard Daniel Alarcón Urrutia,Cargo,obispo diocesano
Richard Daniel Alarcón Urrutia,Fecha de nacimiento,1952-04-10
Richard Daniel Alarcón Urrutia,Ocupación,obispo católico
Richard Daniel Alarcón Urrutia,Cargo,Arzobispo del Cuzco
Guillermo Abanto Guzmán,Lugar de nacimiento,Trujillo
Guillermo Abanto Guzmán,Ocupación,sacerdote católico
Guillermo Abanto Guzmán,Ciudadanía,Perú
Guillermo Abanto Guzmán,Cargo,obispo auxiliar
Guillermo Abanto Guzmán,Fecha de nacimiento,1964-07-01
Guillermo Abanto Guzmán,Ocupación,obispo católico
Guillermo Abanto Guzmán,Cargo,obispo titular
Guillermo Abanto Guzmán,Cargo,Ordinario Militar del Perú
Gustavo Salazar,Ocupación,badmintonista
Gustavo Salazar,Ciudadanía,Perú
Gustavo Salazar,Premio recibido,Pan American champion
Gustavo Salazar,Fecha de nacimiento,1960-01-01
Gustavo Salazar,Premio recibido,South American champion
Silvana Pacheco Gallardo,Lugar de nacimiento,Trujillo
Silvana Pacheco Gallardo,Ocupación,ajedrecista
Silvana Pacheco Gallardo,Ciudadanía,Perú
Silvana Pacheco Gallardo,Fecha de nacimiento,1981-07-29
Enrique Ciriani,Lugar de nacimiento,Lima
Enrique Ciriani,Ocupación,arquitecto
Enrique Ciriani,Ciudadanía,Francia
Enrique Ciriani,Educado en,Universidad Nacional de Ingeniería
Enrique Ciriani,Empleador,Escuela Nacional Superior de Bellas Artes de París
Enrique Ciriani,Miembro de,Atelier d'urbanisme et d'architecture
Enrique Ciriani,Premio recibido,Premio de la Escuadra de Plata
Enrique Ciriani,Fecha de nacimiento,1936-12-30
Enrique Ciriani,Fecha de defunción,2025-10-03
Enrique Ciriani,Ocupación,profesor universitario
Enrique Ciriani,Premio recibido,Gran premio nacional de arquitectura
Enrique Ciriani,Premio recibido,Premio de la Academia de Arquitectura de Francia
Enrique Ciriani,Premio recibido,Caballero de la Orden Nacional de la Legión de Honor
Enrique Ciriani,Premio recibido,comendador de las Artes y las Letras
Enrique Ciriani,Ciudadanía,Perú
Henry Urday Cáceres,Lugar de nacimiento,Lima
Henry Urday Cáceres,Ocupación,ajedrecista
Henry Urday Cáceres,Ciudadanía,Perú
Henry Urday Cáceres,Fecha de nacimiento,1967-07-05
Pedro Suárez-Vértiz,Lugar de nacimiento,Bellavista
Pedro Suárez-Vértiz,Ocupación,escritor
Pedro Suárez-Vértiz,Ciudadanía,Perú
Pedro Suárez-Vértiz,Educado en,Universidad de Lima
Pedro Suárez-Vértiz,Fecha de nacimiento,1969-02-13
Pedro Suárez-Vértiz,Fecha de defunción,2023-12-28
Pedro Suárez-Vértiz,Ocupación,compositor
Pedro Suárez-Vértiz,Ocupación,cantante
Pedro Suárez-Vértiz,Ocupación,productor
Pedro Suárez-Vértiz,Ocupación,artista discográfico
Roger Soler,Ocupación,atleta
Roger Soler,Ciudadanía,Perú
Roger Soler,Fecha de nacimiento,1960-09-20
Víctor Hugo Rivera,Lugar de nacimiento,Arequipa
Víctor Hugo Rivera,Ocupación,árbitro de fútbol
Víctor Hugo Rivera,Ciudadanía,Perú
Víctor Hugo Rivera,Fecha de nacimiento,1967-01-11
Héctor Boza,Lugar de nacimiento,Lima
Héctor Boza,Ocupación,político
Héctor Boza,Ciudadanía,Perú
Héctor Boza,Cargo,presidente del Senado de Perú
Héctor Boza,Premio recibido,Cruz federal de la República de Alemania al mérito
Héctor Boza,Fecha de nacimiento,1888-01-01
Héctor Boza,Fecha de defunción,1974-01-01
Héctor Boza,Premio recibido,Gran Cruz de la Orden de Isabel la Católica
Miguel Cabrejos Vidarte,Lugar de nacimiento,Provincia de Chota
Miguel Cabrejos Vidarte,Ocupación,sacerdote católico
Miguel Cabrejos Vidarte,Ciudadanía,Perú
Miguel Cabrejos Vidarte,Cargo,vicepresidente
Miguel Cabrejos Vidarte,Fecha de nacimiento,1948-07-05
Miguel Cabrejos Vidarte,Ocupación,fraile
Miguel Cabrejos Vidarte,Ocupación,obispo católico
Miguel Cabrejos Vidarte,Cargo,obispo auxiliar
Miguel Cabrejos Vidarte,Cargo,obispo titular
Miguel Cabrejos Vidarte,Cargo,presidente
Miguel Cabrejos Vidarte,Cargo,secretario general
Miguel Cabrejos Vidarte,Cargo,Arzobispo de Trujillo
Miguel Cabrejos Vidarte,Cargo,Ordinario Militar del Perú
Raimundo Revoredo Ruiz,Lugar de nacimiento,Lima
Raimundo Revoredo Ruiz,Ocupación,sacerdote católico
Raimundo Revoredo Ruiz,Ciudadanía,Perú
Raimundo Revoredo Ruiz,Fecha de nacimiento,1927-12-28
Raimundo Revoredo Ruiz,Fecha de defunción,2021-01-01
Raimundo Revoredo Ruiz,Ocupación,obispo católico
Rajmil Fischman,Lugar de nacimiento,Lima
Rajmil Fischman,Ocupación,compositor
Rajmil Fischman,Ciudadanía,Perú
Rajmil Fischman,Educado en,Universidad de Tel Aviv
Rajmil Fischman,Fecha de nacimiento,1956-01-01
Rajmil Fischman,Ocupación,profesor universitario
Rajmil Fischman,Ocupación,profesor de música
Rajmil Fischman,Educado en,Conservatorio Nacional de Música
José Antonio Eguren,Lugar de nacimiento,Lima
José Antonio Eguren,Ocupación,sacerdote católico
José Antonio Eguren,Ciudadanía,Perú
José Antonio Eguren,Miembro de,Sodalicio de Vida Cristiana
José Antonio Eguren,Cargo,obispo auxiliar
José Antonio Eguren,Fecha de nacimiento,1956-06-14
José Antonio Eguren,Ocupación,obispo católico
José Antonio Eguren,Cargo,obispo titular
José Antonio Eguren,Cargo,Arzobispo de Piura
Francisco Boza,Lugar de nacimiento,Lima
Francisco Boza,Ocupación,tirador
Francisco Boza,Ciudadanía,Perú
Francisco Boza,Premio recibido,Laureles Deportivos del Perú
Francisco Boza,Fecha de nacimiento,1964-09-19
Octavio Ortiz Arrieta,Lugar de nacimiento,Lima
Octavio Ortiz Arrieta,Ocupación,sacerdote católico
Octavio Ortiz Arrieta,Ciudadanía,Perú
Octavio Ortiz Arrieta,Cargo,obispo diocesano
Octavio Ortiz Arrieta,Fecha de nacimiento,1879-04-19
Octavio Ortiz Arrieta,Fecha de defunción,1958-03-01
Octavio Ortiz Arrieta,Ocupación,obispo católico
Mario Cornejo,Lugar de nacimiento,Lima
Mario Cornejo,Ocupación,sacerdote católico
Mario Cornejo,Ciudadanía,Perú
Mario Cornejo,Cargo,obispo auxiliar
Mario Cornejo,Fecha de nacimiento,1927-10-19
Mario Cornejo,Fecha de defunción,2015-11-22
Mario Cornejo,Ocupación,obispo católico
Mario Cornejo,Cargo,obispo titular
Valeria Rivero,Lugar de nacimiento,Lima
Valeria Rivero,Ocupación,badmintonista
Valeria Rivero,Ciudadanía,Perú
Valeria Rivero,Premio recibido,campeón nacional
Valeria Rivero,Fecha de nacimiento,1984-09-08
Distrito de Huarmaca,país,Perú
Distrito de Huarmaca,instancia de,distrito de Perú
Distrito de Huarmaca,capital,Huarmaca
Distrito de Huarmaca,comparte fronteras con,Distrito de San Miguel de El Faique
Distrito de Huarmaca,comparte fronteras con,Distrito de Sondorillo
Puquio,país,Perú
Puquio,instancia de,ciudad
Puquio,situado en la entidad territorial administrativa,Departamento de Ayacucho
Puquio,capital de,Lucanas
Puquio,capital de,Puquio
obispo diocesano,instancia de,cargo eclesiástico
obispo diocesano,instancia de,función episcopal
obispo diocesano,subclase de,obispo
obispo diocesano,subclase de,pastor
obispo diocesano,subclase de,ordinario
Escuela Nacional Superior de Bellas Artes de París,país,Francia
Escuela Nacional Superior de Bellas Artes de París,instancia de,museo
Escuela Nacional Superior de Bellas Artes de París,instancia de,academia de bellas artes
Escuela Nacional Superior de Bellas Artes de París,instancia de,Gran Escuela
Escuela Nacional Superior de Bellas Artes de París,ubicación de la sede,VI Distrito de París
Bellavista,instancia de,distrito de Perú
Bellavista,comparte fronteras con,San Miguel
Bellavista,comparte fronteras con,Callao
Bellavista,comparte fronteras con,La Perla
presidente del Senado de Perú,país,Perú
presidente del Senado de Perú,instancia de,cargo público
presidente del Senado de Perú,instancia de,cargo
presidente del Senado de Perú,sucedido por,presidente del Congreso de la República del Perú
presidente del Senado de Perú,subclase de,presidente del senado
Cruz federal de la República de Alemania al mérito,país,Alemania
Cruz federal de la República de Alemania al mérito,instancia de,grado de una orden
Cruz federal de la República de Alemania al mérito,subclase de,Gran Cruz
Cruz federal de la República de Alemania al mérito,forma parte de,Orden del Mérito de la República Federal de Alemania
Cruz federal de la República de Alemania al mérito,categoría para los galardonados con este premio,Categoría:Ganadores de la Cruz federal del la República del Alemania al mérito
Provincia de Chota,se encuentra en el huso horario,UTC-05:00
Provincia de Chota,categoría principal del tema,Categoría:Provincia de Chota
Provincia de Chota,país,Perú
Provincia de Chota,instancia de,provincia del Perú
vicepresidente,instancia de,cargo
vicepresidente,instancia de,título corporativo
vicepresidente,instancia de,ocupación
vicepresidente,precedido por,vicepresidente electo
vicepresidente,subclase de,alto cargo
Universidad de Tel Aviv,país,Israel
Universidad de Tel Aviv,instancia de,universidad pública
Universidad de Tel Aviv,instancia de,editor de acceso abierto
Universidad de Tel Aviv,instancia de,Asociación de derecho otomano
Universidad de Tel Aviv,situado en la entidad territorial administrativa,Tel Aviv
Sodalicio de Vida Cristiana,instancia de,sociedad de vida apostólica
Sodalicio de Vida Cristiana,instancia de,organización religiosa
Sodalicio de Vida Cristiana,fundador,Luis Fernando Figari
Sodalicio de Vida Cristiana,miembro de,Familia Sodálite
Sodalicio de Vida Cristiana,lugar de formación,Lima
tirador,instancia de,profesión
tirador,subclase de,deportista
tirador,subclase de,tirador
tirador,ámbito de la ocupación,tiro deportivo
tirador,ámbito de la ocupación,Tiro Práctico
Pisco,categoría principal del tema,Categoría:Pisco (ciudad)
Pisco,capital de,Pisco
Pisco,categoría para las personas que nacieron aquí,Categoría:Pisqueños
"España, aparta de mí este cáliz",instancia de,obra literaria
"España, aparta de mí este cáliz",autor,César Vallejo
"España, aparta de mí este cáliz",idioma de la obra o del nombre,español
"España, aparta de mí este cáliz",país de origen,Perú
"España, aparta de mí este cáliz",forma artística,poemario
México,idioma usado,Náhuatl de la Huasteca occidental
México,idioma usado,náhuatl michoacano
México,idioma usado,chinanteca de Comaltepec
México,idioma usado,Idioma chocho
Juan Crisóstomo Torrico,Lugar de nacimiento,Lima
Juan Crisóstomo Torrico,Ocupación,político
Juan Crisóstomo Torrico,Ciudadanía,Perú
Juan Crisóstomo Torrico,Cargo,presidente del Perú
Juan Crisóstomo Torrico,Fecha de nacimiento,1808-01-21
Juan Crisóstomo Torrico,Fecha de defunción,1875-03-27
Juan Crisóstomo Torrico,Ocupación,diplomático
Gianfranco Espejo,Lugar de nacimiento,Lima
Gianfranco Espejo,Ocupación,entrenador
Gianfranco Espejo,Ciudadanía,Perú
Gianfranco Espejo,Fecha de nacimiento,1988-03-04
Gianfranco Espejo,Fecha de defunción,2011-06-04
Gianfranco Espejo,Ocupación,futbolista
Oscar Quiñones,Lugar de nacimiento,Lima
Oscar Quiñones,Ocupación,ajedrecista
Oscar Quiñones,Ciudadanía,Perú
Oscar Quiñones,Fecha de nacimiento,1941-01-14
Mario Cuba,Ocupación,badmintonista
Mario Cuba,Ciudadanía,Perú
Mario Cuba,Premio recibido,campeón nacional
Mario Cuba,Fecha de nacimiento,1992-12-09
Mario Cuba,Premio recibido,South American champion
Mario Peña Angulo,Lugar de nacimiento,Iquitos
Mario Peña Angulo,Ocupación,político
Mario Peña Angulo,Ciudadanía,Perú
Mario Peña Angulo,Cargo,congresista del Perú
Mario Peña Angulo,Fecha de nacimiento,1952-05-19
Mario Peña Angulo,Fecha de defunción,2008-08-25
Mario Peña Angulo,Ocupación,economista
Mateo Crawley-Boevey,Lugar de nacimiento,Arequipa
Mateo Crawley-Boevey,Ocupación,sacerdote
Mateo Crawley-Boevey,Ciudadanía,Perú
Mateo Crawley-Boevey,Fecha de nacimiento,1875-11-18
Mateo Crawley-Boevey,Fecha de defunción,1960-05-04
Mateo Crawley-Boevey,Ocupación,sacerdote católico
Nemesio Rivera Meza,Lugar de nacimiento,Perú
Nemesio Rivera Meza,Ocupación,sacerdote católico
Nemesio Rivera Meza,Ciudadanía,Perú
Nemesio Rivera Meza,Cargo,obispo titular
Nemesio Rivera Meza,Fecha de nacimiento,1918-08-11
Nemesio Rivera Meza,Fecha de defunción,2007-01-09
Nemesio Rivera Meza,Ocupación,obispo católico
Nemesio Rivera Meza,Cargo,obispo diocesano
Nemesio Rivera Meza,Cargo,Obispo de Cajamarca
Gustavo Gorriti,Lugar de nacimiento,Lima
Gustavo Gorriti,Ocupación,escritor
Gustavo Gorriti,Ciudadanía,Perú
Gustavo Gorriti,Empleador,La República
Gustavo Gorriti,Obra notable,Swiss Leaks
Gustavo Gorriti,Miembro de,Consorcio Internacional de Periodistas de Investigación
Gustavo Gorriti,Premio recibido,Premio María Moors Cabot
Gustavo Gorriti,Fecha de nacimiento,1948-01-01
Gustavo Gorriti,Ocupación,periodista
Gustavo Gorriti,Premio recibido,CPJ International Press Freedom Awards
Gustavo Gorriti,Empleador,Caretas
Gustavo Gorriti,Empleador,IDL-Reporteros
Gustavo Gorriti,Obra notable,Papeles de Panamá
Gustavo Gorriti,Obra notable,Bribery Division
Gustavo Gorriti,Obra notable,Plunder in the Pacific
Ricardo Uceda,Lugar de nacimiento,Chiclayo
Ricardo Uceda,Ocupación,periodista
Ricardo Uceda,Ciudadanía,Perú
Ricardo Uceda,Educado en,Universidad Nacional Mayor de San Marcos
Ricardo Uceda,Premio recibido,Premio María Moors Cabot
Ricardo Uceda,Fecha de nacimiento,1954-07-27
Ricardo Uceda,Premio recibido,CPJ International Press Freedom Awards
Ricardo Uceda,Premio recibido,International Press Institute World Press Freedom Heroes
José Rufino Echenique,Lugar de nacimiento,Puno
José Rufino Echenique,Ocupación,militar
José Rufino Echenique,Ciudadanía,Perú
José Rufino Echenique,Cargo,presidente del Perú
José Rufino Echenique,Fecha de nacimiento,1808-11-16
José Rufino Echenique,Fecha de defunción,1887-06-16
José Rufino Echenique,Ocupación,político
José Rufino Echenique,Cargo,presidente de la Cámara de Diputados de Perú
Salvador Salguero,Lugar de nacimiento,Lima
Salvador Salguero,Ocupación,entrenador
Salvador Salguero,Ciudadanía,Perú
Salvador Salguero,Fecha de nacimiento,1951-08-10
Salvador Salguero,Ocupación,futbolista
Luis Alberto Ramírez Benites,Lugar de nacimiento,Lima
Luis Alberto Ramírez Benites,Ocupación,entrenador
Luis Alberto Ramírez Benites,Ciudadanía,Perú
Luis Alberto Ramírez Benites,Fecha de nacimiento,1984-11-10
Luis Alberto Ramírez Benites,Ocupación,futbolista
Eloy Gaspar Ureta Montehermoso,Lugar de nacimiento,Chiclayo
Eloy Gaspar Ureta Montehermoso,Ocupación,militar
Eloy Gaspar Ureta Montehermoso,Ciudadanía,Perú
Eloy Gaspar Ureta Montehermoso,Fecha de nacimiento,1892-12-12
Eloy Gaspar Ureta Montehermoso,Fecha de defunción,1965-10-10
Eloy Gaspar Ureta Montehermoso,Ocupación,político
Justo Figuerola,Lugar de nacimiento,Lambayeque
Justo Figuerola,Ocupación,abogado
Justo Figuerola,Ciudadanía,Perú
Justo Figuerola,Educado en,Universidad Nacional Mayor de San Marcos
Justo Figuerola,Cargo,Ministro de Relaciones Exteriores del Perú
Justo Figuerola,Fecha de nacimiento,1771-06-18
Justo Figuerola,Fecha de defunción,1854-05-23
Justo Figuerola,Ocupación,político
Manuel Menéndez,Lugar de nacimiento,Lima
Manuel Menéndez,Ocupación,empresario
Manuel Menéndez,Ciudadanía,Perú
Manuel Menéndez,Cargo,presidente del Perú
Manuel Menéndez,Fecha de nacimiento,1793-01-01
Manuel Menéndez,Fecha de defunción,1847-05-02
Manuel Menéndez,Ocupación,político
Rodulfo Manzo,Lugar de nacimiento,San Vicente de Cañete
Rodulfo Manzo,Ocupación,entrenador
Rodulfo Manzo,Ciudadanía,Perú
Rodulfo Manzo,Fecha de nacimiento,1949-06-05
Rodulfo Manzo,Ocupación,futbolista
Marcos Calderón,Lugar de nacimiento,Lima
Marcos Calderón,Ocupación,entrenador
Marcos Calderón,Ciudadanía,Perú
Marcos Calderón,Fecha de nacimiento,1928-07-11
Marcos Calderón,Fecha de defunción,1987-12-08
Marcos Calderón,Ocupación,futbolista
Pablo Arraya,Lugar de nacimiento,Córdoba
Pablo Arraya,Ocupación,tenista
Pablo Arraya,Ciudadanía,Perú
Pablo Arraya,Fecha de nacimiento,1961-10-21
Domingo Nieto,Lugar de nacimiento,Ilo
Domingo Nieto,Ocupación,militar
Domingo Nieto,Ciudadanía,Perú
Domingo Nieto,Fecha de nacimiento,1803-08-05
Domingo Nieto,Fecha de defunción,1844-02-17
Domingo Nieto,Ocupación,político
Juan Crisóstomo Torrico,Ocupación,militar
Juan Crisóstomo Torrico,Cargo,Ministro de Relaciones Exteriores del Perú
sacerdote,instancia de,ocupación religiosa
sacerdote,subclase de,clérigo
sacerdote,ámbito de la ocupación,sacerdocio
sacerdote,se dice que es lo mismo que,ministro religioso
sacerdote,prefijo honorífico,reverendo
La República,país,Perú
La República,instancia de,periódico
La República,instancia de,publicación periódica
La República,fundador,Gustavo Mohme Llona
La República,ubicación de la sede,Lima
Swiss Leaks,instancia de,periodismo de investigación
Swiss Leaks,instancia de,filtración de información
Swiss Leaks,descubridor o inventor,Consorcio Internacional de Periodistas de Investigación
Premio María Moors Cabot,país,Estados Unidos
Premio María Moors Cabot,instancia de,premio de periodismo
Premio María Moors Cabot,nombrado en referencia a,Maria Moors Cabot
Premio María Moors Cabot,categoría principal del tema,Categoría:Premio Maria Moors Cabot
Premio María Moors Cabot,conferido por,Universidad de Columbia
Córdoba,jefe de gobierno,Daniel Passerini
Córdoba,país,Argentina
Córdoba,instancia de,ciudad de Argentina
Córdoba,situado en la entidad territorial administrativa,Departamento Capital
Córdoba,ciudad hermana,Turín
Ilo,país,Perú
Ilo,instancia de,ciudad
Ilo,situado en la entidad territorial administrativa,Departamento de Moquegua
Ilo,se encuentra en el huso horario,UTC-05:00
Ilo,capital de,Provincia de Ilo
misionero,instancia de,profesión
misionero,instancia de,ocupación religiosa
misionero,subclase de,religioso
misionero,santo patrón,Francisco Javier
Perú,teléfono de emergencia,116
Perú,teléfono de emergencia,105
Perú,tipo de enchufe eléctrico,enchufe europeo
Perú,tipo de enchufe eléctrico,Tipo A
Perú,tipo de enchufe eléctrico,NEMA 5-15
Iquitos,situado en la entidad territorial administrativa,Maynas
Iquitos,ciudad hermana,Milán
París,jefe de gobierno,Anne Hidalgo
París,país,Francia
París,continente,Europa
París,instancia de,departamento de Francia
París,instancia de,megaciudad
Universidad Complutense de Madrid,miembro de,Red de Utrecht
Universidad Complutense de Madrid,miembro de,Biblioteca Digital Mundial
Universidad Complutense de Madrid,miembro de,Unión de Universidades del Mediterráneo
Universidad Complutense de Madrid,miembro de,Asociación de Universidades Europeas
Florentino Laime Mantilla,Ocupación,pintor
Florentino Laime Mantilla,Ciudadanía,Perú
Florentino Laime Mantilla,Fecha de nacimiento,1960-01-01
Aníbal Quijano,Lugar de nacimiento,Yanama
Aníbal Quijano,Ocupación,sociólogo
Aníbal Quijano,Ciudadanía,Perú
Aníbal Quijano,Educado en,Universidad Nacional Mayor de San Marcos
Aníbal Quijano,Empleador,Universidad de Binghamton
Aníbal Quijano,Fecha de nacimiento,1930-11-17
Aníbal Quijano,Fecha de defunción,2018-05-31
Valeriano López,Lugar de nacimiento,Casma
Valeriano López,Ocupación,futbolista
Valeriano López,Ciudadanía,Perú
Valeriano López,Fecha de nacimiento,1926-05-04
Valeriano López,Fecha de defunción,1993-05-07
Germán Carty,Lugar de nacimiento,San Vicente de Cañete
Germán Carty,Ocupación,futbolista
Germán Carty,Ciudadanía,Perú
Germán Carty,Fecha de nacimiento,1968-07-16
Francesco Petrozzi,Lugar de nacimiento,Callao
Francesco Petrozzi,Ocupación,actor
Francesco Petrozzi,Ciudadanía,Perú
Francesco Petrozzi,Educado en,Universidad Ricardo Palma
Francesco Petrozzi,Cargo,Ministro de Cultura del Perú
Francesco Petrozzi,Fecha de nacimiento,1961-12-13
Francesco Petrozzi,Fecha de defunción,2024-05-27
Francesco Petrozzi,Ocupación,político
Francesco Petrozzi,Ocupación,presentador de televisión
Francesco Petrozzi,Ocupación,cantante de ópera
Francesco Petrozzi,Cargo,congresista del Perú
Francisco Ugaz,Ocupación,badmintonista
Francisco Ugaz,Ciudadanía,Perú
Francisco Ugaz,Fecha de nacimiento,1984-12-06
Adelfo Magallanes Campos,Lugar de nacimiento,San Vicente de Cañete
Adelfo Magallanes Campos,Ocupación,entrenador
Adelfo Magallanes Campos,Ciudadanía,Perú
Adelfo Magallanes Campos,Fecha de nacimiento,1910-08-29
Adelfo Magallanes Campos,Fecha de defunción,1988-01-15
Adelfo Magallanes Campos,Ocupación,futbolista
Adelfo Magallanes Campos,Fecha de nacimiento,1913-08-28
Adelfo Magallanes Campos,Fecha de nacimiento,1913-08-29
Adelfo Magallanes Campos,Fecha de defunción,1988-01-16
Manuel Rivera Garrido,Lugar de nacimiento,Lima
Manuel Rivera Garrido,Ocupación,entrenador
Manuel Rivera Garrido,Ciudadanía,Suiza
Manuel Rivera Garrido,Fecha de nacimiento,1978-03-16
Manuel Rivera Garrido,Ocupación,futbolista
Manuel Rivera Garrido,Ciudadanía,Perú
Johnny Vegas,Lugar de nacimiento,Huancayo
Johnny Vegas,Ocupación,entrenador
Johnny Vegas,Ciudadanía,Perú
Johnny Vegas,Fecha de nacimiento,1976-02-09
Johnny Vegas,Ocupación,futbolista
Wilhelm Faupel,Lugar de nacimiento,"Lipce, Lower Silesian Voivodeship"
Wilhelm Faupel,Ocupación,militar
Wilhelm Faupel,Ciudadanía,Perú
Wilhelm Faupel,Cargo,embajador en España
Wilhelm Faupel,Premio recibido,Pour le Mérite
Wilhelm Faupel,Fecha de nacimiento,1873-10-29
Wilhelm Faupel,Fecha de defunción,1945-05-01
Wilhelm Faupel,Ocupación,diplomático
Wilhelm Faupel,Premio recibido,Gran Cruz de la Orden de Isabel la Católica
Wilhelm Faupel,Ciudadanía,Reich alemán
Luis Guadalupe,Lugar de nacimiento,Chincha Alta
Luis Guadalupe,Ocupación,entrenador
Luis Guadalupe,Ciudadanía,Perú
Luis Guadalupe,Fecha de nacimiento,1976-04-03
Luis Guadalupe,Ocupación,futbolista
Martín del Valle,Ocupación,badmintonista
Martín del Valle,Ciudadanía,Perú
Martín del Valle,Premio recibido,campeón nacional
Martín del Valle,Fecha de nacimiento,1988-02-27
Gabino Miranda Melgarejo,Ocupación,sacerdote católico
Gabino Miranda Melgarejo,Ciudadanía,Perú
Gabino Miranda Melgarejo,Educado en,Universidad de Navarra
Gabino Miranda Melgarejo,Cargo,obispo auxiliar
Gabino Miranda Melgarejo,Fecha de nacimiento,1960-02-19
Gabino Miranda Melgarejo,Ocupación,obispo católico
Gabino Miranda Melgarejo,Cargo,obispo titular
Tjitte Weistra,Ocupación,badmintonista
Tjitte Weistra,Ciudadanía,Perú
Tjitte Weistra,Premio recibido,campeón nacional
Tjitte Weistra,Fecha de nacimiento,1975-12-02
Tjitte Weistra,Ocupación,entrenador de bádminton
Tjitte Weistra,Ciudadanía,Nueva Zelanda
Tjitte Weistra,Ciudadanía,Reino de los Países Bajos
Karen Zapata,Lugar de nacimiento,Ferreñafe
Karen Zapata,Ocupación,ajedrecista
Karen Zapata,Ciudadanía,Perú
Karen Zapata,Fecha de nacimiento,1982-12-28
Raoul de Verneuil,Lugar de nacimiento,Lima
Raoul de Verneuil,Ocupación,compositor
Raoul de Verneuil,Ciudadanía,Perú
Raoul de Verneuil,Fecha de nacimiento,1899-04-09
Raoul de Verneuil,Fecha de defunción,1975-01-01
Raoul de Verneuil,Ocupación,director de orquesta
Jorge Pedro Carrión Pavlich,Lugar de nacimiento,Tarma
Jorge Pedro Carrión Pavlich,Ocupación,sacerdote católico
Jorge Pedro Carrión Pavlich,Ciudadanía,Perú
Jorge Pedro Carrión Pavlich,Cargo,obispo de Puno
Jorge Pedro Carrión Pavlich,Fecha de nacimiento,1950-05-25
Jorge Pedro Carrión Pavlich,Ocupación,obispo católico
Gloria Jiménez,Ocupación,badmintonista
Gloria Jiménez,Ciudadanía,Perú
Gloria Jiménez,Premio recibido,campeón nacional
Gloria Jiménez,Fecha de nacimiento,1950-01-01
Gloria Jiménez,Premio recibido,South American champion
Grimaldo González,Lugar de nacimiento,Lima
Grimaldo González,Ocupación,entrenador
Grimaldo González,Ciudadanía,Perú
Grimaldo González,Fecha de nacimiento,1922-09-22
Grimaldo González,Fecha de defunción,2007-02-14
Grimaldo González,Ocupación,futbolista
Nelly Fonseca,Lugar de nacimiento,Lima
Nelly Fonseca,Ocupación,escritor
Nelly Fonseca,Ciudadanía,Perú
Nelly Fonseca,Fecha de nacimiento,1922-10-12
Nelly Fonseca,Fecha de defunción,1963-04-09
Nelly Fonseca,Ocupación,poeta
Yanama,país,Perú
Yanama,instancia de,distrito de Perú
Yanama,capital,Yanama
Yanama,comparte fronteras con,San Luis
Yanama,comparte fronteras con,Distrito de Acochaca
sociólogo,instancia de,profesión
sociólogo,instancia de,ocupación
sociólogo,subclase de,científico social
sociólogo,ámbito de la ocupación,sociología
sociólogo,se dice que es lo mismo que,científico social
Universidad de Binghamton,país,Estados Unidos
Universidad de Binghamton,instancia de,universidad
Universidad de Binghamton,instancia de,institución educativa pública de los Estados Unidos
Universidad de Binghamton,instancia de,editorial académica
Universidad de Binghamton,situado en la entidad territorial administrativa,Vestal
Casma,país,Perú
Casma,instancia de,distrito de Perú
Casma,capital,Casma
Casma,comparte fronteras con,Distrito de Comandante Noel
Casma,comparte fronteras con,Distrito de Nepeña
Universidad Ricardo Palma,país,Perú
Universidad Ricardo Palma,instancia de,universidad
Universidad Ricardo Palma,instancia de,editor de acceso abierto
Universidad Ricardo Palma,fundador,Antonio San Cristóbal
Universidad Ricardo Palma,situado en la entidad territorial administrativa,Lima
Suiza,capital,Berna
Suiza,idioma oficial,francés
Suiza,idioma oficial,alemán
Suiza,idioma oficial,italiano
Suiza,idioma oficial,romanche
embajador en España,país,España
embajador en España,instancia de,clase de embajadores en un país
embajador en España,subclase de,embajador en un país
embajador en España,opuesto a,embajador de España
embajador en España,categoría principal del tema,Categoría:Embajadores en España
Pour le Mérite,rango inmediatamente inferior,Orden de San Juan (Dominio Brandeburgo)
Pour le Mérite,rango inmediatamente superior,Orden de Hohenzollern
Pour le Mérite,país,Prusia
Pour le Mérite,instancia de,orden de caballería
Pour le Mérite,instancia de,condecoración civil
entrenador de bádminton,instancia de,profesión
entrenador de bádminton,subclase de,entrenador
entrenador de bádminton,ámbito de la ocupación,bádminton
entrenador de bádminton,deporte,bádminton
entrenador de bádminton,categoría principal del tema,Categoría:Entrenador de bádminton
Ferreñafe,país,Perú
Ferreñafe,instancia de,ciudad
Ferreñafe,situado en la entidad territorial administrativa,Departamento de Lambayeque
Ferreñafe,se encuentra en el huso horario,UTC-05:00
Ferreñafe,categoría principal del tema,Categoría:Ferreñafe
obispo de Puno,país,Perú
obispo de Puno,instancia de,función episcopal
obispo de Puno,subclase de,obispo diocesano
obispo de Puno,subclase de,ordinario
obispo de Puno,subclase de,obispo sufragáneo
Estados Unidos,relación diplomática,Rumania
Estados Unidos,relación diplomática,Macedonia del Norte
Estados Unidos,relación diplomática,Albania
Estados Unidos,relación diplomática,Croacia
Estados Unidos,relación diplomática,Bosnia y Herzegovina
Academia Militar de los Estados Unidos,diferente de,West Point
Academia Militar de los Estados Unidos,P2643,colegios de bachillerato: enfoque en artes y ciencias
Carlos Sowersby,Ocupación,militar
Carlos Sowersby,Ciudadanía,Perú
Carlos Sowersby,Fecha de nacimiento,1795-01-01
Carlos Sowersby,Fecha de defunción,1824-08-08
Carlos Torres Garay,Lugar de nacimiento,Lima
Carlos Torres Garay,Ocupación,futbolista
Carlos Torres Garay,Ciudadanía,Perú
Carlos Torres Garay,Fecha de nacimiento,1966-06-25
Carlos Torres y Torres Lara,Lugar de nacimiento,Lima
Carlos Torres y Torres Lara,Ocupación,abogado
Carlos Torres y Torres Lara,Ciudadanía,Perú
Carlos Torres y Torres Lara,Educado en,Universidad de Münster
Carlos Torres y Torres Lara,Cargo,Presidente del Consejo de Ministros del Perú
Carlos Torres y Torres Lara,Premio recibido,Gran Cruz de la Orden El Sol del Perú
Carlos Torres y Torres Lara,Fecha de nacimiento,1942-11-01
Carlos Torres y Torres Lara,Fecha de defunción,2000-06-16
Carlos Torres y Torres Lara,Ocupación,político
Carlos Torres y Torres Lara,Ocupación,profesor universitario
Carlos Torres y Torres Lara,Educado en,Pontificia Universidad Católica del Perú
Carlos Torres y Torres Lara,Educado en,Universidad Nacional Mayor de San Marcos
Carlos Torres y Torres Lara,Cargo,Ministro de Relaciones Exteriores del Perú
Carlos Torres y Torres Lara,Cargo,presidente del Congreso de la República del Perú
Carlos Torres y Torres Lara,Cargo,Ministro de Trabajo y Promoción del Empleo del Perú
Carlos Torres y Torres Lara,Cargo,miembro del Congreso Constituyente Democrático
Carlos Tubino,Lugar de nacimiento,Lima
Carlos Tubino,Ocupación,político
Carlos Tubino,Ciudadanía,Perú
Carlos Tubino,Educado en,Colegio de la Inmaculada
Carlos Tubino,Cargo,congresista del Perú
Carlos Tubino,Fecha de nacimiento,1949-08-01
Carlos Tubino,Ocupación,oficial naval
Carlos Tubino,Educado en,Escuela Naval del Perú
Carlos Uribe Zambrano,Lugar de nacimiento,Lima
Carlos Uribe Zambrano,Ocupación,futbolista
Carlos Uribe Zambrano,Ciudadanía,Perú
Carlos Uribe Zambrano,Fecha de nacimiento,1992-03-25
Carlos Valderrama Herrera,Lugar de nacimiento,Trujillo
Carlos Valderrama Herrera,Ocupación,compositor
Carlos Valderrama Herrera,Ciudadanía,Perú
Carlos Valderrama Herrera,Fecha de nacimiento,1887-01-01
Carlos Valderrama Herrera,Fecha de defunción,1950-01-01
Carlos Valderrama Herrera,Ocupación,pianista
Carlos Valdivia,Lugar de nacimiento,Arequipa
Carlos Valdivia,Ocupación,futbolista
Carlos Valdivia,Ciudadanía,Perú
Carlos Valdivia,Fecha de nacimiento,1919-08-07
Carlos Valdivia,Fecha de defunción,1987-12-28
Carlos Vidal Layseca,Lugar de nacimiento,Lima
Carlos Vidal Layseca,Ocupación,médico
Carlos Vidal Layseca,Ciudadanía,Perú
Carlos Vidal Layseca,Educado en,Universidad Nacional Mayor de San Marcos
Carlos Vidal Layseca,Cargo,Ministro de Salud del Perú
Carlos Vidal Layseca,Fecha de nacimiento,1931-02-04
Carlos Vidal Layseca,Fecha de defunción,2017-09-24
Carlos Vidal Layseca,Ocupación,político
Carlos Washburn,Ocupación,juez
Carlos Washburn,Ciudadanía,Perú
Carlos Washburn,Educado en,Universidad Nacional de San Agustín de Arequipa
Carlos Washburn,Cargo,Presidente del Consejo de Ministros del Perú
Carlos Washburn,Fecha de nacimiento,1854-06-21
Carlos Washburn,Fecha de defunción,1925-01-01
Carlos Washburn,Ocupación,abogado
Carlos Washburn,Ocupación,político
Carlos Washburn,Ocupación,magistrado
Carlos Zavala Loayza,Ocupación,abogado
Carlos Zavala Loayza,Ciudadanía,Perú
Carlos Zavala Loayza,Educado en,Universidad Nacional Mayor de San Marcos
Carlos Zavala Loayza,Cargo,Ministro de Relaciones Exteriores del Perú
Carlos Zavala Loayza,Fecha de nacimiento,1882-07-24
Carlos Zavala Loayza,Fecha de defunción,1957-09-24
Carlos Zavala Loayza,Ocupación,político
Carlos Zavala Loayza,Ocupación,diplomático
Carlos Zavala Loayza,Ocupación,magistrado
Carlos Zúñiga Segura,Lugar de nacimiento,Pampas
Carlos Zúñiga Segura,Ocupación,escritor
Carlos Zúñiga Segura,Ciudadanía,Perú
Carlos Zúñiga Segura,Fecha de nacimiento,1942-06-19
Carlos Zúñiga Segura,Fecha de defunción,2025-02-07
Carlos Zúñiga Segura,Ocupación,poeta
Carlos de los Heros,Lugar de nacimiento,Lima
Carlos de los Heros,Ocupación,marino
Carlos de los Heros,Ciudadanía,Perú
Carlos de los Heros,Fecha de nacimiento,1850-09-24
Carlos de los Heros,Ocupación,militar
Carlos Álvarez,Lugar de nacimiento,Lima
Carlos Álvarez,Ocupación,actor
Carlos Álvarez,Ciudadanía,Perú
Carlos Álvarez,Premio recibido,Premios Luces
Carlos Álvarez,Fecha de nacimiento,1964-01-07
Carlos Zegarra,Lugar de nacimiento,Lima
Carlos Zegarra,Ocupación,yudoca
Carlos Zegarra,Ciudadanía,Perú
Carlos Zegarra,Fecha de nacimiento,1984-09-01
Carmela Abad Mendieta,Lugar de nacimiento,Pampas
Carmela Abad Mendieta,Ocupación,escritor
Carmela Abad Mendieta,Ciudadanía,Perú
Carmela Abad Mendieta,Fecha de nacimiento,1948-05-20
Carmela Abad Mendieta,Ocupación,poeta
Carmen Vildoso Chirinos,Lugar de nacimiento,Perú
Carmen Vildoso Chirinos,Ocupación,político
Carmen Vildoso Chirinos,Ciudadanía,Perú
Carmen Vildoso Chirinos,Educado en,Pontificia Universidad Católica del Perú
Carmen Vildoso Chirinos,Cargo,Ministra de la Mujer y Poblaciones Vulnerables de Perú
Carmen Vildoso Chirinos,Fecha de nacimiento,2000-01-01
Carmen Vildoso Chirinos,Ocupación,sociólogo
Carmen Vildoso Chirinos,Educado en,Universidad Nacional Mayor de San Marcos
Carmencita Lara,Lugar de nacimiento,Trujillo
Carmencita Lara,Ocupación,cantante
Carmencita Lara,Ciudadanía,Perú
Carmencita Lara,Fecha de nacimiento,1926-10-08
Carmencita Lara,Fecha de defunción,2018-09-18
Carolina Cano,Lugar de nacimiento,Lima
Carolina Cano,Ocupación,actor
Carolina Cano,Ciudadanía,Estados Unidos
Carolina Cano,Fecha de nacimiento,1985-07-24
Carolina Cano,Ciudadanía,Perú
Carolina Infante,Lugar de nacimiento,Huaraz
Carolina Infante,Ocupación,actor
Carolina Infante,Ciudadanía,Perú
Carolina Infante,Fecha de nacimiento,1981-05-01
Carolina Infante,Ocupación,actor de cine
Carolina Trivelli,Lugar de nacimiento,Distrito de Miraflores
Carolina Trivelli,Ocupación,economista
Carolina Trivelli,Ciudadanía,Perú
Carolina Trivelli,Educado en,Pontificia Universidad Católica del Perú
Carolina Trivelli,Empleador,Pontificia Universidad Católica del Perú
Carolina Trivelli,Cargo,Ministro de Desarrollo e Inclusión Social del Perú
Carolina Trivelli,Fecha de nacimiento,1968-06-26
Carolina Trivelli,Ocupación,columnista
Carolina Trivelli,Ocupación,profesor universitario
Carolina Trivelli,Educado en,Universidad Estatal de Pensilvania
Universidad de Münster,país,Alemania
Universidad de Münster,instancia de,Registrador de Internet Local
Universidad de Münster,instancia de,universidad pública
Universidad de Münster,situado en la entidad territorial administrativa,Münster
Ministro de Salud del Perú,país,Perú
Ministro de Salud del Perú,instancia de,cargo
Ministro de Salud del Perú,subclase de,ministro de salud
Ministro de Salud del Perú,forma parte de,Consejo de Ministros del Perú
Ministro de Salud del Perú,categoría principal del tema,Categoría:Ministros de Salud de Perú
Pampas,país,Perú
Pampas,instancia de,ciudad
Pampas,instancia de,asentamiento
Pampas,situado en la entidad territorial administrativa,Departamento de Huancavelica
Pampas,categoría principal del tema,Categoría:Pampas
yudoca,instancia de,profesión
yudoca,instancia de,ocupación
yudoca,subclase de,deportista
yudoca,subclase de,artista marcial
Ministra de la Mujer y Poblaciones Vulnerables de Perú,país,Perú
Ministra de la Mujer y Poblaciones Vulnerables de Perú,instancia de,cargo público
Ministra de la Mujer y Poblaciones Vulnerables de Perú,forma parte de,Consejo de Ministros del Perú
Ministra de la Mujer y Poblaciones Vulnerables de Perú,categoría principal del tema,Categoría:Ministras de la Mujer y Desarrollo Social de Perú
Ministra de la Mujer y Poblaciones Vulnerables de Perú,aplica a la jurisdicción,Perú
Huaraz,país,Perú
Huaraz,instancia de,ciudad
Huaraz,instancia de,gran ciudad
Huaraz,situado en la entidad territorial administrativa,Departamento de Áncash
Huaraz,ciudad hermana,Cajamarca
actor de cine,instancia de,profesión del cine
actor de cine,subclase de,actor
actor de cine,categoría principal del tema,Categoría:Actores de cine
actor de cine,diferente de,actor de televisión
Distrito de Miraflores,país,Perú
Distrito de Miraflores,instancia de,distrito de Perú
Distrito de Miraflores,comparte fronteras con,Santiago de Surco
Distrito de Miraflores,comparte fronteras con,Distrito de Barranco
Distrito de Miraflores,comparte fronteras con,San Isidro
economista,instancia de,profesión
economista,instancia de,grupo de ocupaciones de la CIUO
economista,subclase de,científico social
economista,subclase de,profesionales sociales y religiosos
economista,ámbito de la ocupación,economía
Pilar Bellido,Ocupación,badmintonista
Pilar Bellido,Ciudadanía,Perú
Pilar Bellido,Fecha de nacimiento,1969-02-08
Pozzi Escot,Lugar de nacimiento,Lima
Pozzi Escot,Ocupación,compositor
Pozzi Escot,Ciudadanía,Perú
Pozzi Escot,Educado en,Escuela Juilliard
Pozzi Escot,Empleador,Conservatorio de Música de Nueva Inglaterra
Pozzi Escot,Fecha de nacimiento,1933-10-01
Pozzi Escot,Ocupación,profesor universitario
Pozzi Escot,Ocupación,profesor de música
Pozzi Escot,Educado en,Reed College
Juan Postigos,Lugar de nacimiento,Lima
Juan Postigos,Ocupación,yudoca
Juan Postigos,Ciudadanía,Perú
Juan Postigos,Fecha de nacimiento,1989-05-13
Blanca Varela,Lugar de nacimiento,Lima
Blanca Varela,Ocupación,escritor
Blanca Varela,Ciudadanía,Perú
Blanca Varela,Educado en,Universidad Nacional Mayor de San Marcos
Blanca Varela,Obra notable,Luz de día
Blanca Varela,Premio recibido,Premio Reina Sofía de Poesía Iberoamericana
Blanca Varela,Fecha de nacimiento,1926-08-10
Blanca Varela,Fecha de defunción,2009-03-12
Blanca Varela,Ocupación,poeta
Blanca Varela,Ocupación,traductor
Blanca Varela,Ocupación,periodista
Blanca Varela,Premio recibido,Comendador de la Orden del Sol del Perú
Blanca Varela,Premio recibido,Orden al Mérito de la Mujer
Blanca Varela,Obra notable,Ese puerto existe
Blanca Varela,Obra notable,Valses y otras falsas confesiones
Blanca Varela,Obra notable,Canto villano
Pedro Pablo Bermúdez Ascarza,Lugar de nacimiento,Tarma
Pedro Pablo Bermúdez Ascarza,Ocupación,militar
Pedro Pablo Bermúdez Ascarza,Ciudadanía,Perú
Pedro Pablo Bermúdez Ascarza,Cargo,diputado de Perú
Pedro Pablo Bermúdez Ascarza,Fecha de nacimiento,1793-06-27
Pedro Pablo Bermúdez Ascarza,Fecha de defunción,1852-03-30
Pedro Pablo Bermúdez Ascarza,Ocupación,político
Raúl Chau Quispe,Lugar de nacimiento,Lima
Raúl Chau Quispe,Ocupación,sacerdote católico
Raúl Chau Quispe,Ciudadanía,Perú
Raúl Chau Quispe,Cargo,obispo auxiliar
Raúl Chau Quispe,Fecha de nacimiento,1967-09-15
Raúl Chau Quispe,Ocupación,obispo católico
Raúl Chau Quispe,Cargo,obispo titular
Esther Castañeda,Lugar de nacimiento,Lima
Esther Castañeda,Ocupación,escritor
Esther Castañeda,Ciudadanía,Perú
Esther Castañeda,Educado en,Universidad Nacional Mayor de San Marcos
Esther Castañeda,Fecha de nacimiento,1947-02-12
Esther Castañeda,Fecha de defunción,2010-02-24
Esther Castañeda,Ocupación,poeta
Ricardo García García,Lugar de nacimiento,Lima
Ricardo García García,Ocupación,sacerdote católico
Ricardo García García,Ciudadanía,Perú
Ricardo García García,Educado en,Pontificia Universidad de la Santa Cruz
Ricardo García García,Fecha de nacimiento,1955-03-13
Ricardo García García,Ocupación,obispo católico
Ricardo García García,Educado en,Universidad de Piura
Roberto Silva,Lugar de nacimiento,Lima
Roberto Silva,Ocupación,entrenador
Roberto Silva,Ciudadanía,Perú
Roberto Silva,Fecha de nacimiento,1976-06-01
Roberto Silva,Ocupación,futbolista
Rodolfo Holzmann,Lugar de nacimiento,Breslavia
Rodolfo Holzmann,Ocupación,compositor
Rodolfo Holzmann,Ciudadanía,Perú
Rodolfo Holzmann,Fecha de nacimiento,1910-11-27
Rodolfo Holzmann,Fecha de defunción,1992-04-04
Rodolfo Holzmann,Ocupación,etnomusicólogo
Vladimiro Montesinos,Lugar de nacimiento,Arequipa
Vladimiro Montesinos,Ocupación,militar
Vladimiro Montesinos,Ciudadanía,Perú
Vladimiro Montesinos,Educado en,Universidad Nacional Mayor de San Marcos
Vladimiro Montesinos,Cargo,asesor político
Vladimiro Montesinos,Fecha de nacimiento,1945-05-20
Vladimiro Montesinos,Ocupación,político
Vladimiro Montesinos,Ocupación,traficante de armas
Vladimiro Montesinos,Educado en,Instituto del Hemisferio Occidental para la Cooperación en Seguridad
Vladimiro Montesinos,Educado en,Escuela Militar de Chorrillos
Vladimiro Montesinos,Educado en,Colegio Militar Francisco Bolognesi
Johan Sotil,Lugar de nacimiento,Lima
Johan Sotil,Ocupación,entrenador
Johan Sotil,Ciudadanía,Perú
Johan Sotil,Fecha de nacimiento,1982-08-29
Johan Sotil,Ocupación,futbolista
Salvador Piñeiro,Lugar de nacimiento,Lima
Salvador Piñeiro,Ocupación,sacerdote católico
Salvador Piñeiro,Ciudadanía,Perú
Salvador Piñeiro,Cargo,obispo auxiliar
Salvador Piñeiro,Fecha de nacimiento,1949-01-27
Salvador Piñeiro,Ocupación,obispo católico
Salvador Piñeiro,Cargo,Arzobispo de Ayacucho
Salvador Piñeiro,Cargo,Ordinario Militar del Perú
Francisco Javier de Luna Pizarro,Lugar de nacimiento,Arequipa
Francisco Javier de Luna Pizarro,Ocupación,abogado
Francisco Javier de Luna Pizarro,Ciudadanía,España
Francisco Javier de Luna Pizarro,Educado en,Universidad Nacional Mayor de San Marcos
Francisco Javier de Luna Pizarro,Cargo,obispo auxiliar
Francisco Javier de Luna Pizarro,Fecha de nacimiento,1780-11-03
Francisco Javier de Luna Pizarro,Fecha de defunción,1855-02-02
Francisco Javier de Luna Pizarro,Ocupación,político
Francisco Javier de Luna Pizarro,Ocupación,sacerdote católico
Francisco Javier de Luna Pizarro,Ocupación,obispo católico
Francisco Javier de Luna Pizarro,Ocupación,diácono católico
Francisco Javier de Luna Pizarro,Ciudadanía,Perú
Clemente Palma,Lugar de nacimiento,Lima
Clemente Palma,Ocupación,periodista
Clemente Palma,Ciudadanía,Perú
Clemente Palma,Educado en,Universidad Nacional Mayor de San Marcos
Clemente Palma,Empleador,Variedades
Clemente Palma,Miembro de,Academia Peruana de la Lengua
Clemente Palma,Cargo,diputado de Perú
Clemente Palma,Fecha de nacimiento,1872-12-03
Clemente Palma,Fecha de defunción,1946-08-13
Clemente Palma,Ocupación,crítico literario
Clemente Palma,Ocupación,novelista
Clemente Palma,Ocupación,ensayista
Clemente Palma,Ocupación,escritor de cuentos
Silvia Jiménez,Ocupación,badmintonista
Silvia Jiménez,Ciudadanía,Perú
Silvia Jiménez,Premio recibido,Pan American champion
Silvia Jiménez,Fecha de nacimiento,1965-01-01
Silvia Jiménez,Premio recibido,campeón nacional
Silvia Jiménez,Premio recibido,South American champion
Alicia Delgado,Lugar de nacimiento,Oyón
Alicia Delgado,Ocupación,cantante
Alicia Delgado,Ciudadanía,Perú
Alicia Delgado,Fecha de nacimiento,1959-05-06
Alicia Delgado,Fecha de defunción,2009-06-24
Jorge Soto,Lugar de nacimiento,Lima
Jorge Soto,Ocupación,entrenador
Jorge Soto,Ciudadanía,Perú
Jorge Soto,Fecha de nacimiento,1971-10-27
Jorge Soto,Ocupación,futbolista
José Carvallo,Lugar de nacimiento,Lima
José Carvallo,Ocupación,futbolista
José Carvallo,Ciudadanía,Perú
José Carvallo,Fecha de nacimiento,1986-03-01
Hugo Sotil,Lugar de nacimiento,Ica
Hugo Sotil,Ocupación,actor
Hugo Sotil,Ciudadanía,Perú
Hugo Sotil,Fecha de nacimiento,1949-05-18
Hugo Sotil,Fecha de defunción,2024-12-30
Hugo Sotil,Ocupación,futbolista
Francisco Javier de Luna Pizarro,Educado en,Universidad Nacional de San Antonio Abad del Cusco
Francisco Javier de Luna Pizarro,Cargo,obispo titular
Francisco Javier de Luna Pizarro,Cargo,Arzobispo de Lima
Clemente Palma,Ocupación,político
Clemente Palma,Empleador,Universidad Nacional Mayor de San Marcos
Clemente Palma,Ocupación,profesor universitario
Clemente Palma,Empleador,El Comercio
Clemente Palma,Empleador,Biblioteca Nacional del Perú
Clemente Palma,Empleador,La Crónica
Escuela Juilliard,país,Estados Unidos
Escuela Juilliard,instancia de,conservatorio de música
Escuela Juilliard,instancia de,escuela de arte dramático
Escuela Juilliard,instancia de,institución educativa privada sin fines de lucro
Escuela Juilliard,situado en la entidad territorial administrativa,Nueva York
Conservatorio de Música de Nueva Inglaterra,país,Estados Unidos
Conservatorio de Música de Nueva Inglaterra,continente,América del Norte
Conservatorio de Música de Nueva Inglaterra,instancia de,conservatorio de música
Conservatorio de Música de Nueva Inglaterra,instancia de,academia de música
Conservatorio de Música de Nueva Inglaterra,instancia de,edificio universitario
Luz de día,instancia de,obra literaria
Luz de día,autor,Blanca Varela
Luz de día,género,poesía
sacerdote católico,subclase de,clérigo católico
Pontificia Universidad de la Santa Cruz,país,Italia
Pontificia Universidad de la Santa Cruz,instancia de,universidad pontificia
Pontificia Universidad de la Santa Cruz,situado en la entidad territorial administrativa,Roma
Pontificia Universidad de la Santa Cruz,filial,Centro de Documentación Interdisciplinar de la Ciencia y la Fe
Pontificia Universidad de la Santa Cruz,forma parte de,propiedades de la Santa Sede
Breslavia,jefe de gobierno,Jacek Sutryk
Breslavia,país,Polonia
Breslavia,instancia de,ciudad con derechos de distrito
Breslavia,comparte fronteras con,Siechnice
asesor político,instancia de,ocupación
asesor político,subclase de,asesor
asesor político,subclase de,consultor
asesor político,ámbito de la ocupación,marketing político
asesor político,ámbito de la ocupación,estrategia política
Variedades,país,Perú
Variedades,instancia de,semanario
Variedades,instancia de,revista ilustrada
Variedades,fundador,Manuel Moral y Vega
Variedades,lugar de publicación,Lima
Oyón,país,Perú
Oyón,instancia de,villa
Oyón,situado en la entidad territorial administrativa,Departamento de Lima
Oyón,capital de,Distrito de Oyón
Oyón,capital de,Provincia de Oyón
Juan Bautista Eléspuru,Lugar de nacimiento,Tacna
Juan Bautista Eléspuru,Ocupación,militar
Juan Bautista Eléspuru,Ciudadanía,Perú
Juan Bautista Eléspuru,Fecha de nacimiento,1787-01-01
Juan Bautista Eléspuru,Fecha de defunción,1839-01-01
Juan Bautista Eléspuru,Ocupación,político
Juan Bautista Túpac Amaru,Lugar de nacimiento,Tungasuca
Juan Bautista Túpac Amaru,Ocupación,militar
Juan Bautista Túpac Amaru,Ciudadanía,Perú
Juan Bautista Túpac Amaru,Fecha de nacimiento,1747-01-01
Juan Bautista Túpac Amaru,Fecha de defunción,1827-01-01
Juan Bautista Túpac Amaru,Ocupación,político
Juan Bautista de Lavalle,Lugar de nacimiento,Lima
Juan Bautista de Lavalle,Ocupación,militar
Juan Bautista de Lavalle,Ciudadanía,Perú
Juan Bautista de Lavalle,Premio recibido,Encomienda de la Orden de Isabel la Católica
Juan Bautista de Lavalle,Fecha de nacimiento,1782-01-01
Juan Bautista de Lavalle,Fecha de defunción,1851-01-01
Juan Bravo del Ribero y Correa,Ciudadanía,Perú
Juan Bravo del Ribero y Correa,Educado en,Universidad Nacional Mayor de San Marcos
Juan Bravo del Ribero y Correa,Fecha de nacimiento,1685-01-01
Juan Bravo del Ribero y Correa,Fecha de defunción,1752-01-01
Juan Bustamante Arenas,Ocupación,empresario
Juan Bustamante Arenas,Ciudadanía,Perú
Juan Bustamante Arenas,Educado en,Universidad de Lima
Juan Bustamante Arenas,Fecha de nacimiento,1958-11-15
Juan Bustamante Arenas,Ocupación,político
Rafael Yamashiro,Lugar de nacimiento,Ica
Rafael Yamashiro,Ocupación,político
Rafael Yamashiro,Ciudadanía,Perú
Rafael Yamashiro,Cargo,congresista del Perú
Rafael Yamashiro,Fecha de nacimiento,1963-06-25
Juan Caballero Lora,Lugar de nacimiento,Trujillo
Juan Caballero Lora,Ocupación,futbolista
Juan Caballero Lora,Ciudadanía,Perú
Juan Caballero Lora,Fecha de nacimiento,1956-06-27
Juan Caballero Lora,Fecha de nacimiento,1958-06-27
Juan Carlos Fisher,Lugar de nacimiento,Lima
Juan Carlos Fisher,Ocupación,director de teatro
Juan Carlos Fisher,Ciudadanía,Perú
Juan Carlos Fisher,Educado en,Pontificia Universidad Católica del Perú
Juan Carlos Fisher,Fecha de nacimiento,1981-01-01
Laurita Pacheco,Lugar de nacimiento,Arequipa
Laurita Pacheco,Ocupación,músico
Laurita Pacheco,Ciudadanía,Perú
Laurita Pacheco,Fecha de nacimiento,1985-08-04
Juan Carrillo Barbadillo,Lugar de nacimiento,Callao
Juan Carrillo Barbadillo,Ocupación,futbolista
Juan Carrillo Barbadillo,Ciudadanía,Perú
Juan Carrillo Barbadillo,Fecha de nacimiento,1977-05-12
Juan Castellanos,Lugar de nacimiento,Arequipa
Juan Castellanos,Ocupación,futbolista
Juan Castellanos,Ciudadanía,Perú
Juan Castellanos,Fecha de nacimiento,1990-06-15
Juan Castro Nalli,Ocupación,compositor
Juan Castro Nalli,Ciudadanía,Perú
Juan Castro Nalli,Educado en,Pontificia Universidad Católica del Perú
Juan Castro Nalli,Fecha de nacimiento,1940-08-17
Juan Castro Nalli,Ocupación,pianista
Juan Criado,Lugar de nacimiento,Callao
Juan Criado,Ocupación,compositor
Juan Criado,Ciudadanía,Perú
Juan Criado,Fecha de nacimiento,1913-06-24
Juan Criado,Fecha de defunción,1978-05-13
Juan Criado,Ocupación,futbolista
Juan Diego Gutiérrez,Lugar de nacimiento,Lima
Juan Diego Gutiérrez,Ocupación,futbolista
Juan Diego Gutiérrez,Ciudadanía,Perú
Juan Diego Gutiérrez,Fecha de nacimiento,1992-04-28
Juan Diez de San Miguel y Solier,Ocupación,sacerdote
Juan Diez de San Miguel y Solier,Ciudadanía,Perú
Juan Diez de San Miguel y Solier,Educado en,Universidad Nacional Mayor de San Marcos
Juan Diez de San Miguel y Solier,Fecha de nacimiento,1598-01-01
Juan Emilio Salinas,Lugar de nacimiento,Lima
Juan Emilio Salinas,Ocupación,futbolista
Juan Emilio Salinas,Ciudadanía,Perú
