entidad,relacion,objeto
Lisvel Elisa Eve,Lugar de nacimiento,Puerto Plata
Lisvel Elisa Eve,Ocupación,voleibolista
Lisvel Elisa Eve,Ciudadanía,República Dominicana
Lisvel Elisa Eve,Fecha de nacimiento,1991-09-10
Marianne Cruz,Lugar de nacimiento,Salcedo
Marianne Cruz,Ocupación,modelo
Marianne Cruz,Ciudadanía,República Dominicana
Marianne Cruz,Fecha de nacimiento,1985-04-23
Marianne Cruz,Ocupación,comunicador
Marianne Cruz,Ocupación,participante en concursos de belleza
Valentín Reynoso Hidalgo,Lugar de nacimiento,María Trinidad Sánchez
Valentín Reynoso Hidalgo,Ocupación,sacerdote católico
Valentín Reynoso Hidalgo,Ciudadanía,República Dominicana
Valentín Reynoso Hidalgo,Educado en,Pontificia Universidad Gregoriana
Valentín Reynoso Hidalgo,Cargo,obispo titular
Valentín Reynoso Hidalgo,Fecha de nacimiento,1942-12-16
Valentín Reynoso Hidalgo,Ocupación,obispo católico
Valentín Reynoso Hidalgo,Cargo,Obispo auxiliar de Santiago de los Caballeros
Jeoselyna Rodríguez,Lugar de nacimiento,Santo Domingo
Jeoselyna Rodríguez,Ocupación,voleibolista
Jeoselyna Rodríguez,Ciudadanía,República Dominicana
Jeoselyna Rodríguez,Fecha de nacimiento,1991-12-09
Violeta Stephen,Lugar de nacimiento,San Pedro de Macorís
Violeta Stephen,Ocupación,cantante
Violeta Stephen,Ciudadanía,República Dominicana
Violeta Stephen,Fecha de nacimiento,1929-11-21
Victor Emilio Masalles Pere,Lugar de nacimiento,Barcelona
Victor Emilio Masalles Pere,Ocupación,economista
Victor Emilio Masalles Pere,Ciudadanía,República Dominicana
Victor Emilio Masalles Pere,Educado en,Pontificia Universidad Gregoriana
Victor Emilio Masalles Pere,Cargo,obispo titular
Victor Emilio Masalles Pere,Fecha de nacimiento,1961-06-29
Victor Emilio Masalles Pere,Ocupación,sacerdote católico
Victor Emilio Masalles Pere,Ocupación,obispo católico
Victor Emilio Masalles Pere,Ocupación,nadador
Victor Emilio Masalles Pere,Cargo,Obispo de Baní
Victor Emilio Masalles Pere,Cargo,Obispo auxiliar de la Arquidiócesis de Santo Domingo
Wendy Cruz,Lugar de nacimiento,Santiago de los Caballeros
Wendy Cruz,Ocupación,ciclista
Wendy Cruz,Ciudadanía,República Dominicana
Wendy Cruz,Fecha de nacimiento,1976-03-07
Francisco García,Lugar de nacimiento,Santo Domingo
Francisco García,Ocupación,baloncestista
Francisco García,Ciudadanía,República Dominicana
Francisco García,Educado en,Universidad de Louisville
Francisco García,Fecha de nacimiento,1980-12-31
Francisco García,Fecha de nacimiento,1981-12-31
Francisco García,Educado en,Cheshire Academy
Francisco García,Educado en,The Winchendon School
Mariasela Álvarez,Lugar de nacimiento,Santo Domingo
Mariasela Álvarez,Ocupación,arquitecto
Mariasela Álvarez,Ciudadanía,España
Mariasela Álvarez,Fecha de nacimiento,1960-01-31
Mariasela Álvarez,Ocupación,productor de televisión
Mariasela Álvarez,Ocupación,presentador de televisión
Mariasela Álvarez,Ocupación,modelo
Mariasela Álvarez,Ocupación,filántropo
Mariasela Álvarez,Ocupación,participante en concursos de belleza
Mariasela Álvarez,Ciudadanía,República Dominicana
Brenda Castillo,Lugar de nacimiento,San Cristóbal
Brenda Castillo,Ocupación,voleibolista
Brenda Castillo,Ciudadanía,República Dominicana
Brenda Castillo,Fecha de nacimiento,1992-06-05
Ramfis Trujillo,Lugar de nacimiento,República Dominicana
Ramfis Trujillo,Ocupación,político
Ramfis Trujillo,Ciudadanía,República Dominicana
Ramfis Trujillo,Educado en,Colegio de Comando y Estado Mayor General del Ejército de los Estados Unidos
Ramfis Trujillo,Cargo,presidente de la República Dominicana
Ramfis Trujillo,Fecha de nacimiento,1929-06-05
Ramfis Trujillo,Fecha de defunción,1969-12-27
Ramfis Trujillo,Fecha de defunción,1969-12-28
Aneury Rodríguez,Lugar de nacimiento,Higüey
Aneury Rodríguez,Ocupación,beisbolista
Aneury Rodríguez,Ciudadanía,República Dominicana
Aneury Rodríguez,Fecha de nacimiento,1987-12-13
Miriam Cruz,Lugar de nacimiento,Santo Domingo
Miriam Cruz,Ocupación,actor
Miriam Cruz,Ciudadanía,República Dominicana
Miriam Cruz,Miembro de,Las Chicas del Can
Miriam Cruz,Fecha de nacimiento,1968-08-17
Miriam Cruz,Ocupación,cantante
Annerys Vargas,Lugar de nacimiento,Santo Domingo
Annerys Vargas,Ocupación,voleibolista
Annerys Vargas,Ciudadanía,República Dominicana
Annerys Vargas,Fecha de nacimiento,1981-08-07
Melky Cabrera,Lugar de nacimiento,Santo Domingo
Melky Cabrera,Ocupación,beisbolista
Melky Cabrera,Ciudadanía,República Dominicana
Melky Cabrera,Fecha de nacimiento,1984-08-11
Yoel Tapia,Lugar de nacimiento,Monte Cristi
Yoel Tapia,Ocupación,atleta
Yoel Tapia,Ciudadanía,República Dominicana
Yoel Tapia,Fecha de nacimiento,1984-09-11
Jhonny Peralta,Lugar de nacimiento,Santiago de los Caballeros
Jhonny Peralta,Ocupación,beisbolista
Jhonny Peralta,Ciudadanía,República Dominicana
Jhonny Peralta,Fecha de nacimiento,1982-05-28
Pedro Mir,Lugar de nacimiento,San Pedro de Macorís
Pedro Mir,Ocupación,escritor
Pedro Mir,Ciudadanía,República Dominicana
Pedro Mir,Educado en,Universidad Autónoma de Santo Domingo
Pedro Mir,Premio recibido,Orden Heráldica de Cristóbal Colón
Pedro Mir,Fecha de nacimiento,1913-06-03
Pedro Mir,Fecha de defunción,2000-07-11
Pedro Mir,Ocupación,abogado
Pedro Mir,Ocupación,poeta
Carlos Santa,Lugar de nacimiento,Municipio de Azua
Carlos Santa,Ocupación,atleta
Carlos Santa,Ciudadanía,República Dominicana
Carlos Santa,Fecha de nacimiento,1978-01-07
Wilson Betemit,Lugar de nacimiento,Santo Domingo
Wilson Betemit,Ocupación,beisbolista
Wilson Betemit,Ciudadanía,República Dominicana
Wilson Betemit,Fecha de nacimiento,1981-11-02
Puerto Plata,país,República Dominicana
Puerto Plata,instancia de,municipio de la República Dominicana
Puerto Plata,situado en la entidad territorial administrativa,Puerto Plata
Puerto Plata,ciudad hermana,Rochester
Puerto Plata,categoría principal del tema,Categoría:San Felipe de Puerto Plata
voleibolista,instancia de,profesión
voleibolista,subclase de,deportista
voleibolista,subclase de,jugador competitivo
voleibolista,ámbito de la ocupación,voleibol
voleibolista,ámbito de la ocupación,voleibol sentado
República Dominicana,país,República Dominicana
República Dominicana,jefe de gobierno,Luis Abinader
República Dominicana,continente,América del Norte
República Dominicana,instancia de,país
República Dominicana,instancia de,país insular
Salcedo,país,República Dominicana
Salcedo,instancia de,municipio de la República Dominicana
Salcedo,situado en la entidad territorial administrativa,Hermanas Mirabal
Salcedo,ciudad hermana,Atlanta
Salcedo,ciudad hermana,Moca
modelo,instancia de,profesión
modelo,subclase de,profesional de la moda
modelo,ámbito de la ocupación,modelaje
modelo,categoría principal del tema,Categoría:Modelos
comunicador,instancia de,ocupación
comunicador,subclase de,persona
comunicador,se dice que es lo mismo que,gerente de comunicaciones
comunicador,diferente de,Comunicador (Star Trek)
María Trinidad Sánchez,categoría para las personas que nacieron aquí,Categoría:Nacidos en la provincia María Trinidad Sánchez
María Trinidad Sánchez,país,República Dominicana
María Trinidad Sánchez,instancia de,provincia de la República Dominicana
María Trinidad Sánchez,capital,Nagua
sacerdote católico,instancia de,vocación católica
sacerdote católico,religión,catolicismo
sacerdote católico,religión,Iglesia católica
sacerdote católico,subclase de,sacerdote
sacerdote católico,subclase de,presbítero
Pontificia Universidad Gregoriana,país,Italia
Pontificia Universidad Gregoriana,instancia de,universidad pontificia
Pontificia Universidad Gregoriana,instancia de,universidad jesuita
Pontificia Universidad Gregoriana,fundador,Ignacio de Loyola
Pontificia Universidad Gregoriana,situado en la entidad territorial administrativa,Roma
obispo titular,instancia de,cargo
obispo titular,instancia de,cargo eclesiástico
obispo titular,instancia de,función episcopal
obispo titular,instancia de,vocación católica
obispo titular,subclase de,obispo católico
Santo Domingo,país,República Dominicana
Santo Domingo,instancia de,ciudad
Santo Domingo,instancia de,gran ciudad
Santo Domingo,fundador,Bartolomé Colón
Santo Domingo,situado en la entidad territorial administrativa,Distrito Nacional
San Pedro de Macorís,país,República Dominicana
San Pedro de Macorís,instancia de,ciudad
San Pedro de Macorís,instancia de,municipio de la República Dominicana
San Pedro de Macorís,situado en la entidad territorial administrativa,San Pedro de Macorís
San Pedro de Macorís,ciudad hermana,Frankfort
cantante,instancia de,grupo de ocupaciones de la CIUO
cantante,instancia de,ocupación en la música
cantante,subclase de,músico
cantante,ámbito de la ocupación,canto
Barcelona,subdividido en (división administrativa),Distrito de Ciutat Vella
Barcelona,subdividido en (división administrativa),Distrito de Les Corts
Barcelona,subdividido en (división administrativa),Distrito de Nou Barris
Barcelona,subdividido en (división administrativa),Distrito de Sant Andreu
Barcelona,subdividido en (división administrativa),Sarrià-Sant Gervasi
economista,instancia de,profesión
economista,instancia de,grupo de ocupaciones de la CIUO
economista,subclase de,científico social
economista,subclase de,profesionales sociales y religiosos
economista,ámbito de la ocupación,economía
Santiago de los Caballeros,país,República Dominicana
Santiago de los Caballeros,instancia de,ciudad
Santiago de los Caballeros,instancia de,municipio de la República Dominicana
Santiago de los Caballeros,situado en la entidad territorial administrativa,Provincia de Santiago (República Dominicana)
Santiago de los Caballeros,nombrado en referencia a,Santiago el Mayor
ciclista,instancia de,profesión
ciclista,instancia de,deportista
ciclista,subclase de,ciclista
ciclista,ámbito de la ocupación,ciclismo de competición
baloncestista,instancia de,profesión
baloncestista,subclase de,deportista
baloncestista,subclase de,jugador competitivo
baloncestista,forma parte de,club de baloncesto
baloncestista,ámbito de la ocupación,baloncesto
Universidad de Louisville,país,Estados Unidos
Universidad de Louisville,instancia de,institución educativa pública de los Estados Unidos
Universidad de Louisville,instancia de,universidad pública de investigación
arquitecto,instancia de,profesión
arquitecto,instancia de,título corporativo
arquitecto,instancia de,ocupación
arquitecto,instancia de,grupo de ocupaciones de la CIUO
España,jefe de gobierno,Pedro Sánchez
España,continente,Europa
España,instancia de,país
España,instancia de,Estado nación
España,instancia de,reino
productor de televisión,instancia de,profesión
productor de televisión,instancia de,cargo
productor de televisión,subclase de,profesional de medios
productor de televisión,subclase de,productor
productor de televisión,forma parte de,equipo de televisión
San Cristóbal,país,República Dominicana
San Cristóbal,instancia de,municipio de la República Dominicana
San Cristóbal,situado en la entidad territorial administrativa,San Cristóbal
San Cristóbal,categoría principal del tema,Categoría:San Cristóbal (República Dominicana)
San Cristóbal,capital de,San Cristóbal
político,instancia de,profesión
político,instancia de,frecuentemente
político,subclase de,profesional
político,ámbito de la ocupación,política
político,categoría principal del tema,Categoría:Políticos
Colegio de Comando y Estado Mayor General del Ejército de los Estados Unidos,país,Estados Unidos
Colegio de Comando y Estado Mayor General del Ejército de los Estados Unidos,instancia de,escuela de guerra
Colegio de Comando y Estado Mayor General del Ejército de los Estados Unidos,situado en la entidad territorial administrativa,condado de Leavenworth
Colegio de Comando y Estado Mayor General del Ejército de los Estados Unidos,ubicación de la sede,Fort Leavenworth
Colegio de Comando y Estado Mayor General del Ejército de los Estados Unidos,ubicación,Fort Leavenworth
presidente de la República Dominicana,país,República Dominicana
presidente de la República Dominicana,instancia de,cargo público
presidente de la República Dominicana,subclase de,presidente
presidente de la República Dominicana,subclase de,jefe de Estado
presidente de la República Dominicana,subclase de,jefe del Gobierno
Higüey,categoría principal del tema,Categoría:Higüey
Higüey,capital de,La Altagracia
Higüey,país,República Dominicana
Higüey,instancia de,ciudad
Higüey,instancia de,municipio de la República Dominicana
beisbolista,instancia de,profesión
beisbolista,subclase de,deportista
beisbolista,subclase de,jugador competitivo
beisbolista,ámbito de la ocupación,béisbol
beisbolista,ámbito de la ocupación,béisbol femenino
actor,instancia de,profesión
actor,instancia de,ocupación
actor,instancia de,grupo de ocupaciones de la CIUO
actor,subclase de,artista escénico
Las Chicas del Can,instancia de,grupo musical
Las Chicas del Can,género,merengue
Las Chicas del Can,país de origen,República Dominicana
Las Chicas del Can,compuesto por,Miriam Cruz
Las Chicas del Can,lugar de formación,Santo Domingo
Monte Cristi,país,República Dominicana
Monte Cristi,instancia de,municipio de la República Dominicana
Monte Cristi,situado en la entidad territorial administrativa,Provincia de Monte Cristi
Monte Cristi,capital de,Provincia de Monte Cristi
Monte Cristi,estatus patrimonial,lista indicativa del Patrimonio de la Humanidad
atleta,instancia de,ocupación
atleta,subclase de,deportista
atleta,ámbito de la ocupación,atletismo
atleta,ámbito de la ocupación,Máster
atleta,ámbito de la ocupación,atletismo de pista y campo
escritor,instancia de,profesión
escritor,instancia de,ocupación
escritor,subclase de,autor
escritor,subclase de,artista
Universidad Autónoma de Santo Domingo,país,República Dominicana
Universidad Autónoma de Santo Domingo,instancia de,universidad pública
Universidad Autónoma de Santo Domingo,fundador,José Gabriel García
Universidad Autónoma de Santo Domingo,situado en la entidad territorial administrativa,Santo Domingo
Orden Heráldica de Cristóbal Colón,país,República Dominicana
Orden Heráldica de Cristóbal Colón,instancia de,orden estatal
Orden Heráldica de Cristóbal Colón,nombrado en referencia a,Cristóbal Colón
Orden Heráldica de Cristóbal Colón,lugar de formación,Santo Domingo
Orden Heráldica de Cristóbal Colón,categoría para los galardonados con este premio,Categoría:Ganadores de la Orden Heráldica de Cristóbal Colón
Municipio de Azua,país,República Dominicana
Municipio de Azua,instancia de,municipio de la República Dominicana
Municipio de Azua,situado en la entidad territorial administrativa,Provincia de Azua
Municipio de Azua,capital de,Provincia de Azua
Municipio de Azua,estatus patrimonial,lista indicativa del Patrimonio de la Humanidad
Diego Milán,Lugar de nacimiento,Almansa
Diego Milán,Ocupación,ciclista
Diego Milán,Ciudadanía,España
Diego Milán,Fecha de nacimiento,1985-07-10
Diego Milán,Ciudadanía,República Dominicana
Casandra Damirón,Lugar de nacimiento,Santa Cruz de Barahona
Casandra Damirón,Ocupación,actor
Casandra Damirón,Ciudadanía,República Dominicana
Casandra Damirón,Fecha de nacimiento,1919-03-12
Casandra Damirón,Fecha de defunción,1983-12-05
Casandra Damirón,Ocupación,cantante
Alfredo Griffin,Lugar de nacimiento,Santo Domingo
Alfredo Griffin,Ocupación,beisbolista
Alfredo Griffin,Ciudadanía,República Dominicana
Alfredo Griffin,Premio recibido,Guante de Oro
Alfredo Griffin,Fecha de nacimiento,1957-10-06
Al Horford,Lugar de nacimiento,Puerto Plata
Al Horford,Ocupación,baloncestista
Al Horford,Ciudadanía,República Dominicana
Al Horford,Educado en,Universidad de la Florida
Al Horford,Fecha de nacimiento,1986-06-03
Al Horford,Educado en,Grand Ledge High School
Toño Rosario,Lugar de nacimiento,Higüey
Toño Rosario,Ocupación,cantante
Toño Rosario,Ciudadanía,República Dominicana
Toño Rosario,Fecha de nacimiento,1955-11-03
Toño Rosario,Ocupación,cantautor
Julio Mateo,Lugar de nacimiento,Baní
Julio Mateo,Ocupación,beisbolista
Julio Mateo,Ciudadanía,República Dominicana
Julio Mateo,Fecha de nacimiento,1977-08-02
Pedro Martínez,Lugar de nacimiento,Villa Mella
Pedro Martínez,Ocupación,beisbolista
Pedro Martínez,Ciudadanía,República Dominicana
Pedro Martínez,Premio recibido,Premio Grandes Inmigrantes
Pedro Martínez,Fecha de nacimiento,1968-11-29
Félix Sánchez,Lugar de nacimiento,Puerto Plata
Félix Sánchez,Ocupación,beisbolista
Félix Sánchez,Ciudadanía,República Dominicana
Félix Sánchez,Fecha de nacimiento,1981-08-03
Víctor Núñez Rodríguez,Lugar de nacimiento,Santo Domingo
Víctor Núñez Rodríguez,Ocupación,futbolista
Víctor Núñez Rodríguez,Ciudadanía,República Dominicana
Víctor Núñez Rodríguez,Fecha de nacimiento,1980-04-15
Víctor Núñez Rodríguez,Ciudadanía,Costa Rica
Aramis Ramírez,Lugar de nacimiento,Santo Domingo
Aramis Ramírez,Ocupación,beisbolista
Aramis Ramírez,Ciudadanía,República Dominicana
Aramis Ramírez,Fecha de nacimiento,1978-06-25
Claudio Vargas,Lugar de nacimiento,Mao
Claudio Vargas,Ocupación,beisbolista
Claudio Vargas,Ciudadanía,República Dominicana
Claudio Vargas,Fecha de nacimiento,1978-06-19
Erik Leonard Ekman,Lugar de nacimiento,Estocolmo
Erik Leonard Ekman,Ocupación,geógrafo
Erik Leonard Ekman,Ciudadanía,Suecia
Erik Leonard Ekman,Educado en,Universidad de Lund
Erik Leonard Ekman,Empleador,Museo Nacional de Historia Natural de Suecia
Erik Leonard Ekman,Fecha de nacimiento,1883-10-14
Erik Leonard Ekman,Fecha de defunción,1931-01-15
Erik Leonard Ekman,Ocupación,recolector de plantas
Erik Leonard Ekman,Ocupación,botánico
Erik Leonard Ekman,Ciudadanía,República Dominicana
Jhan Mariñez,Lugar de nacimiento,Santo Domingo
Jhan Mariñez,Ocupación,beisbolista
Jhan Mariñez,Ciudadanía,República Dominicana
Jhan Mariñez,Fecha de nacimiento,1988-08-12
Víctor Estrella,Lugar de nacimiento,Santiago de los Caballeros
Víctor Estrella,Ocupación,tenista
Víctor Estrella,Ciudadanía,República Dominicana
Víctor Estrella,Fecha de nacimiento,1980-08-02
Santo Alcalá,Lugar de nacimiento,San Pedro de Macorís
Santo Alcalá,Ocupación,beisbolista
Santo Alcalá,Ciudadanía,República Dominicana
Santo Alcalá,Fecha de nacimiento,1952-12-23
Tito Horford,Lugar de nacimiento,San Pedro de Macorís
Tito Horford,Ocupación,baloncestista
Tito Horford,Ciudadanía,Reino Unido
Tito Horford,Educado en,Universidad de Miami
Tito Horford,Fecha de nacimiento,1966-01-19
Tito Horford,Ciudadanía,República Dominicana
Agustín Montero,Lugar de nacimiento,San Pedro de Macorís
Agustín Montero,Ocupación,beisbolista
Agustín Montero,Ciudadanía,República Dominicana
Agustín Montero,Fecha de nacimiento,1977-08-26
Heinz Barmettler,Lugar de nacimiento,Zúrich
Heinz Barmettler,Ocupación,futbolista
Heinz Barmettler,Ciudadanía,Suiza
Heinz Barmettler,Fecha de nacimiento,1987-07-21
Heinz Barmettler,Ciudadanía,República Dominicana
Alex Rodríguez,Lugar de nacimiento,Brooklyn
Alex Rodríguez,Ocupación,beisbolista
Alex Rodríguez,Ciudadanía,Estados Unidos
Alex Rodríguez,Educado en,Escuela Secundaria Cristóbal Colón
Alex Rodríguez,Empleador,Fox Sports
Alex Rodríguez,Premio recibido,Guante de Oro
Alex Rodríguez,Fecha de nacimiento,1975-07-27
Alex Rodríguez,Ocupación,baseball commentator
Alex Rodríguez,Premio recibido,Most Valuable Player
Alex Rodríguez,Premio recibido,Player of the Year
Alex Rodríguez,Ciudadanía,República Dominicana
Alex Rodríguez,Educado en,Escuela Cristiana de Westminster
Máximo Gómez,Lugar de nacimiento,Baní
Máximo Gómez,Ocupación,político
Máximo Gómez,Ciudadanía,República Dominicana
Máximo Gómez,Fecha de nacimiento,1836-11-18
Máximo Gómez,Fecha de defunción,1905-06-17
Máximo Gómez,Ocupación,oficial militar
Almansa,jefe de gobierno,Francisco Javier Núñez Núñez
Almansa,país,España
Almansa,continente,Europa
Almansa,instancia de,municipio de España
Almansa,capital,Almansa
Santa Cruz de Barahona,país,República Dominicana
Santa Cruz de Barahona,instancia de,ciudad
Santa Cruz de Barahona,instancia de,gran ciudad
Santa Cruz de Barahona,instancia de,municipio de la República Dominicana
Santa Cruz de Barahona,situado en la entidad territorial administrativa,Barahona
Guante de Oro,país,Canadá
Guante de Oro,país,Estados Unidos
Guante de Oro,instancia de,premio deportivo
Guante de Oro,nombrado en referencia a,guante
Guante de Oro,nombrado en referencia a,Rawlings
Universidad de la Florida,país,Estados Unidos
Universidad de la Florida,instancia de,Universidad de concesión de tierras
Universidad de la Florida,instancia de,universidad pública
Universidad de la Florida,instancia de,institución educativa pública de los Estados Unidos
Universidad de la Florida,instancia de,editor de acceso abierto
cantautor,lista de interés para el proyecto Wikimedia,Wikipedia:Lista de artículos que toda Wikipedia debería tener/Expandida
cantautor,instancia de,ocupación
cantautor,instancia de,profesión musical
cantautor,subclase de,cantante
Baní,país,República Dominicana
Baní,instancia de,municipio de la República Dominicana
Baní,situado en la entidad territorial administrativa,Peravia
Baní,categoría principal del tema,Categoría:Baní
Baní,capital de,Peravia
Villa Mella,país,República Dominicana
Villa Mella,instancia de,asentamiento
Villa Mella,situado en la entidad territorial administrativa,Santo Domingo Norte
Villa Mella,diferente de,Villa Mella
Villa Mella,lista de interés para el proyecto Wikimedia,Wikiproyecto:Diáspora africana
Premio Grandes Inmigrantes,país,Estados Unidos
Premio Grandes Inmigrantes,instancia de,distinción
Premio Grandes Inmigrantes,día del año de una ocurrencia periódica,4 de julio
Premio Grandes Inmigrantes,conferido por,Carnegie Corporation of New York
futbolista,instancia de,profesión
futbolista,instancia de,ocupación
futbolista,subclase de,jugador competitivo
futbolista,subclase de,Jugador de fútbol
Costa Rica,santo patrón,Virgen de los Ángeles
Costa Rica,se encuentra en el huso horario,UTC−6
Costa Rica,miembro de,Organización de las Naciones Unidas
Costa Rica,miembro de,UNESCO
Mao,país,República Dominicana
Mao,instancia de,municipio de la República Dominicana
Mao,situado en la entidad territorial administrativa,Valverde
Mao,categoría principal del tema,Categoría:Mao (República Dominicana)
Mao,capital de,Valverde
Estocolmo,país,Suecia
Estocolmo,continente,Europa
Estocolmo,instancia de,ciudad
Estocolmo,instancia de,ciudad de la Liga Hanseática
Estocolmo,instancia de,gran ciudad
geógrafo,instancia de,profesión
geógrafo,subclase de,científico de la Tierra
geógrafo,ámbito de la ocupación,geografía
geógrafo,categoría principal del tema,Categoría:Geógrafos
Suecia,forma parte de,Unión Europea
Suecia,forma parte de,Escandinavia
Suecia,forma parte de,Europa del Norte
Suecia,forma parte de,países nórdicos
Suecia,se encuentra en el huso horario,UTC+01:00
Universidad de Lund,país,Suecia
Universidad de Lund,instancia de,universidad pública
Universidad de Lund,instancia de,agencia del gobierno sueco
Universidad de Lund,fundador,Carlos XI de Suecia
Museo Nacional de Historia Natural de Suecia,país,Suecia
Museo Nacional de Historia Natural de Suecia,instancia de,conjunto de edificios
Museo Nacional de Historia Natural de Suecia,instancia de,museo de ciencias naturales
Museo Nacional de Historia Natural de Suecia,instancia de,museo nacional
Museo Nacional de Historia Natural de Suecia,instancia de,agencia del gobierno sueco
tenista,instancia de,profesión
tenista,subclase de,deportista
tenista,subclase de,jugador competitivo
tenista,ámbito de la ocupación,tenis
tenista,ámbito de la ocupación,tenis femenino
San Pedro de Macorís,instancia de,provincia de la República Dominicana
San Pedro de Macorís,capital,San Pedro de Macorís
San Pedro de Macorís,comparte fronteras con,Hato Mayor
San Pedro de Macorís,comparte fronteras con,La Romana
Reino Unido,miembro de,Organización para la Cooperación y el Desarrollo Económico
Reino Unido,miembro de,Agencia Espacial Europea
Reino Unido,miembro de,Programa de exención de visa
Reino Unido,miembro de,Organización para la Seguridad y la Cooperación en Europa
Reino Unido,miembro de,Observatorio Europeo del Sur
Universidad de Miami,financiador,Open Society Foundations
Universidad de Miami,calendario académico,semestre
Universidad de Miami,país,Estados Unidos
Universidad de Miami,instancia de,universidad
Universidad de Miami,instancia de,institución educativa privada sin fines de lucro
Zúrich,jefe de gobierno,Corine Mauch
Zúrich,país,Suiza
Zúrich,continente,Europa
Zúrich,instancia de,gemeinde de Suiza
Zúrich,instancia de,ciudad universitaria
Suiza,capital,Berna
Suiza,idioma oficial,francés
Suiza,idioma oficial,alemán
Suiza,idioma oficial,italiano
Suiza,idioma oficial,romanche
Brooklyn,jefe de gobierno,Antonio Reynoso
Brooklyn,país,Estados Unidos
Brooklyn,instancia de,Distritos de la ciudad de Nueva York
Brooklyn,comparte fronteras con,Manhattan
Estados Unidos,forma de gobierno,república
Estados Unidos,forma de gobierno,presidencialismo
Estados Unidos,forma de gobierno,república federal
Estados Unidos,nombrado en referencia a,América
Estados Unidos,subdividido en (división administrativa),California
Escuela Secundaria Cristóbal Colón,país,Estados Unidos
Escuela Secundaria Cristóbal Colón,instancia de,escuela secundaria
Escuela Secundaria Cristóbal Colón,fundador,Congregación de los Hermanos Maristas
Escuela Secundaria Cristóbal Colón,situado en la entidad territorial administrativa,Condado de Miami-Dade
Fox Sports,país,Estados Unidos
Fox Sports,instancia de,negocio
Fox Sports,propiedad de,The Walt Disney Company
Fox Sports,propiedad de,Foxtel
Fox Sports,propiedad de,Mediapro
Massiel Taveras,Lugar de nacimiento,Santo Domingo
Massiel Taveras,Ocupación,actor
Massiel Taveras,Ciudadanía,República Dominicana
Massiel Taveras,Educado en,Universidad APEC
Massiel Taveras,Fecha de nacimiento,1984-10-20
Massiel Taveras,Ocupación,presentador de televisión
Massiel Taveras,Ocupación,decorador
Massiel Taveras,Ocupación,modelo
Alex Ferreira,Ocupación,compositor
Alex Ferreira,Ciudadanía,España
Alex Ferreira,Fecha de nacimiento,1983-03-23
Alex Ferreira,Ocupación,cantante
Alex Ferreira,Ciudadanía,República Dominicana
Amado García Guerrero,Lugar de nacimiento,La Romana
Amado García Guerrero,Ocupación,soldado
Amado García Guerrero,Ciudadanía,República Dominicana
Amado García Guerrero,Premio recibido,"Orden al Mérito de Duarte, Sánchez y Mella"
Amado García Guerrero,Fecha de nacimiento,1931-06-02
Amado García Guerrero,Fecha de defunción,1961-06-02
Franklin Núñez,Lugar de nacimiento,Nagua
Franklin Núñez,Ocupación,beisbolista
Franklin Núñez,Ciudadanía,República Dominicana
Franklin Núñez,Fecha de nacimiento,1977-01-18
Anderson Hernández,Lugar de nacimiento,Santo Domingo
Anderson Hernández,Ocupación,beisbolista
Anderson Hernández,Ciudadanía,República Dominicana
Anderson Hernández,Fecha de nacimiento,1982-10-30
Andy Andy,Lugar de nacimiento,Municipio de Azua
Andy Andy,Ocupación,cantante
Andy Andy,Ciudadanía,República Dominicana
Andy Andy,Fecha de nacimiento,1953-01-01
Andy Andy,Ocupación,músico
Antonio Bastardo,Lugar de nacimiento,Hato Mayor
Antonio Bastardo,Ocupación,beisbolista
Antonio Bastardo,Ciudadanía,República Dominicana
Antonio Bastardo,Fecha de nacimiento,1985-09-21
Argenis Reyes,Lugar de nacimiento,Santiago de los Caballeros
Argenis Reyes,Ocupación,beisbolista
Argenis Reyes,Ciudadanía,República Dominicana
Argenis Reyes,Fecha de nacimiento,1982-09-25
Armando Gabino,Lugar de nacimiento,Santiago de los Caballeros
Armando Gabino,Ocupación,beisbolista
Armando Gabino,Ciudadanía,República Dominicana
Armando Gabino,Fecha de nacimiento,1983-08-31
Arodys Vizcaíno,Lugar de nacimiento,San Cristóbal
Arodys Vizcaíno,Ocupación,beisbolista
Arodys Vizcaíno,Ciudadanía,República Dominicana
Arodys Vizcaíno,Fecha de nacimiento,1990-11-13
Atahualpa Severino,Lugar de nacimiento,Cotuí
Atahualpa Severino,Ocupación,beisbolista
Atahualpa Severino,Ciudadanía,República Dominicana
Atahualpa Severino,Fecha de nacimiento,1984-11-06
Aurora Arias,Lugar de nacimiento,Santo Domingo
Aurora Arias,Ocupación,escritor
Aurora Arias,Ciudadanía,República Dominicana
Aurora Arias,Fecha de nacimiento,1962-04-22
Aurora Arias,Ocupación,astrólogo
Aurora Arias,Ocupación,periodista
Cristian Guerrero,Lugar de nacimiento,Baní
Cristian Guerrero,Ocupación,beisbolista
Cristian Guerrero,Ciudadanía,República Dominicana
Cristian Guerrero,Fecha de nacimiento,1980-07-12
Julio Valdez,Lugar de nacimiento,San Cristóbal
Julio Valdez,Ocupación,beisbolista
Julio Valdez,Ciudadanía,República Dominicana
Julio Valdez,Fecha de nacimiento,1956-06-03
Julio Valdez,Fecha de defunción,2022-07-23
Mickey Taveras,Lugar de nacimiento,Moca
Mickey Taveras,Ocupación,cantante
Mickey Taveras,Ciudadanía,República Dominicana
Mickey Taveras,Fecha de nacimiento,1970-09-29
Euclides Morillo,Ocupación,político
Euclides Morillo,Ciudadanía,República Dominicana
Euclides Morillo,Fecha de nacimiento,1936-09-01
Euclides Morillo,Fecha de defunción,1965-05-22
Euclides Morillo,Ocupación,revolucionario
Carmelo Castillo,Lugar de nacimiento,San Francisco de Macorís
Carmelo Castillo,Ocupación,beisbolista
Carmelo Castillo,Ciudadanía,República Dominicana
Carmelo Castillo,Fecha de nacimiento,1958-06-08
Carmelo Castillo,Fecha de defunción,2015-11-15
Ramón Tatis,Lugar de nacimiento,Guayubín
Ramón Tatis,Ocupación,beisbolista
Ramón Tatis,Ciudadanía,República Dominicana
Ramón Tatis,Fecha de nacimiento,1973-01-05
Ramón Tatis,Fecha de nacimiento,1973-05-02
Emiliano Tejera,Lugar de nacimiento,Santo Domingo
Emiliano Tejera,Ocupación,escritor
Emiliano Tejera,Ciudadanía,República Dominicana
Emiliano Tejera,Fecha de nacimiento,1841-09-21
Emiliano Tejera,Fecha de defunción,1923-01-09
Emiliano Tejera,Ocupación,político
Bienvenido Brens,Lugar de nacimiento,Duarte
Bienvenido Brens,Ocupación,compositor
Bienvenido Brens,Ciudadanía,República Dominicana
Bienvenido Brens,Premio recibido,"Orden al Mérito de Duarte, Sánchez y Mella"
Bienvenido Brens,Fecha de nacimiento,1925-07-30
Bienvenido Brens,Fecha de defunción,2007-01-18
Universidad APEC,país,República Dominicana
Universidad APEC,instancia de,universidad
Universidad APEC,situado en la entidad territorial administrativa,Santo Domingo
compositor,instancia de,ocupación
compositor,instancia de,profesión musical
compositor,subclase de,autor
compositor,subclase de,músico
compositor,santo patrón,Cecilia de Roma
La Romana,país,República Dominicana
La Romana,instancia de,ciudad
La Romana,instancia de,municipio de la República Dominicana
La Romana,situado en la entidad territorial administrativa,La Romana
La Romana,ciudad hermana,Fort Lauderdale
soldado,instancia de,cargo
soldado,instancia de,profesión militar
soldado,subclase de,militar
soldado,santo patrón,Ignacio de Loyola
"Orden al Mérito de Duarte, Sánchez y Mella",país,República Dominicana
"Orden al Mérito de Duarte, Sánchez y Mella",instancia de,orden
"Orden al Mérito de Duarte, Sánchez y Mella",nombrado en referencia a,Ramón Matías Mella
"Orden al Mérito de Duarte, Sánchez y Mella",nombrado en referencia a,Juan Pablo Duarte Diez
"Orden al Mérito de Duarte, Sánchez y Mella",nombrado en referencia a,Francisco del Rosario Sánchez
Nagua,país,República Dominicana
Nagua,instancia de,municipio de la República Dominicana
Nagua,situado en la entidad territorial administrativa,María Trinidad Sánchez
Nagua,capital de,María Trinidad Sánchez
músico,instancia de,ocupación
músico,instancia de,profesión musical
músico,ocupación,pintor
músico,subclase de,artista
músico,ámbito de la ocupación,música
Hato Mayor,país,República Dominicana
Hato Mayor,instancia de,municipio de la República Dominicana
Hato Mayor,situado en la entidad territorial administrativa,Hato Mayor
Hato Mayor,capital de,Hato Mayor
San Cristóbal,instancia de,provincia de la República Dominicana
San Cristóbal,capital,San Cristóbal
San Cristóbal,comparte fronteras con,Monseñor Nouel
San Cristóbal,comparte fronteras con,Peravia
Cotuí,país,República Dominicana
Cotuí,instancia de,ciudad
Cotuí,instancia de,municipio de la República Dominicana
Cotuí,situado en la entidad territorial administrativa,Sánchez Ramírez
astrólogo,instancia de,profesión
astrólogo,subclase de,místico
astrólogo,subclase de,ocultista
astrólogo,ámbito de la ocupación,astrología
astrólogo,categoría principal del tema,Categoría:Astrólogos
Moca,país,República Dominicana
Moca,instancia de,ciudad
Moca,instancia de,municipio de la República Dominicana
Moca,situado en la entidad territorial administrativa,Espaillat
Moca,ciudad hermana,Salcedo
revolucionario,elemento ejemplo,Che Guevara
revolucionario,instancia de,ocupación
revolucionario,subclase de,activista político
revolucionario,subclase de,faccioso
San Francisco de Macorís,capital de,Duarte
San Francisco de Macorís,país,República Dominicana
San Francisco de Macorís,instancia de,ciudad
San Francisco de Macorís,instancia de,gran ciudad
Guayubín,país,República Dominicana
Guayubín,instancia de,municipio de la República Dominicana
Guayubín,situado en la entidad territorial administrativa,Provincia de Monte Cristi
Duarte,país,República Dominicana
Duarte,instancia de,provincia de la República Dominicana
Duarte,capital,San Francisco de Macorís
Duarte,comparte fronteras con,Espaillat
Duarte,comparte fronteras con,Hermanas Mirabal
Julia Álvarez,Lugar de nacimiento,Nueva York
Julia Álvarez,Ocupación,escritor
Julia Álvarez,Ciudadanía,Estados Unidos
Julia Álvarez,Educado en,Middlebury College
Julia Álvarez,Obra notable,En el tiempo de las mariposas
Julia Álvarez,Premio recibido,Medalla Nacional de las Artes
Julia Álvarez,Fecha de nacimiento,1950-03-27
Julia Álvarez,Ocupación,poeta
Julia Álvarez,Ocupación,escritor de literatura infantil
Julia Álvarez,Ocupación,novelista
Julia Álvarez,Premio recibido,Premio Pura Belpré
Julia Álvarez,Premio recibido,PEN Oakland/Josephine Miles Literary Award
Julia Álvarez,Premio recibido,Premio Américas
Julia Álvarez,Ciudadanía,República Dominicana
Julia Álvarez,Educado en,Phillips Academy
Julia Álvarez,Educado en,Connecticut College
Julia Álvarez,Educado en,Carol Morgan School
Víctor Marte,Lugar de nacimiento,Puerto Plata
Víctor Marte,Ocupación,beisbolista
Víctor Marte,Ciudadanía,República Dominicana
Víctor Marte,Educado en,Liceo Jose Debeau
Víctor Marte,Fecha de nacimiento,1980-11-08
Luis Encarnación,Lugar de nacimiento,Santo Domingo
Luis Encarnación,Ocupación,beisbolista
Luis Encarnación,Ciudadanía,República Dominicana
Luis Encarnación,Fecha de nacimiento,1963-10-20
Mel Rojas,Lugar de nacimiento,Bajos de Haina
Mel Rojas,Ocupación,beisbolista
Mel Rojas,Ciudadanía,República Dominicana
Mel Rojas,Fecha de nacimiento,1966-12-10
Jesús Colomé,Lugar de nacimiento,San Pedro de Macorís
Jesús Colomé,Ocupación,beisbolista
Jesús Colomé,Ciudadanía,República Dominicana
Jesús Colomé,Fecha de nacimiento,1977-12-23
Manuel de Jesús Troncoso,Lugar de nacimiento,Santo Domingo
Manuel de Jesús Troncoso,Ocupación,escritor
Manuel de Jesús Troncoso,Ciudadanía,República Dominicana
Manuel de Jesús Troncoso,Cargo,presidente de la República Dominicana
Manuel de Jesús Troncoso,Fecha de nacimiento,1878-04-03
Manuel de Jesús Troncoso,Fecha de defunción,1955-05-30
Manuel de Jesús Troncoso,Ocupación,abogado
Manuel de Jesús Troncoso,Ocupación,político
Francisco Gregorio Billini,Lugar de nacimiento,Santo Domingo
Francisco Gregorio Billini,Ocupación,escritor
Francisco Gregorio Billini,Ciudadanía,República Dominicana
Francisco Gregorio Billini,Cargo,presidente de la República Dominicana
Francisco Gregorio Billini,Fecha de nacimiento,1844-04-25
Francisco Gregorio Billini,Fecha de defunción,1898-11-28
Francisco Gregorio Billini,Ocupación,profesor
Francisco Gregorio Billini,Ocupación,político
Donald Reid Cabral,Lugar de nacimiento,Santiago de los Caballeros
Donald Reid Cabral,Ocupación,político
Donald Reid Cabral,Ciudadanía,República Dominicana
Donald Reid Cabral,Cargo,presidente de la República Dominicana
Donald Reid Cabral,Fecha de nacimiento,1923-07-09
Donald Reid Cabral,Fecha de defunción,2006-07-22
Horacio Vásquez,Lugar de nacimiento,Moca
Horacio Vásquez,Ocupación,militar
Horacio Vásquez,Ciudadanía,República Dominicana
Horacio Vásquez,Cargo,presidente de la República Dominicana
Horacio Vásquez,Fecha de nacimiento,1860-10-22
Horacio Vásquez,Fecha de defunción,1936-03-25
Horacio Vásquez,Ocupación,político
José Rafael Molina Ureña,Lugar de nacimiento,Provincia Santo Domingo
José Rafael Molina Ureña,Ocupación,político
José Rafael Molina Ureña,Ciudadanía,República Dominicana
José Rafael Molina Ureña,Cargo,presidente de la República Dominicana
José Rafael Molina Ureña,Fecha de nacimiento,1921-01-31
José Rafael Molina Ureña,Fecha de defunción,2000-05-22
Fernando Arturo de Meriño,Lugar de nacimiento,Santo Domingo
Fernando Arturo de Meriño,Ocupación,político
Fernando Arturo de Meriño,Ciudadanía,República Dominicana
Fernando Arturo de Meriño,Cargo,presidente de la República Dominicana
Fernando Arturo de Meriño,Fecha de nacimiento,1833-01-09
Fernando Arturo de Meriño,Fecha de defunción,1906-08-20
Fernando Arturo de Meriño,Ocupación,sacerdote católico
Fernando Arturo de Meriño,Ocupación,diácono católico
Fernando Arturo de Meriño,Cargo,Arzobispo de Santo Domingo
Juan Bosch,Lugar de nacimiento,La Vega
Juan Bosch,Ocupación,escritor
Juan Bosch,Ciudadanía,República Dominicana
Juan Bosch,Cargo,presidente de la República Dominicana
Juan Bosch,Premio recibido,"Orden al Mérito de Duarte, Sánchez y Mella"
Juan Bosch,Fecha de nacimiento,1909-06-30
Juan Bosch,Fecha de defunción,2001-11-01
Juan Bosch,Ocupación,político
Juan Bosch,Ocupación,historiador
Juan Bosch,Premio recibido,Orden Nacional José Martí
Juan Bosch,Premio recibido,Orden Heráldica de Cristóbal Colón
Juan Bosch,Premio recibido,Gran Oficial de la Orden Nacional de la Legión de Honor
Juan Bosch,Premio recibido,comendador de las Artes y las Letras
David Ortiz,Lugar de nacimiento,Santo Domingo
David Ortiz,Ocupación,beisbolista
David Ortiz,Ciudadanía,Estados Unidos
David Ortiz,Empleador,Fox Saturday Baseball
David Ortiz,Miembro de,Salón de la Fama del Béisbol
David Ortiz,Premio recibido,Babe Ruth Award
David Ortiz,Fecha de nacimiento,1975-11-18
David Ortiz,Ocupación,baseball commentator
David Ortiz,Premio recibido,Silver Slugger Award
David Ortiz,Premio recibido,MVP de la Serie Mundial de Béisbol
David Ortiz,Premio recibido,Premio Hank Aaron
David Ortiz,Premio recibido,MVP de la Serie de Campeonato de Béisbol
David Ortiz,Premio recibido,Premio Edgar Martínez
David Ortiz,Premio recibido,Premio Roberto Clemente
David Ortiz,Premio recibido,Boston Red Sox Hall of Fame
David Ortiz,Premio recibido,Major League Baseball All-Star
David Ortiz,Premio recibido,Premio Grandes Inmigrantes
David Ortiz,Ciudadanía,República Dominicana
David Ortiz,Miembro de,Club de los 500 jonrones
Julia Álvarez,Educado en,Universidad de Siracusa
Sammy Sosa,Lugar de nacimiento,San Pedro de Macorís
Sammy Sosa,Ocupación,beisbolista
Sammy Sosa,Ciudadanía,República Dominicana
Sammy Sosa,Premio recibido,Most Valuable Player
Sammy Sosa,Fecha de nacimiento,1968-11-12
Sammy Sosa,Premio recibido,Marvin Miller Man of the Year Award
Milly Quezada,Lugar de nacimiento,Santo Domingo
Milly Quezada,Ocupación,cantante
Milly Quezada,Ciudadanía,República Dominicana
Milly Quezada,Premio recibido,Anexo:Premio Grammy latino al mejor álbum tropical contemporáneo
Milly Quezada,Fecha de nacimiento,1955-05-21
Milly Quezada,Premio recibido,Premio Grammy Latino a la Excelencia Musical
Milly Quezada,Premio recibido,Premio Grammy Latino al Mejor Album Merengue/Bachata
Milly Quezada,Premio recibido,Premio ASCAP a la Herencia Latina
Elías Wessin y Wessin,Lugar de nacimiento,Monte Plata
Elías Wessin y Wessin,Ocupación,político
Elías Wessin y Wessin,Ciudadanía,República Dominicana
Elías Wessin y Wessin,Educado en,Instituto del Hemisferio Occidental para la Cooperación en Seguridad
Elías Wessin y Wessin,Cargo,presidente de la República Dominicana
Elías Wessin y Wessin,Fecha de nacimiento,1924-07-22
Elías Wessin y Wessin,Fecha de defunción,2009-04-18
Charlie Villanueva,Lugar de nacimiento,Queens
Charlie Villanueva,Ocupación,baloncestista
Charlie Villanueva,Ciudadanía,Estados Unidos
Charlie Villanueva,Educado en,Universidad de Connecticut
Charlie Villanueva,Fecha de nacimiento,1984-08-24
Charlie Villanueva,Ciudadanía,República Dominicana
Charlie Villanueva,Educado en,Blair Academy
Charlie Villanueva,Educado en,Newtown High School
Xue Wu,Lugar de nacimiento,Pekín
Xue Wu,Ocupación,tenista de mesa
Xue Wu,Ciudadanía,República Dominicana
Xue Wu,Fecha de nacimiento,1980-03-22
Sonia Pierre Haitiana,Lugar de nacimiento,Villa Altagracia
Sonia Pierre Haitiana,Ocupación,activista por los derechos humanos
Sonia Pierre Haitiana,Ciudadanía,República Dominicana
Sonia Pierre Haitiana,Premio recibido,Premio Robert F. Kennedy
Sonia Pierre Haitiana,Fecha de nacimiento,1963-07-04
Sonia Pierre Haitiana,Fecha de defunción,2011-12-04
Sonia Pierre Haitiana,Premio recibido,Premio Internacional a las Mujeres de Coraje
Sonia Pierre Haitiana,Premio recibido,Premio Giuseppe Motta
Sonia Pierre Haitiana,Premio recibido,Premio Ginetta Sagan
Félix José,Lugar de nacimiento,Santo Domingo
Félix José,Ocupación,beisbolista
Félix José,Ciudadanía,República Dominicana
Félix José,Fecha de nacimiento,1965-05-02
Nueva York,ciudad hermana,Seúl
Nueva York,ciudad hermana,Shanghái
Nueva York,ciudad hermana,Tel Aviv
Nueva York,ciudad hermana,Johannesburgo
Nueva York,ciudad hermana,Santo Domingo
Middlebury College,país,Estados Unidos
Middlebury College,instancia de,universidad
Middlebury College,instancia de,institución educativa privada sin fines de lucro
Middlebury College,situado en la entidad territorial administrativa,Middlebury
Middlebury College,industria,educación superior
En el tiempo de las mariposas,instancia de,obra literaria
En el tiempo de las mariposas,autor,Julia Álvarez
En el tiempo de las mariposas,editorial,Workman Publishing Company
En el tiempo de las mariposas,idioma de la obra o del nombre,inglés
En el tiempo de las mariposas,país de origen,Estados Unidos
Bajos de Haina,país,República Dominicana
Bajos de Haina,instancia de,municipio de la República Dominicana
Bajos de Haina,situado en la entidad territorial administrativa,San Cristóbal
militar,instancia de,profesión
militar,instancia de,ocupación
militar,subclase de,empleado
militar,subclase de,guerrero
militar,opuesto a,civil
Provincia Santo Domingo,categoría para las personas que nacieron aquí,Categoría:Nacidos en la provincia Santo Domingo
Provincia Santo Domingo,país,República Dominicana
Provincia Santo Domingo,instancia de,provincia de la República Dominicana
Provincia Santo Domingo,capital,Santo Domingo Este
La Vega,país,República Dominicana
La Vega,instancia de,provincia de la República Dominicana
La Vega,capital,La Vega
La Vega,comparte fronteras con,Espaillat
La Vega,comparte fronteras con,Hermanas Mirabal
Salón de la Fama del Béisbol,país,Estados Unidos
Salón de la Fama del Béisbol,instancia de,museo del deporte
Salón de la Fama del Béisbol,instancia de,Salón de la Fama del Deporte
Salón de la Fama del Béisbol,fundador,Stephen Carlton Clark
Salón de la Fama del Béisbol,situado en la entidad territorial administrativa,Cooperstown
Most Valuable Player,país,Canadá
Most Valuable Player,país,Estados Unidos
Most Valuable Player,instancia de,Jugador Más Valioso
Most Valuable Player,deporte,béisbol
Most Valuable Player,categoría principal del tema,Categoría:Most Valuable Player
Anexo:Premio Grammy latino al mejor álbum tropical contemporáneo,país,Estados Unidos
Anexo:Premio Grammy latino al mejor álbum tropical contemporáneo,instancia de,categoría de un premio
Anexo:Premio Grammy latino al mejor álbum tropical contemporáneo,subclase de,premio al mejor álbum (por género)
Anexo:Premio Grammy latino al mejor álbum tropical contemporáneo,forma parte de,Premios Grammy Latinos
Monte Plata,país,República Dominicana
Monte Plata,instancia de,provincia de la República Dominicana
Monte Plata,capital,Monte Plata
Monte Plata,comparte fronteras con,Hato Mayor
Monte Plata,comparte fronteras con,Samaná
Instituto del Hemisferio Occidental para la Cooperación en Seguridad,país,Estados Unidos
Instituto del Hemisferio Occidental para la Cooperación en Seguridad,instancia de,escuela
Instituto del Hemisferio Occidental para la Cooperación en Seguridad,instancia de,escuela militar
Instituto del Hemisferio Occidental para la Cooperación en Seguridad,situado en la entidad territorial administrativa,Columbus
Instituto del Hemisferio Occidental para la Cooperación en Seguridad,operador,Ejército de los Estados Unidos
Pekín,ciudad hermana,Colonia
Pekín,ciudad hermana,Milán
Pekín,ciudad hermana,Lisboa
Pekín,ciudad hermana,Moscú
Pekín,ciudad hermana,San Petersburgo
tenista de mesa,instancia de,profesión
tenista de mesa,subclase de,deportista
tenista de mesa,subclase de,jugador competitivo
tenista de mesa,ámbito de la ocupación,tenis de mesa
tenista de mesa,deporte,tenis de mesa
Villa Altagracia,país,República Dominicana
Villa Altagracia,instancia de,municipio de la República Dominicana
Villa Altagracia,situado en la entidad territorial administrativa,San Cristóbal
Villa Altagracia,lista de interés para el proyecto Wikimedia,Wikiproyecto:Diáspora africana
activista por los derechos humanos,instancia de,ocupación
activista por los derechos humanos,subclase de,activista político
activista por los derechos humanos,categoría principal del tema,Categoría:Activistas por los derechos humanos
activista por los derechos humanos,lista de interés para el proyecto Wikimedia,Wikiproyecto:Derechos humanos
Premio Robert F. Kennedy,país,Estados Unidos
Premio Robert F. Kennedy,instancia de,distinción
Premio Robert F. Kennedy,nombrado en referencia a,Robert F. Kennedy
Premio Robert F. Kennedy,categoría para los galardonados con este premio,Categoría:Ganadores del Premio de Derechos Humanos Robert F. Kennedy
Michel Camilo,Lugar de nacimiento,Santo Domingo
Michel Camilo,Ocupación,compositor
Michel Camilo,Ciudadanía,República Dominicana
Michel Camilo,Educado en,Escuela Juilliard
Michel Camilo,Empleador,Berklee College of Music
Michel Camilo,Fecha de nacimiento,1954-04-04
Michel Camilo,Ocupación,pianista
Michel Camilo,Ocupación,compositor de canciones
Michel Camilo,Ocupación,músico de jazz
Michel Camilo,Ocupación,profesor de música
Michel Camilo,Educado en,Mannes School of Music
Arístides Incháustegui,Lugar de nacimiento,Santo Domingo
Arístides Incháustegui,Ocupación,cantante
Arístides Incháustegui,Ciudadanía,República Dominicana
Arístides Incháustegui,Fecha de nacimiento,1938-05-03
Arístides Incháustegui,Fecha de defunción,2017-11-21
Ulises Heureaux,Lugar de nacimiento,Puerto Plata
Ulises Heureaux,Ocupación,militar
Ulises Heureaux,Ciudadanía,República Dominicana
Ulises Heureaux,Cargo,presidente de la República Dominicana
Ulises Heureaux,Fecha de nacimiento,1845-10-21
Ulises Heureaux,Fecha de defunción,1899-07-26
Ulises Heureaux,Ocupación,político
Juan Francisco,Lugar de nacimiento,Bonao
Juan Francisco,Ocupación,beisbolista
Juan Francisco,Ciudadanía,República Dominicana
Juan Francisco,Fecha de nacimiento,1987-06-24
Pedro Martínez,Lugar de nacimiento,Manoguayabo
Pedro Martínez,Educado en,Ohio Dominican University
Pedro Martínez,Miembro de,Salón de la Fama del Béisbol
Pedro Martínez,Premio recibido,Premio Cy Young
Pedro Martínez,Fecha de nacimiento,1971-10-25
Pedro Martínez,Premio recibido,Canadian Baseball Hall of Fame
Pedro Martínez,Premio recibido,Boston Red Sox Hall of Fame
Francisco Cordero,Lugar de nacimiento,Santo Domingo
Francisco Cordero,Ocupación,beisbolista
Francisco Cordero,Ciudadanía,República Dominicana
Francisco Cordero,Fecha de nacimiento,1975-05-11
Waldis Joaquín,Lugar de nacimiento,La Vega
Waldis Joaquín,Ocupación,beisbolista
Waldis Joaquín,Ciudadanía,República Dominicana
Waldis Joaquín,Fecha de nacimiento,1986-12-25
José Guillermo Cortines,Lugar de nacimiento,Santo Domingo
José Guillermo Cortines,Ocupación,actor
José Guillermo Cortines,Ciudadanía,República Dominicana
José Guillermo Cortines,Fecha de nacimiento,1973-12-05
José Guillermo Cortines,Ocupación,cantante
José Guillermo Cortines,Ocupación,presentador de televisión
José Guillermo Cortines,Ocupación,actor de televisión
Jaime Espinal,Lugar de nacimiento,Santo Domingo
Jaime Espinal,Ocupación,luchador
Jaime Espinal,Ciudadanía,Estados Unidos
Jaime Espinal,Fecha de nacimiento,1984-10-14
Jaime Espinal,Ciudadanía,República Dominicana
Erick Almonte,Lugar de nacimiento,Santo Domingo
Erick Almonte,Ocupación,beisbolista
Erick Almonte,Ciudadanía,República Dominicana
Erick Almonte,Fecha de nacimiento,1978-02-01
Francisco Liriano,Lugar de nacimiento,Santo Domingo
Francisco Liriano,Ocupación,beisbolista
Francisco Liriano,Ciudadanía,República Dominicana
Francisco Liriano,Fecha de nacimiento,1983-10-26
Augusto Sánchez Beriguete,Lugar de nacimiento,Barahona
Augusto Sánchez Beriguete,Ocupación,ciclista
Augusto Sánchez Beriguete,Ciudadanía,República Dominicana
Augusto Sánchez Beriguete,Fecha de nacimiento,1983-12-19
Ubaldo Jiménez,Lugar de nacimiento,Nagua
Ubaldo Jiménez,Ocupación,beisbolista
Ubaldo Jiménez,Ciudadanía,República Dominicana
Ubaldo Jiménez,Fecha de nacimiento,1984-01-22
Francisco Alberto Caamaño,Lugar de nacimiento,San Juan
Francisco Alberto Caamaño,Ocupación,político
Francisco Alberto Caamaño,Ciudadanía,República Dominicana
Francisco Alberto Caamaño,Cargo,presidente de la República Dominicana
Francisco Alberto Caamaño,Fecha de nacimiento,1932-06-11
Francisco Alberto Caamaño,Fecha de defunción,1973-02-16
Francisco Alberto Caamaño,Ocupación,oficial militar
Francisco Alberto Caamaño,Fecha de defunción,1973-02-17
Aída Bonnelly de Díaz,Lugar de nacimiento,Santiago de los Caballeros
Aída Bonnelly de Díaz,Ocupación,profesor de música
Aída Bonnelly de Díaz,Ciudadanía,República Dominicana
Aída Bonnelly de Díaz,Fecha de nacimiento,1926-05-02
Aída Bonnelly de Díaz,Fecha de defunción,2013-10-27
Bienvenido Bustamante López,Lugar de nacimiento,San Pedro de Macorís
Bienvenido Bustamante López,Ocupación,compositor
Bienvenido Bustamante López,Ciudadanía,República Dominicana
Bienvenido Bustamante López,Fecha de nacimiento,1923-02-27
Bienvenido Bustamante López,Fecha de defunción,2001-11-15
Bienvenido Bustamante López,Ocupación,clarinetista
Bienvenido Troncoso,Lugar de nacimiento,Santiago de los Caballeros
Bienvenido Troncoso,Ocupación,compositor
Bienvenido Troncoso,Ciudadanía,República Dominicana
Bienvenido Troncoso,Fecha de nacimiento,1909-03-02
Bienvenido Troncoso,Fecha de defunción,1961-12-01
Bienvenido Troncoso,Ocupación,cantante
Bienvenido Troncoso,Ocupación,guitarrista
Héctor Carrasco,Lugar de nacimiento,San Pedro de Macorís
Héctor Carrasco,Ocupación,beisbolista
Héctor Carrasco,Ciudadanía,República Dominicana
Héctor Carrasco,Fecha de nacimiento,1969-10-22
Billo Frómeta,Lugar de nacimiento,Santo Domingo
Billo Frómeta,Ocupación,compositor
Billo Frómeta,Ciudadanía,Venezuela
Billo Frómeta,Fecha de nacimiento,1915-11-15
Billo Frómeta,Fecha de defunción,1988-05-05
Billo Frómeta,Ocupación,director de orquesta
Billo Frómeta,Ocupación,cantante
Billo Frómeta,Ocupación,líder de banda
Billo Frómeta,Ciudadanía,República Dominicana
Héctor García Godoy,Lugar de nacimiento,Moca
Héctor García Godoy,Ocupación,abogado
Héctor García Godoy,Ciudadanía,República Dominicana
Héctor García Godoy,Educado en,Universidad Autónoma de Santo Domingo
Héctor García Godoy,Cargo,presidente de la República Dominicana
Héctor García Godoy,Fecha de nacimiento,1921-01-11
Héctor García Godoy,Fecha de defunción,1970-04-20
Héctor García Godoy,Ocupación,político
Héctor García Godoy,Ocupación,diplomático
Escuela Juilliard,país,Estados Unidos
Escuela Juilliard,instancia de,conservatorio de música
Escuela Juilliard,instancia de,escuela de arte dramático
Escuela Juilliard,instancia de,institución educativa privada sin fines de lucro
Escuela Juilliard,situado en la entidad territorial administrativa,Nueva York
Berklee College of Music,país,Estados Unidos
Berklee College of Music,instancia de,universidad privada
Berklee College of Music,instancia de,academia de música
Berklee College of Music,instancia de,institución educativa privada sin fines de lucro
Berklee College of Music,fundador,Lawrence Berk
Bonao,país,República Dominicana
Bonao,instancia de,municipio de la República Dominicana
Bonao,situado en la entidad territorial administrativa,Monseñor Nouel
Bonao,capital de,Monseñor Nouel
Manoguayabo,país,República Dominicana
Manoguayabo,instancia de,asentamiento
Manoguayabo,situado en la entidad territorial administrativa,Santo Domingo Oeste
luchador,instancia de,ocupación
luchador,subclase de,luchador
luchador,ámbito de la ocupación,lucha
luchador,ámbito de la ocupación,lucha amateur
luchador,deporte,lucha amateur
Barahona,país,República Dominicana
Barahona,instancia de,provincia de la República Dominicana
Barahona,capital,Santa Cruz de Barahona
Barahona,comparte fronteras con,Provincia de Azua
Barahona,comparte fronteras con,Bahoruco
San Juan,país,República Dominicana
San Juan,instancia de,municipio de la República Dominicana
San Juan,situado en la entidad territorial administrativa,Provincia de San Juan
San Juan,categoría principal del tema,Categoría:San Juan de la Maguana
San Juan,capital de,Provincia de San Juan
profesor de música,instancia de,título universitario
profesor de música,instancia de,profesión musical
profesor de música,subclase de,músico
profesor de música,subclase de,educador
profesor de música,subclase de,profesor de música
Venezuela,instancia de,país
Venezuela,instancia de,estado soberano
Venezuela,jefe de Estado,Nicolás Maduro
Venezuela,jefe de Estado,Juan Guaidó
Venezuela,capital,Caracas
abogado,instancia de,profesión jurídica
abogado,subclase de,jurista
abogado,santo patrón,Catalina de Alejandría
abogado,santo patrón,Alfonso María de Ligorio
abogado,santo patrón,Raimundo de Peñafort
Julio Franco,Lugar de nacimiento,Hato Mayor
Julio Franco,Ocupación,beisbolista
Julio Franco,Ciudadanía,República Dominicana
Julio Franco,Fecha de nacimiento,1958-08-23
Rudy Pemberton,Lugar de nacimiento,San Pedro de Macorís
Rudy Pemberton,Ocupación,beisbolista
Rudy Pemberton,Ciudadanía,República Dominicana
Rudy Pemberton,Fecha de nacimiento,1969-12-02
Rudy Pemberton,Fecha de nacimiento,1969-12-17
Wilson Valdez,Lugar de nacimiento,Nizao
Wilson Valdez,Ocupación,beisbolista
Wilson Valdez,Ciudadanía,República Dominicana
Wilson Valdez,Fecha de nacimiento,1978-05-20
Aquilino López,Lugar de nacimiento,Villa Altagracia
Aquilino López,Ocupación,beisbolista
Aquilino López,Ciudadanía,República Dominicana
Aquilino López,Fecha de nacimiento,1975-04-21
José Núñez,Lugar de nacimiento,Jarabacoa
José Núñez,Ocupación,beisbolista
José Núñez,Ciudadanía,República Dominicana
José Núñez,Fecha de nacimiento,1960-01-13
José Núñez,Fecha de nacimiento,1964-01-13
Tilson Brito,Lugar de nacimiento,Santo Domingo
Tilson Brito,Ocupación,beisbolista
Tilson Brito,Ciudadanía,República Dominicana
Tilson Brito,Fecha de nacimiento,1972-05-28
Denny Bautista,Lugar de nacimiento,Sánchez
Denny Bautista,Ocupación,beisbolista
Denny Bautista,Ciudadanía,República Dominicana
Denny Bautista,Fecha de nacimiento,1982-10-23
Félix Rodríguez,Lugar de nacimiento,Monte Cristi
Félix Rodríguez,Ocupación,beisbolista
Félix Rodríguez,Ciudadanía,República Dominicana
Félix Rodríguez,Fecha de nacimiento,1972-09-09
Mendy López,Lugar de nacimiento,Pimentel (República Dominicana)
Mendy López,Ocupación,beisbolista
Mendy López,Ciudadanía,República Dominicana
Mendy López,Fecha de nacimiento,1974-10-15
Radhamés Liz,Lugar de nacimiento,El Seibo
Radhamés Liz,Ocupación,beisbolista
Radhamés Liz,Ciudadanía,República Dominicana
Radhamés Liz,Fecha de nacimiento,1983-10-06
Radhamés Liz,Fecha de nacimiento,1985-09-03
José Cabrera,Lugar de nacimiento,Provincia de Santiago (República Dominicana)
José Cabrera,Ocupación,beisbolista
José Cabrera,Ciudadanía,República Dominicana
José Cabrera,Fecha de nacimiento,1972-03-24
José Lima,Lugar de nacimiento,Santiago de los Caballeros
José Lima,Ocupación,cantante
José Lima,Ciudadanía,República Dominicana
José Lima,Fecha de nacimiento,1972-09-30
José Lima,Fecha de defunción,2010-05-23
José Lima,Ocupación,beisbolista
Cristhian Martínez,Lugar de nacimiento,Santo Domingo
Cristhian Martínez,Ocupación,beisbolista
Cristhian Martínez,Ciudadanía,República Dominicana
Cristhian Martínez,Fecha de nacimiento,1982-03-06
Kinito Méndez,Lugar de nacimiento,Provincia de Azua
Kinito Méndez,Ocupación,compositor
Kinito Méndez,Ciudadanía,República Dominicana
Kinito Méndez,Fecha de nacimiento,1963-11-18
Kinito Méndez,Ocupación,cantante
Fernando Villalona,Lugar de nacimiento,Provincia de Monte Cristi
Fernando Villalona,Ocupación,cantante
Fernando Villalona,Ciudadanía,República Dominicana
Fernando Villalona,Fecha de nacimiento,1955-05-07
Víctor Mata,Lugar de nacimiento,Santiago de los Caballeros
Víctor Mata,Ocupación,beisbolista
Víctor Mata,Ciudadanía,República Dominicana
Víctor Mata,Fecha de nacimiento,1961-06-17
Sharlene,Lugar de nacimiento,Santo Domingo
Sharlene,Ocupación,actor
Sharlene,Ciudadanía,Estados Unidos
Sharlene,Fecha de nacimiento,1989-05-11
Sharlene,Ocupación,compositor
Sharlene,Ocupación,cantante
Sharlene,Ocupación,músico
Sharlene,Ocupación,modelo
Sharlene,Ocupación,actor de cine
Sharlene,Ciudadanía,República Dominicana
Rafael Colón,Lugar de nacimiento,Santiago de los Caballeros
Rafael Colón,Ocupación,compositor
Rafael Colón,Ciudadanía,República Dominicana
Rafael Colón,Fecha de nacimiento,1918-05-18
Rafael Colón,Fecha de defunción,1991-06-07
Rafael Colón,Ocupación,cantante
Hilma Contreras,Lugar de nacimiento,Duarte
Hilma Contreras,Ocupación,escritor
Hilma Contreras,Ciudadanía,República Dominicana
Hilma Contreras,Fecha de nacimiento,1913-12-08
Hilma Contreras,Fecha de defunción,2006-01-15
Hato Mayor,instancia de,provincia de la República Dominicana
Hato Mayor,capital,Hato Mayor
Hato Mayor,comparte fronteras con,Samaná
Hato Mayor,comparte fronteras con,San Pedro de Macorís
Nizao,país,República Dominicana
Nizao,instancia de,municipio de la República Dominicana
Nizao,situado en la entidad territorial administrativa,Peravia
Nizao,lista de interés para el proyecto Wikimedia,Wikiproyecto:Diáspora africana
Jarabacoa,país,República Dominicana
Jarabacoa,instancia de,municipio de la República Dominicana
Jarabacoa,situado en la entidad territorial administrativa,La Vega
Jarabacoa,categoría principal del tema,Categoría:Jarabacoa
Sánchez,país,República Dominicana
Sánchez,instancia de,municipio de la República Dominicana
Sánchez,situado en la entidad territorial administrativa,Samaná
Pimentel (República Dominicana),país,República Dominicana
Pimentel (República Dominicana),instancia de,ciudad
Pimentel (República Dominicana),instancia de,municipio de la República Dominicana
Pimentel (República Dominicana),situado en la entidad territorial administrativa,Duarte
El Seibo,país,República Dominicana
El Seibo,instancia de,municipio de la República Dominicana
El Seibo,situado en la entidad territorial administrativa,El Seibo
El Seibo,capital de,El Seibo
Provincia de Santiago (República Dominicana),país,República Dominicana
Provincia de Santiago (República Dominicana),instancia de,provincia de la República Dominicana
Provincia de Santiago (República Dominicana),capital,Santiago de los Caballeros
Provincia de Santiago (República Dominicana),comparte fronteras con,Espaillat
Provincia de Santiago (República Dominicana),comparte fronteras con,La Vega
Provincia de Azua,país,República Dominicana
Provincia de Azua,instancia de,provincia de la República Dominicana
Provincia de Azua,capital,Municipio de Azua
Provincia de Azua,comparte fronteras con,La Vega
Provincia de Azua,comparte fronteras con,Bahoruco
Provincia de Monte Cristi,país,República Dominicana
Provincia de Monte Cristi,instancia de,provincia de la República Dominicana
Provincia de Monte Cristi,capital,Monte Cristi
Provincia de Monte Cristi,comparte fronteras con,Puerto Plata
Provincia de Monte Cristi,comparte fronteras con,Noreste
Salvador Jorge Blanco,Lugar de nacimiento,Santiago de los Caballeros
Salvador Jorge Blanco,Ocupación,escritor
Salvador Jorge Blanco,Ciudadanía,República Dominicana
Salvador Jorge Blanco,Educado en,Universidad Autónoma de Santo Domingo
Salvador Jorge Blanco,Cargo,presidente de la República Dominicana
Salvador Jorge Blanco,Fecha de nacimiento,1926-07-05
Salvador Jorge Blanco,Fecha de defunción,2010-12-26
Salvador Jorge Blanco,Ocupación,político
Junot Díaz,Lugar de nacimiento,Santo Domingo
Junot Díaz,Ocupación,académico
Junot Díaz,Ciudadanía,Estados Unidos
Junot Díaz,Educado en,Universidad Cornell
Junot Díaz,Empleador,Instituto Tecnológico de Massachusetts
Junot Díaz,Miembro de,Academia Estadounidense de las Artes y las Letras
Junot Díaz,Premio recibido,Premio Grandes Inmigrantes
Junot Díaz,Fecha de nacimiento,1968-12-31
Junot Díaz,Ocupación,novelista
Junot Díaz,Ocupación,escritor de ciencia ficción
Junot Díaz,Ciudadanía,República Dominicana
Junot Díaz,Educado en,Universidad Rutgers
Junot Díaz,Educado en,Old Bridge High School
Junot Díaz,Educado en,Cedar Ridge High School
Junot Díaz,Empleador,Rutgers University Press
Dámaso Marte,Lugar de nacimiento,Santo Domingo
Dámaso Marte,Ocupación,beisbolista
Dámaso Marte,Ciudadanía,República Dominicana
Dámaso Marte,Fecha de nacimiento,1975-02-14
Junot Díaz,Premio recibido,National Book Critics Circle Award for Fiction
Junot Díaz,Ocupación,escritor
Junot Díaz,Ocupación,profesor universitario
Junot Díaz,Premio recibido,Beca MacArthur
Junot Díaz,Premio recibido,Premio de Roma
Junot Díaz,Premio recibido,Premio Anisfield-Wolf
Junot Díaz,Premio recibido,Premio Américas
Junot Díaz,Premio recibido,Premio Eugene McDermott de artes en MIT
Junot Díaz,Premio recibido,Premio O. Henry
Junot Díaz,Premio recibido,Premio Pulitzer de Ficción
Junot Díaz,Premio recibido,Premio PEN/Malamud
Junot Díaz,Premio recibido,Beca Guggenheim
Yuderqui Contreras,Lugar de nacimiento,San Pedro de Macorís
Yuderqui Contreras,Ocupación,halterófilo
Yuderqui Contreras,Ciudadanía,República Dominicana
Yuderqui Contreras,Fecha de nacimiento,1986-03-27
Johnny Abbes,Lugar de nacimiento,Santo Domingo
Johnny Abbes,Ocupación,político
Johnny Abbes,Ciudadanía,República Dominicana
Johnny Abbes,Fecha de nacimiento,1924-01-01
Johnny Abbes,Fecha de defunción,1967-05-30
Johnny Abbes,Ocupación,diplomático
Alex Bueno,Lugar de nacimiento,Provincia de Santiago (República Dominicana)
Alex Bueno,Ocupación,cantautor
Alex Bueno,Ciudadanía,República Dominicana
Alex Bueno,Fecha de nacimiento,1963-09-06
Alex Bueno,Ocupación,guitarrista
Juan Marichal,Lugar de nacimiento,Provincia de Monte Cristi
Juan Marichal,Ocupación,beisbolista
Juan Marichal,Ciudadanía,República Dominicana
Juan Marichal,Fecha de nacimiento,1937-10-20
Buenaventura Báez,Lugar de nacimiento,Cabral
Buenaventura Báez,Ocupación,político
Buenaventura Báez,Ciudadanía,República Dominicana
Buenaventura Báez,Cargo,presidente de la República Dominicana
Buenaventura Báez,Fecha de nacimiento,1812-07-14
Buenaventura Báez,Fecha de defunción,1884-03-14
Fernando Rodney,Lugar de nacimiento,Samaná
Fernando Rodney,Ocupación,beisbolista
Fernando Rodney,Ciudadanía,República Dominicana
Fernando Rodney,Fecha de nacimiento,1977-03-18
Manny Albam,Lugar de nacimiento,Samaná
Manny Albam,Ocupación,compositor de bandas sonoras
Manny Albam,Ciudadanía,República Dominicana
Manny Albam,Fecha de nacimiento,1922-06-24
Manny Albam,Fecha de defunción,2001-10-02
Manny Albam,Ocupación,saxofonista
Manny Albam,Ocupación,músico de jazz
Manny Albam,Ocupación,profesor de música
Manny Albam,Fecha de defunción,2001-10-09
Tony Fernández,Lugar de nacimiento,San Pedro de Macorís
Tony Fernández,Ocupación,beisbolista
Tony Fernández,Ciudadanía,República Dominicana
Tony Fernández,Premio recibido,Guante de Oro
Tony Fernández,Fecha de nacimiento,1962-06-30
Tony Fernández,Fecha de defunción,2020-02-15
Tony Fernández,Premio recibido,Canadian Baseball Hall of Fame
Tony Fernández,Premio recibido,Ontario Sports Hall of Fame
Gilberto Santa Rosa,Lugar de nacimiento,Santurce
Gilberto Santa Rosa,Ocupación,director de orquesta
Gilberto Santa Rosa,Ciudadanía,Estados Unidos
Gilberto Santa Rosa,Premio recibido,premio Grammy al mejor álbum latino tropical
Gilberto Santa Rosa,Fecha de nacimiento,1962-08-21
Gilberto Santa Rosa,Ocupación,cantante
Gilberto Santa Rosa,Ocupación,músico
Gilberto Santa Rosa,Ocupación,líder de banda
Gilberto Santa Rosa,Premio recibido,Premio Grammy latino por mejor álbum vocal pop tradicional
Gilberto Santa Rosa,Premio recibido,Premio Grammy latino por mejor álbum tropical tradicional
Gilberto Santa Rosa,Premio recibido,Premio Grammy latino por mejor álbum de salsa
Gilberto Santa Rosa,Premio recibido,Premio Grammy Latino a la Excelencia Musical
Gilberto Santa Rosa,Premio recibido,Premio ASCAP a la Herencia Latina
Gilberto Santa Rosa,Ciudadanía,República Dominicana
Rafael Soriano,Lugar de nacimiento,San José de Los Llanos (República Dominicana)
Rafael Soriano,Ocupación,beisbolista
Rafael Soriano,Ciudadanía,República Dominicana
Rafael Soriano,Fecha de nacimiento,1979-12-19
Michelle Vargas,Lugar de nacimiento,San Francisco de Macorís
Michelle Vargas,Ocupación,actor
Michelle Vargas,Ciudadanía,Estados Unidos
Michelle Vargas,Fecha de nacimiento,1985-03-02
Michelle Vargas,Ocupación,modelo
Michelle Vargas,Ciudadanía,República Dominicana
Winston Méndez Montero,Lugar de nacimiento,Santo Domingo
Winston Méndez Montero,Ocupación,boxeador
Winston Méndez Montero,Ciudadanía,República Dominicana
Winston Méndez Montero,Fecha de nacimiento,1974-11-20
Ulises Espaillat,Lugar de nacimiento,Santiago de los Caballeros
Ulises Espaillat,Ocupación,político
Ulises Espaillat,Ciudadanía,República Dominicana
Ulises Espaillat,Cargo,presidente de la República Dominicana
Ulises Espaillat,Fecha de nacimiento,1823-02-09
Ulises Espaillat,Fecha de defunción,1878-04-25
Manny Ramírez,Lugar de nacimiento,Santo Domingo
Manny Ramírez,Ocupación,beisbolista
Manny Ramírez,Ciudadanía,República Dominicana
Manny Ramírez,Educado en,George Washington Educational Campus
Manny Ramírez,Fecha de nacimiento,1972-05-30
Efraín Valdez,Lugar de nacimiento,Nizao
Efraín Valdez,Ocupación,beisbolista
Efraín Valdez,Ciudadanía,República Dominicana
Efraín Valdez,Fecha de nacimiento,1966-07-11
Juan Guzmán,Lugar de nacimiento,Santo Domingo
Juan Guzmán,Ocupación,beisbolista
Juan Guzmán,Ciudadanía,República Dominicana
Juan Guzmán,Fecha de nacimiento,1966-10-28
Francisco Cruceta,Lugar de nacimiento,La Vega
Francisco Cruceta,Ocupación,beisbolista
Francisco Cruceta,Ciudadanía,República Dominicana
Francisco Cruceta,Fecha de nacimiento,1981-07-04
académico,instancia de,profesión
académico,instancia de,cargo
académico,subclase de,científico
académico,subclase de,cuadro profesional
académico,subclase de,erudito
Universidad Cornell,país,Estados Unidos
Universidad Cornell,instancia de,Universidad de concesión de tierras
Universidad Cornell,instancia de,universidad privada
Universidad Cornell,instancia de,universidad de investigación
Instituto Tecnológico de Massachusetts,país,Estados Unidos
Instituto Tecnológico de Massachusetts,instancia de,universidad
Instituto Tecnológico de Massachusetts,instancia de,universidad técnica
Instituto Tecnológico de Massachusetts,instancia de,instituto tecnológico
halterófilo,instancia de,ocupación
halterófilo,subclase de,atleta de fuerza
halterófilo,ámbito de la ocupación,halterofilia
halterófilo,categoría principal del tema,Categoría:Halterófilos
guitarrista,instancia de,ocupación
guitarrista,instancia de,profesión musical
guitarrista,subclase de,intérprete de instrumento de cuerda pulsada
guitarrista,ámbito de la ocupación,guitarra
Cabral,país,República Dominicana
Cabral,instancia de,municipio de la República Dominicana
Cabral,situado en la entidad territorial administrativa,Barahona
Samaná,país,República Dominicana
Samaná,instancia de,municipio de la República Dominicana
Samaná,situado en la entidad territorial administrativa,Samaná
Samaná,capital de,Samaná
compositor de bandas sonoras,instancia de,profesión del cine
compositor de bandas sonoras,instancia de,profesión musical
compositor de bandas sonoras,género,música cinematográfica
compositor de bandas sonoras,subclase de,compositor
Santurce,país,Estados Unidos
Santurce,instancia de,barrio de Puerto Rico
Santurce,situado en la entidad territorial administrativa,San Juan
Santurce,se encuentra en el huso horario,UTC−4
Santurce,categoría principal del tema,Categoría:Santurce (San Juan)
director de orquesta,instancia de,profesión
director de orquesta,instancia de,cargo
director de orquesta,instancia de,profesión musical
director de orquesta,subclase de,músico
director de orquesta,subclase de,artista escénico
premio Grammy al mejor álbum latino tropical,país,Estados Unidos
premio Grammy al mejor álbum latino tropical,instancia de,categoría de un premio
premio Grammy al mejor álbum latino tropical,forma parte de,Premios Grammy
San José de Los Llanos (República Dominicana),país,República Dominicana
San José de Los Llanos (República Dominicana),instancia de,municipio de la República Dominicana
San José de Los Llanos (República Dominicana),situado en la entidad territorial administrativa,San Pedro de Macorís
boxeador,instancia de,profesión
boxeador,subclase de,deportista
boxeador,subclase de,artista marcial
boxeador,ámbito de la ocupación,boxeo
boxeador,ámbito de la ocupación,boxeo aficionado
La Vega,instancia de,ciudad fortificada
La Vega,instancia de,gran ciudad
La Vega,instancia de,municipio de la República Dominicana
La Vega,idioma oficial,español
Pedro Hernández,Lugar de nacimiento,La Romana
Pedro Hernández,Ocupación,beisbolista
Pedro Hernández,Ciudadanía,República Dominicana
Pedro Hernández,Educado en,Preparatoria Javeriana
Pedro Hernández,Fecha de nacimiento,1959-04-04
Alex Taveras,Lugar de nacimiento,Santiago de los Caballeros
Alex Taveras,Ocupación,beisbolista
Alex Taveras,Ciudadanía,República Dominicana
Alex Taveras,Fecha de nacimiento,1955-10-09
Bartolo Colón,Lugar de nacimiento,Altamira
Bartolo Colón,Ocupación,beisbolista
Bartolo Colón,Ciudadanía,Estados Unidos
Bartolo Colón,Fecha de nacimiento,1973-05-24
Bartolo Colón,Ciudadanía,República Dominicana
Guillo Pérez,Lugar de nacimiento,Moca
Guillo Pérez,Ocupación,pintor
Guillo Pérez,Ciudadanía,República Dominicana
Guillo Pérez,Fecha de nacimiento,1923-08-03
Guillo Pérez,Fecha de defunción,2014-03-09
Juan Mateo,Lugar de nacimiento,Baní
Juan Mateo,Ocupación,beisbolista
Juan Mateo,Ciudadanía,República Dominicana
Juan Mateo,Fecha de nacimiento,1982-12-17
Óscar Mejía,Lugar de nacimiento,Jarabacoa
Óscar Mejía,Ocupación,futbolista
Óscar Mejía,Ciudadanía,República Dominicana
Óscar Mejía,Fecha de nacimiento,1978-12-07
Francisco Henríquez y Carvajal,Lugar de nacimiento,Santo Domingo
Francisco Henríquez y Carvajal,Ocupación,escritor
Francisco Henríquez y Carvajal,Ciudadanía,República Dominicana
Francisco Henríquez y Carvajal,Educado en,Sorbonne Universidad de París
Francisco Henríquez y Carvajal,Cargo,presidente de la República Dominicana
Francisco Henríquez y Carvajal,Fecha de nacimiento,1859-01-01
Francisco Henríquez y Carvajal,Fecha de defunción,1935-01-01
Francisco Henríquez y Carvajal,Ocupación,médico
Francisco Henríquez y Carvajal,Ocupación,abogado
Francisco Henríquez y Carvajal,Ocupación,político
Samuel Gálvez,Ocupación,tenista de mesa
Samuel Gálvez,Ciudadanía,República Dominicana
Samuel Gálvez,Fecha de nacimiento,1992-01-01
Enerio Rodriguez Arias,Ocupación,psicólogo
Enerio Rodriguez Arias,Ciudadanía,República Dominicana
Enerio Rodriguez Arias,Fecha de nacimiento,1939-01-01
Juan Mendez,Lugar de nacimiento,Montreal
Juan Mendez,Ocupación,baloncestista
Juan Mendez,Ciudadanía,Canadá
Juan Mendez,Educado en,Universidad de Niágara
Juan Mendez,Fecha de nacimiento,1981-09-23
Juan Mendez,Ciudadanía,República Dominicana
Juan Mendez,Educado en,Florida Preparatory Academy
Jeff Greer,Lugar de nacimiento,Manhattan
Jeff Greer,Ocupación,baloncestista
Jeff Greer,Ciudadanía,Estados Unidos
Jeff Greer,Educado en,Universidad Rutgers en New Brunswick
Jeff Greer,Fecha de nacimiento,1979-11-30
Jeff Greer,Ciudadanía,República Dominicana
Leyson Séptimo,Lugar de nacimiento,Santo Domingo
Leyson Séptimo,Ocupación,beisbolista
Leyson Séptimo,Ciudadanía,República Dominicana
Leyson Séptimo,Fecha de nacimiento,1985-07-07
José Martínez,Lugar de nacimiento,Guayubín
José Martínez,Ocupación,beisbolista
José Martínez,Ciudadanía,República Dominicana
José Martínez,Fecha de nacimiento,1971-01-04
José Martínez,Fecha de nacimiento,1971-04-01
Carlos Mármol,Lugar de nacimiento,Bonao
Carlos Mármol,Ocupación,beisbolista
Carlos Mármol,Ciudadanía,República Dominicana
Carlos Mármol,Fecha de nacimiento,1982-10-14
Carlos Peguero,Lugar de nacimiento,Hondo Valle
Carlos Peguero,Ocupación,beisbolista
Carlos Peguero,Ciudadanía,República Dominicana
Carlos Peguero,Fecha de nacimiento,1987-02-22
Carlos Pérez,Lugar de nacimiento,San Gregorio de Nigua
Carlos Pérez,Ocupación,beisbolista
Carlos Pérez,Ciudadanía,República Dominicana
Carlos Pérez,Fecha de nacimiento,1971-04-14
Carlos Rosa,Lugar de nacimiento,San Francisco de Macorís
Carlos Rosa,Ocupación,beisbolista
Carlos Rosa,Ciudadanía,República Dominicana
Carlos Rosa,Fecha de nacimiento,1984-09-21
Carlos Cruz,Lugar de nacimiento,Santiago de los Caballeros
Carlos Cruz,Ocupación,boxeador
Carlos Cruz,Ciudadanía,República Dominicana
Carlos Cruz,Fecha de nacimiento,1937-11-24
Carlos Cruz,Fecha de defunción,1969-02-15
Carlos Triunfel,Lugar de nacimiento,Santiago de los Caballeros
Carlos Triunfel,Ocupación,beisbolista
Carlos Triunfel,Ciudadanía,República Dominicana
Carlos Triunfel,Fecha de nacimiento,1990-02-27
Carlos Villanueva,Lugar de nacimiento,Santiago de los Caballeros
Carlos Villanueva,Ocupación,beisbolista
Carlos Villanueva,Ciudadanía,República Dominicana
Carlos Villanueva,Fecha de nacimiento,1983-11-28
Preparatoria Javeriana,país,Estados Unidos
Preparatoria Javeriana,instancia de,escuela secundaria superior
Preparatoria Javeriana,situado en la entidad territorial administrativa,Nueva York
Altamira,país,República Dominicana
Altamira,instancia de,municipio de la República Dominicana
Altamira,situado en la entidad territorial administrativa,Puerto Plata
pintor,instancia de,ocupación
pintor,instancia de,profesión artística
pintor,subclase de,artista visual
pintor,santo patrón,Lucas el Evangelista
pintor,ámbito de la ocupación,pintura
Sorbonne Universidad de París,país,Francia
Sorbonne Universidad de París,instancia de,universidad en Francia
Sorbonne Universidad de París,instancia de,entidad desaparecida
Sorbonne Universidad de París,nombrado en referencia a,París
Sorbonne Universidad de París,nombrado en referencia a,Roberto de Sorbón
psicólogo,elemento ejemplo,psicólogo clínico
psicólogo,instancia de,profesión
psicólogo,instancia de,grupo de ocupaciones de la CIUO
Montreal,país,Canadá
Montreal,continente,América del Norte
Montreal,instancia de,metrópoli
Montreal,instancia de,ciudad universitaria
Canadá,miembro de,Organización para la Seguridad y la Cooperación en Europa
Canadá,miembro de,Organización de los Estados Americanos
Canadá,miembro de,Organización Internacional de la Francofonía
Canadá,miembro de,Organización Meteorológica Mundial
Canadá,miembro de,Foro de Cooperación Económica Asia-Pacífico
Universidad de Niágara,país,Estados Unidos
Universidad de Niágara,instancia de,universidad
Universidad de Niágara,instancia de,institución educativa privada sin fines de lucro
Universidad de Niágara,situado en la entidad territorial administrativa,Condado de Niágara
Universidad de Niágara,religión,Iglesia católica
Manhattan,jefe de gobierno,Gale Brewer
Manhattan,país,Estados Unidos
Manhattan,instancia de,Distritos de la ciudad de Nueva York
Manhattan,instancia de,ciudad-condado
Manhattan,comparte fronteras con,Brooklyn
Universidad Rutgers en New Brunswick,país,Estados Unidos
Universidad Rutgers en New Brunswick,instancia de,campus
Universidad Rutgers en New Brunswick,instancia de,Universidad de concesión de tierras
Universidad Rutgers en New Brunswick,instancia de,institución educativa pública de los Estados Unidos
Universidad Rutgers en New Brunswick,situado en la entidad territorial administrativa,Nuevo Brunswick
Hondo Valle,país,República Dominicana
Hondo Valle,instancia de,municipio de la República Dominicana
Hondo Valle,situado en la entidad territorial administrativa,Elías Piña
San Gregorio de Nigua,país,República Dominicana
San Gregorio de Nigua,instancia de,municipio de la República Dominicana
San Gregorio de Nigua,situado en la entidad territorial administrativa,San Cristóbal
Hilde Domin,Lugar de nacimiento,Colonia
Hilde Domin,Ocupación,escritor
Hilde Domin,Ciudadanía,Alemania
Hilde Domin,Educado en,Universidad de Bonn
Hilde Domin,Miembro de,Academia Alemana de Lengua y Literatura
Hilde Domin,Premio recibido,Premio Friedrich Hölderlin
Hilde Domin,Fecha de nacimiento,1909-07-27
Hilde Domin,Fecha de defunción,2006-02-22
Hilde Domin,Ocupación,poeta
Hilde Domin,Ocupación,traductor
Hilde Domin,Ocupación,novelista
Hilde Domin,Premio recibido,Orden del Mérito de Renania del Norte-Westfalia
Hilde Domin,Premio recibido,Orden al mérito de Baden-Wurtemberg
Hilde Domin,Premio recibido,Premio Nelly Sachs
Hilde Domin,Premio recibido,Carl Zuckmayer Medal
Hilde Domin,Premio recibido,Droste-Preis
Hilde Domin,Premio recibido,Honorary Award of the Heinrich Heine Society
Hilde Domin,Premio recibido,Ida-Dehmel-Literaturpreis
Hilde Domin,Premio recibido,Jakob Wassermann Prize
Hilde Domin,Premio recibido,Roswitha Prize
Hilde Domin,Premio recibido,Premio Estatal de Renania del Norte-Westfalia
Hilde Domin,Premio recibido,Cruz de Comendador de la Orden del Mérito de la República Federal Alemana
Hilde Domin,Premio recibido,Cruz de Oficial de la Orden del Mérito de la República Federal de Alemania
Hilde Domin,Ciudadanía,República Dominicana
Colonia,jefe de gobierno,Henriette Reker
Colonia,país,Alemania
Colonia,instancia de,metrópoli
Colonia,instancia de,ciudad de la Liga Hanseática
Colonia,instancia de,gran ciudad
Alemania,miembro de,Organización para la Cooperación y el Desarrollo Económico
Alemania,miembro de,Organismo Internacional de Energía Atómica
Alemania,miembro de,Agencia Espacial Europea
Alemania,miembro de,Programa de exención de visa
Alemania,miembro de,Organización Internacional del Trabajo
Universidad de Bonn,país,Alemania
Universidad de Bonn,instancia de,Registrador de Internet Local
Universidad de Bonn,instancia de,universidad pública
Universidad de Bonn,instancia de,editorial
Academia Alemana de Lengua y Literatura,forma jurídica,asociación registrada
Academia Alemana de Lengua y Literatura,confiere,Premio Sigmund Freud
Academia Alemana de Lengua y Literatura,confiere,Premio Johann Heinrich Merck
Academia Alemana de Lengua y Literatura,confiere,Premio Friedrich Gundolf
Academia Alemana de Lengua y Literatura,confiere,Premio Johann Heinrich Voss
Starlin Castro,Lugar de nacimiento,Monte Cristi
Starlin Castro,Ocupación,beisbolista
Starlin Castro,Ciudadanía,República Dominicana
Starlin Castro,Fecha de nacimiento,1990-03-24
Gabriel del Orbe,Lugar de nacimiento,Moca
Gabriel del Orbe,Ocupación,compositor
Gabriel del Orbe,Ciudadanía,República Dominicana
Gabriel del Orbe,Educado en,"Escuela superior de música y teatro ""Felix Mendelssohn"""
Gabriel del Orbe,Fecha de nacimiento,1888-03-18
Gabriel del Orbe,Fecha de defunción,1966-05-05
Gabriel del Orbe,Ocupación,pianista
Gabriel del Orbe,Ocupación,violinista
Jacinto Bienvenido Peynado,Lugar de nacimiento,Puerto Plata
Jacinto Bienvenido Peynado,Ocupación,abogado
Jacinto Bienvenido Peynado,Ciudadanía,República Dominicana
Jacinto Bienvenido Peynado,Cargo,presidente de la República Dominicana
Jacinto Bienvenido Peynado,Fecha de nacimiento,1878-02-15
Jacinto Bienvenido Peynado,Fecha de defunción,1940-03-07
Jacinto Bienvenido Peynado,Ocupación,político
Gerónimo Pellerano,Lugar de nacimiento,Santiago de los Caballeros
Gerónimo Pellerano,Ocupación,cantante
Gerónimo Pellerano,Ciudadanía,República Dominicana
Gerónimo Pellerano,Fecha de nacimiento,1927-07-02
Gerónimo Pellerano,Fecha de defunción,1991-03-25
Urban Meyer,Lugar de nacimiento,Toledo
Urban Meyer,Ocupación,entrenador
Urban Meyer,Ciudadanía,República Dominicana
Urban Meyer,Educado en,Universidad de Cincinnati
Urban Meyer,Empleador,Florida Gators
Urban Meyer,Fecha de nacimiento,1964-07-10
Urban Meyer,Ocupación,autor
Urban Meyer,Ocupación,entrenador en jefe
Urban Meyer,Ocupación,beisbolista
Urban Meyer,Ocupación,jugador de fútbol americano
Urban Meyer,Educado en,Universidad del Estado de Ohio
Urban Meyer,Educado en,Saints John & Paul High School
Urban Meyer,Empleador,Ohio State Buckeyes football
Urban Meyer,Empleador,Utah Utes football
Urban Meyer,Empleador,Bowling Green Falcons football
Gladys Pérez,Ocupación,cantante
Gladys Pérez,Ciudadanía,República Dominicana
Gladys Pérez,Fecha de nacimiento,2000-01-01
Héctor Incháustegui Cabral,Lugar de nacimiento,Baní
Héctor Incháustegui Cabral,Ocupación,escritor
Héctor Incháustegui Cabral,Ciudadanía,República Dominicana
Héctor Incháustegui Cabral,Fecha de nacimiento,1912-07-25
Héctor Incháustegui Cabral,Fecha de defunción,1979-09-05
Gregorio Nicanor Peña Rodríguez,Ocupación,sacerdote católico
Gregorio Nicanor Peña Rodríguez,Ciudadanía,República Dominicana
Gregorio Nicanor Peña Rodríguez,Educado en,Seminario Pontificio Santo Tomás de Aquino
Gregorio Nicanor Peña Rodríguez,Cargo,obispo de Puerto Plata
Gregorio Nicanor Peña Rodríguez,Fecha de nacimiento,1942-03-12
Gregorio Nicanor Peña Rodríguez,Ocupación,obispo católico
Gregorio Nicanor Peña Rodríguez,Cargo,obispo de Nuestra Señora de la Altagracia en Higüey
Guarionex Aquino,Lugar de nacimiento,Mao
Guarionex Aquino,Ocupación,cantante
Guarionex Aquino,Ciudadanía,República Dominicana
Guarionex Aquino,Fecha de nacimiento,1924-02-28
Guarionex Aquino,Fecha de defunción,2010-12-25
Mary Siragusa,Lugar de nacimiento,Santo Domingo
Mary Siragusa,Ocupación,pianista
Mary Siragusa,Ciudadanía,República Dominicana
Mary Siragusa,Fecha de nacimiento,1920-02-08
Mary Siragusa,Fecha de defunción,2002-12-12
Mary Siragusa,Ocupación,profesor de música
George Bell,Lugar de nacimiento,San Pedro de Macorís
George Bell,Ocupación,beisbolista
George Bell,Ciudadanía,República Dominicana
George Bell,Premio recibido,Most Valuable Player
George Bell,Fecha de nacimiento,1959-10-21
George Bell,Premio recibido,Canadian Baseball Hall of Fame
George Bell,Premio recibido,Ontario Sports Hall of Fame
Roque Antonio Adames Rodríguez,Lugar de nacimiento,Provincia de Santiago (República Dominicana)
Roque Antonio Adames Rodríguez,Ocupación,sacerdote católico
Roque Antonio Adames Rodríguez,Ciudadanía,República Dominicana
Roque Antonio Adames Rodríguez,Educado en,Pontificia Universidad Gregoriana
Roque Antonio Adames Rodríguez,Cargo,obispo de Santiago de los Caballeros
Roque Antonio Adames Rodríguez,Fecha de nacimiento,1928-11-08
Roque Antonio Adames Rodríguez,Fecha de defunción,2009-10-31
Roque Antonio Adames Rodríguez,Ocupación,obispo católico
Roque Antonio Adames Rodríguez,Ocupación,profesor universitario
Henry Méndez,Lugar de nacimiento,Santo Domingo
Henry Méndez,Ocupación,compositor
Henry Méndez,Ciudadanía,República Dominicana
Henry Méndez,Fecha de nacimiento,1974-11-07
Henry Méndez,Ocupación,cantante
Henry Méndez,Ocupación,productor discográfico
Rafael German Merán,Lugar de nacimiento,San Cristóbal
Rafael German Merán,Ocupación,ciclista
Rafael German Merán,Ciudadanía,República Dominicana
Rafael German Merán,Fecha de nacimiento,1987-07-30
Felipe López,Lugar de nacimiento,Santiago de los Caballeros
Felipe López,Ocupación,baloncestista
Felipe López,Ciudadanía,República Dominicana
Felipe López,Educado en,Universidad de San Juan
Felipe López,Fecha de nacimiento,1974-12-19
Felipe López,Educado en,Rice High School
Humberto Bogaert,Lugar de nacimiento,Santiago de los Caballeros
Humberto Bogaert,Ocupación,político
Humberto Bogaert,Ciudadanía,República Dominicana
Humberto Bogaert,Cargo,presidente de la República Dominicana
Humberto Bogaert,Fecha de nacimiento,1901-03-01
Humberto Bogaert,Fecha de defunción,1962-01-01
Juan Lockward,Lugar de nacimiento,Puerto Plata
Juan Lockward,Ocupación,compositor
Juan Lockward,Ciudadanía,República Dominicana
Juan Lockward,Fecha de nacimiento,1915-07-24
Juan Lockward,Fecha de defunción,2006-03-24
Juan Lockward,Ocupación,cantante
Frank Reyes,Lugar de nacimiento,Tenares
Frank Reyes,Ocupación,cantante
Frank Reyes,Ciudadanía,República Dominicana
Frank Reyes,Fecha de nacimiento,1969-06-04
Jacinto Gimbernard,Lugar de nacimiento,Santo Domingo
Jacinto Gimbernard,Ocupación,escritor
Jacinto Gimbernard,Ciudadanía,República Dominicana
Jacinto Gimbernard,Fecha de nacimiento,1931-09-17
Jacinto Gimbernard,Fecha de defunción,2017-05-24
Jacinto Gimbernard,Ocupación,director de orquesta
Jacinto Gimbernard,Ocupación,violinista folclórico
Jacinto Gimbernard,Ocupación,ensayista
Lope Balaguer,Lugar de nacimiento,Santiago de los Caballeros
Lope Balaguer,Ocupación,cantante
Lope Balaguer,Ciudadanía,República Dominicana
Lope Balaguer,Fecha de nacimiento,1925-08-22
Lope Balaguer,Fecha de defunción,2015-01-29
"Escuela superior de música y teatro ""Felix Mendelssohn""",país,Alemania
"Escuela superior de música y teatro ""Felix Mendelssohn""",instancia de,conservatorio de música
"Escuela superior de música y teatro ""Felix Mendelssohn""",instancia de,universidad pública
Toledo,jefe de gobierno,Wade Kapszukiewicz
Toledo,país,Estados Unidos
Toledo,instancia de,sede de condado
Toledo,instancia de,ciudad de Estados Unidos
Toledo,instancia de,gran ciudad
entrenador,instancia de,profesión
entrenador,instancia de,cargo
entrenador,instancia de,ocupación
entrenador,subclase de,posición de juego
entrenador,subclase de,personalidad del deporte
Florida Gators,país,Estados Unidos
Florida Gators,instancia de,club de fútbol americano
Florida Gators,instancia de,equipo deportivo universitario
Florida Gators,estadio,Estadio Ben Hill Griffin
Florida Gators,liga,Southeastern Conference
Seminario Pontificio Santo Tomás de Aquino,instancia de,institución académica
obispo de Puerto Plata,país,República Dominicana
obispo de Puerto Plata,instancia de,función episcopal
obispo de Puerto Plata,subclase de,obispo católico
obispo de Puerto Plata,subclase de,obispo diocesano
obispo de Puerto Plata,subclase de,ordinario
pianista,instancia de,cargo
pianista,instancia de,ocupación
pianista,instancia de,profesión musical
pianista,subclase de,tecladista
pianista,ámbito de la ocupación,interpretación de piano
obispo de Santiago de los Caballeros,país,República Dominicana
obispo de Santiago de los Caballeros,instancia de,cargo episcopal histórico
obispo de Santiago de los Caballeros,subclase de,obispo diocesano
obispo de Santiago de los Caballeros,subclase de,ordinario
obispo de Santiago de los Caballeros,subclase de,obispo católico latino
Universidad de San Juan,país,Estados Unidos
Universidad de San Juan,instancia de,universidad
Universidad de San Juan,instancia de,institución educativa privada sin fines de lucro
Universidad de San Juan,instancia de,editorial académica
Universidad de San Juan,situado en la entidad territorial administrativa,Manhattan
Tenares,país,República Dominicana
Tenares,instancia de,municipio de la República Dominicana
Tenares,situado en la entidad territorial administrativa,Hermanas Mirabal
Luis Días,Lugar de nacimiento,Bonao
Luis Días,Ocupación,escritor
Luis Días,Ciudadanía,República Dominicana
Luis Días,Fecha de nacimiento,1952-06-21
Luis Días,Fecha de defunción,2009-12-08
Luis Días,Ocupación,compositor
Luis Días,Ocupación,cantante
Luis Días,Ocupación,guitarrista
Ismael Sánchez,Lugar de nacimiento,La Vega
Ismael Sánchez,Ocupación,ciclista
Ismael Sánchez,Ciudadanía,República Dominicana
Ismael Sánchez,Fecha de nacimiento,1982-06-17
Ivonne Haza,Lugar de nacimiento,San Pedro de Macorís
Ivonne Haza,Ocupación,cantante
Ivonne Haza,Ciudadanía,República Dominicana
Ivonne Haza,Fecha de nacimiento,1938-12-25
Ivonne Haza,Fecha de defunción,2022-06-16
J.R. Writer,Lugar de nacimiento,Harlem
J.R. Writer,Ocupación,cantante
J.R. Writer,Ciudadanía,República Dominicana
J.R. Writer,Fecha de nacimiento,1984-05-28
J.R. Writer,Ocupación,músico
Winifer Fernández,Lugar de nacimiento,Provincia de Santiago (República Dominicana)
Winifer Fernández,Ocupación,voleibolista
Winifer Fernández,Ciudadanía,República Dominicana
Winifer Fernández,Fecha de nacimiento,1995-01-06
Jesús María de Jesús Moya,Lugar de nacimiento,Hermanas Mirabal
Jesús María de Jesús Moya,Ocupación,sacerdote católico
Jesús María de Jesús Moya,Ciudadanía,República Dominicana
Jesús María de Jesús Moya,Educado en,Seminario Pontificio Santo Tomás de Aquino
Jesús María de Jesús Moya,Cargo,obispo titular
Jesús María de Jesús Moya,Fecha de nacimiento,1934-11-28
Jesús María de Jesús Moya,Ocupación,obispo católico
Jesús María de Jesús Moya,Cargo,Obispo de San Francisco de Macorís
Jesús María de Jesús Moya,Cargo,Obispo auxiliar de Santiago de los Caballeros
Margarita Luna García,Lugar de nacimiento,Santiago de los Caballeros
Margarita Luna García,Ocupación,compositor
Margarita Luna García,Ciudadanía,República Dominicana
Margarita Luna García,Educado en,Escuela Juilliard
Margarita Luna García,Fecha de nacimiento,1921-07-31
Margarita Luna García,Fecha de defunción,2016-01-01
Margarita Luna García,Ocupación,pianista
Johnny Ventura,Lugar de nacimiento,Santo Domingo
Johnny Ventura,Ocupación,político
Johnny Ventura,Ciudadanía,República Dominicana
Johnny Ventura,Premio recibido,International Latin Music Hall of Fame
Johnny Ventura,Fecha de nacimiento,1940-03-08
Johnny Ventura,Fecha de defunción,2021-07-28
Johnny Ventura,Ocupación,compositor de canciones
Johnny Ventura,Premio recibido,Premio Grammy Latino a la Excelencia Musical
Johnny Ventura,Premio recibido,Pabellón de la Fama de los Compositores Latinos
Johnny Ventura,Premio recibido,Premio Grammy Latino al Mejor Album Merengue/Bachata
Jorge Pérez,Ocupación,ciclista
Jorge Pérez,Ciudadanía,República Dominicana
Jorge Pérez,Fecha de nacimiento,1985-08-24
Joseíto Mateo,Lugar de nacimiento,Santo Domingo
Joseíto Mateo,Ocupación,compositor
Joseíto Mateo,Ciudadanía,República Dominicana
Joseíto Mateo,Premio recibido,Premio Grammy Latino a la Excelencia Musical
Joseíto Mateo,Fecha de nacimiento,1920-04-06
Joseíto Mateo,Fecha de defunción,2018-05-31
Joseíto Mateo,Ocupación,cantante
Joseíto Mateo,Ocupación,músico
Joseíto Mateo,Fecha de defunción,2018-06-01
José Alberto el Canario,Lugar de nacimiento,Villa Consuelo
José Alberto el Canario,Ocupación,cantante
José Alberto el Canario,Ciudadanía,República Dominicana
José Alberto el Canario,Miembro de,Típica 73
José Alberto el Canario,Fecha de nacimiento,1958-12-22
José Alberto el Canario,Miembro de,Salsa Giants
José Dolores Cerón,Lugar de nacimiento,Santo Domingo
José Dolores Cerón,Ocupación,compositor
José Dolores Cerón,Ciudadanía,República Dominicana
José Dolores Cerón,Fecha de nacimiento,1897-06-29
José Dolores Cerón,Fecha de defunción,1969-03-22
José Dolores Grullón Estrella,Lugar de nacimiento,Santiago de los Caballeros
José Dolores Grullón Estrella,Ocupación,sacerdote católico
José Dolores Grullón Estrella,Ciudadanía,República Dominicana
José Dolores Grullón Estrella,Educado en,Seminario Pontificio Santo Tomás de Aquino
José Dolores Grullón Estrella,Cargo,Obispo de San Juan de la Maguana
José Dolores Grullón Estrella,Fecha de nacimiento,1942-01-15
José Dolores Grullón Estrella,Ocupación,obispo católico
José María Hernández Espaillat,Lugar de nacimiento,Moca
José María Hernández Espaillat,Ocupación,político
José María Hernández Espaillat,Ciudadanía,República Dominicana
José María Hernández Espaillat,Fecha de nacimiento,1942-12-20
José María Hernández Espaillat,Fecha de defunción,2010-10-05
José María Hernández Espaillat,Ocupación,emprendedor
José María Hernández Espaillat,Ocupación,profesor universitario
José de Jesús Ravelo,Lugar de nacimiento,Santo Domingo
José de Jesús Ravelo,Ocupación,compositor
José de Jesús Ravelo,Ciudadanía,República Dominicana
José de Jesús Ravelo,Fecha de nacimiento,1876-03-21
José de Jesús Ravelo,Fecha de defunción,1951-12-02
José de Jesús Ravelo,Ocupación,profesor de música
Juan Antonio Flores Santana,Lugar de nacimiento,Tamboril
Juan Antonio Flores Santana,Ocupación,sacerdote católico
Juan Antonio Flores Santana,Ciudadanía,República Dominicana
Juan Antonio Flores Santana,Educado en,Seminario Pontificio Santo Tomás de Aquino
Juan Antonio Flores Santana,Cargo,presidente
Juan Antonio Flores Santana,Fecha de nacimiento,1927-07-03
Juan Antonio Flores Santana,Fecha de defunción,2014-11-09
Juan Antonio Flores Santana,Ocupación,obispo católico
Juan Antonio Flores Santana,Ocupación,profesor universitario
Juan Antonio Flores Santana,Cargo,arzobispo de Santiago de los Caballeros
Juan Antonio Flores Santana,Cargo,obispo de Santiago de los Caballeros
Juan Antonio Flores Santana,Cargo,Obispo de La Vega
Juan Bautista Vicini Burgos,Lugar de nacimiento,Santo Domingo
Juan Bautista Vicini Burgos,Ocupación,emprendedor
Juan Bautista Vicini Burgos,Ciudadanía,República Dominicana
Juan Bautista Vicini Burgos,Cargo,presidente de la República Dominicana
Juan Bautista Vicini Burgos,Fecha de nacimiento,1871-07-19
Juan Bautista Vicini Burgos,Fecha de defunción,1935-05-25
Juan Fernández de Alarcón,Lugar de nacimiento,Santo Domingo
Juan Fernández de Alarcón,Ocupación,actor
Juan Fernández de Alarcón,Ciudadanía,Estados Unidos
Juan Fernández de Alarcón,Fecha de nacimiento,1956-12-13
Juan Fernández de Alarcón,Ocupación,modelo
Juan Fernández de Alarcón,Ocupación,actor de televisión
Juan Fernández de Alarcón,Ocupación,actor de cine
Juan Fernández de Alarcón,Ciudadanía,República Dominicana
Juan Francísco García,Lugar de nacimiento,Santiago de los Caballeros
Juan Francísco García,Ocupación,compositor
Juan Francísco García,Ciudadanía,República Dominicana
Juan Francísco García,Fecha de nacimiento,1892-06-16
Juan Francísco García,Fecha de defunción,1974-11-18
Juan Félix Pepén y Solimán,Lugar de nacimiento,Higüey
Juan Félix Pepén y Solimán,Ocupación,sacerdote católico
Juan Félix Pepén y Solimán,Ciudadanía,República Dominicana
Juan Félix Pepén y Solimán,Educado en,Seminario Pontificio Santo Tomás de Aquino
Juan Félix Pepén y Solimán,Cargo,obispo titular
Juan Félix Pepén y Solimán,Fecha de nacimiento,1920-01-27
Juan Félix Pepén y Solimán,Fecha de defunción,2007-07-22
Juan Félix Pepén y Solimán,Ocupación,obispo católico
Juan Félix Pepén y Solimán,Cargo,obispo de Nuestra Señora de la Altagracia en Higüey
Juan Félix Pepén y Solimán,Cargo,Obispo auxiliar de la Arquidiócesis de Santo Domingo
Harlem,país,Estados Unidos
Harlem,instancia de,comunidad no incorporada en los Estados Unidos
Harlem,instancia de,villa de Nueva York
Harlem,instancia de,barrio de Manhattan
Harlem,situado en la entidad territorial administrativa,Manhattan
Hermanas Mirabal,país,República Dominicana
Hermanas Mirabal,instancia de,provincia de la República Dominicana
Hermanas Mirabal,capital,Salcedo
Hermanas Mirabal,comparte fronteras con,Espaillat
Hermanas Mirabal,comparte fronteras con,La Vega
International Latin Music Hall of Fame,instancia de,distinción
Premio Grammy Latino a la Excelencia Musical,país,Estados Unidos
Premio Grammy Latino a la Excelencia Musical,instancia de,Premios Grammy Latinos
Premio Grammy Latino a la Excelencia Musical,forma parte de,Premios Grammy Latinos
Premio Grammy Latino a la Excelencia Musical,categoría principal del tema,Categoría:Ganadores del Premio Grammy Latino a la Excelencia Musical
Premio Grammy Latino a la Excelencia Musical,conferido por,Academia Latina de Artes y Ciencias de la Grabación
Villa Consuelo,país,República Dominicana
Villa Consuelo,instancia de,asentamiento
Villa Consuelo,situado en la entidad territorial administrativa,Distrito Nacional
Villa Consuelo,diferente de,Villa Consuelo
Típica 73,instancia de,grupo musical
Típica 73,género,salsa
Típica 73,país de origen,Estados Unidos
Típica 73,compuesto por,José Alberto el Canario
Obispo de San Juan de la Maguana,instancia de,función episcopal
Obispo de San Juan de la Maguana,subclase de,obispo diocesano católico
Obispo de San Juan de la Maguana,forma parte de,Conferencia del Episcopado Dominicano
Obispo de San Juan de la Maguana,organización dirigida desde este cargo,diócesis de San Juan de la Maguana
Tamboril,país,República Dominicana
Tamboril,instancia de,municipio de la República Dominicana
Tamboril,situado en la entidad territorial administrativa,Provincia de Santiago (República Dominicana)
presidente,instancia de,cargo
presidente,subclase de,líder de una organización
presidente,se dice que es lo mismo que,líder
presidente,se dice que es lo mismo que,presidente
emprendedor,categoría que contiene subcategorías epónimas,Categoría:Categorías de empresarios
emprendedor,instancia de,profesión
emprendedor,instancia de,estatus legal
emprendedor,campo de trabajo,comercio
emprendedor,campo de trabajo,actividad económica
San Francisco de Macorís,instancia de,municipio de la República Dominicana
San Francisco de Macorís,situado en la entidad territorial administrativa,Duarte
Enrique de Marchena,Lugar de nacimiento,Santo Domingo
Enrique de Marchena,Ocupación,diplomático
Enrique de Marchena,Ciudadanía,República Dominicana
Enrique de Marchena,Premio recibido,Cruz federal de la República de Alemania al mérito
Enrique de Marchena,Fecha de nacimiento,1908-10-13
Enrique de Marchena,Fecha de defunción,1988-01-01
Enrique de Marchena,Ocupación,compositor
Enrique de Marchena,Premio recibido,Gran Cruz de la Orden de Isabel la Católica
Enrique de Marchena,Premio recibido,Gran Cruz de la Orden Civil de Alfonso X el Sabio
José Bautista,Lugar de nacimiento,Santo Domingo
José Bautista,Ocupación,beisbolista
José Bautista,Ciudadanía,República Dominicana
José Bautista,Educado en,Pontificia Universidad Católica Madre y Maestra
José Bautista,Fecha de nacimiento,1980-10-19
Porfirio Rubirosa,Lugar de nacimiento,San Francisco de Macorís
Porfirio Rubirosa,Ocupación,diplomático
Porfirio Rubirosa,Ciudadanía,República Dominicana
Porfirio Rubirosa,Fecha de nacimiento,1909-01-22
Porfirio Rubirosa,Fecha de defunción,1965-07-05
Porfirio Rubirosa,Ocupación,socialité
Porfirio Rubirosa,Ocupación,piloto de automovilismo
Gustavo Cisneros,Lugar de nacimiento,Caracas
Gustavo Cisneros,Ocupación,emprendedor
Gustavo Cisneros,Ciudadanía,España
Gustavo Cisneros,Educado en,Babson College
Gustavo Cisneros,Premio recibido,Orden de Andrés Bello
Gustavo Cisneros,Fecha de nacimiento,1945-06-01
Gustavo Cisneros,Fecha de defunción,2023-12-29
Gustavo Cisneros,Ocupación,economista
Gustavo Cisneros,Premio recibido,Orden del Libertador
Gustavo Cisneros,Premio recibido,Orden Francisco de Miranda
Gustavo Cisneros,Premio recibido,International Emmy Directorate Award
Gustavo Cisneros,Premio recibido,honorary doctor of the University of Miami
Gustavo Cisneros,Ciudadanía,Venezuela
Gustavo Cisneros,Ciudadanía,República Dominicana
Gustavo Cisneros,Educado en,Suffield Academy
Alfonso Soriano,Lugar de nacimiento,San Pedro de Macorís
Alfonso Soriano,Ocupación,beisbolista
Alfonso Soriano,Ciudadanía,República Dominicana
Alfonso Soriano,Fecha de nacimiento,1976-01-07
Javier Fortuna,Lugar de nacimiento,La Romana
Javier Fortuna,Ocupación,boxeador
Javier Fortuna,Ciudadanía,República Dominicana
Javier Fortuna,Fecha de nacimiento,1990-07-07
Diego «el Cigala»,Lugar de nacimiento,Madrid
Diego «el Cigala»,Ocupación,cantante
Diego «el Cigala»,Ciudadanía,España
Diego «el Cigala»,Premio recibido,Anexo:Premios Ondas 2003
Diego «el Cigala»,Fecha de nacimiento,1968-12-27
Diego «el Cigala»,Ocupación,compositor de canciones
Diego «el Cigala»,Ciudadanía,República Dominicana
Vicente Grisolía,Lugar de nacimiento,Puerto Plata
Vicente Grisolía,Ocupación,pianista
Vicente Grisolía,Ciudadanía,República Dominicana
Vicente Grisolía,Fecha de nacimiento,1924-09-05
Vicente Grisolía,Fecha de defunción,2011-06-15
Diómedes Espinal de León,Lugar de nacimiento,Moca
Diómedes Espinal de León,Ocupación,sacerdote católico
Diómedes Espinal de León,Ciudadanía,República Dominicana
Diómedes Espinal de León,Educado en,Seminario Pontificio Santo Tomás de Aquino
Diómedes Espinal de León,Cargo,obispo titular
Diómedes Espinal de León,Fecha de nacimiento,1949-08-25
Diómedes Espinal de León,Ocupación,obispo católico
Diómedes Espinal de León,Cargo,Obispo de Mao-Monte Cristi
Diómedes Espinal de León,Cargo,Obispo auxiliar de Santiago de los Caballeros
Flérida de Nolasco,Lugar de nacimiento,Santo Domingo
Flérida de Nolasco,Ocupación,especialista en literatura
Flérida de Nolasco,Ciudadanía,República Dominicana
Flérida de Nolasco,Fecha de nacimiento,1891-02-27
Flérida de Nolasco,Fecha de defunción,1976-02-12
Maridalia Hernández,Lugar de nacimiento,Santiago de los Caballeros
Maridalia Hernández,Ocupación,cantante
Maridalia Hernández,Ciudadanía,República Dominicana
Maridalia Hernández,Educado en,Conservatorio Nacional de Música
Maridalia Hernández,Miembro de,Juan Luis Guerra 4.40
Maridalia Hernández,Fecha de nacimiento,1959-08-19
Eddy Herrera,Lugar de nacimiento,Santiago de los Caballeros
Eddy Herrera,Ocupación,cantante
Eddy Herrera,Ciudadanía,República Dominicana
Eddy Herrera,Educado en,Pontificia Universidad Católica Madre y Maestra
Eddy Herrera,Premio recibido,Premio Grammy Latino al Mejor Album Merengue/Bachata
Eddy Herrera,Fecha de nacimiento,1964-04-30
Eddy Herrera,Ocupación,músico
Rafael Sánchez Cestero,Lugar de nacimiento,Santo Domingo
Rafael Sánchez Cestero,Ocupación,cantante
Rafael Sánchez Cestero,Ciudadanía,República Dominicana
Rafael Sánchez Cestero,Fecha de nacimiento,1912-01-01
Rafael Sánchez Cestero,Fecha de defunción,1999-08-07
José Bono,Lugar de nacimiento,Salobre
José Bono,Ocupación,abogado
José Bono,Ciudadanía,España
José Bono,Educado en,Instituto Católico de Administración y Dirección de Empresas
José Bono,Empleador,Universidad Complutense de Madrid
José Bono,Cargo,presidente de la Junta de Comunidades de Castilla-La Mancha
José Bono,Premio recibido,Gran Cruz de la Orden de Carlos III
José Bono,Fecha de nacimiento,1950-12-14
José Bono,Ocupación,político
José Bono,Ocupación,emprendedor
José Bono,Ocupación,profesor universitario
José Bono,Premio recibido,Gran Cruz de la Orden del Mérito Civil
José Bono,Premio recibido,Gran Cruz del Mérito Militar con distintivo blanco
José Bono,Premio recibido,Medalla de Oro de Castilla-La Mancha
José Bono,Ciudadanía,República Dominicana
José Bono,Educado en,colegio jesuita
José Bono,Cargo,presidente del Congreso de los Diputados
José Bono,Cargo,diputado de España
José Bono,Cargo,diputado en las Cortes de Castilla-La Mancha
José Bono,Cargo,ministro de Defensa
Johnny Pacheco,Lugar de nacimiento,Santiago de los Caballeros
Johnny Pacheco,Ocupación,compositor
Johnny Pacheco,Ciudadanía,Estados Unidos
Johnny Pacheco,Premio recibido,Premio Grammy Latino a la Excelencia Musical
Johnny Pacheco,Fecha de nacimiento,1935-03-25
Johnny Pacheco,Fecha de defunción,2021-02-15
Johnny Pacheco,Ocupación,cantante
Johnny Pacheco,Ocupación,productor discográfico
Johnny Pacheco,Ocupación,percusionista
Johnny Pacheco,Ciudadanía,República Dominicana
Francisco José Arnáiz,Lugar de nacimiento,Bilbao
Francisco José Arnáiz,Ocupación,obispo católico
Francisco José Arnáiz,Ciudadanía,España
Francisco José Arnáiz,Educado en,Universidad de La Habana
Francisco José Arnáiz,Cargo,obispo auxiliar
Francisco José Arnáiz,Fecha de nacimiento,1925-03-09
Francisco José Arnáiz,Fecha de defunción,2014-02-14
Francisco José Arnáiz,Ocupación,teólogo
Francisco José Arnáiz,Ocupación,presbítero católico de rito latino
Francisco José Arnáiz,Ocupación,profesor universitario
Francisco José Arnáiz,Ciudadanía,República Dominicana
Francisco José Arnáiz,Educado en,Universidad Pontificia Comillas
Francisco José Arnáiz,Cargo,obispo titular
Elenita Santos,Ocupación,cantante
Elenita Santos,Ciudadanía,República Dominicana
Elenita Santos,Fecha de nacimiento,1933-04-14
Elila Mena,Lugar de nacimiento,Santo Domingo
Elila Mena,Ocupación,pianista
Elila Mena,Ciudadanía,República Dominicana
Elila Mena,Fecha de nacimiento,1918-04-07
Elila Mena,Fecha de defunción,1970-02-07
Elila Mena,Ocupación,profesor de música
Emilio de los Santos,Lugar de nacimiento,Provincia Santo Domingo
Emilio de los Santos,Ocupación,Panadero
Emilio de los Santos,Ciudadanía,República Dominicana
Emilio de los Santos,Cargo,presidente de la República Dominicana
Emilio de los Santos,Fecha de nacimiento,1903-10-12
Emilio de los Santos,Fecha de defunción,1986-06-10
Enrique Mejía Arredondo,Lugar de nacimiento,Santo Domingo
Enrique Mejía Arredondo,Ocupación,compositor
Enrique Mejía Arredondo,Ciudadanía,República Dominicana
Enrique Mejía Arredondo,Fecha de nacimiento,1901-12-24
Enrique Mejía Arredondo,Fecha de defunción,1951-02-05
Enrique Mejía Arredondo,Ocupación,director de orquesta
diplomático,instancia de,profesión
diplomático,instancia de,título corporativo
diplomático,subclase de,estadista
diplomático,subclase de,alto cargo
diplomático,ámbito de la ocupación,diplomacia
Cruz federal de la República de Alemania al mérito,país,Alemania
Cruz federal de la República de Alemania al mérito,instancia de,grado de una orden
Cruz federal de la República de Alemania al mérito,subclase de,Gran Cruz
Cruz federal de la República de Alemania al mérito,forma parte de,Orden del Mérito de la República Federal de Alemania
Cruz federal de la República de Alemania al mérito,categoría para los galardonados con este premio,Categoría:Ganadores de la Cruz federal del la República del Alemania al mérito
Pontificia Universidad Católica Madre y Maestra,país,República Dominicana
Pontificia Universidad Católica Madre y Maestra,instancia de,universidad privada
Pontificia Universidad Católica Madre y Maestra,fundador,Conferencia del Episcopado Dominicano
Pontificia Universidad Católica Madre y Maestra,situado en la entidad territorial administrativa,Santiago de los Caballeros
Pontificia Universidad Católica Madre y Maestra,miembro de,Centro Interuniversitario de Desarrollo
Caracas,jefe de gobierno,Helen Fernández
Caracas,jefe de gobierno,Alí Mansour Landaeta
Caracas,país,Venezuela
Caracas,instancia de,ciudad
Caracas,instancia de,capital federal
Babson College,país,Estados Unidos
Babson College,instancia de,institución educativa privada sin fines de lucro
Babson College,situado en la entidad territorial administrativa,Massachusetts
Babson College,industria,educación superior
Orden de Andrés Bello,país,Venezuela
Orden de Andrés Bello,instancia de,orden
Orden de Andrés Bello,fundador,Marcos P. Jimenez
Orden de Andrés Bello,nombrado en referencia a,Andrés Bello
Orden de Andrés Bello,categoría principal del tema,Categoría:Orden de Andrés Bello
Madrid,comparte fronteras con,Leganés
Madrid,comparte fronteras con,Coslada
Madrid,comparte fronteras con,Majadahonda
Madrid,comparte fronteras con,San Sebastián de los Reyes
Madrid,comparte fronteras con,Alcobendas
Anexo:Premios Ondas 2003,país,España
Anexo:Premios Ondas 2003,instancia de,ceremonia de premiación
Anexo:Premios Ondas 2003,precedido por,Anexo:Premios Ondas 2002
Anexo:Premios Ondas 2003,sucedido por,Anexo:Premios Ondas 2004
Anexo:Premios Ondas 2003,ubicación,Palacio de los Deportes de Barcelona
especialista en literatura,instancia de,profesión
especialista en literatura,subclase de,filólogo
especialista en literatura,ámbito de la ocupación,estudios literarios
especialista en literatura,se dice que es lo mismo que,literato
especialista en literatura,se dice que es lo mismo que,hombre de letras
Conservatorio Nacional de Música,país,República Dominicana
Conservatorio Nacional de Música,instancia de,conservatorio de música
Juan Luis Guerra 4.40,instancia de,grupo musical
Juan Luis Guerra 4.40,discografía,discografía de Juan Luis Guerra 4.40
Juan Luis Guerra 4.40,país de origen,República Dominicana
Juan Luis Guerra 4.40,compuesto por,Juan Luis Guerra
Juan Luis Guerra 4.40,compuesto por,Maridalia Hernández
Premio Grammy Latino al Mejor Album Merengue/Bachata,instancia de,premio de música
Premio Grammy Latino al Mejor Album Merengue/Bachata,instancia de,categoría de un premio
Premio Grammy Latino al Mejor Album Merengue/Bachata,subclase de,premio al mejor álbum
Premio Grammy Latino al Mejor Album Merengue/Bachata,forma parte de,Premios Grammy Latinos
Salobre,jefe de gobierno,Francisco Martínez García
Salobre,país,España
Salobre,continente,Europa
Salobre,instancia de,municipio de España
Salobre,capital,Salobre
Instituto Católico de Administración y Dirección de Empresas,país,España
Instituto Católico de Administración y Dirección de Empresas,instancia de,entidad desaparecida
Instituto Católico de Administración y Dirección de Empresas,categoría principal del tema,Categoría:ICADE
Instituto Católico de Administración y Dirección de Empresas,reemplazado por,ICAI-ICADE
Universidad Complutense de Madrid,país,España
Universidad Complutense de Madrid,instancia de,universidad pública
Universidad Complutense de Madrid,situado en la entidad territorial administrativa,Madrid
Universidad Complutense de Madrid,ubicación de la sede,Rectorado de la UCM
Universidad Complutense de Madrid,filial,Centro Universitario Villanueva
Bilbao,jefe de gobierno,Juan María Aburto
Bilbao,país,España
Bilbao,continente,Europa
Bilbao,instancia de,municipio de España
Bilbao,capital,Ciudad de Bilbao
obispo católico,instancia de,función episcopal
obispo católico,instancia de,vocación católica
obispo católico,religión,Iglesia católica
obispo católico,subclase de,obispo
obispo católico,subclase de,sacerdote
Universidad de La Habana,país,Cuba
Universidad de La Habana,instancia de,universidad pública
Universidad de La Habana,instancia de,editor de acceso abierto
Universidad de La Habana,fundador,Inocencio XIII
Universidad de La Habana,situado en la entidad territorial administrativa,La Habana
obispo auxiliar,instancia de,función episcopal
obispo auxiliar,instancia de,vocación católica
obispo auxiliar,religión,catolicismo
obispo auxiliar,subclase de,obispo
obispo auxiliar,subclase de,obispo católico
Panadero,instancia de,apellido
Panadero,instancia de,apellido ocupacional
Panadero,nombrado en referencia a,panadero
Panadero,sistema de escritura,alfabeto latino
Panadero,idioma de la obra o del nombre,español
Héctor Luna,Lugar de nacimiento,Monte Cristi
Héctor Luna,Ocupación,beisbolista
Héctor Luna,Ciudadanía,República Dominicana
Héctor Luna,Fecha de nacimiento,1980-02-01
Manny Pérez,Lugar de nacimiento,Santiago de los Caballeros
Manny Pérez,Ocupación,guionista
Manny Pérez,Ciudadanía,República Dominicana
Manny Pérez,Educado en,Universidad Marymount Manhattan
Manny Pérez,Fecha de nacimiento,1969-05-05
Manny Pérez,Ocupación,actor
Manny Pérez,Ocupación,actor de televisión
Manny Pérez,Ocupación,actor de cine
Víctor Cruz,Lugar de nacimiento,La Vega
Víctor Cruz,Ocupación,beisbolista
Víctor Cruz,Ciudadanía,República Dominicana
Víctor Cruz,Fecha de nacimiento,1957-12-24
Víctor Cruz,Fecha de defunción,2004-09-26
Román Peña,Lugar de nacimiento,Baní
Román Peña,Ocupación,compositor
Román Peña,Ciudadanía,República Dominicana
Román Peña,Fecha de nacimiento,1920-09-07
Román Peña,Fecha de defunción,2003-05-28
Román Peña,Ocupación,guitarrista clásico
Salvador Sturla,Lugar de nacimiento,Santo Domingo
Salvador Sturla,Ocupación,compositor
Salvador Sturla,Ciudadanía,República Dominicana
Salvador Sturla,Fecha de nacimiento,1891-01-26
Salvador Sturla,Fecha de defunción,1975-10-04
Sergio Vargas,Lugar de nacimiento,Villa Altagracia
Sergio Vargas,Ocupación,político
Sergio Vargas,Ciudadanía,República Dominicana
Sergio Vargas,Cargo,Miembro De La Cámara De Diputados De La República Dominicana
Sergio Vargas,Premio recibido,Premio Grammy Latino al Mejor Album Merengue/Bachata
Sergio Vargas,Fecha de nacimiento,1960-03-15
Sergio Vargas,Ocupación,cantante
Sergio Vargas,Ocupación,músico
Sergio Vargas,Fecha de nacimiento,1963-03-15
Soledad Álvarez,Lugar de nacimiento,Santo Domingo
Soledad Álvarez,Ocupación,escritor
Soledad Álvarez,Ciudadanía,República Dominicana
Soledad Álvarez,Fecha de nacimiento,1950-12-13
Sonia Silvestre,Lugar de nacimiento,San Pedro de Macorís
Sonia Silvestre,Ocupación,actor
Sonia Silvestre,Ciudadanía,República Dominicana
Sonia Silvestre,Fecha de nacimiento,1952-08-16
Sonia Silvestre,Fecha de defunción,2014-04-17
Sonia Silvestre,Ocupación,cantante
Sonia Silvestre,Ocupación,personalidad de radio
Stalin Quiterio,Lugar de nacimiento,San Juan
Stalin Quiterio,Ocupación,ciclista
Stalin Quiterio,Ciudadanía,República Dominicana
Stalin Quiterio,Fecha de nacimiento,1984-06-01
Rafael Furcal,Lugar de nacimiento,Loma de Cabrera
Rafael Furcal,Ocupación,beisbolista
Rafael Furcal,Ciudadanía,República Dominicana
Rafael Furcal,Fecha de nacimiento,1977-10-24
Pedro Bartolomé Benoit,Lugar de nacimiento,Samaná
Pedro Bartolomé Benoit,Ocupación,político
Pedro Bartolomé Benoit,Ciudadanía,República Dominicana
Pedro Bartolomé Benoit,Cargo,presidente de la República Dominicana
Pedro Bartolomé Benoit,Fecha de nacimiento,1921-02-13
Pedro Bartolomé Benoit,Fecha de defunción,2012-04-05
Carlos Santana,Lugar de nacimiento,Santo Domingo
Carlos Santana,Ocupación,beisbolista
Carlos Santana,Ciudadanía,Estados Unidos
Carlos Santana,Fecha de nacimiento,1986-04-08
Carlos Santana,Ciudadanía,República Dominicana
Arismendy Peguero,Lugar de nacimiento,La Romana
Arismendy Peguero,Ocupación,atleta
Arismendy Peguero,Ciudadanía,República Dominicana
Arismendy Peguero,Fecha de nacimiento,1980-08-07
Susano Polanco,Lugar de nacimiento,Santiago de los Caballeros
Susano Polanco,Ocupación,cantante
Susano Polanco,Ciudadanía,República Dominicana
Susano Polanco,Fecha de nacimiento,1902-05-24
Susano Polanco,Fecha de defunción,1991-05-15
María García,Lugar de nacimiento,La Vega
María García,Ocupación,yudoca
María García,Ciudadanía,República Dominicana
María García,Fecha de nacimiento,1987-08-10
Francisco del Rosario Sánchez,Lugar de nacimiento,Santo Domingo
Francisco del Rosario Sánchez,Ocupación,político
Francisco del Rosario Sánchez,Ciudadanía,República Dominicana
Francisco del Rosario Sánchez,Cargo,presidente de la República Dominicana
Francisco del Rosario Sánchez,Fecha de nacimiento,1817-03-09
Francisco del Rosario Sánchez,Fecha de defunción,1861-07-04
Arlenis Sosa,Lugar de nacimiento,Provincia de Monte Cristi
Arlenis Sosa,Ocupación,modelo
Arlenis Sosa,Ciudadanía,República Dominicana
Arlenis Sosa,Fecha de nacimiento,1989-05-07
José Espinal,Lugar de nacimiento,Santo Domingo
José Espinal,Ocupación,futbolista
José Espinal,Ciudadanía,República Dominicana
José Espinal,Fecha de nacimiento,1982-11-14
Prisilla Rivera,Lugar de nacimiento,Santo Domingo
Prisilla Rivera,Ocupación,voleibolista
Prisilla Rivera,Ciudadanía,República Dominicana
Prisilla Rivera,Fecha de nacimiento,1984-12-29
guionista,instancia de,profesión del cine
guionista,género,guion
guionista,subclase de,escritor
guionista,ámbito de la ocupación,escritura de guiones
guionista,categoría principal del tema,Categoría:Guionistas
Universidad Marymount Manhattan,país,Estados Unidos
Universidad Marymount Manhattan,instancia de,universidad de artes liberales
Universidad Marymount Manhattan,instancia de,institución educativa privada sin fines de lucro
Universidad Marymount Manhattan,situado en la entidad territorial administrativa,Manhattan
Universidad Marymount Manhattan,industria,educación superior
Miembro De La Cámara De Diputados De La República Dominicana,país,República Dominicana
Miembro De La Cámara De Diputados De La República Dominicana,instancia de,cargo
Miembro De La Cámara De Diputados De La República Dominicana,subclase de,parlamentario
Miembro De La Cámara De Diputados De La República Dominicana,forma parte de,Cámara de Diputados de la República Dominicana
Miembro De La Cámara De Diputados De La República Dominicana,aplica a la jurisdicción,República Dominicana
Loma de Cabrera,país,República Dominicana
Loma de Cabrera,instancia de,municipio de la República Dominicana
Loma de Cabrera,situado en la entidad territorial administrativa,Dajabón
yudoca,instancia de,profesión
yudoca,instancia de,ocupación
yudoca,subclase de,deportista
yudoca,subclase de,artista marcial
Rafael Bonnelly,Lugar de nacimiento,Santiago de los Caballeros
Rafael Bonnelly,Ocupación,abogado
Rafael Bonnelly,Ciudadanía,República Dominicana
Rafael Bonnelly,Cargo,embajador
Rafael Bonnelly,Fecha de nacimiento,1904-08-22
Rafael Bonnelly,Fecha de defunción,1979-12-28
Rafael Bonnelly,Ocupación,político
Rafael Bonnelly,Ocupación,diplomático
Rafael Bonnelly,Cargo,presidente de la República Dominicana
Ramón Cáceres,Lugar de nacimiento,Moca
Ramón Cáceres,Ocupación,político
Ramón Cáceres,Ciudadanía,República Dominicana
Ramón Cáceres,Cargo,presidente de la República Dominicana
Ramón Cáceres,Fecha de nacimiento,1866-12-15
Ramón Cáceres,Fecha de defunción,1911-11-19
Wenceslao Figuereo,Lugar de nacimiento,San Juan
Wenceslao Figuereo,Ocupación,político
Wenceslao Figuereo,Ciudadanía,República Dominicana
Wenceslao Figuereo,Cargo,presidente de la República Dominicana
Wenceslao Figuereo,Fecha de nacimiento,1834-01-01
Wenceslao Figuereo,Fecha de defunción,1910-01-01
José Desiderio Valverde,Lugar de nacimiento,Santiago de los Caballeros
José Desiderio Valverde,Ocupación,político
José Desiderio Valverde,Ciudadanía,República Dominicana
José Desiderio Valverde,Cargo,presidente de la República Dominicana
José Desiderio Valverde,Fecha de nacimiento,1822-01-01
José Desiderio Valverde,Fecha de defunción,1903-12-22
Carlos Morales Languasco,Lugar de nacimiento,Puerto Plata
Carlos Morales Languasco,Ocupación,político
Carlos Morales Languasco,Ciudadanía,República Dominicana
Carlos Morales Languasco,Cargo,presidente de la República Dominicana
Carlos Morales Languasco,Fecha de nacimiento,1867-08-23
Carlos Morales Languasco,Fecha de defunción,1914-03-01
Carlos Morales Languasco,Ocupación,sacerdote católico
Manuel de Regla Mota,Lugar de nacimiento,Baní
Manuel de Regla Mota,Ocupación,político
Manuel de Regla Mota,Ciudadanía,República Dominicana
Manuel de Regla Mota,Cargo,presidente de la República Dominicana
Manuel de Regla Mota,Fecha de nacimiento,1795-11-21
Manuel de Regla Mota,Fecha de defunción,1864-05-01
Alejandro Woss y Gil,Lugar de nacimiento,El Seibo
Alejandro Woss y Gil,Ocupación,político
Alejandro Woss y Gil,Ciudadanía,República Dominicana
Alejandro Woss y Gil,Cargo,embajador
Alejandro Woss y Gil,Fecha de nacimiento,1856-05-05
Alejandro Woss y Gil,Fecha de defunción,1932-01-01
Alejandro Woss y Gil,Ocupación,diplomático
Alejandro Woss y Gil,Cargo,presidente de la República Dominicana
Juan Isidro Jimenes,Lugar de nacimiento,Santo Domingo
Juan Isidro Jimenes,Ocupación,político
Juan Isidro Jimenes,Ciudadanía,República Dominicana
Juan Isidro Jimenes,Cargo,presidente de la República Dominicana
Juan Isidro Jimenes,Fecha de nacimiento,1846-11-15
Juan Isidro Jimenes,Fecha de defunción,1919-05-09
Cesáreo Guillermo,Lugar de nacimiento,Hato Mayor
Cesáreo Guillermo,Ocupación,abogado
Cesáreo Guillermo,Ciudadanía,República Dominicana
Cesáreo Guillermo,Cargo,presidente de la República Dominicana
Cesáreo Guillermo,Fecha de nacimiento,1847-03-08
Cesáreo Guillermo,Fecha de defunción,1885-11-08
Cesáreo Guillermo,Ocupación,político
Eladio Victoria,Lugar de nacimiento,Baní
Eladio Victoria,Ocupación,político
Eladio Victoria,Ciudadanía,República Dominicana
Eladio Victoria,Cargo,presidente de la República Dominicana
Eladio Victoria,Fecha de nacimiento,1864-07-30
Eladio Victoria,Fecha de defunción,1939-07-27
Rafael Estrella Ureña,Lugar de nacimiento,Santiago de los Caballeros
Rafael Estrella Ureña,Ocupación,abogado
Rafael Estrella Ureña,Ciudadanía,República Dominicana
Rafael Estrella Ureña,Cargo,presidente de la República Dominicana
Rafael Estrella Ureña,Fecha de nacimiento,1889-11-10
Rafael Estrella Ureña,Fecha de defunción,1945-05-25
Rafael Estrella Ureña,Ocupación,político
Ignacio María González,Lugar de nacimiento,Santo Domingo
Ignacio María González,Ocupación,político
Ignacio María González,Ciudadanía,República Dominicana
Ignacio María González,Cargo,presidente de la República Dominicana
Ignacio María González,Fecha de nacimiento,1838-01-26
Ignacio María González,Fecha de defunción,1915-02-08
Gregorio Luperón,Lugar de nacimiento,Puerto Plata
Gregorio Luperón,Ocupación,militar
Gregorio Luperón,Ciudadanía,República Dominicana
Gregorio Luperón,Cargo,presidente de la República Dominicana
Gregorio Luperón,Fecha de nacimiento,1839-09-08
Gregorio Luperón,Fecha de defunción,1897-05-21
Gregorio Luperón,Ocupación,político
Wilson Delgado,Lugar de nacimiento,San Cristóbal
Wilson Delgado,Ocupación,beisbolista
Wilson Delgado,Ciudadanía,República Dominicana
Wilson Delgado,Fecha de nacimiento,1972-07-15
Jesús Sánchez,Lugar de nacimiento,Nizao
Jesús Sánchez,Ocupación,beisbolista
Jesús Sánchez,Ciudadanía,República Dominicana
Jesús Sánchez,Fecha de nacimiento,1974-10-11
Jonathan Faña,Lugar de nacimiento,Moca
Jonathan Faña,Ocupación,futbolista
Jonathan Faña,Ciudadanía,República Dominicana
Jonathan Faña,Fecha de nacimiento,1987-04-11
Angelo Encarnación,Lugar de nacimiento,Villa Duarte
Angelo Encarnación,Ocupación,beisbolista
Angelo Encarnación,Ciudadanía,República Dominicana
Angelo Encarnación,Fecha de nacimiento,1969-04-18
Ivan Almonte,Lugar de nacimiento,Santo Domingo
Ivan Almonte,Ocupación,baloncestista
Ivan Almonte,Ciudadanía,República Dominicana
Ivan Almonte,Educado en,Universidad Internacional de Florida
Ivan Almonte,Fecha de nacimiento,1981-01-20
Carlos Álvarez,Lugar de nacimiento,San Cristóbal
Carlos Álvarez,Ocupación,beisbolista
Carlos Álvarez,Ciudadanía,República Dominicana
Carlos Álvarez,Fecha de nacimiento,1985-11-25
Alberto Lois,Lugar de nacimiento,Hato Mayor
Alberto Lois,Ocupación,beisbolista
Alberto Lois,Ciudadanía,República Dominicana
Alberto Lois,Fecha de nacimiento,1956-05-06
Alberto Lois,Fecha de defunción,2019-03-12
embajador,instancia de,rango diplomático
embajador,instancia de,título de autoridad
embajador,instancia de,cargo
embajador,texto regulador principal,Convención de Viena sobre Relaciones Diplomáticas
embajador,subclase de,jefe de misión
El Seibo,instancia de,provincia de la República Dominicana
El Seibo,capital,El Seibo
El Seibo,comparte fronteras con,Hato Mayor
El Seibo,comparte fronteras con,La Romana
Villa Duarte,país,República Dominicana
Villa Duarte,instancia de,asentamiento
Villa Duarte,situado en la entidad territorial administrativa,Santo Domingo Este
Universidad Internacional de Florida,país,Estados Unidos
Universidad Internacional de Florida,instancia de,universidad pública
Universidad Internacional de Florida,instancia de,institución educativa pública de los Estados Unidos
Universidad Internacional de Florida,situado en la entidad territorial administrativa,Florida
Universidad Internacional de Florida,situado en la entidad territorial administrativa,Condado de Miami-Dade
Anthony Rios,Lugar de nacimiento,Hato Mayor
Anthony Rios,Ocupación,actor
Anthony Rios,Ciudadanía,República Dominicana
Anthony Rios,Fecha de nacimiento,1950-07-17
Anthony Rios,Fecha de defunción,2019-03-04
Anthony Rios,Ocupación,compositor
Anthony Rios,Ocupación,cantante
Anthony Rios,Ocupación,locutor
Héctor Trujillo,Lugar de nacimiento,San Cristóbal
Héctor Trujillo,Ocupación,político
Héctor Trujillo,Ciudadanía,República Dominicana
Héctor Trujillo,Cargo,presidente de la República Dominicana
Héctor Trujillo,Premio recibido,"Gran Cruz, clase especial, del Mérito de La República Federal de Alemania"
Héctor Trujillo,Fecha de nacimiento,1908-04-06
Héctor Trujillo,Fecha de defunción,2002-10-19
Héctor Trujillo,Premio recibido,Gran Cruz de la Orden de Carlos III
Jimmy Paredes,Lugar de nacimiento,Bajos de Haina
Jimmy Paredes,Ocupación,beisbolista
Jimmy Paredes,Ciudadanía,República Dominicana
Jimmy Paredes,Fecha de nacimiento,1988-11-25
Quilvio Veras,Lugar de nacimiento,Santo Domingo
Quilvio Veras,Ocupación,beisbolista
Quilvio Veras,Ciudadanía,República Dominicana
Quilvio Veras,Fecha de nacimiento,1971-04-03
Lucía Ramírez,Lugar de nacimiento,Santo Domingo
Lucía Ramírez,Ocupación,actor pornográfico
Lucía Ramírez,Ciudadanía,República Dominicana
Lucía Ramírez,Fecha de nacimiento,1959-03-11
Pedro Julio Nolasco,Lugar de nacimiento,La Romana
Pedro Julio Nolasco,Ocupación,boxeador
Pedro Julio Nolasco,Ciudadanía,República Dominicana
Pedro Julio Nolasco,Fecha de nacimiento,1962-02-02
Pedro Julio Nolasco,Fecha de defunción,1995-09-15
Robinson Canó,Lugar de nacimiento,San Pedro de Macorís
Robinson Canó,Ocupación,beisbolista
Robinson Canó,Ciudadanía,Estados Unidos
Robinson Canó,Educado en,Barringer Academy of the Arts & Humanities
Robinson Canó,Fecha de nacimiento,1982-10-22
Robinson Canó,Ciudadanía,República Dominicana
José Morbán,Lugar de nacimiento,Santiago de los Caballeros
José Morbán,Ocupación,beisbolista
José Morbán,Ciudadanía,República Dominicana
José Morbán,Fecha de nacimiento,1979-10-02
Julián Javier,Lugar de nacimiento,San Francisco de Macorís
Julián Javier,Ocupación,beisbolista
Julián Javier,Ciudadanía,República Dominicana
Julián Javier,Fecha de nacimiento,1936-08-09
Norberto Martín,Lugar de nacimiento,San Pedro de Macorís
Norberto Martín,Ocupación,beisbolista
Norberto Martín,Ciudadanía,República Dominicana
Norberto Martín,Fecha de nacimiento,1966-12-10
Luis Alberti,Lugar de nacimiento,La Vega
Luis Alberti,Ocupación,compositor
Luis Alberti,Ciudadanía,República Dominicana
Luis Alberti,Fecha de nacimiento,1906-04-19
Luis Alberti,Fecha de defunción,1976-01-26
Antonio Alfonseca,Lugar de nacimiento,La Romana
Antonio Alfonseca,Ocupación,beisbolista
Antonio Alfonseca,Ciudadanía,República Dominicana
Antonio Alfonseca,Fecha de nacimiento,1972-04-16
Antonio Guzmán,Lugar de nacimiento,La Vega
Antonio Guzmán,Ocupación,empresario
Antonio Guzmán,Ciudadanía,República Dominicana
Antonio Guzmán,Cargo,presidente de la República Dominicana
Antonio Guzmán,Fecha de nacimiento,1911-02-12
Antonio Guzmán,Fecha de defunción,1982-07-04
Antonio Guzmán,Ocupación,político
Antonio Imbert Barrera,Lugar de nacimiento,Puerto Plata
Antonio Imbert Barrera,Ocupación,militar
Antonio Imbert Barrera,Ciudadanía,República Dominicana
Antonio Imbert Barrera,Cargo,presidente de la República Dominicana
Antonio Imbert Barrera,Premio recibido,"Orden al Mérito de Duarte, Sánchez y Mella"
Antonio Imbert Barrera,Fecha de nacimiento,1920-12-03
Antonio Imbert Barrera,Fecha de defunción,2016-05-31
Antonio Imbert Barrera,Ocupación,político
Antonio Mesa,Lugar de nacimiento,Santo Domingo
Antonio Mesa,Ocupación,cantante
Antonio Mesa,Ciudadanía,República Dominicana
Antonio Mesa,Fecha de nacimiento,1895-06-13
Antonio Mesa,Fecha de defunción,1949-05-21
Antonio Morel,Lugar de nacimiento,Moca
Antonio Morel,Ocupación,compositor
Antonio Morel,Ciudadanía,República Dominicana
Antonio Morel,Fecha de nacimiento,1920-12-20
Antonio Morel,Fecha de defunción,2006-05-01
Antonio Morel,Ocupación,director de orquesta
Antonio Morel,Ocupación,cantante
Luis Polonia,Lugar de nacimiento,Santiago de los Caballeros
Luis Polonia,Ocupación,beisbolista
Luis Polonia,Ciudadanía,República Dominicana
Luis Polonia,Fecha de nacimiento,1963-10-12
Juan Pérez,Lugar de nacimiento,Villa Riva
Juan Pérez,Ocupación,beisbolista
Juan Pérez,Ciudadanía,República Dominicana
Juan Pérez,Fecha de nacimiento,1978-09-03
José Manuel Calderón,Lugar de nacimiento,San Pedro de Macorís
José Manuel Calderón,Ocupación,compositor
José Manuel Calderón,Ciudadanía,República Dominicana
José Manuel Calderón,Fecha de nacimiento,1941-08-09
José Manuel Calderón,Ocupación,cantante
José Manuel Calderón,Ocupación,guitarrista
Félix Díaz,Lugar de nacimiento,Santo Domingo
Félix Díaz,Ocupación,boxeador
Félix Díaz,Ciudadanía,República Dominicana
Félix Díaz,Fecha de nacimiento,1983-12-10
"Gran Cruz, clase especial, del Mérito de La República Federal de Alemania",país,Alemania
"Gran Cruz, clase especial, del Mérito de La República Federal de Alemania",instancia de,grado de una orden
"Gran Cruz, clase especial, del Mérito de La República Federal de Alemania",subclase de,collar
"Gran Cruz, clase especial, del Mérito de La República Federal de Alemania",forma parte de,Orden del Mérito de la República Federal de Alemania
actor pornográfico,instancia de,ocupación
actor pornográfico,subclase de,trabajador sexual
actor pornográfico,subclase de,actor de cine
actor pornográfico,forma parte de,pornografía
actor pornográfico,ámbito de la ocupación,industria pornográfica
empresario,instancia de,profesión
empresario,instancia de,persona jurídica
empresario,instancia de,ocupación
empresario,instancia de,concepto económico
Villa Riva,país,República Dominicana
Villa Riva,instancia de,municipio de la República Dominicana
Villa Riva,situado en la entidad territorial administrativa,Duarte
Esteban Peña Morell,Lugar de nacimiento,Santo Domingo
Esteban Peña Morell,Ocupación,compositor
Esteban Peña Morell,Ciudadanía,República Dominicana
Esteban Peña Morell,Fecha de nacimiento,1894-01-01
Esteban Peña Morell,Fecha de defunción,1938-01-01
Esteban Peña Morell,Ocupación,director de orquesta
Esteban Peña Morell,Ocupación,musicólogo
Gran Cruz de la Orden de Isabel la Católica,país,España
Gran Cruz de la Orden de Isabel la Católica,instancia de,grado de una orden
Gran Cruz de la Orden de Isabel la Católica,subclase de,Gran Cruz
Gran Cruz de la Orden de Isabel la Católica,forma parte de,Orden de Isabel la Católica
Gran Cruz de la Orden de Isabel la Católica,categoría para los galardonados con este premio,Categoría:Caballeros grandes cruces de la Orden de Isabel la Católica
Josefina Baez,Lugar de nacimiento,La Romana
Josefina Baez,Ocupación,actor
Josefina Baez,Ciudadanía,República Dominicana
Josefina Baez,Fecha de nacimiento,1960-01-01
Josefina Baez,Ocupación,actor de teatro
Andrés Santana,Lugar de nacimiento,San Pedro de Macorís
Andrés Santana,Ocupación,beisbolista
Andrés Santana,Ciudadanía,República Dominicana
Andrés Santana,Fecha de nacimiento,1968-02-05
Andrés Santana,Fecha de nacimiento,1968-05-02
Gilda Jovine,Lugar de nacimiento,Santo Domingo
Gilda Jovine,Ocupación,modelo
Gilda Jovine,Ciudadanía,República Dominicana
Gilda Jovine,Fecha de nacimiento,1980-02-10
Gilda Jovine,Ocupación,participante en concursos de belleza
Jorge Vásquez,Lugar de nacimiento,Nagua
Jorge Vásquez,Ocupación,beisbolista
Jorge Vásquez,Ciudadanía,República Dominicana
Jorge Vásquez,Fecha de nacimiento,1978-07-16
Joaquín Benoit,Lugar de nacimiento,Santiago de los Caballeros
Joaquín Benoit,Ocupación,beisbolista
Joaquín Benoit,Ciudadanía,República Dominicana
Joaquín Benoit,Fecha de nacimiento,1977-07-26
Víctor Víctor,Lugar de nacimiento,Santiago de los Caballeros
Víctor Víctor,Ocupación,compositor
Víctor Víctor,Ciudadanía,República Dominicana
Víctor Víctor,Premio recibido,Anexo:Premios Ondas 1993
Víctor Víctor,Fecha de nacimiento,1948-12-11
Víctor Víctor,Fecha de defunción,2020-07-16
Víctor Víctor,Ocupación,cantante
Víctor Víctor,Ocupación,músico
Víctor Víctor,Ocupación,guitarrista
Víctor Víctor,Ocupación,percusionista
Víctor Víctor,Ocupación,artista discográfico
Wilfrido Vargas,Lugar de nacimiento,Altamira
Wilfrido Vargas,Ocupación,cantautor
Wilfrido Vargas,Ciudadanía,República Dominicana
Wilfrido Vargas,Premio recibido,Premio Grammy Latino a la Excelencia Musical
Wilfrido Vargas,Fecha de nacimiento,1949-04-24
Wilfrido Vargas,Ocupación,líder de banda
Andújar Cedeño,Lugar de nacimiento,La Romana
Andújar Cedeño,Ocupación,beisbolista
Andújar Cedeño,Ciudadanía,República Dominicana
Andújar Cedeño,Fecha de nacimiento,1969-03-12
Andújar Cedeño,Fecha de defunción,2000-10-28
Andújar Cedeño,Fecha de nacimiento,1969-08-21
Elvio Jiménez,Lugar de nacimiento,San Pedro de Macorís
Elvio Jiménez,Ocupación,beisbolista
Elvio Jiménez,Ciudadanía,República Dominicana
Elvio Jiménez,Fecha de nacimiento,1940-01-06
Luis Flores,Lugar de nacimiento,Santo Domingo
Luis Flores,Ocupación,baloncestista
Luis Flores,Ciudadanía,Estados Unidos
Luis Flores,Educado en,Escuela Secundaria Norman Thomas
Luis Flores,Fecha de nacimiento,1981-04-11
Luis Flores,Ciudadanía,República Dominicana
Luis Flores,Educado en,Universidad Rutgers en New Brunswick
Juan Francisco Ordóñez,Lugar de nacimiento,Santo Domingo
Juan Francisco Ordóñez,Ocupación,compositor
Juan Francisco Ordóñez,Ciudadanía,República Dominicana
Juan Francisco Ordóñez,Fecha de nacimiento,1961-10-04
Juan Francisco Ordóñez,Ocupación,guitarrista
Juan Francisco Ordóñez,Ocupación,guitarrista de jazz
Juan Francisco Ordóñez,Ocupación,músico de jazz
Garth Joseph,Lugar de nacimiento,Roseau
Garth Joseph,Ocupación,baloncestista
Garth Joseph,Ciudadanía,Dominica
Garth Joseph,Educado en,The College of Saint Rose
Garth Joseph,Fecha de nacimiento,1973-08-08
Garth Joseph,Ciudadanía,República Dominicana
Bullumba Landestoy,Lugar de nacimiento,La Romana
Bullumba Landestoy,Ocupación,compositor
Bullumba Landestoy,Ciudadanía,República Dominicana
Bullumba Landestoy,Fecha de nacimiento,1925-08-16
Bullumba Landestoy,Fecha de defunción,2018-07-17
Bullumba Landestoy,Ocupación,pianista
Carlos Piantini,Lugar de nacimiento,Santo Domingo
Carlos Piantini,Ocupación,director de orquesta
Carlos Piantini,Ciudadanía,República Dominicana
Carlos Piantini,Fecha de nacimiento,1927-05-09
Carlos Piantini,Fecha de defunción,2010-03-26
Carlos Piantini,Ocupación,músico
Esteban Germán,Lugar de nacimiento,Santo Domingo
Esteban Germán,Ocupación,beisbolista
Esteban Germán,Ciudadanía,República Dominicana
Esteban Germán,Fecha de nacimiento,1978-01-26
Alexi Ogando,Lugar de nacimiento,San Pedro de Macorís
Alexi Ogando,Ocupación,beisbolista
Alexi Ogando,Ciudadanía,República Dominicana
Alexi Ogando,Fecha de nacimiento,1983-10-05
Cristian Guzmán,Lugar de nacimiento,Santo Domingo
Cristian Guzmán,Ocupación,beisbolista
Cristian Guzmán,Ciudadanía,República Dominicana
Cristian Guzmán,Fecha de nacimiento,1978-03-21
Pedro Strop,Lugar de nacimiento,San Cristóbal
Pedro Strop,Ocupación,beisbolista
Pedro Strop,Ciudadanía,República Dominicana
Pedro Strop,Fecha de nacimiento,1985-06-13
Edwar Ramírez,Lugar de nacimiento,El Cercado
Edwar Ramírez,Ocupación,beisbolista
Edwar Ramírez,Ciudadanía,República Dominicana
Edwar Ramírez,Fecha de nacimiento,1981-03-28
Wily Mo Peña,Lugar de nacimiento,Laguna Salada
Wily Mo Peña,Ocupación,beisbolista
Wily Mo Peña,Ciudadanía,República Dominicana
Wily Mo Peña,Fecha de nacimiento,1982-01-23
actor de teatro,instancia de,oficio del teatro
actor de teatro,subclase de,actor
actor de teatro,ámbito de la ocupación,teatro
actor de teatro,categoría principal del tema,Categoría:Actores de teatro
participante en concursos de belleza,instancia de,ocupación
participante en concursos de belleza,subclase de,animador
participante en concursos de belleza,subclase de,modelo
participante en concursos de belleza,subclase de,concursante
participante en concursos de belleza,ámbito de la ocupación,concurso de belleza
Anexo:Premios Ondas 1993,país,España
Anexo:Premios Ondas 1993,instancia de,ceremonia de premiación
Anexo:Premios Ondas 1993,precedido por,Anexo:Premios Ondas 1992
Anexo:Premios Ondas 1993,sucedido por,Anexo:Premios Ondas 1994
Anexo:Premios Ondas 1993,serie,Premios Ondas
Escuela Secundaria Norman Thomas,país,Estados Unidos
Escuela Secundaria Norman Thomas,instancia de,escuela secundaria superior
Escuela Secundaria Norman Thomas,situado en la entidad territorial administrativa,Manhattan
Escuela Secundaria Norman Thomas,nombrado en referencia a,Norman Thomas
Roseau,país,Dominica
Roseau,instancia de,ciudad
Roseau,idioma oficial,inglés
Roseau,situado en la entidad territorial administrativa,Parroquia de Saint George
Dominica,país,Dominica
Dominica,jefe de gobierno,Roosevelt Skerrit
Dominica,continente,América del Norte
Dominica,instancia de,país
Dominica,instancia de,país insular
El Cercado,país,República Dominicana
El Cercado,instancia de,municipio de la República Dominicana
El Cercado,situado en la entidad territorial administrativa,Provincia de San Juan
Laguna Salada,país,República Dominicana
Laguna Salada,instancia de,municipio de la República Dominicana
Laguna Salada,situado en la entidad territorial administrativa,Valverde
Melky Mesa,Lugar de nacimiento,Bajos de Haina
Melky Mesa,Ocupación,beisbolista
Melky Mesa,Ciudadanía,República Dominicana
Melky Mesa,Fecha de nacimiento,1987-01-31
Adrián Beltré,Lugar de nacimiento,Santo Domingo
Adrián Beltré,Ocupación,beisbolista profesional
Adrián Beltré,Ciudadanía,República Dominicana
Adrián Beltré,Premio recibido,Guante de Oro
Adrián Beltré,Fecha de nacimiento,1979-04-07
Adrián Beltré,Premio recibido,Salón de la Fama del Béisbol
Adrián Beltré,Premio recibido,Silver Slugger Award
Adrián Beltré,Premio recibido,Lou Gehrig Memorial Award
Adrián Beltré,Premio recibido,Major League Baseball All-Star
Adrián Beltré,Premio recibido,Texas Rangers Hall of Fame
Porfirio López,Lugar de nacimiento,San José
Porfirio López,Ocupación,entrenador
Porfirio López,Ciudadanía,República Dominicana
Porfirio López,Fecha de nacimiento,1985-09-10
Porfirio López,Ocupación,futbolista
Porfirio López,Fecha de nacimiento,1986-09-21
Porfirio López,Ciudadanía,Costa Rica
Bethania de la Cruz,Lugar de nacimiento,Santo Domingo
Bethania de la Cruz,Ocupación,voleibolista
Bethania de la Cruz,Ciudadanía,República Dominicana
Bethania de la Cruz,Premio recibido,Jugador Más Valioso
Bethania de la Cruz,Fecha de nacimiento,1987-05-13
Bethania de la Cruz,Ocupación,jugador de voleibol de playa
José Ortiz,Lugar de nacimiento,Santo Domingo
José Ortiz,Ocupación,beisbolista
José Ortiz,Ciudadanía,República Dominicana
José Ortiz,Fecha de nacimiento,1977-06-13
Hanley Ramírez,Lugar de nacimiento,Santo Domingo
Hanley Ramírez,Ocupación,beisbolista
Hanley Ramírez,Ciudadanía,República Dominicana
Hanley Ramírez,Fecha de nacimiento,1983-12-23
Ninón de Brouwer Lapeiretta,Lugar de nacimiento,Santo Domingo
Ninón de Brouwer Lapeiretta,Ocupación,compositor
Ninón de Brouwer Lapeiretta,Ciudadanía,República Dominicana
Ninón de Brouwer Lapeiretta,Fecha de nacimiento,1907-01-04
Ninón de Brouwer Lapeiretta,Fecha de defunción,1989-09-29
Ninón de Brouwer Lapeiretta,Ocupación,pianista
Melita Heredia,Lugar de nacimiento,Santo Domingo
Melita Heredia,Ocupación,ciclista
Melita Heredia,Ciudadanía,República Dominicana
Melita Heredia,Fecha de nacimiento,2000-01-01
Erick Aybar,Lugar de nacimiento,Baní
Erick Aybar,Ocupación,beisbolista
Erick Aybar,Ciudadanía,República Dominicana
Erick Aybar,Premio recibido,Guante de Oro
Erick Aybar,Fecha de nacimiento,1984-01-14
Wandy Rodríguez,Lugar de nacimiento,Santiago Rodríguez
Wandy Rodríguez,Ocupación,beisbolista
Wandy Rodríguez,Ciudadanía,República Dominicana
Wandy Rodríguez,Fecha de nacimiento,1979-01-18
Eduardo Núñez,Lugar de nacimiento,Santo Domingo
Eduardo Núñez,Ocupación,beisbolista
Eduardo Núñez,Ciudadanía,República Dominicana
Eduardo Núñez,Fecha de nacimiento,1987-06-15
Michael Pineda,Lugar de nacimiento,Yaguate
Michael Pineda,Ocupación,beisbolista
Michael Pineda,Ciudadanía,República Dominicana
Michael Pineda,Fecha de nacimiento,1989-01-18
Ramón Ramírez,Lugar de nacimiento,Puerto Plata
Ramón Ramírez,Ocupación,beisbolista
Ramón Ramírez,Ciudadanía,República Dominicana
Ramón Ramírez,Fecha de nacimiento,1981-08-31
Raúl Mondesí,Lugar de nacimiento,San Cristóbal
Raúl Mondesí,Ocupación,político
Raúl Mondesí,Ciudadanía,República Dominicana
Raúl Mondesí,Cargo,Miembro De La Cámara De Diputados De La República Dominicana
Raúl Mondesí,Premio recibido,Guante de Oro
Raúl Mondesí,Fecha de nacimiento,1971-03-12
Raúl Mondesí,Ocupación,beisbolista
Pedro Henríquez Ureña,Lugar de nacimiento,Santo Domingo
Pedro Henríquez Ureña,Ocupación,escritor
Pedro Henríquez Ureña,Ciudadanía,República Dominicana
Pedro Henríquez Ureña,Fecha de nacimiento,1884-06-29
Pedro Henríquez Ureña,Fecha de defunción,1946-05-11
Pedro Henríquez Ureña,Ocupación,periodista
Pedro Henríquez Ureña,Ocupación,crítico literario
Deivy Capellan Almonte,Ocupación,ciclista
Deivy Capellan Almonte,Ciudadanía,República Dominicana
Deivy Capellan Almonte,Fecha de nacimiento,1983-03-17
Vladimir Guerrero,Lugar de nacimiento,Don Gregorio
Vladimir Guerrero,Ocupación,beisbolista
Vladimir Guerrero,Ciudadanía,República Dominicana
Vladimir Guerrero,Miembro de,Salón de la Fama del Béisbol
Vladimir Guerrero,Premio recibido,Silver Slugger Award
Vladimir Guerrero,Fecha de nacimiento,1975-02-22
Vladimir Guerrero,Premio recibido,Most Valuable Player
Vladimir Guerrero,Premio recibido,Canadian Baseball Hall of Fame
Vladimir Guerrero,Premio recibido,Major League Baseball All-Star
Vladimir Guerrero,Premio recibido,Montreal Expos Player of the Year
Neftalí Féliz,Lugar de nacimiento,Municipio de Azua
Neftalí Féliz,Ocupación,beisbolista
Neftalí Féliz,Ciudadanía,República Dominicana
Neftalí Féliz,Fecha de nacimiento,1988-05-02
Iván Nova,Lugar de nacimiento,San Cristóbal
Iván Nova,Ocupación,beisbolista
Iván Nova,Ciudadanía,República Dominicana
Iván Nova,Fecha de nacimiento,1987-01-12
beisbolista profesional,instancia de,profesión
beisbolista profesional,subclase de,beisbolista
beisbolista profesional,subclase de,atleta profesional
beisbolista profesional,ámbito de la ocupación,beisbol profesional
beisbolista profesional,diferente de,beisbolista
San José,jefe de gobierno,Diego Miranda Méndez
San José,país,Costa Rica
San José,instancia de,ciudad
San José,instancia de,entidad territorial administrativa
San José,instancia de,gran ciudad
entrenador,ámbito de la ocupación,fútbol
entrenador,deporte,fútbol
Jugador Más Valioso,subclase de,premio deportivo
Jugador Más Valioso,deporte,voleibol
Jugador Más Valioso,deporte,fútbol
Jugador Más Valioso,deporte,baloncesto
Jugador Más Valioso,deporte,rugby a 15
Santiago Rodríguez,país,República Dominicana
Santiago Rodríguez,instancia de,provincia de la República Dominicana
Santiago Rodríguez,capital,San Ignacio de Sabaneta
Santiago Rodríguez,comparte fronteras con,Provincia de Monte Cristi
Santiago Rodríguez,comparte fronteras con,Elías Piña
Yaguate,país,República Dominicana
Yaguate,instancia de,municipio de la República Dominicana
Yaguate,situado en la entidad territorial administrativa,San Cristóbal
Don Gregorio,país,República Dominicana
Don Gregorio,instancia de,asentamiento
Don Gregorio,situado en la entidad territorial administrativa,Peravia
Don Gregorio,lista de interés para el proyecto Wikimedia,Wikiproyecto:Diáspora africana
Silver Slugger Award,país,Estados Unidos
Silver Slugger Award,instancia de,distinción
Raulín Rodríguez,Lugar de nacimiento,Monte Cristi
Raulín Rodríguez,Ocupación,compositor
Raulín Rodríguez,Ciudadanía,República Dominicana
Raulín Rodríguez,Fecha de nacimiento,1970-06-16
Raulín Rodríguez,Ocupación,cantante
Raulín Rodríguez,Ocupación,guitarrista
Nelson Javier,Ocupación,badmintonista
Nelson Javier,Ciudadanía,República Dominicana
Nelson Javier,Fecha de nacimiento,1985-01-19
El Cata,Lugar de nacimiento,Barahona
El Cata,Ocupación,cantante
El Cata,Ciudadanía,República Dominicana
El Cata,Fecha de nacimiento,1983-01-01
El Cata,Ocupación,compositor de canciones
El Cata,Ocupación,rapero
Nicolás Casimiro,Lugar de nacimiento,Santo Domingo
Nicolás Casimiro,Ocupación,cantante
Nicolás Casimiro,Ciudadanía,República Dominicana
Nicolás Casimiro,Fecha de nacimiento,1911-04-28
Nicolás Casimiro,Fecha de defunción,1964-09-17
Eulis Báez,Lugar de nacimiento,Santo Domingo
Eulis Báez,Ocupación,baloncestista
Eulis Báez,Ciudadanía,España
Eulis Báez,Educado en,Universidad Internacional de Florida
Eulis Báez,Fecha de nacimiento,1982-03-18
Eulis Báez,Ocupación,voleibolista
Eulis Báez,Ciudadanía,República Dominicana
Ada de la Cruz,Lugar de nacimiento,Villa Mella
Ada de la Cruz,Ocupación,actor
Ada de la Cruz,Ciudadanía,República Dominicana
Ada de la Cruz,Fecha de nacimiento,1985-06-15
Ada de la Cruz,Ocupación,modelo
Ada de la Cruz,Ocupación,participante en concursos de belleza
Norlandy Tavera,Lugar de nacimiento,República Dominicana
Norlandy Tavera,Ocupación,ciclista
Norlandy Tavera,Ciudadanía,República Dominicana
Norlandy Tavera,Fecha de nacimiento,1989-11-17
Wellington Arias,Lugar de nacimiento,Santo Domingo
Wellington Arias,Ocupación,boxeador
Wellington Arias,Ciudadanía,República Dominicana
Wellington Arias,Fecha de nacimiento,1991-03-13
William Encarnación,Ocupación,boxeador
William Encarnación,Ciudadanía,República Dominicana
William Encarnación,Fecha de nacimiento,1988-06-28
Junior Castillo,Ocupación,boxeador
Junior Castillo,Ciudadanía,República Dominicana
Junior Castillo,Fecha de nacimiento,1986-05-10
Papi Sánchez,Lugar de nacimiento,Santo Domingo
Papi Sánchez,Ocupación,disc-jockey
Papi Sánchez,Ciudadanía,República Dominicana
Papi Sánchez,Fecha de nacimiento,1975-09-18
Papi Sánchez,Ocupación,cantante
Pipí Franco,Lugar de nacimiento,Santiago de los Caballeros
Pipí Franco,Ocupación,compositor
Pipí Franco,Ciudadanía,República Dominicana
Pipí Franco,Fecha de nacimiento,1912-01-12
Pipí Franco,Fecha de defunción,1978-02-16
Pipí Franco,Ocupación,cantante
Porfirio Herrera Báez,Lugar de nacimiento,San Pedro de Macorís
Porfirio Herrera Báez,Ocupación,funcionario
Porfirio Herrera Báez,Ciudadanía,República Dominicana
Porfirio Herrera Báez,Premio recibido,Cruz federal de la República de Alemania al mérito
Porfirio Herrera Báez,Fecha de nacimiento,1915-11-08
Príamo Pericles Tejeda Rosario,Lugar de nacimiento,Santo Domingo
Príamo Pericles Tejeda Rosario,Ocupación,sacerdote católico
Príamo Pericles Tejeda Rosario,Ciudadanía,República Dominicana
Príamo Pericles Tejeda Rosario,Cargo,obispo titular
Príamo Pericles Tejeda Rosario,Fecha de nacimiento,1934-04-20
Príamo Pericles Tejeda Rosario,Fecha de defunción,2024-05-17
Príamo Pericles Tejeda Rosario,Ocupación,obispo católico
Príamo Pericles Tejeda Rosario,Cargo,Obispo de Baní
Príamo Pericles Tejeda Rosario,Cargo,Obispo auxiliar de la Arquidiócesis de Santo Domingo
Gabriel Mercedes,Lugar de nacimiento,Monte Plata
Gabriel Mercedes,Ocupación,taekwondista
Gabriel Mercedes,Ciudadanía,República Dominicana
Gabriel Mercedes,Fecha de nacimiento,1979-11-12
Rafael Villanueva,Lugar de nacimiento,Santo Domingo
Rafael Villanueva,Ocupación,director de orquesta
Rafael Villanueva,Ciudadanía,República Dominicana
Rafael Villanueva,Educado en,Real Conservatorio de Música
Rafael Villanueva,Fecha de nacimiento,1947-10-13
Rafael Villanueva,Fecha de defunción,1995-12-02
Rafael Villanueva,Ocupación,músico
Ramón Báez,Ocupación,médico
Ramón Báez,Ciudadanía,República Dominicana
Ramón Báez,Cargo,presidente de la República Dominicana
Ramón Báez,Fecha de nacimiento,1858-01-01
Ramón Báez,Fecha de defunción,1929-01-01
Ramón Báez,Ocupación,político
Ramón Díaz Freeman,Lugar de nacimiento,Puerto Plata
Ramón Díaz Freeman,Ocupación,compositor
Ramón Díaz Freeman,Ciudadanía,República Dominicana
Ramón Díaz Freeman,Fecha de nacimiento,1901-01-30
Ramón Díaz Freeman,Fecha de defunción,1976-04-29
Ramón Mateo,Lugar de nacimiento,San Juan
Ramón Mateo,Ocupación,ajedrecista
Ramón Mateo,Ciudadanía,República Dominicana
Ramón Mateo,Fecha de nacimiento,1958-06-23
Octavio Antonio Beras Rojas,Lugar de nacimiento,República Dominicana
Octavio Antonio Beras Rojas,Ocupación,sacerdote católico
Octavio Antonio Beras Rojas,Ciudadanía,República Dominicana
Octavio Antonio Beras Rojas,Educado en,Pontificia Universidad Gregoriana
Octavio Antonio Beras Rojas,Cargo,cardenal
Octavio Antonio Beras Rojas,Fecha de nacimiento,1906-11-16
Octavio Antonio Beras Rojas,Fecha de defunción,1990-12-01
Octavio Antonio Beras Rojas,Ocupación,obispo católico
Octavio Antonio Beras Rojas,Cargo,arzobispo católico
Octavio Antonio Beras Rojas,Cargo,arzobispo titular
Octavio Antonio Beras Rojas,Cargo,Arzobispo de Santo Domingo
Octavio Antonio Beras Rojas,Cargo,Obispo castrense de República Dominicana
badmintonista,instancia de,profesión
badmintonista,subclase de,deportista
badmintonista,subclase de,jugador competitivo
badmintonista,ámbito de la ocupación,bádminton
compositor de canciones,instancia de,profesión musical
compositor de canciones,subclase de,compositor
compositor de canciones,subclase de,autor
compositor de canciones,ámbito de la ocupación,composición de canciones
compositor de canciones,se dice que es lo mismo que,letrista
disc-jockey,instancia de,ocupación
disc-jockey,instancia de,profesión musical
disc-jockey,subclase de,músico
disc-jockey,ámbito de la ocupación,música
funcionario,instancia de,profesión
funcionario,instancia de,alto cargo
funcionario,instancia de,cargo
funcionario,subclase de,persona jurídica
funcionario,subclase de,burócrata
Monte Plata,instancia de,municipio de la República Dominicana
Monte Plata,situado en la entidad territorial administrativa,Monte Plata
Monte Plata,capital de,Monte Plata
taekwondista,instancia de,profesión
taekwondista,instancia de,ocupación
taekwondista,subclase de,deportista
taekwondista,ámbito de la ocupación,taekwondo
taekwondista,ámbito de la ocupación,taekwondo adaptado
Real Conservatorio de Música,país,Canadá
Real Conservatorio de Música,instancia de,organización sin fines de lucro
Real Conservatorio de Música,instancia de,conservatorio de música
Real Conservatorio de Música,fundador,Edward Fisher
Real Conservatorio de Música,situado en la entidad territorial administrativa,Toronto
médico,instancia de,profesión sanitaria
médico,instancia de,cargo
médico,instancia de,ocupación
médico,instancia de,profesión medicina
médico,instancia de,grupo de ocupaciones de la CIUO
ajedrecista,instancia de,profesión
ajedrecista,subclase de,deportista
ajedrecista,subclase de,jugador de juego de tablero
cardenal,instancia de,título
cardenal,instancia de,cargo
cardenal,instancia de,vocación católica
cardenal,título nobiliario,titulus
cardenal,religión,catolicismo
Wilber Burgos,Ocupación,baloncestista
Wilber Burgos,Ciudadanía,República Dominicana
Wilber Burgos,Fecha de nacimiento,2004-01-07
Juan Batista,Ocupación,baloncestista
Juan Batista,Ciudadanía,República Dominicana
Juan Batista,Fecha de nacimiento,2004-05-07
Esmailin Caridad,Lugar de nacimiento,Bajos de Haina
Esmailin Caridad,Ocupación,beisbolista
Esmailin Caridad,Ciudadanía,República Dominicana
Esmailin Caridad,Fecha de nacimiento,1983-10-28
Ramón Troncoso,Lugar de nacimiento,San José de Ocoa
Ramón Troncoso,Ocupación,beisbolista
Ramón Troncoso,Ciudadanía,República Dominicana
Ramón Troncoso,Fecha de nacimiento,1983-02-16
Juan Samuel,Lugar de nacimiento,San Pedro de Macorís
Juan Samuel,Ocupación,entrenador de béisbol
Juan Samuel,Ciudadanía,República Dominicana
Juan Samuel,Fecha de nacimiento,1960-12-09
Juan Samuel,Ocupación,beisbolista
Eddy Rodríguez,Lugar de nacimiento,San Pedro de Macorís
Eddy Rodríguez,Ocupación,beisbolista
Eddy Rodríguez,Ciudadanía,República Dominicana
Eddy Rodríguez,Fecha de nacimiento,1981-08-08
Edinson Vólquez,Lugar de nacimiento,Santa Cruz de Barahona
Edinson Vólquez,Ocupación,gerente
Edinson Vólquez,Ciudadanía,República Dominicana
Edinson Vólquez,Fecha de nacimiento,1983-07-03
Edinson Vólquez,Ocupación,entrenador de béisbol
Edinson Vólquez,Ocupación,beisbolista
Edwar Cabrera,Lugar de nacimiento,Baní
Edwar Cabrera,Ocupación,beisbolista
Edwar Cabrera,Ciudadanía,República Dominicana
Edwar Cabrera,Fecha de nacimiento,1987-10-20
Julio Lugo,Lugar de nacimiento,Santa Cruz de Barahona
Julio Lugo,Ocupación,beisbolista
Julio Lugo,Ciudadanía,República Dominicana
Julio Lugo,Educado en,Connors State College
Julio Lugo,Fecha de nacimiento,1975-11-16
Julio Lugo,Fecha de defunción,2021-11-15
Julio Lugo,Educado en,Fort Hamilton High School
Fernando Abad,Lugar de nacimiento,La Romana
Fernando Abad,Ocupación,beisbolista
Fernando Abad,Ciudadanía,República Dominicana
Fernando Abad,Fecha de nacimiento,1985-12-17
Elián Herrera,Lugar de nacimiento,San Pedro de Macorís
Elián Herrera,Ocupación,beisbolista
Elián Herrera,Ciudadanía,República Dominicana
Elián Herrera,Fecha de nacimiento,1985-02-01
Joaquín Arias,Lugar de nacimiento,Santo Domingo
Joaquín Arias,Ocupación,beisbolista
Joaquín Arias,Ciudadanía,República Dominicana
Joaquín Arias,Fecha de nacimiento,1984-09-21
Elvin Ramírez,Lugar de nacimiento,San Cristóbal
Elvin Ramírez,Ocupación,beisbolista
Elvin Ramírez,Ciudadanía,República Dominicana
Elvin Ramírez,Fecha de nacimiento,1987-10-10
Elvis Contreras,Lugar de nacimiento,Tamayo
Elvis Contreras,Ocupación,voleibolista
Elvis Contreras,Ciudadanía,República Dominicana
Elvis Contreras,Fecha de nacimiento,1979-07-20
Pedro Ciriaco,Lugar de nacimiento,San Pedro de Macorís
Pedro Ciriaco,Ocupación,beisbolista
Pedro Ciriaco,Ciudadanía,República Dominicana
Pedro Ciriaco,Fecha de nacimiento,1985-09-27
Enerio Del Rosario,Lugar de nacimiento,El Seibo
Enerio Del Rosario,Ocupación,beisbolista
Enerio Del Rosario,Ciudadanía,República Dominicana
Enerio Del Rosario,Fecha de nacimiento,1985-10-16
Ervin Santana,Lugar de nacimiento,San Cristóbal
Ervin Santana,Ocupación,beisbolista
Ervin Santana,Ciudadanía,República Dominicana
Ervin Santana,Fecha de nacimiento,1982-12-12
Esmerling Vásquez,Lugar de nacimiento,Tenares
Esmerling Vásquez,Ocupación,beisbolista
Esmerling Vásquez,Ciudadanía,República Dominicana
Esmerling Vásquez,Fecha de nacimiento,1983-11-07
Esmil Rogers,Lugar de nacimiento,Santo Domingo
Esmil Rogers,Ocupación,beisbolista
Esmil Rogers,Ciudadanía,República Dominicana
Esmil Rogers,Fecha de nacimiento,1985-08-14
Eugenio Vélez,Lugar de nacimiento,San Pedro de Macorís
Eugenio Vélez,Ocupación,beisbolista
Eugenio Vélez,Ciudadanía,República Dominicana
Eugenio Vélez,Fecha de nacimiento,1982-05-16
Eury Pérez,Lugar de nacimiento,Santo Domingo
Eury Pérez,Ocupación,beisbolista
Eury Pérez,Ciudadanía,República Dominicana
Eury Pérez,Fecha de nacimiento,1990-05-30
Ronny Paulino,Lugar de nacimiento,Santo Domingo
Ronny Paulino,Ocupación,beisbolista
Ronny Paulino,Ciudadanía,República Dominicana
Ronny Paulino,Fecha de nacimiento,1981-04-21
San José de Ocoa,país,República Dominicana
San José de Ocoa,instancia de,provincia de la República Dominicana
San José de Ocoa,capital,San José de Ocoa
San José de Ocoa,comparte fronteras con,La Vega
San José de Ocoa,comparte fronteras con,Provincia de Azua
entrenador de béisbol,instancia de,profesión
entrenador de béisbol,subclase de,entrenador
entrenador de béisbol,ámbito de la ocupación,béisbol
Santa Cruz de Barahona,lista de interés para el proyecto Wikimedia,Wikiproyecto:Diáspora africana
gerente,instancia de,profesión
gerente,instancia de,cargo
gerente,subclase de,empresario
gerente,subclase de,gerente
gerente,ámbito de la ocupación,administración de empresas
Connors State College,país,Estados Unidos
Connors State College,instancia de,institución educativa pública de los Estados Unidos
Connors State College,situado en la entidad territorial administrativa,Oklahoma
Tamayo,país,República Dominicana
Tamayo,instancia de,municipio de la República Dominicana
Tamayo,situado en la entidad territorial administrativa,Bahoruco
El Seibo,categoría para las personas que nacieron aquí,Categoría:Nacidos en la provincia El Seibo
Tomás de la Rosa,Lugar de nacimiento,La Victoria
Tomás de la Rosa,Ocupación,beisbolista
Tomás de la Rosa,Ciudadanía,República Dominicana
Tomás de la Rosa,Fecha de nacimiento,1977-01-28
Tomás de la Rosa,Fecha de nacimiento,1978-01-28
Luis Pérez,Lugar de nacimiento,Guayubín
Luis Pérez,Ocupación,beisbolista
Luis Pérez,Ciudadanía,República Dominicana
Luis Pérez,Fecha de nacimiento,1985-01-20
Juan Nicasio,Lugar de nacimiento,San Francisco de Macorís
Juan Nicasio,Ocupación,beisbolista
Juan Nicasio,Ciudadanía,República Dominicana
Juan Nicasio,Fecha de nacimiento,1986-08-31
Héctor Noesí,Lugar de nacimiento,Esperanza
Héctor Noesí,Ocupación,beisbolista
Héctor Noesí,Ciudadanía,República Dominicana
Héctor Noesí,Fecha de nacimiento,1987-01-26
Humberto Sánchez,Lugar de nacimiento,Santo Domingo
Humberto Sánchez,Ocupación,beisbolista
Humberto Sánchez,Ciudadanía,República Dominicana
Humberto Sánchez,Educado en,Connors State College
Humberto Sánchez,Fecha de nacimiento,1983-05-28
Fautino De Los Santos,Lugar de nacimiento,Samaná
Fautino De Los Santos,Ocupación,beisbolista
Fautino De Los Santos,Ciudadanía,República Dominicana
Fautino De Los Santos,Fecha de nacimiento,1986-02-15
Felipe Alou,Lugar de nacimiento,Bajos de Haina
Felipe Alou,Ocupación,mánager de béisbol
Felipe Alou,Ciudadanía,República Dominicana
Felipe Alou,Premio recibido,Canadian Baseball Hall of Fame
Felipe Alou,Fecha de nacimiento,1935-05-12
Felipe Alou,Ocupación,beisbolista
Joel Carreño,Lugar de nacimiento,San Cristóbal
Joel Carreño,Ocupación,beisbolista
Joel Carreño,Ciudadanía,República Dominicana
Joel Carreño,Fecha de nacimiento,1987-03-07
Felton Messina,Lugar de nacimiento,República Dominicana
Felton Messina,Ocupación,ingeniero
Felton Messina,Ciudadanía,República Dominicana
Felton Messina,Educado en,Universidad de Puerto Rico
Felton Messina,Fecha de nacimiento,1953-01-01
Felton Messina,Ocupación,karateca
Wilin Rosario,Lugar de nacimiento,Bonao
Wilin Rosario,Ocupación,beisbolista
Wilin Rosario,Ciudadanía,República Dominicana
Wilin Rosario,Fecha de nacimiento,1989-02-23
Viketowers Herrera,Lugar de nacimiento,Tenares
Viketowers Herrera,Ocupación,beisbolista
Viketowers Herrera,Ciudadanía,República Dominicana
Viketowers Herrera,Fecha de nacimiento,1989-12-31
Héctor Alexis Gómez,Lugar de nacimiento,San Pedro de Macorís
Héctor Alexis Gómez,Ocupación,beisbolista
Héctor Alexis Gómez,Ciudadanía,República Dominicana
Héctor Alexis Gómez,Fecha de nacimiento,1988-03-05
Fernando Martínez (beisbolista),Lugar de nacimiento,Río San Juan
Fernando Martínez (beisbolista),Ocupación,beisbolista
Fernando Martínez (beisbolista),Ciudadanía,República Dominicana
Fernando Martínez (beisbolista),Fecha de nacimiento,1988-10-10
Fernando Tatis,Lugar de nacimiento,San Pedro de Macorís
Fernando Tatis,Ocupación,beisbolista
Fernando Tatis,Ciudadanía,República Dominicana
Fernando Tatis,Fecha de nacimiento,1975-09-05
Jordany Valdespin,Lugar de nacimiento,San Pedro de Macorís
Jordany Valdespin,Ocupación,beisbolista
Jordany Valdespin,Ciudadanía,República Dominicana
Jordany Valdespin,Fecha de nacimiento,1987-12-23
Sidarka Núñez,Lugar de nacimiento,Santo Domingo
Sidarka Núñez,Ocupación,voleibolista
Sidarka Núñez,Ciudadanía,República Dominicana
Sidarka Núñez,Fecha de nacimiento,1984-06-25
Moisés Sierra,Lugar de nacimiento,Santo Domingo
Moisés Sierra,Ocupación,beisbolista
Moisés Sierra,Ciudadanía,República Dominicana
Moisés Sierra,Fecha de nacimiento,1988-09-24
Manny Machado,Lugar de nacimiento,Miami
Manny Machado,Ocupación,beisbolista
Manny Machado,Ciudadanía,Estados Unidos
Manny Machado,Premio recibido,Guante de Oro
Manny Machado,Fecha de nacimiento,1992-07-06
Manny Machado,Premio recibido,Silver Slugger Award
Manny Machado,Ciudadanía,República Dominicana
Cindy Rondón,Lugar de nacimiento,Santo Domingo
Cindy Rondón,Ocupación,voleibolista
Cindy Rondón,Ciudadanía,República Dominicana
Cindy Rondón,Fecha de nacimiento,1988-11-12
Francisco Antonio Salcedo,Ocupación,político
Francisco Antonio Salcedo,Ciudadanía,República Dominicana
Esperanza,país,República Dominicana
Esperanza,instancia de,municipio de la República Dominicana
Esperanza,situado en la entidad territorial administrativa,Valverde
Samaná,instancia de,provincia de la República Dominicana
Samaná,capital,Samaná
Samaná,comparte fronteras con,Hato Mayor
Samaná,comparte fronteras con,Duarte
mánager de béisbol,instancia de,profesión
mánager de béisbol,subclase de,entrenador
mánager de béisbol,ámbito de la ocupación,béisbol
mánager de béisbol,deporte,béisbol
mánager de béisbol,categoría principal del tema,Categoría:Mánager de béisbol
ingeniero,instancia de,profesión
ingeniero,instancia de,cargo
ingeniero,elemento operado,producto
ingeniero,subclase de,trabajador
ingeniero,ámbito de la ocupación,ingeniería
Universidad de Puerto Rico,país,Estados Unidos
Universidad de Puerto Rico,instancia de,universidad pública
Universidad de Puerto Rico,situado en la entidad territorial administrativa,Puerto Rico
Universidad de Puerto Rico,filial,"Universidad de Puerto Rico, Recinto de Ciencias Médicas"
Universidad de Puerto Rico,filial,"Universidad de Puerto Rico, Recinto de Río Piedras"
Río San Juan,país,República Dominicana
Río San Juan,instancia de,municipio de la República Dominicana
Río San Juan,situado en la entidad territorial administrativa,María Trinidad Sánchez
Miami,jefe de gobierno,Francis Suárez
Miami,país,Estados Unidos
Miami,instancia de,ciudad de Estados Unidos
Miami,situado en la entidad territorial administrativa,Condado de Miami-Dade
Miami,nombrado en referencia a,Mayaimi
Francisco Peguero,Lugar de nacimiento,San Gregorio de Nigua
Francisco Peguero,Ocupación,beisbolista
Francisco Peguero,Ciudadanía,República Dominicana
Francisco Peguero,Fecha de nacimiento,1988-06-01
Rafael Alburquerque,Lugar de nacimiento,Santo Domingo
Rafael Alburquerque,Ocupación,escritor
Rafael Alburquerque,Ciudadanía,República Dominicana
Rafael Alburquerque,Educado en,Universidad Autónoma de Santo Domingo
Rafael Alburquerque,Cargo,Vicepresidente de la República Dominicana
Rafael Alburquerque,Premio recibido,Orden de los Cinco Volcanes
Rafael Alburquerque,Fecha de nacimiento,1940-06-14
Rafael Alburquerque,Ocupación,abogado
Rafael Alburquerque,Ocupación,político
Freddy Dolsi,Lugar de nacimiento,San Pedro de Macorís
Freddy Dolsi,Ocupación,beisbolista
Freddy Dolsi,Ciudadanía,República Dominicana
Freddy Dolsi,Fecha de nacimiento,1983-01-06
Freddy Guzmán,Lugar de nacimiento,Santo Domingo
Freddy Guzmán,Ocupación,beisbolista
Freddy Guzmán,Ciudadanía,República Dominicana
Freddy Guzmán,Fecha de nacimiento,1981-01-20
Georges Jeanty,Lugar de nacimiento,Brooklyn
Georges Jeanty,Ocupación,dibujante de historieta
Georges Jeanty,Ciudadanía,República Dominicana
Georges Jeanty,Fecha de nacimiento,1977-01-01
Gina Mambrú,Lugar de nacimiento,Santo Domingo
Gina Mambrú,Ocupación,voleibolista
Gina Mambrú,Ciudadanía,República Dominicana
Gina Mambrú,Fecha de nacimiento,1986-01-21
Pablo Ozuna,Lugar de nacimiento,Santo Domingo
Pablo Ozuna,Ocupación,beisbolista
Pablo Ozuna,Ciudadanía,República Dominicana
Pablo Ozuna,Fecha de nacimiento,1974-08-25
Rafael Pérez,Lugar de nacimiento,Santo Domingo
Rafael Pérez,Ocupación,beisbolista
Rafael Pérez,Ciudadanía,República Dominicana
Rafael Pérez,Fecha de nacimiento,1982-05-15
Santiago Casilla,Lugar de nacimiento,San Cristóbal
Santiago Casilla,Ocupación,beisbolista
Santiago Casilla,Ciudadanía,República Dominicana
Santiago Casilla,Fecha de nacimiento,1980-07-25
Miguel Olivo,Lugar de nacimiento,Villa Vásquez
Miguel Olivo,Ocupación,beisbolista
Miguel Olivo,Ciudadanía,República Dominicana
Miguel Olivo,Fecha de nacimiento,1978-07-15
Pascual Pérez,Lugar de nacimiento,San Cristóbal
Pascual Pérez,Ocupación,beisbolista
Pascual Pérez,Ciudadanía,República Dominicana
Pascual Pérez,Fecha de nacimiento,1957-05-17
Pascual Pérez,Fecha de defunción,2012-11-01
Pascual Pérez,Fecha de nacimiento,1959-05-17
Ju Lin,Lugar de nacimiento,Fujian
Ju Lin,Ocupación,tenista de mesa
Ju Lin,Ciudadanía,República Dominicana
Ju Lin,Fecha de nacimiento,1979-09-01
Pedro Féliz,Lugar de nacimiento,Municipio de Azua
Pedro Féliz,Ocupación,beisbolista
Pedro Féliz,Ciudadanía,República Dominicana
Pedro Féliz,Fecha de nacimiento,1975-04-27
Juan Salas,Lugar de nacimiento,Santo Domingo
Juan Salas,Ocupación,beisbolista
Juan Salas,Ciudadanía,República Dominicana
Juan Salas,Fecha de nacimiento,1978-11-07
José Rijo,Lugar de nacimiento,San Cristóbal
José Rijo,Ocupación,político
José Rijo,Ciudadanía,República Dominicana
José Rijo,Fecha de nacimiento,1965-05-13
José Rijo,Ocupación,beisbolista
Luis Vizcaíno,Lugar de nacimiento,Baní
Luis Vizcaíno,Ocupación,beisbolista
Luis Vizcaíno,Ciudadanía,República Dominicana
Luis Vizcaíno,Fecha de nacimiento,1974-08-06
Johnny Cueto,Lugar de nacimiento,San Pedro de Macorís
Johnny Cueto,Ocupación,beisbolista
Johnny Cueto,Ciudadanía,República Dominicana
Johnny Cueto,Fecha de nacimiento,1986-02-15
Miguel Batista,Lugar de nacimiento,Santo Domingo
Miguel Batista,Ocupación,escritor
Miguel Batista,Ciudadanía,República Dominicana
Miguel Batista,Fecha de nacimiento,1971-02-19
Miguel Batista,Ocupación,poeta
Miguel Batista,Ocupación,beisbolista
José Valverde,Lugar de nacimiento,San Pedro de Macorís
José Valverde,Ocupación,beisbolista
José Valverde,Ciudadanía,República Dominicana
José Valverde,Fecha de nacimiento,1978-03-24
Greg Aquino,Lugar de nacimiento,Santo Domingo
Greg Aquino,Ocupación,beisbolista
Greg Aquino,Ciudadanía,República Dominicana
Greg Aquino,Fecha de nacimiento,1978-01-11
Vicepresidente de la República Dominicana,país,República Dominicana
Vicepresidente de la República Dominicana,instancia de,cargo público
Vicepresidente de la República Dominicana,subclase de,vicepresidente
Vicepresidente de la República Dominicana,forma parte de,Gabinete de la República Dominicana
Vicepresidente de la República Dominicana,categoría principal del tema,Categoría:Vicepresidentes de República Dominicana
dibujante de historieta,instancia de,profesión
dibujante de historieta,instancia de,ocupación
dibujante de historieta,subclase de,dibujante
dibujante de historieta,subclase de,historietista
dibujante de historieta,ámbito de la ocupación,historieta
Villa Vásquez,país,República Dominicana
Villa Vásquez,instancia de,municipio de la República Dominicana
Villa Vásquez,situado en la entidad territorial administrativa,Provincia de Monte Cristi
Fujian,jefe de gobierno,Su Shulin
Fujian,país,República Popular China
Fujian,instancia de,provincia de China
poeta,instancia de,profesión
poeta,subclase de,escritor
poeta,ámbito de la ocupación,poesía
poeta,categoría principal del tema,Categoría:Poetas
Guillermo Mota,Lugar de nacimiento,San Pedro de Macorís
Guillermo Mota,Ocupación,beisbolista
Guillermo Mota,Ciudadanía,República Dominicana
Guillermo Mota,Fecha de nacimiento,1973-07-25
Jordan Norberto,Lugar de nacimiento,Nagua
Jordan Norberto,Ocupación,beisbolista
Jordan Norberto,Ciudadanía,República Dominicana
Jordan Norberto,Fecha de nacimiento,1986-12-08
Henry Rodríguez,Lugar de nacimiento,Santo Domingo
Henry Rodríguez,Ocupación,beisbolista
Henry Rodríguez,Ciudadanía,República Dominicana
Henry Rodríguez,Fecha de nacimiento,1967-11-08
Matty Alou,Lugar de nacimiento,Bajos de Haina
Matty Alou,Ocupación,beisbolista
Matty Alou,Ciudadanía,República Dominicana
Matty Alou,Fecha de nacimiento,1938-12-22
Matty Alou,Fecha de defunción,2011-11-03
Matty Alou,Fecha de nacimiento,1939-12-22
Henry Villar,Lugar de nacimiento,Bonao
Henry Villar,Ocupación,beisbolista
Henry Villar,Ciudadanía,República Dominicana
Henry Villar,Fecha de nacimiento,1987-05-24
Ramón Ortiz,Lugar de nacimiento,Cotuí
Ramón Ortiz,Ocupación,beisbolista
Ramón Ortiz,Ciudadanía,República Dominicana
Ramón Ortiz,Fecha de nacimiento,1973-05-23
Ramón Ortiz,Fecha de nacimiento,1973-05-24
Iván Tovar,Lugar de nacimiento,Duarte
Iván Tovar,Ocupación,pintor
Iván Tovar,Ciudadanía,República Dominicana
Iván Tovar,Fecha de nacimiento,1942-03-28
Iván Tovar,Fecha de defunción,2020-04-13
Iván Tovar,Ocupación,grabador
Jairo Asencio,Lugar de nacimiento,Sabana Grande de Palenque
Jairo Asencio,Ocupación,beisbolista
Jairo Asencio,Ciudadanía,República Dominicana
Jairo Asencio,Fecha de nacimiento,1983-05-30
Jean-Pierre Torrell,Lugar de nacimiento,Villenave-d'Ornon
Jean-Pierre Torrell,Ocupación,sacerdote
Jean-Pierre Torrell,Ciudadanía,Francia
Jean-Pierre Torrell,Educado en,Universidad de Montreal
Jean-Pierre Torrell,Empleador,Pontificia Universidad Gregoriana
Jean-Pierre Torrell,Miembro de,Editio Leonina
Jean-Pierre Torrell,Premio recibido,Master of Sacred Theology
Jean-Pierre Torrell,Fecha de nacimiento,1927-08-01
Jean-Pierre Torrell,Fecha de defunción,2025-08-28
Jean-Pierre Torrell,Ocupación,sacerdote católico
Jean-Pierre Torrell,Ocupación,teólogo
Jean-Pierre Torrell,Ocupación,profesor universitario
Jean-Pierre Torrell,Ciudadanía,República Dominicana
Jean-Pierre Torrell,Educado en,Saulchoir
Jean Segura,Lugar de nacimiento,Provincia de San Juan
Jean Segura,Ocupación,beisbolista
Jean Segura,Ciudadanía,República Dominicana
Jean Segura,Fecha de nacimiento,1990-03-17
Jenrry Mejía,Lugar de nacimiento,Tábara Arriba
Jenrry Mejía,Ocupación,beisbolista
Jenrry Mejía,Ciudadanía,República Dominicana
Jenrry Mejía,Fecha de nacimiento,1989-10-11
Plácido Polanco,Lugar de nacimiento,Santo Domingo
Plácido Polanco,Ocupación,beisbolista
Plácido Polanco,Ciudadanía,República Dominicana
Plácido Polanco,Premio recibido,Guante de Oro
Plácido Polanco,Fecha de nacimiento,1975-10-10
Jeurys Familia,Lugar de nacimiento,Santo Domingo
Jeurys Familia,Ocupación,beisbolista
Jeurys Familia,Ciudadanía,República Dominicana
Jeurys Familia,Fecha de nacimiento,1989-10-10
Jhonny Núñez,Lugar de nacimiento,San José de las Matas
Jhonny Núñez,Ocupación,beisbolista
Jhonny Núñez,Ciudadanía,República Dominicana
Jhonny Núñez,Fecha de nacimiento,1985-11-26
José Ceda,Lugar de nacimiento,Santo Domingo
José Ceda,Ocupación,beisbolista
José Ceda,Ciudadanía,República Dominicana
José Ceda,Fecha de nacimiento,1987-01-28
José Constanza,Lugar de nacimiento,Santo Domingo
José Constanza,Ocupación,beisbolista
José Constanza,Ciudadanía,República Dominicana
José Constanza,Fecha de nacimiento,1983-09-01
José Mesa,Lugar de nacimiento,Pueblo Viejo
José Mesa,Ocupación,beisbolista
José Mesa,Ciudadanía,República Dominicana
José Mesa,Fecha de nacimiento,1966-05-22
José Cáceres,Lugar de nacimiento,Tamayo
José Cáceres,Ocupación,voleibolista
José Cáceres,Ciudadanía,República Dominicana
José Cáceres,Fecha de nacimiento,1981-12-24
José Offerman,Lugar de nacimiento,San Pedro de Macorís
José Offerman,Ocupación,beisbolista
José Offerman,Ciudadanía,República Dominicana
José Offerman,Fecha de nacimiento,1968-11-08
José Vargas,Lugar de nacimiento,La Romana
José Vargas,Ocupación,baloncestista
José Vargas,Ciudadanía,República Dominicana
José Vargas,Educado en,Universidad Estatal de Luisiana
José Vargas,Fecha de nacimiento,1963-06-23
Sabana Grande de Palenque,país,República Dominicana
Sabana Grande de Palenque,instancia de,municipio de la República Dominicana
Sabana Grande de Palenque,situado en la entidad territorial administrativa,San Cristóbal
Villenave-d'Ornon,país,Francia
Villenave-d'Ornon,instancia de,comuna francesa
Villenave-d'Ornon,comparte fronteras con,Camblanes-et-Meynac
Villenave-d'Ornon,comparte fronteras con,Bègles
Villenave-d'Ornon,comparte fronteras con,Talence
sacerdote,instancia de,ocupación religiosa
sacerdote,subclase de,clérigo
sacerdote,ámbito de la ocupación,sacerdocio
sacerdote,se dice que es lo mismo que,ministro religioso
sacerdote,prefijo honorífico,reverendo
Francia,jefe de gobierno,Sébastien Lecornu
Francia,continente,Europa
Francia,instancia de,país
Francia,instancia de,república
Francia,instancia de,estado soberano
Universidad de Montreal,país,Canadá
Universidad de Montreal,instancia de,universidad pública de investigación
Universidad de Montreal,situado en la entidad territorial administrativa,Montreal
Universidad de Montreal,ubicación de la sede,Montreal
Provincia de San Juan,se encuentra en el huso horario,UTC−4
Provincia de San Juan,categoría principal del tema,Categoría:Provincia de San Juan (República Dominicana)
Provincia de San Juan,categoría para las personas que nacieron aquí,Categoría:Nacidos en la provincia San Juan
Provincia de San Juan,país,República Dominicana
Tábara Arriba,país,República Dominicana
Tábara Arriba,instancia de,municipio de la República Dominicana
Tábara Arriba,situado en la entidad territorial administrativa,Provincia de Azua
San José de las Matas,país,República Dominicana
San José de las Matas,instancia de,municipio de la República Dominicana
San José de las Matas,situado en la entidad territorial administrativa,Provincia de Santiago (República Dominicana)
Pueblo Viejo,país,República Dominicana
Pueblo Viejo,instancia de,municipio de la República Dominicana
Pueblo Viejo,situado en la entidad territorial administrativa,Provincia de Azua
Universidad Estatal de Luisiana,país,Estados Unidos
Universidad Estatal de Luisiana,instancia de,Universidad de concesión de tierras
Universidad Estatal de Luisiana,instancia de,universidad pública
Universidad Estatal de Luisiana,instancia de,universidad de investigación
Universidad Estatal de Luisiana,instancia de,institución educativa pública de los Estados Unidos
José Valdez,Lugar de nacimiento,Santo Domingo
José Valdez,Ocupación,beisbolista
José Valdez,Ciudadanía,República Dominicana
José Valdez,Fecha de nacimiento,1983-01-22
Juan Abreu (beisbolista),Lugar de nacimiento,San Pedro de Macorís
Juan Abreu (beisbolista),Ocupación,beisbolista
Juan Abreu (beisbolista),Ciudadanía,República Dominicana
Juan Abreu (beisbolista),Fecha de nacimiento,1985-04-08
Juan Bell,Lugar de nacimiento,San Pedro de Macorís
Juan Bell,Ocupación,beisbolista
Juan Bell,Ciudadanía,República Dominicana
Juan Bell,Fecha de nacimiento,1965-03-29
Juan Bell,Fecha de defunción,2016-08-24
Juan Bell,Fecha de nacimiento,1968-03-29
Juan Díaz,Lugar de nacimiento,Baní
Juan Díaz,Ocupación,beisbolista
Juan Díaz,Ciudadanía,República Dominicana
Juan Díaz,Fecha de nacimiento,1988-12-12
Juan Lara,Lugar de nacimiento,Municipio de Azua
Juan Lara,Ocupación,beisbolista
Juan Lara,Ciudadanía,República Dominicana
Juan Lara,Fecha de nacimiento,1981-01-26
Juan Temístocles Montás,Lugar de nacimiento,San Cristóbal
Juan Temístocles Montás,Ocupación,escritor
Juan Temístocles Montás,Ciudadanía,República Dominicana
Juan Temístocles Montás,Educado en,Universidad Autónoma de Santo Domingo
Juan Temístocles Montás,Fecha de nacimiento,1950-05-06
Juan Temístocles Montás,Ocupación,economista
Karla Echenique,Lugar de nacimiento,Santo Domingo
Karla Echenique,Ocupación,voleibolista
Karla Echenique,Ciudadanía,República Dominicana
Karla Echenique,Fecha de nacimiento,1986-05-16
Lavonne Idlette,Lugar de nacimiento,Miami
Lavonne Idlette,Ocupación,vallista
Lavonne Idlette,Ciudadanía,República Dominicana
Lavonne Idlette,Fecha de nacimiento,1985-10-31
Lendy Castillo,Lugar de nacimiento,Las Matas de Santa Cruz
Lendy Castillo,Ocupación,beisbolista
Lendy Castillo,Ciudadanía,República Dominicana
Lendy Castillo,Fecha de nacimiento,1989-04-08
Luis Santana,Lugar de nacimiento,La Romana
Luis Santana,Ocupación,boxeador
Luis Santana,Ciudadanía,República Dominicana
Luis Santana,Fecha de nacimiento,1958-11-19
Maikel Cleto,Lugar de nacimiento,Santo Domingo
Maikel Cleto,Ocupación,beisbolista
Maikel Cleto,Ciudadanía,República Dominicana
Maikel Cleto,Fecha de nacimiento,1989-05-01
Manny Mota,Lugar de nacimiento,Santo Domingo
Manny Mota,Ocupación,beisbolista
Manny Mota,Ciudadanía,República Dominicana
Manny Mota,Fecha de nacimiento,1938-02-18
Marcos Mateo,Lugar de nacimiento,San Cristóbal
Marcos Mateo,Ocupación,beisbolista
Marcos Mateo,Ciudadanía,República Dominicana
Marcos Mateo,Fecha de nacimiento,1984-04-18
María Trinidad Sánchez,Lugar de nacimiento,Santo Domingo
María Trinidad Sánchez,Ocupación,político
María Trinidad Sánchez,Ciudadanía,República Dominicana
María Trinidad Sánchez,Obra notable,Bandera Nacional de la República Dominicana
María Trinidad Sánchez,Fecha de nacimiento,1794-06-19
María Trinidad Sánchez,Fecha de defunción,1845-02-27
María Trinidad Sánchez,Ocupación,Luchadores por la libertad
María Trinidad Sánchez,Fecha de nacimiento,1794-06-26
Julián Tavárez,Lugar de nacimiento,Santiago de los Caballeros
Julián Tavárez,Ocupación,beisbolista
Julián Tavárez,Ciudadanía,República Dominicana
Julián Tavárez,Fecha de nacimiento,1973-05-22
Mariano Duncan,Lugar de nacimiento,San Pedro de Macorís
Mariano Duncan,Ocupación,beisbolista
Mariano Duncan,Ciudadanía,República Dominicana
Mariano Duncan,Fecha de nacimiento,1963-03-13
Mauro Alexis Gómez,Lugar de nacimiento,Baní
Mauro Alexis Gómez,Ocupación,beisbolista
Mauro Alexis Gómez,Ciudadanía,República Dominicana
Mauro Alexis Gómez,Fecha de nacimiento,1984-09-07
Michael Martínez,Lugar de nacimiento,Santo Domingo
Michael Martínez,Ocupación,beisbolista
Michael Martínez,Ciudadanía,República Dominicana
Michael Martínez,Fecha de nacimiento,1982-09-16
Yeison Asencio,Lugar de nacimiento,Santo Domingo
Yeison Asencio,Ocupación,beisbolista
Yeison Asencio,Ciudadanía,República Dominicana
Yeison Asencio,Fecha de nacimiento,1989-11-14
Carlos Amarante Baret,Lugar de nacimiento,Moca
Carlos Amarante Baret,Ocupación,abogado
Carlos Amarante Baret,Ciudadanía,República Dominicana
Carlos Amarante Baret,Educado en,Universidad Autónoma de Santo Domingo
Carlos Amarante Baret,Fecha de nacimiento,1960-01-01
Carlos Amarante Baret,Ocupación,político
Carlos Amarante Baret,Educado en,Pontificia Universidad Católica Madre y Maestra
vallista,instancia de,profesión
vallista,subclase de,atleta
vallista,ámbito de la ocupación,carreras de vallas
vallista,categoría principal del tema,Categoría:Vallistas
Las Matas de Santa Cruz,país,República Dominicana
Las Matas de Santa Cruz,instancia de,municipio de la República Dominicana
Las Matas de Santa Cruz,situado en la entidad territorial administrativa,Provincia de Monte Cristi
Bandera Nacional de la República Dominicana,instancia de,bandera nacional
Bandera Nacional de la República Dominicana,creador,Juan Pablo Duarte Diez
Bandera Nacional de la República Dominicana,representa a,cruz
Bandera Nacional de la República Dominicana,representa a,Escudo de la República Dominicana
Bandera Nacional de la República Dominicana,representa a,campo
Edward Santana,Lugar de nacimiento,Hato Mayor
Edward Santana,Ocupación,baloncestista
Edward Santana,Ciudadanía,España
Edward Santana,Fecha de nacimiento,1980-04-20
Edward Santana,Ciudadanía,República Dominicana
Francisco Peña,Lugar de nacimiento,Santiago de los Caballeros
Francisco Peña,Ocupación,beisbolista
Francisco Peña,Ciudadanía,República Dominicana
Francisco Peña,Fecha de nacimiento,1989-10-12
Juan Pérez,Lugar de nacimiento,Santiago de los Caballeros
Juan Pérez,Educado en,DeWitt Clinton High School
Juan Pérez,Fecha de nacimiento,1986-11-13
Juan Pérez,Educado en,Western Oklahoma State College
Joëlle Schad,Lugar de nacimiento,Santo Domingo
Joëlle Schad,Ocupación,tenista
Joëlle Schad,Ciudadanía,República Dominicana
Joëlle Schad,Premio recibido,medalla de plata
Joëlle Schad,Fecha de nacimiento,1973-03-13
Joëlle Schad,Premio recibido,medalla de bronce
José Alfredo Dominguez,Lugar de nacimiento,San Pedro de Macorís
José Alfredo Dominguez,Ocupación,beisbolista
José Alfredo Dominguez,Ciudadanía,República Dominicana
José Alfredo Dominguez,Fecha de nacimiento,1990-08-07
Danny Salazar,Lugar de nacimiento,Santo Domingo
Danny Salazar,Ocupación,beisbolista
Danny Salazar,Ciudadanía,República Dominicana
Danny Salazar,Fecha de nacimiento,1990-01-11
Danny Salazar,Ocupación,beisbolista profesional
Luis Amado García,Lugar de nacimiento,Santo Domingo
Luis Amado García,Ocupación,beisbolista
Luis Amado García,Ciudadanía,República Dominicana
Luis Amado García,Fecha de nacimiento,1987-01-30
Eury De La Rosa,Lugar de nacimiento,Santiago de los Caballeros
Eury De La Rosa,Ocupación,beisbolista
Eury De La Rosa,Ciudadanía,República Dominicana
Eury De La Rosa,Fecha de nacimiento,1990-02-24
Jonathan Villar,Lugar de nacimiento,La Vega
Jonathan Villar,Ocupación,beisbolista
Jonathan Villar,Ciudadanía,República Dominicana
Jonathan Villar,Fecha de nacimiento,1991-05-02
Yaritza Reyes,Lugar de nacimiento,Santo Domingo Norte
Yaritza Reyes,Ocupación,periodista
Yaritza Reyes,Ciudadanía,República Dominicana
Yaritza Reyes,Fecha de nacimiento,1993-12-17
Yaritza Reyes,Ocupación,modelo
Yaritza Reyes,Ocupación,participante en concursos de belleza
Adrian Abreu,Lugar de nacimiento,Boca Chica
Adrian Abreu,Ocupación,beisbolista
Adrian Abreu,Ciudadanía,República Dominicana
Adrian Abreu,Fecha de nacimiento,1991-06-14
Rolando Gómez,Ocupación,atleta
Rolando Gómez,Ciudadanía,República Dominicana
Rolando Gómez,Fecha de nacimiento,1944-11-10
Tjoe de Paula,Lugar de nacimiento,Santo Domingo
Tjoe de Paula,Ocupación,baloncestista
Tjoe de Paula,Ciudadanía,República Dominicana
Tjoe de Paula,Fecha de nacimiento,1981-02-15
Tjoe de Paula,Ciudadanía,Reino de los Países Bajos
Claudio Encarnacion Montero,Lugar de nacimiento,El Cercado
Claudio Encarnacion Montero,Ocupación,actor
Claudio Encarnacion Montero,Ciudadanía,Estados Unidos
Claudio Encarnacion Montero,Fecha de nacimiento,1995-10-12
Claudio Encarnacion Montero,Ocupación,rapero
Claudio Encarnacion Montero,Ciudadanía,República Dominicana
Leandro Castro,Lugar de nacimiento,La Romana
Leandro Castro,Ocupación,beisbolista
Leandro Castro,Ciudadanía,República Dominicana
Leandro Castro,Fecha de nacimiento,1989-06-15
Francesca Segarelli,Lugar de nacimiento,Roma
Francesca Segarelli,Ocupación,tenista
Francesca Segarelli,Ciudadanía,República Dominicana
Francesca Segarelli,Educado en,Universidad Estatal de Florida
Francesca Segarelli,Fecha de nacimiento,1990-09-05
Raoul Rizik,Lugar de nacimiento,Santo Domingo
Raoul Rizik,Ocupación,actor
Raoul Rizik,Ciudadanía,Estados Unidos
Raoul Rizik,Fecha de nacimiento,1947-01-01
Raoul Rizik,Fecha de defunción,2013-10-03
Raoul Rizik,Ciudadanía,República Dominicana
Abraham Almonte,Lugar de nacimiento,Santo Domingo
Abraham Almonte,Ocupación,beisbolista
Abraham Almonte,Ciudadanía,República Dominicana
Abraham Almonte,Fecha de nacimiento,1989-06-27
Fausto Mata,Lugar de nacimiento,Santo Domingo
Fausto Mata,Ocupación,actor
Fausto Mata,Ciudadanía,República Dominicana
Fausto Mata,Fecha de nacimiento,1968-10-13
Fausto Mata,Ocupación,actor de televisión
Arquímedes Euclides Caminero Ordóñez,Lugar de nacimiento,Santo Domingo
Arquímedes Euclides Caminero Ordóñez,Ocupación,beisbolista
Arquímedes Euclides Caminero Ordóñez,Ciudadanía,República Dominicana
Arquímedes Euclides Caminero Ordóñez,Fecha de nacimiento,1987-06-16
medalla de plata,instancia de,distinción
medalla de plata,instancia de,categoría de un premio
medalla de plata,subclase de,segundo lugar
medalla de plata,subclase de,medalla de premio
Santo Domingo Norte,país,República Dominicana
Santo Domingo Norte,instancia de,municipio de la República Dominicana
Santo Domingo Norte,situado en la entidad territorial administrativa,Provincia Santo Domingo
periodista,instancia de,profesión
periodista,instancia de,cargo
periodista,instancia de,ocupación
periodista,instancia de,grupo de ocupaciones de la CIUO
periodista,subclase de,autor
Boca Chica,país,República Dominicana
Boca Chica,instancia de,municipio de la República Dominicana
Boca Chica,situado en la entidad territorial administrativa,Provincia Santo Domingo
Boca Chica,se encuentra en el huso horario,UTC−4
Boca Chica,diócesis,diócesis de Stella Maris
Reino de los Países Bajos,jefe de gobierno,Dick Schoof
Reino de los Países Bajos,continente,Europa
Reino de los Países Bajos,instancia de,país
Reino de los Países Bajos,instancia de,reino
rapero,instancia de,ocupación
rapero,instancia de,profesión musical
rapero,subclase de,vocalista
rapero,subclase de,músico de hip-hop
Roma,jefe de gobierno,Roberto Gualtieri
Roma,país,Italia
Roma,continente,Europa
Roma,instancia de,metrópoli
Roma,instancia de,comuna de Italia
Universidad Estatal de Florida,país,Estados Unidos
Universidad Estatal de Florida,instancia de,escuela
Universidad Estatal de Florida,instancia de,universidad pública
Universidad Estatal de Florida,instancia de,institución educativa pública de los Estados Unidos
Universidad Estatal de Florida,situado en la entidad territorial administrativa,Tallahassee
actor de televisión,instancia de,profesión
actor de televisión,subclase de,actor
actor de televisión,ámbito de la ocupación,actuación para la televisión
actor de televisión,categoría principal del tema,Categoría:Actores de televisión
José María Serra de Castro,Lugar de nacimiento,Santo Domingo
José María Serra de Castro,Ocupación,periodista
José María Serra de Castro,Ciudadanía,República Dominicana
José María Serra de Castro,Fecha de nacimiento,1819-01-01
José María Serra de Castro,Fecha de defunción,1888-01-01
Fernando Ureña Rib,Lugar de nacimiento,La Romana
Fernando Ureña Rib,Ocupación,pintor
Fernando Ureña Rib,Ciudadanía,República Dominicana
Fernando Ureña Rib,Educado en,Universidad Autónoma de Santo Domingo
Fernando Ureña Rib,Fecha de nacimiento,1951-03-21
Fernando Ureña Rib,Fecha de defunción,2013-12-27
Juan de los Santos,Lugar de nacimiento,Santo Domingo
Juan de los Santos,Ocupación,político
Juan de los Santos,Ciudadanía,República Dominicana
Juan de los Santos,Educado en,Universidad de Salamanca
Juan de los Santos,Cargo,alcalde
Juan de los Santos,Fecha de nacimiento,1970-01-31
Juan de los Santos,Fecha de defunción,2015-12-14
Juan de los Santos,Ocupación,empresario
Juan de los Santos,Educado en,Universidad APEC
José Agustín Silvestre de los Santos,Lugar de nacimiento,La Romana
José Agustín Silvestre de los Santos,Ocupación,periodista
José Agustín Silvestre de los Santos,Ciudadanía,República Dominicana
José Agustín Silvestre de los Santos,Fecha de nacimiento,1952-05-05
José Agustín Silvestre de los Santos,Fecha de defunción,2011-08-02
José Miguel Alcantara Almanzar,Lugar de nacimiento,Provincia Santo Domingo
José Miguel Alcantara Almanzar,Ocupación,escritor
José Miguel Alcantara Almanzar,Ciudadanía,República Dominicana
José Miguel Alcantara Almanzar,Premio recibido,Premio Nacional de Literatura de la República Dominicana
José Miguel Alcantara Almanzar,Fecha de nacimiento,1946-05-02
José Miguel Alcantara Almanzar,Ocupación,profesor universitario
José Miguel Alcantara Almanzar,Ocupación,crítico literario
José Miguel Alcantara Almanzar,Premio recibido,Premio Caonabo de Oro
Pedro Franco Badía,Ocupación,político
Pedro Franco Badía,Ciudadanía,República Dominicana
Pedro Franco Badía,Fecha de nacimiento,1935-01-01
Pedro Franco Badía,Fecha de defunción,2016-12-04
Arismendy Alcántara,Lugar de nacimiento,Santo Domingo
Arismendy Alcántara,Ocupación,beisbolista
Arismendy Alcántara,Ciudadanía,República Dominicana
Arismendy Alcántara,Fecha de nacimiento,1991-10-29
Julio Yarn,Ocupación,beisbolista
Julio Yarn,Ciudadanía,República Dominicana
Julio Yarn,Fecha de nacimiento,1965-06-24
José Santana,Lugar de nacimiento,Santo Domingo
José Santana,Ocupación,economista
José Santana,Ciudadanía,República Dominicana
José Santana,Fecha de nacimiento,1962-04-25
Dulce Piña,Lugar de nacimiento,San Juan
Dulce Piña,Ocupación,yudoca
Dulce Piña,Ciudadanía,República Dominicana
Dulce Piña,Fecha de nacimiento,1966-09-12
Wason Brazobán,Lugar de nacimiento,Villa Mella
Wason Brazobán,Ocupación,músico
Wason Brazobán,Ciudadanía,República Dominicana
Wason Brazobán,Fecha de nacimiento,1969-03-04
Black Point,Lugar de nacimiento,Santo Domingo
Black Point,Ocupación,cantante
Black Point,Ciudadanía,República Dominicana
Black Point,Fecha de nacimiento,1989-01-24
Black Point,Ocupación,productor discográfico
Black Point,Ocupación,compositor de canciones
Black Point,Ocupación,rapero
Guillermo Cabrera,Lugar de nacimiento,Santo Domingo
Guillermo Cabrera,Ocupación,nadador
Guillermo Cabrera,Ciudadanía,República Dominicana
Guillermo Cabrera,Fecha de nacimiento,1982-02-28
Julio Dujarric,Ocupación,tirador
Julio Dujarric,Ciudadanía,República Dominicana
Julio Dujarric,Fecha de nacimiento,1977-12-28
Joel Mejia,Lugar de nacimiento,Higüey
Joel Mejia,Ocupación,atleta
Joel Mejia,Ciudadanía,República Dominicana
Joel Mejia,Fecha de nacimiento,1990-08-18
Francisco Lorenzo,Lugar de nacimiento,San Cristóbal
Francisco Lorenzo,Ocupación,boxeador
Francisco Lorenzo,Ciudadanía,República Dominicana
Francisco Lorenzo,Fecha de nacimiento,1971-10-27
Joan Soriano,Ocupación,cantautor
Joan Soriano,Ciudadanía,República Dominicana
Joan Soriano,Fecha de nacimiento,1972-02-23
Amaury Martínez,Lugar de nacimiento,Santo Domingo
Amaury Martínez,Ocupación,voleibolista
Amaury Martínez,Ciudadanía,República Dominicana
Amaury Martínez,Fecha de nacimiento,1973-02-13
Ozell Wells,Lugar de nacimiento,Detroit
Ozell Wells,Ocupación,empresario
Ozell Wells,Ciudadanía,Estados Unidos
Ozell Wells,Educado en,Universidad de Míchigan
Ozell Wells,Fecha de nacimiento,1977-01-04
Ozell Wells,Ocupación,baloncestista
Ozell Wells,Ocupación,entrenador de baloncesto
Ozell Wells,Ciudadanía,República Dominicana
Frank Báez,Lugar de nacimiento,Santo Domingo
Frank Báez,Ocupación,escritor
Frank Báez,Ciudadanía,República Dominicana
Frank Báez,Fecha de nacimiento,1978-01-01
Frank Báez,Ocupación,poeta
Frank Báez,Ocupación,narrador
Universidad de Salamanca,país,España
Universidad de Salamanca,instancia de,universidad pública
Universidad de Salamanca,instancia de,editor de acceso abierto
Universidad de Salamanca,situado en la entidad territorial administrativa,Salamanca
Universidad de Salamanca,ubicación de la sede,Salamanca
alcalde,instancia de,cargo
alcalde,subclase de,autoridad
alcalde,subclase de,órgano
alcalde,subclase de,jefe del Gobierno
alcalde,subclase de,político municipal
Premio Nacional de Literatura de la República Dominicana,país,República Dominicana
Premio Nacional de Literatura de la República Dominicana,instancia de,distinción
Premio Nacional de Literatura de la República Dominicana,subclase de,premio literario
productor discográfico,instancia de,profesión musical
productor discográfico,subclase de,músico
productor discográfico,subclase de,productor
nadador,instancia de,ocupación
nadador,subclase de,deportista
nadador,ámbito de la ocupación,natación
tirador,instancia de,profesión
tirador,subclase de,deportista
tirador,subclase de,tirador
tirador,ámbito de la ocupación,tiro deportivo
tirador,ámbito de la ocupación,Tiro Práctico
Detroit,ubicación de la sede,Detroit
Detroit,jefe de gobierno,Mike Duggan
Detroit,país,Estados Unidos
Detroit,continente,América del Norte
Detroit,instancia de,sede de condado
Universidad de Míchigan,país,Estados Unidos
Universidad de Míchigan,instancia de,institución educativa pública de los Estados Unidos
Universidad de Míchigan,instancia de,universidad pública de investigación
Universidad de Míchigan,fundador,Gabriel Richard
Universidad de Míchigan,situado en la entidad territorial administrativa,Ann Arbor
Gabriel García,Ocupación,luchador
Gabriel García,Ciudadanía,República Dominicana
Gabriel García,Fecha de nacimiento,1990-11-02
Ramón García,Ocupación,luchador
Ramón García,Ciudadanía,República Dominicana
Ramón García,Fecha de nacimiento,1987-11-10
Carolina González,Ocupación,luchador
Carolina González,Ciudadanía,República Dominicana
María González,Ocupación,luchador
María González,Ciudadanía,República Dominicana
María González,Fecha de nacimiento,1996-01-20
José Manuel Muñoz,Ocupación,luchador
José Manuel Muñoz,Ciudadanía,República Dominicana
Manuel Núñez,Ocupación,luchador
Manuel Núñez,Ciudadanía,República Dominicana
Luis Benítez,Ocupación,taekwondista
Luis Benítez,Ciudadanía,República Dominicana
José Ernesto Chapuseaux,Lugar de nacimiento,Santo Domingo
José Ernesto Chapuseaux,Ocupación,compositor
José Ernesto Chapuseaux,Ciudadanía,República Dominicana
José Ernesto Chapuseaux,Fecha de nacimiento,1911-01-01
José Ernesto Chapuseaux,Fecha de defunción,1986-01-01
José Ernesto Chapuseaux,Ocupación,cantante
José Ernesto Chapuseaux,Ocupación,bailarín
José Ernesto Chapuseaux,Ocupación,artista discográfico
Luis Frías Sandoval,Ciudadanía,República Dominicana
Luis Frías Sandoval,Educado en,Universidad Autónoma de Santo Domingo
Luis Frías Sandoval,Fecha de nacimiento,1920-01-01
Luis Frías Sandoval,Fecha de defunción,2006-03-12
Osvaldo Cepeda y Cepeda,Ocupación,militar
Osvaldo Cepeda y Cepeda,Ciudadanía,República Dominicana
Osvaldo Cepeda y Cepeda,Fecha de nacimiento,1938-11-27
Luiyi Lugo,Lugar de nacimiento,Santiago de los Caballeros
Luiyi Lugo,Ocupación,futbolista
Luiyi Lugo,Ciudadanía,República Dominicana
Luiyi Lugo,Fecha de nacimiento,1994-02-21
Luis Montero,Lugar de nacimiento,Santo Domingo
Luis Montero,Ocupación,baloncestista
Luis Montero,Ciudadanía,República Dominicana
Luis Montero,Educado en,South Plains College
Luis Montero,Fecha de nacimiento,1993-04-06
Luis Montero,Educado en,Wilbraham & Monson Academy
Deibinson Romero,Lugar de nacimiento,República Dominicana
Deibinson Romero,Ocupación,beisbolista
Deibinson Romero,Ciudadanía,República Dominicana
Deibinson Romero,Fecha de nacimiento,1986-09-24
Diógenes Céspedes,Lugar de nacimiento,Santo Domingo
Diógenes Céspedes,Ocupación,poeta
Diógenes Céspedes,Ciudadanía,República Dominicana
Diógenes Céspedes,Fecha de nacimiento,1941-05-28
Diógenes Céspedes,Ocupación,periodista
Diógenes Céspedes,Ocupación,crítico literario
Vinicio Castillo Semán,Lugar de nacimiento,San Francisco de Macorís
Vinicio Castillo Semán,Ocupación,abogado
Vinicio Castillo Semán,Ciudadanía,República Dominicana
Vinicio Castillo Semán,Fecha de nacimiento,1963-11-03
Dinardo Rodríguez,Lugar de nacimiento,Monte Cristi
Dinardo Rodríguez,Ocupación,futbolista
Dinardo Rodríguez,Ciudadanía,República Dominicana
Dinardo Rodríguez,Fecha de nacimiento,1968-06-08
Mario Nelson Galán Durán,Lugar de nacimiento,La Vega
Mario Nelson Galán Durán,Ocupación,político
Mario Nelson Galán Durán,Ciudadanía,República Dominicana
Mario Nelson Galán Durán,Fecha de nacimiento,1946-09-21
Mario Nelson Galán Durán,Fecha de defunción,1973-03-22
Gilberto Serulle,Lugar de nacimiento,Provincia de Santiago (República Dominicana)
Gilberto Serulle,Ciudadanía,República Dominicana
Gilberto Serulle,Fecha de nacimiento,1957-10-20
Hilda Coriz,Ocupación,artista
Hilda Coriz,Ciudadanía,República Dominicana
Hilda Coriz,Fecha de nacimiento,1949-01-01
Hilda Coriz,Fecha de defunción,2007-01-01
Marisela Peralta,Ocupación,atleta
Marisela Peralta,Ciudadanía,República Dominicana
Marisela Peralta,Fecha de nacimiento,1955-12-21
artista,instancia de,ocupación
artista,instancia de,profesión artística
artista,subclase de,creador
artista,santo patrón,Fra Angelico
Bélgica Adela Mirabal Reyes,Ocupación,activista
Bélgica Adela Mirabal Reyes,Ciudadanía,República Dominicana
Bélgica Adela Mirabal Reyes,Fecha de nacimiento,1925-03-01
Bélgica Adela Mirabal Reyes,Fecha de defunción,2014-02-01
Marianela Pinales,Lugar de nacimiento,Distrito Nacional
Marianela Pinales,Ocupación,abogado
Marianela Pinales,Ciudadanía,República Dominicana
Marianela Pinales,Fecha de nacimiento,1972-01-09
Marianela Pinales,Ocupación,político
Marianela Pinales,Ocupación,activista
Denise Romero,Ocupación,participante en concursos de belleza
Denise Romero,Ciudadanía,República Dominicana
Rudolf González,Lugar de nacimiento,Hennef
Rudolf González,Ocupación,futbolista
Rudolf González,Ciudadanía,República Dominicana
Rudolf González,Fecha de nacimiento,1998-07-02
Edarlyn Reyes,Lugar de nacimiento,Hermanas Mirabal
Edarlyn Reyes,Ocupación,futbolista
Edarlyn Reyes,Ciudadanía,República Dominicana
Edarlyn Reyes,Fecha de nacimiento,1997-09-30
Winder Mendoza,Lugar de nacimiento,Parroquia Altagracia
Winder Mendoza,Ocupación,futbolista
Winder Mendoza,Ciudadanía,Venezuela
Winder Mendoza,Fecha de nacimiento,1984-12-09
Winder Mendoza,Ciudadanía,República Dominicana
Josh García,Lugar de nacimiento,Massachusetts
Josh García,Ocupación,futbolista
Josh García,Ciudadanía,Estados Unidos
Josh García,Educado en,Friends University
Josh García,Fecha de nacimiento,1993-07-28
Josh García,Ciudadanía,República Dominicana
Dorny Romero,Lugar de nacimiento,El Seibo
Dorny Romero,Ocupación,futbolista
Dorny Romero,Ciudadanía,República Dominicana
Dorny Romero,Fecha de nacimiento,1998-01-24
José Defran,Lugar de nacimiento,La Vega
José Defran,Ocupación,luchador
José Defran,Ciudadanía,República Dominicana
José Defran,Fecha de nacimiento,1938-01-01
Onésimo Rufino,Lugar de nacimiento,Santiago de los Caballeros
Onésimo Rufino,Ocupación,luchador
Onésimo Rufino,Ciudadanía,República Dominicana
Onésimo Rufino,Fecha de nacimiento,1947-01-01
Aletxa Mueses,Ocupación,participante en concursos de belleza
Aletxa Mueses,Ciudadanía,República Dominicana
Sofinel Báez,Ocupación,participante en concursos de belleza
Sofinel Báez,Ciudadanía,República Dominicana
Manny Correa,Lugar de nacimiento,San Cristóbal
Manny Correa,Ocupación,beisbolista
Manny Correa,Ciudadanía,República Dominicana
Manny Correa,Fecha de nacimiento,1989-01-05
Juan Familia Castillo,Lugar de nacimiento,Ámsterdam
Juan Familia Castillo,Ocupación,futbolista
Juan Familia Castillo,Ciudadanía,República Dominicana
Juan Familia Castillo,Fecha de nacimiento,2000-01-13
Juan Familia Castillo,Ciudadanía,Reino de los Países Bajos
Mary Pérez de Marranzini,Lugar de nacimiento,Santo Domingo
Mary Pérez de Marranzini,Ocupación,filántropo
Mary Pérez de Marranzini,Ciudadanía,República Dominicana
Mary Pérez de Marranzini,Fecha de nacimiento,1926-09-20
Mary Pérez de Marranzini,Fecha de defunción,2025-05-08
Francia Josefina Miniño,Lugar de nacimiento,Santo Domingo
Francia Josefina Miniño,Ocupación,bailarín de ballet
Francia Josefina Miniño,Ciudadanía,República Dominicana
Francia Josefina Miniño,Fecha de nacimiento,1940-06-04
Yvelisse Prats Ramírez,Lugar de nacimiento,Santo Domingo
Yvelisse Prats Ramírez,Ocupación,funcionario
Yvelisse Prats Ramírez,Ciudadanía,República Dominicana
Yvelisse Prats Ramírez,Fecha de nacimiento,1931-07-23
Yvelisse Prats Ramírez,Fecha de defunción,2020-10-11
Manuela Díez Jiménez,Lugar de nacimiento,El Seibo
Manuela Díez Jiménez,Ocupación,activista
Manuela Díez Jiménez,Ciudadanía,República Dominicana
Manuela Díez Jiménez,Miembro de,La Trinitaria
Manuela Díez Jiménez,Fecha de nacimiento,1786-06-26
Manuela Díez Jiménez,Fecha de defunción,1858-12-31
Aniana Vargas,Ocupación,político
Aniana Vargas,Ciudadanía,República Dominicana
Aniana Vargas,Fecha de nacimiento,1930-03-13
Aniana Vargas,Fecha de defunción,2002-12-16
Tanya Valette,Ocupación,director de cine
Tanya Valette,Ciudadanía,República Dominicana
Tanya Valette,Fecha de nacimiento,1962-01-01
activista,instancia de,ocupación
activista,instancia de,actitud ética
activista,subclase de,persona
activista,ámbito de la ocupación,activismo
activista,ámbito de la ocupación,incidencia política
Distrito Nacional,país,República Dominicana
Distrito Nacional,instancia de,división administrativa de primer nivel
Distrito Nacional,instancia de,entidad territorial administrativa de la República Dominicana
Distrito Nacional,capital,Santo Domingo
Distrito Nacional,comparte fronteras con,Provincia Santo Domingo
Hennef,país,Alemania
Hennef,instancia de,municipio urbano de Alemania
Hennef,situado en la entidad territorial administrativa,Rhein-Sieg-Kreis
Parroquia Altagracia,país,Venezuela
Parroquia Altagracia,instancia de,parroquia civil de Venezuela
Parroquia Altagracia,situado en la entidad territorial administrativa,Municipio Libertador de Caracas
Parroquia Altagracia,ubicación,Caracas
Parroquia Altagracia,diferente de,Parroquia Altagracia
Massachusetts,jefe de gobierno,Maura Healey
Massachusetts,país,Estados Unidos
Massachusetts,continente,América del Norte
Massachusetts,instancia de,Estado de los Estados Unidos
Massachusetts,capital,Boston
Ámsterdam,jefe de gobierno,Femke Halsema
Ámsterdam,país,Países Bajos
Ámsterdam,continente,Europa
Ámsterdam,instancia de,ciudad
Ámsterdam,instancia de,ciudad de ciclismo
filántropo,instancia de,ocupación
filántropo,subclase de,benefactor
filántropo,ámbito de la ocupación,filantropía
filántropo,categoría principal del tema,Categoría:Filántropos
filántropo,descrito en la fuente,Diccionario Enciclopédico Granat
bailarín de ballet,instancia de,profesión
bailarín de ballet,género,ballet
bailarín de ballet,subclase de,bailarín
bailarín de ballet,ámbito de la ocupación,ballet
bailarín de ballet,categoría principal del tema,Categoría:Bailarines de ballet
La Trinitaria,país,República Dominicana
La Trinitaria,instancia de,sociedad secreta
La Trinitaria,nombrado en referencia a,Santísima Trinidad
director de cine,instancia de,profesión
director de cine,instancia de,profesión del cine
director de cine,subclase de,artista visual
director de cine,subclase de,profesional del cine
director de cine,subclase de,realizador
Audris Joel Pérez,Lugar de nacimiento,Sabana Grande de Palenque
Audris Joel Pérez,Ocupación,beisbolista
Audris Joel Pérez,Ciudadanía,República Dominicana
Audris Joel Pérez,Fecha de nacimiento,1988-12-23
Tania Medina,Lugar de nacimiento,La Romana
Tania Medina,Ocupación,escritor
Tania Medina,Ciudadanía,República Dominicana
Tania Medina,Fecha de nacimiento,1982-04-12
Tania Medina,Ocupación,cirujano
Tania Medina,Ocupación,modelo
Tania Medina,Ocupación,participante en concursos de belleza
María Alejandra Guzmán,Lugar de nacimiento,Santo Domingo
María Alejandra Guzmán,Ocupación,presentador de televisión
María Alejandra Guzmán,Ciudadanía,República Dominicana
María Alejandra Guzmán,Fecha de nacimiento,1984-10-04
María Alejandra Guzmán,Ocupación,personalidad de radio
María Alejandra Guzmán,Ocupación,modelo
Jonathan Rosario,Lugar de nacimiento,Moca
Jonathan Rosario,Ocupación,futbolista
Jonathan Rosario,Ciudadanía,República Dominicana
Jonathan Rosario,Fecha de nacimiento,1984-05-10
Mónica Núñez,Lugar de nacimiento,Santo Domingo
Mónica Núñez,Ocupación,boxeador
Mónica Núñez,Ciudadanía,República Dominicana
Mónica Núñez,Fecha de nacimiento,1984-10-12
Iris Santos,Lugar de nacimiento,Santo Domingo
Iris Santos,Ocupación,voleibolista
Iris Santos,Ciudadanía,República Dominicana
Iris Santos,Fecha de nacimiento,1984-01-29
Chino Sing,Ocupación,cantante
Chino Sing,Ciudadanía,República Dominicana
Chino Sing,Fecha de nacimiento,1985-03-19
Chino Sing,Ocupación,compositor de canciones
Claudio Marrero,Lugar de nacimiento,Santo Domingo
Claudio Marrero,Ocupación,boxeador
Claudio Marrero,Ciudadanía,República Dominicana
Claudio Marrero,Fecha de nacimiento,1989-03-06
Rafely Rosario,Ocupación,cantante
Rafely Rosario,Ciudadanía,República Dominicana
Rafely Rosario,Fecha de nacimiento,1986-09-08
Johenny Valdez,Lugar de nacimiento,República Dominicana
Johenny Valdez,Ocupación,tenista de mesa
Johenny Valdez,Ciudadanía,República Dominicana
Johenny Valdez,Fecha de nacimiento,1986-12-12
Santo Manzanillo,Lugar de nacimiento,La Victoria
Santo Manzanillo,Ocupación,beisbolista
Santo Manzanillo,Ciudadanía,República Dominicana
Santo Manzanillo,Fecha de nacimiento,1988-12-20
Akari Endo,Lugar de nacimiento,República Dominicana
Akari Endo,Ocupación,actor
Akari Endo,Ciudadanía,República Dominicana
Akari Endo,Fecha de nacimiento,1989-11-08
Pedro Antonio Núñez,Lugar de nacimiento,Santo Domingo
Pedro Antonio Núñez,Ocupación,futbolista
Pedro Antonio Núñez,Ciudadanía,República Dominicana
Pedro Antonio Núñez,Fecha de nacimiento,1989-09-05
Rafael Flores,Lugar de nacimiento,Salcedo
Rafael Flores,Ocupación,futbolista
Rafael Flores,Ciudadanía,República Dominicana
Rafael Flores,Fecha de nacimiento,1991-04-24
Gregory Polanco,Lugar de nacimiento,Santo Domingo
Gregory Polanco,Ocupación,beisbolista
Gregory Polanco,Ciudadanía,República Dominicana
Gregory Polanco,Fecha de nacimiento,1991-09-14
Cris Urena,Lugar de nacimiento,República Dominicana
Cris Urena,Ocupación,modelo
Cris Urena,Ciudadanía,República Dominicana
Cris Urena,Fecha de nacimiento,1991-09-04
Maikel Franco,Lugar de nacimiento,Municipio de Azua
Maikel Franco,Ocupación,beisbolista
Maikel Franco,Ciudadanía,República Dominicana
Maikel Franco,Fecha de nacimiento,1992-08-26
Luis Natera,Lugar de nacimiento,San Pedro de Macorís
Luis Natera,Ocupación,beisbolista
Luis Natera,Ciudadanía,República Dominicana
Luis Natera,Fecha de nacimiento,1966-03-22
Cecilia García,Lugar de nacimiento,Santo Domingo
Cecilia García,Ocupación,actor
Cecilia García,Ciudadanía,República Dominicana
Cecilia García,Fecha de nacimiento,1951-11-22
Cecilia García,Ocupación,cantante
Petronila Gau,Ciudadanía,República Dominicana
Petronila Gau,Fecha de nacimiento,1801-01-01
Petronila Gau,Fecha de defunción,1899-01-01
cirujano,instancia de,grado académico
cirujano,instancia de,especialidad
cirujano,instancia de,cargo
cirujano,instancia de,disciplina académica
cirujano,instancia de,profesión medicina
presentador de televisión,instancia de,cargo
presentador de televisión,instancia de,ocupación mediática
presentador de televisión,subclase de,actor
presentador de televisión,subclase de,celebridad
presentador de televisión,subclase de,presentador
personalidad de radio,instancia de,profesión
personalidad de radio,instancia de,ocupación mediática
personalidad de radio,subclase de,locutor
personalidad de radio,subclase de,personalidad mediática
Jordan Bismarck Pichardo Jimenez,Ocupación,baloncestista
Jordan Bismarck Pichardo Jimenez,Ciudadanía,República Dominicana
Jordan Bismarck Pichardo Jimenez,Fecha de nacimiento,1998-06-21
Leonardo Winterdal,Ocupación,baloncestista
Leonardo Winterdal,Ciudadanía,República Dominicana
Leonardo Winterdal,Fecha de nacimiento,2000-06-13
Leonardo Winterdal,Ciudadanía,Reino de los Países Bajos
Juan Guerrero,Ocupación,baloncestista
Juan Guerrero,Ciudadanía,República Dominicana
Juan Guerrero,Fecha de nacimiento,1993-07-08
Yasson Samuel Nunez Batista,Ocupación,baloncestista
Yasson Samuel Nunez Batista,Ciudadanía,República Dominicana
Yasson Samuel Nunez Batista,Fecha de nacimiento,2000-03-03
John Michael Vargas Baez,Ocupación,baloncestista
John Michael Vargas Baez,Ciudadanía,República Dominicana
John Michael Vargas Baez,Fecha de nacimiento,1999-03-28
Samuel Jose Hurtado,Ocupación,baloncestista
Samuel Jose Hurtado,Ciudadanía,República Dominicana
Samuel Jose Hurtado,Fecha de nacimiento,1998-05-03
Ricardo Rothensteiner Martinez,Ocupación,baloncestista
Ricardo Rothensteiner Martinez,Ciudadanía,República Dominicana
Ricardo Rothensteiner Martinez,Fecha de nacimiento,1999-09-11
Alfred Rothensteiner Martinez,Ocupación,baloncestista
Alfred Rothensteiner Martinez,Ciudadanía,República Dominicana
Alfred Rothensteiner Martinez,Fecha de nacimiento,1998-01-27
Anfernee Polanco,Ocupación,baloncestista
Anfernee Polanco,Ciudadanía,República Dominicana
Anfernee Polanco,Fecha de nacimiento,1998-04-22
Ismael Luis Valdez,Ocupación,baloncestista
Ismael Luis Valdez,Ciudadanía,Estados Unidos
Ismael Luis Valdez,Fecha de nacimiento,1999-02-21
Ismael Luis Valdez,Ciudadanía,República Dominicana
Ismael Waldron,Ocupación,baloncestista
Ismael Waldron,Ciudadanía,Estados Unidos
Ismael Waldron,Fecha de nacimiento,1998-10-01
Ismael Waldron,Ciudadanía,República Dominicana
Erick Franklin Valdez Duran,Ocupación,baloncestista
Erick Franklin Valdez Duran,Ciudadanía,República Dominicana
Erick Franklin Valdez Duran,Fecha de nacimiento,1999-01-15
Luis Manuel Herrera,Ocupación,baloncestista
Luis Manuel Herrera,Ciudadanía,República Dominicana
Luis Manuel Herrera,Fecha de nacimiento,1999-11-08
Lisandro Jose Berroa Paris,Ocupación,baloncestista
Lisandro Jose Berroa Paris,Ciudadanía,República Dominicana
Lisandro Jose Berroa Paris,Fecha de nacimiento,1999-05-31
Angel Manuel Perdomo Valdez,Ocupación,baloncestista
Angel Manuel Perdomo Valdez,Ciudadanía,República Dominicana
Angel Manuel Perdomo Valdez,Fecha de nacimiento,1999-04-26
Adonis De Jesus Nunez Garcia,Ocupación,baloncestista
Adonis De Jesus Nunez Garcia,Ciudadanía,República Dominicana
Adonis De Jesus Nunez Garcia,Fecha de nacimiento,1996-06-20
Rafael Castillo,Ocupación,baloncestista
Rafael Castillo,Ciudadanía,República Dominicana
Rafael Castillo,Fecha de nacimiento,1998-05-12
Gisell Argelis Peguero,Ocupación,baloncestista
Gisell Argelis Peguero,Ciudadanía,República Dominicana
Gisell Argelis Peguero,Fecha de nacimiento,1992-04-14
Maria Marte,Ocupación,baloncestista
Maria Marte,Ciudadanía,República Dominicana
Maria Marte,Fecha de nacimiento,1990-08-28
Yaneiry Holguin Ramirez,Ocupación,baloncestista
Yaneiry Holguin Ramirez,Ciudadanía,República Dominicana
Yaneiry Holguin Ramirez,Fecha de nacimiento,1996-04-29
Margarita Cordero,Lugar de nacimiento,Santo Domingo
Margarita Cordero,Ocupación,periodista
Margarita Cordero,Ciudadanía,República Dominicana
Margarita Cordero,Educado en,Universidad Autónoma de Santo Domingo
Margarita Cordero,Premio recibido,Premio Nacional de Periodismo
Margarita Cordero,Fecha de nacimiento,1946-06-03
Hilda Gautreaux,Lugar de nacimiento,El Seibo
Hilda Gautreaux,Ocupación,abogado
Hilda Gautreaux,Ciudadanía,República Dominicana
Hilda Gautreaux,Educado en,Universidad Autónoma de Santo Domingo
Hilda Gautreaux,Fecha de nacimiento,1932-01-01
Hilda Gautreaux,Fecha de defunción,1968-01-01
Belkiss Adrover Feliz de Cibrán,Ocupación,escultor
Belkiss Adrover Feliz de Cibrán,Ciudadanía,República Dominicana
Belkiss Adrover Feliz de Cibrán,Fecha de nacimiento,1918-01-01
Belkiss Adrover Feliz de Cibrán,Fecha de defunción,1995-01-01
Janet Altagracia Camilo Hernández,Lugar de nacimiento,Salcedo
Janet Altagracia Camilo Hernández,Ocupación,abogado
Janet Altagracia Camilo Hernández,Ciudadanía,República Dominicana
Janet Altagracia Camilo Hernández,Educado en,Universidad Autónoma de Santo Domingo
Janet Altagracia Camilo Hernández,Fecha de nacimiento,1971-10-29
Circe Almánzar Melgen,Ocupación,abogado
Circe Almánzar Melgen,Ciudadanía,República Dominicana
Germana Quintana,Lugar de nacimiento,Santo Domingo
Germana Quintana,Ocupación,artista
Germana Quintana,Ciudadanía,República Dominicana
Germana Quintana,Fecha de nacimiento,1940-01-01
Gloria Roely Reyes Gómez,Ocupación,político
Gloria Roely Reyes Gómez,Ciudadanía,República Dominicana
Livia Veloz,Ocupación,poeta
Livia Veloz,Ciudadanía,República Dominicana
Livia Veloz,Fecha de nacimiento,1889-01-01
Livia Veloz,Fecha de defunción,1980-01-01
Alba María Reyes Vizcaíno,Ocupación,activista
Alba María Reyes Vizcaíno,Ciudadanía,República Dominicana
Hilda Caridad Cámpora Bello,Lugar de nacimiento,Santo Domingo
Hilda Caridad Cámpora Bello,Ocupación,director de orquesta
Hilda Caridad Cámpora Bello,Ciudadanía,República Dominicana
Hilda Caridad Cámpora Bello,Fecha de nacimiento,1914-01-01
Hilda Caridad Cámpora Bello,Fecha de defunción,1998-04-24
Hilda Caridad Cámpora Bello,Ocupación,pianista
Josefina Padilla,Lugar de nacimiento,Santiago de los Caballeros
Josefina Padilla,Ocupación,médico
Josefina Padilla,Ciudadanía,República Dominicana
Josefina Padilla,Fecha de nacimiento,1924-10-29
Josefina Padilla,Fecha de defunción,2022-11-13
Ana Valverde,Lugar de nacimiento,Santiago de los Caballeros
Ana Valverde,Ocupación,activista
Ana Valverde,Ciudadanía,República Dominicana
Ana Valverde,Fecha de nacimiento,1798-01-01
Ana Valverde,Fecha de defunción,1864-11-20
Sergia Galván,Lugar de nacimiento,Hato Mayor
Sergia Galván,Ocupación,político
Sergia Galván,Ciudadanía,República Dominicana
Sergia Galván,Fecha de nacimiento,1955-01-01
Sergia Galván,Ocupación,activista por los derechos humanos
Maffio,Lugar de nacimiento,Santo Domingo
Maffio,Ocupación,músico
Maffio,Ciudadanía,República Dominicana
Maffio,Fecha de nacimiento,1986-01-24
José Armando Castillo,Lugar de nacimiento,Villa González
José Armando Castillo,Ocupación,beisbolista
José Armando Castillo,Ciudadanía,República Dominicana
José Armando Castillo,Fecha de nacimiento,1950-04-02
Ana Rosa García,Ocupación,yudoca
Ana Rosa García,Ciudadanía,República Dominicana
Ana Rosa García,Fecha de nacimiento,1997-12-02
Maria Tapia,Ciudadanía,República Dominicana
Maria Tapia,Fecha de nacimiento,2010-04-08
Teresa Tapia,Ciudadanía,República Dominicana
Teresa Tapia,Fecha de nacimiento,2010-04-08
Bryan Brack,Lugar de nacimiento,Duarte
Bryan Brack,Ocupación,disc-jockey
Bryan Brack,Ciudadanía,República Dominicana
Bryan Brack,Fecha de nacimiento,1990-01-01
Eustacia Cortorreal,Ocupación,politólogo
Eustacia Cortorreal,Ciudadanía,Suiza
Eustacia Cortorreal,Educado en,Pontificia Universidad Gregoriana
Eustacia Cortorreal,Cargo,concejal
Eustacia Cortorreal,Fecha de nacimiento,1939-05-10
Eustacia Cortorreal,Ciudadanía,República Dominicana
Eustacia Cortorreal,Educado en,Universidad de Ginebra
Eustacia Cortorreal,Educado en,Universidad Autónoma de Santo Domingo
Eustacia Cortorreal,Educado en,Universidad Internacional Libre de Guido Carli
Premio Nacional de Periodismo,instancia de,página de desambiguación de Wikimedia
escultor,instancia de,profesión artística
escultor,subclase de,artesano
escultor,subclase de,artista visual
escultor,subclase de,artista plástico
escultor,ámbito de la ocupación,escultura
médico,lista de interés para el proyecto Wikimedia,Wikipedia:Lista de artículos que toda Wikipedia debería tener/Expandida
Villa González,país,República Dominicana
Villa González,instancia de,municipio de la República Dominicana
Villa González,situado en la entidad territorial administrativa,Provincia de Santiago (República Dominicana)
politólogo,instancia de,profesión
politólogo,subclase de,científico social
politólogo,ámbito de la ocupación,ciencia política
politólogo,ámbito de la ocupación,análisis político
concejal,instancia de,cargo público
concejal,instancia de,cargo
concejal,instancia de,ocupación
concejal,instancia de,cargo elegido
concejal,subclase de,asesor
Ashley Virginia Rojas Pena,Ocupación,baloncestista
Ashley Virginia Rojas Pena,Ciudadanía,República Dominicana
Ashley Virginia Rojas Pena,Fecha de nacimiento,2001-12-23
Nelsy Maria Sentil Almonte,Ocupación,baloncestista
Nelsy Maria Sentil Almonte,Ciudadanía,República Dominicana
Nelsy Maria Sentil Almonte,Fecha de nacimiento,1999-05-06
Linda Yafreisy Brea De Peña,Ocupación,baloncestista
Linda Yafreisy Brea De Peña,Ciudadanía,República Dominicana
Linda Yafreisy Brea De Peña,Fecha de nacimiento,1999-08-04
Lisbeth Alejandra Mendoza Montas,Ocupación,baloncestista
Lisbeth Alejandra Mendoza Montas,Ciudadanía,República Dominicana
Lisbeth Alejandra Mendoza Montas,Fecha de nacimiento,1999-03-05
Chelsy Santana,Ocupación,baloncestista
Chelsy Santana,Ciudadanía,República Dominicana
Chelsy Santana,Fecha de nacimiento,2002-01-30
Chadelyn Espinal,Ocupación,baloncestista
Chadelyn Espinal,Ciudadanía,República Dominicana
Chadelyn Espinal,Fecha de nacimiento,1999-02-04
Angela Maria Asencio,Ocupación,baloncestista
Angela Maria Asencio,Ciudadanía,República Dominicana
Angela Maria Asencio,Fecha de nacimiento,1999-09-21
Yadiri Maria Mota Diaz,Ocupación,baloncestista
Yadiri Maria Mota Diaz,Ciudadanía,República Dominicana
Yadiri Maria Mota Diaz,Fecha de nacimiento,1996-11-06
Lismier Rodriguez Caraballo,Ocupación,baloncestista
Lismier Rodriguez Caraballo,Ciudadanía,República Dominicana
Lismier Rodriguez Caraballo,Fecha de nacimiento,1996-08-18
Willy Ramon Batista,Ocupación,baloncestista
Willy Ramon Batista,Ciudadanía,República Dominicana
Willy Ramon Batista,Fecha de nacimiento,1997-02-08
Victor Manuel Pena Ferriol,Ocupación,baloncestista
Victor Manuel Pena Ferriol,Ciudadanía,Estados Unidos
Victor Manuel Pena Ferriol,Fecha de nacimiento,1998-02-27
Victor Manuel Pena Ferriol,Ciudadanía,República Dominicana
Elvin Valera Evangelista,Ocupación,baloncestista
Elvin Valera Evangelista,Ciudadanía,República Dominicana
Elvin Valera Evangelista,Fecha de nacimiento,1996-12-12
Daniel Salvador Vitiello Alba,Ocupación,baloncestista
Daniel Salvador Vitiello Alba,Ciudadanía,República Dominicana
Daniel Salvador Vitiello Alba,Fecha de nacimiento,1998-09-17
Oliver Jose Francisco Garcia,Ocupación,baloncestista
Oliver Jose Francisco Garcia,Ciudadanía,República Dominicana
Oliver Jose Francisco Garcia,Fecha de nacimiento,1996-03-19
Stefani Mateo Mejia,Ocupación,baloncestista
Stefani Mateo Mejia,Ciudadanía,República Dominicana
Stefani Mateo Mejia,Fecha de nacimiento,1997-09-08
Perla Lucia Herrera Carcaño,Ocupación,baloncestista
Perla Lucia Herrera Carcaño,Ciudadanía,República Dominicana
Perla Lucia Herrera Carcaño,Fecha de nacimiento,1996-12-02
Nayely Adelaida Morillo Feliz,Ocupación,baloncestista
Nayely Adelaida Morillo Feliz,Ciudadanía,República Dominicana
Nayely Adelaida Morillo Feliz,Fecha de nacimiento,1998-11-21
Karla Caraballo Senice,Ocupación,baloncestista
Karla Caraballo Senice,Ciudadanía,República Dominicana
Karla Caraballo Senice,Fecha de nacimiento,1997-10-29
Flor Jones,Ocupación,baloncestista
Flor Jones,Ciudadanía,República Dominicana
Flor Jones,Fecha de nacimiento,1998-05-05
Risel Altagracia Rodriguez Disla,Ocupación,baloncestista
Risel Altagracia Rodriguez Disla,Ciudadanía,República Dominicana
Risel Altagracia Rodriguez Disla,Fecha de nacimiento,1996-12-10
Mía Taveras,Lugar de nacimiento,Santiago de los Caballeros
Mía Taveras,Ocupación,actor
Mía Taveras,Ciudadanía,República Dominicana
Mía Taveras,Fecha de nacimiento,1986-07-04
Mía Taveras,Ocupación,modelo
Mía Taveras,Ocupación,participante en concursos de belleza
Mélido Pérez,Lugar de nacimiento,San Cristóbal
Mélido Pérez,Ocupación,político
Mélido Pérez,Ciudadanía,República Dominicana
Mélido Pérez,Fecha de nacimiento,1966-02-15
Mélido Pérez,Ocupación,beisbolista
Urpirio Onneliber Moreno Calvajal,Lugar de nacimiento,Yaguate
Urpirio Onneliber Moreno Calvajal,Ocupación,empresario
Urpirio Onneliber Moreno Calvajal,Ciudadanía,República Dominicana
Urpirio Onneliber Moreno Calvajal,Educado en,Universidad Autónoma de Santo Domingo
Urpirio Onneliber Moreno Calvajal,Cargo,director
Urpirio Onneliber Moreno Calvajal,Fecha de nacimiento,1974-01-01
Urpirio Onneliber Moreno Calvajal,Ocupación,ingeniero
Urpirio Onneliber Moreno Calvajal,Ocupación,político
Urpirio Onneliber Moreno Calvajal,Fecha de nacimiento,1974-05-17
Urpirio Onneliber Moreno Calvajal,Educado en,Instituto Politécnico Loyola
Urpirio Onneliber Moreno Calvajal,Educado en,Universidad Domínico-Americana
George Soriano,Ocupación,beisbolista
George Soriano,Ciudadanía,República Dominicana
George Soriano,Fecha de nacimiento,1999-03-24
José Delio Ares García,Lugar de nacimiento,Santo Domingo
José Delio Ares García,Ocupación,editor de cine
José Delio Ares García,Ciudadanía,República Dominicana
José Delio Ares García,Fecha de nacimiento,1980-01-15
Enmanuel Valdez,Lugar de nacimiento,San Juan
Enmanuel Valdez,Ocupación,beisbolista
Enmanuel Valdez,Ciudadanía,República Dominicana
Enmanuel Valdez,Fecha de nacimiento,1998-12-28
Yasser Michelén,Ocupación,director de cine
Yasser Michelén,Ciudadanía,República Dominicana
Yasser Michelén,Ocupación,actor de cine
Monina Solá,Lugar de nacimiento,Santo Domingo
Monina Solá,Ocupación,actor
Monina Solá,Ciudadanía,República Dominicana
Monina Solá,Fecha de nacimiento,1933-05-23
Monina Solá,Fecha de defunción,2023-04-29
Monina Solá,Ocupación,actor de teatro
Oliver Schmidhauser,Lugar de nacimiento,San Galo
Oliver Schmidhauser,Ocupación,futbolista
Oliver Schmidhauser,Ciudadanía,Suiza
Oliver Schmidhauser,Fecha de nacimiento,2004-06-02
Oliver Schmidhauser,Ciudadanía,República Dominicana
Cuquito Peña,Lugar de nacimiento,Santiago de los Caballeros
Cuquito Peña,Ocupación,pintor
Cuquito Peña,Ciudadanía,República Dominicana
Cuquito Peña,Fecha de nacimiento,1946-01-01
Cuquito Peña,Fecha de defunción,2013-06-18
Michael Sambataro,Lugar de nacimiento,Argentina
Michael Sambataro,Ocupación,futbolista
Michael Sambataro,Ciudadanía,Argentina
Michael Sambataro,Fecha de nacimiento,2002-12-04
Michael Sambataro,Ciudadanía,República Dominicana
Thomas Jungbauer,Lugar de nacimiento,Jarabacoa
Thomas Jungbauer,Ocupación,futbolista
Thomas Jungbauer,Ciudadanía,Austria
Thomas Jungbauer,Fecha de nacimiento,2005-07-30
Thomas Jungbauer,Ciudadanía,República Dominicana
Enrique Bösl,Lugar de nacimiento,Kösching
Enrique Bösl,Ocupación,futbolista
Enrique Bösl,Ciudadanía,Alemania
Enrique Bösl,Fecha de nacimiento,2004-02-07
Enrique Bösl,Ciudadanía,República Dominicana
Junior Caminero,Lugar de nacimiento,Santo Domingo
Junior Caminero,Ocupación,beisbolista profesional
Junior Caminero,Ciudadanía,República Dominicana
Junior Caminero,Fecha de nacimiento,2003-07-05
Jonatan Clase,Lugar de nacimiento,Santo Domingo
Jonatan Clase,Ocupación,beisbolista profesional
Jonatan Clase,Ciudadanía,República Dominicana
Jonatan Clase,Fecha de nacimiento,2002-05-23
Ángel Martínez,Lugar de nacimiento,Santo Domingo
Ángel Martínez,Ocupación,beisbolista
Ángel Martínez,Ciudadanía,República Dominicana
Ángel Martínez,Fecha de nacimiento,2002-01-27
Basilio Belliard,Lugar de nacimiento,Moca
Basilio Belliard,Ocupación,poeta
Basilio Belliard,Ciudadanía,República Dominicana
Basilio Belliard,Fecha de nacimiento,1966-05-20
Basilio Belliard,Ocupación,crítico literario
Basilio Belliard,Ocupación,ensayista
Bryan More,Lugar de nacimiento,Ciudad de Panamá
Bryan More,Ocupación,futbolista
Bryan More,Ciudadanía,República Dominicana
Bryan More,Fecha de nacimiento,2003-05-29
Bryan More,Ciudadanía,Panamá
Julio Pou,Lugar de nacimiento,Santo Domingo
Julio Pou,Ocupación,fotógrafo
Julio Pou,Ciudadanía,República Dominicana
Julio Pou,Fecha de nacimiento,1862-04-12
Julio Pou,Fecha de defunción,1940-01-01
Julio Pou,Ocupación,pintor
José Joaquín Bidó Medina,Lugar de nacimiento,Santa Cruz de Barahona
José Joaquín Bidó Medina,Ocupación,abogado
José Joaquín Bidó Medina,Ciudadanía,República Dominicana
José Joaquín Bidó Medina,Empleador,Universidad Autónoma de Santo Domingo
José Joaquín Bidó Medina,Miembro de,Partido de la Liberación Dominicana
José Joaquín Bidó Medina,Fecha de nacimiento,1932-11-09
José Joaquín Bidó Medina,Fecha de defunción,2023-05-28
José Joaquín Bidó Medina,Ocupación,político
José Joaquín Bidó Medina,Ocupación,académico
director,instancia de,profesión
director,instancia de,función
director,instancia de,cargo
director,instancia de,ocupación
editor de cine,instancia de,profesión
editor de cine,instancia de,profesión del cine
editor de cine,subclase de,cineasta
editor de cine,subclase de,realizador
editor de cine,subclase de,miembro del equipo de filmación
actor de cine,instancia de,profesión del cine
actor de cine,subclase de,actor
actor de cine,categoría principal del tema,Categoría:Actores de cine
actor de cine,diferente de,actor de televisión
San Galo,jefe de gobierno,Maria Pappa
San Galo,país,Suiza
San Galo,instancia de,gemeinde de Suiza
San Galo,instancia de,ciudad universitaria
San Galo,instancia de,capital cantonal de Suiza
Argentina,se encuentra en el huso horario,Hora oficial argentina
Argentina,miembro de,Organización de las Naciones Unidas
Argentina,miembro de,Unión de Naciones Suramericanas
Argentina,miembro de,Mercosur
Argentina,miembro de,UNESCO
Austria,forma parte de,Unión Europea
Austria,forma parte de,Espacio Económico Europeo
Austria,forma parte de,Europa Central
Austria,se encuentra en el huso horario,UTC+01:00
Austria,miembro de,Unión Europea
Kösching,país,Alemania
Kösching,instancia de,markt de Alemania
Kösching,instancia de,municipio sin derechos de ciudad en Alemania
Kösching,comparte fronteras con,Oberdolling
crítico literario,instancia de,profesión
crítico literario,subclase de,crítico
crítico literario,subclase de,recensor
crítico literario,subclase de,especialista en literatura
crítico literario,subclase de,periodista cultural
Ciudad de Panamá,jefe de gobierno,Mayer Mizrachi
Ciudad de Panamá,país,Panamá
Ciudad de Panamá,instancia de,ciudad
Ciudad de Panamá,instancia de,gran ciudad
Ciudad de Panamá,instancia de,área metropolitana
Panamá,forma parte de,América Latina
Panamá,forma parte de,América Central
Panamá,forma parte de,América Central continental
Panamá,forma parte de,Anexo:Paraísos fiscales según la Unión Europea
Panamá,se encuentra en el huso horario,UTC-05:00
fotógrafo,instancia de,ocupación
fotógrafo,instancia de,agente
fotógrafo,subclase de,artista visual
fotógrafo,santo patrón,Verónica
Partido de la Liberación Dominicana,país,República Dominicana
Partido de la Liberación Dominicana,instancia de,partido político
Partido de la Liberación Dominicana,fundador,Abinader
Partido de la Liberación Dominicana,ubicación de la sede,Santo Domingo
Partido de la Liberación Dominicana,miembro de,Conferencia Permanente de Partidos Políticos de América Latina
Rosa Alexandra Ysabel Mejia,Ocupación,baloncestista
Rosa Alexandra Ysabel Mejia,Ciudadanía,República Dominicana
Rosa Alexandra Ysabel Mejia,Fecha de nacimiento,1994-01-12
Wilvis Yomar Cordero Thomas,Ocupación,baloncestista
Wilvis Yomar Cordero Thomas,Ciudadanía,República Dominicana
Wilvis Yomar Cordero Thomas,Fecha de nacimiento,1992-05-22
Luis Arturo Duluc Trinidad,Ocupación,baloncestista
Luis Arturo Duluc Trinidad,Ciudadanía,República Dominicana
Luis Arturo Duluc Trinidad,Fecha de nacimiento,1992-01-17
Jose Acosta Hernandez,Ocupación,baloncestista
Jose Acosta Hernandez,Ciudadanía,República Dominicana
Jose Acosta Hernandez,Fecha de nacimiento,1992-06-17
Anyelo David De la Rosa,Ocupación,baloncestista
Anyelo David De la Rosa,Ciudadanía,República Dominicana
Anyelo David De la Rosa,Fecha de nacimiento,1992-11-29
Bemil Antonio Faulkner Fernandez,Ocupación,baloncestista
Bemil Antonio Faulkner Fernandez,Ciudadanía,República Dominicana
Bemil Antonio Faulkner Fernandez,Fecha de nacimiento,1992-02-29
Deivy Miguel Martinez Rodriguez,Ocupación,baloncestista
Deivy Miguel Martinez Rodriguez,Ciudadanía,República Dominicana
Deivy Miguel Martinez Rodriguez,Fecha de nacimiento,1992-02-07
Regil Antonio Herasme Martinez,Ocupación,baloncestista
Regil Antonio Herasme Martinez,Ciudadanía,República Dominicana
Regil Antonio Herasme Martinez,Fecha de nacimiento,1992-07-21
Ted Jimenez Guillen,Ocupación,baloncestista
Ted Jimenez Guillen,Ciudadanía,República Dominicana
Ted Jimenez Guillen,Fecha de nacimiento,1992-03-04
Santiago Emmanuel Hurtado Parra,Ocupación,baloncestista
Santiago Emmanuel Hurtado Parra,Ciudadanía,República Dominicana
Santiago Emmanuel Hurtado Parra,Fecha de nacimiento,1992-03-11
Eddy Rafael Guisarri Peralta,Ocupación,baloncestista
Eddy Rafael Guisarri Peralta,Ciudadanía,República Dominicana
Eddy Rafael Guisarri Peralta,Fecha de nacimiento,1992-12-29
Sandro Encarnacion Ibert,Ocupación,baloncestista
Sandro Encarnacion Ibert,Ciudadanía,República Dominicana
Sandro Encarnacion Ibert,Fecha de nacimiento,1986-09-20
Evelyn Gómez Domínguez,Ocupación,baloncestista
Evelyn Gómez Domínguez,Ciudadanía,República Dominicana
Evelyn Gómez Domínguez,Fecha de nacimiento,1987-10-18
Angelina Jimenez Perez,Ocupación,baloncestista
Angelina Jimenez Perez,Ciudadanía,República Dominicana
Angelina Jimenez Perez,Fecha de nacimiento,1982-10-24
Luis Manuel Martínez,Ocupación,baloncestista
Luis Manuel Martínez,Ciudadanía,Estados Unidos
Luis Manuel Martínez,Fecha de nacimiento,1984-06-19
Luis Manuel Martínez,Ciudadanía,República Dominicana
Francisco Alberto Ozuna Lorenzo,Ocupación,baloncestista
Francisco Alberto Ozuna Lorenzo,Ciudadanía,República Dominicana
Francisco Alberto Ozuna Lorenzo,Fecha de nacimiento,1979-10-04
Nicole Rivera Guerrero,Ocupación,baloncestista
Nicole Rivera Guerrero,Ciudadanía,Estados Unidos
Nicole Rivera Guerrero,Fecha de nacimiento,1994-11-08
Nicole Rivera Guerrero,Ciudadanía,República Dominicana
Carlos Ernesto Taveras Camilo,Ocupación,baloncestista
Carlos Ernesto Taveras Camilo,Ciudadanía,República Dominicana
Carlos Ernesto Taveras Camilo,Fecha de nacimiento,1992-02-27
Francisco Leonardo Concepción Mendoza,Ocupación,baloncestista
Francisco Leonardo Concepción Mendoza,Ciudadanía,República Dominicana
Francisco Leonardo Concepción Mendoza,Fecha de nacimiento,1990-01-24
Luis Manuel Guerrero Fernández,Ocupación,baloncestista
Luis Manuel Guerrero Fernández,Ciudadanía,República Dominicana
Luis Manuel Guerrero Fernández,Fecha de nacimiento,1990-03-17
Rosa Smester,Lugar de nacimiento,Santiago de los Caballeros
Rosa Smester,Ocupación,escritor
Rosa Smester,Ciudadanía,República Dominicana
Rosa Smester,Miembro de,Junta Patriótica de Damas
Rosa Smester,Fecha de nacimiento,1874-08-30
Rosa Smester,Fecha de defunción,1945-02-15
Rosa Smester,Ocupación,maestro
Rosa Smester,Ocupación,feminista
Xavier Carreras,Lugar de nacimiento,Bayaguana
Xavier Carreras,Ocupación,baloncestista
Xavier Carreras,Ciudadanía,Argentina
Xavier Carreras,Fecha de nacimiento,1994-10-09
Xavier Carreras,Ciudadanía,República Dominicana
Antonio Lockward Artiles,Lugar de nacimiento,Santo Domingo
Antonio Lockward Artiles,Ocupación,escritor
Antonio Lockward Artiles,Ciudadanía,República Dominicana
Antonio Lockward Artiles,Educado en,Universidad Autónoma de Santo Domingo
Antonio Lockward Artiles,Fecha de nacimiento,1943-03-25
Antonio Lockward Artiles,Fecha de defunción,2021-06-27
Ana Mercedes Robles Goris,Lugar de nacimiento,Santiago de los Caballeros
Ana Mercedes Robles Goris,Ocupación,científico
Ana Mercedes Robles Goris,Ciudadanía,República Dominicana
Ana Mercedes Robles Goris,Educado en,Pontificia Universidad Católica Madre y Maestra
Ana Mercedes Robles Goris,Fecha de nacimiento,1901-01-01
Ana Mercedes Robles Goris,Educado en,Universidad de Puerto Rico
José Morillo,Lugar de nacimiento,Santo Domingo
José Morillo,Ocupación,pintor
José Morillo,Ciudadanía,República Dominicana
José Morillo,Fecha de nacimiento,1975-08-16
Ramón Torres,Lugar de nacimiento,Salvaleón de Higüey
Ramón Torres,Ocupación,cantautor
Ramón Torres,Ciudadanía,República Dominicana
Ramón Torres,Obra notable,Mi San Juan
Ramón Torres,Fecha de nacimiento,1949-07-18
Ramón Torres,Obra notable,Mi Bachata Legendaria
Ramón Torres,Obra notable,Tilolalá
Elena Cordones,Ciudadanía,República Dominicana
Benji Núñez,Lugar de nacimiento,San Bartolomé de Tirajana
Benji Núñez,Ocupación,futbolista
Benji Núñez,Ciudadanía,España
Benji Núñez,Fecha de nacimiento,1995-05-15
Benji Núñez,Ciudadanía,República Dominicana
Lucía León,Lugar de nacimiento,Madrid
Lucía León,Ocupación,futbolista
Lucía León,Ciudadanía,España
Lucía León,Fecha de nacimiento,1997-08-13
Lucía León,Ciudadanía,República Dominicana
Juan Mayí,Lugar de nacimiento,San Francisco de Macorís
Juan Mayí,Ocupación,pintor
Juan Mayí,Ciudadanía,República Dominicana
Juan Mayí,Fecha de nacimiento,1963-04-23
Eric Alexander Batsta Pérez,Lugar de nacimiento,Santo Domingo
Eric Alexander Batsta Pérez,Ocupación,arquitecto
Eric Alexander Batsta Pérez,Ciudadanía,República Dominicana
Eric Alexander Batsta Pérez,Fecha de nacimiento,1994-01-01
Amenazzy,Lugar de nacimiento,Santiago de los Caballeros
Amenazzy,Ocupación,cantautor
Amenazzy,Ciudadanía,República Dominicana
Amenazzy,Fecha de nacimiento,1995-08-04
Amenazzy,Ocupación,Trapero
Milton Peláez,Lugar de nacimiento,Santa Cruz de Barahona
Milton Peláez,Ocupación,compositor
Milton Peláez,Ciudadanía,República Dominicana
Milton Peláez,Fecha de nacimiento,1945-04-15
Milton Peláez,Fecha de defunción,2006-07-04
Milton Peláez,Ocupación,comediante
Milton Peláez,Ocupación,líder de banda
Milton Peláez,Ocupación,baterista de rock
Miguel Reyes Sánchez,Lugar de nacimiento,Santo Domingo
Miguel Reyes Sánchez,Ocupación,diplomático
Miguel Reyes Sánchez,Ciudadanía,República Dominicana
Miguel Reyes Sánchez,Fecha de nacimiento,1966-01-01
Yarissa,Lugar de nacimiento,Santiago de los Caballeros
Yarissa,Ocupación,productor de televisión
Yarissa,Ciudadanía,República Dominicana
Yarissa,Educado en,Pontificia Universidad Católica Madre y Maestra
Yarissa,Fecha de nacimiento,1990-04-12
Yarissa,Ocupación,influencer
Yarissa,Ocupación,youtuber
Chimbala,Lugar de nacimiento,Santo Domingo
Chimbala,Ocupación,cantante
Chimbala,Ciudadanía,República Dominicana
Chimbala,Fecha de nacimiento,1991-05-18
Chimbala,Ocupación,rapero
Lizzy Parra,Lugar de nacimiento,Santo Domingo
Lizzy Parra,Ocupación,actor
Lizzy Parra,Ciudadanía,República Dominicana
Lizzy Parra,Fecha de nacimiento,1995-07-22
Lizzy Parra,Ocupación,cantante
Lizzy Parra,Ocupación,compositor de canciones
Lizzy Parra,Ocupación,rapero
Rubinsky RBK,Lugar de nacimiento,Santo Domingo
Rubinsky RBK,Ocupación,cantante
Rubinsky RBK,Ciudadanía,República Dominicana
Rubinsky RBK,Fecha de nacimiento,1990-05-09
Rubinsky RBK,Ocupación,compositor de canciones
Rubinsky RBK,Ocupación,rapero
Sergio Hernández,Ocupación,cantante
Sergio Hernández,Ciudadanía,República Dominicana
Sergio Hernández,Fecha de nacimiento,2000-01-01
Andrés Sandoval,Lugar de nacimiento,Milford
Andrés Sandoval,Ocupación,baloncestista
Andrés Sandoval,Ciudadanía,Estados Unidos
Andrés Sandoval,Educado en,Universidad de Richmond
Andrés Sandoval,Fecha de nacimiento,1983-08-23
Andrés Sandoval,Ciudadanía,República Dominicana
Bayaguana,país,República Dominicana
Bayaguana,instancia de,municipio de la República Dominicana
Bayaguana,situado en la entidad territorial administrativa,Monte Plata
científico,instancia de,profesión
científico,instancia de,cargo
científico,subclase de,investigador
científico,subclase de,erudito
científico,ámbito de la ocupación,ciencia
Salvaleón de Higüey,país,República Dominicana
Salvaleón de Higüey,instancia de,asentamiento
Salvaleón de Higüey,situado en la entidad territorial administrativa,Higüey
Mi San Juan,instancia de,álbum
Mi San Juan,género,bachata
Mi San Juan,intérprete,Ramón Torres
Mi San Juan,sello discográfico,autoproducido
San Bartolomé de Tirajana,jefe de gobierno,Marco Aurelio Pérez Sánchez
San Bartolomé de Tirajana,país,España
San Bartolomé de Tirajana,continente,Europa
San Bartolomé de Tirajana,instancia de,municipio de España
San Bartolomé de Tirajana,capital,San Bartolomé de Tirajana
Trapero,instancia de,ocupación
Trapero,instancia de,profesión musical
Trapero,subclase de,cantante
Trapero,subclase de,músico
Trapero,ámbito de la ocupación,trap
Milford,país,Estados Unidos
Milford,instancia de,pueblo de Estados Unidos
Milford,comparte fronteras con,Bellingham
Milford,comparte fronteras con,Hopedale
Milford,comparte fronteras con,Holliston
Universidad de Richmond,país,Estados Unidos
Universidad de Richmond,instancia de,universidad
Universidad de Richmond,instancia de,institución educativa privada sin fines de lucro
Universidad de Richmond,situado en la entidad territorial administrativa,Virginia
Universidad de Richmond,ubicación de la sede,Richmond
Jael Uribe,Lugar de nacimiento,Santo Domingo
Jael Uribe,Ocupación,escritor
Jael Uribe,Ciudadanía,República Dominicana
Jael Uribe,Fecha de nacimiento,1975-02-10
Jael Uribe,Ocupación,poeta
La Romana,categoría principal del tema,Categoría:La Romana
La Romana,capital de,La Romana
Radamés Martínez,Ocupación,luchador
Radamés Martínez,Ciudadanía,República Dominicana
Ángelo Mota Brea,Lugar de nacimiento,San Pedro de Macorís
Ángelo Mota Brea,Ocupación,luchador
Ángelo Mota Brea,Ciudadanía,República Dominicana
Ángelo Mota Brea,Fecha de nacimiento,1972-09-14
Aneudy Navarro,Ocupación,luchador
Aneudy Navarro,Ciudadanía,República Dominicana
Yessica Oviedo,Ocupación,luchador
Yessica Oviedo,Ciudadanía,República Dominicana
Yessica Oviedo,Fecha de nacimiento,1993-01-02
Ángel Paulino,Ocupación,luchador
Ángel Paulino,Ciudadanía,República Dominicana
Reina Paulino,Ocupación,luchador
Reina Paulino,Ciudadanía,República Dominicana
Luis Miguel Pérez,Ocupación,luchador
Luis Miguel Pérez,Ciudadanía,República Dominicana
Luis Miguel Pérez,Fecha de nacimiento,1988-11-08
Henry Quezada,Ocupación,luchador
Henry Quezada,Ciudadanía,República Dominicana
Ángel Ramírez,Ocupación,luchador
Ángel Ramírez,Ciudadanía,República Dominicana
Ángel Ramírez,Fecha de nacimiento,1987-07-28
Carix Ramírez,Ocupación,luchador
Carix Ramírez,Ciudadanía,República Dominicana
Carix Ramírez,Fecha de nacimiento,1990-04-05
Richard Ramos,Ocupación,luchador
Richard Ramos,Ciudadanía,República Dominicana
Richard Ramos,Fecha de nacimiento,1979-02-24
Olguín Sabúa,Ocupación,luchador
Olguín Sabúa,Ciudadanía,República Dominicana
Olguín Sabúa,Fecha de nacimiento,1975-05-23
Elsa Sánchez,Ocupación,luchador
Elsa Sánchez,Ciudadanía,República Dominicana
Elsa Sánchez,Fecha de nacimiento,1986-03-09
Jeffry de Jesus Serrata,Ocupación,luchador
Jeffry de Jesus Serrata,Ciudadanía,República Dominicana
Jeffry de Jesus Serrata,Fecha de nacimiento,1993-03-24
Servio Severino,Ocupación,luchador
Servio Severino,Ciudadanía,República Dominicana
Servio Severino,Fecha de nacimiento,1966-01-02
Manuel Simonó,Ocupación,luchador
Manuel Simonó,Ciudadanía,República Dominicana
Manuel Simonó,Fecha de nacimiento,1979-06-25
Damaris Ubieres,Ocupación,luchador
Damaris Ubieres,Ciudadanía,República Dominicana
Billy Váldez,Ocupación,luchador
Billy Váldez,Ciudadanía,República Dominicana
Billy Váldez,Fecha de nacimiento,1994-08-25
Eligio Vásquez,Ocupación,luchador
Eligio Vásquez,Ciudadanía,República Dominicana
Ezequiel Díaz,Ocupación,luchador
Ezequiel Díaz,Ciudadanía,República Dominicana
Ezequiel Díaz,Fecha de nacimiento,1994-03-09
Deisy Toussaint,Ocupación,escritor
Deisy Toussaint,Ciudadanía,República Dominicana
Amín Cruz,Ocupación,periodista
Amín Cruz,Ciudadanía,República Dominicana
Amín Cruz,Fecha de nacimiento,1954-05-27
Juan Carlos Campos Sagaseta,Lugar de nacimiento,Pamplona
Juan Carlos Campos Sagaseta,Ocupación,guionista
Juan Carlos Campos Sagaseta,Ciudadanía,República Dominicana
Juan Carlos Campos Sagaseta,Empleador,El Nacional
Juan Carlos Campos Sagaseta,Fecha de nacimiento,1954-04-14
Juan Carlos Campos Sagaseta,Fecha de defunción,2024-06-30
Juan Carlos Campos Sagaseta,Ocupación,actor
Juan Carlos Campos Sagaseta,Ocupación,escritor
Juan Carlos Campos Sagaseta,Ocupación,poeta
Juan Carlos Campos Sagaseta,Ocupación,dramaturgo
Juan Carlos Campos Sagaseta,Ocupación,narrador
Juan Carlos Campos Sagaseta,Ocupación,columnista
Juan Carlos Campos Sagaseta,Ocupación,periodista
Juan Carlos Campos Sagaseta,Ocupación,publicista
Juan Carlos Campos Sagaseta,Ocupación,activista social
Darlenys de la Cruz Severino,Ocupación,atleta paralímpico
Darlenys de la Cruz Severino,Ciudadanía,República Dominicana
Darlenys de la Cruz Severino,Fecha de nacimiento,2001-05-02
Joan Matias,Lugar de nacimiento,Santiago de los Caballeros
Joan Matias,Ciudadanía,República Dominicana
Joan Matias,Fecha de nacimiento,1986-12-22
Berleni Vianney Lebrón Liriano,Lugar de nacimiento,San Juan
Berleni Vianney Lebrón Liriano,Ocupación,conservador de museo
Berleni Vianney Lebrón Liriano,Ciudadanía,República Dominicana
Berleni Vianney Lebrón Liriano,Educado en,Universidad Autónoma de Santo Domingo
Berleni Vianney Lebrón Liriano,Empleador,Universidad Nacional Pedro Henríquez Ureña
Berleni Vianney Lebrón Liriano,Obra notable,Q127432096
Berleni Vianney Lebrón Liriano,Miembro de,Asociación Internacional de Taxonomía Vegetal
Berleni Vianney Lebrón Liriano,Fecha de nacimiento,1998-08-07
Berleni Vianney Lebrón Liriano,Ocupación,biólogo
Berleni Vianney Lebrón Liriano,Ocupación,investigador
Berleni Vianney Lebrón Liriano,Ocupación,botánico
Berleni Vianney Lebrón Liriano,Educado en,Colegio de Postgraduados
Berleni Vianney Lebrón Liriano,Obra notable,Q128282259
Andrés López de Medrano,Lugar de nacimiento,Santiago de los Caballeros
Andrés López de Medrano,Ocupación,escritor
Andrés López de Medrano,Ciudadanía,República Dominicana
Andrés López de Medrano,Educado en,Universidad Autónoma de Santo Domingo
Andrés López de Medrano,Fecha de nacimiento,1780-01-01
Andrés López de Medrano,Fecha de defunción,1856-01-01
Andrés López de Medrano,Ocupación,filósofo
Lariza Díaz,Lugar de nacimiento,Hato Mayor
Lariza Díaz,Ocupación,baloncestista
Lariza Díaz,Ciudadanía,República Dominicana
Lariza Díaz,Fecha de nacimiento,1972-01-18
Lariza Díaz,Fecha de nacimiento,1972-05-18
Andreína Paniagua,Lugar de nacimiento,Santo Domingo
Andreína Paniagua,Ocupación,baloncestista
Andreína Paniagua,Ciudadanía,República Dominicana
Andreína Paniagua,Fecha de nacimiento,1978-09-07
Thais Karina Herrera Jimenez,Ocupación,montañismo
Thais Karina Herrera Jimenez,Ciudadanía,República Dominicana
Thais Karina Herrera Jimenez,Fecha de nacimiento,1977-01-08
Thais Karina Herrera Jimenez,Ocupación,empresario
Omar de la Cruz (futbolista),Lugar de nacimiento,Ibiza
Omar de la Cruz (futbolista),Ocupación,futbolista
Omar de la Cruz (futbolista),Ciudadanía,República Dominicana
Omar de la Cruz (futbolista),Fecha de nacimiento,2001-08-26
Nelson Lemaire,Lugar de nacimiento,Schaerbeek
Nelson Lemaire,Ocupación,futbolista
Nelson Lemaire,Ciudadanía,Bélgica
Nelson Lemaire,Fecha de nacimiento,2001-10-19
Nelson Lemaire,Ciudadanía,República Dominicana
Nelson Lemaire,Ciudadanía,Mauricio
Mustapha Aziz,Lugar de nacimiento,Tarudant
Mustapha Aziz,Ocupación,empresario
Mustapha Aziz,Ciudadanía,República Dominicana
Mustapha Aziz,Fecha de nacimiento,1942-01-03
Mustapha Aziz,Ciudadanía,Líbano
Mustapha Aziz,Ciudadanía,Arabia Saudí
Mustapha Aziz,Ciudadanía,Costa de Marfil
Mustapha Aziz,Ciudadanía,Marruecos
Anthony Garcia,Ocupación,beisbolista
Anthony Garcia,Ciudadanía,República Dominicana
Anthony Garcia,Fecha de nacimiento,2000-09-05
Cristopher Jiménez Orozco,Ocupación,investigador
Cristopher Jiménez Orozco,Ciudadanía,República Dominicana
Cristopher Jiménez Orozco,Fecha de nacimiento,2000-01-01
Rosy Fernández Gutiérrez,Ocupación,investigador
Rosy Fernández Gutiérrez,Ciudadanía,República Dominicana
Rumarda Urbáez,Ocupación,investigador
Rumarda Urbáez,Ciudadanía,República Dominicana
Cristian Javier Pinales,Lugar de nacimiento,La Romana
Cristian Javier Pinales,Ocupación,boxeador
Cristian Javier Pinales,Ciudadanía,República Dominicana
Cristian Javier Pinales,Fecha de nacimiento,2000-11-02
Pamplona,jefe de gobierno,Enrique Maya
Pamplona,jefe de gobierno,Yolanda Barcina
Pamplona,jefe de gobierno,Joseba Asirón
Pamplona,jefe de gobierno,Cristina Ibarrola
Pamplona,país,España
El Nacional,país,República Dominicana
El Nacional,instancia de,publicación periódica
El Nacional,miembro de,Sociedad Interamericana de Prensa
El Nacional,país de origen,República Dominicana
atleta paralímpico,instancia de,profesión
atleta paralímpico,instancia de,ocupación
atleta paralímpico,subclase de,deportista
atleta paralímpico,subclase de,competidor
atleta paralímpico,ámbito de la ocupación,Deporte paralímpico
conservador de museo,instancia de,profesión
conservador de museo,instancia de,cargo
conservador de museo,instancia de,ocupación
conservador de museo,subclase de,museólogo
conservador de museo,subclase de,profesional de museos
Universidad Nacional Pedro Henríquez Ureña,país,República Dominicana
Universidad Nacional Pedro Henríquez Ureña,instancia de,universidad
Universidad Nacional Pedro Henríquez Ureña,situado en la entidad territorial administrativa,Santo Domingo
Universidad Nacional Pedro Henríquez Ureña,ubicación,Santo Domingo
Universidad Nacional Pedro Henríquez Ureña,miembro de,Centro Interuniversitario de Desarrollo
montañismo,instancia de,tipo de deporte
montañismo,instancia de,afición
montañismo,sucedido por,esquí extremo
montañismo,sucedido por,salto BASE
Ibiza,país,España
Ibiza,continente,Europa
Ibiza,instancia de,ciudad
Ibiza,instancia de,villa
Schaerbeek,jefe de gobierno,Cécile Jodogne
Schaerbeek,país,Bélgica
Schaerbeek,instancia de,municipio de Bélgica
Schaerbeek,idioma oficial,francés
Schaerbeek,idioma oficial,neerlandés
Bélgica,miembro de,Banco Internacional de Reconstrucción y Fomento
Bélgica,miembro de,Organización Hidrográfica Internacional
Bélgica,miembro de,Banco Africano de Desarrollo
Bélgica,miembro de,Unión Internacional de Telecomunicaciones
Bélgica,miembro de,Organización para la Cooperación Conjunta en Materia de Armamento
Tarudant,país,Marruecos
Tarudant,instancia de,ciudad
Tarudant,instancia de,municipio de Marruecos
Tarudant,situado en la entidad territorial administrativa,Provincia de Tarudant
Tarudant,se encuentra en el huso horario,UTC±00:00
Líbano,país,Líbano
Líbano,jefe de gobierno,Nawaf Salam
Líbano,continente,Asia
Líbano,instancia de,país
Líbano,instancia de,estado soberano
investigador,instancia de,cargo
investigador,instancia de,ocupación
investigador,subclase de,escritor de no ficción
investigador,subclase de,profesional de la academia
investigador,ámbito de la ocupación,investigación
Ana González,Ocupación,ciclista
Ana González,Ciudadanía,República Dominicana
Ana González,Fecha de nacimiento,1986-02-03
Anne Guzman,Lugar de nacimiento,República Dominicana
Anne Guzman,Ocupación,ciclista
Anne Guzman,Ciudadanía,Canadá
Anne Guzman,Ocupación,nutricionista
Anne Guzman,Ciudadanía,República Dominicana
Virginia Echevarria,Ocupación,ciclista
Virginia Echevarria,Ciudadanía,República Dominicana
Virginia Echevarria,Fecha de nacimiento,1989-01-11
Stephany Contreras,Ocupación,ciclista
Stephany Contreras,Ciudadanía,República Dominicana
Stephany Contreras,Fecha de nacimiento,1993-11-26
Gina Figueroa,Ocupación,ciclista
Gina Figueroa,Ciudadanía,República Dominicana
Karla De Jesus,Ocupación,ciclista
Karla De Jesus,Ciudadanía,República Dominicana
Karla De Jesus,Fecha de nacimiento,1990-09-13
Madelin Canela,Ocupación,ciclista
Madelin Canela,Ciudadanía,República Dominicana
Madelin Canela,Fecha de nacimiento,1993-03-03
Hilda Castillo,Ocupación,ciclista
Hilda Castillo,Ciudadanía,República Dominicana
Hilda Castillo,Fecha de nacimiento,1973-05-05
Yaina Beras,Ocupación,ciclista
Yaina Beras,Ciudadanía,República Dominicana
Yaina Beras,Fecha de nacimiento,1987-10-18
Grace Fabián,Ocupación,ciclista
Grace Fabián,Ciudadanía,República Dominicana
Grace Fabián,Fecha de nacimiento,1991-11-26
Monica Rodriguez,Ocupación,ciclista
Monica Rodriguez,Ciudadanía,República Dominicana
Monica Rodriguez,Fecha de nacimiento,1976-10-19
Dío Astacio,Lugar de nacimiento,Sabana de la Mar
Dío Astacio,Ocupación,alcalde
Dío Astacio,Ciudadanía,República Dominicana
Dío Astacio,Fecha de nacimiento,1970-01-18
Dío Astacio,Ocupación,escritor
Dío Astacio,Ocupación,abogado
Dío Astacio,Ocupación,pastor
Luis Alfredo Torres,Lugar de nacimiento,Santa Cruz de Barahona
Luis Alfredo Torres,Ocupación,autor
Luis Alfredo Torres,Ciudadanía,República Dominicana
Luis Alfredo Torres,Fecha de nacimiento,1935-10-18
Luis Alfredo Torres,Fecha de defunción,1992-05-01
Luis Alfredo Torres,Ocupación,periodista
Luis Alfredo Torres,Ocupación,crítico literario
Juan Alberto Peña Lebrón,Ocupación,jurista
Juan Alberto Peña Lebrón,Ciudadanía,República Dominicana
Juan Alberto Peña Lebrón,Cargo,juez
Juan Alberto Peña Lebrón,Fecha de nacimiento,1930-06-23
Juan Alberto Peña Lebrón,Fecha de defunción,2022-10-03
Juan Alberto Peña Lebrón,Ocupación,autor
Denyi Reyes,Lugar de nacimiento,San Cristóbal
Denyi Reyes,Ocupación,beisbolista
Denyi Reyes,Ciudadanía,República Dominicana
Denyi Reyes,Fecha de nacimiento,1996-11-02
