entidad,relacion,objeto
Pablo Sandoval,Lugar de nacimiento,Puerto Cabello
Pablo Sandoval,Ocupación,beisbolista
Pablo Sandoval,Ciudadanía,Venezuela
Pablo Sandoval,Fecha de nacimiento,1986-08-11
Perla Haney-Jardine,Lugar de nacimiento,Niterói
Perla Haney-Jardine,Ocupación,actor
Perla Haney-Jardine,Ciudadanía,Estados Unidos
Perla Haney-Jardine,Educado en,Asheville School
Perla Haney-Jardine,Fecha de nacimiento,1997-07-17
Perla Haney-Jardine,Ocupación,actor de cine
Perla Haney-Jardine,Ciudadanía,Brasil
Perla Haney-Jardine,Ciudadanía,Venezuela
Félix Hernández,Lugar de nacimiento,Valencia
Félix Hernández,Ocupación,beisbolista
Félix Hernández,Ciudadanía,Venezuela
Félix Hernández,Miembro de,Seattle Mariners
Félix Hernández,Premio recibido,Premio Cy Young
Félix Hernández,Fecha de nacimiento,1986-04-08
Diego Matheuz,Lugar de nacimiento,Barquisimeto
Diego Matheuz,Ocupación,director de orquesta
Diego Matheuz,Ciudadanía,Venezuela
Diego Matheuz,Fecha de nacimiento,1984-08-09
Diego Matheuz,Ocupación,violinista
Diego Molero Bellavia,Lugar de nacimiento,Coro
Diego Molero Bellavia,Ocupación,militar
Diego Molero Bellavia,Ciudadanía,Venezuela
Diego Molero Bellavia,Educado en,Academia Militar de la Armada Bolivariana
Diego Molero Bellavia,Empleador,Fuerza Armada Nacional Bolivariana
Diego Molero Bellavia,Cargo,embajador
Diego Molero Bellavia,Fecha de nacimiento,1960-01-12
Diego Molero Bellavia,Ocupación,político
Diego Molero Bellavia,Ocupación,embajador
Diego Molero Bellavia,Ocupación,diplomático
Puerto Cabello,país,Venezuela
Puerto Cabello,instancia de,ciudad
Puerto Cabello,instancia de,gran ciudad
Puerto Cabello,situado en la entidad territorial administrativa,Carabobo
Puerto Cabello,situado en la entidad territorial administrativa,Municipio Puerto Cabello
beisbolista,instancia de,profesión
beisbolista,subclase de,deportista
beisbolista,subclase de,jugador competitivo
beisbolista,ámbito de la ocupación,béisbol
beisbolista,ámbito de la ocupación,béisbol femenino
Venezuela,instancia de,país
Venezuela,instancia de,estado soberano
Venezuela,jefe de Estado,Nicolás Maduro
Venezuela,jefe de Estado,Juan Guaidó
Venezuela,capital,Caracas
Niterói,país,Brasil
Niterói,instancia de,gran ciudad
Niterói,instancia de,municipio de Brasil
Niterói,comparte fronteras con,São Gonçalo
Niterói,comparte fronteras con,Maricá
actor,instancia de,profesión
actor,instancia de,ocupación
actor,instancia de,grupo de ocupaciones de la CIUO
actor,subclase de,artista escénico
Estados Unidos,forma de gobierno,república
Estados Unidos,forma de gobierno,presidencialismo
Estados Unidos,forma de gobierno,república federal
Estados Unidos,nombrado en referencia a,América
Estados Unidos,subdividido en (división administrativa),California
Valencia,país,Venezuela
Valencia,instancia de,ciudad
Valencia,idioma oficial,español
Seattle Mariners,país,Estados Unidos
Seattle Mariners,instancia de,equipo de béisbol
Seattle Mariners,estadio,T-Mobile Park
Seattle Mariners,liga,Liga Americana
Seattle Mariners,liga,Grandes Ligas de Béisbol
Premio Cy Young,país,Estados Unidos
Premio Cy Young,instancia de,distinción
Premio Cy Young,nombrado en referencia a,Cy Young
Premio Cy Young,deporte,béisbol
Barquisimeto,país,Venezuela
Barquisimeto,instancia de,ciudad
Barquisimeto,instancia de,gran ciudad
Barquisimeto,situado en la entidad territorial administrativa,Lara
director de orquesta,instancia de,profesión
director de orquesta,instancia de,cargo
director de orquesta,instancia de,profesión musical
director de orquesta,subclase de,músico
director de orquesta,subclase de,artista escénico
violinista,instancia de,cargo
violinista,instancia de,ocupación
violinista,instancia de,profesión musical
violinista,subclase de,instrumentalista
Coro,país,Venezuela
Coro,instancia de,ciudad
Coro,instancia de,gran ciudad
Coro,fundador,Juan Martín de Ampués
militar,instancia de,profesión
militar,instancia de,ocupación
militar,subclase de,empleado
militar,subclase de,guerrero
militar,opuesto a,civil
Academia Militar de la Armada Bolivariana,país,Venezuela
Academia Militar de la Armada Bolivariana,instancia de,universidad
Academia Militar de la Armada Bolivariana,instancia de,academia militar
Academia Militar de la Armada Bolivariana,organización matriz,Universidad Militar Bolivariana de Venezuela
Fuerza Armada Nacional Bolivariana,país,Venezuela
Fuerza Armada Nacional Bolivariana,instancia de,fuerzas armadas
Fuerza Armada Nacional Bolivariana,situado en la entidad territorial administrativa,Venezuela
Fuerza Armada Nacional Bolivariana,ubicación de la sede,Caracas
Fuerza Armada Nacional Bolivariana,ubicación de la sede,Mérida
Salomón Rondón,Lugar de nacimiento,Caracas
Salomón Rondón,Ocupación,futbolista
Salomón Rondón,Ciudadanía,Venezuela
Salomón Rondón,Fecha de nacimiento,1989-09-16
Caracas,jefe de gobierno,Helen Fernández
Caracas,jefe de gobierno,Alí Mansour Landaeta
Caracas,país,Venezuela
Caracas,instancia de,ciudad
Caracas,instancia de,capital federal
futbolista,instancia de,profesión
futbolista,instancia de,ocupación
futbolista,subclase de,jugador competitivo
futbolista,subclase de,Jugador de fútbol
Pastor Maldonado,Lugar de nacimiento,Maracay
Pastor Maldonado,Ocupación,piloto de automovilismo
Pastor Maldonado,Ciudadanía,Venezuela
Pastor Maldonado,Fecha de nacimiento,1985-03-09
Pastor Maldonado,Ocupación,piloto de Fórmula Uno
Wilhelm Lehmann,Lugar de nacimiento,Puerto Cabello
Wilhelm Lehmann,Ocupación,escritor
Wilhelm Lehmann,Ciudadanía,Alemania
Wilhelm Lehmann,Miembro de,Academia de las Ciencias y las Letras de Maguncia
Wilhelm Lehmann,Premio recibido,Premio Schiller Memorial
Wilhelm Lehmann,Fecha de nacimiento,1882-05-04
Wilhelm Lehmann,Fecha de defunción,1968-11-17
Wilhelm Lehmann,Ocupación,poeta
Wilhelm Lehmann,Premio recibido,Cruz de Comendador de la Orden del Mérito de la República Federal Alemana
Wilhelm Lehmann,Premio recibido,Culture and Science Award of the City of Kiel
Wilhelm Lehmann,Ciudadanía,Venezuela
Wilhelm Lehmann,Miembro de,Academia Alemana de Lengua y Literatura
Wilhelm Lehmann,Miembro de,Academia Bávara de Bellas Artes
Henri Pittier,Lugar de nacimiento,Bex
Henri Pittier,Ocupación,naturalista
Henri Pittier,Ciudadanía,Estados Unidos
Henri Pittier,Educado en,Universidad de Jena
Henri Pittier,Fecha de nacimiento,1857-08-13
Henri Pittier,Fecha de defunción,1950-01-27
Henri Pittier,Ocupación,ingeniero
Henri Pittier,Ocupación,recolector de plantas
Henri Pittier,Ocupación,botánico
Henri Pittier,Ciudadanía,Suiza
Henri Pittier,Ciudadanía,Venezuela
Henri Pittier,Educado en,Universidad de Lausana
"Carlos ""Morocho"" Hernández",Lugar de nacimiento,Caracas
"Carlos ""Morocho"" Hernández",Ocupación,boxeador
"Carlos ""Morocho"" Hernández",Ciudadanía,Venezuela
"Carlos ""Morocho"" Hernández",Fecha de nacimiento,1940-04-21
"Carlos ""Morocho"" Hernández",Fecha de defunción,2016-07-02
Inocente Carreño,Lugar de nacimiento,Isla de Margarita
Inocente Carreño,Ocupación,compositor
Inocente Carreño,Ciudadanía,Venezuela
Inocente Carreño,Obra notable,himno de la municipalidad de Baruta
Inocente Carreño,Fecha de nacimiento,1919-12-28
Inocente Carreño,Fecha de defunción,2016-06-29
Maracay,país,Venezuela
Maracay,instancia de,ciudad
Maracay,instancia de,gran ciudad
Maracay,situado en la entidad territorial administrativa,Municipio Girardot
Maracay,ciudad hermana,San Juan de Terranova
piloto de automovilismo,instancia de,profesión
piloto de automovilismo,instancia de,ocupación
piloto de automovilismo,elemento operado,automóvil de carreras
piloto de automovilismo,subclase de,piloto de carreras
piloto de automovilismo,ámbito de la ocupación,automovilismo
piloto de Fórmula Uno,instancia de,profesión
piloto de Fórmula Uno,subclase de,piloto de automovilismo
piloto de Fórmula Uno,ámbito de la ocupación,Fórmula 1
piloto de Fórmula Uno,categoría principal del tema,Categoría:Pilotos de Fórmula 1
piloto de Fórmula Uno,plantilla principal del tema,Plantilla:Ficha de piloto de Fórmula 1
escritor,instancia de,profesión
escritor,instancia de,ocupación
escritor,subclase de,autor
escritor,subclase de,artista
Alemania,miembro de,Organización para la Cooperación y el Desarrollo Económico
Alemania,miembro de,Organismo Internacional de Energía Atómica
Alemania,miembro de,Agencia Espacial Europea
Alemania,miembro de,Programa de exención de visa
Alemania,miembro de,Organización Internacional del Trabajo
Academia de las Ciencias y las Letras de Maguncia,forma jurídica,Körperschaft des öffentlichen Rechts
Academia de las Ciencias y las Letras de Maguncia,idioma usado,alemán
Academia de las Ciencias y las Letras de Maguncia,país,Alemania
Academia de las Ciencias y las Letras de Maguncia,instancia de,organización
Premio Schiller Memorial,país,Alemania
Premio Schiller Memorial,instancia de,premio literario
Premio Schiller Memorial,nombrado en referencia a,Friedrich Schiller
Bex,jefe de gobierno,Pierre Rochat
Bex,país,Suiza
Bex,instancia de,gemeinde de Suiza
Bex,idioma oficial,francés
Bex,situado en la entidad territorial administrativa,Distrito de Aigle
naturalista,instancia de,profesión
naturalista,instancia de,cargo
naturalista,instancia de,ocupación
naturalista,subclase de,científico
naturalista,santo patrón,Alberto Magno
Universidad de Jena,país,Alemania
Universidad de Jena,instancia de,universidad pública
Universidad de Jena,instancia de,colección
Universidad de Jena,fundador,Juan Federico II de Sajonia-Gotha
boxeador,instancia de,profesión
boxeador,subclase de,deportista
boxeador,subclase de,artista marcial
boxeador,ámbito de la ocupación,boxeo
boxeador,ámbito de la ocupación,boxeo aficionado
Isla de Margarita,país,Venezuela
Isla de Margarita,continente,América del Sur
Isla de Margarita,instancia de,isla
Isla de Margarita,himno,Himno del Estado Nueva Esparta
Isla de Margarita,situado en la entidad territorial administrativa,Dependencias Federales
compositor,instancia de,ocupación
compositor,instancia de,profesión musical
compositor,subclase de,autor
compositor,subclase de,músico
compositor,santo patrón,Cecilia de Roma
himno de la municipalidad de Baruta,instancia de,himno regional
himno de la municipalidad de Baruta,instancia de,obra de composición musical
himno de la municipalidad de Baruta,música de,Inocente Carreño
himno de la municipalidad de Baruta,país de origen,Venezuela
himno de la municipalidad de Baruta,forma artística,canción
César Ramón Ortega Herrera,Lugar de nacimiento,Yaracuy
César Ramón Ortega Herrera,Ocupación,sacerdote católico
César Ramón Ortega Herrera,Ciudadanía,Venezuela
César Ramón Ortega Herrera,Cargo,obispo diocesano
César Ramón Ortega Herrera,Fecha de nacimiento,1938-07-16
César Ramón Ortega Herrera,Fecha de defunción,2021-04-08
César Ramón Ortega Herrera,Ocupación,obispo católico
César Ramón Ortega Herrera,Cargo,administrador apostólico
César Ramón Ortega Herrera,Cargo,obispo de Barcelona (Venezuela)
Ignacio Burk,Lugar de nacimiento,Núremberg
Ignacio Burk,Ocupación,escritor
Ignacio Burk,Ciudadanía,Alemania
Ignacio Burk,Fecha de nacimiento,1905-01-24
Ignacio Burk,Fecha de defunción,1984-07-02
Ignacio Burk,Ocupación,psicólogo
Ignacio Burk,Ocupación,pedagogo
Ignacio Burk,Ocupación,profesor universitario
Ignacio Burk,Ocupación,filósofo
Ignacio Burk,Ciudadanía,Venezuela
Alexi Amarista,Lugar de nacimiento,Barcelona
Alexi Amarista,Ocupación,beisbolista
Alexi Amarista,Ciudadanía,Venezuela
Alexi Amarista,Fecha de nacimiento,1989-04-06
Radamel Falcao García,Lugar de nacimiento,Santa Marta
Radamel Falcao García,Ocupación,futbolista
Radamel Falcao García,Ciudadanía,Venezuela
Radamel Falcao García,Fecha de nacimiento,1986-02-10
Radamel Falcao García,Ciudadanía,Colombia
Ignacio Andrade,Lugar de nacimiento,Mérida
Ignacio Andrade,Ocupación,militar
Ignacio Andrade,Ciudadanía,Venezuela
Ignacio Andrade,Cargo,presidente de Venezuela
Ignacio Andrade,Fecha de nacimiento,1839-07-31
Ignacio Andrade,Fecha de defunción,1925-02-17
Ignacio Andrade,Ocupación,político
Ignacio Andrade,Ocupación,diplomático
Ignacio Andrade,Cargo,diputado de Venezuela
Yaracuy,categoría de personas relacionadas,Categoría:Yaracuyanos
Yaracuy,país,Venezuela
sacerdote católico,instancia de,vocación católica
sacerdote católico,religión,catolicismo
sacerdote católico,religión,Iglesia católica
sacerdote católico,subclase de,sacerdote
sacerdote católico,subclase de,presbítero
obispo diocesano,instancia de,cargo eclesiástico
obispo diocesano,instancia de,función episcopal
obispo diocesano,subclase de,obispo
obispo diocesano,subclase de,pastor
obispo diocesano,subclase de,ordinario
Núremberg,situado cerca del cuerpo de agua,Pegnitz
Núremberg,jefe de gobierno,Marcus König
Núremberg,país,Alemania
Núremberg,instancia de,gran ciudad
Barcelona,jefe de gobierno,Guillermo Martínez Vílchez
Barcelona,país,Venezuela
Barcelona,instancia de,ciudad
Barcelona,instancia de,gran ciudad
Barcelona,situado en la entidad territorial administrativa,Municipio Simón Bolívar
Santa Marta,país,Colombia
Santa Marta,instancia de,gran ciudad
Santa Marta,instancia de,distrito de Colombia
Santa Marta,instancia de,ciudad de Colombia
Santa Marta,fundador,Rodrigo de Bastidas
Colombia,jefe de gobierno,Gustavo Petro
Colombia,continente,América del Sur
Colombia,instancia de,país
Colombia,instancia de,república
Colombia,instancia de,Estado laico
Mérida,país,Venezuela
Mérida,instancia de,ciudad
Mérida,instancia de,gran ciudad
Mérida,idioma oficial,español venezolano
Mérida,himno,Mérida State Anthem
presidente de Venezuela,país,Venezuela
presidente de Venezuela,instancia de,cargo público
presidente de Venezuela,residencia oficial,La Casona
presidente de Venezuela,subclase de,jefe de Estado
presidente de Venezuela,subclase de,presidente de la Republica
José Ruperto Monagas,Lugar de nacimiento,Aragua de Barcelona
José Ruperto Monagas,Ocupación,militar
José Ruperto Monagas,Ciudadanía,Venezuela
José Ruperto Monagas,Cargo,presidente de Venezuela
José Ruperto Monagas,Fecha de nacimiento,1832-06-04
José Ruperto Monagas,Fecha de defunción,1880-06-12
Lorenzo Campins y Ballester,Lugar de nacimiento,Palma de Mallorca
Lorenzo Campins y Ballester,Ocupación,médico
Lorenzo Campins y Ballester,Ciudadanía,Venezuela
Lorenzo Campins y Ballester,Educado en,Universidad de Valencia
Lorenzo Campins y Ballester,Empleador,Universidad Central de Venezuela
Lorenzo Campins y Ballester,Fecha de nacimiento,1726-01-01
Lorenzo Campins y Ballester,Fecha de defunción,1785-02-20
Vicente Gerbasi,Lugar de nacimiento,Carabobo
Vicente Gerbasi,Ocupación,escritor
Vicente Gerbasi,Ciudadanía,Venezuela
Vicente Gerbasi,Miembro de,Academia Venezolana de la Lengua
Vicente Gerbasi,Premio recibido,Premio Nacional de Literatura
Vicente Gerbasi,Fecha de nacimiento,1913-06-02
Vicente Gerbasi,Fecha de defunción,1992-12-28
Vicente Gerbasi,Ocupación,poeta
Vicente Gerbasi,Ocupación,diplomático
Pedro Gamarro,Lugar de nacimiento,Machiques
Pedro Gamarro,Ocupación,boxeador
Pedro Gamarro,Ciudadanía,Venezuela
Pedro Gamarro,Fecha de nacimiento,1955-01-08
Pedro Gamarro,Fecha de defunción,2019-05-07
Omar Catarí,Lugar de nacimiento,Barquisimeto
Omar Catarí,Ocupación,boxeador
Omar Catarí,Ciudadanía,Venezuela
Omar Catarí,Fecha de nacimiento,1964-04-25
Aragua de Barcelona,país,Venezuela
Aragua de Barcelona,instancia de,asentamiento
Aragua de Barcelona,situado en la entidad territorial administrativa,Municipio Aragua
Aragua de Barcelona,se encuentra en el huso horario,UTC−4
Palma de Mallorca,jefe de gobierno,Jaime Martínez Llabrés
Palma de Mallorca,país,España
Palma de Mallorca,continente,Europa
Palma de Mallorca,instancia de,ciudad
Palma de Mallorca,instancia de,municipio de España
médico,lista de interés para el proyecto Wikimedia,Wikipedia:Lista de artículos que toda Wikipedia debería tener/Expandida
médico,instancia de,profesión sanitaria
médico,instancia de,cargo
médico,instancia de,ocupación
Universidad de Valencia,país,España
Universidad de Valencia,instancia de,universidad pública
Universidad de Valencia,instancia de,editor de acceso abierto
Universidad de Valencia,fundador,Fernando II de Aragón
Universidad de Valencia,situado en la entidad territorial administrativa,Valencia
Universidad Central de Venezuela,país,Venezuela
Universidad Central de Venezuela,instancia de,universidad pública
Universidad Central de Venezuela,instancia de,editor de acceso abierto
Universidad Central de Venezuela,ubicación de la sede,Ciudad Universitaria de Caracas
Universidad Central de Venezuela,ubicación,Caracas
Carabobo,país,Venezuela
Carabobo,instancia de,estado de Venezuela
Carabobo,capital,Valencia
Carabobo,comparte fronteras con,Aragua
Carabobo,comparte fronteras con,Yaracuy
Academia Venezolana de la Lengua,país,Venezuela
Academia Venezolana de la Lengua,instancia de,academia
Academia Venezolana de la Lengua,fundador,Antonio Guzmán Blanco
Academia Venezolana de la Lengua,ubicación de la sede,Caracas
Premio Nacional de Literatura,país,Venezuela
Premio Nacional de Literatura,instancia de,premio literario
Premio Nacional de Literatura,instancia de,distinción
Premio Nacional de Literatura,instancia de,categoría de un premio
Premio Nacional de Literatura,forma parte de,Premios Nacionales de Cultura de Venezuela
Machiques,país,Venezuela
Machiques,instancia de,ciudad
Machiques,instancia de,gran ciudad
Machiques,situado en la entidad territorial administrativa,Municipio Machiques
Machiques,categoría principal del tema,Categoría:Machiques
Adán Chávez,Lugar de nacimiento,Sabaneta
Adán Chávez,Ocupación,político
Adán Chávez,Ciudadanía,Venezuela
Adán Chávez,Educado en,Universidad de Los Andes
Adán Chávez,Fecha de nacimiento,1953-04-11
Adán Chávez,Ocupación,docente
Adán Chávez,Ocupación,diputado
Fernando De Ornelas,Lugar de nacimiento,Caracas
Fernando De Ornelas,Ocupación,futbolista
Fernando De Ornelas,Ciudadanía,Venezuela
Fernando De Ornelas,Fecha de nacimiento,1976-07-29
Alba Roversi,Lugar de nacimiento,Caracas
Alba Roversi,Ocupación,actor
Alba Roversi,Ciudadanía,Venezuela
Alba Roversi,Educado en,Universidad Católica Andrés Bello
Alba Roversi,Fecha de nacimiento,1961-08-14
Vicente Nebrada,Lugar de nacimiento,Caracas
Vicente Nebrada,Ocupación,bailarín de ballet
Vicente Nebrada,Ciudadanía,Estados Unidos
Vicente Nebrada,Empleador,Teatro Teresa Carreño
Vicente Nebrada,Premio recibido,Orden de Andrés Bello
Vicente Nebrada,Fecha de nacimiento,1930-03-31
Vicente Nebrada,Fecha de defunción,2002-05-26
Vicente Nebrada,Ocupación,coreógrafo
Vicente Nebrada,Premio recibido,Orden del Libertador
Vicente Nebrada,Premio recibido,Premio Nacional de Danza de Venezuela
Vicente Nebrada,Ciudadanía,Venezuela
Vicente Nebrada,Empleador,Joffrey Ballet
Vicente Nebrada,Empleador,Harkness Ballet
Francisco Buttó,Lugar de nacimiento,Maturín
Francisco Buttó,Ocupación,beisbolista
Francisco Buttó,Ciudadanía,Venezuela
Francisco Buttó,Fecha de nacimiento,1980-05-11
Sabaneta,jefe de gobierno,Aníbal Chávez
Sabaneta,país,Venezuela
Sabaneta,instancia de,ciudad
Sabaneta,situado en la entidad territorial administrativa,Estado Barinas
Sabaneta,ciudad hermana,Santiago de Cuba
político,instancia de,profesión
político,instancia de,frecuentemente
político,subclase de,profesional
político,ámbito de la ocupación,política
político,categoría principal del tema,Categoría:Políticos
Universidad de Los Andes,país,Venezuela
Universidad de Los Andes,instancia de,universidad pública
Universidad de Los Andes,instancia de,editor de acceso abierto
Universidad de Los Andes,ubicación de la sede,Mérida
Universidad de Los Andes,filial,"Consejo de Desarrollo Científico, Humanístico, Tecnológico y de las Artes, Universidad de Los Andes Venezuela"
Universidad Católica Andrés Bello,estatus patrimonial,Monumento Histórico Nacional de Venezuela
Universidad Católica Andrés Bello,categoría para las personas que estudiaron en esta institución,Categoría:Alumnado de la Universidad Católica Andrés Bello
Universidad Católica Andrés Bello,categoría para empleados de la organización,Categoría:Profesores de la Universidad Católica Andrés Bello
Universidad Católica Andrés Bello,financiador,Open Society Foundations
Universidad Católica Andrés Bello,país,Venezuela
bailarín de ballet,instancia de,profesión
bailarín de ballet,género,ballet
bailarín de ballet,subclase de,bailarín
bailarín de ballet,ámbito de la ocupación,ballet
bailarín de ballet,categoría principal del tema,Categoría:Bailarines de ballet
Teatro Teresa Carreño,país,Venezuela
Teatro Teresa Carreño,instancia de,teatro de ópera
Teatro Teresa Carreño,situado en la entidad territorial administrativa,Municipio Libertador de Caracas
Teatro Teresa Carreño,nombrado en referencia a,Teresa Carreño
Teatro Teresa Carreño,estilo arquitectónico,brutalismo
Orden de Andrés Bello,país,Venezuela
Orden de Andrés Bello,instancia de,orden
Orden de Andrés Bello,fundador,Marcos P. Jimenez
Orden de Andrés Bello,nombrado en referencia a,Andrés Bello
Orden de Andrés Bello,categoría principal del tema,Categoría:Orden de Andrés Bello
Maturín,país,Venezuela
Maturín,instancia de,ciudad
Maturín,instancia de,gran ciudad
Maturín,situado en la entidad territorial administrativa,Monagas
Edwin Becerra,Lugar de nacimiento,Mérida
Edwin Becerra,Ocupación,ciclista
Edwin Becerra,Ciudadanía,Venezuela
Edwin Becerra,Fecha de nacimiento,1981-09-28
Paul Ramírez,Lugar de nacimiento,Caracas
Paul Ramírez,Ocupación,entrenador
Paul Ramírez,Ciudadanía,Venezuela
Paul Ramírez,Fecha de nacimiento,1986-07-30
Paul Ramírez,Fecha de defunción,2011-12-06
Paul Ramírez,Ocupación,futbolista
Pedro Gutiérrez,Lugar de nacimiento,Lara
Pedro Gutiérrez,Ocupación,ciclista
Pedro Gutiérrez,Ciudadanía,Venezuela
Pedro Gutiérrez,Fecha de nacimiento,1989-08-08
Taniusha Mollet,Lugar de nacimiento,Venezuela
Taniusha Mollet,Ocupación,actor
Taniusha Mollet,Ciudadanía,Venezuela
Taniusha Mollet,Fecha de nacimiento,1985-10-29
Francisco Cervelli,Lugar de nacimiento,Valencia
Francisco Cervelli,Ocupación,beisbolista
Francisco Cervelli,Ciudadanía,Italia
Francisco Cervelli,Fecha de nacimiento,1986-03-06
Francisco Cervelli,Ciudadanía,Venezuela
Mérida,forma parte de,Región Los Andes
Mérida,se encuentra en el huso horario,UTC−4
Mérida,categoría principal del tema,Categoría:Estado Mérida
Mérida,categoría para las personas que nacieron aquí,Categoría:Nacidos en el estado Mérida
ciclista,instancia de,profesión
ciclista,instancia de,deportista
ciclista,subclase de,ciclista
ciclista,ámbito de la ocupación,ciclismo de competición
entrenador,instancia de,profesión
entrenador,instancia de,ocupación
entrenador,ámbito de la ocupación,fútbol
entrenador,deporte,fútbol
Lara,país,Venezuela
Lara,instancia de,estado de Venezuela
Lara,capital,Barquisimeto
Lara,comparte fronteras con,Zulia
Lara,comparte fronteras con,Yaracuy
Italia,miembro de,OTAN
Italia,miembro de,Fondo Monetario Internacional
Italia,miembro de,UNESCO
Italia,miembro de,Organización Mundial de la Salud
Italia,miembro de,Organización Mundial del Comercio
Marena Bencomo,Lugar de nacimiento,Valencia
Marena Bencomo,Ocupación,modelo
Marena Bencomo,Ciudadanía,Venezuela
Marena Bencomo,Fecha de nacimiento,1974-04-15
Marena Bencomo,Ocupación,participante en concursos de belleza
Conny Méndez,Lugar de nacimiento,Caracas
Conny Méndez,Ocupación,escritor
Conny Méndez,Ciudadanía,Venezuela
Conny Méndez,Fecha de nacimiento,1898-04-11
Conny Méndez,Fecha de defunción,1979-11-26
Conny Méndez,Ocupación,compositor
Conny Méndez,Ocupación,cantante
Conny Méndez,Ocupación,pintor
Conny Méndez,Ocupación,actor de teatro
Conny Méndez,Ocupación,conferenciante
Bárbaro Rivas,Lugar de nacimiento,Petare
Bárbaro Rivas,Ocupación,pintor
Bárbaro Rivas,Ciudadanía,Venezuela
Bárbaro Rivas,Fecha de nacimiento,1893-12-04
Bárbaro Rivas,Fecha de defunción,1967-03-12
Morella Muñoz,Lugar de nacimiento,Caracas
Morella Muñoz,Ocupación,cantante de ópera
Morella Muñoz,Ciudadanía,Venezuela
Morella Muñoz,Educado en,Universidad Central de Venezuela
Morella Muñoz,Fecha de nacimiento,1935-07-29
Morella Muñoz,Fecha de defunción,1995-07-15
Reynaldo Hahn,Lugar de nacimiento,Caracas
Reynaldo Hahn,Ocupación,compositor
Reynaldo Hahn,Ciudadanía,Francia
Reynaldo Hahn,Educado en,Conservatorio de París
Reynaldo Hahn,Miembro de,Academia de Bellas Artes
Reynaldo Hahn,Premio recibido,Comandante de la Orden Nacional de la Legión de Honor
Reynaldo Hahn,Fecha de nacimiento,1874-08-09
Reynaldo Hahn,Fecha de defunción,1947-01-28
Reynaldo Hahn,Ocupación,director de orquesta
Reynaldo Hahn,Ocupación,pianista
Reynaldo Hahn,Ocupación,crítico musical
Reynaldo Hahn,Ocupación,coreógrafo
Reynaldo Hahn,Ciudadanía,Venezuela
modelo,instancia de,profesión
modelo,subclase de,profesional de la moda
modelo,ámbito de la ocupación,modelaje
modelo,categoría principal del tema,Categoría:Modelos
participante en concursos de belleza,instancia de,ocupación
participante en concursos de belleza,subclase de,animador
participante en concursos de belleza,subclase de,modelo
participante en concursos de belleza,subclase de,concursante
participante en concursos de belleza,ámbito de la ocupación,concurso de belleza
Petare,país,Venezuela
Petare,instancia de,asentamiento
Petare,situado en la entidad territorial administrativa,Municipio Sucre
Petare,se encuentra en el huso horario,UTC−4
Petare,categoría principal del tema,Categoría:Petare
pintor,instancia de,ocupación
pintor,instancia de,profesión artística
pintor,subclase de,artista visual
pintor,santo patrón,Lucas el Evangelista
pintor,ámbito de la ocupación,pintura
cantante de ópera,instancia de,ocupación
cantante de ópera,instancia de,profesión musical
cantante de ópera,subclase de,cantante
cantante de ópera,subclase de,cantante de música clásica
Francia,jefe de gobierno,Sébastien Lecornu
Francia,continente,Europa
Francia,instancia de,país
Francia,instancia de,república
Francia,instancia de,estado soberano
Conservatorio de París,país,Francia
Conservatorio de París,instancia de,conservatorio de música
Conservatorio de París,instancia de,Gran Escuela
Conservatorio de París,fundador,Bernard Sarrette
Academia de Bellas Artes,secretario general,Laurent Petitgirard
Academia de Bellas Artes,categoría de miembros,Categoría:Miembros de la Academia de Bellas Artes de Francia
Academia de Bellas Artes,país,Francia
Academia de Bellas Artes,precedido por,Real Academia de Pintura y Escultura
Daniela Larreal,Lugar de nacimiento,Maracaibo
Daniela Larreal,Ocupación,ciclista
Daniela Larreal,Ciudadanía,Venezuela
Daniela Larreal,Fecha de nacimiento,1973-10-02
Daniela Larreal,Fecha de defunción,2024-08-11
Cipriano Castro,Lugar de nacimiento,Táchira
Cipriano Castro,Ocupación,militar
Cipriano Castro,Ciudadanía,Venezuela
Cipriano Castro,Cargo,presidente de Venezuela
Cipriano Castro,Fecha de nacimiento,1858-10-12
Cipriano Castro,Fecha de defunción,1924-12-04
Cipriano Castro,Ocupación,político
Cipriano Castro,Cargo,diputado de Venezuela
Rafael Urdaneta,Lugar de nacimiento,Maracaibo
Rafael Urdaneta,Ocupación,militar
Rafael Urdaneta,Ciudadanía,Venezuela
Rafael Urdaneta,Educado en,Colegio Mayor de San Bartolomé
Rafael Urdaneta,Cargo,diputado de Venezuela
Rafael Urdaneta,Fecha de nacimiento,1788-10-24
Rafael Urdaneta,Fecha de defunción,1845-08-23
Rafael Urdaneta,Ocupación,político
Rafael Urdaneta,Ocupación,diplomático
Maracaibo,país,Venezuela
Maracaibo,instancia de,ciudad
Maracaibo,instancia de,gran ciudad
Maracaibo,fundador,Ambrosio Alfinger
Maracaibo,situado en la entidad territorial administrativa,Zulia
Táchira,país,Venezuela
Táchira,instancia de,estado de Venezuela
Táchira,capital,San Cristóbal
Táchira,comparte fronteras con,Apure
Táchira,comparte fronteras con,Zulia
Colegio Mayor de San Bartolomé,país,España
Colegio Mayor de San Bartolomé,instancia de,colegio mayor
Colegio Mayor de San Bartolomé,fundador,Diego de Anaya Maldonado
Colegio Mayor de San Bartolomé,situado en la entidad territorial administrativa,Salamanca
Colegio Mayor de San Bartolomé,categoría principal del tema,Categoría:Colegio Mayor de San Bartolomé
diputado de Venezuela,país,Venezuela
diputado de Venezuela,instancia de,cargo
diputado de Venezuela,subclase de,diputado
diputado de Venezuela,forma parte de,Cámara de Diputados de Venezuela
diputado de Venezuela,categoría principal del tema,Categoría:Miembros de la Cámara de Diputados de Venezuela
Andrés Rodríguez de Villegas,Lugar de nacimiento,San Juan
Andrés Rodríguez de Villegas,Ocupación,militar
Andrés Rodríguez de Villegas,Ciudadanía,Venezuela
Andrés Rodríguez de Villegas,Cargo,gobernador real de La Florida
Andrés Rodríguez de Villegas,Fecha de nacimiento,1580-01-01
Andrés Rodríguez de Villegas,Fecha de defunción,1633-01-01
Ana Mercedes Asuaje de Rugeles,Lugar de nacimiento,Barquisimeto
Ana Mercedes Asuaje de Rugeles,Ocupación,compositor
Ana Mercedes Asuaje de Rugeles,Ciudadanía,Venezuela
Ana Mercedes Asuaje de Rugeles,Educado en,Universidad Católica de América
Ana Mercedes Asuaje de Rugeles,Fecha de nacimiento,1914-08-08
Ana Mercedes Asuaje de Rugeles,Fecha de defunción,2012-04-21
Ana Mercedes Asuaje de Rugeles,Ocupación,profesor de música
Roberto Petagine,Lugar de nacimiento,Nueva Esparta
Roberto Petagine,Ocupación,beisbolista
Roberto Petagine,Ciudadanía,Venezuela
Roberto Petagine,Fecha de nacimiento,1971-06-02
San Juan,jefe de gobierno,Miguel Romero Lugo
San Juan,país,Puerto Rico
San Juan,instancia de,municipio de Puerto Rico
San Juan,instancia de,gran ciudad
San Juan,capital,San Juan
gobernador real de La Florida,instancia de,cargo
gobernador real de La Florida,subclase de,gobernador
Universidad Católica de América,país,Estados Unidos
Universidad Católica de América,instancia de,universidad católica
Universidad Católica de América,situado en la entidad territorial administrativa,Washington D. C.
Universidad Católica de América,religión,Iglesia católica
Nueva Esparta,categoría de personas relacionadas,Categoría:Neoespartanos
Nueva Esparta,categoría para los mapas de este elemento,Categoría:Mapas de Nueva Esparta
Nueva Esparta,país,Venezuela
Nueva Esparta,instancia de,estado de Venezuela
Nueva Esparta,capital,La Asunción
Freddy Cachazo,Lugar de nacimiento,Venezuela
Freddy Cachazo,Ocupación,físico
Freddy Cachazo,Ciudadanía,Venezuela
Freddy Cachazo,Educado en,Universidad Harvard
Freddy Cachazo,Premio recibido,Medalla Gribov
Freddy Cachazo,Fecha de nacimiento,2000-01-01
Freddy Cachazo,Ocupación,físico teórico
Freddy Cachazo,Premio recibido,New Horizons in Physics Prize
Freddy Cachazo,Premio recibido,Rutherford Memorial Medal in Physics
Rafael Romero,Lugar de nacimiento,Maracaibo
Rafael Romero,Ocupación,atleta
Rafael Romero,Ciudadanía,Venezuela
Rafael Romero,Fecha de nacimiento,1938-03-24
Rafael Romero,Fecha de defunción,2021-08-15
Rafael Romero,Fecha de nacimiento,1938-05-22
Vicente Llobregat,Lugar de nacimiento,Alicante
Vicente Llobregat,Ocupación,árbitro de fútbol
Vicente Llobregat,Ciudadanía,Venezuela
Vicente Llobregat,Fecha de nacimiento,1932-10-28
Vicente Llobregat,Fecha de defunción,2011-08-06
físico,instancia de,profesión
físico,subclase de,científico físico
físico,ámbito de la ocupación,física
físico,categoría principal del tema,Categoría:Físicos
físico,diferente de,médico
Universidad Harvard,filial,Escuela de Medicina Harvard
Universidad Harvard,filial,Escuela de Derecho Harvard
Universidad Harvard,filial,Escuela de Negocios Harvard
Universidad Harvard,filial,Escuela de Gobierno John F. Kennedy
Medalla Gribov,instancia de,premio de física
Medalla Gribov,nombrado en referencia a,Vladimir Gribov
Medalla Gribov,conferido por,Sociedad Europea de Física
atleta,instancia de,ocupación
atleta,subclase de,deportista
atleta,ámbito de la ocupación,atletismo
atleta,ámbito de la ocupación,Máster
atleta,ámbito de la ocupación,atletismo de pista y campo
Alicante,jefe de gobierno,Luis Barcala
Alicante,país,España
Alicante,continente,Europa
Alicante,instancia de,ciudad
Alicante,instancia de,gran ciudad
árbitro de fútbol,instancia de,profesión
árbitro de fútbol,subclase de,árbitro
árbitro de fútbol,subclase de,oficial del partido
Augusto Brandt,Lugar de nacimiento,Puerto Cabello
Augusto Brandt,Ocupación,compositor
Augusto Brandt,Ciudadanía,Venezuela
Augusto Brandt,Fecha de nacimiento,1892-01-01
Augusto Brandt,Fecha de defunción,1942-01-01
Augusto Brandt,Ocupación,violinista
Margarita Cadenas,Lugar de nacimiento,Caracas
Margarita Cadenas,Ocupación,guionista
Margarita Cadenas,Ciudadanía,Venezuela
Margarita Cadenas,Fecha de nacimiento,1950-01-01
Margarita Cadenas,Ocupación,director de cine
José Gregorio Hernández,Lugar de nacimiento,Isnotú
José Gregorio Hernández,Ocupación,médico
José Gregorio Hernández,Ciudadanía,Venezuela
José Gregorio Hernández,Educado en,Universidad Central de Venezuela
José Gregorio Hernández,Empleador,Universidad Central de Venezuela
José Gregorio Hernández,Fecha de nacimiento,1864-10-26
José Gregorio Hernández,Fecha de defunción,1919-06-29
guionista,instancia de,profesión del cine
guionista,género,guion
guionista,subclase de,escritor
guionista,ámbito de la ocupación,escritura de guiones
guionista,categoría principal del tema,Categoría:Guionistas
director de cine,instancia de,profesión
director de cine,instancia de,profesión del cine
director de cine,subclase de,artista visual
director de cine,subclase de,profesional del cine
director de cine,subclase de,realizador
Isnotú,país,Venezuela
Isnotú,instancia de,asentamiento
Isnotú,situado en la entidad territorial administrativa,Municipio Rafael Rangel
Isnotú,se encuentra en el huso horario,UTC−4
Frederick Segura,Lugar de nacimiento,Valera
Frederick Segura,Ocupación,ciclista
Frederick Segura,Ciudadanía,Venezuela
Frederick Segura,Fecha de nacimiento,1979-01-16
Fredy Cedeño,Lugar de nacimiento,Caracas
Fredy Cedeño,Ocupación,voleibolista
Fredy Cedeño,Ciudadanía,Venezuela
Fredy Cedeño,Fecha de nacimiento,1981-09-10
Fredy Reyna,Lugar de nacimiento,Caracas
Fredy Reyna,Ocupación,músico
Fredy Reyna,Ciudadanía,Venezuela
Fredy Reyna,Fecha de nacimiento,1917-04-03
Fredy Reyna,Fecha de defunción,2001-03-26
Fredy Reyna,Ocupación,guitarrista
Fredy Reyna,Ocupación,profesor de música
Valera,categoría de personas relacionadas,Categoría:Valeranos
Valera,país,Venezuela
Valera,instancia de,ciudad
Valera,instancia de,gran ciudad
voleibolista,instancia de,profesión
voleibolista,subclase de,deportista
voleibolista,subclase de,jugador competitivo
voleibolista,ámbito de la ocupación,voleibol
voleibolista,ámbito de la ocupación,voleibol sentado
músico,instancia de,ocupación
músico,instancia de,profesión musical
músico,ocupación,pintor
músico,subclase de,artista
músico,ámbito de la ocupación,música
José Gregorio Valera,Ocupación,militar
José Gregorio Valera,Ciudadanía,Venezuela
José Gregorio Valera,Cargo,presidente de Venezuela
José Gregorio Valera,Fecha de nacimiento,1801-01-01
José Gregorio Valera,Fecha de defunción,1890-01-01
José Gregorio Valera,Ocupación,político
Victorino Márquez Bustillos,Lugar de nacimiento,Guanare
Victorino Márquez Bustillos,Ocupación,abogado
Victorino Márquez Bustillos,Ciudadanía,Venezuela
Victorino Márquez Bustillos,Cargo,presidente de Venezuela
Victorino Márquez Bustillos,Premio recibido,Caballero de la Gran Cruz de la Orden de Pío IX
Victorino Márquez Bustillos,Fecha de nacimiento,1858-11-02
Victorino Márquez Bustillos,Fecha de defunción,1941-01-10
Victorino Márquez Bustillos,Ocupación,político
Victorino Márquez Bustillos,Ocupación,periodista
Victorino Márquez Bustillos,Premio recibido,Gran Cruz de la Orden Civil de Alfonso XII
Victorino Márquez Bustillos,Cargo,diputado de Venezuela
Diana Arismendi,Lugar de nacimiento,Caracas
Diana Arismendi,Ocupación,compositor
Diana Arismendi,Ciudadanía,Venezuela
Diana Arismendi,Educado en,Universidad Católica de América
Diana Arismendi,Empleador,Universidad Simón Bolívar
Diana Arismendi,Fecha de nacimiento,1962-02-08
Diana Arismendi,Ocupación,profesor universitario
Diana Arismendi,Fecha de nacimiento,1962-11-08
Diana Arismendi,Educado en,École Normale de Musique de Paris
Diana Arismendi,Educado en,Conservatorio Nacional de Música Juan José Landaeta
Guanare,país,Venezuela
Guanare,instancia de,ciudad
Guanare,instancia de,gran ciudad
Guanare,situado en la entidad territorial administrativa,Venezuela
Guanare,ciudad hermana,Guadix
abogado,instancia de,profesión jurídica
abogado,subclase de,jurista
abogado,santo patrón,Catalina de Alejandría
abogado,santo patrón,Alfonso María de Ligorio
abogado,santo patrón,Raimundo de Peñafort
Caballero de la Gran Cruz de la Orden de Pío IX,país,Ciudad del Vaticano
Caballero de la Gran Cruz de la Orden de Pío IX,instancia de,grado de una orden
Caballero de la Gran Cruz de la Orden de Pío IX,subclase de,Gran Cruz
Caballero de la Gran Cruz de la Orden de Pío IX,forma parte de,Orden de Pío IX
Caballero de la Gran Cruz de la Orden de Pío IX,categoría principal del tema,Categoría:Ganadores de Caballero de la Gran Cruz de la Orden de Pío IX
Universidad Simón Bolívar,categoría para las personas que estudiaron en esta institución,Categoría:Alumnado de la Universidad Simón Bolívar
Universidad Simón Bolívar,categoría para empleados de la organización,Categoría:Profesores de la Universidad Simón Bolívar
Universidad Simón Bolívar,país,Venezuela
Universidad Simón Bolívar,instancia de,universidad pública
Rafael Mea Vitali,Lugar de nacimiento,Caracas
Rafael Mea Vitali,Ocupación,futbolista
Rafael Mea Vitali,Ciudadanía,Venezuela
Rafael Mea Vitali,Fecha de nacimiento,1975-02-17
Zair Montes,Lugar de nacimiento,Caracas
Zair Montes,Ocupación,actor
Zair Montes,Ciudadanía,Venezuela
Zair Montes,Fecha de nacimiento,1982-11-27
Gaspar Colón Moleiro,Ocupación,cantante de ópera
Gaspar Colón Moleiro,Ciudadanía,Estados Unidos
Gaspar Colón Moleiro,Fecha de nacimiento,1968-09-15
Gaspar Colón Moleiro,Ciudadanía,Venezuela
Giancarlo Maldonado,Lugar de nacimiento,Caracas
Giancarlo Maldonado,Ocupación,futbolista
Giancarlo Maldonado,Ciudadanía,Venezuela
Giancarlo Maldonado,Fecha de nacimiento,1982-06-29
Miku,Lugar de nacimiento,Caracas
Miku,Ocupación,futbolista
Miku,Ciudadanía,Venezuela
Miku,Fecha de nacimiento,1985-08-19
José Alarcón Morales,Lugar de nacimiento,El Vigía
José Alarcón Morales,Ocupación,ciclista
José Alarcón Morales,Ciudadanía,Venezuela
José Alarcón Morales,Fecha de nacimiento,1988-06-12
Richard Ochoa,Lugar de nacimiento,Valencia
Richard Ochoa,Ocupación,ciclista
Richard Ochoa,Ciudadanía,Venezuela
Richard Ochoa,Fecha de nacimiento,1984-02-14
Richard Ochoa,Fecha de defunción,2015-07-19
Richard Ochoa,Ocupación,ciclista de pista
El Vigía,país,Venezuela
El Vigía,instancia de,asentamiento
El Vigía,situado en la entidad territorial administrativa,Mérida
El Vigía,categoría principal del tema,Categoría:El Vigía
Freddy Jesús Fuemayor Suárez,Lugar de nacimiento,Maracaibo
Freddy Jesús Fuemayor Suárez,Ocupación,sacerdote católico
Freddy Jesús Fuemayor Suárez,Ciudadanía,Venezuela
Freddy Jesús Fuemayor Suárez,Cargo,obispo diocesano
Freddy Jesús Fuemayor Suárez,Fecha de nacimiento,1949-11-06
Freddy Jesús Fuemayor Suárez,Ocupación,obispo católico
Juan Vicente Lecuna,Lugar de nacimiento,Valencia
Juan Vicente Lecuna,Ocupación,compositor
Juan Vicente Lecuna,Ciudadanía,Venezuela
Juan Vicente Lecuna,Fecha de nacimiento,1899-11-20
Juan Vicente Lecuna,Fecha de defunción,1954-01-01
Juan Vicente Lecuna,Ocupación,diplomático
Juan Vicente Lecuna,Fecha de defunción,1954-04-16
Juan Alfonso Baptista,Lugar de nacimiento,Caracas
Juan Alfonso Baptista,Ocupación,actor
Juan Alfonso Baptista,Ciudadanía,España
Juan Alfonso Baptista,Fecha de nacimiento,1976-09-09
Juan Alfonso Baptista,Ocupación,actor de televisión
Juan Alfonso Baptista,Ciudadanía,Venezuela
España,jefe de gobierno,Pedro Sánchez
España,continente,Europa
España,instancia de,país
España,instancia de,Estado nación
España,instancia de,reino
actor de televisión,instancia de,profesión
actor de televisión,subclase de,actor
actor de televisión,ámbito de la ocupación,actuación para la televisión
actor de televisión,categoría principal del tema,Categoría:Actores de televisión
Ramón Rodríguez Chacín,Lugar de nacimiento,Municipio Santa Ana
Ramón Rodríguez Chacín,Ocupación,militar
Ramón Rodríguez Chacín,Ciudadanía,Venezuela
Ramón Rodríguez Chacín,Educado en,Academia Militar de la Armada Bolivariana
Ramón Rodríguez Chacín,Fecha de nacimiento,1951-11-09
Ramón Rodríguez Chacín,Ocupación,político
Hilda Abrahamz,Lugar de nacimiento,Caracas
Hilda Abrahamz,Ocupación,actor
Hilda Abrahamz,Ciudadanía,Venezuela
Hilda Abrahamz,Fecha de nacimiento,1959-11-14
Hilda Abrahamz,Ocupación,modelo
Hilda Abrahamz,Ocupación,participante en concursos de belleza
Municipio Santa Ana,país,Venezuela
Municipio Santa Ana,instancia de,municipio de Venezuela
Municipio Santa Ana,situado en la entidad territorial administrativa,Anzoátegui
Municipio Santa Ana,subdividido en (división administrativa),Parroquia Pueblo Nuevo
Municipio Santa Ana,subdividido en (división administrativa),Parroquia Santa Ana
Cristian Quintero,Lugar de nacimiento,Caracas
Cristian Quintero,Ocupación,nadador
Cristian Quintero,Ciudadanía,Venezuela
Cristian Quintero,Fecha de nacimiento,1992-10-14
Cristian Quintero,Lugar de nacimiento,Maracay
Rafael Acosta,Lugar de nacimiento,Caracas
Rafael Acosta,Ocupación,entrenador
Rafael Acosta,Ciudadanía,Venezuela
Rafael Acosta,Fecha de nacimiento,1989-02-13
Rafael Acosta,Ocupación,futbolista
Aníbal Sánchez,Lugar de nacimiento,Maracay
Aníbal Sánchez,Ocupación,beisbolista
Aníbal Sánchez,Ciudadanía,Venezuela
Aníbal Sánchez,Fecha de nacimiento,1984-02-27
nadador,instancia de,ocupación
nadador,subclase de,deportista
nadador,ámbito de la ocupación,natación
Argenis Chávez,Lugar de nacimiento,Sabaneta
Argenis Chávez,Ocupación,político
Argenis Chávez,Ciudadanía,Venezuela
Argenis Chávez,Fecha de nacimiento,1958-07-03
Dioni Guerra,Lugar de nacimiento,Puerto La Cruz
Dioni Guerra,Ocupación,entrenador
Dioni Guerra,Ciudadanía,Venezuela
Dioni Guerra,Fecha de nacimiento,1971-09-27
Dioni Guerra,Ocupación,futbolista
Alicia Machado,Lugar de nacimiento,Maracay
Alicia Machado,Ocupación,actor
Alicia Machado,Ciudadanía,Estados Unidos
Alicia Machado,Premio recibido,Miss Universo 1996
Alicia Machado,Fecha de nacimiento,1976-12-06
Alicia Machado,Ocupación,modelo
Alicia Machado,Ocupación,participante en concursos de belleza
Alicia Machado,Premio recibido,Miss Venezuela 1995
Alicia Machado,Premio recibido,La casa de los famosos
Alicia Machado,Ciudadanía,Venezuela
Puerto La Cruz,país,Venezuela
Puerto La Cruz,instancia de,ciudad
Puerto La Cruz,instancia de,gran ciudad
Puerto La Cruz,situado en la entidad territorial administrativa,Municipio Sotillo
Puerto La Cruz,categoría principal del tema,Categoría:Puerto La Cruz
Miss Universo 1996,instancia de,edición de concurso de belleza
Miss Universo 1996,serie,Miss Universo
Miss Universo 1996,ubicación,Theatre for the Performing Arts
Miss Universo 1996,presentador,Bob Goen
Miss Universo 1996,ganador,Alicia Machado
Roger Alier,Lugar de nacimiento,Los Teques
Roger Alier,Ocupación,escritor
Roger Alier,Ciudadanía,España
Roger Alier,Educado en,Universidad de Barcelona
Roger Alier,Empleador,Universidad de Barcelona
Roger Alier,Miembro de,Real Academia de Buenas Letras de Barcelona
Roger Alier,Fecha de nacimiento,1941-07-28
Roger Alier,Fecha de defunción,2023-06-29
Roger Alier,Ocupación,historiador
Roger Alier,Ocupación,crítico musical
Roger Alier,Ocupación,profesor universitario
Roger Alier,Ocupación,musicólogo
Roger Alier,Ocupación,historiador de la música
Roger Alier,Ciudadanía,Venezuela
Roger Alier,Educado en,Conservatorio Superior de Música del Liceo
Mario Rondón,Lugar de nacimiento,Caracas
Mario Rondón,Ocupación,futbolista
Mario Rondón,Ciudadanía,Portugal
Mario Rondón,Fecha de nacimiento,1986-03-26
Mario Rondón,Ciudadanía,Venezuela
José Tadeo Monagas,Lugar de nacimiento,Monagas
José Tadeo Monagas,Ocupación,político
José Tadeo Monagas,Ciudadanía,Venezuela
José Tadeo Monagas,Cargo,presidente
José Tadeo Monagas,Fecha de nacimiento,1784-10-28
José Tadeo Monagas,Fecha de defunción,1868-11-18
José Tadeo Monagas,Cargo,presidente de Venezuela
Los Teques,país,Venezuela
Los Teques,instancia de,ciudad
Los Teques,instancia de,gran ciudad
Los Teques,situado en la entidad territorial administrativa,Miranda
Los Teques,se encuentra en el huso horario,UTC−4
Universidad de Barcelona,país,España
Universidad de Barcelona,instancia de,universidad pública
Universidad de Barcelona,instancia de,editorial
Universidad de Barcelona,instancia de,organización educativa
Universidad de Barcelona,instancia de,editor de acceso abierto
Portugal,forma parte de,Unión Europea
Portugal,forma parte de,Espacio Económico Europeo
Portugal,forma parte de,Europa del suroeste
Portugal,santo patrón,San Jorge
Portugal,se encuentra en el huso horario,UTC±00:00
Monagas,categoría de personas relacionadas,Categoría:Monaguenses
Monagas,idioma usado,Idioma akawayo
Monagas,idioma usado,idioma guarao
Monagas,idioma usado,kariña
presidente,instancia de,cargo público
presidente,instancia de,cargo
presidente,precedido por,presidente electo
presidente,subclase de,jefe de Estado
presidente,subclase de,político
Carolina Tejera,Lugar de nacimiento,Caracas
Carolina Tejera,Ocupación,actor
Carolina Tejera,Ciudadanía,Venezuela
Carolina Tejera,Fecha de nacimiento,1976-10-14
Carolina Tejera,Ocupación,modelo
Milagros Sequera,Lugar de nacimiento,San Felipe
Milagros Sequera,Ocupación,tenista
Milagros Sequera,Ciudadanía,Venezuela
Milagros Sequera,Fecha de nacimiento,1980-09-30
Majandra Delfino,Lugar de nacimiento,Caracas
Majandra Delfino,Ocupación,actor
Majandra Delfino,Ciudadanía,Estados Unidos
Majandra Delfino,Educado en,Ransom Everglades School
Majandra Delfino,Fecha de nacimiento,1981-02-20
Majandra Delfino,Ocupación,compositor
Majandra Delfino,Ocupación,cantante
Majandra Delfino,Ocupación,cantautor
Majandra Delfino,Ocupación,actor de televisión
Majandra Delfino,Ocupación,actor de cine
Majandra Delfino,Ciudadanía,Venezuela
San Felipe,país,Venezuela
San Felipe,instancia de,ciudad
San Felipe,situado en la entidad territorial administrativa,Yaracuy
San Felipe,se encuentra en el huso horario,UTC-05:00
tenista,instancia de,profesión
tenista,subclase de,deportista
tenista,subclase de,jugador competitivo
tenista,ámbito de la ocupación,tenis
tenista,ámbito de la ocupación,tenis femenino
Isaías Medina Angarita,Lugar de nacimiento,San Cristóbal
Isaías Medina Angarita,Ocupación,militar
Isaías Medina Angarita,Ciudadanía,Venezuela
Isaías Medina Angarita,Cargo,presidente de Venezuela
Isaías Medina Angarita,Fecha de nacimiento,1897-07-06
Isaías Medina Angarita,Fecha de defunción,1953-09-15
Isaías Medina Angarita,Ocupación,político
Guillermo Pérez,Lugar de nacimiento,Caracas
Guillermo Pérez,Ocupación,actor
Guillermo Pérez,Ciudadanía,Venezuela
Guillermo Pérez,Fecha de nacimiento,1971-01-28
Guillermo Pérez,Ocupación,modelo
Guillermo Pérez,Ocupación,actor de televisión
Alirio Díaz,Lugar de nacimiento,Carora
Alirio Díaz,Ocupación,compositor
Alirio Díaz,Ciudadanía,Venezuela
Alirio Díaz,Educado en,Accademia Musicale Chigiana
Alirio Díaz,Premio recibido,Premio Nacional de Música de Venezuela
Alirio Díaz,Fecha de nacimiento,1923-11-12
Alirio Díaz,Fecha de defunción,2016-07-05
Alirio Díaz,Ocupación,músico
Alirio Díaz,Ocupación,guitarrista
Alirio Díaz,Ocupación,guitarrista clásico
San Cristóbal,país,Venezuela
San Cristóbal,instancia de,ciudad
San Cristóbal,instancia de,gran ciudad
San Cristóbal,situado en la entidad territorial administrativa,Municipio San Cristóbal
San Cristóbal,ciudad hermana,La Ceiba
Carora,país,Venezuela
Carora,instancia de,ciudad
Carora,instancia de,gran ciudad
Carora,situado en la entidad territorial administrativa,Municipio Torres
Carora,categoría principal del tema,Categoría:Carora
Accademia Musicale Chigiana,país,Italia
Accademia Musicale Chigiana,instancia de,organización
Accademia Musicale Chigiana,instancia de,conservatorio de música
Accademia Musicale Chigiana,instancia de,academia de música
Accademia Musicale Chigiana,instancia de,concurso de música clásica
Premio Nacional de Música de Venezuela,país,Venezuela
Premio Nacional de Música de Venezuela,instancia de,premio de música
Premio Nacional de Música de Venezuela,instancia de,categoría de un premio
Premio Nacional de Música de Venezuela,forma parte de,Premios Nacionales de Cultura de Venezuela
José María Benítez,Lugar de nacimiento,La Victoria
José María Benítez,Ocupación,médico
José María Benítez,Ciudadanía,Venezuela
José María Benítez,Fecha de nacimiento,1790-01-01
José María Benítez,Fecha de defunción,1855-01-01
José María Benítez,Ocupación,botánico
Rodolfo González,Lugar de nacimiento,Caracas
Rodolfo González,Ocupación,piloto de automovilismo
Rodolfo González,Ciudadanía,Venezuela
Rodolfo González,Educado en,City College Norwich
Rodolfo González,Fecha de nacimiento,1986-05-14
Rodolfo González,Ocupación,piloto de Fórmula Uno
Moisés Kaufman,Lugar de nacimiento,Caracas
Moisés Kaufman,Ocupación,escritor
Moisés Kaufman,Ciudadanía,Venezuela
Moisés Kaufman,Educado en,Universidad de Nueva York
Moisés Kaufman,Premio recibido,Premio Literario Lambda
Moisés Kaufman,Fecha de nacimiento,1963-11-21
Moisés Kaufman,Ocupación,dramaturgo
Moisés Kaufman,Ocupación,director de cine
Moisés Kaufman,Ocupación,director de teatro
Moisés Kaufman,Premio recibido,Beca Guggenheim
Moisés Kaufman,Educado en,Universidad Metropolitana
La Victoria,país,Venezuela
La Victoria,instancia de,ciudad
La Victoria,instancia de,gran ciudad
La Victoria,situado en la entidad territorial administrativa,Municipio Ribas
La Victoria,categoría principal del tema,Categoría:La Victoria (Venezuela)
Universidad de Nueva York,país,Estados Unidos
Universidad de Nueva York,instancia de,escuela
Universidad de Nueva York,instancia de,lugar de trabajo
Universidad de Nueva York,instancia de,universidad privada
Universidad de Nueva York,instancia de,universidad de investigación
Premio Literario Lambda,país,Estados Unidos
Premio Literario Lambda,instancia de,grupo de premios
Manuel Piar,Lugar de nacimiento,Willemstad
Manuel Piar,Ocupación,militar
Manuel Piar,Ciudadanía,Venezuela
Manuel Piar,Fecha de nacimiento,1774-04-28
Manuel Piar,Fecha de defunción,1817-10-16
Bruno Palli,Lugar de nacimiento,Maracay
Bruno Palli,Ocupación,ingeniero
Bruno Palli,Ciudadanía,Venezuela
Bruno Palli,Fecha de nacimiento,1991-07-29
Bruno Palli,Ocupación,piloto de automovilismo
Fabiola Colmenares,Lugar de nacimiento,Barquisimeto
Fabiola Colmenares,Ocupación,modelo
Fabiola Colmenares,Ciudadanía,Venezuela
Fabiola Colmenares,Educado en,Universidad Centroccidental Lisandro Alvarado
Fabiola Colmenares,Fecha de nacimiento,1974-08-28
Willemstad,categoría principal del tema,Categoría:Willemstad
Willemstad,descrito en la fuente,Gran Enciclopedia Soviética (1926—1947)
Willemstad,capital de,Curazao
Willemstad,categoría para las personas que nacieron aquí,Categoría:Nacidos en Willemstad
Willemstad,categoría de personas relacionadas,Categoría:Personas de Willemstad
ingeniero,categoría relacionada,Categoría:Ingenieros químicos
ingeniero,instancia de,profesión
ingeniero,instancia de,cargo
ingeniero,elemento operado,producto
Universidad Centroccidental Lisandro Alvarado,país,Venezuela
Universidad Centroccidental Lisandro Alvarado,instancia de,universidad pública
Universidad Centroccidental Lisandro Alvarado,instancia de,editor de acceso abierto
Universidad Centroccidental Lisandro Alvarado,ubicación de la sede,Barquisimeto
Universidad Centroccidental Lisandro Alvarado,miembro de,Centro Interuniversitario de Desarrollo
José Torrealba,Lugar de nacimiento,Acarigua
José Torrealba,Ocupación,futbolista
José Torrealba,Ciudadanía,Venezuela
José Torrealba,Fecha de nacimiento,1980-06-13
Rafael de Nogales Méndez,Lugar de nacimiento,San Cristóbal
Rafael de Nogales Méndez,Ocupación,escritor
Rafael de Nogales Méndez,Ciudadanía,Venezuela
Rafael de Nogales Méndez,Premio recibido,Cruz de Hierro de 1.ª clase
Rafael de Nogales Méndez,Fecha de nacimiento,1879-10-14
Rafael de Nogales Méndez,Fecha de defunción,1937-07-10
Rafael de Nogales Méndez,Ocupación,militar
José Sótero Valero Ruz,Lugar de nacimiento,Timotes
José Sótero Valero Ruz,Ocupación,sacerdote católico
José Sótero Valero Ruz,Ciudadanía,Venezuela
José Sótero Valero Ruz,Cargo,obispo auxiliar
José Sótero Valero Ruz,Fecha de nacimiento,1936-04-22
José Sótero Valero Ruz,Fecha de defunción,2012-06-29
José Sótero Valero Ruz,Ocupación,obispo católico
José Sótero Valero Ruz,Cargo,obispo titular
José Sótero Valero Ruz,Cargo,obispo diocesano
Acarigua,categoría de personas relacionadas,Categoría:Acarigüeños
Acarigua,país,Venezuela
Acarigua,instancia de,ciudad
Acarigua,instancia de,gran ciudad
Acarigua,situado en la entidad territorial administrativa,Municipio Páez
Cruz de Hierro de 1.ª clase,instancia de,grado de una orden
Cruz de Hierro de 1.ª clase,subclase de,Cruz de Hierro
Cruz de Hierro de 1.ª clase,forma parte de,Cruz de Hierro
Cruz de Hierro de 1.ª clase,categoría para los galardonados con este premio,Categoría:Condecorados con la primera clase de la Cruz de Hierro
Timotes,país,Venezuela
Timotes,instancia de,asentamiento
Timotes,situado en la entidad territorial administrativa,Mérida
Timotes,se encuentra en el huso horario,UTC−4
obispo auxiliar,instancia de,función episcopal
obispo auxiliar,instancia de,vocación católica
obispo auxiliar,religión,catolicismo
obispo auxiliar,subclase de,obispo
obispo auxiliar,subclase de,obispo católico
Fernando Nieve,Lugar de nacimiento,Puerto Cabello
Fernando Nieve,Ocupación,beisbolista
Fernando Nieve,Ciudadanía,Venezuela
Fernando Nieve,Fecha de nacimiento,1982-07-15
Luis Posada Carriles,Lugar de nacimiento,Cienfuegos
Luis Posada Carriles,Ocupación,espía
Luis Posada Carriles,Ciudadanía,Venezuela
Luis Posada Carriles,Educado en,Universidad de La Habana
Luis Posada Carriles,Empleador,Agencia Central de Inteligencia
Luis Posada Carriles,Fecha de nacimiento,1928-02-15
Luis Posada Carriles,Fecha de defunción,2018-05-23
Luis Posada Carriles,Ocupación,terrorista
Cienfuegos,país,Cuba
Cienfuegos,instancia de,ciudad
Cienfuegos,instancia de,municipio de Cuba
Cienfuegos,instancia de,gran ciudad
Cienfuegos,situado en la entidad territorial administrativa,Provincia de Cienfuegos
espía,instancia de,profesión
espía,subclase de,agente de inteligencia
espía,ámbito de la ocupación,espionaje
espía,se dice que es lo mismo que,gastador
espía,opuesto a,gastador
Universidad de La Habana,país,Cuba
Universidad de La Habana,instancia de,universidad pública
Universidad de La Habana,instancia de,editor de acceso abierto
Universidad de La Habana,fundador,Inocencio XIII
Universidad de La Habana,situado en la entidad territorial administrativa,La Habana
Agencia Central de Inteligencia,país,Estados Unidos
Agencia Central de Inteligencia,instancia de,agencias independientes del gobierno de Estados Unidos
Agencia Central de Inteligencia,instancia de,Servicio de Inteligencia Extranjera
Agencia Central de Inteligencia,campo de trabajo,espionaje
Agencia Central de Inteligencia,campo de trabajo,contraespionaje
Arturo Uslar Pietri,Lugar de nacimiento,Caracas
Arturo Uslar Pietri,Ocupación,historiador
Arturo Uslar Pietri,Ciudadanía,Venezuela
Arturo Uslar Pietri,Educado en,Universidad Central de Venezuela
Arturo Uslar Pietri,Empleador,El Nacional
Arturo Uslar Pietri,Miembro de,Academia Venezolana de la Lengua
Arturo Uslar Pietri,Cargo,diputado de Venezuela
Arturo Uslar Pietri,Premio recibido,Orden del Cóndor de los Andes
Arturo Uslar Pietri,Fecha de nacimiento,1906-05-16
Arturo Uslar Pietri,Fecha de defunción,2001-02-26
Arturo Uslar Pietri,Ocupación,dramaturgo
Arturo Uslar Pietri,Ocupación,biógrafo
Arturo Uslar Pietri,Ocupación,periodista
Arturo Uslar Pietri,Ocupación,crítico literario
Arturo Uslar Pietri,Ocupación,ensayista
Arturo Uslar Pietri,Ocupación,escritor
Arturo Uslar Pietri,Premio recibido,doctor honoris causa por la Universidad de París X Nanterre
Arturo Uslar Pietri,Ocupación,abogado
Arturo Uslar Pietri,Ocupación,poeta
Arturo Uslar Pietri,Ocupación,político
Arturo Uslar Pietri,Ocupación,bibliotecario
Arturo Uslar Pietri,Ocupación,diplomático
Arturo Uslar Pietri,Miembro de,Academia Nacional de la Historia
Tareck El Aissami,Lugar de nacimiento,El Vigía
Tareck El Aissami,Ocupación,abogado
Tareck El Aissami,Ciudadanía,Venezuela
Tareck El Aissami,Educado en,Universidad de Los Andes
Tareck El Aissami,Cargo,vicepresidente
Tareck El Aissami,Fecha de nacimiento,1974-11-12
Tareck El Aissami,Ocupación,político
Tareck El Aissami,Ocupación,criminólogo
Tareck El Aissami,Cargo,Asamblea Nacional
Tareck El Aissami,Cargo,Vicepresidente de Venezuela
Tareck El Aissami,Cargo,Gobernador de Aragua
Tareck El Aissami,Cargo,diputado de Venezuela
Tareck El Aissami,Cargo,Minister of People's Power of Petroleum
Arturo Uslar Pietri,Empleador,Universidad Central de Venezuela
Arturo Uslar Pietri,Premio recibido,Gran Cruz de la Orden Nacional de la Legión de Honor
Arturo Uslar Pietri,Premio recibido,Gran Cruz de la Orden de Isabel la Católica
Arturo Uslar Pietri,Premio recibido,Gran Cruz de la Orden Civil de Alfonso X el Sabio
Manuel Caballero,Lugar de nacimiento,Barquisimeto
Manuel Caballero,Ocupación,historiador
Manuel Caballero,Ciudadanía,Venezuela
Manuel Caballero,Educado en,University College de Londres
Manuel Caballero,Empleador,Universidad Central de Venezuela
Manuel Caballero,Fecha de nacimiento,1931-12-05
Manuel Caballero,Fecha de defunción,2010-12-12
Manuel Caballero,Ocupación,periodista
Manuel Caballero,Ocupación,crítico literario
Manuel Caballero,Educado en,Universidad Central de Venezuela
Arturo Uslar Pietri,Premio recibido,Premio María Moors Cabot
Arturo Uslar Pietri,Premio recibido,Orden Mexicana del Águila Azteca
Arturo Uslar Pietri,Premio recibido,Premio Rómulo Gallegos
Arturo Uslar Pietri,Premio recibido,Orden del Libertador
Arturo Uslar Pietri,Premio recibido,Orden de Boyacá
Arturo Uslar Pietri,Premio recibido,Premio Princesa de Asturias de las Letras
Arturo Uslar Pietri,Premio recibido,Premio Internacional Alfonso Reyes
Arturo Uslar Pietri,Premio recibido,Premio Nacional de Literatura
historiador,categoría que contiene subcategorías epónimas,Categoría:Categorías de historiadores
historiador,instancia de,profesión
historiador,subclase de,académico de humanidades
historiador,ámbito de la ocupación,historiografía
El Nacional,país,Venezuela
El Nacional,instancia de,periódico
El Nacional,instancia de,diario
El Nacional,instancia de,periódico en línea
El Nacional,ubicación de la sede,Caracas
vicepresidente,instancia de,cargo
vicepresidente,instancia de,título corporativo
vicepresidente,instancia de,ocupación
vicepresidente,subclase de,presidente
vicepresidente,subclase de,adjunto
University College de Londres,país,Reino Unido
University College de Londres,instancia de,institución educativa universitaria
University College de Londres,instancia de,institución académica
University College de Londres,instancia de,organización educativa
University College de Londres,instancia de,escuela universitaria
Carlos Cristancho Rojas,Ocupación,diplomático
Carlos Cristancho Rojas,Ciudadanía,Venezuela
Carlos Cristancho Rojas,Premio recibido,Cruz federal de la República de Alemania al mérito
Carlos Cristancho Rojas,Fecha de nacimiento,2000-01-01
Raúl Borges,Lugar de nacimiento,Caracas
Raúl Borges,Ocupación,compositor
Raúl Borges,Ciudadanía,Venezuela
Raúl Borges,Fecha de nacimiento,1882-02-04
Raúl Borges,Fecha de defunción,1967-06-24
Raúl Borges,Ocupación,profesor de música
Raúl Borges,Ocupación,guitarrista clásico
Raúl Borges,Fecha de defunción,1967-11-24
Silvio Fernández,Lugar de nacimiento,Caracas
Silvio Fernández,Ocupación,esgrimista
Silvio Fernández,Ciudadanía,Venezuela
Silvio Fernández,Fecha de nacimiento,1979-01-09
diplomático,instancia de,profesión
diplomático,instancia de,título corporativo
diplomático,subclase de,estadista
diplomático,subclase de,alto cargo
diplomático,ámbito de la ocupación,diplomacia
Cruz federal de la República de Alemania al mérito,país,Alemania
Cruz federal de la República de Alemania al mérito,instancia de,grado de una orden
Cruz federal de la República de Alemania al mérito,subclase de,Gran Cruz
Cruz federal de la República de Alemania al mérito,forma parte de,Orden del Mérito de la República Federal de Alemania
Cruz federal de la República de Alemania al mérito,categoría para los galardonados con este premio,Categoría:Ganadores de la Cruz federal del la República del Alemania al mérito
esgrimista,instancia de,ocupación
esgrimista,subclase de,deportista
esgrimista,ámbito de la ocupación,esgrima
esgrimista,categoría principal del tema,Categoría:Esgrimidores
Eduardo Herrera Riera,Lugar de nacimiento,Carora
Eduardo Herrera Riera,Ocupación,sacerdote católico
Eduardo Herrera Riera,Ciudadanía,Venezuela
Eduardo Herrera Riera,Cargo,obispo auxiliar
Eduardo Herrera Riera,Fecha de nacimiento,1927-09-07
Eduardo Herrera Riera,Fecha de defunción,2012-10-27
Eduardo Herrera Riera,Ocupación,obispo católico
Eduardo Herrera Riera,Ocupación,teólogo
Eduardo Herrera Riera,Cargo,obispo titular
Eduardo Herrera Riera,Cargo,obispo diocesano
Eduardo Herrera Riera,Cargo,obispo de Carora
Manuel Medina,Lugar de nacimiento,Aragua de Barcelona
Manuel Medina,Ocupación,ciclista
Manuel Medina,Ciudadanía,Venezuela
Manuel Medina,Fecha de nacimiento,1976-07-14
Alfredo Sadel,Lugar de nacimiento,Caracas
Alfredo Sadel,Ocupación,actor
Alfredo Sadel,Ciudadanía,Venezuela
Alfredo Sadel,Fecha de nacimiento,1930-02-22
Alfredo Sadel,Fecha de defunción,1989-06-28
Alfredo Sadel,Ocupación,compositor
Alfredo Sadel,Ocupación,cantante
Esteban Gil Borges,Lugar de nacimiento,Caracas
Esteban Gil Borges,Ocupación,juez
Esteban Gil Borges,Ciudadanía,Venezuela
Esteban Gil Borges,Educado en,Universidad Central de Venezuela
Esteban Gil Borges,Empleador,Universidad Central de Venezuela
Esteban Gil Borges,Miembro de,Academia Venezolana de la Lengua
Esteban Gil Borges,Cargo,embajador
Esteban Gil Borges,Premio recibido,Orden de Isabel la Católica
Esteban Gil Borges,Fecha de nacimiento,1879-01-01
Esteban Gil Borges,Fecha de defunción,1942-08-03
Esteban Gil Borges,Ocupación,abogado
Esteban Gil Borges,Ocupación,diplomático
Esteban Gil Borges,Premio recibido,Gran Cruz de la Orden de Isabel la Católica
Adina Izarra,Lugar de nacimiento,Caracas
Adina Izarra,Ocupación,compositor
Adina Izarra,Ciudadanía,Venezuela
Adina Izarra,Educado en,Universidad de York
Adina Izarra,Empleador,Conservatorio Nacional de Música Juan José Landaeta
Adina Izarra,Fecha de nacimiento,1959-01-01
Adina Izarra,Ocupación,profesor universitario
Adina Izarra,Ocupación,profesor de música
Adina Izarra,Ocupación,artista de sonido
Adina Izarra,Empleador,Universidad de las Artes
juez,instancia de,embede
juez,instancia de,profesión jurídica
juez,instancia de,grupo de ocupaciones de la CIUO
juez,subclase de,jurista
Universidad de York,país,Canadá
Universidad de York,instancia de,universidad
Universidad de York,fundador,Murray G. Ross
Universidad de York,situado en la entidad territorial administrativa,Toronto
Universidad de York,religión,catolicismo
Conservatorio Nacional de Música Juan José Landaeta,país,Venezuela
Conservatorio Nacional de Música Juan José Landaeta,instancia de,conservatorio de música
Conservatorio Nacional de Música Juan José Landaeta,fundador,Ángel Sauce
Conservatorio Nacional de Música Juan José Landaeta,nombrado en referencia a,Juan José Landaeta
Conservatorio Nacional de Música Juan José Landaeta,ubicación de la sede,Municipio Baruta
Rosmeri Marval,Lugar de nacimiento,Los Teques
Rosmeri Marval,Ocupación,actor
Rosmeri Marval,Ciudadanía,Venezuela
Rosmeri Marval,Fecha de nacimiento,1991-12-18
Rosmeri Marval,Ocupación,cantante
Rosmeri Marval,Ocupación,modelo
Fernando Aristeguieta,Lugar de nacimiento,Caracas
Fernando Aristeguieta,Ocupación,futbolista
Fernando Aristeguieta,Ciudadanía,Venezuela
Fernando Aristeguieta,Educado en,Cushing Academy
Fernando Aristeguieta,Fecha de nacimiento,1992-04-09
Andrés Mistage,Lugar de nacimiento,Valencia
Andrés Mistage,Ocupación,actor de televisión
Andrés Mistage,Ciudadanía,Venezuela
Andrés Mistage,Fecha de nacimiento,1981-09-11
Andrés Mistage,Ocupación,participante en concursos de belleza
cantante,instancia de,grupo de ocupaciones de la CIUO
cantante,instancia de,ocupación en la música
cantante,subclase de,músico
cantante,ámbito de la ocupación,canto
Carolina Herrera,Lugar de nacimiento,Caracas
Carolina Herrera,Ocupación,empresario
Carolina Herrera,Ciudadanía,Estados Unidos
Carolina Herrera,Premio recibido,Medalla de Oro al Mérito en las Bellas Artes
Carolina Herrera,Fecha de nacimiento,1939-01-08
Carolina Herrera,Ocupación,diseñador de moda
Carolina Herrera,Premio recibido,Premio CFDA a la trayectoria
Carolina Herrera,Ciudadanía,Venezuela
Cristóbal Lander,Lugar de nacimiento,Caracas
Cristóbal Lander,Ocupación,actor
Cristóbal Lander,Ciudadanía,Venezuela
Cristóbal Lander,Fecha de nacimiento,1975-06-08
Cristóbal Lander,Ocupación,modelo
Cristóbal Lander,Ocupación,actor de televisión
Manny Piña,Lugar de nacimiento,Barquisimeto
Manny Piña,Ocupación,beisbolista
Manny Piña,Ciudadanía,Venezuela
Manny Piña,Fecha de nacimiento,1987-06-05
empresario,instancia de,profesión
empresario,instancia de,persona jurídica
empresario,instancia de,ocupación
empresario,instancia de,concepto económico
Medalla de Oro al Mérito en las Bellas Artes,país,España
Medalla de Oro al Mérito en las Bellas Artes,instancia de,premio artístico
Medalla de Oro al Mérito en las Bellas Artes,instancia de,condecoración civil
Medalla de Oro al Mérito en las Bellas Artes,categoría principal del tema,Categoría:Medalla de Oro al Mérito en las Bellas Artes
Medalla de Oro al Mérito en las Bellas Artes,conferido por,"Ministerio de Educación, Cultura y Deporte de España"
José Vicente Rangel,Lugar de nacimiento,Caracas
José Vicente Rangel,Ocupación,abogado
José Vicente Rangel,Ciudadanía,Venezuela
José Vicente Rangel,Educado en,Universidad de Salamanca
José Vicente Rangel,Cargo,Vicepresidente de Venezuela
José Vicente Rangel,Fecha de nacimiento,1929-07-10
José Vicente Rangel,Fecha de defunción,2020-12-18
José Vicente Rangel,Ocupación,político
José Vicente Rangel,Ocupación,diplomático
José Vicente Rangel,Ocupación,periodista
José Vicente Rangel,Educado en,Universidad Central de Venezuela
José Vicente Rangel,Educado en,Universidad de Santiago de Compostela
José Vicente Rangel,Cargo,diputado de Venezuela
José Vicente Rangel,Cargo,Ministro de Relaciones Exteriores de Venezuela
José Vicente Rangel,Cargo,Ministro del Poder Popular para la Defensa
Édgar Sanabria,Lugar de nacimiento,Caracas
Édgar Sanabria,Ocupación,abogado
Édgar Sanabria,Ciudadanía,Venezuela
Édgar Sanabria,Educado en,Universidad Central de Venezuela
Édgar Sanabria,Empleador,Universidad Central de Venezuela
Édgar Sanabria,Cargo,embajador
Édgar Sanabria,Premio recibido,Gran Cruz de la Orden de Isabel la Católica
Édgar Sanabria,Fecha de nacimiento,1911-10-03
Édgar Sanabria,Fecha de defunción,1989-04-24
Édgar Sanabria,Ocupación,diplomático
Édgar Sanabria,Ocupación,profesor universitario
Édgar Sanabria,Premio recibido,Gran Cruz de la Orden El Sol del Perú
Édgar Sanabria,Cargo,presidente de Venezuela
Yohandry Orozco,Lugar de nacimiento,Maracaibo
Yohandry Orozco,Ocupación,futbolista
Yohandry Orozco,Ciudadanía,Venezuela
Yohandry Orozco,Fecha de nacimiento,1991-03-19
Universidad de Salamanca,país,España
Universidad de Salamanca,instancia de,universidad pública
Universidad de Salamanca,instancia de,editor de acceso abierto
Universidad de Salamanca,situado en la entidad territorial administrativa,Salamanca
Universidad de Salamanca,ubicación de la sede,Salamanca
Vicepresidente de Venezuela,país,Venezuela
Vicepresidente de Venezuela,instancia de,cargo
Vicepresidente de Venezuela,subclase de,vicepresidente
Vicepresidente de Venezuela,forma parte de,Poder Ejecutivo Nacional
Vicepresidente de Venezuela,designado por,presidente de Venezuela
Nicolás Pereira,Lugar de nacimiento,Salto
Nicolás Pereira,Ocupación,tenista
Nicolás Pereira,Ciudadanía,Uruguay
Nicolás Pereira,Fecha de nacimiento,1970-09-29
Nicolás Pereira,Ciudadanía,Venezuela
Ivian Sarcos,Lugar de nacimiento,Guanare
Ivian Sarcos,Ocupación,modelo
Ivian Sarcos,Ciudadanía,Venezuela
Ivian Sarcos,Educado en,Universidad Central de Venezuela
Ivian Sarcos,Fecha de nacimiento,1989-07-26
Ivian Sarcos,Ocupación,participante en concursos de belleza
Engels Pedroza,Lugar de nacimiento,San Carlos
Engels Pedroza,Ocupación,boxeador
Engels Pedroza,Ciudadanía,Venezuela
Engels Pedroza,Fecha de nacimiento,1966-09-26
Salto,país,Uruguay
Salto,instancia de,ciudad fronteriza
Salto,instancia de,gran ciudad
Salto,situado en la entidad territorial administrativa,Departamento de Salto
Salto,ciudad hermana,Goya
Uruguay,forma parte de,América del Sur
Uruguay,forma parte de,América Latina
Uruguay,forma parte de,Cono Sur
Uruguay,forma parte de,Anexo:Paraísos fiscales según la Unión Europea
Uruguay,se encuentra en el huso horario,UTC−3
San Carlos,evento significativo,Asedio de San Carlos
San Carlos,categoría principal del tema,Categoría:San Carlos (Venezuela)
San Carlos,capital de,Cojedes
San Carlos,diferente de,San Carlos
San Carlos,país,Venezuela
Federico Ruiz,Lugar de nacimiento,Caracas
Federico Ruiz,Ocupación,compositor
Federico Ruiz,Ciudadanía,Venezuela
Federico Ruiz,Fecha de nacimiento,1948-01-01
Joaquín José Morón Hidalgo,Lugar de nacimiento,Boconó
Joaquín José Morón Hidalgo,Ocupación,sacerdote católico
Joaquín José Morón Hidalgo,Ciudadanía,Venezuela
Joaquín José Morón Hidalgo,Cargo,obispo diocesano
Joaquín José Morón Hidalgo,Fecha de nacimiento,1942-08-16
Joaquín José Morón Hidalgo,Fecha de defunción,2013-10-30
Joaquín José Morón Hidalgo,Ocupación,obispo católico
Federico Moleiro Camero,Lugar de nacimiento,Caracas
Federico Moleiro Camero,Ocupación,escritor
Federico Moleiro Camero,Ciudadanía,Venezuela
Federico Moleiro Camero,Fecha de nacimiento,1939-02-18
Boconó,país,Venezuela
Boconó,instancia de,ciudad
Boconó,situado en la entidad territorial administrativa,Trujillo
Boconó,se encuentra en el huso horario,UTC−4
Boconó,categoría principal del tema,Categoría:Boconó
Francisco de Miranda,Lugar de nacimiento,Caracas
Francisco de Miranda,Ocupación,escritor
Francisco de Miranda,Ciudadanía,España
Francisco de Miranda,Educado en,Universidad Central de Venezuela
Francisco de Miranda,Cargo,presidente de Venezuela
Francisco de Miranda,Premio recibido,Nombres inscritos en el Arco de Triunfo de París
Francisco de Miranda,Fecha de nacimiento,1750-03-28
Francisco de Miranda,Fecha de defunción,1816-07-14
Francisco de Miranda,Ocupación,político
Francisco de Miranda,Ocupación,traductor
Francisco de Miranda,Ocupación,soldado
Francisco de Miranda,Ciudadanía,Venezuela
Juan Arango,Lugar de nacimiento,Maracay
Juan Arango,Ocupación,futbolista
Juan Arango,Ciudadanía,España
Juan Arango,Fecha de nacimiento,1980-05-16
Juan Arango,Fecha de nacimiento,1980-05-17
Juan Arango,Ciudadanía,Venezuela
Fernando Amorebieta,Lugar de nacimiento,Cantaura
Fernando Amorebieta,Ocupación,entrenador
Fernando Amorebieta,Ciudadanía,España
Fernando Amorebieta,Fecha de nacimiento,1985-03-29
Fernando Amorebieta,Ocupación,futbolista
Fernando Amorebieta,Ciudadanía,Venezuela
España,miembro de,Unión Europea
España,miembro de,Organización de las Naciones Unidas
España,miembro de,OTAN
España,miembro de,UNESCO
España,miembro de,Organización Mundial de la Salud
futbolista,vestimenta,Equipamiento de los futbolistas
Cantaura,país,Venezuela
Cantaura,instancia de,ciudad
Cantaura,situado en la entidad territorial administrativa,Municipio Freites
Cantaura,situado en la entidad territorial administrativa,Parroquia Cantaura
Charles Brewer Carías,Lugar de nacimiento,Caracas
Charles Brewer Carías,Ocupación,fotógrafo
Charles Brewer Carías,Ciudadanía,Venezuela
Charles Brewer Carías,Fecha de nacimiento,1938-09-10
Charles Brewer Carías,Ocupación,biólogo
Charles Brewer Carías,Ocupación,antropólogo
Charles Brewer Carías,Ocupación,explorador
Octavio Lepage,Lugar de nacimiento,Parroquia Santa Rosa
Octavio Lepage,Ocupación,abogado
Octavio Lepage,Ciudadanía,Venezuela
Octavio Lepage,Educado en,Universidad Central de Venezuela
Octavio Lepage,Cargo,ministerio del Interior
Octavio Lepage,Fecha de nacimiento,1923-11-24
Octavio Lepage,Fecha de defunción,2017-01-06
Octavio Lepage,Ocupación,político
Octavio Lepage,Cargo,presidente de Venezuela
Octavio Lepage,Cargo,diputado de Venezuela
Octavio Lepage,Cargo,senador de Venezuela
Lupita Ferrer,Lugar de nacimiento,Maracaibo
Lupita Ferrer,Ocupación,actor
Lupita Ferrer,Ciudadanía,Venezuela
Lupita Ferrer,Fecha de nacimiento,1947-12-06
Lupita Ferrer,Ocupación,actor de televisión
fotógrafo,instancia de,ocupación
fotógrafo,instancia de,agente
fotógrafo,subclase de,artista visual
fotógrafo,santo patrón,Verónica
biólogo,instancia de,profesión
biólogo,subclase de,científico
biólogo,ámbito de la ocupación,biología
biólogo,categoría principal del tema,Categoría:Biólogos
biólogo,parcialmente coincidente con,naturalista
Parroquia Santa Rosa,país,Venezuela
Parroquia Santa Rosa,instancia de,parroquia civil de Venezuela
Parroquia Santa Rosa,situado en la entidad territorial administrativa,Anzoátegui
Parroquia Santa Rosa,situado en la entidad territorial administrativa,Municipio Freites
Parroquia Santa Rosa,forma parte de,Municipio Freites
abogado,diferente de,jurista
abogado,diferente de,procurador
abogado,diferente de,aguacate
abogado,lista de interés para el proyecto Wikimedia,Wikipedia:Lista de artículos que toda Wikipedia debería tener/Expandida
ministerio del Interior,subclase de,ministerio
ministerio del Interior,categoría principal del tema,Categoría:Ministerios del Interior
ministerio del Interior,cargo ocupado por el dirigente,ministro del Interior
Josefina Benedetti,Lugar de nacimiento,New Haven
Josefina Benedetti,Ocupación,compositor
Josefina Benedetti,Ciudadanía,Estados Unidos
Josefina Benedetti,Educado en,Conservatorio Nacional de Música Juan José Landaeta
Josefina Benedetti,Fecha de nacimiento,1953-09-17
Josefina Benedetti,Ciudadanía,Venezuela
Maicer Izturis,Lugar de nacimiento,Barquisimeto
Maicer Izturis,Ocupación,beisbolista
Maicer Izturis,Ciudadanía,Venezuela
Maicer Izturis,Empleador,Cleveland Guardians
Maicer Izturis,Fecha de nacimiento,1980-09-12
Maicer Izturis,Empleador,Toronto Blue Jays
Maicer Izturis,Empleador,Los Angeles Angels
Maicer Izturis,Empleador,Washington Nationals
Martín Tovar Ponte,Lugar de nacimiento,Caracas
Martín Tovar Ponte,Ocupación,político
Martín Tovar Ponte,Ciudadanía,Venezuela
Martín Tovar Ponte,Cargo,diputado de Venezuela
Martín Tovar Ponte,Fecha de nacimiento,1772-09-27
Martín Tovar Ponte,Fecha de defunción,1843-11-26
New Haven,jefe de gobierno,Justin Elicker
New Haven,país,Estados Unidos
New Haven,instancia de,ciudad de Estados Unidos
New Haven,instancia de,gran ciudad
New Haven,comparte fronteras con,West Haven
Estados Unidos,relación diplomática,Rumania
Estados Unidos,relación diplomática,Macedonia del Norte
Estados Unidos,relación diplomática,Albania
Estados Unidos,relación diplomática,Croacia
Estados Unidos,relación diplomática,Bosnia y Herzegovina
Cleveland Guardians,país,Estados Unidos
Cleveland Guardians,instancia de,equipo de béisbol
Cleveland Guardians,estadio,Progressive Field
Cleveland Guardians,liga,Liga Americana
Cleveland Guardians,liga,Grandes Ligas de Béisbol
Francisco José Iturriza,Lugar de nacimiento,Valencia
Francisco José Iturriza,Ocupación,sacerdote católico
Francisco José Iturriza,Ciudadanía,Venezuela
Francisco José Iturriza,Cargo,obispo de Coro
Francisco José Iturriza,Fecha de nacimiento,1903-05-21
Francisco José Iturriza,Fecha de defunción,2003-01-14
Francisco José Iturriza,Ocupación,obispo católico
Francisco Zapata Bello,Lugar de nacimiento,Caracas
Francisco Zapata Bello,Ocupación,compositor
Francisco Zapata Bello,Ciudadanía,Venezuela
Francisco Zapata Bello,Fecha de nacimiento,1948-09-10
Francisco de Guruceaga Iturriza,Lugar de nacimiento,Valencia
Francisco de Guruceaga Iturriza,Ocupación,sacerdote católico
Francisco de Guruceaga Iturriza,Ciudadanía,Venezuela
Francisco de Guruceaga Iturriza,Empleador,Universidad Simón Bolívar
Francisco de Guruceaga Iturriza,Cargo,obispo auxiliar
Francisco de Guruceaga Iturriza,Fecha de nacimiento,1928-01-28
Francisco de Guruceaga Iturriza,Fecha de defunción,2012-02-10
Francisco de Guruceaga Iturriza,Ocupación,obispo católico
Francisco de Guruceaga Iturriza,Ocupación,profesor universitario
Francisco de Guruceaga Iturriza,Cargo,obispo titular
Francisco de Guruceaga Iturriza,Cargo,obispo diocesano
obispo de Coro,país,Venezuela
obispo de Coro,instancia de,cargo
obispo de Coro,subclase de,obispo diocesano
obispo de Coro,subclase de,ordinario
obispo de Coro,subclase de,obispo sufragáneo
María Teresa Castillo,Lugar de nacimiento,Cúa
María Teresa Castillo,Ocupación,político
María Teresa Castillo,Ciudadanía,Venezuela
María Teresa Castillo,Educado en,Universidad Central de Venezuela
María Teresa Castillo,Cargo,diputado de Venezuela
María Teresa Castillo,Fecha de nacimiento,1904-10-15
María Teresa Castillo,Fecha de defunción,2000-06-22
María Teresa Castillo,Ocupación,activista por los derechos humanos
María Teresa Castillo,Ocupación,periodista
Cynthia Lander,Lugar de nacimiento,Caracas
Cynthia Lander,Ocupación,modelo
Cynthia Lander,Ciudadanía,Venezuela
Cynthia Lander,Fecha de nacimiento,1982-06-10
Cynthia Lander,Ocupación,participante en concursos de belleza
Dani Hernández,Lugar de nacimiento,Caracas
Dani Hernández,Ocupación,futbolista
Dani Hernández,Ciudadanía,Venezuela
Dani Hernández,Fecha de nacimiento,1985-10-21
Cúa,país,Venezuela
Cúa,instancia de,ciudad
Cúa,instancia de,gran ciudad
Cúa,situado en la entidad territorial administrativa,Municipio Urdaneta
Cúa,categoría principal del tema,Categoría:Cúa
Billo Frómeta,Lugar de nacimiento,Santo Domingo
Billo Frómeta,Ocupación,compositor
Billo Frómeta,Ciudadanía,Venezuela
Billo Frómeta,Fecha de nacimiento,1915-11-15
Billo Frómeta,Fecha de defunción,1988-05-05
Billo Frómeta,Ocupación,director de orquesta
Billo Frómeta,Ocupación,cantante
Billo Frómeta,Ocupación,líder de banda
Billo Frómeta,Ciudadanía,República Dominicana
Jeanmar Gómez,Lugar de nacimiento,Caracas
Jeanmar Gómez,Ocupación,beisbolista
Jeanmar Gómez,Ciudadanía,Venezuela
Jeanmar Gómez,Fecha de nacimiento,1988-02-10
Germán Suárez,Lugar de nacimiento,Caracas
Germán Suárez,Ocupación,abogado
Germán Suárez,Ciudadanía,Venezuela
Germán Suárez,Educado en,Universidad Central de Venezuela
Germán Suárez,Empleador,Universidad Central de Venezuela
Germán Suárez,Cargo,presidente de Venezuela
Germán Suárez,Fecha de nacimiento,1907-04-10
Germán Suárez,Fecha de defunción,1990-06-24
Germán Suárez,Ocupación,político
Germán Suárez,Ocupación,diplomático
Germán Suárez,Ocupación,profesor universitario
Germán Suárez,Cargo,diputado de Venezuela
Santo Domingo,país,República Dominicana
Santo Domingo,instancia de,ciudad
Santo Domingo,instancia de,gran ciudad
Santo Domingo,fundador,Bartolomé Colón
Santo Domingo,situado en la entidad territorial administrativa,Distrito Nacional
Carlos Guillén,Lugar de nacimiento,Maracay
Carlos Guillén,Ocupación,beisbolista
Carlos Guillén,Ciudadanía,Venezuela
Carlos Guillén,Fecha de nacimiento,1975-09-30
Rosman García,Lugar de nacimiento,Maracay
Rosman García,Ocupación,beisbolista
Rosman García,Ciudadanía,Venezuela
Rosman García,Fecha de nacimiento,1979-01-03
Rosman García,Fecha de defunción,2011-12-29
María Martínez,Lugar de nacimiento,Ciudad Bolívar
María Martínez,Ocupación,esgrimista
María Martínez,Ciudadanía,Venezuela
María Martínez,Fecha de nacimiento,1983-01-03
Ciudad Bolívar,país,Venezuela
Ciudad Bolívar,instancia de,ciudad
Ciudad Bolívar,situado en la entidad territorial administrativa,Bolívar
Ciudad Bolívar,nombrado en referencia a,Simón Bolívar
Manuel Rojas,Lugar de nacimiento,Caracas
Manuel Rojas,Ocupación,revolucionario
Manuel Rojas,Ciudadanía,España
Manuel Rojas,Fecha de nacimiento,1831-01-01
Manuel Rojas,Fecha de defunción,1903-10-14
Manuel Rojas,Ciudadanía,Venezuela
Ramón Carrizales,Lugar de nacimiento,Zaraza
Ramón Carrizales,Ocupación,militar
Ramón Carrizales,Ciudadanía,Venezuela
Ramón Carrizales,Educado en,Academia Militar del Ejército Bolivariano
Ramón Carrizales,Cargo,Vicepresidente de Venezuela
Ramón Carrizales,Fecha de nacimiento,1952-11-08
Ramón Carrizales,Ocupación,político
revolucionario,elemento ejemplo,Che Guevara
revolucionario,instancia de,ocupación
revolucionario,subclase de,activista político
revolucionario,subclase de,faccioso
Zaraza,país,Venezuela
Zaraza,instancia de,ciudad
Zaraza,situado en la entidad territorial administrativa,Municipio Zaraza
Zaraza,capital de,Municipio Zaraza
Academia Militar del Ejército Bolivariano,país,Venezuela
Academia Militar del Ejército Bolivariano,instancia de,universidad
Academia Militar del Ejército Bolivariano,instancia de,academia militar
Academia Militar del Ejército Bolivariano,situado en la entidad territorial administrativa,Caracas
Academia Militar del Ejército Bolivariano,organización matriz,Universidad Militar Bolivariana de Venezuela
Kellee Santiago,Lugar de nacimiento,Caracas
Kellee Santiago,Ocupación,informático teórico
Kellee Santiago,Ciudadanía,Estados Unidos
Kellee Santiago,Educado en,New York University Tisch School of the Arts
Kellee Santiago,Empleador,Google
Kellee Santiago,Obra notable,Journey
Kellee Santiago,Fecha de nacimiento,1979-01-01
Kellee Santiago,Ocupación,productor de videojuegos
Kellee Santiago,Ocupación,diseñador de juegos
Kellee Santiago,Ocupación,productor
Kellee Santiago,Ciudadanía,Venezuela
Kellee Santiago,Educado en,Clover Hill High School
Kellee Santiago,Educado en,USC Interactive Media Division
Kellee Santiago,Educado en,Universidad del Sur de California
Kellee Santiago,Obra notable,Flower
Kellee Santiago,Educado en,Universidad de Nueva York
Johan Santana,Lugar de nacimiento,Tovar
Johan Santana,Ocupación,beisbolista
Johan Santana,Ciudadanía,Venezuela
Johan Santana,Premio recibido,Guante de Oro
Johan Santana,Fecha de nacimiento,1979-03-13
Marjorie de Sousa,Lugar de nacimiento,Caracas
Marjorie de Sousa,Ocupación,actor
Marjorie de Sousa,Ciudadanía,Venezuela
Marjorie de Sousa,Fecha de nacimiento,1980-04-23
Marjorie de Sousa,Ocupación,cantante
Marjorie de Sousa,Ocupación,modelo
Kellee Santiago,Obra notable,Cloud
Kellee Santiago,Obra notable,flOw
informático teórico,categoría relacionada,Categoría:Informáticos por país
informático teórico,instancia de,profesión
informático teórico,subclase de,científico
informático teórico,subclase de,analista de sistemas
New York University Tisch School of the Arts,país,Estados Unidos
New York University Tisch School of the Arts,instancia de,organización
New York University Tisch School of the Arts,instancia de,facultad universitaria
New York University Tisch School of the Arts,instancia de,escuela de cine
New York University Tisch School of the Arts,instancia de,escuela de artes escénicas
Tovar,país,Venezuela
Tovar,instancia de,ciudad
Tovar,situado en la entidad territorial administrativa,Municipio Tovar
Tovar,ciudad hermana,Colonia Tovar
Tovar,diferente de,Municipio Tovar
Guante de Oro,país,Canadá
Guante de Oro,país,Estados Unidos
Guante de Oro,instancia de,premio deportivo
Guante de Oro,nombrado en referencia a,guante
Guante de Oro,nombrado en referencia a,Rawlings
Diosdado Cabello,Lugar de nacimiento,Municipio Maturín
Diosdado Cabello,Ocupación,militar
Diosdado Cabello,Ciudadanía,Venezuela
Diosdado Cabello,Educado en,Academia Militar del Ejército Bolivariano
Diosdado Cabello,Empleador,Fuerza Armada Nacional Bolivariana
Diosdado Cabello,Cargo,miembro de la Asamblea Nacional de Venezuela
Diosdado Cabello,Premio recibido,Orden del Libertador
Diosdado Cabello,Fecha de nacimiento,1963-04-15
Diosdado Cabello,Ocupación,ingeniero
Diosdado Cabello,Ocupación,político
Diosdado Cabello,Ocupación,presentador de televisión
Diosdado Cabello,Premio recibido,Orden Francisco de Miranda
Diosdado Cabello,Educado en,Universidad Católica Andrés Bello
Diosdado Cabello,Cargo,Governor of Miranda
Edwin Valero,Lugar de nacimiento,Mérida
Edwin Valero,Ocupación,boxeador
Edwin Valero,Ciudadanía,Venezuela
Edwin Valero,Fecha de nacimiento,1981-12-03
Edwin Valero,Fecha de defunción,2010-04-19
Diego Rafael Padrón Sánchez,Lugar de nacimiento,Montalbán
Diego Rafael Padrón Sánchez,Ocupación,sacerdote católico
Diego Rafael Padrón Sánchez,Ciudadanía,España
Diego Rafael Padrón Sánchez,Educado en,Seminario Santa Rosa de Lima
Diego Rafael Padrón Sánchez,Cargo,obispo auxiliar
Diego Rafael Padrón Sánchez,Fecha de nacimiento,1939-05-17
Diego Rafael Padrón Sánchez,Ocupación,obispo católico
Diego Rafael Padrón Sánchez,Ciudadanía,Venezuela
Diego Rafael Padrón Sánchez,Cargo,obispo titular
Diego Rafael Padrón Sánchez,Cargo,obispo diocesano
Diego Rafael Padrón Sánchez,Cargo,cardenal presbítero
Diego Rafael Padrón Sánchez,Cargo,arzobispo católico
Diosdado Cabello,Cargo,vicepresidente
Diosdado Cabello,Cargo,director general
Diosdado Cabello,Cargo,Vicepresidente de Venezuela
Diosdado Cabello,Cargo,Presidente de la Asamblea Nacional de Venezuela
Diosdado Cabello,Cargo,presidente de Venezuela
Municipio Maturín,país,Venezuela
Municipio Maturín,instancia de,municipio de Venezuela
Municipio Maturín,capital,Maturín
Municipio Maturín,situado en la entidad territorial administrativa,Monagas
Municipio Maturín,subdividido en (división administrativa),Parroquia San Simón
Mérida,instancia de,estado de Venezuela
Mérida,capital,Mérida
Mérida,comparte fronteras con,Táchira
Mérida,comparte fronteras con,Zulia
Montalbán,país,Venezuela
Montalbán,instancia de,asentamiento
Montalbán,situado en la entidad territorial administrativa,Municipio Montalbán
Montalbán,se encuentra en el huso horario,UTC−4
Montalbán,capital de,Municipio Montalbán
Seminario Santa Rosa de Lima,país,Venezuela
Seminario Santa Rosa de Lima,instancia de,seminario
Seminario Santa Rosa de Lima,situado en la entidad territorial administrativa,Municipio El Hatillo
José Antonio Ramos Sucre,Lugar de nacimiento,Cumaná
José Antonio Ramos Sucre,Ocupación,escritor
José Antonio Ramos Sucre,Ciudadanía,Venezuela
José Antonio Ramos Sucre,Educado en,Universidad Central de Venezuela
José Antonio Ramos Sucre,Empleador,Universidad Central de Venezuela
José Antonio Ramos Sucre,Fecha de nacimiento,1890-06-09
José Antonio Ramos Sucre,Fecha de defunción,1930-06-13
José Antonio Ramos Sucre,Ocupación,abogado
José Antonio Ramos Sucre,Ocupación,poeta
José Antonio Ramos Sucre,Ocupación,diplomático
Cumaná,país,Venezuela
Cumaná,instancia de,ciudad
Cumaná,instancia de,gran ciudad
Cumaná,situado en la entidad territorial administrativa,Municipio Sucre
Cumaná,santo patrón,Inés de Roma
Hermógenes López,Lugar de nacimiento,Naguanagua
Hermógenes López,Ocupación,militar
Hermógenes López,Ciudadanía,Venezuela
Hermógenes López,Cargo,presidente de Venezuela
Hermógenes López,Fecha de nacimiento,1830-04-19
Hermógenes López,Fecha de defunción,1898-12-17
Hermógenes López,Ocupación,político
Naguanagua,país,Venezuela
Naguanagua,instancia de,ciudad
Naguanagua,situado en la entidad territorial administrativa,Municipio Naguanagua
Naguanagua,se encuentra en el huso horario,UTC−4
Naguanagua,capital de,Municipio Naguanagua
Julio Díez,Lugar de nacimiento,Coro
Julio Díez,Ocupación,abogado
Julio Díez,Ciudadanía,Venezuela
Julio Díez,Educado en,Universidad Central de Venezuela
Julio Díez,Cargo,diputado de Venezuela
Julio Díez,Fecha de nacimiento,1912-01-03
Julio Díez,Fecha de defunción,1985-03-30
Julio Díez,Ocupación,político
Coraima Torres,Lugar de nacimiento,Valencia
Coraima Torres,Ocupación,actor
Coraima Torres,Ciudadanía,Venezuela
Coraima Torres,Fecha de nacimiento,1973-06-06
Coraima Torres,Ocupación,modelo
Coraima Torres,Ciudadanía,Colombia
Luis Vallenilla,Lugar de nacimiento,Caracas
Luis Vallenilla,Ocupación,futbolista
Luis Vallenilla,Ciudadanía,Venezuela
Luis Vallenilla,Fecha de nacimiento,1974-03-13
Julio César León,Lugar de nacimiento,Trujillo
Julio César León,Ocupación,ciclista
Julio César León,Ciudadanía,Venezuela
Julio César León,Fecha de nacimiento,1925-02-02
Julio César León,Fecha de defunción,2025-08-17
Leonel Vielma,Lugar de nacimiento,Mérida
Leonel Vielma,Ocupación,futbolista
Leonel Vielma,Ciudadanía,Venezuela
Leonel Vielma,Fecha de nacimiento,1978-08-30
Julio Borges,Lugar de nacimiento,Caracas
Julio Borges,Ocupación,abogado
Julio Borges,Ciudadanía,Venezuela
Julio Borges,Educado en,Universidad de Oxford
Julio Borges,Empleador,Universidad Católica Andrés Bello
Julio Borges,Cargo,Presidente de la Asamblea Nacional de Venezuela
Julio Borges,Fecha de nacimiento,1969-10-22
Julio Borges,Ocupación,político
Julio Borges,Educado en,Boston College
Julio Borges,Educado en,Universidad Católica Andrés Bello
Julio Borges,Cargo,miembro de la Asamblea Nacional de Venezuela
Trujillo,país,Venezuela
Trujillo,instancia de,ciudad
Trujillo,fundador,Diego García de Paredes
Trujillo,situado en la entidad territorial administrativa,Trujillo
Trujillo,nombrado en referencia a,Trujillo
Universidad de Oxford,situado en la entidad territorial administrativa,Oxford
Universidad de Oxford,ubicación de la sede,Oxford
Universidad de Oxford,escudo de armas,escudo de la Universidad de Oxford
Universidad de Oxford,ubicación,Oxfordshire
Universidad de Oxford,ubicación,Oxford
Andrés Túñez,Lugar de nacimiento,Caracas
Andrés Túñez,Ocupación,futbolista
Andrés Túñez,Ciudadanía,España
Andrés Túñez,Fecha de nacimiento,1987-03-15
Andrés Túñez,Ciudadanía,Venezuela
Freddy García,Lugar de nacimiento,Caracas
Freddy García,Ocupación,beisbolista
Freddy García,Ciudadanía,Venezuela
Freddy García,Fecha de nacimiento,1976-10-06
Italia,relación diplomática,México
Italia,relación diplomática,Kenia
Italia,relación diplomática,Etiopía
Italia,relación diplomática,Francia
Italia,relación diplomática,Reino Unido
Manuel Rosales,Lugar de nacimiento,Santa Bárbara del Zulia
Manuel Rosales,Ocupación,profesor
Manuel Rosales,Ciudadanía,Venezuela
Manuel Rosales,Educado en,Universidad de Los Andes
Manuel Rosales,Cargo,parlamentario
Manuel Rosales,Fecha de nacimiento,1952-12-12
Manuel Rosales,Ocupación,político
Manuel Rosales,Cargo,Gobernador del Estado Zulia
Manuel Rosales,Cargo,Municipio Maracaibo
Jean Franko,Lugar de nacimiento,Macuto
Jean Franko,Ocupación,actor
Jean Franko,Ciudadanía,España
Jean Franko,Fecha de nacimiento,1979-12-10
Jean Franko,Ocupación,disc-jockey
Jean Franko,Ocupación,actor pornográfico
Jean Franko,Ocupación,modelo
Jean Franko,Ocupación,actor de cine
Jean Franko,Ciudadanía,Venezuela
Santa Bárbara del Zulia,país,Venezuela
Santa Bárbara del Zulia,instancia de,ciudad
Santa Bárbara del Zulia,situado en la entidad territorial administrativa,Municipio Colón
Santa Bárbara del Zulia,nombrado en referencia a,Bárbara de Nicomedia
profesor,instancia de,profesión
profesor,instancia de,cargo
profesor,instancia de,ocupación
profesor,subclase de,educador
profesor,subclase de,académico
parlamentario,instancia de,cargo
parlamentario,subclase de,legislador
parlamentario,subclase de,afiliado
parlamentario,subclase de,persona elegida
parlamentario,forma parte de,parlamento
Macuto,país,Venezuela
Macuto,instancia de,ciudad
Macuto,situado en la entidad territorial administrativa,Estado Vargas
disc-jockey,instancia de,ocupación
disc-jockey,instancia de,profesión musical
disc-jockey,subclase de,músico
disc-jockey,ámbito de la ocupación,música
Carolina Izsak,Lugar de nacimiento,Caracas
Carolina Izsak,Ocupación,modelo
Carolina Izsak,Ciudadanía,Hungría
Carolina Izsak,Educado en,Universidad Simón Bolívar
Carolina Izsak,Fecha de nacimiento,1971-09-21
Carolina Izsak,Ocupación,filántropo
Carolina Izsak,Ocupación,participante en concursos de belleza
Carolina Izsak,Ciudadanía,Venezuela
Hungría,continente,Europa
Hungría,instancia de,país
Hungría,instancia de,Estado sin litoral
Hungría,instancia de,estado soberano
Elías Jaua,Lugar de nacimiento,Caucagua
Elías Jaua,Ocupación,político
Elías Jaua,Ciudadanía,Venezuela
Elías Jaua,Educado en,Universidad Central de Venezuela
Elías Jaua,Cargo,Vicepresidente de Venezuela
Elías Jaua,Fecha de nacimiento,1969-12-17
Elías Jaua,Ocupación,diplomático
Elías Jaua,Ocupación,sociólogo
Elías Jaua,Cargo,Ministro de Relaciones Exteriores de Venezuela
Elías Jaua,Cargo,Venezuelan Minister of Popular Power for Education
Elías Jaua,Cargo,ambassador of Venezuela to Argentina
Emilio Boggio,Lugar de nacimiento,La Guaira
Emilio Boggio,Ocupación,pintor
Emilio Boggio,Ciudadanía,Venezuela
Emilio Boggio,Educado en,Academia Julian
Emilio Boggio,Obra notable,Q17493769
Emilio Boggio,Fecha de nacimiento,1857-05-12
Emilio Boggio,Fecha de defunción,1920-06-07
Emilio Mendoza,Lugar de nacimiento,Caracas
Emilio Mendoza,Ocupación,compositor
Emilio Mendoza,Ciudadanía,Venezuela
Emilio Mendoza,Fecha de nacimiento,1953-08-08
Emilio Mendoza,Ocupación,profesor de música
Caucagua,país,Venezuela
Caucagua,instancia de,asentamiento
Caucagua,situado en la entidad territorial administrativa,Municipio Acevedo
Caucagua,se encuentra en el huso horario,UTC−4
Caucagua,capital de,Municipio Acevedo
La Guaira,país,Venezuela
La Guaira,instancia de,ciudad
La Guaira,instancia de,capital
La Guaira,idioma oficial,español
La Guaira,situado en la entidad territorial administrativa,Estado Vargas
Academia Julian,país,Francia
Academia Julian,instancia de,academia de bellas artes
Academia Julian,instancia de,organización educativa
Academia Julian,fundador,Rodolphe Julian
Academia Julian,situado en la entidad territorial administrativa,París
profesor de música,instancia de,título universitario
profesor de música,instancia de,profesión musical
profesor de música,subclase de,músico
profesor de música,subclase de,educador
profesor de música,subclase de,profesor de música
Irene Sáez,Lugar de nacimiento,Caracas
Irene Sáez,Ocupación,alcalde
Irene Sáez,Ciudadanía,Venezuela
Irene Sáez,Educado en,Universidad Central de Venezuela
Irene Sáez,Premio recibido,Miss Universo 1981
Irene Sáez,Fecha de nacimiento,1961-12-13
Irene Sáez,Ocupación,actor
Irene Sáez,Ocupación,político
Irene Sáez,Ocupación,gobernador
Irene Sáez,Ocupación,diputado
Irene Sáez,Ocupación,modelo
Irene Sáez,Ocupación,participante en concursos de belleza
Irene Sáez,Premio recibido,Miss Venezuela 1981
Irene Sáez,Educado en,Universidad Metropolitana
Milka Duno,Lugar de nacimiento,Caracas
Milka Duno,Ocupación,piloto de automovilismo
Milka Duno,Ciudadanía,Venezuela
Milka Duno,Fecha de nacimiento,1972-04-22
alcalde,instancia de,cargo
alcalde,subclase de,autoridad
alcalde,subclase de,órgano
alcalde,subclase de,jefe del Gobierno
alcalde,subclase de,político municipal
Miss Universo 1981,instancia de,edición de concurso de belleza
Miss Universo 1981,serie,Miss Universo
Miss Universo 1981,ubicación,Minskoff Theatre
Miss Universo 1981,presentador,Bob Barker
Miss Universo 1981,ganador,Irene Sáez
Medalla de Oro al Mérito en las Bellas Artes,ganador,Banda Sinfónica Municipal de Madrid
Medalla de Oro al Mérito en las Bellas Artes,ganador,Antonio Mairena
Medalla de Oro al Mérito en las Bellas Artes,ganador,Antón García Abril
Medalla de Oro al Mérito en las Bellas Artes,ganador,Jaume Aragall
Medalla de Oro al Mérito en las Bellas Artes,ganador,José Luis López Vázquez
Gabriela Montero,Lugar de nacimiento,Caracas
Gabriela Montero,Ocupación,compositor
Gabriela Montero,Ciudadanía,Venezuela
Gabriela Montero,Educado en,Royal Academy of Music
Gabriela Montero,Premio recibido,Echo Klassik – Instrumentalist of the Year
Gabriela Montero,Fecha de nacimiento,1970-05-10
Gabriela Montero,Ocupación,pianista
Gabriela Montero,Premio recibido,Echo Klassik – Classical Music without Borders
Royal Academy of Music,diferente de,Real Academia de Música de Suecia
Royal Academy of Music,categoría para las personas que estudiaron en esta institución,Categoría:Alumnado de la Real Academia de Música
Royal Academy of Music,categoría para empleados de la organización,Categoría:Profesores de la Real Academia de Música
Royal Academy of Music,condado histórico,Middlesex
Royal Academy of Music,país,Reino Unido
El Potro Álvarez,Lugar de nacimiento,Caracas
El Potro Álvarez,Ocupación,político
El Potro Álvarez,Ciudadanía,Venezuela
El Potro Álvarez,Cargo,ministro
El Potro Álvarez,Fecha de nacimiento,1979-05-10
El Potro Álvarez,Ocupación,cantante
El Potro Álvarez,Ocupación,beisbolista
Moisés Naím,Lugar de nacimiento,Trípoli
Moisés Naím,Ocupación,escritor
Moisés Naím,Ciudadanía,Venezuela
Moisés Naím,Educado en,Instituto Tecnológico de Massachusetts
Moisés Naím,Cargo,miembro del consejo de administración
Moisés Naím,Premio recibido,Premio Ortega y Gasset
Moisés Naím,Fecha de nacimiento,1952-07-05
Moisés Naím,Ocupación,político
Moisés Naím,Ocupación,economista
Moisés Naím,Ocupación,periodista
Moisés Naím,Educado en,Universidad Metropolitana
Artur García,Lugar de nacimiento,San Juan de Colón
Artur García,Ocupación,ciclista
Artur García,Ciudadanía,Venezuela
Artur García,Fecha de nacimiento,1984-01-26
ministro,instancia de,cargo público
ministro,instancia de,cargo
ministro,categoría principal del tema,Categoría:Ministros de estado
Trípoli,país,Libia
Trípoli,instancia de,ciudad
Trípoli,instancia de,gran ciudad
Trípoli,instancia de,asentamiento portuario
Instituto Tecnológico de Massachusetts,país,Estados Unidos
Instituto Tecnológico de Massachusetts,instancia de,universidad
Instituto Tecnológico de Massachusetts,instancia de,universidad técnica
Instituto Tecnológico de Massachusetts,instancia de,instituto tecnológico
miembro del consejo de administración,instancia de,cargo
miembro del consejo de administración,subclase de,miembro del consejo directivo
miembro del consejo de administración,forma parte de,consejo de administración
miembro del consejo de administración,parcialmente coincidente con,miembro del consejo directivo
San Juan de Colón,país,Venezuela
San Juan de Colón,instancia de,asentamiento
San Juan de Colón,situado en la entidad territorial administrativa,Municipio Ayacucho
San Juan de Colón,se encuentra en el huso horario,UTC−4
San Juan de Colón,capital de,Municipio Ayacucho
presidente de Venezuela,aplica a la jurisdicción,Venezuela
presidente de Venezuela,titular del cargo,Nicolás Maduro
presidente de Venezuela,diferente de,Presidente electo de Venezuela
presidente de Venezuela,suplente del cargo,Vicepresidente de Venezuela
presidente de Venezuela,lista del elemento,Anexo:Gobernantes de Venezuela
Natalia Luis-Bassa,Lugar de nacimiento,Caracas
Natalia Luis-Bassa,Ocupación,director de orquesta
Natalia Luis-Bassa,Ciudadanía,Venezuela
Natalia Luis-Bassa,Educado en,Royal College of Music
Natalia Luis-Bassa,Fecha de nacimiento,1966-07-13
Aída Yéspica,Lugar de nacimiento,Barquisimeto
Aída Yéspica,Ocupación,actor
Aída Yéspica,Ciudadanía,Venezuela
Aída Yéspica,Educado en,Universidad Centroccidental Lisandro Alvarado
Aída Yéspica,Fecha de nacimiento,1982-07-15
Aída Yéspica,Ocupación,modelo
Ricardo Álamo,Lugar de nacimiento,Caracas
Ricardo Álamo,Ocupación,actor
Ricardo Álamo,Ciudadanía,Venezuela
Ricardo Álamo,Fecha de nacimiento,1970-12-10
Ricardo Álamo,Ocupación,modelo
Ricardo Álamo,Ocupación,actor de televisión
Royal College of Music,país,Reino Unido
Royal College of Music,instancia de,institución educativa universitaria
Royal College of Music,instancia de,conservatorio de música
Royal College of Music,instancia de,universidad pública
Royal College of Music,instancia de,organización educativa
Carlos Atilano,Ocupación,compositor
Carlos Atilano,Ciudadanía,Venezuela
Carlos Atilano,Fecha de nacimiento,1952-07-07
Carlos Atilano,Ocupación,guitarrista
Carlos Brandt,Lugar de nacimiento,Miranda
Carlos Brandt,Ocupación,escritor
Carlos Brandt,Ciudadanía,Venezuela
Carlos Brandt,Fecha de nacimiento,1875-10-11
Carlos Brandt,Fecha de defunción,1964-02-27
Carlos Brandt,Ocupación,historiador
Carlos Brandt,Ocupación,filósofo
Carlos Cruz-Diez,Lugar de nacimiento,Caracas
Carlos Cruz-Diez,Ocupación,pintor
Carlos Cruz-Diez,Ciudadanía,Francia
Carlos Cruz-Diez,Empleador,Universidad Central de Venezuela
Carlos Cruz-Diez,Premio recibido,Premio Nacional de Artes Plásticas de Venezuela
Carlos Cruz-Diez,Fecha de nacimiento,1923-08-17
Carlos Cruz-Diez,Fecha de defunción,2019-07-27
Carlos Cruz-Diez,Ocupación,escultor
Carlos Cruz-Diez,Ocupación,diseñador de joyas
Carlos Cruz-Diez,Ocupación,artista de instalaciones
Carlos Cruz-Diez,Ocupación,serigrafista
Carlos Cruz-Diez,Ocupación,light artist
Carlos Cruz-Diez,Premio recibido,Oficial de la Orden Nacional de la Legión de Honor
Carlos Cruz-Diez,Premio recibido,comendador de las Artes y las Letras
Carlos Cruz-Diez,Premio recibido,Medalla Páez de las Artes
Carlos Cruz-Diez,Ciudadanía,Venezuela
guitarrista,instancia de,ocupación
guitarrista,instancia de,profesión musical
guitarrista,subclase de,intérprete de instrumento de cuerda pulsada
guitarrista,ámbito de la ocupación,guitarra
Miranda,país,Venezuela
Miranda,instancia de,asentamiento
Miranda,situado en la entidad territorial administrativa,Carabobo
Miranda,se encuentra en el huso horario,UTC−4
Miranda,capital de,Municipio Miranda
Premio Nacional de Artes Plásticas de Venezuela,país,Venezuela
Premio Nacional de Artes Plásticas de Venezuela,instancia de,premio artístico
Premio Nacional de Artes Plásticas de Venezuela,instancia de,categoría de un premio
Premio Nacional de Artes Plásticas de Venezuela,forma parte de,Premios Nacionales de Cultura de Venezuela
Carlos Ocariz,Lugar de nacimiento,Caracas
Carlos Ocariz,Ocupación,político
Carlos Ocariz,Ciudadanía,Venezuela
Carlos Ocariz,Educado en,Universidad Metropolitana
Carlos Ocariz,Cargo,diputado de Venezuela
Carlos Ocariz,Fecha de nacimiento,1971-05-01
Carlos Ocariz,Ocupación,ingeniero civil
Carlos José Ochoa,Lugar de nacimiento,Caracas
Carlos José Ochoa,Ocupación,ciclista
Carlos José Ochoa,Ciudadanía,Venezuela
Carlos José Ochoa,Fecha de nacimiento,1980-12-14
Carlos Olivier,Lugar de nacimiento,Caracas
Carlos Olivier,Ocupación,actor
Carlos Olivier,Ciudadanía,Venezuela
Carlos Olivier,Fecha de nacimiento,1952-01-26
Carlos Olivier,Fecha de defunción,2007-01-22
Carlos Olivier,Ocupación,médico
Carlos Olivier,Ocupación,actor de televisión
Carlos Olivier,Ocupación,actor de cine
Universidad Metropolitana,país,Venezuela
Universidad Metropolitana,instancia de,universidad
Universidad Metropolitana,situado en la entidad territorial administrativa,Caracas
Universidad Metropolitana,miembro de,Centro Interuniversitario de Desarrollo
Universidad Metropolitana,categoría para las personas que estudiaron en esta institución,Categoría:Alumnado de la Universidad Metropolitana (Venezuela)
Jesús Rafael Soto,Lugar de nacimiento,Ciudad Bolívar
Jesús Rafael Soto,Ocupación,pintor
Jesús Rafael Soto,Ciudadanía,Francia
Jesús Rafael Soto,Fecha de nacimiento,1923-06-05
Jesús Rafael Soto,Fecha de defunción,2005-01-14
Jesús Rafael Soto,Ocupación,escultor
Jesús Rafael Soto,Ocupación,diseñador de joyas
Jesús Rafael Soto,Ciudadanía,Venezuela
Andrés Aguilar Mawdsley,Lugar de nacimiento,Caracas
Andrés Aguilar Mawdsley,Ocupación,juez
Andrés Aguilar Mawdsley,Ciudadanía,Venezuela
Andrés Aguilar Mawdsley,Empleador,Universidad Central de Venezuela
Andrés Aguilar Mawdsley,Miembro de,Instituto de Derecho Internacional
Andrés Aguilar Mawdsley,Cargo,ministro de Justicia
Andrés Aguilar Mawdsley,Fecha de nacimiento,1924-07-10
Andrés Aguilar Mawdsley,Fecha de defunción,1995-10-24
Andrés Aguilar Mawdsley,Ocupación,abogado
Andrés Aguilar Mawdsley,Ocupación,político
Andrés Aguilar Mawdsley,Ocupación,jurista
Andrés Aguilar Mawdsley,Ocupación,profesor universitario
Andrés Aguilar Mawdsley,Empleador,Universidad Católica Andrés Bello
Andrés Aguilar Mawdsley,Cargo,Juez de la Corte Internacional de Justicia
Andrés Delgado Pardo,Lugar de nacimiento,Caracas
Andrés Delgado Pardo,Ocupación,compositor
Andrés Delgado Pardo,Ciudadanía,Venezuela
Andrés Delgado Pardo,Fecha de nacimiento,1870-03-14
Andrés Delgado Pardo,Fecha de defunción,1940-04-08
Andrés Delgado Pardo,Ocupación,pianista
Andrés Delgado Pardo,Ocupación,profesor de música
Instituto de Derecho Internacional,país,Bélgica
Instituto de Derecho Internacional,instancia de,organización no gubernamental
Instituto de Derecho Internacional,instancia de,organización sin fines de lucro
Instituto de Derecho Internacional,instancia de,sociedad erudita
Instituto de Derecho Internacional,instancia de,academia nacional
Andrés Izarra,Lugar de nacimiento,Caracas
Andrés Izarra,Ocupación,político
Andrés Izarra,Ciudadanía,Venezuela
Andrés Izarra,Fecha de nacimiento,1969-05-24
Andrés Izarra,Ocupación,periodista
Andrés Sandoval,Lugar de nacimiento,Caracas
Andrés Sandoval,Ocupación,compositor
Andrés Sandoval,Ciudadanía,Venezuela
Andrés Sandoval,Fecha de nacimiento,1924-08-03
Andrés Sandoval,Fecha de defunción,2004-05-02
Andrés Sandoval,Ocupación,director de orquesta
Eva Golinger,Lugar de nacimiento,Nueva York
Eva Golinger,Ocupación,abogado
Eva Golinger,Ciudadanía,Estados Unidos
Eva Golinger,Educado en,Sarah Lawrence College
Eva Golinger,Fecha de nacimiento,1973-02-19
Eva Golinger,Ocupación,periodista
Eva Golinger,Ciudadanía,Venezuela
Eva Golinger,Educado en,CUNY School of Law
periodista,instancia de,profesión
periodista,instancia de,cargo
periodista,instancia de,ocupación
periodista,instancia de,grupo de ocupaciones de la CIUO
periodista,subclase de,autor
Nueva York,jefe de gobierno,Eric Adams
Nueva York,país,Estados Unidos
Nueva York,continente,América del Norte
Nueva York,instancia de,ciudad
Nueva York,instancia de,megaciudad
Sarah Lawrence College,país,Estados Unidos
Sarah Lawrence College,instancia de,Universidad de Artes Liberales en los Estados Unidos
Sarah Lawrence College,instancia de,institución educativa privada sin fines de lucro
Sarah Lawrence College,situado en la entidad territorial administrativa,Yonkers
Jorge Liberato Urosa Savino,Lugar de nacimiento,Caracas
Jorge Liberato Urosa Savino,Ocupación,sacerdote católico
Jorge Liberato Urosa Savino,Ciudadanía,Venezuela
Jorge Liberato Urosa Savino,Educado en,Pontificia Universidad Gregoriana
Jorge Liberato Urosa Savino,Cargo,cardenal
Jorge Liberato Urosa Savino,Fecha de nacimiento,1942-08-28
Jorge Liberato Urosa Savino,Fecha de defunción,2021-09-23
Jorge Liberato Urosa Savino,Ocupación,obispo católico
Jorge Liberato Urosa Savino,Ocupación,filósofo
Jorge Liberato Urosa Savino,Cargo,obispo auxiliar
Jorge Liberato Urosa Savino,Cargo,obispo titular
Jorge Liberato Urosa Savino,Cargo,arzobispo católico
Jorge Liberato Urosa Savino,Cargo,Arzobispo de Caracas
Jorge Liberato Urosa Savino,Cargo,arzobispo de Valencia en Venezuela
Víctor Castillo,Lugar de nacimiento,Municipio San Joaquín
Víctor Castillo,Ocupación,atleta
Víctor Castillo,Ciudadanía,Venezuela
Víctor Castillo,Educado en,Universidad del Norte de Arizona
Víctor Castillo,Fecha de nacimiento,1981-06-08
Pontificia Universidad Gregoriana,país,Italia
Pontificia Universidad Gregoriana,instancia de,universidad pontificia
Pontificia Universidad Gregoriana,instancia de,universidad jesuita
Pontificia Universidad Gregoriana,fundador,Ignacio de Loyola
Pontificia Universidad Gregoriana,situado en la entidad territorial administrativa,Roma
cardenal,instancia de,título
cardenal,instancia de,cargo
cardenal,instancia de,vocación católica
cardenal,título nobiliario,titulus
cardenal,religión,catolicismo
Municipio San Joaquín,país,Venezuela
Municipio San Joaquín,instancia de,municipio de Venezuela
Municipio San Joaquín,capital,San Joaquín
Municipio San Joaquín,situado en la entidad territorial administrativa,Carabobo
Municipio San Joaquín,subdividido en (división administrativa),Parroquia San Joaquín
Universidad del Norte de Arizona,país,Estados Unidos
Universidad del Norte de Arizona,instancia de,institución educativa pública de los Estados Unidos
Universidad del Norte de Arizona,instancia de,editor de acceso abierto
Universidad del Norte de Arizona,instancia de,universidad pública de investigación
Universidad del Norte de Arizona,situado en la entidad territorial administrativa,Flagstaff
Jorge Castillo,Lugar de nacimiento,Pontevedra
Jorge Castillo,Ocupación,arquitecto
Jorge Castillo,Ciudadanía,España
Jorge Castillo,Premio recibido,Medalla Castelao
Jorge Castillo,Fecha de nacimiento,1933-06-16
Jorge Castillo,Ocupación,pintor
Jorge Castillo,Ocupación,escultor
Jorge Castillo,Premio recibido,Wilhelm Loth Award
Jorge Castillo,Premio recibido,Premio Laxeiro
Jorge Castillo,Fecha de nacimiento,1933-07-16
Jorge Castillo,Ciudadanía,Venezuela
Pedro Camejo,Lugar de nacimiento,San Juan de Payara
Pedro Camejo,Ocupación,militar
Pedro Camejo,Ciudadanía,Venezuela
Pedro Camejo,Premio recibido,Orden del Libertador
Pedro Camejo,Fecha de nacimiento,1790-01-01
Pedro Camejo,Fecha de defunción,1821-06-24
Carlos Ortega Carvajal,Lugar de nacimiento,San Cristóbal
Carlos Ortega Carvajal,Ocupación,político
Carlos Ortega Carvajal,Ciudadanía,Venezuela
Carlos Ortega Carvajal,Fecha de nacimiento,1945-09-14
Carlos Ortega Carvajal,Ocupación,sindicalista
Pontevedra,jefe de gobierno,Miguel Anxo Fernández Lores
Pontevedra,país,España
Pontevedra,instancia de,municipio de Galicia
Pontevedra,capital,Ciudad de Pontevedra
arquitecto,instancia de,profesión
arquitecto,instancia de,título corporativo
arquitecto,instancia de,ocupación
arquitecto,instancia de,grupo de ocupaciones de la CIUO
Medalla Castelao,país,España
Medalla Castelao,instancia de,medalla
Medalla Castelao,instancia de,condecoración civil
Medalla Castelao,nombrado en referencia a,Castelao
Medalla Castelao,categoría principal del tema,Categoría:Medalla Castelao
San Juan de Payara,país,Venezuela
San Juan de Payara,instancia de,ciudad
San Juan de Payara,situado en la entidad territorial administrativa,Municipio Pedro Camejo
Orden del Libertador,país,Venezuela
Orden del Libertador,instancia de,orden
Orden del Libertador,fundador,Antonio Guzmán Blanco
Orden del Libertador,nombrado en referencia a,Libertador de Venezuela
Orden del Libertador,categoría principal del tema,Categoría:Orden del Libertador
sindicalista,instancia de,ocupación
sindicalista,subclase de,activista social
sindicalista,subclase de,activista político
sindicalista,ámbito de la ocupación,sindicalismo
Luis Aparicio,Lugar de nacimiento,Maracaibo
Luis Aparicio,Ocupación,beisbolista
Luis Aparicio,Ciudadanía,Venezuela
Luis Aparicio,Miembro de,Salón de la Fama del Béisbol
Luis Aparicio,Premio recibido,Guante de Oro
Luis Aparicio,Fecha de nacimiento,1934-04-29
Sonya Smith,Lugar de nacimiento,Filadelfia
Sonya Smith,Ocupación,actor
Sonya Smith,Ciudadanía,Venezuela
Sonya Smith,Fecha de nacimiento,1972-04-23
Sonya Smith,Ocupación,actor de televisión
Sonya Smith,Ocupación,actor de cine
Salón de la Fama del Béisbol,país,Estados Unidos
Salón de la Fama del Béisbol,instancia de,museo del deporte
Salón de la Fama del Béisbol,instancia de,Salón de la Fama del Deporte
Salón de la Fama del Béisbol,fundador,Stephen Carlton Clark
Salón de la Fama del Béisbol,situado en la entidad territorial administrativa,Cooperstown
Filadelfia,jefe de gobierno,Cherelle Parker
Filadelfia,país,Estados Unidos
Filadelfia,instancia de,sede de condado
Filadelfia,instancia de,ciudad-condado
Filadelfia,instancia de,municipio autónomo de Pensilvania
Anthony Brea,Lugar de nacimiento,Carabobo
Anthony Brea,Ocupación,ciclista
Anthony Brea,Ciudadanía,Venezuela
Anthony Brea,Fecha de nacimiento,1983-02-03
Juan Bautista Plaza,Lugar de nacimiento,Caracas
Juan Bautista Plaza,Ocupación,compositor
Juan Bautista Plaza,Ciudadanía,Venezuela
Juan Bautista Plaza,Educado en,Universidad Central de Venezuela
Juan Bautista Plaza,Fecha de nacimiento,1898-07-19
Juan Bautista Plaza,Fecha de defunción,1965-01-01
Juan Bautista Plaza,Educado en,Instituto Pontificio de Música Sacra
Tomás Gil,Lugar de nacimiento,Caracas
Tomás Gil,Ocupación,director deportivo
Tomás Gil,Ciudadanía,Venezuela
Tomás Gil,Fecha de nacimiento,1977-05-23
Tomás Gil,Ocupación,ciclista
Tomás Gil,Ocupación,ciclista de pista
director deportivo,instancia de,profesión
director deportivo,instancia de,cargo
director deportivo,instancia de,título corporativo
director deportivo,subclase de,director
Elvis Andrus,Lugar de nacimiento,Maracay
Elvis Andrus,Ocupación,beisbolista
Elvis Andrus,Ciudadanía,Venezuela
Elvis Andrus,Fecha de nacimiento,1988-08-26
Víctor Martínez,Lugar de nacimiento,Ciudad Bolívar
Víctor Martínez,Ocupación,beisbolista
Víctor Martínez,Ciudadanía,Venezuela
Víctor Martínez,Fecha de nacimiento,1978-12-23
María T. Martelo,Ocupación,climatólogo
María T. Martelo,Ciudadanía,Venezuela
María T. Martelo,Empleador,Universidad Central de Venezuela
María T. Martelo,Miembro de,Grupo Intergubernamental de Expertos sobre el Cambio Climático
María T. Martelo,Fecha de nacimiento,2000-01-01
climatólogo,instancia de,profesión
climatólogo,subclase de,geofísico
climatólogo,subclase de,aerólogo
climatólogo,ámbito de la ocupación,climatología
climatólogo,categoría principal del tema,Categoría:Climatólogos
Grupo Intergubernamental de Expertos sobre el Cambio Climático,país,Suiza
Grupo Intergubernamental de Expertos sobre el Cambio Climático,instancia de,organización sin fines de lucro
Grupo Intergubernamental de Expertos sobre el Cambio Climático,instancia de,organización intergubernamental
Grupo Intergubernamental de Expertos sobre el Cambio Climático,instancia de,organización medioambiental
Grupo Intergubernamental de Expertos sobre el Cambio Climático,instancia de,organización de las Naciones Unidas
José Luis Azuaje Ayala,Lugar de nacimiento,Valera
José Luis Azuaje Ayala,Ocupación,sacerdote católico
José Luis Azuaje Ayala,Ciudadanía,Venezuela
José Luis Azuaje Ayala,Educado en,Seminario Santa Rosa de Lima
José Luis Azuaje Ayala,Cargo,obispo auxiliar
José Luis Azuaje Ayala,Fecha de nacimiento,1957-12-06
José Luis Azuaje Ayala,Ocupación,obispo católico
José Luis Azuaje Ayala,Cargo,obispo titular
José Luis Azuaje Ayala,Cargo,obispo diocesano
José Luis Azuaje Ayala,Cargo,arzobispo católico
Cástor Oswaldo Azuaje Pérez,Lugar de nacimiento,Maracaibo
Cástor Oswaldo Azuaje Pérez,Ocupación,obispo católico
Cástor Oswaldo Azuaje Pérez,Ciudadanía,Venezuela
Cástor Oswaldo Azuaje Pérez,Cargo,obispo auxiliar
Cástor Oswaldo Azuaje Pérez,Fecha de nacimiento,1951-10-19
Cástor Oswaldo Azuaje Pérez,Fecha de defunción,2021-01-08
Cástor Oswaldo Azuaje Pérez,Ocupación,presbítero católico de rito latino
Cástor Oswaldo Azuaje Pérez,Cargo,obispo titular
Cástor Oswaldo Azuaje Pérez,Cargo,obispo de Trujillo (Venezuela)
César Baena,Lugar de nacimiento,Caracas
César Baena,Ocupación,esquiador de fondo
César Baena,Ciudadanía,España
César Baena,Fecha de nacimiento,1986-11-02
César Baena,Ciudadanía,Venezuela
obispo católico,instancia de,función episcopal
obispo católico,instancia de,vocación católica
obispo católico,religión,Iglesia católica
obispo católico,subclase de,obispo
obispo católico,subclase de,sacerdote
esquiador de fondo,instancia de,ocupación
esquiador de fondo,ámbito de la ocupación,esquí de fondo
esquiador de fondo,deporte,esquí de fondo
Daniel Eduardo Morillo,Lugar de nacimiento,Cumaná
Daniel Eduardo Morillo,Ocupación,boxeador
Daniel Eduardo Morillo,Ciudadanía,Venezuela
Daniel Eduardo Morillo,Fecha de nacimiento,1947-01-17
Daniel Eduardo Morillo,Fecha de defunción,2009-04-05
José Antonio Hernández-Díez,Lugar de nacimiento,Caracas
José Antonio Hernández-Díez,Ocupación,fotógrafo
José Antonio Hernández-Díez,Ciudadanía,Venezuela
José Antonio Hernández-Díez,Fecha de nacimiento,1964-01-01
José Antonio Hernández-Díez,Ocupación,pintor
José Antonio Hernández-Díez,Ocupación,escultor
Julio Herrera Velutini,Lugar de nacimiento,Caracas
Julio Herrera Velutini,Ocupación,economista
Julio Herrera Velutini,Ciudadanía,Venezuela
Julio Herrera Velutini,Educado en,Universidad Central de Venezuela
Julio Herrera Velutini,Cargo,director ejecutivo
Julio Herrera Velutini,Fecha de nacimiento,1971-12-01
Julio Herrera Velutini,Ocupación,banquero
Julio Herrera Velutini,Fecha de nacimiento,1971-12-15
Julio Herrera Velutini,Educado en,The American School In Switzerland
Julio Herrera Velutini,Educado en,The American School in London
economista,instancia de,profesión
economista,instancia de,grupo de ocupaciones de la CIUO
economista,subclase de,científico social
economista,subclase de,profesionales sociales y religiosos
economista,ámbito de la ocupación,economía
director ejecutivo,instancia de,profesión
director ejecutivo,instancia de,concepto jurídico
director ejecutivo,instancia de,título corporativo
director ejecutivo,instancia de,ocupación
director ejecutivo,subclase de,ejecutivo
Néstor Nieves,Ocupación,corredor de obstáculos
Néstor Nieves,Ciudadanía,Venezuela
Néstor Nieves,Fecha de nacimiento,1974-12-29
Alejandro Planchart,Lugar de nacimiento,Caracas
Alejandro Planchart,Ocupación,compositor
Alejandro Planchart,Ciudadanía,Estados Unidos
Alejandro Planchart,Educado en,Universidad Harvard
Alejandro Planchart,Empleador,Universidad de California en Santa Bárbara
Alejandro Planchart,Premio recibido,Beca Guggenheim
Alejandro Planchart,Fecha de nacimiento,1935-07-29
Alejandro Planchart,Fecha de defunción,2019-04-28
Alejandro Planchart,Ocupación,director de orquesta
Alejandro Planchart,Ocupación,musicólogo
Alejandro Planchart,Ciudadanía,Venezuela
Alejandro Planchart,Educado en,Universidad Yale
corredor de obstáculos,instancia de,profesión
corredor de obstáculos,subclase de,atleta
corredor de obstáculos,ámbito de la ocupación,carreras con obstáculos
corredor de obstáculos,categoría principal del tema,Categoría:Corredores de obstáculos
Universidad de California en Santa Bárbara,país,Estados Unidos
Universidad de California en Santa Bárbara,instancia de,universidad
Universidad de California en Santa Bárbara,instancia de,universidad pública
Universidad de California en Santa Bárbara,instancia de,edificio universitario
Universidad de California en Santa Bárbara,instancia de,institución educativa pública de los Estados Unidos
Antonia Palacios,Lugar de nacimiento,Caracas
Antonia Palacios,Ocupación,escritor
Antonia Palacios,Ciudadanía,Venezuela
Antonia Palacios,Premio recibido,Premio Nacional de Literatura
Antonia Palacios,Fecha de nacimiento,1904-05-13
Antonia Palacios,Fecha de defunción,2001-03-13
Antonieta Madrid,Lugar de nacimiento,Valera
Antonieta Madrid,Ocupación,escritor
Antonieta Madrid,Ciudadanía,Venezuela
Antonieta Madrid,Educado en,Universidad Central de Venezuela
Antonieta Madrid,Empleador,Universidad Católica Andrés Bello
Antonieta Madrid,Fecha de nacimiento,1939-05-17
Antonieta Madrid,Ocupación,diplomático
Antonieta Madrid,Ocupación,profesor universitario
Antonieta Madrid,Ocupación,novelista
Antonieta Madrid,Ocupación,ensayista
Milton Becerra,Lugar de nacimiento,Táchira
Milton Becerra,Ocupación,pintor
Milton Becerra,Ciudadanía,Venezuela
Milton Becerra,Fecha de nacimiento,1951-08-10
Milton Becerra,Ocupación,escultor
Milton Becerra,Ocupación,artista land
escultor,instancia de,profesión artística
escultor,subclase de,artesano
escultor,subclase de,artista visual
escultor,subclase de,artista plástico
escultor,ámbito de la ocupación,escultura
Gabriel Miranda,Lugar de nacimiento,Montevideo
Gabriel Miranda,Ocupación,entrenador
Gabriel Miranda,Ciudadanía,Uruguay
Gabriel Miranda,Fecha de nacimiento,1968-08-20
Gabriel Miranda,Ocupación,futbolista
Gabriel Miranda,Ciudadanía,Venezuela
Antonio Estévez,Lugar de nacimiento,Calabozo
Antonio Estévez,Ocupación,compositor
Antonio Estévez,Ciudadanía,Venezuela
Antonio Estévez,Premio recibido,Premio Nacional de Música de Venezuela
Antonio Estévez,Fecha de nacimiento,1916-01-03
Antonio Estévez,Fecha de defunción,1988-11-26
Antonio Estévez,Ocupación,clarinetista
Antonio Estévez,Ocupación,director de orquesta
Antonio Estévez,Ocupación,músico
Antonio Estévez,Ocupación,oboísta
Montevideo,país,Uruguay
Montevideo,instancia de,ciudad
Montevideo,instancia de,entidad territorial administrativa
Montevideo,instancia de,capital nacional
Montevideo,idioma oficial,español
Calabozo,país,Venezuela
Calabozo,instancia de,ciudad
Calabozo,instancia de,gran ciudad
Calabozo,situado en la entidad territorial administrativa,Municipio Francisco de Miranda
Antonio Ignacio Velasco García,Lugar de nacimiento,Acarigua
Antonio Ignacio Velasco García,Ocupación,obispo católico
Antonio Ignacio Velasco García,Ciudadanía,Venezuela
Antonio Ignacio Velasco García,Educado en,Pontificia Universidad Gregoriana
Antonio Ignacio Velasco García,Cargo,obispo titular
Antonio Ignacio Velasco García,Fecha de nacimiento,1929-01-17
Antonio Ignacio Velasco García,Fecha de defunción,2003-07-06
Antonio Ignacio Velasco García,Ocupación,presbítero católico de rito latino
Antonio Ignacio Velasco García,Educado en,Universidad Pontificia Salesiana
Antonio Ignacio Velasco García,Cargo,cardenal presbítero
Antonio Ignacio Velasco García,Cargo,vicario apostólico
Antonio Ignacio Velasco García,Cargo,Arzobispo de Caracas
Antonio José López Castillo,Ocupación,sacerdote católico
Antonio José López Castillo,Ciudadanía,Venezuela
Antonio José López Castillo,Cargo,obispo auxiliar
Antonio José López Castillo,Fecha de nacimiento,1945-07-09
Antonio José López Castillo,Fecha de defunción,2021-07-18
Antonio José López Castillo,Ocupación,obispo católico
Antonio José López Castillo,Cargo,obispo titular
Antonio José López Castillo,Cargo,obispo diocesano
Antonio José López Castillo,Cargo,arzobispo católico
Antonio José Ramírez Salaverría,Lugar de nacimiento,Cariaco
Antonio José Ramírez Salaverría,Ocupación,sacerdote católico
Antonio José Ramírez Salaverría,Ciudadanía,Venezuela
Antonio José Ramírez Salaverría,Cargo,obispo diocesano
Antonio José Ramírez Salaverría,Fecha de nacimiento,1917-10-31
Antonio José Ramírez Salaverría,Fecha de defunción,2014-06-28
Antonio José Ramírez Salaverría,Ocupación,obispo católico
obispo titular,instancia de,cargo
obispo titular,instancia de,cargo eclesiástico
obispo titular,instancia de,función episcopal
obispo titular,instancia de,vocación católica
obispo titular,subclase de,obispo católico
Cariaco,país,Venezuela
Cariaco,instancia de,asentamiento
Cariaco,situado en la entidad territorial administrativa,Sucre
Cariaco,se encuentra en el huso horario,UTC−4
Cariaco,descrito en la fuente,Encyclopædia Britannica (11ª edición)
César Girón,Lugar de nacimiento,Caracas
César Girón,Ocupación,matador
César Girón,Ciudadanía,Venezuela
César Girón,Fecha de nacimiento,1933-06-13
César Girón,Fecha de defunción,1971-10-19
Juan Pablo Pérez Alfonzo,Lugar de nacimiento,Caracas
Juan Pablo Pérez Alfonzo,Ocupación,abogado
Juan Pablo Pérez Alfonzo,Ciudadanía,Venezuela
Juan Pablo Pérez Alfonzo,Educado en,Universidad Central de Venezuela
Juan Pablo Pérez Alfonzo,Empleador,Universidad Central de Venezuela
Juan Pablo Pérez Alfonzo,Fecha de nacimiento,1903-12-13
Juan Pablo Pérez Alfonzo,Fecha de defunción,1979-09-03
Juan Pablo Pérez Alfonzo,Ocupación,político
Juan Pablo Pérez Alfonzo,Ocupación,diplomático
matador,instancia de,profesión
matador,subclase de,torero
matador,ámbito de la ocupación,corrida de toros
matador,descrito en la fuente,Diccionario Enciclopédico Brockhaus y Efron
matador,descrito en la fuente,The Nuttall Encyclopaedia
Yajaira Vera,Lugar de nacimiento,Municipio Brión
Yajaira Vera,Ocupación,médico
Yajaira Vera,Ciudadanía,Venezuela
Yajaira Vera,Educado en,Universidad Central de Venezuela
Yajaira Vera,Premio recibido,Miss Venezuela
Yajaira Vera,Fecha de nacimiento,1963-04-03
Yajaira Vera,Lugar de nacimiento,Higuerote
Yajaira Vera,Ocupación,modelo
Yajaira Vera,Ocupación,oftalmólogo
Yajaira Vera,Ocupación,participante en concursos de belleza
Alfonso Blanco Parra,Lugar de nacimiento,Caracas
Alfonso Blanco Parra,Ocupación,boxeador
Alfonso Blanco Parra,Ciudadanía,Venezuela
Alfonso Blanco Parra,Fecha de nacimiento,1986-02-02
Darwin Cubillán,Lugar de nacimiento,Zulia
Darwin Cubillán,Ocupación,beisbolista
Darwin Cubillán,Ciudadanía,Venezuela
Darwin Cubillán,Fecha de nacimiento,1972-11-15
Municipio Brión,país,Venezuela
Municipio Brión,instancia de,municipio de Venezuela
Municipio Brión,capital,Higuerote
Municipio Brión,situado en la entidad territorial administrativa,Miranda
Municipio Brión,forma parte de,Miranda
Miss Venezuela,país,Venezuela
Miss Venezuela,instancia de,concurso de belleza femenina
Miss Venezuela,propiedad de,Organización Miss Venezuela
Miss Venezuela,ubicación de la sede,Venezuela
Miss Venezuela,país de origen,Venezuela
Zulia,país,Venezuela
Zulia,instancia de,estado de Venezuela
Zulia,capital,Maracaibo
Zulia,comparte fronteras con,Táchira
Zulia,comparte fronteras con,Mérida
Carlos Mendoza,Lugar de nacimiento,Ciudad Bolívar
Carlos Mendoza,Ocupación,beisbolista
Carlos Mendoza,Ciudadanía,Venezuela
Carlos Mendoza,Fecha de nacimiento,1974-11-04
Carlos Orta,Ocupación,bailarín
Carlos Orta,Ciudadanía,Venezuela
Carlos Orta,Educado en,Universidad Folkwang de las Artes
Carlos Orta,Fecha de nacimiento,1944-01-01
Carlos Orta,Fecha de defunción,2004-05-15
Carlos Quintana (beisbolista),Lugar de nacimiento,Mamporal
Carlos Quintana (beisbolista),Ocupación,beisbolista
Carlos Quintana (beisbolista),Ciudadanía,Venezuela
Carlos Quintana (beisbolista),Fecha de nacimiento,1965-08-26
bailarín,instancia de,profesión
bailarín,instancia de,ocupación
bailarín,subclase de,artista escénico
bailarín,santo patrón,Vito de Lucania
Universidad Folkwang de las Artes,país,Alemania
Universidad Folkwang de las Artes,instancia de,universidad
Universidad Folkwang de las Artes,instancia de,academia de bellas artes
Universidad Folkwang de las Artes,instancia de,universidad pública
Universidad Folkwang de las Artes,instancia de,escuela de arte dramático
Mamporal,país,Venezuela
Mamporal,instancia de,ciudad
Mamporal,situado en la entidad territorial administrativa,Municipio Buroz
Mamporal,capital de,Municipio Buroz
Ivan Palazzese,Lugar de nacimiento,Alba Adriatica
Ivan Palazzese,Ocupación,piloto de motociclismo
Ivan Palazzese,Ciudadanía,Venezuela
Ivan Palazzese,Fecha de nacimiento,1962-01-02
Ivan Palazzese,Fecha de defunción,1989-05-28
Jean Carlos Peña,Ocupación,karateca
Jean Carlos Peña,Ciudadanía,Venezuela
Jean Carlos Peña,Fecha de nacimiento,1979-10-24
José Humberto Quintero,Lugar de nacimiento,Mérida
José Humberto Quintero,Ocupación,escritor
José Humberto Quintero,Ciudadanía,Venezuela
José Humberto Quintero,Educado en,Pontificia Universidad Gregoriana
José Humberto Quintero,Miembro de,Academia Venezolana de la Lengua
José Humberto Quintero,Cargo,cardenal
José Humberto Quintero,Fecha de nacimiento,1902-09-22
José Humberto Quintero,Fecha de defunción,1984-07-08
José Humberto Quintero,Ocupación,poeta
José Humberto Quintero,Ocupación,sacerdote católico
José Humberto Quintero,Ocupación,obispo católico
José Humberto Quintero,Cargo,arzobispo titular
José Humberto Quintero,Cargo,Arzobispo de Caracas
Alba Adriatica,país,Italia
Alba Adriatica,instancia de,comuna de Italia
Alba Adriatica,capital,Alba Adriatica
Alba Adriatica,comparte fronteras con,Colonnella
Alba Adriatica,comparte fronteras con,Corropoli
piloto de motociclismo,instancia de,profesión
piloto de motociclismo,instancia de,deportista
piloto de motociclismo,subclase de,piloto de carreras
karateca,instancia de,profesión
karateca,instancia de,ocupación
karateca,subclase de,artista marcial
karateca,ámbito de la ocupación,karate
karateca,categoría principal del tema,Categoría:Karatecas
Alvaro Cordero,Lugar de nacimiento,Barquisimeto
Alvaro Cordero,Ocupación,compositor
Alvaro Cordero,Ciudadanía,Venezuela
Alvaro Cordero,Fecha de nacimiento,1954-08-24
Alvaro Cordero,Ocupación,profesor de música
Fulgencio Obelmejias,Lugar de nacimiento,Miranda
Fulgencio Obelmejias,Ocupación,boxeador
Fulgencio Obelmejias,Ciudadanía,Venezuela
Fulgencio Obelmejias,Fecha de nacimiento,1953-01-01
Alí Primera,Lugar de nacimiento,Coro
Alí Primera,Ocupación,compositor
Alí Primera,Ciudadanía,Venezuela
Alí Primera,Fecha de nacimiento,1941-10-31
Alí Primera,Fecha de defunción,1985-02-16
Alí Primera,Ocupación,poeta
Alí Primera,Ocupación,cantante
Alí Primera,Ocupación,músico
Alí Primera,Ocupación,letrista
Alí Primera,Ocupación,guitarrista
Alí Primera,Ocupación,activista político
Miranda,jefe de gobierno,Henrique Capriles
Miranda,instancia de,estado de Venezuela
Miranda,capital,Los Teques
Miranda,comparte fronteras con,Aragua
Oswaldo Vizcarrondo,Lugar de nacimiento,Caracas
Oswaldo Vizcarrondo,Ocupación,futbolista
Oswaldo Vizcarrondo,Ciudadanía,Venezuela
Oswaldo Vizcarrondo,Fecha de nacimiento,1984-05-31
Getulio Agostini,Lugar de nacimiento,Cantaura
Getulio Agostini,Ocupación,recolector de plantas
Getulio Agostini,Ciudadanía,Venezuela
Getulio Agostini,Fecha de nacimiento,1943-01-01
Getulio Agostini,Fecha de defunción,1990-01-01
Getulio Agostini,Ocupación,botánico
Gustavo Hernández Pérez,Lugar de nacimiento,Caracas
Gustavo Hernández Pérez,Ocupación,guionista
Gustavo Hernández Pérez,Ciudadanía,Venezuela
Gustavo Hernández Pérez,Fecha de nacimiento,1974-02-21
Gustavo Hernández Pérez,Ocupación,director de cine
Gustavo Hernández Pérez,Ocupación,productor de cine
recolector de plantas,instancia de,ocupación
recolector de plantas,subclase de,recolector científico
recolector de plantas,ámbito de la ocupación,botánica
recolector de plantas,ámbito de la ocupación,coleccionismo de plantas
guionista,sujeto tiene rol,escritor
Franklin Virgüez,Lugar de nacimiento,Barquisimeto
Franklin Virgüez,Ocupación,actor
Franklin Virgüez,Ciudadanía,Venezuela
Franklin Virgüez,Fecha de nacimiento,1953-10-01
Franklin Virgüez,Ocupación,actor de televisión
Franklin Virgüez,Ocupación,actor de cine
Raúl Isaías Baduel,Lugar de nacimiento,Guárico
Raúl Isaías Baduel,Ocupación,militar
Raúl Isaías Baduel,Ciudadanía,Venezuela
Raúl Isaías Baduel,Educado en,Academia Militar del Ejército Bolivariano
Raúl Isaías Baduel,Empleador,Fuerza Armada Nacional Bolivariana
Raúl Isaías Baduel,Fecha de nacimiento,1955-07-06
Raúl Isaías Baduel,Fecha de defunción,2021-10-12
Raúl Isaías Baduel,Ocupación,político
Raúl Isaías Baduel,Ocupación,alto cargo
Ana Teresa Oropeza,Lugar de nacimiento,San Juan de Los Morros
Ana Teresa Oropeza,Ocupación,modelo
Ana Teresa Oropeza,Ciudadanía,Venezuela
Ana Teresa Oropeza,Fecha de nacimiento,1964-03-14
Ana Teresa Oropeza,Ocupación,participante en concursos de belleza
Guárico,jefe de gobierno,José Manuel Vásquez
Guárico,país,Venezuela
Guárico,instancia de,estado de Venezuela
Guárico,capital,San Juan de Los Morros
Guárico,comparte fronteras con,Apure
San Juan de Los Morros,país,Venezuela
San Juan de Los Morros,instancia de,asentamiento
San Juan de Los Morros,situado en la entidad territorial administrativa,Guárico
San Juan de Los Morros,se encuentra en el huso horario,UTC−4
San Juan de Los Morros,categoría principal del tema,Categoría:San Juan de los Morros
Andreé González,Lugar de nacimiento,San Cristóbal
Andreé González,Ocupación,futbolista
Andreé González,Ciudadanía,Venezuela
Andreé González,Fecha de nacimiento,1975-06-30
Armando Galarraga,Lugar de nacimiento,Cumaná
Armando Galarraga,Ocupación,beisbolista
Armando Galarraga,Ciudadanía,Venezuela
Armando Galarraga,Fecha de nacimiento,1982-01-15
Elizabeth Avellán Ochoa,Lugar de nacimiento,Caracas
Elizabeth Avellán Ochoa,Ocupación,actor
Elizabeth Avellán Ochoa,Ciudadanía,Estados Unidos
Elizabeth Avellán Ochoa,Educado en,Universidad Rice
Elizabeth Avellán Ochoa,Fecha de nacimiento,1960-11-08
Elizabeth Avellán Ochoa,Lugar de nacimiento,Santiago de Chile
Elizabeth Avellán Ochoa,Ocupación,cantante
Elizabeth Avellán Ochoa,Ocupación,animador
Elizabeth Avellán Ochoa,Ocupación,productor de cine
Elizabeth Avellán Ochoa,Ocupación,actor de cine
Elizabeth Avellán Ochoa,Ocupación,productor
Elizabeth Avellán Ochoa,Ciudadanía,México
Elizabeth Avellán Ochoa,Ciudadanía,Chile
Elizabeth Avellán Ochoa,Ciudadanía,Venezuela
Universidad Rice,país,Estados Unidos
Universidad Rice,instancia de,universidad privada
Universidad Rice,instancia de,universidad de investigación
Universidad Rice,instancia de,institución educativa privada sin fines de lucro
Universidad Rice,situado en la entidad territorial administrativa,Houston
Asdrúbal José Hurtado,Lugar de nacimiento,Ciudad Bolívar
Asdrúbal José Hurtado,Ocupación,compositor
Asdrúbal José Hurtado,Ciudadanía,Venezuela
Asdrúbal José Hurtado,Fecha de nacimiento,1960-05-02
Asdrúbal José Hurtado,Ocupación,músico
Chibly Abouhamad Hobaica,Ocupación,escritor
Chibly Abouhamad Hobaica,Ciudadanía,Venezuela
Chibly Abouhamad Hobaica,Fecha de nacimiento,1929-01-01
Chibly Abouhamad Hobaica,Fecha de defunción,2005-01-01
Chibly Abouhamad Hobaica,Ocupación,profesor
Chibly Abouhamad Hobaica,Ocupación,abogado
Christian Vásquez,Lugar de nacimiento,Caracas
Christian Vásquez,Ocupación,director de orquesta
Christian Vásquez,Ciudadanía,Venezuela
Christian Vásquez,Fecha de nacimiento,1984-01-01
Hanni Ossott,Lugar de nacimiento,Caracas
Hanni Ossott,Ocupación,escritor
Hanni Ossott,Ciudadanía,Venezuela
Hanni Ossott,Educado en,Universidad Central de Venezuela
Hanni Ossott,Empleador,Universidad Central de Venezuela
Hanni Ossott,Cargo,catedrático
Hanni Ossott,Fecha de nacimiento,1946-02-14
Hanni Ossott,Fecha de defunción,2002-12-31
Hanni Ossott,Ocupación,poeta
Hanni Ossott,Ocupación,traductor
Hanni Ossott,Ocupación,profesor universitario
Hanni Ossott,Ocupación,periodista
Hanni Ossott,Ocupación,crítico de arte
Hanni Ossott,Ocupación,crítico literario
Hanni Ossott,Ocupación,ensayista
Hanni Ossott,Ocupación,lingüista
Édgar Ramírez,Lugar de nacimiento,Caracas
Édgar Ramírez,Ocupación,actor
Édgar Ramírez,Ciudadanía,Estados Unidos
Édgar Ramírez,Educado en,Universidad Católica Andrés Bello
Édgar Ramírez,Miembro de,Academia de Artes y Ciencias Cinematográficas
Édgar Ramírez,Cargo,embajador de buena voluntad de Unicef
Édgar Ramírez,Premio recibido,caballero de las Artes y las Letras
Édgar Ramírez,Fecha de nacimiento,1977-03-25
Édgar Ramírez,Ocupación,actor de cine
Édgar Ramírez,Ciudadanía,Venezuela
Carlota Pérez,Lugar de nacimiento,Caracas
Carlota Pérez,Ocupación,economista
Carlota Pérez,Ciudadanía,Reino Unido
Carlota Pérez,Empleador,University College de Londres
Carlota Pérez,Premio recibido,Medalla Kondrátiev
Carlota Pérez,Fecha de nacimiento,1939-09-20
Carlota Pérez,Ocupación,profesor universitario
Carlota Pérez,Ciudadanía,Venezuela
Carlota Pérez,Empleador,Universidad Técnica de Tallin
Carlota Pérez,Empleador,Universidad de Sussex
Universidad Católica Andrés Bello,instancia de,universidad católica
Universidad Católica Andrés Bello,instancia de,universidad privada
Universidad Católica Andrés Bello,instancia de,bien cultural
Universidad Católica Andrés Bello,instancia de,universidad jesuita
Academia de Artes y Ciencias Cinematográficas,país,Estados Unidos
Academia de Artes y Ciencias Cinematográficas,fundador,Frank Lloyd
Academia de Artes y Ciencias Cinematográficas,fundador,Cecil B. DeMille
Academia de Artes y Ciencias Cinematográficas,fundador,Jack Warner
Reino Unido,miembro de,Organización para la Cooperación y el Desarrollo Económico
Reino Unido,miembro de,Agencia Espacial Europea
Reino Unido,miembro de,Programa de exención de visa
Reino Unido,miembro de,Organización para la Seguridad y la Cooperación en Europa
Reino Unido,miembro de,Observatorio Europeo del Sur
Medalla Kondrátiev,país,Rusia
Medalla Kondrátiev,instancia de,medalla
Medalla Kondrátiev,instancia de,premio científico
Medalla Kondrátiev,nombrado en referencia a,Nikolái Kondrátiev
Wilson Ramos,Lugar de nacimiento,Valencia
Wilson Ramos,Ocupación,beisbolista
Wilson Ramos,Ciudadanía,Venezuela
Wilson Ramos,Fecha de nacimiento,1987-08-10
José Ángel Lamas,Lugar de nacimiento,Caracas
José Ángel Lamas,Ocupación,compositor
José Ángel Lamas,Ciudadanía,Venezuela
José Ángel Lamas,Fecha de nacimiento,1775-08-02
José Ángel Lamas,Fecha de defunción,1814-12-10
José Ángel Lamas,Ocupación,oboísta
Gabriel Cichero,Lugar de nacimiento,Caracas
Gabriel Cichero,Ocupación,futbolista
Gabriel Cichero,Ciudadanía,Polonia
Gabriel Cichero,Fecha de nacimiento,1984-04-25
Gabriel Cichero,Ciudadanía,Venezuela
Polonia,miembro de,Consejo de Europa
Polonia,miembro de,Unión Postal Universal
Polonia,miembro de,Organización para la Cooperación y el Desarrollo Económico
Polonia,miembro de,Pacto de Varsovia
Polonia,miembro de,Agencia Espacial Europea
Luz Machado,Lugar de nacimiento,Ciudad Bolívar
Luz Machado,Ocupación,escritor
Luz Machado,Ciudadanía,Venezuela
Luz Machado,Premio recibido,Premio Nacional de Literatura
Luz Machado,Fecha de nacimiento,1916-02-03
Luz Machado,Fecha de defunción,1999-08-11
Luz Machado,Ocupación,poeta
Luz Machado,Ocupación,periodista
Jacqueline Saburido,Lugar de nacimiento,Caracas
Jacqueline Saburido,Ocupación,periodista
Jacqueline Saburido,Ciudadanía,Venezuela
Jacqueline Saburido,Educado en,Universidad de Texas en Austin
Jacqueline Saburido,Fecha de nacimiento,1978-12-20
Jacqueline Saburido,Fecha de defunción,2019-04-20
Carlos Andrés Pérez,Lugar de nacimiento,Rubio
Carlos Andrés Pérez,Ocupación,político
Carlos Andrés Pérez,Ciudadanía,Venezuela
Carlos Andrés Pérez,Educado en,Universidad Central de Venezuela
Carlos Andrés Pérez,Cargo,presidente de Venezuela
Carlos Andrés Pérez,Premio recibido,Orden de Jamaica
Carlos Andrés Pérez,Fecha de nacimiento,1922-10-27
Carlos Andrés Pérez,Fecha de defunción,2010-12-25
Carlos Andrés Pérez,Premio recibido,Orden del Libertador
Carlos Andrés Pérez,Premio recibido,Orden Francisco de Miranda
Carlos Andrés Pérez,Premio recibido,Caballero de Gran Cruz con collar de la Orden al Mérito de la República Italiana
Carlos Andrés Pérez,Premio recibido,Collar de la Orden de Isabel la Católica
Carlos Andrés Pérez,Premio recibido,Caballero del collar de la Orden de Carlos III
Carlos Andrés Pérez,Premio recibido,Gran collar de la Orden de Santiago de la Espada
Carlos Andrés Pérez,Educado en,Universidad de Costa Rica
Carlos Andrés Pérez,Educado en,Universidad Libre
Carlos Andrés Pérez,Cargo,diputado de Venezuela
Carlos Andrés Pérez,Cargo,senador de Venezuela
Universidad de Texas en Austin,país,Estados Unidos
Universidad de Texas en Austin,instancia de,institución educativa pública de los Estados Unidos
Universidad de Texas en Austin,instancia de,universidad pública de investigación
Universidad de Texas en Austin,situado en la entidad territorial administrativa,Austin
Universidad de Texas en Austin,ubicación de la sede,Austin
Rubio,país,Venezuela
Rubio,instancia de,ciudad
Rubio,situado en la entidad territorial administrativa,Táchira
Rubio,capital de,Municipio Junín
Rónald González,Lugar de nacimiento,San Cristóbal
Rónald González,Ocupación,ciclista
Rónald González,Ciudadanía,Venezuela
Rónald González,Fecha de nacimiento,1981-03-06
José Francisco Bermúdez,Lugar de nacimiento,Cariaco
José Francisco Bermúdez,Ocupación,militar
José Francisco Bermúdez,Ciudadanía,Venezuela
José Francisco Bermúdez,Fecha de nacimiento,1782-01-23
José Francisco Bermúdez,Fecha de defunción,1831-12-15
José Francisco Bermúdez,Ocupación,revolucionario
Carlos Ulises Moulines,Lugar de nacimiento,Caracas
Carlos Ulises Moulines,Ocupación,profesor universitario
Carlos Ulises Moulines,Ciudadanía,Venezuela
Carlos Ulises Moulines,Educado en,Universidad de Múnich
Carlos Ulises Moulines,Empleador,Universidad de Múnich
Carlos Ulises Moulines,Miembro de,Sección de Filosofía y Ciencias Sociales del Instituto de Estudios Catalanes
Carlos Ulises Moulines,Premio recibido,doctor honoris causa por la Universidad de Santiago de Compostela
Carlos Ulises Moulines,Fecha de nacimiento,1946-10-26
Carlos Ulises Moulines,Ocupación,filósofo
Carlos Ulises Moulines,Educado en,Universidad de Barcelona
profesor universitario,instancia de,profesión académica
profesor universitario,subclase de,profesor
profesor universitario,subclase de,académico
profesor universitario,ámbito de la ocupación,enseñanza
Universidad de Múnich,país,Alemania
Universidad de Múnich,instancia de,universidad pública
Universidad de Múnich,instancia de,universidad pública de investigación
Norma Santini,Lugar de nacimiento,Valera
Norma Santini,Ocupación,esgrimista
Norma Santini,Ciudadanía,Venezuela
Norma Santini,Fecha de nacimiento,1932-07-20
Vanessa Pose,Lugar de nacimiento,Caracas
Vanessa Pose,Ocupación,actor
Vanessa Pose,Ciudadanía,Venezuela
Vanessa Pose,Fecha de nacimiento,1990-03-12
Vanessa Pose,Ocupación,modelo
Vanessa Pose,Ocupación,actor de televisión
Juan Vicente Gómez,Lugar de nacimiento,Táchira
Juan Vicente Gómez,Ocupación,militar
Juan Vicente Gómez,Ciudadanía,Venezuela
Juan Vicente Gómez,Cargo,presidente de Venezuela
Juan Vicente Gómez,Premio recibido,Orden del Libertador
Juan Vicente Gómez,Fecha de nacimiento,1857-07-24
Juan Vicente Gómez,Fecha de defunción,1935-12-17
Juan Vicente Gómez,Ocupación,político
Juan Vicente Gómez,Ocupación,soldado
Juan Vicente Gómez,Premio recibido,Orden Francisco de Miranda
Juan Vicente Gómez,Premio recibido,Gran Cordón de la Orden de Leopoldo
Juan Vicente Gómez,Premio recibido,Gran Cruz de la Orden de Isabel la Católica
Juan Vicente Gómez,Premio recibido,Gran Cruz de la Orden de Carlos III
Juan Vicente Gómez,Premio recibido,Collar of the Order of Pope Pius IX
Richard Hidalgo,Lugar de nacimiento,Caracas
Richard Hidalgo,Ocupación,beisbolista
Richard Hidalgo,Ciudadanía,Venezuela
Richard Hidalgo,Fecha de nacimiento,1975-06-28
Aquiles Nazoa,Lugar de nacimiento,Caracas
Aquiles Nazoa,Ocupación,guionista
Aquiles Nazoa,Ciudadanía,Venezuela
Aquiles Nazoa,Fecha de nacimiento,1920-05-17
Aquiles Nazoa,Fecha de defunción,2001-04-25
Aquiles Nazoa,Ocupación,escritor
Aquiles Nazoa,Ocupación,poeta
Aquiles Nazoa,Ocupación,periodista
Andrés Mata,Lugar de nacimiento,Carúpano
Andrés Mata,Ocupación,escritor
Andrés Mata,Ciudadanía,Venezuela
Andrés Mata,Miembro de,Academia Venezolana de la Lengua
Andrés Mata,Fecha de nacimiento,1870-11-10
Andrés Mata,Fecha de defunción,1931-11-18
Andrés Mata,Ocupación,poeta
Andrés Mata,Ocupación,periodista
Rómulo Betancourt,Lugar de nacimiento,Guatire
Rómulo Betancourt,Ocupación,abogado
Rómulo Betancourt,Ciudadanía,Venezuela
Rómulo Betancourt,Educado en,Universidad Central de Venezuela
Rómulo Betancourt,Cargo,presidente
Rómulo Betancourt,Fecha de nacimiento,1908-02-22
Rómulo Betancourt,Fecha de defunción,1981-09-28
Rómulo Betancourt,Ocupación,político
Rómulo Betancourt,Ocupación,periodista
Rómulo Betancourt,Cargo,senador vitalicio
Rómulo Betancourt,Cargo,presidente de Venezuela
Francisco «Morochito» Rodríguez,Lugar de nacimiento,Cumaná
Francisco «Morochito» Rodríguez,Ocupación,boxeador
Francisco «Morochito» Rodríguez,Ciudadanía,Venezuela
Francisco «Morochito» Rodríguez,Fecha de nacimiento,1945-09-20
Francisco «Morochito» Rodríguez,Fecha de defunción,2024-04-23
Carúpano,categoría principal del tema,Categoría:Carúpano
Carúpano,descrito en la fuente,Encyclopædia Britannica (11ª edición)
Carúpano,capital de,Municipio Bermúdez
Carúpano,categoría para las personas que nacieron aquí,Categoría:Nacidos en Carúpano
Guatire,país,Venezuela
Guatire,instancia de,ciudad
Guatire,instancia de,gran ciudad
Guatire,situado en la entidad territorial administrativa,Municipio Zamora
Guatire,categoría principal del tema,Categoría:Guatire
David Serradas,Lugar de nacimiento,Valencia
David Serradas,Ocupación,boxeador
David Serradas,Ciudadanía,Venezuela
David Serradas,Fecha de nacimiento,1969-05-17
Dayana Borges,Lugar de nacimiento,Maracay
Dayana Borges,Ocupación,modelo
Dayana Borges,Ciudadanía,Venezuela
Dayana Borges,Fecha de nacimiento,1990-02-19
Dayana Colmenares,Lugar de nacimiento,Maracay
Dayana Colmenares,Ocupación,modelo
Dayana Colmenares,Ciudadanía,Venezuela
Dayana Colmenares,Fecha de nacimiento,1984-12-28
Dayana Colmenares,Ocupación,participante en concursos de belleza
Alejandro Peña Esclusa,Lugar de nacimiento,Washington D. C.
Alejandro Peña Esclusa,Ocupación,político
Alejandro Peña Esclusa,Ciudadanía,Venezuela
Alejandro Peña Esclusa,Educado en,Universidad Simón Bolívar
Alejandro Peña Esclusa,Fecha de nacimiento,1954-07-03
Washington D. C.,jefe de gobierno,Muriel Bowser
Washington D. C.,país,Estados Unidos
Washington D. C.,continente,América del Norte
Washington D. C.,instancia de,capital federal
Washington D. C.,comparte fronteras con,Alexandria
Andrés Eloy Blanco,Lugar de nacimiento,Caracas
Andrés Eloy Blanco,Ocupación,beisbolista
Andrés Eloy Blanco,Ciudadanía,Venezuela
Andrés Eloy Blanco,Fecha de nacimiento,1984-04-11
Wolfgang Larrazábal,Lugar de nacimiento,Sucre
Wolfgang Larrazábal,Ocupación,político
Wolfgang Larrazábal,Ciudadanía,Venezuela
Wolfgang Larrazábal,Cargo,presidente de Venezuela
Wolfgang Larrazábal,Fecha de nacimiento,1911-03-05
Wolfgang Larrazábal,Fecha de defunción,2003-02-27
Wolfgang Larrazábal,Ocupación,soldado
titopiña,Lugar de nacimiento,Táchira
titopiña,Ocupación,militar
titopiña,Ciudadanía,Venezuela
titopiña,Cargo,senador vitalicio
titopiña,Fecha de nacimiento,1883-05-05
titopiña,Fecha de defunción,1973-01-02
titopiña,Ocupación,político
titopiña,Cargo,presidente de Venezuela
Sucre,país,Venezuela
Sucre,instancia de,estado de Venezuela
Sucre,capital,Cumaná
Sucre,comparte fronteras con,Anzoátegui
Sucre,comparte fronteras con,Monagas
senador vitalicio,instancia de,cargo
senador vitalicio,subclase de,senador
Mariaesthela Vilera,Lugar de nacimiento,Valle de La Pascua
Mariaesthela Vilera,Ocupación,ciclista
Mariaesthela Vilera,Ciudadanía,Venezuela
Mariaesthela Vilera,Fecha de nacimiento,1988-12-26
Mariana Rondón,Lugar de nacimiento,Barquisimeto
Mariana Rondón,Ocupación,guionista
Mariana Rondón,Ciudadanía,Venezuela
Mariana Rondón,Educado en,Escuela Internacional de Cine y Televisión
Mariana Rondón,Fecha de nacimiento,1966-05-08
Mariana Rondón,Ocupación,director de cine
Mariano José Parra Sandoval,Lugar de nacimiento,Maracaibo
Mariano José Parra Sandoval,Ocupación,sacerdote católico
Mariano José Parra Sandoval,Ciudadanía,Venezuela
Mariano José Parra Sandoval,Cargo,obispo diocesano
Mariano José Parra Sandoval,Fecha de nacimiento,1947-04-25
Mariano José Parra Sandoval,Ocupación,obispo católico
Mariano José Parra Sandoval,Cargo,administrador apostólico
Mariano José Parra Sandoval,Cargo,arzobispo de Coro
Valle de La Pascua,jefe de gobierno,Nidia
Valle de La Pascua,país,Venezuela
Valle de La Pascua,instancia de,ciudad
Valle de La Pascua,instancia de,gran ciudad
Valle de La Pascua,situado en la entidad territorial administrativa,Municipio Infante
Escuela Internacional de Cine y Televisión,país,Cuba
Escuela Internacional de Cine y Televisión,instancia de,escuela de cine
Escuela Internacional de Cine y Televisión,situado en la entidad territorial administrativa,San Antonio de los Baños
Escuela Internacional de Cine y Televisión,premio recibido,Orden del Mérito Cultural
Maracaibo,capital de,Zulia
Maracaibo,capital de,Municipio Maracaibo
Maracaibo,categoría para las personas que nacieron aquí,Categoría:Nacidos en Maracaibo
Maracaibo,categoría para las personas que fallecieron aquí,Categoría:Fallecidos en Maracaibo
Roberto Rosales,Lugar de nacimiento,Caracas
Roberto Rosales,Ocupación,futbolista
Roberto Rosales,Ciudadanía,Venezuela
Roberto Rosales,Fecha de nacimiento,1988-11-20
Alexander González,Lugar de nacimiento,Maracay
Alexander González,Ocupación,futbolista
Alexander González,Ciudadanía,Venezuela
Alexander González,Fecha de nacimiento,1992-09-13
Henri Pittier,Ocupación,recolector científico
Academia de las Ciencias y las Letras de Maguncia,instancia de,academia de ciencias
Academia de las Ciencias y las Letras de Maguncia,instancia de,universidad pública de investigación
Academia de las Ciencias y las Letras de Maguncia,situado en la entidad territorial administrativa,Maguncia
Calabozo,situado cerca del cuerpo de agua,río Guárico
Antonio Lauro,Lugar de nacimiento,Ciudad Bolívar
Antonio Lauro,Ocupación,compositor
Antonio Lauro,Ciudadanía,Venezuela
Antonio Lauro,Premio recibido,Premio Nacional de Música de Venezuela
Antonio Lauro,Fecha de nacimiento,1917-08-03
Antonio Lauro,Fecha de defunción,1986-04-18
Antonio Lauro,Ocupación,guitarrista
Antonio Lauro,Ocupación,guitarrista clásico
Goizeder Azúa,Lugar de nacimiento,San Felipe
Goizeder Azúa,Ocupación,periodista
Goizeder Azúa,Ciudadanía,Venezuela
Goizeder Azúa,Fecha de nacimiento,1984-02-23
Goizeder Azúa,Ocupación,modelo
Goizeder Azúa,Ocupación,participante en concursos de belleza
Daniela Di Giacomo,Lugar de nacimiento,Caracas
Daniela Di Giacomo,Ocupación,presentador de televisión
Daniela Di Giacomo,Ciudadanía,Venezuela
Daniela Di Giacomo,Fecha de nacimiento,1985-05-15
Daniela Di Giacomo,Ocupación,modelo
Daniela Di Giacomo,Ocupación,participante en concursos de belleza
presentador de televisión,instancia de,cargo
presentador de televisión,instancia de,ocupación mediática
presentador de televisión,subclase de,actor
presentador de televisión,subclase de,celebridad
presentador de televisión,subclase de,presentador
Laureano Villanueva,Lugar de nacimiento,San Carlos
Laureano Villanueva,Ocupación,escritor
Laureano Villanueva,Ciudadanía,Venezuela
Laureano Villanueva,Fecha de nacimiento,1840-03-23
Laureano Villanueva,Fecha de defunción,1912-03-01
Laureano Villanueva,Ocupación,político
Layneker Zafra,Lugar de nacimiento,San Cristóbal
Layneker Zafra,Ocupación,futbolista
Layneker Zafra,Ciudadanía,Venezuela
Layneker Zafra,Fecha de nacimiento,1986-05-23
Leila Macor,Lugar de nacimiento,Caracas
Leila Macor,Ocupación,escritor
Leila Macor,Ciudadanía,Venezuela
Leila Macor,Fecha de nacimiento,1971-01-01
Leila Macor,Ocupación,periodista
San Carlos,instancia de,ciudad
San Carlos,instancia de,gran ciudad
San Carlos,situado en la entidad territorial administrativa,Municipio San Carlos
San Carlos,nombrado en referencia a,Carlos II de España
Marcelino Bolívar,Lugar de nacimiento,Ciudad Bolívar
Marcelino Bolívar,Ocupación,boxeador
Marcelino Bolívar,Ciudadanía,Venezuela
Marcelino Bolívar,Fecha de nacimiento,1964-07-14
Elluz Peraza,Lugar de nacimiento,Caracas
Elluz Peraza,Ocupación,actor
Elluz Peraza,Ciudadanía,Venezuela
Elluz Peraza,Fecha de nacimiento,1958-01-26
Elluz Peraza,Ocupación,modelo
Elluz Peraza,Ocupación,participante en concursos de belleza
Edgar Bastidas,Lugar de nacimiento,Caracas
Edgar Bastidas,Ocupación,cantante de ópera
Edgar Bastidas,Ciudadanía,Venezuela
Edgar Bastidas,Fecha de nacimiento,1969-08-23
Tatiana Capote,Lugar de nacimiento,La Habana
Tatiana Capote,Ocupación,actor
Tatiana Capote,Ciudadanía,Cuba
Tatiana Capote,Fecha de nacimiento,1962-08-15
Tatiana Capote,Ocupación,modelo
Tatiana Capote,Ocupación,participante en concursos de belleza
Tatiana Capote,Ciudadanía,Venezuela
La Habana,jefe de gobierno,Marta Hernández Romero
La Habana,jefe de gobierno,Reynaldo García Zapata
La Habana,país,Cuba
La Habana,instancia de,ciudad
La Habana,instancia de,ciudad más grande
Cuba,miembro de,Organización Mundial de la Salud
Cuba,miembro de,Organización Mundial del Comercio
Cuba,miembro de,Interpol
Cuba,miembro de,Alianza Bolivariana para América
Cuba,miembro de,Unión Postal Universal
Beatriz Valdés,Lugar de nacimiento,La Habana
Beatriz Valdés,Ocupación,actor de teatro
Beatriz Valdés,Ciudadanía,Cuba
Beatriz Valdés,Fecha de nacimiento,1963-05-12
Beatriz Valdés,Ocupación,actor de televisión
Beatriz Valdés,Ocupación,actor de cine
Beatriz Valdés,Ciudadanía,Venezuela
actor de teatro,instancia de,oficio del teatro
actor de teatro,subclase de,actor
actor de teatro,ámbito de la ocupación,teatro
Wilmer Herrison,Lugar de nacimiento,Maracaibo
Wilmer Herrison,Ocupación,pintor
Wilmer Herrison,Ciudadanía,Venezuela
Wilmer Herrison,Educado en,Escuela del Louvre
Wilmer Herrison,Fecha de nacimiento,1978-09-29
Puerto La Cruz,capital de,Municipio Sotillo
Puerto La Cruz,categoría de personas relacionadas,Categoría:Puertocruzanos
Escuela del Louvre,país,Francia
Escuela del Louvre,instancia de,institución educativa universitaria
Escuela del Louvre,instancia de,academia de bellas artes
Escuela del Louvre,instancia de,Gran Escuela
Escuela del Louvre,instancia de,editor de acceso abierto
Juan María Leonardi Villasmil,Lugar de nacimiento,Boconó
Juan María Leonardi Villasmil,Ocupación,sacerdote católico
Juan María Leonardi Villasmil,Ciudadanía,Venezuela
Juan María Leonardi Villasmil,Educado en,Pontificia Universidad Gregoriana
Juan María Leonardi Villasmil,Cargo,obispo auxiliar
Juan María Leonardi Villasmil,Fecha de nacimiento,1947-02-11
Juan María Leonardi Villasmil,Fecha de defunción,2014-06-07
Juan María Leonardi Villasmil,Ocupación,obispo católico
Juan María Leonardi Villasmil,Educado en,Pontificia Universidad Lateranense
Juan María Leonardi Villasmil,Educado en,Universidad Central de Venezuela
Juan María Leonardi Villasmil,Cargo,obispo titular
Juan María Leonardi Villasmil,Cargo,obispo diocesano
Cristóbal Rojas,Lugar de nacimiento,Cúa
Cristóbal Rojas,Ocupación,pintor
Cristóbal Rojas,Ciudadanía,Venezuela
Cristóbal Rojas,Educado en,Academia Julian
Cristóbal Rojas,Obra notable,El Purgatorio
Cristóbal Rojas,Fecha de nacimiento,1857-12-15
Cristóbal Rojas,Fecha de defunción,1890-11-08
Cristóbal Rojas,Obra notable,La muerte de Girardot en Bárbula
Eduardo Serrano,Lugar de nacimiento,Caracas
Eduardo Serrano,Ocupación,actor
Eduardo Serrano,Ciudadanía,Venezuela
Eduardo Serrano,Obra notable,Las Amazonas
Eduardo Serrano,Fecha de nacimiento,1942-11-30
Eduardo Serrano,Fecha de defunción,2025-09-11
El Purgatorio,instancia de,pintura
El Purgatorio,creador,Cristóbal Rojas
El Purgatorio,colección,iglesia de la Divina Pastora
El Purgatorio,estatus de los derechos de autor,dominio público
Las Amazonas,instancia de,serie de televisión
Las Amazonas,género,telenovela
Las Amazonas,miembro del reparto,Hilda Carrero
Las Amazonas,idioma de la película o programa de televisión,español
Las Amazonas,idioma de la obra o del nombre,español
Wilfredo Alvarado,Lugar de nacimiento,Acarigua
Wilfredo Alvarado,Ocupación,entrenador
Wilfredo Alvarado,Ciudadanía,Venezuela
Wilfredo Alvarado,Fecha de nacimiento,1970-10-04
Wilfredo Alvarado,Ocupación,futbolista
Sabrina Salvador,Lugar de nacimiento,Anzoátegui
Sabrina Salvador,Ocupación,actor
Sabrina Salvador,Ciudadanía,Venezuela
Sabrina Salvador,Fecha de nacimiento,1980-09-06
Sabrina Salvador,Ocupación,modelo
Yorvit Torrealba,Lugar de nacimiento,Caracas
Yorvit Torrealba,Ocupación,beisbolista
Yorvit Torrealba,Ciudadanía,Venezuela
Yorvit Torrealba,Fecha de nacimiento,1978-07-19
Anzoátegui,país,Venezuela
Anzoátegui,instancia de,circunscripción electoral
Anzoátegui,instancia de,estado de Venezuela
Anzoátegui,capital,Barcelona
Anzoátegui,comparte fronteras con,Bolívar
Luis Herrera Campins,Lugar de nacimiento,Acarigua
Luis Herrera Campins,Ocupación,abogado
Luis Herrera Campins,Ciudadanía,Venezuela
Luis Herrera Campins,Educado en,Universidad Central de Venezuela
Luis Herrera Campins,Cargo,senador vitalicio
Luis Herrera Campins,Premio recibido,Collar de la Orden de Isabel la Católica
Luis Herrera Campins,Fecha de nacimiento,1925-05-04
Luis Herrera Campins,Fecha de defunción,2007-11-09
Luis Herrera Campins,Ocupación,político
Luis Herrera Campins,Ocupación,jurista
Luis Herrera Campins,Ocupación,periodista
Luis Herrera Campins,Premio recibido,Gran Cruz de la Orden del Gran Duque Gediminas
Luis Herrera Campins,Premio recibido,honorary doctor of the University of Miami
Luis Herrera Campins,Cargo,presidente de Venezuela
Luis Herrera Campins,Cargo,diputado de Venezuela
Marcos P. Jimenez,Lugar de nacimiento,Táchira
Marcos P. Jimenez,Ocupación,político
Marcos P. Jimenez,Ciudadanía,Venezuela
Marcos P. Jimenez,Educado en,Academia Militar del Ejército Bolivariano
Marcos P. Jimenez,Cargo,presidente de Venezuela
Marcos P. Jimenez,Premio recibido,Orden del Libertador
Marcos P. Jimenez,Fecha de nacimiento,1914-04-25
Marcos P. Jimenez,Fecha de defunción,2001-09-20
Marcos P. Jimenez,Ocupación,dictador
Marcos P. Jimenez,Premio recibido,Orden Francisco de Miranda
Marcos P. Jimenez,Premio recibido,"Gran Cruz, clase especial, del Mérito de La República Federal de Alemania"
Marcos P. Jimenez,Premio recibido,Caballero de Gran Cruz con collar de la Orden al Mérito de la República Italiana
Marcos P. Jimenez,Premio recibido,legionario de la Legión del Mérito
Marcos P. Jimenez,Premio recibido,Collar de la Orden de Isabel la Católica
Marcos P. Jimenez,Premio recibido,Grand Cross of the Sash of the Two Orders
Carmen Josefina León,Lugar de nacimiento,Maracay
Carmen Josefina León,Ocupación,modelo
Carmen Josefina León,Ciudadanía,Venezuela
Carmen Josefina León,Fecha de nacimiento,1963-05-19
Carmen Josefina León,Ocupación,participante en concursos de belleza
Asnoldo Devonish,Lugar de nacimiento,Maracaibo
Asnoldo Devonish,Ocupación,atleta
Asnoldo Devonish,Ciudadanía,Venezuela
Asnoldo Devonish,Premio recibido,Orden Olímpica
Asnoldo Devonish,Fecha de nacimiento,1932-06-15
Asnoldo Devonish,Fecha de defunción,1997-01-01
Orden Olímpica,instancia de,orden
Orden Olímpica,subclase de,premio olímpico
Orden Olímpica,compuesto por,Orden Olímpica de Plata
Arquímedes Herrera,Lugar de nacimiento,Bobures
Arquímedes Herrera,Ocupación,atleta
Arquímedes Herrera,Ciudadanía,Venezuela
Arquímedes Herrera,Fecha de nacimiento,1935-08-08
Arquímedes Herrera,Fecha de defunción,2013-05-30
Bobures,país,Venezuela
Bobures,instancia de,asentamiento
Bobures,situado en la entidad territorial administrativa,Zulia
Bobures,situado cerca del cuerpo de agua,Lago de Maracaibo
Bobures,se encuentra en el huso horario,UTC−4
Instituto Tecnológico de Massachusetts,financiador,Open Society Foundations
Rafael Guillermo Urdaneta Vargas,Lugar de nacimiento,Maracaibo
Rafael Guillermo Urdaneta Vargas,Ocupación,militar
Rafael Guillermo Urdaneta Vargas,Ciudadanía,Venezuela
Rafael Guillermo Urdaneta Vargas,Fecha de nacimiento,1823-02-08
Rafael Guillermo Urdaneta Vargas,Fecha de defunción,1862-03-10
Rafael Guillermo Urdaneta Vargas,Ocupación,político
Narciso López,Lugar de nacimiento,Caracas
Narciso López,Ocupación,militar
Narciso López,Ciudadanía,Venezuela
Narciso López,Fecha de nacimiento,1797-01-01
Narciso López,Fecha de defunción,1851-09-01
Narciso López,Ocupación,político
Greivis Vásquez,Lugar de nacimiento,Caracas
Greivis Vásquez,Ocupación,baloncestista
Greivis Vásquez,Ciudadanía,Venezuela
Greivis Vásquez,Educado en,Universidad de Maryland
Greivis Vásquez,Fecha de nacimiento,1987-01-16
Greivis Vásquez,Ocupación,entrenador de baloncesto
Greivis Vásquez,Educado en,Montrose Christian School
baloncestista,instancia de,profesión
baloncestista,subclase de,deportista
baloncestista,subclase de,jugador competitivo
baloncestista,forma parte de,club de baloncesto
baloncestista,ámbito de la ocupación,baloncesto
Universidad de Maryland,filial,Robert H. Smith School of Business
Miguel Ubeto,Lugar de nacimiento,Caracas
Miguel Ubeto,Ocupación,ciclista
Miguel Ubeto,Ciudadanía,Venezuela
Miguel Ubeto,Fecha de nacimiento,1976-09-02
Francisco Antonio Zea,Lugar de nacimiento,Medellín
Francisco Antonio Zea,Ocupación,político
Francisco Antonio Zea,Ciudadanía,Venezuela
Francisco Antonio Zea,Educado en,Colegio Mayor de San Bartolomé
Francisco Antonio Zea,Cargo,Vicepresidente de Colombia
Francisco Antonio Zea,Fecha de nacimiento,1766-11-23
Francisco Antonio Zea,Fecha de defunción,1822-11-28
Francisco Antonio Zea,Ocupación,diplomático
Francisco Antonio Zea,Ocupación,periodista
Francisco Antonio Zea,Ocupación,botánico
Francisco Antonio Zea,Ocupación,recolector científico
Francisco Antonio Zea,Ciudadanía,Colombia
Francisco Antonio Zea,Cargo,ambassador of Colombia to the United Kingdom
Ernesto José Viso,Lugar de nacimiento,Caracas
Ernesto José Viso,Ocupación,IndyCar Series
Ernesto José Viso,Ciudadanía,Venezuela
Ernesto José Viso,Fecha de nacimiento,1985-03-19
Ernesto José Viso,Ocupación,piloto de automovilismo
Ernesto José Viso,Ocupación,piloto de Fórmula Uno
Jaime Lusinchi,Lugar de nacimiento,Clarines
Jaime Lusinchi,Ocupación,médico
Jaime Lusinchi,Ciudadanía,Venezuela
Jaime Lusinchi,Educado en,Universidad Central de Venezuela
Jaime Lusinchi,Cargo,senador vitalicio
Jaime Lusinchi,Premio recibido,Caballero de Gran Cruz con collar de la Orden al Mérito de la República Italiana
Jaime Lusinchi,Fecha de nacimiento,1924-05-27
Jaime Lusinchi,Fecha de defunción,2014-05-21
Jaime Lusinchi,Ocupación,político
Jaime Lusinchi,Premio recibido,Collar de la Orden de Isabel la Católica
Jaime Lusinchi,Premio recibido,gran collar de la orden del Infante Don Enrique
Jaime Lusinchi,Cargo,presidente de Venezuela
Medellín,jefe de gobierno,Federico Gutiérrez
Medellín,país,Colombia
Medellín,instancia de,ciudad
Medellín,instancia de,gran ciudad
Medellín,instancia de,municipio de Colombia
Colegio Mayor de San Bartolomé,país,Colombia
Colegio Mayor de San Bartolomé,instancia de,escuela pública
Colegio Mayor de San Bartolomé,instancia de,bien cultural
Colegio Mayor de San Bartolomé,instancia de,colegio jesuita
Colegio Mayor de San Bartolomé,fundador,Bartolomé Lobo Guerrero
Vicepresidente de Colombia,país,Colombia
Vicepresidente de Colombia,instancia de,cargo
Vicepresidente de Colombia,subclase de,vicepresidente
Vicepresidente de Colombia,forma parte de,Gabinete de Colombia
Vicepresidente de Colombia,aplica a la jurisdicción,Colombia
IndyCar Series,país,Canadá
IndyCar Series,país,Estados Unidos
IndyCar Series,instancia de,competición
IndyCar Series,instancia de,serie de competición de automovilismo
IndyCar Series,deporte,Fórmula (automovilismo)
Clarines,país,Venezuela
Clarines,instancia de,ciudad
Clarines,situado en la entidad territorial administrativa,Municipio Bruzual
Clarines,ciudad hermana,Guanape
Clarines,capital de,Municipio Bruzual
Stalin Rivas,Lugar de nacimiento,Puerto Ordaz
Stalin Rivas,Ocupación,entrenador
Stalin Rivas,Ciudadanía,Venezuela
Stalin Rivas,Fecha de nacimiento,1971-08-05
Stalin Rivas,Ocupación,futbolista
Puerto Ordaz,país,Venezuela
Puerto Ordaz,instancia de,ciudad
Puerto Ordaz,situado en la entidad territorial administrativa,Ciudad Guayana
Puerto Ordaz,forma parte de,Ciudad Guayana
Ronald Vargas,Lugar de nacimiento,Guatire
Ronald Vargas,Ocupación,futbolista
Ronald Vargas,Ciudadanía,Venezuela
Ronald Vargas,Fecha de nacimiento,1986-12-02
Miguel Cabrera,Lugar de nacimiento,Maracay
Miguel Cabrera,Ocupación,beisbolista
Miguel Cabrera,Ciudadanía,Venezuela
Miguel Cabrera,Premio recibido,Most Valuable Player
Miguel Cabrera,Fecha de nacimiento,1983-04-18
Miguel Cabrera,Premio recibido,Player of the Year
Most Valuable Player,país,Canadá
Most Valuable Player,país,Estados Unidos
Most Valuable Player,instancia de,Jugador Más Valioso
Most Valuable Player,deporte,béisbol
Most Valuable Player,categoría principal del tema,Categoría:Most Valuable Player
Consuelo Nouel,Lugar de nacimiento,Caracas
Consuelo Nouel,Ocupación,modelo
Consuelo Nouel,Ciudadanía,Venezuela
Consuelo Nouel,Fecha de nacimiento,1937-12-10
Consuelo Nouel,Fecha de defunción,2018-02-23
Consuelo Nouel,Ocupación,participante en concursos de belleza
Rafael Caldera,Lugar de nacimiento,San Felipe
Rafael Caldera,Ocupación,abogado
Rafael Caldera,Ciudadanía,Venezuela
Rafael Caldera,Educado en,Universidad Central de Venezuela
Rafael Caldera,Empleador,Universidad Central de Venezuela
Rafael Caldera,Miembro de,Academia Venezolana de la Lengua
Rafael Caldera,Cargo,presidente de Venezuela
Rafael Caldera,Premio recibido,Caballero de Gran Cruz con collar de la Orden al Mérito de la República Italiana
Rafael Caldera,Fecha de nacimiento,1916-01-24
Rafael Caldera,Fecha de defunción,2009-12-24
Rafael Caldera,Ocupación,político
Rafael Caldera,Ocupación,profesor universitario
Rafael Caldera,Ocupación,sociólogo
Rafael Caldera,Ocupación,académico
Rafael Caldera,Premio recibido,Collar de la Orden de Isabel la Católica
Rafael Caldera,Premio recibido,gran collar de la orden del Infante Don Enrique
Rafael Caldera,Premio recibido,Gran Cruz de la Orden de Carlos III
Rafael Caldera,Premio recibido,doctor honoris causa de la Universidad de París-Sorbonne
Rafael Caldera,Premio recibido,Collar of the Order of Pope Pius IX
Rafael Caldera,Premio recibido,honorary doctor of the Renmin University of China
Rafael Caldera,Premio recibido,Medalla de la República Oriental del Uruguay
Rafael Caldera,Miembro de,Academia de Ciencias Políticas y Sociales
Rafael Caldera,Miembro de,Real Academia Europea de Doctores
Rafael Caldera,Cargo,diputado de Venezuela
Rómulo Gallegos,Lugar de nacimiento,Caracas
Rómulo Gallegos,Ocupación,escritor
Rómulo Gallegos,Ciudadanía,Venezuela
Rómulo Gallegos,Educado en,Universidad Central de Venezuela
Rómulo Gallegos,Miembro de,Academia Venezolana de la Lengua
Rómulo Gallegos,Cargo,senador vitalicio
Rómulo Gallegos,Premio recibido,Premio Nacional de Literatura
Rómulo Gallegos,Fecha de nacimiento,1884-08-02
Rómulo Gallegos,Fecha de defunción,1969-04-05
Rómulo Gallegos,Ocupación,político
Rómulo Gallegos,Ocupación,periodista
Rómulo Gallegos,Ocupación,novelista
Rómulo Gallegos,Premio recibido,doctorado honoris causa por la Universidad Nacional Autónoma de México
Rómulo Gallegos,Fecha de defunción,1969-04-07
Rómulo Gallegos,Cargo,presidente de Venezuela
Rómulo Gallegos,Cargo,diputado de Venezuela
Rafael Caldera,Premio recibido,Orden de la Cruz del Sur
Rafael Caldera,Premio recibido,Orden Nacional del Cedro
Rafael Caldera,Premio recibido,Orden Mexicana del Águila Azteca
Rafael Caldera,Premio recibido,Orden al Mérito de Chile
Rafael Caldera,Premio recibido,Honorary Order of the Yellow Star
Rafael Caldera,Premio recibido,Orden del Cóndor de los Andes
Rafael Caldera,Premio recibido,Cruz del Árbol de Gernika
Rafael Caldera,Premio recibido,Orden de Vitautas el Grande
Rafael Caldera,Premio recibido,Orden de la Estrella de Rumanía
Rafael Caldera,Premio recibido,Orden El Sol del Perú
Rafael Caldera,Premio recibido,Orden del Libertador San Martín
Rafael Caldera,Premio recibido,Caballero Gran Cruz de la Orden del León Holandés
Rafael Caldera,Premio recibido,Orden de Boyacá
Rafael Caldera,Premio recibido,Orden Nacional José Matías Delgado
Rafael Caldera,Premio recibido,Orden Heráldica de Cristóbal Colón
Rafael Caldera,Premio recibido,Orden Nacional al Mérito
Rafael Caldera,Premio recibido,Orden Nacional del Mérito
Rafael Caldera,Premio recibido,Orden al Mérito por Servicios Distinguidos
Rafael Caldera,Premio recibido,Gran Cruz de la Orden Nacional de la Legión de Honor
Rafael Caldera,Premio recibido,Caballero Gran Cruz de la Orden de San Gregorio Magno
Abdul Vas,Lugar de nacimiento,Maracay
Abdul Vas,Ocupación,pintor
Abdul Vas,Ciudadanía,Venezuela
Abdul Vas,Educado en,Gerrit Rietveld Academie
Abdul Vas,Fecha de nacimiento,1981-03-15
Gerrit Rietveld Academie,país,Países Bajos
Gerrit Rietveld Academie,instancia de,academia de bellas artes
Gerrit Rietveld Academie,situado en la entidad territorial administrativa,Amsterdam
Gerrit Rietveld Academie,nombrado en referencia a,Gerrit Rietveld
Gerrit Rietveld Academie,ubicación de la sede,Ámsterdam
Nueva York,ciudad hermana,Seúl
Nueva York,ciudad hermana,Shanghái
Nueva York,ciudad hermana,Tel Aviv
Nueva York,ciudad hermana,Johannesburgo
Nueva York,ciudad hermana,Santo Domingo
Hersony Canelón,Lugar de nacimiento,Caracas
Hersony Canelón,Ocupación,ciclista
Hersony Canelón,Ciudadanía,Venezuela
Hersony Canelón,Fecha de nacimiento,1988-12-02
Fritz Melbye,Lugar de nacimiento,Elsinor
Fritz Melbye,Ocupación,pintor
Fritz Melbye,Ciudadanía,Venezuela
Fritz Melbye,Fecha de nacimiento,1826-08-24
Fritz Melbye,Fecha de defunción,1869-12-14
Fritz Melbye,Ocupación,viajero
Francisco Cabrera Santos,Lugar de nacimiento,Canarias
Francisco Cabrera Santos,Ocupación,político
Francisco Cabrera Santos,Ciudadanía,España
Francisco Cabrera Santos,Fecha de nacimiento,1946-05-14
Francisco Cabrera Santos,Fecha de defunción,2010-02-26
Francisco Cabrera Santos,Ciudadanía,Venezuela
Bárbara Garofalo,Lugar de nacimiento,Venezuela
Bárbara Garofalo,Ocupación,actor
Bárbara Garofalo,Ciudadanía,Venezuela
Bárbara Garofalo,Fecha de nacimiento,1992-01-01
Bárbara Garofalo,Ocupación,cantante
Bárbara Garofalo,Ocupación,modelo
Bárbara Garofalo,Ocupación,bailarín
Elsinor,país,Dinamarca
Elsinor,instancia de,ciudad
Elsinor,situado en la entidad territorial administrativa,Elsinor
Elsinor,ciudad hermana,Gdansk
Elsinor,ciudad hermana,San Remo
Canarias,jefe de gobierno,Ángel Víctor Torres Pérez
Canarias,país,España
Canarias,instancia de,comunidad autónoma
Canarias,capital,Las Palmas de Gran Canaria
Canarias,capital,Santa Cruz de Tenerife
Camila Canabal,Lugar de nacimiento,Montevideo
Camila Canabal,Ocupación,presentador de televisión
Camila Canabal,Ciudadanía,Venezuela
Camila Canabal,Fecha de nacimiento,1976-11-08
Camila Canabal,Ocupación,modelo
Carlos A. Chardón,Lugar de nacimiento,Venezuela
Carlos A. Chardón,Ocupación,secretario
Carlos A. Chardón,Ciudadanía,Venezuela
Carlos A. Chardón,Educado en,Universidad de Siracusa
Carlos A. Chardón,Fecha de nacimiento,1939-01-13
Carlos Alberto Taylhardat,Lugar de nacimiento,Maracay
Carlos Alberto Taylhardat,Ocupación,diplomático
Carlos Alberto Taylhardat,Ciudadanía,Venezuela
Carlos Alberto Taylhardat,Educado en,Academia Naval italiana
Carlos Alberto Taylhardat,Fecha de nacimiento,1921-06-06
Carlos Alberto Taylhardat,Fecha de defunción,2011-11-21
secretario,instancia de,profesión
secretario,instancia de,cargo
secretario,instancia de,ocupación
secretario,subclase de,trabajador de cuello blanco
Universidad de Siracusa,filial,Maxwell School of Citizenship and Public Affairs
Academia Naval italiana,país,Italia
Academia Naval italiana,instancia de,academia naval
Academia Naval italiana,situado en la entidad territorial administrativa,Livorno
Academia Naval italiana,gerente/director,Luigi Fincati
Carlos Arraiz,Lugar de nacimiento,Caracas
Carlos Arraiz,Ocupación,actor
Carlos Arraiz,Ciudadanía,Venezuela
Carlos Arraiz,Fecha de nacimiento,1973-02-02
Carlos Arraiz,Ocupación,actor de voz
Carlos Arraiz,Ocupación,modelo
Carlos Arraiz,Fecha de nacimiento,1977-02-02
Carlos Ascues,Lugar de nacimiento,Caracas
Carlos Ascues,Ocupación,futbolista
Carlos Ascues,Ciudadanía,Perú
Carlos Ascues,Fecha de nacimiento,1992-06-19
Carlos Ascues,Ciudadanía,Venezuela
Carlos Barreto,Lugar de nacimiento,Petare
Carlos Barreto,Ocupación,boxeador
Carlos Barreto,Ciudadanía,Venezuela
Carlos Barreto,Fecha de nacimiento,1976-07-25
Carlos Barreto,Fecha de defunción,1999-10-12
actor de voz,instancia de,profesión
actor de voz,subclase de,actor
actor de voz,ámbito de la ocupación,actuación de voz
actor de voz,se dice que es lo mismo que,seiyū
actor de voz,categoría principal del tema,Categoría:Actores de voz
Perú,jefe de gobierno,José Jerí
Perú,continente,América del Sur
Perú,instancia de,país
Perú,instancia de,estado soberano
Perú,jefe de Estado,José Jerí
Gustavo García Naranjo,Lugar de nacimiento,Caracas
Gustavo García Naranjo,Ocupación,sacerdote católico
Gustavo García Naranjo,Ciudadanía,Venezuela
Gustavo García Naranjo,Educado en,Seminario Santa Rosa de Lima
Gustavo García Naranjo,Cargo,obispo diocesano
Gustavo García Naranjo,Fecha de nacimiento,1944-07-01
Gustavo García Naranjo,Ocupación,obispo católico
Gustavo Matamoros,Lugar de nacimiento,Caracas
Gustavo Matamoros,Ocupación,compositor
Gustavo Matamoros,Ciudadanía,Venezuela
Gustavo Matamoros,Fecha de nacimiento,1957-01-01
Orlando Poleo,Lugar de nacimiento,Caracas
Orlando Poleo,Ocupación,percusionista
Orlando Poleo,Ciudadanía,Venezuela
Orlando Poleo,Fecha de nacimiento,1962-12-13
Orlando Poleo,Ocupación,músico de jazz
percusionista,instancia de,ocupación
percusionista,instancia de,profesión musical
percusionista,subclase de,instrumentalista
músico de jazz,instancia de,ocupación
músico de jazz,instancia de,profesión musical
músico de jazz,subclase de,músico
músico de jazz,ámbito de la ocupación,jazz
músico de jazz,categoría principal del tema,Categoría:Músicos de jazz
Adriana d'Elia,Lugar de nacimiento,Caracas
Adriana d'Elia,Ocupación,político
Adriana d'Elia,Ciudadanía,Venezuela
Adriana d'Elia,Educado en,Universidad Simón Bolívar
Adriana d'Elia,Fecha de nacimiento,1901-01-01
Adriana Prieto,Lugar de nacimiento,Valencia
Adriana Prieto,Ocupación,actor
Adriana Prieto,Ciudadanía,Venezuela
Adriana Prieto,Fecha de nacimiento,1984-04-17
Adrián Lezama,Lugar de nacimiento,Puerto Ordaz
Adrián Lezama,Ocupación,futbolista
Adrián Lezama,Ciudadanía,Venezuela
Adrián Lezama,Fecha de nacimiento,1989-07-22
Universidad Simón Bolívar,instancia de,editor de acceso abierto
Universidad Simón Bolívar,nombrado en referencia a,Simón Bolívar
Universidad Simón Bolívar,ubicación de la sede,Caracas
Valencia,jefe de gobierno,María José Català
Valencia,país,España
Valencia,continente,Europa
Valencia,instancia de,municipio de España
Valencia,instancia de,municipio de la Comunidad Valenciana
Harry Abend,Lugar de nacimiento,Jarosław
Harry Abend,Ocupación,arquitecto
Harry Abend,Ciudadanía,Polonia
Harry Abend,Educado en,Universidad Central de Venezuela
Harry Abend,Premio recibido,Orden Francisco de Miranda
Harry Abend,Fecha de nacimiento,1937-05-05
Harry Abend,Fecha de defunción,2021-01-18
Harry Abend,Ocupación,pintor
Harry Abend,Ocupación,escultor
Harry Abend,Ciudadanía,Venezuela
Helímenas de Jesús Rojo Paredes,Ocupación,sacerdote católico
Helímenas de Jesús Rojo Paredes,Ciudadanía,Venezuela
Helímenas de Jesús Rojo Paredes,Cargo,obispo diocesano
Helímenas de Jesús Rojo Paredes,Fecha de nacimiento,1926-04-22
Helímenas de Jesús Rojo Paredes,Fecha de defunción,2021-01-01
Helímenas de Jesús Rojo Paredes,Ocupación,obispo católico
Helímenas de Jesús Rojo Paredes,Cargo,arzobispo católico
Henry Rangel Silva,Lugar de nacimiento,Santiago
Henry Rangel Silva,Ocupación,militar
Henry Rangel Silva,Ciudadanía,Venezuela
Henry Rangel Silva,Educado en,Academia Militar del Ejército Bolivariano
Henry Rangel Silva,Fecha de nacimiento,1961-08-28
Henry Rangel Silva,Ocupación,político
Henry Rangel Silva,Ocupación,alto cargo
Jarosław,país,Polonia
Jarosław,continente,Europa
Jarosław,instancia de,comuna urbana
Jarosław,propiedad de,Jan of Tarnów
Jarosław,situado en la entidad territorial administrativa,Powiat de Jarosław
Orden Francisco de Miranda,país,Venezuela
Orden Francisco de Miranda,instancia de,orden
Orden Francisco de Miranda,fundador,Isaías Medina Angarita
Orden Francisco de Miranda,nombrado en referencia a,Francisco de Miranda
Orden Francisco de Miranda,categoría principal del tema,Categoría:Orden Francisco de Miranda
Santiago,país,Venezuela
Santiago,instancia de,parroquia civil de Venezuela
Santiago,situado en la entidad territorial administrativa,Municipio Urdaneta
Francisco Pimentel Agostini,Lugar de nacimiento,Caracas
Francisco Pimentel Agostini,Ocupación,escritor
Francisco Pimentel Agostini,Ciudadanía,Venezuela
Francisco Pimentel Agostini,Miembro de,Academia Venezolana de la Lengua
Francisco Pimentel Agostini,Fecha de nacimiento,1889-09-01
Francisco Pimentel Agostini,Fecha de defunción,1942-08-12
Francisco Pimentel Agostini,Ocupación,poeta
Francisco Pimentel Agostini,Ocupación,humorista
Francisco Pol,Lugar de nacimiento,Caracas
Francisco Pol,Ocupación,entrenador
Francisco Pol,Ciudadanía,Venezuela
Francisco Pol,Fecha de nacimiento,1987-09-17
Francisco Pol,Ocupación,futbolista
Francisco Rodríguez del Toro,Lugar de nacimiento,Caracas
Francisco Rodríguez del Toro,Ocupación,militar
Francisco Rodríguez del Toro,Ciudadanía,Venezuela
Francisco Rodríguez del Toro,Fecha de nacimiento,1761-12-18
Francisco Rodríguez del Toro,Fecha de defunción,1851-05-10
Francisco Páez,Ocupación,nadador
Francisco Páez,Ciudadanía,Venezuela
Francisco Páez,Fecha de nacimiento,1979-04-17
Francisco Rangel Gómez,Lugar de nacimiento,Caracas
Francisco Rangel Gómez,Ocupación,político
Francisco Rangel Gómez,Ciudadanía,Venezuela
Francisco Rangel Gómez,Educado en,Academia Militar del Ejército Bolivariano
Francisco Rangel Gómez,Cargo,gobernador
Francisco Rangel Gómez,Fecha de nacimiento,1953-04-04
Francisco Rodríguez,Lugar de nacimiento,Venezuela
Francisco Rodríguez,Ocupación,economista
Francisco Rodríguez,Ciudadanía,Venezuela
Francisco Rodríguez,Educado en,Universidad Harvard
Francisco Rodríguez,Empleador,Universidad Wesleyana
Francisco Rodríguez,Fecha de nacimiento,1970-01-01
Francisco Rodríguez,Educado en,Universidad Católica Andrés Bello
Francisco Rodríguez,Empleador,Universidad de Maryland
Francisco Rodríguez,Empleador,Instituto de Estudios Superiores de Administración
Francisco Rodríguez,Empleador,Torino Capital LLC
gobernador,instancia de,profesión
gobernador,instancia de,cargo público
gobernador,instancia de,designación profesional
gobernador,instancia de,cargo
gobernador,subclase de,gobernante
Universidad Wesleyana,país,Estados Unidos
Universidad Wesleyana,instancia de,universidad
Universidad Wesleyana,instancia de,institución educativa privada sin fines de lucro
Universidad Wesleyana,situado en la entidad territorial administrativa,Middletown
Universidad Wesleyana,nombrado en referencia a,John Wesley
Carlos Ramón Hidalgo,Lugar de nacimiento,Guayaquil
Carlos Ramón Hidalgo,Ocupación,futbolista
Carlos Ramón Hidalgo,Ciudadanía,Venezuela
Carlos Ramón Hidalgo,Fecha de nacimiento,1979-02-09
Carlos Rangel,Lugar de nacimiento,Caracas
Carlos Rangel,Ocupación,escritor
Carlos Rangel,Ciudadanía,Venezuela
Carlos Rangel,Fecha de nacimiento,1929-09-17
Carlos Rangel,Fecha de defunción,1988-01-15
Carlos Rangel,Ocupación,político
Carlos Rangel,Ocupación,diplomático
Carlos Rangel,Ocupación,periodista
Carlos Salazar,Lugar de nacimiento,Barcelona
Carlos Salazar,Ocupación,entrenador
Carlos Salazar,Ciudadanía,Venezuela
Carlos Salazar,Fecha de nacimiento,1989-05-15
Carlos Salazar,Ocupación,futbolista
Guayaquil,categoría de personas relacionadas,Categoría:Personas de Guayaquil
Guayaquil,geografía,geografía de Guayaquil
Guayaquil,ubicado en la entidad territorial administrativa actual,Guayas
Guayaquil,ubicado en la entidad territorial administrativa actual,Cantón Guayaquil
Carlos Tarazona,Ocupación,maratonista
Carlos Tarazona,Ciudadanía,Venezuela
Carlos Tarazona,Fecha de nacimiento,1965-08-14
Carlos Tarazona,Fecha de nacimiento,1966-08-14
Carlos Tejeda,Lugar de nacimiento,Caracas
Carlos Tejeda,Ocupación,voleibolista
Carlos Tejeda,Ciudadanía,Venezuela
Carlos Tejeda,Fecha de nacimiento,1980-07-29
Carlos Vásquez,Lugar de nacimiento,Sucre
Carlos Vásquez,Ocupación,beisbolista
Carlos Vásquez,Ciudadanía,Venezuela
Carlos Vásquez,Fecha de nacimiento,1982-12-06
maratonista,instancia de,profesión
maratonista,subclase de,fondista
maratonista,ámbito de la ocupación,maratón
maratonista,categoría principal del tema,Categoría:Maratonistas
Carlos Vásquez Carvajal,Ocupación,taekwondista
Carlos Vásquez Carvajal,Ciudadanía,Venezuela
Carlos Vásquez Carvajal,Fecha de nacimiento,1982-12-19
Carlos Zerpa,Ocupación,pintor
Carlos Zerpa,Ciudadanía,Venezuela
Carlos Zerpa,Fecha de nacimiento,1950-01-01
Carmelo Fernández,Lugar de nacimiento,Guama
Carmelo Fernández,Ocupación,artista escénico
Carmelo Fernández,Ciudadanía,Venezuela
Carmelo Fernández,Fecha de nacimiento,1809-01-01
Carmelo Fernández,Fecha de defunción,1887-01-01
Carmelo Fernández,Ocupación,pintor
Carmelo Fernández,Ocupación,creador
Carmelo Fernández,Ocupación,director de teatro
Carmelo Fernández,Ocupación,bailarín
taekwondista,instancia de,profesión
taekwondista,instancia de,ocupación
taekwondista,subclase de,deportista
taekwondista,ámbito de la ocupación,taekwondo
taekwondista,ámbito de la ocupación,taekwondo adaptado
Guama,país,Venezuela
Guama,instancia de,villa
Guama,situado en la entidad territorial administrativa,Municipio Sucre
artista escénico,instancia de,profesión
artista escénico,instancia de,ocupación
artista escénico,subclase de,artista
artista escénico,ámbito de la ocupación,artes escénicas
artista escénico,se dice que es lo mismo que,actor
Eleonora Bruzual,Ocupación,escritor
Eleonora Bruzual,Ciudadanía,Venezuela
Eleonora Bruzual,Ocupación,biógrafo
Eleonora Bruzual,Ocupación,periodista
Elio Chacón,Lugar de nacimiento,Caracas
Elio Chacón,Ocupación,beisbolista
Elio Chacón,Ciudadanía,Venezuela
Elio Chacón,Fecha de nacimiento,1936-10-26
Elio Chacón,Fecha de defunción,1992-04-24
Elizabeth Ayoub,Lugar de nacimiento,Caracas
Elizabeth Ayoub,Ocupación,actor
Elizabeth Ayoub,Ciudadanía,Venezuela
Elizabeth Ayoub,Fecha de nacimiento,1975-01-01
Elizabeth Ayoub,Ocupación,cantante
Elizabeth Ayoub,Ocupación,guitarrista
biógrafo,instancia de,profesión
biógrafo,instancia de,ocupación
biógrafo,subclase de,historiador
biógrafo,subclase de,autor
biógrafo,subclase de,escritor de no ficción
Alejandro Oliveros,Lugar de nacimiento,Valencia
Alejandro Oliveros,Ocupación,escritor
Alejandro Oliveros,Ciudadanía,Venezuela
Alejandro Oliveros,Premio recibido,Beca Guggenheim
Alejandro Oliveros,Fecha de nacimiento,1948-03-01
Alejandro Oliveros,Ocupación,poeta
Alejandro Oliveros,Ocupación,traductor
Alejandro Oliveros,Ocupación,crítico literario
Alejandro Oliveros,Ocupación,ensayista
Alejandro Pietri,Ocupación,arquitecto
Alejandro Pietri,Ciudadanía,Venezuela
Alejandro Pietri,Fecha de nacimiento,1924-07-24
Alejandro Pietri,Fecha de defunción,1992-05-05
Kerwis Chirinos,Lugar de nacimiento,Ciudad Ojeda
Kerwis Chirinos,Ocupación,futbolista
Kerwis Chirinos,Ciudadanía,Venezuela
Kerwis Chirinos,Fecha de nacimiento,1985-05-25
Beca Guggenheim,país,Estados Unidos
Beca Guggenheim,instancia de,beca
Beca Guggenheim,instancia de,evento anual
Beca Guggenheim,campo de trabajo,ciencia
Beca Guggenheim,campo de trabajo,música
Ciudad Ojeda,país,Venezuela
Ciudad Ojeda,instancia de,ciudad
Ciudad Ojeda,instancia de,gran ciudad
Ciudad Ojeda,situado en la entidad territorial administrativa,Municipio Lagunillas
Ciudad Ojeda,situado cerca del cuerpo de agua,Lago de Maracaibo
Cecilio Zubillaga Perera,Lugar de nacimiento,Carora
Cecilio Zubillaga Perera,Ocupación,empresario
Cecilio Zubillaga Perera,Ciudadanía,Venezuela
Cecilio Zubillaga Perera,Fecha de nacimiento,1887-02-01
Cecilio Zubillaga Perera,Fecha de defunción,1948-07-25
Cecilio Zubillaga Perera,Ocupación,periodista
Roberto La Rocca,Lugar de nacimiento,Caracas
Roberto La Rocca,Ocupación,piloto de carreras
Roberto La Rocca,Ciudadanía,Venezuela
Roberto La Rocca,Fecha de nacimiento,1992-07-09
Roberto La Rocca,Ocupación,piloto de automovilismo
Celestino Armas,Lugar de nacimiento,Barcelona
Celestino Armas,Ocupación,ingeniero
Celestino Armas,Ciudadanía,Venezuela
Celestino Armas,Educado en,Universidad Central de Venezuela
Celestino Armas,Empleador,Universidad Simón Bolívar
Celestino Armas,Cargo,diputado de Venezuela
Celestino Armas,Fecha de nacimiento,1935-12-15
Celestino Armas,Fecha de defunción,2011-01-16
Celestino Armas,Ocupación,político
Celestino Armas,Educado en,Escuela de Minas de Colorado
piloto de carreras,instancia de,profesión
piloto de carreras,subclase de,operador de vehículo
piloto de carreras,ámbito de la ocupación,deporte de motor
piloto de carreras,ámbito de la ocupación,karting
ingeniero,subclase de,trabajador
ingeniero,ámbito de la ocupación,ingeniería
Emilio Campos,Ocupación,entrenador
Emilio Campos,Ciudadanía,España
Emilio Campos,Fecha de nacimiento,1954-08-22
Emilio Campos,Fecha de defunción,2022-09-18
Emilio Campos,Ocupación,futbolista
Emilio Campos,Ciudadanía,Venezuela
Emiro Lobo,Ocupación,pintor
Emiro Lobo,Ciudadanía,Venezuela
Emiro Lobo,Fecha de nacimiento,1948-01-01
Emiro Lobo,Fecha de defunción,2007-01-01
Ender Thomas,Lugar de nacimiento,Puerto Cabello
Ender Thomas,Ocupación,cantante
Ender Thomas,Ciudadanía,Venezuela
Ender Thomas,Ocupación,compositor de canciones
compositor de canciones,instancia de,profesión musical
compositor de canciones,subclase de,compositor
compositor de canciones,subclase de,autor
compositor de canciones,ámbito de la ocupación,composición de canciones
compositor de canciones,se dice que es lo mismo que,letrista
Chucho Ramos,Lugar de nacimiento,Maturín
Chucho Ramos,Ocupación,beisbolista
Chucho Ramos,Ciudadanía,Venezuela
Chucho Ramos,Fecha de nacimiento,1918-04-12
Chucho Ramos,Fecha de defunción,1977-09-02
Chucho Sanoja,Lugar de nacimiento,Caracas
Chucho Sanoja,Ocupación,compositor
Chucho Sanoja,Ciudadanía,Venezuela
Chucho Sanoja,Fecha de nacimiento,1926-09-26
Chucho Sanoja,Fecha de defunción,1998-12-11
Chucho Sanoja,Ocupación,director de orquesta
Chucho Sanoja,Ocupación,pianista
Chucho Sanoja,Ocupación,líder de banda
Claudia Baratta Sarcinelli,Ocupación,modelo
Claudia Baratta Sarcinelli,Ciudadanía,Venezuela
Claudia Baratta Sarcinelli,Fecha de nacimiento,1988-08-24
Luis Eduardo Arellano Moreno,Lugar de nacimiento,Caracas
Luis Eduardo Arellano Moreno,Ocupación,entrenador
Luis Eduardo Arellano Moreno,Ciudadanía,Venezuela
Luis Eduardo Arellano Moreno,Fecha de nacimiento,1989-01-04
Luis Eduardo Arellano Moreno,Ocupación,futbolista
Luis Eduardo Chataing,Lugar de nacimiento,Caracas
Luis Eduardo Chataing,Ocupación,arquitecto
Luis Eduardo Chataing,Ciudadanía,Venezuela
Luis Eduardo Chataing,Educado en,Universidad Central de Venezuela
Luis Eduardo Chataing,Fecha de nacimiento,1906-08-13
Luis Eduardo Chataing,Fecha de defunción,1971-11-11
Luis Eduardo Chataing,Ocupación,matemático
Luis Emilio Gómez Ruiz,Lugar de nacimiento,Caracas
Luis Emilio Gómez Ruiz,Ocupación,abogado
Luis Emilio Gómez Ruiz,Ciudadanía,Venezuela
Luis Emilio Gómez Ruiz,Educado en,Universidad Central de Venezuela
Luis Emilio Gómez Ruiz,Premio recibido,Gran Cruz de la Orden de Isabel la Católica
Luis Emilio Gómez Ruiz,Fecha de nacimiento,1911-01-01
Luis Emilio Gómez Ruiz,Fecha de defunción,1966-12-19
Luis Emilio Gómez Ruiz,Ocupación,político
Luis Emilio Gómez Ruiz,Ocupación,diplomático
Gran Cruz de la Orden de Isabel la Católica,país,España
Gran Cruz de la Orden de Isabel la Católica,instancia de,grado de una orden
Gran Cruz de la Orden de Isabel la Católica,subclase de,Gran Cruz
Gran Cruz de la Orden de Isabel la Católica,forma parte de,Orden de Isabel la Católica
Gran Cruz de la Orden de Isabel la Católica,categoría para los galardonados con este premio,Categoría:Caballeros grandes cruces de la Orden de Isabel la Católica
Ronald Blanco La Cruz,Lugar de nacimiento,Caracas
Ronald Blanco La Cruz,Ocupación,diplomático
Ronald Blanco La Cruz,Ciudadanía,Venezuela
Ronald Blanco La Cruz,Educado en,Universidad Militar Bolivariana de Venezuela
Ronald Blanco La Cruz,Fecha de nacimiento,1959-04-12
Amábilis Cordero,Lugar de nacimiento,Duaca
Amábilis Cordero,Ocupación,cineasta
Amábilis Cordero,Ciudadanía,Venezuela
Amábilis Cordero,Fecha de nacimiento,1892-01-01
Amábilis Cordero,Fecha de defunción,1974-01-06
Américo Gregorio Martín Estaba,Lugar de nacimiento,Caracas
Américo Gregorio Martín Estaba,Ocupación,escritor
Américo Gregorio Martín Estaba,Ciudadanía,Venezuela
Américo Gregorio Martín Estaba,Fecha de nacimiento,1938-02-01
Américo Gregorio Martín Estaba,Fecha de defunción,2022-02-17
Américo Gregorio Martín Estaba,Ocupación,abogado
Universidad Militar Bolivariana de Venezuela,país,Venezuela
Universidad Militar Bolivariana de Venezuela,instancia de,academia militar
Universidad Militar Bolivariana de Venezuela,instancia de,universidad militar
Universidad Militar Bolivariana de Venezuela,fundador,Hugo Chávez
Universidad Militar Bolivariana de Venezuela,situado en la entidad territorial administrativa,Caracas
Duaca,país,Venezuela
Duaca,instancia de,asentamiento
Duaca,situado en la entidad territorial administrativa,Lara
Duaca,se encuentra en el huso horario,UTC−4
cineasta,instancia de,profesión del cine
cineasta,instancia de,ocupación mediática
cineasta,subclase de,artista
cineasta,subclase de,artista visual
cineasta,forma parte de,producción cinematográfica
Amílcar Figueroa,Ocupación,político
Amílcar Figueroa,Ciudadanía,Venezuela
Amílcar Figueroa,Cargo,diputado de Venezuela
Amílcar Figueroa,Fecha de nacimiento,1901-01-01
Ana Karina Manco,Lugar de nacimiento,Caracas
Ana Karina Manco,Ocupación,actor
Ana Karina Manco,Ciudadanía,Venezuela
Ana Karina Manco,Educado en,Universidad Santa María
Ana Karina Manco,Fecha de nacimiento,1970-12-17
Ana Karina Manco,Ocupación,modelo
Ana Luisa Llovera,Lugar de nacimiento,Guárico
Ana Luisa Llovera,Ocupación,político
Ana Luisa Llovera,Ciudadanía,Venezuela
Ana Luisa Llovera,Cargo,diputado de Venezuela
Ana Luisa Llovera,Fecha de nacimiento,1913-02-02
Ana Luisa Llovera,Fecha de defunción,1999-02-24
Ana Luisa Llovera,Ocupación,periodista
Universidad Santa María,país,Venezuela
Universidad Santa María,instancia de,universidad
Universidad Santa María,fundador,Lola Rodríguez de Fuenmayor Rivera
Universidad Santa María,situado en la entidad territorial administrativa,Caracas
Universidad Santa María,nombrado en referencia a,Virgen María
César Pérez Vivas,Lugar de nacimiento,La Grita
César Pérez Vivas,Ocupación,abogado
César Pérez Vivas,Ciudadanía,Venezuela
César Pérez Vivas,Educado en,Universidad Católica del Táchira
César Pérez Vivas,Cargo,diputado de Venezuela
César Pérez Vivas,Fecha de nacimiento,1957-04-24
César Pérez Vivas,Ocupación,político
César Pérez Vivas,Cargo,miembro de la Asamblea Nacional de Venezuela
César Rengifo,Lugar de nacimiento,Caracas
César Rengifo,Ocupación,poeta
César Rengifo,Ciudadanía,Venezuela
César Rengifo,Fecha de nacimiento,1915-02-15
César Rengifo,Fecha de defunción,1980-11-02
César Rengifo,Ocupación,dramaturgo
César Rengifo,Ocupación,pintor
César Rengifo,Ocupación,pedagogo
César Rengifo,Ocupación,periodista
César Tovar,Lugar de nacimiento,Caracas
César Tovar,Ocupación,beisbolista
César Tovar,Ciudadanía,Venezuela
César Tovar,Fecha de nacimiento,1940-07-03
César Tovar,Fecha de defunción,1994-07-14
La Grita,país,Venezuela
La Grita,instancia de,ciudad
La Grita,situado en la entidad territorial administrativa,Municipio Jáuregui
La Grita,situado en la entidad territorial administrativa,Domingo
La Grita,capital de,Municipio Jáuregui
Universidad Católica del Táchira,país,Venezuela
Universidad Católica del Táchira,instancia de,escuela
Universidad Católica del Táchira,instancia de,universidad católica
Universidad Católica del Táchira,instancia de,universidad jesuita
Universidad Católica del Táchira,situado en la entidad territorial administrativa,San Cristóbal
poeta,instancia de,profesión
poeta,subclase de,escritor
poeta,ámbito de la ocupación,poesía
poeta,categoría principal del tema,Categoría:Poetas
Dalmiro Finol,Lugar de nacimiento,Municipio Cruz Paredes
Dalmiro Finol,Ocupación,beisbolista
Dalmiro Finol,Ciudadanía,Venezuela
Dalmiro Finol,Fecha de nacimiento,1919-08-21
Dalmiro Finol,Fecha de defunción,1994-05-16
Daniel De Oliveira,Lugar de nacimiento,Caracas
Daniel De Oliveira,Ocupación,entrenador
Daniel De Oliveira,Ciudadanía,Venezuela
Daniel De Oliveira,Fecha de nacimiento,1970-04-22
Daniel De Oliveira,Ocupación,futbolista
Daniel Dhers,Lugar de nacimiento,Caracas
Daniel Dhers,Ocupación,ciclista
Daniel Dhers,Ciudadanía,Venezuela
Daniel Dhers,Fecha de nacimiento,1985-03-25
Municipio Cruz Paredes,país,Venezuela
Municipio Cruz Paredes,instancia de,municipio de Venezuela
Municipio Cruz Paredes,capital,Barrancas
Municipio Cruz Paredes,situado en la entidad territorial administrativa,Estado Barinas
Municipio Cruz Paredes,subdividido en (división administrativa),Parroquia Barrancas
Daniel Febles,Lugar de nacimiento,Caracas
Daniel Febles,Ocupación,entrenador
Daniel Febles,Ciudadanía,Venezuela
Daniel Febles,Fecha de nacimiento,1991-02-08
Daniel Febles,Ocupación,futbolista
Daniel Navarrete,Lugar de nacimiento,Caracas
Daniel Navarrete,Ocupación,modelo
Daniel Navarrete,Ciudadanía,Venezuela
Daniel Navarrete,Fecha de nacimiento,1977-03-28
Daniel Navarrete,Ocupación,participante en concursos de belleza
Daniel Vallverdu,Lugar de nacimiento,Valencia
Daniel Vallverdu,Ocupación,tenista
Daniel Vallverdu,Ciudadanía,Venezuela
Daniel Vallverdu,Fecha de nacimiento,1986-03-17
Daniela Morales,Lugar de nacimiento,Cumaná
Daniela Morales,Ocupación,modelo
Daniela Morales,Ciudadanía,Venezuela
Daniela Morales,Fecha de nacimiento,1988-05-11
Daniela Morales,Ocupación,participante en concursos de belleza
Daniela Spanic,Lugar de nacimiento,Ortíz
Daniela Spanic,Ocupación,actor
Daniela Spanic,Ciudadanía,Venezuela
Daniela Spanic,Fecha de nacimiento,1973-12-10
Daniela Spanic,Ocupación,modelo
Daniela Torrealba,Lugar de nacimiento,San Cristóbal
Daniela Torrealba,Ocupación,participante en concursos de belleza
Daniela Torrealba,Ciudadanía,Venezuela
Daniela Torrealba,Fecha de nacimiento,1989-08-08
Ortíz,país,Venezuela
Ortíz,instancia de,ciudad
Ortíz,situado en la entidad territorial administrativa,Guárico
Ortíz,capital de,Municipio Ortíz
Fina Torres,Lugar de nacimiento,Caracas
Fina Torres,Ocupación,guionista
Fina Torres,Ciudadanía,Venezuela
Fina Torres,Fecha de nacimiento,1951-10-09
Fina Torres,Ocupación,director de cine
Fina Torres,Ocupación,productor de cine
Fina Torres,Ocupación,guionista de cine
Leidys Brito,Lugar de nacimiento,Maturín
Leidys Brito,Ocupación,arquero
Leidys Brito,Ciudadanía,Venezuela
Leidys Brito,Fecha de nacimiento,1984-07-05
Wuilmen Bravo,Lugar de nacimiento,Parroquia Mantecal
Wuilmen Bravo,Ocupación,ciclista
Wuilmen Bravo,Ciudadanía,Venezuela
Wuilmen Bravo,Fecha de nacimiento,1981-12-22
arquero,instancia de,profesión
arquero,subclase de,deportista
arquero,ámbito de la ocupación,tiro con arco
arquero,deporte,tiro con arco
arquero,categoría principal del tema,Categoría:Arqueros
Parroquia Mantecal,país,Venezuela
Parroquia Mantecal,instancia de,parroquia civil de Venezuela
Parroquia Mantecal,situado en la entidad territorial administrativa,Apure
Parroquia Mantecal,situado en la entidad territorial administrativa,Municipio Muñoz
Parroquia Mantecal,forma parte de,Municipio Muñoz
Danilo Žerjal,Lugar de nacimiento,Dutovlje
Danilo Žerjal,Ocupación,atleta
Danilo Žerjal,Ciudadanía,Italia
Danilo Žerjal,Fecha de nacimiento,1919-02-11
Danilo Žerjal,Fecha de defunción,1984-08-26
Danilo Žerjal,Ciudadanía,Venezuela
Danilo Žerjal,Ciudadanía,República Federativa Socialista de Yugoslavia
Danilo Žerjal,Ciudadanía,Reino de Italia
Danny Sandoval,Lugar de nacimiento,Barquisimeto
Danny Sandoval,Ocupación,beisbolista
Danny Sandoval,Ciudadanía,Venezuela
Danny Sandoval,Fecha de nacimiento,1979-04-07
Dave Concepción,Lugar de nacimiento,Aragua
Dave Concepción,Ocupación,beisbolista
Dave Concepción,Ciudadanía,Venezuela
Dave Concepción,Premio recibido,Guante de Oro
Dave Concepción,Fecha de nacimiento,1948-06-17
Aragua,país,Venezuela
Aragua,instancia de,estado de Venezuela
Aragua,capital,Maracay
Aragua,comparte fronteras con,Miranda
Aragua,comparte fronteras con,Carabobo
Estefanía López,Lugar de nacimiento,Caracas
Estefanía López,Ocupación,modelo
Estefanía López,Ciudadanía,Venezuela
Estefanía López,Obra notable,El club de los tigritos
Estefanía López,Fecha de nacimiento,1983-08-31
Estefanía López,Ocupación,actor de televisión
Eustoquio Gómez,Lugar de nacimiento,La Mulera
Eustoquio Gómez,Ocupación,militar
Eustoquio Gómez,Ciudadanía,Venezuela
Eustoquio Gómez,Fecha de nacimiento,1868-11-02
Eustoquio Gómez,Fecha de defunción,1935-12-21
Eva Blanco,Lugar de nacimiento,Caracas
Eva Blanco,Ocupación,actor
Eva Blanco,Ciudadanía,Venezuela
Eva Blanco,Fecha de nacimiento,1929-10-25
El club de los tigritos,instancia de,programa de televisión
El club de los tigritos,género,serie de televisión infantil
El club de los tigritos,idioma de la película o programa de televisión,español
El club de los tigritos,presentador,Wanda d'Isidoro
El club de los tigritos,presentador,Jalymar Salomón
La Mulera,país,Venezuela
La Mulera,instancia de,asentamiento
La Mulera,situado en la entidad territorial administrativa,Municipio Bolívar
La Mulera,se encuentra en el huso horario,UTC−4
Denisse Fuenmayor,Lugar de nacimiento,Guacara
Denisse Fuenmayor,Ocupación,jugador de sóftbol
Denisse Fuenmayor,Ciudadanía,Venezuela
Denisse Fuenmayor,Fecha de nacimiento,1979-05-17
Guacara,país,Venezuela
Guacara,instancia de,ciudad
Guacara,instancia de,gran ciudad
Guacara,situado en la entidad territorial administrativa,Municipio Guacara
Guacara,capital de,Municipio Guacara
jugador de sóftbol,instancia de,profesión
jugador de sóftbol,subclase de,deportista
jugador de sóftbol,subclase de,jugador competitivo
jugador de sóftbol,ámbito de la ocupación,sóftbol
jugador de sóftbol,categoría principal del tema,Categoría:Jugadores de sóftbol
Denzil Romero,Lugar de nacimiento,Aragua de Barcelona
Denzil Romero,Ocupación,escritor
Denzil Romero,Ciudadanía,Venezuela
Denzil Romero,Fecha de nacimiento,1938-01-01
Denzil Romero,Fecha de defunción,1999-01-01
Deolis Guerra,Lugar de nacimiento,Puerto Ordaz
Deolis Guerra,Ocupación,beisbolista
Deolis Guerra,Ciudadanía,Venezuela
Deolis Guerra,Fecha de nacimiento,1989-04-17
Desiree Glod,Lugar de nacimiento,Miranda
Desiree Glod,Ocupación,voleibolista
Desiree Glod,Ciudadanía,Venezuela
Desiree Glod,Fecha de nacimiento,1982-09-28
Facundo Coral,Lugar de nacimiento,Buenos Aires
Facundo Coral,Ocupación,guitarrista
Facundo Coral,Ciudadanía,Argentina
Facundo Coral,Fecha de nacimiento,1970-03-13
Facundo Coral,Ciudadanía,Venezuela
Nicolás Patiño Sosa,Ocupación,militar
Nicolás Patiño Sosa,Ciudadanía,Venezuela
Nicolás Patiño Sosa,Fecha de nacimiento,1825-01-01
Nicolás Patiño Sosa,Fecha de defunción,1876-09-07
Felipe Izcaray,Lugar de nacimiento,Carora
Felipe Izcaray,Ocupación,director de orquesta
Felipe Izcaray,Ciudadanía,Venezuela
Felipe Izcaray,Fecha de nacimiento,1950-04-24
Buenos Aires,país,Argentina
Buenos Aires,continente,América
Buenos Aires,instancia de,entidad territorial administrativa
Buenos Aires,instancia de,circunscripción electoral
Buenos Aires,instancia de,capital federal
Argentina,se encuentra en el huso horario,Hora oficial argentina
Argentina,miembro de,Organización de las Naciones Unidas
Argentina,miembro de,Unión de Naciones Suramericanas
Argentina,miembro de,Mercosur
Argentina,miembro de,UNESCO
Isaac Chocrón,Lugar de nacimiento,Maracay
Isaac Chocrón,Ocupación,guionista
Isaac Chocrón,Ciudadanía,Venezuela
Isaac Chocrón,Educado en,Universidad de Columbia
Isaac Chocrón,Empleador,Universidad Central de Venezuela
Isaac Chocrón,Fecha de nacimiento,1930-09-25
Isaac Chocrón,Fecha de defunción,2011-11-06
Isaac Chocrón,Ocupación,escritor
Isaac Chocrón,Ocupación,economista
Isaac Chocrón,Ocupación,dramaturgo
Isaac Chocrón,Ocupación,traductor
Isaac Chocrón,Ocupación,periodista
Isaac Chocrón,Ocupación,lingüista
Pynchas Brener,Lugar de nacimiento,Tyszówce
Pynchas Brener,Ocupación,rabino
Pynchas Brener,Ciudadanía,Venezuela
Pynchas Brener,Cargo,diplomatic envoy of Venezuela to Israel
Pynchas Brener,Fecha de nacimiento,1931-01-01
Dilia Díaz Cisneros,Lugar de nacimiento,El Hatillo
Dilia Díaz Cisneros,Ocupación,escritor
Dilia Díaz Cisneros,Ciudadanía,Venezuela
Dilia Díaz Cisneros,Fecha de nacimiento,1925-06-01
Dilia Díaz Cisneros,Fecha de defunción,2017-07-10
Dilia Díaz Cisneros,Ocupación,profesor
Dilia Díaz Cisneros,Ocupación,poeta
Universidad de Columbia,país,Estados Unidos
Universidad de Columbia,instancia de,universidad privada
Universidad de Columbia,instancia de,Colegios coloniales
Universidad de Columbia,instancia de,universidad de investigación
Universidad de Columbia,instancia de,institución educativa privada sin fines de lucro
Tyszówce,país,Polonia
Tyszówce,continente,Europa
Tyszówce,instancia de,ciudad
rabino,instancia de,profesión
rabino,instancia de,título honorífico
rabino,instancia de,ocupación religiosa
rabino,instancia de,ocupacion religiosa judía
rabino,subclase de,religioso
El Hatillo,país,Venezuela
El Hatillo,instancia de,ciudad
El Hatillo,instancia de,asentamiento
El Hatillo,situado en la entidad territorial administrativa,Municipio El Hatillo
Diliana Méndez,Lugar de nacimiento,Caracas
Diliana Méndez,Ocupación,tirador
Diliana Méndez,Ciudadanía,Venezuela
Diliana Méndez,Fecha de nacimiento,1982-10-27
Dilson Torres,Lugar de nacimiento,Maracay
Dilson Torres,Ocupación,beisbolista
Dilson Torres,Ciudadanía,Venezuela
Dilson Torres,Fecha de nacimiento,1970-05-31
Diógenes Rivas,Lugar de nacimiento,Mérida
Diógenes Rivas,Ocupación,compositor
Diógenes Rivas,Ciudadanía,Venezuela
Diógenes Rivas,Educado en,Academia Nacional de Santa Cecilia
Diógenes Rivas,Fecha de nacimiento,1942-10-04
tirador,instancia de,profesión
tirador,subclase de,deportista
tirador,subclase de,tirador
tirador,ámbito de la ocupación,tiro deportivo
tirador,ámbito de la ocupación,Tiro Práctico
Academia Nacional de Santa Cecilia,país,Italia
Academia Nacional de Santa Cecilia,instancia de,conservatorio de música
Academia Nacional de Santa Cecilia,situado en la entidad territorial administrativa,Roma
Braulio Salazar,Lugar de nacimiento,Valencia
Braulio Salazar,Ocupación,pintor
Braulio Salazar,Ciudadanía,Venezuela
Braulio Salazar,Fecha de nacimiento,1917-12-01
Braulio Salazar,Fecha de defunción,2008-12-26
Mariana Vega,Lugar de nacimiento,Caracas
Mariana Vega,Ocupación,cantante
Mariana Vega,Ciudadanía,Venezuela
Mariana Vega,Educado en,Universidad de Toronto
Mariana Vega,Premio recibido,Premio Grammy Latino al mejor artista nuevo
Mariana Vega,Fecha de nacimiento,1985-02-11
Mariana Vega,Ocupación,compositor de canciones
Mariana Vega,Ocupación,guitarrista
Fernando Asián,Lugar de nacimiento,Madrid
Fernando Asián,Ocupación,escritor
Fernando Asián,Ciudadanía,España
Fernando Asián,Fecha de nacimiento,1951-01-01
Fernando Asián,Ocupación,historietista
Fernando Asián,Ocupación,pintor
Fernando Asián,Ocupación,escultor
Fernando Asián,Ciudadanía,Venezuela
Universidad de Toronto,filial,Knox College
Premio Grammy Latino al mejor artista nuevo,país,Estados Unidos
Premio Grammy Latino al mejor artista nuevo,instancia de,premio al mejor artista revelación
Premio Grammy Latino al mejor artista nuevo,instancia de,categoría de un premio
Premio Grammy Latino al mejor artista nuevo,forma parte de,Premios Grammy Latinos
Madrid,comparte fronteras con,Leganés
Madrid,comparte fronteras con,Coslada
Madrid,comparte fronteras con,Majadahonda
Madrid,comparte fronteras con,San Sebastián de los Reyes
Madrid,comparte fronteras con,Alcobendas
historietista,instancia de,profesión
historietista,subclase de,guionista
historietista,subclase de,ilustrador
historietista,subclase de,dibujante
historietista,subclase de,historietista
Pedro Antonio Ramos,Ocupación,músico
Pedro Antonio Ramos,Ciudadanía,Venezuela
Pedro Antonio Ramos,Fecha de nacimiento,1905-10-19
Pedro Antonio Ramos,Fecha de defunción,1977-05-01
Pedro Augusto Beauperthuy,Lugar de nacimiento,Cumaná
Pedro Augusto Beauperthuy,Ocupación,político
Pedro Augusto Beauperthuy,Ciudadanía,Venezuela
Pedro Augusto Beauperthuy,Educado en,Universidad de Oriente
Pedro Augusto Beauperthuy,Cargo,senador de Venezuela
Pedro Augusto Beauperthuy,Fecha de nacimiento,1942-01-01
Pedro Barrientos,Lugar de nacimiento,San Cristóbal
Pedro Barrientos,Ocupación,pintor
Pedro Barrientos,Ciudadanía,Venezuela
Pedro Barrientos,Fecha de nacimiento,1945-12-15
Pedro Barrientos,Fecha de defunción,2022-12-26
Universidad de Oriente,país,Venezuela
Universidad de Oriente,instancia de,universidad pública
Universidad de Oriente,instancia de,editor de acceso abierto
Universidad de Oriente,nombrado en referencia a,este
Universidad de Oriente,ubicación de la sede,Cumaná
senador de Venezuela,país,Venezuela
senador de Venezuela,instancia de,cargo
senador de Venezuela,subclase de,senador
senador de Venezuela,forma parte de,Senado de Venezuela
senador de Venezuela,categoría principal del tema,Categoría:Senadores de Venezuela
Edgardo Alfonzo,Lugar de nacimiento,Santa Teresa del Tuy
Edgardo Alfonzo,Ocupación,beisbolista
Edgardo Alfonzo,Ciudadanía,Venezuela
Edgardo Alfonzo,Fecha de nacimiento,1973-11-08
Edmundo López,Ocupación,esgrimista
Edmundo López,Ciudadanía,Venezuela
Edmundo López,Fecha de nacimiento,1935-08-13
Eduardo Alemán,Ocupación,piloto de motociclismo
Eduardo Alemán,Ciudadanía,Venezuela
Eduardo Alemán,Fecha de nacimiento,1952-01-01
Santa Teresa del Tuy,país,Venezuela
Santa Teresa del Tuy,instancia de,ciudad
Santa Teresa del Tuy,instancia de,gran ciudad
Santa Teresa del Tuy,situado en la entidad territorial administrativa,Municipio Independencia
Santa Teresa del Tuy,capital de,Municipio Independencia
Eduardo Blanco,Lugar de nacimiento,Caracas
Eduardo Blanco,Ocupación,político
Eduardo Blanco,Ciudadanía,Venezuela
Eduardo Blanco,Fecha de nacimiento,1838-12-25
Eduardo Blanco,Fecha de defunción,1912-06-30
Eduardo Blanco,Ocupación,diplomático
Eduardo Blanco,Ocupación,historiador
Eduardo Blanco,Ocupación,novelista
Eduardo Blanco,Ocupación,escritor de cuentos
Eduardo Blanco,Ocupación,escritor político
Eduardo Caballero Calderón,Lugar de nacimiento,Bogotá
Eduardo Caballero Calderón,Ocupación,escritor
Eduardo Caballero Calderón,Ciudadanía,Venezuela
Eduardo Caballero Calderón,Educado en,Universidad Externado de Colombia
Eduardo Caballero Calderón,Premio recibido,Premio Nadal
Eduardo Caballero Calderón,Fecha de nacimiento,1910-03-06
Eduardo Caballero Calderón,Fecha de defunción,1993-04-03
Eduardo Caballero Calderón,Ocupación,diplomático
Eduardo Caballero Calderón,Ocupación,periodista
Eduardo Caballero Calderón,Ocupación,novelista
Eduardo Caballero Calderón,Ocupación,ensayista
Eduardo Fernández (abogado venezolano),Ocupación,abogado
Eduardo Fernández (abogado venezolano),Ciudadanía,Venezuela
Eduardo Fernández (abogado venezolano),Educado en,Universidad de Georgetown
Eduardo Fernández (abogado venezolano),Empleador,Universidad Católica Andrés Bello
Eduardo Fernández (abogado venezolano),Cargo,diputado de Venezuela
Eduardo Fernández (abogado venezolano),Fecha de nacimiento,1940-10-18
Eduardo Fernández (abogado venezolano),Ocupación,político
Eduardo Fernández (abogado venezolano),Educado en,Universidad Católica Andrés Bello
Bogotá,jefe de gobierno,Carlos Fernando Galán
Bogotá,país,Colombia
Bogotá,instancia de,distrito capital
Bogotá,instancia de,asentamiento
Bogotá,instancia de,municipio bajo jurisdicción central
Universidad Externado de Colombia,país,Colombia
Universidad Externado de Colombia,instancia de,universidad
Universidad Externado de Colombia,instancia de,editor de acceso abierto
Universidad Externado de Colombia,fundador,Nicolás Pinzón Warlosten
Universidad Externado de Colombia,situado en la entidad territorial administrativa,Bogotá
Premio Nadal,país,España
Premio Nadal,instancia de,premio literario
Premio Nadal,situado en la entidad territorial administrativa,Barcelona
Premio Nadal,nombrado en referencia a,Eugenio Nadal Gaya
Premio Nadal,categoría principal del tema,Categoría:Premio Nadal
Universidad de Georgetown,ubicación,Georgetown
Universidad de Georgetown,se encuentra en el huso horario,Horario del este de Norteamérica
Universidad de Georgetown,industria,educación superior
Universidad de Georgetown,color,azul
Jesús Márquez,Lugar de nacimiento,Cumaná
Jesús Márquez,Ocupación,futbolista
Jesús Márquez,Ciudadanía,Venezuela
Jesús Márquez,Fecha de nacimiento,1979-03-09
Jesús Paz Galarraga,Lugar de nacimiento,Los Puertos de Altagracia
Jesús Paz Galarraga,Ocupación,médico
Jesús Paz Galarraga,Ciudadanía,Venezuela
Jesús Paz Galarraga,Cargo,diputado de Venezuela
Jesús Paz Galarraga,Fecha de nacimiento,1919-01-01
Jesús Paz Galarraga,Fecha de defunción,2012-02-05
Jesús Paz Galarraga,Ocupación,político
Jesús Romero Anselmi,Ocupación,periodista
Jesús Romero Anselmi,Ciudadanía,Venezuela
Jesús Romero Anselmi,Fecha de nacimiento,1946-06-19
Jesús Romero Anselmi,Fecha de defunción,2011-01-26
Los Puertos de Altagracia,país,Venezuela
Los Puertos de Altagracia,instancia de,asentamiento
Los Puertos de Altagracia,situado en la entidad territorial administrativa,Municipio Miranda
Los Puertos de Altagracia,categoría principal del tema,Categoría:Los Puertos de Altagracia
Pompeyo Ramis,Lugar de nacimiento,Gerona
Pompeyo Ramis,Ocupación,filósofo
Pompeyo Ramis,Ciudadanía,Venezuela
Pompeyo Ramis,Fecha de nacimiento,1931-01-01
Pompeyo Ramis,Ocupación,latinista
Porfirio Oropeza,Lugar de nacimiento,Valle de La Pascua
Porfirio Oropeza,Ocupación,político
Porfirio Oropeza,Ciudadanía,Venezuela
Porfirio Oropeza,Fecha de nacimiento,1962-11-11
Ismael Ramírez,Lugar de nacimiento,Anzoátegui
Ismael Ramírez,Ocupación,beisbolista
Ismael Ramírez,Ciudadanía,Venezuela
Ismael Ramírez,Fecha de nacimiento,1981-03-03
Gerona,jefe de gobierno,Lluc Salellas i Vilar
Gerona,país,España
Gerona,instancia de,municipio de Cataluña
Gerona,capital,Ciudad de Gerona
Gerona,idioma oficial,catalán
filósofo,instancia de,ocupación
filósofo,subclase de,académico de humanidades
filósofo,santo patrón,Tomás de Aquino
filósofo,santo patrón,Alberto Magno
filósofo,santo patrón,Catalina de Alejandría
latinista,instancia de,profesión
latinista,subclase de,filólogo clásico
latinista,ámbito de la ocupación,filología latina
latinista,categoría principal del tema,Categoría:Latinistas
Carlos Maya,Lugar de nacimiento,Mérida
Carlos Maya,Ocupación,ciclista
Carlos Maya,Ciudadanía,Venezuela
Carlos Maya,Fecha de nacimiento,1972-03-16
Robert Pérez,Lugar de nacimiento,Ciudad Bolívar
Robert Pérez,Ocupación,beisbolista
Robert Pérez,Ciudadanía,Venezuela
Robert Pérez,Fecha de nacimiento,1969-06-04
Teófilo Tortolero,Lugar de nacimiento,Valencia
Teófilo Tortolero,Ocupación,poeta
Teófilo Tortolero,Ciudadanía,Venezuela
Teófilo Tortolero,Fecha de nacimiento,1936-01-01
Teófilo Tortolero,Fecha de defunción,1990-01-01
Thirza Ruiz,Lugar de nacimiento,San Sebastián de los Reyes
Thirza Ruiz,Ocupación,botánico
Thirza Ruiz,Ciudadanía,Venezuela
Thirza Ruiz,Fecha de nacimiento,1949-01-01
San Sebastián de los Reyes,país,Venezuela
San Sebastián de los Reyes,instancia de,ciudad
San Sebastián de los Reyes,situado en la entidad territorial administrativa,Aragua
San Sebastián de los Reyes,ciudad hermana,Sanlúcar de Barrameda
botánico,instancia de,profesión
botánico,subclase de,biólogo
botánico,ámbito de la ocupación,botánica
botánico,categoría principal del tema,Categoría:Botánicos
botánico,plantilla principal del tema,Plantilla:Botánico
Luis Benshimol,Lugar de nacimiento,Caracas
Luis Benshimol,Ocupación,empresario
Luis Benshimol,Ciudadanía,Venezuela
Luis Benshimol,Educado en,Universidad Católica Andrés Bello
Luis Benshimol,Fecha de nacimiento,1964-01-01
Yucef Merhi,Lugar de nacimiento,Caracas
Yucef Merhi,Ocupación,poeta
Yucef Merhi,Ciudadanía,Venezuela
Yucef Merhi,Educado en,Universidad de Nueva York
Yucef Merhi,Fecha de nacimiento,1977-02-08
Yucef Merhi,Ocupación,artista
Yucef Merhi,Ocupación,conservador de museo
Yucef Merhi,Ocupación,programador
Gaspar Marcano,Lugar de nacimiento,Nueva Esparta
Gaspar Marcano,Ocupación,abogado
Gaspar Marcano,Ciudadanía,Venezuela
Gaspar Marcano,Empleador,Fuerza Armada Nacional Bolivariana
Gaspar Marcano,Cargo,diputado de Venezuela
Gaspar Marcano,Fecha de nacimiento,1781-01-05
Gaspar Marcano,Fecha de defunción,1821-01-01
Gaspar Marcano,Ocupación,militar
Gaspar Marcano,Ocupación,poeta
Gaspar Marcano,Ocupación,político
El Moreno Michael,Lugar de nacimiento,Caracas
El Moreno Michael,Ocupación,cantante
El Moreno Michael,Ciudadanía,Venezuela
El Moreno Michael,Fecha de nacimiento,1967-09-30
El Prieto,Lugar de nacimiento,Valencia
El Prieto,Ocupación,cantante
El Prieto,Ciudadanía,Venezuela
El Prieto,Fecha de nacimiento,1982-04-13
Eladio Lárez,Lugar de nacimiento,Carúpano
Eladio Lárez,Ocupación,abogado
Eladio Lárez,Ciudadanía,Venezuela
Eladio Lárez,Educado en,Universidad Central de Venezuela
Eladio Lárez,Fecha de nacimiento,1941-06-08
Eladio Lárez,Ocupación,empresario
Eladio Lárez,Ocupación,periodista
Valencia,ciudad hermana,Maguncia
Valencia,ciudad hermana,Odesa
Valencia,ciudad hermana,Bolonia
Valencia,ciudad hermana,Xi'an
Carúpano,país,Venezuela
Carúpano,instancia de,ciudad
Carúpano,instancia de,gran ciudad
Carúpano,situado en la entidad territorial administrativa,Municipio Bermúdez
Carmelo Lauría,Lugar de nacimiento,Caracas
Carmelo Lauría,Ocupación,abogado
Carmelo Lauría,Ciudadanía,Argentina
Carmelo Lauría,Educado en,Universidad Católica Andrés Bello
Carmelo Lauría,Empleador,Universidad Central de Venezuela
Carmelo Lauría,Cargo,diputado de Venezuela
Carmelo Lauría,Fecha de nacimiento,1936-08-24
Carmelo Lauría,Fecha de defunción,2010-11-29
Carmelo Lauría,Ocupación,político
Carmelo Lauría,Ocupación,banquero
Carmelo Lauría,Ciudadanía,Venezuela
Carmen Busquets,Ocupación,emprendedor
Carmen Busquets,Ciudadanía,Venezuela
emprendedor,instancia de,profesión
emprendedor,instancia de,estatus legal
emprendedor,campo de trabajo,comercio
emprendedor,campo de trabajo,actividad económica
emprendedor,elemento operado,empresa
Lorenzo González,Lugar de nacimiento,Panaquire
Lorenzo González,Ocupación,cantante
Lorenzo González,Ciudadanía,Venezuela
Lorenzo González,Fecha de nacimiento,1923-01-05
Lorenzo Martínez de Madrid y González,Ciudadanía,Venezuela
Lorenzo Martínez de Madrid y González,Fecha de nacimiento,1534-01-01
Lorenzo Martínez de Madrid y González,Fecha de defunción,1597-01-01
Lotty Ipinza,Lugar de nacimiento,Valencia
Lotty Ipinza,Ocupación,escritor
Lotty Ipinza,Ciudadanía,Venezuela
Lotty Ipinza,Fecha de nacimiento,1953-04-09
Lotty Ipinza,Ocupación,poeta
Lotty Ipinza,Ocupación,cantante de ópera
Panaquire,país,Venezuela
Panaquire,instancia de,parroquia civil de Venezuela
Panaquire,situado en la entidad territorial administrativa,Municipio Acevedo
Panaquire,diferente de,Panaquire
Cecilia Todd,Lugar de nacimiento,Caracas
Cecilia Todd,Ocupación,cantante
Cecilia Todd,Ciudadanía,Venezuela
Cecilia Todd,Fecha de nacimiento,1951-03-04
Cesar Alberto Castro,Lugar de nacimiento,San Cristóbal
Cesar Alberto Castro,Ocupación,entrenador
Cesar Alberto Castro,Ciudadanía,Venezuela
Cesar Alberto Castro,Fecha de nacimiento,1983-04-10
Cesar Alberto Castro,Ocupación,futbolista
Charyl Chacón,Lugar de nacimiento,Lima
Charyl Chacón,Ocupación,actor
Charyl Chacón,Ciudadanía,Venezuela
Charyl Chacón,Fecha de nacimiento,1985-07-05
Charyl Chacón,Ocupación,modelo
Lima,jefe de gobierno,Rafael López Aliaga
Lima,país,Perú
Lima,continente,América del Sur
Lima,instancia de,ciudad
Lima,instancia de,megaciudad
Gastón Parra Luzardo,Lugar de nacimiento,Maracaibo
Gastón Parra Luzardo,Ocupación,empresario
Gastón Parra Luzardo,Ciudadanía,Venezuela
Gastón Parra Luzardo,Educado en,Universidad del Zulia
Gastón Parra Luzardo,Empleador,Universidad Central de Venezuela
Gastón Parra Luzardo,Cargo,diputado de Venezuela
Gastón Parra Luzardo,Fecha de nacimiento,1933-12-09
Gastón Parra Luzardo,Fecha de defunción,2008-12-14
Gastón Parra Luzardo,Ocupación,político
Gastón Parra Luzardo,Ocupación,economista
Gustavo Ávila,Lugar de nacimiento,Caracas
Gustavo Ávila,Ocupación,jockey
Gustavo Ávila,Ciudadanía,Venezuela
Gustavo Ávila,Fecha de nacimiento,1938-06-14
Gerardo Budowski,Lugar de nacimiento,Berlín
Gerardo Budowski,Ocupación,ajedrecista
Gerardo Budowski,Ciudadanía,Venezuela
Gerardo Budowski,Educado en,Universidad Yale
Gerardo Budowski,Fecha de nacimiento,1925-06-10
Gerardo Budowski,Fecha de defunción,2014-10-08
Gerardo Budowski,Educado en,Universidad Central de Venezuela
Universidad del Zulia,país,Venezuela
Universidad del Zulia,instancia de,universidad pública
Universidad del Zulia,instancia de,editor de acceso abierto
Universidad del Zulia,nombrado en referencia a,Zulia
Universidad del Zulia,ubicación de la sede,Maracaibo
jockey,instancia de,profesión
jockey,subclase de,Steeplechase (caballos)
jockey,subclase de,jinete hípico
jockey,ámbito de la ocupación,turf
Berlín,jefe de gobierno,Kai Peter Wegner
Berlín,país,Alemania
Berlín,continente,Europa
Berlín,instancia de,ciudad-Estado
Berlín,instancia de,metrópoli
ajedrecista,instancia de,profesión
ajedrecista,subclase de,deportista
ajedrecista,subclase de,jugador de juego de tablero
Universidad Yale,país,Estados Unidos
Universidad Yale,instancia de,universidad privada
Universidad Yale,instancia de,Colegios coloniales
Universidad Yale,instancia de,empresa productora
Universidad Yale,instancia de,universidad de investigación
Milena Gimón,Ocupación,futbolista
Milena Gimón,Ciudadanía,Venezuela
Milena Gimón,Fecha de nacimiento,1980-06-17
Milena Gimón,Ocupación,periodista
Mireya Kríspin,Lugar de nacimiento,Caracas
Mireya Kríspin,Ocupación,escritor
Mireya Kríspin,Ciudadanía,Venezuela
Mireya Kríspin,Fecha de nacimiento,1940-01-01
Mireya Kríspin,Ocupación,poeta
Mireya Tabuas,Lugar de nacimiento,Caracas
Mireya Tabuas,Ocupación,escritor
Mireya Tabuas,Ciudadanía,Venezuela
Mireya Tabuas,Fecha de nacimiento,1964-11-05
Mireya Tabuas,Ocupación,periodista
Carlos González (periodista deportivo),Ocupación,periodista
Carlos González (periodista deportivo),Ciudadanía,Venezuela
Carlos González (periodista deportivo),Fecha de nacimiento,1932-09-14
Carlos González (periodista deportivo),Fecha de defunción,2004-05-24
Carlos Guinand Sandoz,Lugar de nacimiento,Caracas
Carlos Guinand Sandoz,Ocupación,arquitecto
Carlos Guinand Sandoz,Ciudadanía,Venezuela
Carlos Guinand Sandoz,Fecha de nacimiento,1889-07-17
Carlos Guinand Sandoz,Fecha de defunción,1963-05-04
Carlos Irazábal,Lugar de nacimiento,Zaraza
Carlos Irazábal,Ocupación,escritor
Carlos Irazábal,Ciudadanía,Venezuela
Carlos Irazábal,Educado en,Universidad Central de Venezuela
Carlos Irazábal,Fecha de nacimiento,1907-08-14
Carlos Irazábal,Fecha de defunción,1991-10-31
Carlos Irazábal,Ocupación,político
Yadira Soturno,Lugar de nacimiento,Maracaibo
Yadira Soturno,Ocupación,atleta
Yadira Soturno,Ciudadanía,Venezuela
Yadira Soturno,Fecha de nacimiento,1970-06-18
Beycker Velásquez,Lugar de nacimiento,Caracas
Beycker Velásquez,Ocupación,futbolista
Beycker Velásquez,Ciudadanía,Venezuela
Beycker Velásquez,Fecha de nacimiento,1996-10-06
Barbara Sánchez,Lugar de nacimiento,El Tigre
Barbara Sánchez,Ocupación,modelo
Barbara Sánchez,Ciudadanía,Venezuela
Barbara Sánchez,Fecha de nacimiento,1985-12-04
El Tigre,jefe de gobierno,Lilys Osuna
El Tigre,país,Venezuela
El Tigre,instancia de,ciudad
El Tigre,instancia de,gran ciudad
El Tigre,situado en la entidad territorial administrativa,Municipio Simón Rodríguez
José Vielma Mora,Lugar de nacimiento,San Cristóbal
José Vielma Mora,Ocupación,abogado
José Vielma Mora,Ciudadanía,Venezuela
José Vielma Mora,Educado en,Academia Militar del Ejército Bolivariano
José Vielma Mora,Empleador,Fuerza Armada Nacional Bolivariana
José Vielma Mora,Cargo,diputado de Venezuela
José Vielma Mora,Fecha de nacimiento,1964-10-26
José Vielma Mora,Ocupación,militar
José Vielma Mora,Ocupación,político
José Vielma Mora,Educado en,Universidad Católica Andrés Bello
Giomar Guevara,Lugar de nacimiento,Guarenas
Giomar Guevara,Ocupación,beisbolista
Giomar Guevara,Ciudadanía,Venezuela
Giomar Guevara,Fecha de nacimiento,1972-10-23
Giovanni Bertorelli,Ocupación,esgrimista
Giovanni Bertorelli,Ciudadanía,Venezuela
Giovanni Bertorelli,Fecha de nacimiento,1928-12-07
Giovanni Bertorelli,Fecha de defunción,2006-04-25
Guarenas,país,Venezuela
Guarenas,instancia de,ciudad
Guarenas,instancia de,gran ciudad
Guarenas,situado en la entidad territorial administrativa,Municipio Plaza
Guarenas,categoría principal del tema,Categoría:Guarenas
Humberto Calderón Berti,Lugar de nacimiento,Boconó
Humberto Calderón Berti,Ocupación,ministro de Relaciones Exteriores
Humberto Calderón Berti,Ciudadanía,Venezuela
Humberto Calderón Berti,Educado en,Universidad Central de Venezuela
Humberto Calderón Berti,Cargo,diputado de Venezuela
Humberto Calderón Berti,Fecha de nacimiento,1941-10-21
Humberto Celli Gerbasi,Lugar de nacimiento,Valencia
Humberto Celli Gerbasi,Ocupación,político
Humberto Celli Gerbasi,Ciudadanía,Venezuela
Humberto Celli Gerbasi,Cargo,diputado de Venezuela
Humberto Celli Gerbasi,Fecha de nacimiento,1940-02-11
Héctor Vásquez,Ocupación,violonchelista
Héctor Vásquez,Ciudadanía,Venezuela
Héctor Vásquez,Fecha de nacimiento,1950-01-01
ministro de Relaciones Exteriores,instancia de,cargo público
ministro de Relaciones Exteriores,campo de trabajo,relaciones exteriores
ministro de Relaciones Exteriores,subclase de,ministro
ministro de Relaciones Exteriores,categoría principal del tema,Categoría:Ministros de Relaciones Exteriores
ministro de Relaciones Exteriores,organización dirigida desde este cargo,ministerio de relaciones exteriores
violonchelista,instancia de,profesión musical
violonchelista,subclase de,instrumentalista
violonchelista,categoría principal del tema,Categoría:Violonchelistas
Danilo León,Ocupación,beisbolista
Danilo León,Ciudadanía,Venezuela
Danilo León,Fecha de nacimiento,1967-04-03
Santos Dominici,Lugar de nacimiento,Carúpano
Santos Dominici,Ocupación,médico
Santos Dominici,Ciudadanía,Venezuela
Santos Dominici,Educado en,Sorbonne Universidad de París
Santos Dominici,Empleador,Universidad Central de Venezuela
Santos Dominici,Miembro de,Academia Venezolana de la Lengua
Santos Dominici,Fecha de nacimiento,1869-06-19
Santos Dominici,Fecha de defunción,1954-09-29
Santos Dominici,Ocupación,diplomático
Saúl Marin,Lugar de nacimiento,Caracas
Saúl Marin,Ocupación,actor
Saúl Marin,Ciudadanía,Venezuela
Saúl Marin,Fecha de nacimiento,1968-10-28
Luis Maza,Lugar de nacimiento,Cumaná
Luis Maza,Ocupación,beisbolista
Luis Maza,Ciudadanía,Venezuela
Luis Maza,Fecha de nacimiento,1980-06-22
Sorbonne Universidad de París,país,Francia
Sorbonne Universidad de París,instancia de,universidad en Francia
Sorbonne Universidad de París,instancia de,entidad desaparecida
Sorbonne Universidad de París,nombrado en referencia a,París
Sorbonne Universidad de París,nombrado en referencia a,Roberto de Sorbón
Pedro Boada,Lugar de nacimiento,Cumaná
Pedro Boada,Ocupación,futbolista
Pedro Boada,Ciudadanía,Venezuela
Pedro Boada,Fecha de nacimiento,1977-05-26
Pedro Cassiram,Ocupación,columnista
Pedro Cassiram,Ciudadanía,Venezuela
Pedro Cassiram,Fecha de nacimiento,1934-05-13
Pedro Cassiram,Fecha de defunción,2015-01-02
Pedro Cassiram,Ocupación,periodista
Pedro Emilio Coll,Lugar de nacimiento,Caracas
Pedro Emilio Coll,Ocupación,escritor
Pedro Emilio Coll,Ciudadanía,Venezuela
Pedro Emilio Coll,Miembro de,Academia Venezolana de la Lengua
Pedro Emilio Coll,Fecha de nacimiento,1872-07-12
Pedro Emilio Coll,Fecha de defunción,1947-03-30
Pedro Emilio Coll,Ocupación,político
Pedro Emilio Coll,Ocupación,diplomático
Pedro Emilio Coll,Ocupación,periodista
columnista,instancia de,profesión
columnista,instancia de,cargo
columnista,subclase de,escritor
columnista,subclase de,periodista
columnista,subclase de,periodista de opinión
Gonzalo Parra-Aranguren,Lugar de nacimiento,Caracas
Gonzalo Parra-Aranguren,Ocupación,juez
Gonzalo Parra-Aranguren,Ciudadanía,Venezuela
Gonzalo Parra-Aranguren,Empleador,Universidad Central de Venezuela
Gonzalo Parra-Aranguren,Miembro de,Instituto de Derecho Internacional
Gonzalo Parra-Aranguren,Cargo,Juez de la Corte Internacional de Justicia
Gonzalo Parra-Aranguren,Fecha de nacimiento,1928-12-05
Gonzalo Parra-Aranguren,Fecha de defunción,2016-12-03
Gonzalo Parra-Aranguren,Ocupación,abogado
Gonzalo Parra-Aranguren,Ocupación,profesor universitario
Gonzalo Parra-Aranguren,Empleador,Universidad Católica Andrés Bello
Lorenzo Mendoza Giménez,Lugar de nacimiento,Caracas
Lorenzo Mendoza Giménez,Ocupación,empresario
Lorenzo Mendoza Giménez,Ciudadanía,Venezuela
Lorenzo Mendoza Giménez,Educado en,Instituto Tecnológico de Massachusetts
Lorenzo Mendoza Giménez,Fecha de nacimiento,1965-10-05
Lorenzo Mendoza Giménez,Ocupación,ingeniero industrial
Lorenzo Mendoza Giménez,Educado en,Universidad de Fordham
Lorenzo Mendoza Giménez,Educado en,Escuela de Administración y Dirección de Empresas Sloan
Lorenzo Mendoza Giménez,Educado en,Gabelli School of Business
Guiomar Narváez,Lugar de nacimiento,Caracas
Guiomar Narváez,Ocupación,pianista
Guiomar Narváez,Ciudadanía,Venezuela
Guiomar Narváez,Fecha de nacimiento,2000-01-01
pianista,instancia de,cargo
pianista,instancia de,ocupación
pianista,instancia de,profesión musical
pianista,subclase de,tecladista
pianista,ámbito de la ocupación,interpretación de piano
Carlos González,Lugar de nacimiento,Maturín
Carlos González,Ocupación,director de fotografía
Carlos González,Ciudadanía,Estados Unidos
Carlos González,Educado en,Universidad de Miami
Carlos González,Fecha de nacimiento,1901-01-01
Carlos González,Ocupación,director de cine
Carlos González,Ocupación,productor de cine
Carlos González,Ciudadanía,Venezuela
Carlos Hernández,Lugar de nacimiento,Caracas
Carlos Hernández,Ocupación,beisbolista
Carlos Hernández,Ciudadanía,Venezuela
Carlos Hernández,Fecha de nacimiento,1975-12-12
Carlos Alberto Hernández,Lugar de nacimiento,Puerto Ordaz
Carlos Alberto Hernández,Ocupación,beisbolista
Carlos Alberto Hernández,Ciudadanía,Venezuela
Carlos Alberto Hernández,Fecha de nacimiento,1967-05-24
director de fotografía,instancia de,título de autoridad
director de fotografía,instancia de,profesión del cine
director de fotografía,instancia de,ocupación
director de fotografía,subclase de,artista
director de fotografía,subclase de,camarógrafo
Universidad de Miami,financiador,Open Society Foundations
Universidad de Miami,calendario académico,semestre
Universidad de Miami,país,Estados Unidos
Universidad de Miami,instancia de,universidad
Universidad de Miami,instancia de,institución educativa privada sin fines de lucro
Pilar Socorro,Lugar de nacimiento,Valencia
Pilar Socorro,Ocupación,actor
Pilar Socorro,Ciudadanía,España
Pilar Socorro,Fecha de nacimiento,1961-05-14
Pilar Socorro,Ocupación,presentador de televisión
Pilar Socorro,Ocupación,periodista
Pilar Socorro,Ciudadanía,Venezuela
Isaac J. Pardo,Lugar de nacimiento,Caracas
Isaac J. Pardo,Ocupación,médico
Isaac J. Pardo,Ciudadanía,Venezuela
Isaac J. Pardo,Educado en,Universidad Central de Venezuela
Isaac J. Pardo,Premio recibido,Premio Nacional de Humanidades de Venezuela
Isaac J. Pardo,Fecha de nacimiento,1905-10-14
Isaac J. Pardo,Fecha de defunción,2000-03-03
Isaac J. Pardo,Ocupación,historiador
Isaac J. Pardo,Premio recibido,Premio Nacional de Literatura
Premio Nacional de Humanidades de Venezuela,país,Venezuela
Premio Nacional de Humanidades de Venezuela,instancia de,distinción
Carlos Luis Campos,Ocupación,boxeador
Carlos Luis Campos,Ciudadanía,Venezuela
Carlos Luis Campos,Fecha de nacimiento,1980-09-27
Honorio Machado,Lugar de nacimiento,Quíbor
Honorio Machado,Ocupación,ciclista
Honorio Machado,Ciudadanía,Venezuela
Honorio Machado,Fecha de nacimiento,1982-07-26
Hortensio Fucil,Ocupación,atleta
Hortensio Fucil,Ciudadanía,Venezuela
Hortensio Fucil,Fecha de nacimiento,1939-02-08
Hortensio Fucil,Fecha de defunción,2018-01-01
Alfonso Montes,Lugar de nacimiento,Ciudad Bolívar
Alfonso Montes,Ocupación,compositor
Alfonso Montes,Ciudadanía,Venezuela
Alfonso Montes,Educado en,Royal College of Music
Alfonso Montes,Fecha de nacimiento,1955-09-02
Alfonso Montes,Ocupación,guitarrista clásico
Jeannette Rodríguez,Lugar de nacimiento,Caracas
Jeannette Rodríguez,Ocupación,actor
Jeannette Rodríguez,Ciudadanía,Venezuela
Jeannette Rodríguez,Obra notable,Cristal
Jeannette Rodríguez,Fecha de nacimiento,1961-05-16
Jeannette Rodríguez,Ocupación,modelo
Johana Fuenmayor,Lugar de nacimiento,Maracaibo
Johana Fuenmayor,Ocupación,esgrimista
Johana Fuenmayor,Ciudadanía,Venezuela
Johana Fuenmayor,Fecha de nacimiento,1979-07-17
Alejandra Benítez,Lugar de nacimiento,Caracas
Alejandra Benítez,Ocupación,dentista
Alejandra Benítez,Ciudadanía,Venezuela
Alejandra Benítez,Educado en,Universidad Central de Venezuela
Alejandra Benítez,Fecha de nacimiento,1980-07-07
Alejandra Benítez,Ocupación,político
Alejandra Benítez,Ocupación,esgrimista
Cristal,instancia de,serie de televisión
Cristal,género,telenovela
Cristal,precedido por,Topacio
Cristal,sucedido por,La intrusa
Cristal,miembro del reparto,Lupita Ferrer
dentista,instancia de,profesión sanitaria
dentista,instancia de,ocupación
dentista,instancia de,grupo de ocupaciones de la CIUO
dentista,subclase de,médico
dentista,subclase de,médico especialista
Igor Hernández,Lugar de nacimiento,San Carlos
Igor Hernández,Ocupación,jugador de voleibol de playa
Igor Hernández,Ciudadanía,Venezuela
Igor Hernández,Fecha de nacimiento,1977-01-22
Alfredo del Mónaco,Lugar de nacimiento,Caracas
Alfredo del Mónaco,Ocupación,compositor
Alfredo del Mónaco,Ciudadanía,Venezuela
Alfredo del Mónaco,Premio recibido,Premio Tomás Luis de Victoria
Alfredo del Mónaco,Fecha de nacimiento,1938-04-29
Alfredo del Mónaco,Fecha de defunción,2015-06-27
María Luisa Escobar,Lugar de nacimiento,Valencia
María Luisa Escobar,Ocupación,compositor
María Luisa Escobar,Ciudadanía,Venezuela
María Luisa Escobar,Fecha de nacimiento,1903-12-05
María Luisa Escobar,Fecha de defunción,1985-05-14
María Luisa Escobar,Ocupación,pianista
María Luisa Escobar,Ocupación,compositor de canciones
María Luisa Escobar,Ocupación,cantante de ópera
María Luisa Escobar,Ocupación,caricaturista
María Luisa Escobar,Ocupación,musicólogo
jugador de voleibol de playa,instancia de,profesión
jugador de voleibol de playa,instancia de,ocupación
jugador de voleibol de playa,subclase de,voleibolista
jugador de voleibol de playa,ámbito de la ocupación,voleibol de playa
jugador de voleibol de playa,deporte,voleibol de playa
Premio Tomás Luis de Victoria,país,España
Premio Tomás Luis de Victoria,instancia de,premio de música
Premio Tomás Luis de Victoria,nombrado en referencia a,Tomás Luis de Victoria
Daniel Arzola,Lugar de nacimiento,Maracay
Daniel Arzola,Ocupación,escritor
Daniel Arzola,Ciudadanía,Venezuela
Daniel Arzola,Obra notable,No Soy Tu Chiste
Daniel Arzola,Fecha de nacimiento,1989-05-06
Daniel Arzola,Ocupación,activista por los derechos humanos
Daniel Arzola,Ocupación,artista visual
Daniel Arzola,Ocupación,activista LGBTI
David Smolansky,Lugar de nacimiento,Caracas
David Smolansky,Ocupación,político
David Smolansky,Ciudadanía,Venezuela
David Smolansky,Educado en,Universidad de Georgetown
David Smolansky,Fecha de nacimiento,1985-05-27
David Smolansky,Educado en,Universidad Simón Bolívar
David Smolansky,Educado en,Universidad Católica Andrés Bello
David Smolansky,Educado en,Institutos Educacionales Asociados
Marlon Fernández Jímenez,Lugar de nacimiento,San Cristóbal
Marlon Fernández Jímenez,Ocupación,futbolista
Marlon Fernández Jímenez,Ciudadanía,Venezuela
Marlon Fernández Jímenez,Fecha de nacimiento,1986-01-16
No Soy Tu Chiste,instancia de,serie de obras de arte
No Soy Tu Chiste,creador,Daniel Arzola
No Soy Tu Chiste,tema principal de la obra,derechos LGBT
José Aguilar,Ocupación,ciclista
José Aguilar,Ciudadanía,Venezuela
José Aguilar,Fecha de nacimiento,1980-12-24
José Antonio Calcaño,Lugar de nacimiento,Caracas
José Antonio Calcaño,Ocupación,compositor
José Antonio Calcaño,Ciudadanía,Venezuela
José Antonio Calcaño,Fecha de nacimiento,1900-03-23
José Antonio Calcaño,Fecha de defunción,1978-09-11
José Antonio Calcaño,Ocupación,diplomático
Caro de Boesi,Lugar de nacimiento,Canal de Chacao
Caro de Boesi,Ocupación,compositor
Caro de Boesi,Ciudadanía,Venezuela
Caro de Boesi,Fecha de nacimiento,1740-01-01
Caro de Boesi,Fecha de defunción,1814-10-16
Caro de Boesi,Fecha de nacimiento,1750-01-01
Venezuela,se encuentra en el huso horario,UTC−4
Venezuela,miembro de,Organización de las Naciones Unidas
Venezuela,miembro de,Unión de Naciones Suramericanas
Venezuela,miembro de,Mercosur
Canal de Chacao,país,Chile
Canal de Chacao,instancia de,estrecho
Canal de Chacao,afluente,Río Pudeto
Virgilio Galindo,Lugar de nacimiento,Caracas
Virgilio Galindo,Ocupación,actor
Virgilio Galindo,Ciudadanía,Venezuela
Virgilio Galindo,Fecha de nacimiento,1934-12-05
Virgilio Galindo,Fecha de defunción,2004-11-14
Virgilio Trómpiz,Lugar de nacimiento,Coro
Virgilio Trómpiz,Ocupación,pintor
Virgilio Trómpiz,Ciudadanía,Venezuela
Virgilio Trómpiz,Fecha de nacimiento,1927-01-05
Virgilio Trómpiz,Fecha de defunción,2012-09-03
Virginia Gil de Hermoso,Lugar de nacimiento,Coro
Virginia Gil de Hermoso,Ocupación,escritor
Virginia Gil de Hermoso,Ciudadanía,Venezuela
Virginia Gil de Hermoso,Fecha de nacimiento,1856-01-01
Virginia Gil de Hermoso,Fecha de defunción,1912-01-01
Coro,situado en la entidad territorial administrativa,Municipio Miranda
Vladimir Gessen,Ocupación,médico
Vladimir Gessen,Ciudadanía,Venezuela
Vladimir Gessen,Educado en,Universidad Central de Venezuela
Vladimir Gessen,Cargo,diputado de Venezuela
Vladimir Gessen,Fecha de nacimiento,1901-01-01
Vladimir Gessen,Fecha de defunción,1982-01-01
Vladimir Gessen,Ocupación,político
Vladimir Gessen,Ocupación,psicólogo
Vladimir Gessen,Ocupación,periodista
Vladimir Vera,Lugar de nacimiento,Caracas
Vladimir Vera,Ocupación,director de cine
Vladimir Vera,Ciudadanía,Venezuela
Vladimir Vera,Fecha de nacimiento,1978-01-01
Vladimir Vera,Ocupación,director de teatro
Víctor Drija,Lugar de nacimiento,Caracas
Víctor Drija,Ocupación,actor
Víctor Drija,Ciudadanía,Venezuela
Víctor Drija,Empleador,Venevisión
Víctor Drija,Fecha de nacimiento,1985-01-16
Víctor Drija,Ocupación,compositor
Víctor Drija,Ocupación,cantante
Víctor Drija,Ocupación,coreógrafo
Víctor Drija,Ocupación,bailarín
Víctor Drija,Ocupación,actor de televisión
Víctor Drija,Ocupación,presentador
director de teatro,lista de interés para el proyecto Wikimedia,Wikipedia:Lista de artículos que toda Wikipedia debería tener/Expandida
director de teatro,instancia de,profesión
director de teatro,instancia de,cargo
director de teatro,instancia de,oficio del teatro
Venevisión,país,Venezuela
Venevisión,instancia de,emisora de televisión
Venevisión,fundador,Diego Cisneros
Venevisión,propiedad de,Organización Cisneros
Venevisión,ubicación de la sede,Caracas
Luis Roche,Ocupación,empresario
Luis Roche,Ciudadanía,Venezuela
Luis Roche,Ocupación,diplomático
Luis Rojas,Lugar de nacimiento,Guanare
Luis Rojas,Ocupación,nadador
Luis Rojas,Ciudadanía,Venezuela
Luis Rojas,Educado en,Universidad de Hawái
Luis Rojas,Fecha de nacimiento,1979-07-05
Luis Salazar,Lugar de nacimiento,Anzoátegui
Luis Salazar,Ocupación,beisbolista
Luis Salazar,Ciudadanía,Venezuela
Luis Salazar,Fecha de nacimiento,1956-05-19
Universidad de Hawái,categoría para las personas que estudiaron en esta institución,Categoría:Alumnado de la Universidad de Hawái
Universidad de Hawái,categoría para empleados de la organización,Categoría:Profesores de la Universidad de Hawái
Universidad de Hawái,país,Estados Unidos
Universidad de Hawái,instancia de,universidad
Juan José Landaeta,Lugar de nacimiento,Caracas
Juan José Landaeta,Ocupación,compositor
Juan José Landaeta,Ciudadanía,Venezuela
Juan José Landaeta,Fecha de nacimiento,1780-03-10
Juan José Landaeta,Fecha de defunción,1814-10-16
Juan Röhl,Lugar de nacimiento,Caracas
Juan Röhl,Ocupación,ajedrecista
Juan Röhl,Ciudadanía,Venezuela
Juan Röhl,Fecha de nacimiento,1973-09-28
Yessica Maria Paz Hidalgo,Lugar de nacimiento,Maracay
Yessica Maria Paz Hidalgo,Ocupación,voleibolista
Yessica Maria Paz Hidalgo,Ciudadanía,Venezuela
Yessica Maria Paz Hidalgo,Fecha de nacimiento,1989-10-07
Giovanni Carrara,Lugar de nacimiento,El Tigre
Giovanni Carrara,Ocupación,beisbolista
Giovanni Carrara,Ciudadanía,Venezuela
Giovanni Carrara,Fecha de nacimiento,1968-03-04
Giovanni Frigo,Lugar de nacimiento,Venezuela
Giovanni Frigo,Ocupación,nadador
Giovanni Frigo,Ciudadanía,Venezuela
Giovanni Frigo,Fecha de nacimiento,1963-09-21
Giovanni Romero,Lugar de nacimiento,Caracas
Giovanni Romero,Ocupación,entrenador
Giovanni Romero,Ciudadanía,Venezuela
